learning_material_id,source_title,grade,source_url,source_key,image_page,image_url,local_path,file_size_bytes,status,notes
LM-SGK-TIN6-4699918592,SGK Tin học 6,6,https://taphuan.nxbgd.vn/tap-huan/doc-sach/sgk-tin-hoc-6.4699918592,4699918592,0001,https://cdn3.olm.vn/upload/taphuan/4699918592-page-1-1775787596279.png,experiments/20260705_215045/source_scope/raw_page_images/SGK_TIN6/page_0001.png,2018257,downloaded,Ảnh raw đã lưu để bảo toàn nguồn SGK Tin học THCS; chưa xử lý trong P02 bản thu gọn. Trang này được tải lại sau lỗi DNS tạm thời.
LM-SGK-TIN6-4699918592,SGK Tin học 6,6,https://taphuan.nxbgd.vn/tap-huan/doc-sach/sgk-tin-hoc-6.4699918592,4699918592,0002,https://cdn3.olm.vn/upload/taphuan/4699918592-page-2-1775787596593.png,experiments/20260705_215045/source_scope/raw_page_images/SGK_TIN6/page_0002.png,181953,downloaded,Ảnh raw đã lưu để bảo toàn nguồn SGK Tin học THCS; chưa xử lý trong P02 bản thu gọn.
LM-SGK-TIN6-4699918592,SGK Tin học 6,6,https://taphuan.nxbgd.vn/tap-huan/doc-sach/sgk-tin-hoc-6.4699918592,4699918592,0003,https://cdn3.olm.vn/upload/taphuan/4699918592-page-3-1775787596966.png,experiments/20260705_215045/source_scope/raw_page_images/SGK_TIN6/page_0003.png,618869,downloaded,Ảnh raw đã lưu để bảo toàn nguồn SGK Tin học THCS; chưa xử lý trong P02 bản thu gọn.
LM-SGK-TIN6-4699918592,SGK Tin học 6,6,https://taphuan.nxbgd.vn/tap-huan/doc-sach/sgk-tin-hoc-6.4699918592,4699918592,0004,https://cdn3.olm.vn/upload/taphuan/4699918592-page-4-1775787597334.png,experiments/20260705_215045/source_scope/raw_page_images/SGK_TIN6/page_0004.png,588713,downloaded,Ảnh raw đã lưu để bảo toàn nguồn SGK Tin học THCS; chưa xử lý trong P02 bản thu gọn.
LM-SGK-TIN6-4699918592,SGK Tin học 6,6,https://taphuan.nxbgd.vn/tap-huan/doc-sach/sgk-tin-hoc-6.4699918592,4699918592,0005,https://cdn3.olm.vn/upload/taphuan/4699918592-page-5-1775787597701.png,experiments/20260705_215045/source_scope/raw_page_images/SGK_TIN6/page_0005.png,489581,downloaded,Ảnh raw đã lưu để bảo toàn nguồn SGK Tin học THCS; chưa xử lý trong P02 bản thu gọn.
LM-SGK-TIN6-4699918592,SGK Tin học 6,6,https://taphuan.nxbgd.vn/tap-huan/doc-sach/sgk-tin-hoc-6.4699918592,4699918592,0006,https://cdn3.olm.vn/upload/taphuan/4699918592-page-6-1775787598092.png,experiments/20260705_215045/source_scope/raw_page_images/SGK_TIN6/page_0006.png,726805,downloaded,Ảnh raw đã lưu để bảo toàn nguồn SGK Tin học THCS; chưa xử lý trong P02 bản thu gọn.
LM-SGK-TIN6-4699918592,SGK Tin học 6,6,https://taphuan.nxbgd.vn/tap-huan/doc-sach/sgk-tin-hoc-6.4699918592,4699918592,0007,https://cdn3.olm.vn/upload/taphuan/4699918592-page-7-1775787598497.png,experiments/20260705_215045/source_scope/raw_page_images/SGK_TIN6/page_0007.png,1124621,downloaded,Ảnh raw đã lưu để bảo toàn nguồn SGK Tin học THCS; chưa xử lý trong P02 bản thu gọn.
LM-SGK-TIN6-4699918592,SGK Tin học 6,6,https://taphuan.nxbgd.vn/tap-huan/doc-sach/sgk-tin-hoc-6.4699918592,4699918592,0008,https://cdn3.olm.vn/upload/taphuan/4699918592-page-8-1775787598905.png,experiments/20260705_215045/source_scope/raw_page_images/SGK_TIN6/page_0008.png,608763,downloaded,Ảnh raw đã lưu để bảo toàn nguồn SGK Tin học THCS; chưa xử lý trong P02 bản thu gọn.
LM-SGK-TIN6-4699918592,SGK Tin học 6,6,https://taphuan.nxbgd.vn/tap-huan/doc-sach/sgk-tin-hoc-6.4699918592,4699918592,0009,https://cdn3.olm.vn/upload/taphuan/4699918592-page-9-1775787599279.png,experiments/20260705_215045/source_scope/raw_page_images/SGK_TIN6/page_0009.png,634184,downloaded,Ảnh raw đã lưu để bảo toàn nguồn SGK Tin học THCS; chưa xử lý trong P02 bản thu gọn.
LM-SGK-TIN6-4699918592,SGK Tin học 6,6,https://taphuan.nxbgd.vn/tap-huan/doc-sach/sgk-tin-hoc-6.4699918592,4699918592,0010,https://cdn3.olm.vn/upload/taphuan/4699918592-page-10-1775787599644.png,experiments/20260705_215045/source_scope/raw_page_images/SGK_TIN6/page_0010.png,605193,downloaded,Ảnh raw đã lưu để bảo toàn nguồn SGK Tin học THCS; chưa xử lý trong P02 bản thu gọn.
LM-SGK-TIN6-4699918592,SGK Tin học 6,6,https://taphuan.nxbgd.vn/tap-huan/doc-sach/sgk-tin-hoc-6.4699918592,4699918592,0011,https://cdn3.olm.vn/upload/taphuan/4699918592-page-11-1775787600054.png,experiments/20260705_215045/source_scope/raw_page_images/SGK_TIN6/page_0011.png,525140,downloaded,Ảnh raw đã lưu để bảo toàn nguồn SGK Tin học THCS; chưa xử lý trong P02 bản thu gọn.
LM-SGK-TIN6-4699918592,SGK Tin học 6,6,https://taphuan.nxbgd.vn/tap-huan/doc-sach/sgk-tin-hoc-6.4699918592,4699918592,0012,https://cdn3.olm.vn/upload/taphuan/4699918592-page-12-1775787600430.png,experiments/20260705_215045/source_scope/raw_page_images/SGK_TIN6/page_0012.png,747156,downloaded,Ảnh raw đã lưu để bảo toàn nguồn SGK Tin học THCS; chưa xử lý trong P02 bản thu gọn.
LM-SGK-TIN6-4699918592,SGK Tin học 6,6,https://taphuan.nxbgd.vn/tap-huan/doc-sach/sgk-tin-hoc-6.4699918592,4699918592,0013,https://cdn3.olm.vn/upload/taphuan/4699918592-page-13-1775787601075.png,experiments/20260705_215045/source_scope/raw_page_images/SGK_TIN6/page_0013.png,679335,downloaded,Ảnh raw đã lưu để bảo toàn nguồn SGK Tin học THCS; chưa xử lý trong P02 bản thu gọn.
LM-SGK-TIN6-4699918592,SGK Tin học 6,6,https://taphuan.nxbgd.vn/tap-huan/doc-sach/sgk-tin-hoc-6.4699918592,4699918592,0014,https://cdn3.olm.vn/upload/taphuan/4699918592-page-14-1775787601388.png,experiments/20260705_215045/source_scope/raw_page_images/SGK_TIN6/page_0014.png,890093,downloaded,Ảnh raw đã lưu để bảo toàn nguồn SGK Tin học THCS; chưa xử lý trong P02 bản thu gọn.
LM-SGK-TIN6-4699918592,SGK Tin học 6,6,https://taphuan.nxbgd.vn/tap-huan/doc-sach/sgk-tin-hoc-6.4699918592,4699918592,0015,https://cdn3.olm.vn/upload/taphuan/4699918592-page-15-1775787601699.png,experiments/20260705_215045/source_scope/raw_page_images/SGK_TIN6/page_0015.png,647402,downloaded,Ảnh raw đã lưu để bảo toàn nguồn SGK Tin học THCS; chưa xử lý trong P02 bản thu gọn.
LM-SGK-TIN6-4699918592,SGK Tin học 6,6,https://taphuan.nxbgd.vn/tap-huan/doc-sach/sgk-tin-hoc-6.4699918592,4699918592,0016,https://cdn3.olm.vn/upload/taphuan/4699918592-page-16-1775787601984.png,experiments/20260705_215045/source_scope/raw_page_images/SGK_TIN6/page_0016.png,559861,downloaded,Ảnh raw đã lưu để bảo toàn nguồn SGK Tin học THCS; chưa xử lý trong P02 bản thu gọn.
LM-SGK-TIN6-4699918592,SGK Tin học 6,6,https://taphuan.nxbgd.vn/tap-huan/doc-sach/sgk-tin-hoc-6.4699918592,4699918592,0017,https://cdn3.olm.vn/upload/taphuan/4699918592-page-17-1775787602297.png,experiments/20260705_215045/source_scope/raw_page_images/SGK_TIN6/page_0017.png,525861,downloaded,Ảnh raw đã lưu để bảo toàn nguồn SGK Tin học THCS; chưa xử lý trong P02 bản thu gọn.
LM-SGK-TIN6-4699918592,SGK Tin học 6,6,https://taphuan.nxbgd.vn/tap-huan/doc-sach/sgk-tin-hoc-6.4699918592,4699918592,0018,https://cdn3.olm.vn/upload/taphuan/4699918592-page-18-1775787602604.png,experiments/20260705_215045/source_scope/raw_page_images/SGK_TIN6/page_0018.png,707090,downloaded,Ảnh raw đã lưu để bảo toàn nguồn SGK Tin học THCS; chưa xử lý trong P02 bản thu gọn.
LM-SGK-TIN6-4699918592,SGK Tin học 6,6,https://taphuan.nxbgd.vn/tap-huan/doc-sach/sgk-tin-hoc-6.4699918592,4699918592,0019,https://cdn3.olm.vn/upload/taphuan/4699918592-page-19-1775787602923.png,experiments/20260705_215045/source_scope/raw_page_images/SGK_TIN6/page_0019.png,713043,downloaded,Ảnh raw đã lưu để bảo toàn nguồn SGK Tin học THCS; chưa xử lý trong P02 bản thu gọn.
LM-SGK-TIN6-4699918592,SGK Tin học 6,6,https://taphuan.nxbgd.vn/tap-huan/doc-sach/sgk-tin-hoc-6.4699918592,4699918592,0020,https://cdn3.olm.vn/upload/taphuan/4699918592-page-20-1775787603252.png,experiments/20260705_215045/source_scope/raw_page_images/SGK_TIN6/page_0020.png,726704,downloaded,Ảnh raw đã lưu để bảo toàn nguồn SGK Tin học THCS; chưa xử lý trong P02 bản thu gọn.
LM-SGK-TIN6-4699918592,SGK Tin học 6,6,https://taphuan.nxbgd.vn/tap-huan/doc-sach/sgk-tin-hoc-6.4699918592,4699918592,0021,https://cdn3.olm.vn/upload/taphuan/4699918592-page-21-1775787603540.png,experiments/20260705_215045/source_scope/raw_page_images/SGK_TIN6/page_0021.png,626143,downloaded,Ảnh raw đã lưu để bảo toàn nguồn SGK Tin học THCS; chưa xử lý trong P02 bản thu gọn.
LM-SGK-TIN6-4699918592,SGK Tin học 6,6,https://taphuan.nxbgd.vn/tap-huan/doc-sach/sgk-tin-hoc-6.4699918592,4699918592,0022,https://cdn3.olm.vn/upload/taphuan/4699918592-page-22-1775787603834.png,experiments/20260705_215045/source_scope/raw_page_images/SGK_TIN6/page_0022.png,994056,downloaded,Ảnh raw đã lưu để bảo toàn nguồn SGK Tin học THCS; chưa xử lý trong P02 bản thu gọn.
LM-SGK-TIN6-4699918592,SGK Tin học 6,6,https://taphuan.nxbgd.vn/tap-huan/doc-sach/sgk-tin-hoc-6.4699918592,4699918592,0023,https://cdn3.olm.vn/upload/taphuan/4699918592-page-23-1775787604107.png,experiments/20260705_215045/source_scope/raw_page_images/SGK_TIN6/page_0023.png,720703,downloaded,Ảnh raw đã lưu để bảo toàn nguồn SGK Tin học THCS; chưa xử lý trong P02 bản thu gọn.
LM-SGK-TIN6-4699918592,SGK Tin học 6,6,https://taphuan.nxbgd.vn/tap-huan/doc-sach/sgk-tin-hoc-6.4699918592,4699918592,0024,https://cdn3.olm.vn/upload/taphuan/4699918592-page-24-1775787604421.png,experiments/20260705_215045/source_scope/raw_page_images/SGK_TIN6/page_0024.png,739316,downloaded,Ảnh raw đã lưu để bảo toàn nguồn SGK Tin học THCS; chưa xử lý trong P02 bản thu gọn.
LM-SGK-TIN6-4699918592,SGK Tin học 6,6,https://taphuan.nxbgd.vn/tap-huan/doc-sach/sgk-tin-hoc-6.4699918592,4699918592,0025,https://cdn3.olm.vn/upload/taphuan/4699918592-page-25-1775787604774.png,experiments/20260705_215045/source_scope/raw_page_images/SGK_TIN6/page_0025.png,766908,downloaded,Ảnh raw đã lưu để bảo toàn nguồn SGK Tin học THCS; chưa xử lý trong P02 bản thu gọn.
LM-SGK-TIN6-4699918592,SGK Tin học 6,6,https://taphuan.nxbgd.vn/tap-huan/doc-sach/sgk-tin-hoc-6.4699918592,4699918592,0026,https://cdn3.olm.vn/upload/taphuan/4699918592-page-26-1775787605083.png,experiments/20260705_215045/source_scope/raw_page_images/SGK_TIN6/page_0026.png,672083,downloaded,Ảnh raw đã lưu để bảo toàn nguồn SGK Tin học THCS; chưa xử lý trong P02 bản thu gọn.
LM-SGK-TIN6-4699918592,SGK Tin học 6,6,https://taphuan.nxbgd.vn/tap-huan/doc-sach/sgk-tin-hoc-6.4699918592,4699918592,0027,https://cdn3.olm.vn/upload/taphuan/4699918592-page-27-1775787605414.png,experiments/20260705_215045/source_scope/raw_page_images/SGK_TIN6/page_0027.png,926188,downloaded,Ảnh raw đã lưu để bảo toàn nguồn SGK Tin học THCS; chưa xử lý trong P02 bản thu gọn.
LM-SGK-TIN6-4699918592,SGK Tin học 6,6,https://taphuan.nxbgd.vn/tap-huan/doc-sach/sgk-tin-hoc-6.4699918592,4699918592,0028,https://cdn3.olm.vn/upload/taphuan/4699918592-page-28-1775787605696.png,experiments/20260705_215045/source_scope/raw_page_images/SGK_TIN6/page_0028.png,403646,downloaded,Ảnh raw đã lưu để bảo toàn nguồn SGK Tin học THCS; chưa xử lý trong P02 bản thu gọn.
LM-SGK-TIN6-4699918592,SGK Tin học 6,6,https://taphuan.nxbgd.vn/tap-huan/doc-sach/sgk-tin-hoc-6.4699918592,4699918592,0029,https://cdn3.olm.vn/upload/taphuan/4699918592-page-29-1775787606001.png,experiments/20260705_215045/source_scope/raw_page_images/SGK_TIN6/page_0029.png,951021,downloaded,Ảnh raw đã lưu để bảo toàn nguồn SGK Tin học THCS; chưa xử lý trong P02 bản thu gọn.
LM-SGK-TIN6-4699918592,SGK Tin học 6,6,https://taphuan.nxbgd.vn/tap-huan/doc-sach/sgk-tin-hoc-6.4699918592,4699918592,0030,https://cdn3.olm.vn/upload/taphuan/4699918592-page-30-1775787606297.png,experiments/20260705_215045/source_scope/raw_page_images/SGK_TIN6/page_0030.png,734204,downloaded,Ảnh raw đã lưu để bảo toàn nguồn SGK Tin học THCS; chưa xử lý trong P02 bản thu gọn.
LM-SGK-TIN6-4699918592,SGK Tin học 6,6,https://taphuan.nxbgd.vn/tap-huan/doc-sach/sgk-tin-hoc-6.4699918592,4699918592,0031,https://cdn3.olm.vn/upload/taphuan/4699918592-page-31-1775787606598.png,experiments/20260705_215045/source_scope/raw_page_images/SGK_TIN6/page_0031.png,540598,downloaded,Ảnh raw đã lưu để bảo toàn nguồn SGK Tin học THCS; chưa xử lý trong P02 bản thu gọn.
LM-SGK-TIN6-4699918592,SGK Tin học 6,6,https://taphuan.nxbgd.vn/tap-huan/doc-sach/sgk-tin-hoc-6.4699918592,4699918592,0032,https://cdn3.olm.vn/upload/taphuan/4699918592-page-32-1775787606921.png,experiments/20260705_215045/source_scope/raw_page_images/SGK_TIN6/page_0032.png,505636,downloaded,Ảnh raw đã lưu để bảo toàn nguồn SGK Tin học THCS; chưa xử lý trong P02 bản thu gọn.
LM-SGK-TIN6-4699918592,SGK Tin học 6,6,https://taphuan.nxbgd.vn/tap-huan/doc-sach/sgk-tin-hoc-6.4699918592,4699918592,0033,https://cdn3.olm.vn/upload/taphuan/4699918592-page-33-1775787607252.png,experiments/20260705_215045/source_scope/raw_page_images/SGK_TIN6/page_0033.png,628317,downloaded,Ảnh raw đã lưu để bảo toàn nguồn SGK Tin học THCS; chưa xử lý trong P02 bản thu gọn.
LM-SGK-TIN6-4699918592,SGK Tin học 6,6,https://taphuan.nxbgd.vn/tap-huan/doc-sach/sgk-tin-hoc-6.4699918592,4699918592,0034,https://cdn3.olm.vn/upload/taphuan/4699918592-page-34-1775787607597.png,experiments/20260705_215045/source_scope/raw_page_images/SGK_TIN6/page_0034.png,751202,downloaded,Ảnh raw đã lưu để bảo toàn nguồn SGK Tin học THCS; chưa xử lý trong P02 bản thu gọn.
LM-SGK-TIN6-4699918592,SGK Tin học 6,6,https://taphuan.nxbgd.vn/tap-huan/doc-sach/sgk-tin-hoc-6.4699918592,4699918592,0035,https://cdn3.olm.vn/upload/taphuan/4699918592-page-35-1775787607895.png,experiments/20260705_215045/source_scope/raw_page_images/SGK_TIN6/page_0035.png,685606,downloaded,Ảnh raw đã lưu để bảo toàn nguồn SGK Tin học THCS; chưa xử lý trong P02 bản thu gọn.
LM-SGK-TIN6-4699918592,SGK Tin học 6,6,https://taphuan.nxbgd.vn/tap-huan/doc-sach/sgk-tin-hoc-6.4699918592,4699918592,0036,https://cdn3.olm.vn/upload/taphuan/4699918592-page-36-1775787608182.png,experiments/20260705_215045/source_scope/raw_page_images/SGK_TIN6/page_0036.png,517436,downloaded,Ảnh raw đã lưu để bảo toàn nguồn SGK Tin học THCS; chưa xử lý trong P02 bản thu gọn.
LM-SGK-TIN6-4699918592,SGK Tin học 6,6,https://taphuan.nxbgd.vn/tap-huan/doc-sach/sgk-tin-hoc-6.4699918592,4699918592,0037,https://cdn3.olm.vn/upload/taphuan/4699918592-page-37-1775787608478.png,experiments/20260705_215045/source_scope/raw_page_images/SGK_TIN6/page_0037.png,506853,downloaded,Ảnh raw đã lưu để bảo toàn nguồn SGK Tin học THCS; chưa xử lý trong P02 bản thu gọn.
LM-SGK-TIN6-4699918592,SGK Tin học 6,6,https://taphuan.nxbgd.vn/tap-huan/doc-sach/sgk-tin-hoc-6.4699918592,4699918592,0038,https://cdn3.olm.vn/upload/taphuan/4699918592-page-38-1775787608852.png,experiments/20260705_215045/source_scope/raw_page_images/SGK_TIN6/page_0038.png,817536,downloaded,Ảnh raw đã lưu để bảo toàn nguồn SGK Tin học THCS; chưa xử lý trong P02 bản thu gọn.
LM-SGK-TIN6-4699918592,SGK Tin học 6,6,https://taphuan.nxbgd.vn/tap-huan/doc-sach/sgk-tin-hoc-6.4699918592,4699918592,0039,https://cdn3.olm.vn/upload/taphuan/4699918592-page-39-1775787609169.png,experiments/20260705_215045/source_scope/raw_page_images/SGK_TIN6/page_0039.png,777466,downloaded,Ảnh raw đã lưu để bảo toàn nguồn SGK Tin học THCS; chưa xử lý trong P02 bản thu gọn.
LM-SGK-TIN6-4699918592,SGK Tin học 6,6,https://taphuan.nxbgd.vn/tap-huan/doc-sach/sgk-tin-hoc-6.4699918592,4699918592,0040,https://cdn3.olm.vn/upload/taphuan/4699918592-page-40-1775787609463.png,experiments/20260705_215045/source_scope/raw_page_images/SGK_TIN6/page_0040.png,775955,downloaded,Ảnh raw đã lưu để bảo toàn nguồn SGK Tin học THCS; chưa xử lý trong P02 bản thu gọn.
LM-SGK-TIN6-4699918592,SGK Tin học 6,6,https://taphuan.nxbgd.vn/tap-huan/doc-sach/sgk-tin-hoc-6.4699918592,4699918592,0041,https://cdn3.olm.vn/upload/taphuan/4699918592-page-41-1775787609773.png,experiments/20260705_215045/source_scope/raw_page_images/SGK_TIN6/page_0041.png,739160,downloaded,Ảnh raw đã lưu để bảo toàn nguồn SGK Tin học THCS; chưa xử lý trong P02 bản thu gọn.
LM-SGK-TIN6-4699918592,SGK Tin học 6,6,https://taphuan.nxbgd.vn/tap-huan/doc-sach/sgk-tin-hoc-6.4699918592,4699918592,0042,https://cdn3.olm.vn/upload/taphuan/4699918592-page-42-1775787610055.png,experiments/20260705_215045/source_scope/raw_page_images/SGK_TIN6/page_0042.png,714868,downloaded,Ảnh raw đã lưu để bảo toàn nguồn SGK Tin học THCS; chưa xử lý trong P02 bản thu gọn.
LM-SGK-TIN6-4699918592,SGK Tin học 6,6,https://taphuan.nxbgd.vn/tap-huan/doc-sach/sgk-tin-hoc-6.4699918592,4699918592,0043,https://cdn3.olm.vn/upload/taphuan/4699918592-page-43-1775787610351.png,experiments/20260705_215045/source_scope/raw_page_images/SGK_TIN6/page_0043.png,811613,downloaded,Ảnh raw đã lưu để bảo toàn nguồn SGK Tin học THCS; chưa xử lý trong P02 bản thu gọn.
LM-SGK-TIN6-4699918592,SGK Tin học 6,6,https://taphuan.nxbgd.vn/tap-huan/doc-sach/sgk-tin-hoc-6.4699918592,4699918592,0044,https://cdn3.olm.vn/upload/taphuan/4699918592-page-44-1775787610706.png,experiments/20260705_215045/source_scope/raw_page_images/SGK_TIN6/page_0044.png,611664,downloaded,Ảnh raw đã lưu để bảo toàn nguồn SGK Tin học THCS; chưa xử lý trong P02 bản thu gọn.
LM-SGK-TIN6-4699918592,SGK Tin học 6,6,https://taphuan.nxbgd.vn/tap-huan/doc-sach/sgk-tin-hoc-6.4699918592,4699918592,0045,https://cdn3.olm.vn/upload/taphuan/4699918592-page-45-1775787611006.png,experiments/20260705_215045/source_scope/raw_page_images/SGK_TIN6/page_0045.png,699469,downloaded,Ảnh raw đã lưu để bảo toàn nguồn SGK Tin học THCS; chưa xử lý trong P02 bản thu gọn.
LM-SGK-TIN6-4699918592,SGK Tin học 6,6,https://taphuan.nxbgd.vn/tap-huan/doc-sach/sgk-tin-hoc-6.4699918592,4699918592,0046,https://cdn3.olm.vn/upload/taphuan/4699918592-page-46-1775787611509.png,experiments/20260705_215045/source_scope/raw_page_images/SGK_TIN6/page_0046.png,779451,downloaded,Ảnh raw đã lưu để bảo toàn nguồn SGK Tin học THCS; chưa xử lý trong P02 bản thu gọn.
LM-SGK-TIN6-4699918592,SGK Tin học 6,6,https://taphuan.nxbgd.vn/tap-huan/doc-sach/sgk-tin-hoc-6.4699918592,4699918592,0047,https://cdn3.olm.vn/upload/taphuan/4699918592-page-47-1775787611823.png,experiments/20260705_215045/source_scope/raw_page_images/SGK_TIN6/page_0047.png,615068,downloaded,Ảnh raw đã lưu để bảo toàn nguồn SGK Tin học THCS; chưa xử lý trong P02 bản thu gọn.
LM-SGK-TIN6-4699918592,SGK Tin học 6,6,https://taphuan.nxbgd.vn/tap-huan/doc-sach/sgk-tin-hoc-6.4699918592,4699918592,0048,https://cdn3.olm.vn/upload/taphuan/4699918592-page-48-1775787612131.png,experiments/20260705_215045/source_scope/raw_page_images/SGK_TIN6/page_0048.png,814981,downloaded,Ảnh raw đã lưu để bảo toàn nguồn SGK Tin học THCS; chưa xử lý trong P02 bản thu gọn.
LM-SGK-TIN6-4699918592,SGK Tin học 6,6,https://taphuan.nxbgd.vn/tap-huan/doc-sach/sgk-tin-hoc-6.4699918592,4699918592,0049,https://cdn3.olm.vn/upload/taphuan/4699918592-page-49-1775787612419.png,experiments/20260705_215045/source_scope/raw_page_images/SGK_TIN6/page_0049.png,667031,downloaded,Ảnh raw đã lưu để bảo toàn nguồn SGK Tin học THCS; chưa xử lý trong P02 bản thu gọn.
LM-SGK-TIN6-4699918592,SGK Tin học 6,6,https://taphuan.nxbgd.vn/tap-huan/doc-sach/sgk-tin-hoc-6.4699918592,4699918592,0050,https://cdn3.olm.vn/upload/taphuan/4699918592-page-50-1775787612706.png,experiments/20260705_215045/source_scope/raw_page_images/SGK_TIN6/page_0050.png,837374,downloaded,Ảnh raw đã lưu để bảo toàn nguồn SGK Tin học THCS; chưa xử lý trong P02 bản thu gọn.
LM-SGK-TIN6-4699918592,SGK Tin học 6,6,https://taphuan.nxbgd.vn/tap-huan/doc-sach/sgk-tin-hoc-6.4699918592,4699918592,0051,https://cdn3.olm.vn/upload/taphuan/4699918592-page-51-1775787612989.png,experiments/20260705_215045/source_scope/raw_page_images/SGK_TIN6/page_0051.png,490723,downloaded,Ảnh raw đã lưu để bảo toàn nguồn SGK Tin học THCS; chưa xử lý trong P02 bản thu gọn.
LM-SGK-TIN6-4699918592,SGK Tin học 6,6,https://taphuan.nxbgd.vn/tap-huan/doc-sach/sgk-tin-hoc-6.4699918592,4699918592,0052,https://cdn3.olm.vn/upload/taphuan/4699918592-page-52-1775787613370.png,experiments/20260705_215045/source_scope/raw_page_images/SGK_TIN6/page_0052.png,623319,downloaded,Ảnh raw đã lưu để bảo toàn nguồn SGK Tin học THCS; chưa xử lý trong P02 bản thu gọn.
LM-SGK-TIN6-4699918592,SGK Tin học 6,6,https://taphuan.nxbgd.vn/tap-huan/doc-sach/sgk-tin-hoc-6.4699918592,4699918592,0053,https://cdn3.olm.vn/upload/taphuan/4699918592-page-53-1775787613688.png,experiments/20260705_215045/source_scope/raw_page_images/SGK_TIN6/page_0053.png,503502,downloaded,Ảnh raw đã lưu để bảo toàn nguồn SGK Tin học THCS; chưa xử lý trong P02 bản thu gọn.
LM-SGK-TIN6-4699918592,SGK Tin học 6,6,https://taphuan.nxbgd.vn/tap-huan/doc-sach/sgk-tin-hoc-6.4699918592,4699918592,0054,https://cdn3.olm.vn/upload/taphuan/4699918592-page-54-1775787614042.png,experiments/20260705_215045/source_scope/raw_page_images/SGK_TIN6/page_0054.png,630011,downloaded,Ảnh raw đã lưu để bảo toàn nguồn SGK Tin học THCS; chưa xử lý trong P02 bản thu gọn.
LM-SGK-TIN6-4699918592,SGK Tin học 6,6,https://taphuan.nxbgd.vn/tap-huan/doc-sach/sgk-tin-hoc-6.4699918592,4699918592,0055,https://cdn3.olm.vn/upload/taphuan/4699918592-page-55-1775787614407.png,experiments/20260705_215045/source_scope/raw_page_images/SGK_TIN6/page_0055.png,739508,downloaded,Ảnh raw đã lưu để bảo toàn nguồn SGK Tin học THCS; chưa xử lý trong P02 bản thu gọn.
LM-SGK-TIN6-4699918592,SGK Tin học 6,6,https://taphuan.nxbgd.vn/tap-huan/doc-sach/sgk-tin-hoc-6.4699918592,4699918592,0056,https://cdn3.olm.vn/upload/taphuan/4699918592-page-56-1775787614751.png,experiments/20260705_215045/source_scope/raw_page_images/SGK_TIN6/page_0056.png,934068,downloaded,Ảnh raw đã lưu để bảo toàn nguồn SGK Tin học THCS; chưa xử lý trong P02 bản thu gọn.
LM-SGK-TIN6-4699918592,SGK Tin học 6,6,https://taphuan.nxbgd.vn/tap-huan/doc-sach/sgk-tin-hoc-6.4699918592,4699918592,0057,https://cdn3.olm.vn/upload/taphuan/4699918592-page-57-1775787615070.png,experiments/20260705_215045/source_scope/raw_page_images/SGK_TIN6/page_0057.png,352808,downloaded,Ảnh raw đã lưu để bảo toàn nguồn SGK Tin học THCS; chưa xử lý trong P02 bản thu gọn.
LM-SGK-TIN6-4699918592,SGK Tin học 6,6,https://taphuan.nxbgd.vn/tap-huan/doc-sach/sgk-tin-hoc-6.4699918592,4699918592,0058,https://cdn3.olm.vn/upload/taphuan/4699918592-page-58-1775787615402.png,experiments/20260705_215045/source_scope/raw_page_images/SGK_TIN6/page_0058.png,616033,downloaded,Ảnh raw đã lưu để bảo toàn nguồn SGK Tin học THCS; chưa xử lý trong P02 bản thu gọn.
LM-SGK-TIN6-4699918592,SGK Tin học 6,6,https://taphuan.nxbgd.vn/tap-huan/doc-sach/sgk-tin-hoc-6.4699918592,4699918592,0059,https://cdn3.olm.vn/upload/taphuan/4699918592-page-59-1775787615770.png,experiments/20260705_215045/source_scope/raw_page_images/SGK_TIN6/page_0059.png,741602,downloaded,Ảnh raw đã lưu để bảo toàn nguồn SGK Tin học THCS; chưa xử lý trong P02 bản thu gọn.
LM-SGK-TIN6-4699918592,SGK Tin học 6,6,https://taphuan.nxbgd.vn/tap-huan/doc-sach/sgk-tin-hoc-6.4699918592,4699918592,0060,https://cdn3.olm.vn/upload/taphuan/4699918592-page-60-1775787616112.png,experiments/20260705_215045/source_scope/raw_page_images/SGK_TIN6/page_0060.png,628536,downloaded,Ảnh raw đã lưu để bảo toàn nguồn SGK Tin học THCS; chưa xử lý trong P02 bản thu gọn.
LM-SGK-TIN6-4699918592,SGK Tin học 6,6,https://taphuan.nxbgd.vn/tap-huan/doc-sach/sgk-tin-hoc-6.4699918592,4699918592,0061,https://cdn3.olm.vn/upload/taphuan/4699918592-page-61-1775787616419.png,experiments/20260705_215045/source_scope/raw_page_images/SGK_TIN6/page_0061.png,484672,downloaded,Ảnh raw đã lưu để bảo toàn nguồn SGK Tin học THCS; chưa xử lý trong P02 bản thu gọn.
LM-SGK-TIN6-4699918592,SGK Tin học 6,6,https://taphuan.nxbgd.vn/tap-huan/doc-sach/sgk-tin-hoc-6.4699918592,4699918592,0062,https://cdn3.olm.vn/upload/taphuan/4699918592-page-62-1775787616751.png,experiments/20260705_215045/source_scope/raw_page_images/SGK_TIN6/page_0062.png,900415,downloaded,Ảnh raw đã lưu để bảo toàn nguồn SGK Tin học THCS; chưa xử lý trong P02 bản thu gọn.
LM-SGK-TIN6-4699918592,SGK Tin học 6,6,https://taphuan.nxbgd.vn/tap-huan/doc-sach/sgk-tin-hoc-6.4699918592,4699918592,0063,https://cdn3.olm.vn/upload/taphuan/4699918592-page-63-1775787617078.png,experiments/20260705_215045/source_scope/raw_page_images/SGK_TIN6/page_0063.png,588595,downloaded,Ảnh raw đã lưu để bảo toàn nguồn SGK Tin học THCS; chưa xử lý trong P02 bản thu gọn.
LM-SGK-TIN6-4699918592,SGK Tin học 6,6,https://taphuan.nxbgd.vn/tap-huan/doc-sach/sgk-tin-hoc-6.4699918592,4699918592,0064,https://cdn3.olm.vn/upload/taphuan/4699918592-page-64-1775787617402.png,experiments/20260705_215045/source_scope/raw_page_images/SGK_TIN6/page_0064.png,597528,downloaded,Ảnh raw đã lưu để bảo toàn nguồn SGK Tin học THCS; chưa xử lý trong P02 bản thu gọn.
LM-SGK-TIN6-4699918592,SGK Tin học 6,6,https://taphuan.nxbgd.vn/tap-huan/doc-sach/sgk-tin-hoc-6.4699918592,4699918592,0065,https://cdn3.olm.vn/upload/taphuan/4699918592-page-65-1775787617772.png,experiments/20260705_215045/source_scope/raw_page_images/SGK_TIN6/page_0065.png,778512,downloaded,Ảnh raw đã lưu để bảo toàn nguồn SGK Tin học THCS; chưa xử lý trong P02 bản thu gọn.
LM-SGK-TIN6-4699918592,SGK Tin học 6,6,https://taphuan.nxbgd.vn/tap-huan/doc-sach/sgk-tin-hoc-6.4699918592,4699918592,0066,https://cdn3.olm.vn/upload/taphuan/4699918592-page-66-1775787618117.png,experiments/20260705_215045/source_scope/raw_page_images/SGK_TIN6/page_0066.png,685037,downloaded,Ảnh raw đã lưu để bảo toàn nguồn SGK Tin học THCS; chưa xử lý trong P02 bản thu gọn.
LM-SGK-TIN6-4699918592,SGK Tin học 6,6,https://taphuan.nxbgd.vn/tap-huan/doc-sach/sgk-tin-hoc-6.4699918592,4699918592,0067,https://cdn3.olm.vn/upload/taphuan/4699918592-page-67-1775787618444.png,experiments/20260705_215045/source_scope/raw_page_images/SGK_TIN6/page_0067.png,549237,downloaded,Ảnh raw đã lưu để bảo toàn nguồn SGK Tin học THCS; chưa xử lý trong P02 bản thu gọn.
LM-SGK-TIN6-4699918592,SGK Tin học 6,6,https://taphuan.nxbgd.vn/tap-huan/doc-sach/sgk-tin-hoc-6.4699918592,4699918592,0068,https://cdn3.olm.vn/upload/taphuan/4699918592-page-68-1775787618763.png,experiments/20260705_215045/source_scope/raw_page_images/SGK_TIN6/page_0068.png,658158,downloaded,Ảnh raw đã lưu để bảo toàn nguồn SGK Tin học THCS; chưa xử lý trong P02 bản thu gọn.
LM-SGK-TIN6-4699918592,SGK Tin học 6,6,https://taphuan.nxbgd.vn/tap-huan/doc-sach/sgk-tin-hoc-6.4699918592,4699918592,0069,https://cdn3.olm.vn/upload/taphuan/4699918592-page-69-1775787619067.png,experiments/20260705_215045/source_scope/raw_page_images/SGK_TIN6/page_0069.png,818083,downloaded,Ảnh raw đã lưu để bảo toàn nguồn SGK Tin học THCS; chưa xử lý trong P02 bản thu gọn.
LM-SGK-TIN6-4699918592,SGK Tin học 6,6,https://taphuan.nxbgd.vn/tap-huan/doc-sach/sgk-tin-hoc-6.4699918592,4699918592,0070,https://cdn3.olm.vn/upload/taphuan/4699918592-page-70-1775787619402.png,experiments/20260705_215045/source_scope/raw_page_images/SGK_TIN6/page_0070.png,708087,downloaded,Ảnh raw đã lưu để bảo toàn nguồn SGK Tin học THCS; chưa xử lý trong P02 bản thu gọn.
LM-SGK-TIN6-4699918592,SGK Tin học 6,6,https://taphuan.nxbgd.vn/tap-huan/doc-sach/sgk-tin-hoc-6.4699918592,4699918592,0071,https://cdn3.olm.vn/upload/taphuan/4699918592-page-71-1775787619676.png,experiments/20260705_215045/source_scope/raw_page_images/SGK_TIN6/page_0071.png,535262,downloaded,Ảnh raw đã lưu để bảo toàn nguồn SGK Tin học THCS; chưa xử lý trong P02 bản thu gọn.
LM-SGK-TIN6-4699918592,SGK Tin học 6,6,https://taphuan.nxbgd.vn/tap-huan/doc-sach/sgk-tin-hoc-6.4699918592,4699918592,0072,https://cdn3.olm.vn/upload/taphuan/4699918592-page-72-1775787619971.png,experiments/20260705_215045/source_scope/raw_page_images/SGK_TIN6/page_0072.png,693423,downloaded,Ảnh raw đã lưu để bảo toàn nguồn SGK Tin học THCS; chưa xử lý trong P02 bản thu gọn.
LM-SGK-TIN6-4699918592,SGK Tin học 6,6,https://taphuan.nxbgd.vn/tap-huan/doc-sach/sgk-tin-hoc-6.4699918592,4699918592,0073,https://cdn3.olm.vn/upload/taphuan/4699918592-page-73-1775787620381.png,experiments/20260705_215045/source_scope/raw_page_images/SGK_TIN6/page_0073.png,707578,downloaded,Ảnh raw đã lưu để bảo toàn nguồn SGK Tin học THCS; chưa xử lý trong P02 bản thu gọn.
LM-SGK-TIN6-4699918592,SGK Tin học 6,6,https://taphuan.nxbgd.vn/tap-huan/doc-sach/sgk-tin-hoc-6.4699918592,4699918592,0074,https://cdn3.olm.vn/upload/taphuan/4699918592-page-74-1775787620685.png,experiments/20260705_215045/source_scope/raw_page_images/SGK_TIN6/page_0074.png,432439,downloaded,Ảnh raw đã lưu để bảo toàn nguồn SGK Tin học THCS; chưa xử lý trong P02 bản thu gọn.
LM-SGK-TIN6-4699918592,SGK Tin học 6,6,https://taphuan.nxbgd.vn/tap-huan/doc-sach/sgk-tin-hoc-6.4699918592,4699918592,0075,https://cdn3.olm.vn/upload/taphuan/4699918592-page-75-1775787621020.png,experiments/20260705_215045/source_scope/raw_page_images/SGK_TIN6/page_0075.png,617745,downloaded,Ảnh raw đã lưu để bảo toàn nguồn SGK Tin học THCS; chưa xử lý trong P02 bản thu gọn.
LM-SGK-TIN6-4699918592,SGK Tin học 6,6,https://taphuan.nxbgd.vn/tap-huan/doc-sach/sgk-tin-hoc-6.4699918592,4699918592,0076,https://cdn3.olm.vn/upload/taphuan/4699918592-page-76-1775787621431.png,experiments/20260705_215045/source_scope/raw_page_images/SGK_TIN6/page_0076.png,891667,downloaded,Ảnh raw đã lưu để bảo toàn nguồn SGK Tin học THCS; chưa xử lý trong P02 bản thu gọn.
LM-SGK-TIN6-4699918592,SGK Tin học 6,6,https://taphuan.nxbgd.vn/tap-huan/doc-sach/sgk-tin-hoc-6.4699918592,4699918592,0077,https://cdn3.olm.vn/upload/taphuan/4699918592-page-77-1775787621681.png,experiments/20260705_215045/source_scope/raw_page_images/SGK_TIN6/page_0077.png,253814,downloaded,Ảnh raw đã lưu để bảo toàn nguồn SGK Tin học THCS; chưa xử lý trong P02 bản thu gọn.
LM-SGK-TIN6-4699918592,SGK Tin học 6,6,https://taphuan.nxbgd.vn/tap-huan/doc-sach/sgk-tin-hoc-6.4699918592,4699918592,0078,https://cdn3.olm.vn/upload/taphuan/4699918592-page-78-1775787622017.png,experiments/20260705_215045/source_scope/raw_page_images/SGK_TIN6/page_0078.png,715628,downloaded,Ảnh raw đã lưu để bảo toàn nguồn SGK Tin học THCS; chưa xử lý trong P02 bản thu gọn.
LM-SGK-TIN7-4700056620,SGK Tin học 7,7,https://taphuan.nxbgd.vn/tap-huan/doc-sach/sgk-tin-hoc-7.4700056620,4700056620,0001,https://cdn3.olm.vn/upload/taphuan/4700056620-page-1-1775789222108.png,experiments/20260705_215045/source_scope/raw_page_images/SGK_TIN7/page_0001.png,1776361,downloaded,Ảnh raw đã lưu để bảo toàn nguồn SGK Tin học THCS; chưa xử lý trong P02 bản thu gọn.
LM-SGK-TIN7-4700056620,SGK Tin học 7,7,https://taphuan.nxbgd.vn/tap-huan/doc-sach/sgk-tin-hoc-7.4700056620,4700056620,0002,https://cdn3.olm.vn/upload/taphuan/4700056620-page-2-1775789222399.png,experiments/20260705_215045/source_scope/raw_page_images/SGK_TIN7/page_0002.png,173215,downloaded,Ảnh raw đã lưu để bảo toàn nguồn SGK Tin học THCS; chưa xử lý trong P02 bản thu gọn.
LM-SGK-TIN7-4700056620,SGK Tin học 7,7,https://taphuan.nxbgd.vn/tap-huan/doc-sach/sgk-tin-hoc-7.4700056620,4700056620,0003,https://cdn3.olm.vn/upload/taphuan/4700056620-page-3-1775789222720.png,experiments/20260705_215045/source_scope/raw_page_images/SGK_TIN7/page_0003.png,577506,downloaded,Ảnh raw đã lưu để bảo toàn nguồn SGK Tin học THCS; chưa xử lý trong P02 bản thu gọn.
LM-SGK-TIN7-4700056620,SGK Tin học 7,7,https://taphuan.nxbgd.vn/tap-huan/doc-sach/sgk-tin-hoc-7.4700056620,4700056620,0004,https://cdn3.olm.vn/upload/taphuan/4700056620-page-4-1775789223056.png,experiments/20260705_215045/source_scope/raw_page_images/SGK_TIN7/page_0004.png,590624,downloaded,Ảnh raw đã lưu để bảo toàn nguồn SGK Tin học THCS; chưa xử lý trong P02 bản thu gọn.
LM-SGK-TIN7-4700056620,SGK Tin học 7,7,https://taphuan.nxbgd.vn/tap-huan/doc-sach/sgk-tin-hoc-7.4700056620,4700056620,0005,https://cdn3.olm.vn/upload/taphuan/4700056620-page-5-1775789223373.png,experiments/20260705_215045/source_scope/raw_page_images/SGK_TIN7/page_0005.png,459935,downloaded,Ảnh raw đã lưu để bảo toàn nguồn SGK Tin học THCS; chưa xử lý trong P02 bản thu gọn.
LM-SGK-TIN7-4700056620,SGK Tin học 7,7,https://taphuan.nxbgd.vn/tap-huan/doc-sach/sgk-tin-hoc-7.4700056620,4700056620,0006,https://cdn3.olm.vn/upload/taphuan/4700056620-page-6-1775789223713.png,experiments/20260705_215045/source_scope/raw_page_images/SGK_TIN7/page_0006.png,633140,downloaded,Ảnh raw đã lưu để bảo toàn nguồn SGK Tin học THCS; chưa xử lý trong P02 bản thu gọn.
LM-SGK-TIN7-4700056620,SGK Tin học 7,7,https://taphuan.nxbgd.vn/tap-huan/doc-sach/sgk-tin-hoc-7.4700056620,4700056620,0007,https://cdn3.olm.vn/upload/taphuan/4700056620-page-7-1775789224062.png,experiments/20260705_215045/source_scope/raw_page_images/SGK_TIN7/page_0007.png,603160,downloaded,Ảnh raw đã lưu để bảo toàn nguồn SGK Tin học THCS; chưa xử lý trong P02 bản thu gọn.
LM-SGK-TIN7-4700056620,SGK Tin học 7,7,https://taphuan.nxbgd.vn/tap-huan/doc-sach/sgk-tin-hoc-7.4700056620,4700056620,0008,https://cdn3.olm.vn/upload/taphuan/4700056620-page-8-1775789224406.png,experiments/20260705_215045/source_scope/raw_page_images/SGK_TIN7/page_0008.png,626578,downloaded,Ảnh raw đã lưu để bảo toàn nguồn SGK Tin học THCS; chưa xử lý trong P02 bản thu gọn.
LM-SGK-TIN7-4700056620,SGK Tin học 7,7,https://taphuan.nxbgd.vn/tap-huan/doc-sach/sgk-tin-hoc-7.4700056620,4700056620,0009,https://cdn3.olm.vn/upload/taphuan/4700056620-page-9-1775789224722.png,experiments/20260705_215045/source_scope/raw_page_images/SGK_TIN7/page_0009.png,904945,downloaded,Ảnh raw đã lưu để bảo toàn nguồn SGK Tin học THCS; chưa xử lý trong P02 bản thu gọn.
LM-SGK-TIN7-4700056620,SGK Tin học 7,7,https://taphuan.nxbgd.vn/tap-huan/doc-sach/sgk-tin-hoc-7.4700056620,4700056620,0010,https://cdn3.olm.vn/upload/taphuan/4700056620-page-10-1775789225045.png,experiments/20260705_215045/source_scope/raw_page_images/SGK_TIN7/page_0010.png,674590,downloaded,Ảnh raw đã lưu để bảo toàn nguồn SGK Tin học THCS; chưa xử lý trong P02 bản thu gọn.
LM-SGK-TIN7-4700056620,SGK Tin học 7,7,https://taphuan.nxbgd.vn/tap-huan/doc-sach/sgk-tin-hoc-7.4700056620,4700056620,0011,https://cdn3.olm.vn/upload/taphuan/4700056620-page-11-1775789225377.png,experiments/20260705_215045/source_scope/raw_page_images/SGK_TIN7/page_0011.png,718125,downloaded,Ảnh raw đã lưu để bảo toàn nguồn SGK Tin học THCS; chưa xử lý trong P02 bản thu gọn.
LM-SGK-TIN7-4700056620,SGK Tin học 7,7,https://taphuan.nxbgd.vn/tap-huan/doc-sach/sgk-tin-hoc-7.4700056620,4700056620,0012,https://cdn3.olm.vn/upload/taphuan/4700056620-page-12-1775789225720.png,experiments/20260705_215045/source_scope/raw_page_images/SGK_TIN7/page_0012.png,795965,downloaded,Ảnh raw đã lưu để bảo toàn nguồn SGK Tin học THCS; chưa xử lý trong P02 bản thu gọn.
LM-SGK-TIN7-4700056620,SGK Tin học 7,7,https://taphuan.nxbgd.vn/tap-huan/doc-sach/sgk-tin-hoc-7.4700056620,4700056620,0013,https://cdn3.olm.vn/upload/taphuan/4700056620-page-13-1775789226052.png,experiments/20260705_215045/source_scope/raw_page_images/SGK_TIN7/page_0013.png,838635,downloaded,Ảnh raw đã lưu để bảo toàn nguồn SGK Tin học THCS; chưa xử lý trong P02 bản thu gọn.
LM-SGK-TIN7-4700056620,SGK Tin học 7,7,https://taphuan.nxbgd.vn/tap-huan/doc-sach/sgk-tin-hoc-7.4700056620,4700056620,0014,https://cdn3.olm.vn/upload/taphuan/4700056620-page-14-1775789226400.png,experiments/20260705_215045/source_scope/raw_page_images/SGK_TIN7/page_0014.png,671923,downloaded,Ảnh raw đã lưu để bảo toàn nguồn SGK Tin học THCS; chưa xử lý trong P02 bản thu gọn.
LM-SGK-TIN7-4700056620,SGK Tin học 7,7,https://taphuan.nxbgd.vn/tap-huan/doc-sach/sgk-tin-hoc-7.4700056620,4700056620,0015,https://cdn3.olm.vn/upload/taphuan/4700056620-page-15-1775789226716.png,experiments/20260705_215045/source_scope/raw_page_images/SGK_TIN7/page_0015.png,717401,downloaded,Ảnh raw đã lưu để bảo toàn nguồn SGK Tin học THCS; chưa xử lý trong P02 bản thu gọn.
LM-SGK-TIN7-4700056620,SGK Tin học 7,7,https://taphuan.nxbgd.vn/tap-huan/doc-sach/sgk-tin-hoc-7.4700056620,4700056620,0016,https://cdn3.olm.vn/upload/taphuan/4700056620-page-16-1775789227057.png,experiments/20260705_215045/source_scope/raw_page_images/SGK_TIN7/page_0016.png,652110,downloaded,Ảnh raw đã lưu để bảo toàn nguồn SGK Tin học THCS; chưa xử lý trong P02 bản thu gọn.
LM-SGK-TIN7-4700056620,SGK Tin học 7,7,https://taphuan.nxbgd.vn/tap-huan/doc-sach/sgk-tin-hoc-7.4700056620,4700056620,0017,https://cdn3.olm.vn/upload/taphuan/4700056620-page-17-1775789227411.png,experiments/20260705_215045/source_scope/raw_page_images/SGK_TIN7/page_0017.png,745043,downloaded,Ảnh raw đã lưu để bảo toàn nguồn SGK Tin học THCS; chưa xử lý trong P02 bản thu gọn.
LM-SGK-TIN7-4700056620,SGK Tin học 7,7,https://taphuan.nxbgd.vn/tap-huan/doc-sach/sgk-tin-hoc-7.4700056620,4700056620,0018,https://cdn3.olm.vn/upload/taphuan/4700056620-page-18-1775789227731.png,experiments/20260705_215045/source_scope/raw_page_images/SGK_TIN7/page_0018.png,449945,downloaded,Ảnh raw đã lưu để bảo toàn nguồn SGK Tin học THCS; chưa xử lý trong P02 bản thu gọn.
LM-SGK-TIN7-4700056620,SGK Tin học 7,7,https://taphuan.nxbgd.vn/tap-huan/doc-sach/sgk-tin-hoc-7.4700056620,4700056620,0019,https://cdn3.olm.vn/upload/taphuan/4700056620-page-19-1775789228129.png,experiments/20260705_215045/source_scope/raw_page_images/SGK_TIN7/page_0019.png,689357,downloaded,Ảnh raw đã lưu để bảo toàn nguồn SGK Tin học THCS; chưa xử lý trong P02 bản thu gọn.
LM-SGK-TIN7-4700056620,SGK Tin học 7,7,https://taphuan.nxbgd.vn/tap-huan/doc-sach/sgk-tin-hoc-7.4700056620,4700056620,0020,https://cdn3.olm.vn/upload/taphuan/4700056620-page-20-1775789228441.png,experiments/20260705_215045/source_scope/raw_page_images/SGK_TIN7/page_0020.png,850461,downloaded,Ảnh raw đã lưu để bảo toàn nguồn SGK Tin học THCS; chưa xử lý trong P02 bản thu gọn.
LM-SGK-TIN7-4700056620,SGK Tin học 7,7,https://taphuan.nxbgd.vn/tap-huan/doc-sach/sgk-tin-hoc-7.4700056620,4700056620,0021,https://cdn3.olm.vn/upload/taphuan/4700056620-page-21-1775789228754.png,experiments/20260705_215045/source_scope/raw_page_images/SGK_TIN7/page_0021.png,663754,downloaded,Ảnh raw đã lưu để bảo toàn nguồn SGK Tin học THCS; chưa xử lý trong P02 bản thu gọn.
LM-SGK-TIN7-4700056620,SGK Tin học 7,7,https://taphuan.nxbgd.vn/tap-huan/doc-sach/sgk-tin-hoc-7.4700056620,4700056620,0022,https://cdn3.olm.vn/upload/taphuan/4700056620-page-22-1775789229105.png,experiments/20260705_215045/source_scope/raw_page_images/SGK_TIN7/page_0022.png,519512,downloaded,Ảnh raw đã lưu để bảo toàn nguồn SGK Tin học THCS; chưa xử lý trong P02 bản thu gọn.
LM-SGK-TIN7-4700056620,SGK Tin học 7,7,https://taphuan.nxbgd.vn/tap-huan/doc-sach/sgk-tin-hoc-7.4700056620,4700056620,0023,https://cdn3.olm.vn/upload/taphuan/4700056620-page-23-1775789229424.png,experiments/20260705_215045/source_scope/raw_page_images/SGK_TIN7/page_0023.png,486082,downloaded,Ảnh raw đã lưu để bảo toàn nguồn SGK Tin học THCS; chưa xử lý trong P02 bản thu gọn.
LM-SGK-TIN7-4700056620,SGK Tin học 7,7,https://taphuan.nxbgd.vn/tap-huan/doc-sach/sgk-tin-hoc-7.4700056620,4700056620,0024,https://cdn3.olm.vn/upload/taphuan/4700056620-page-24-1775789229766.png,experiments/20260705_215045/source_scope/raw_page_images/SGK_TIN7/page_0024.png,774604,downloaded,Ảnh raw đã lưu để bảo toàn nguồn SGK Tin học THCS; chưa xử lý trong P02 bản thu gọn.
LM-SGK-TIN7-4700056620,SGK Tin học 7,7,https://taphuan.nxbgd.vn/tap-huan/doc-sach/sgk-tin-hoc-7.4700056620,4700056620,0025,https://cdn3.olm.vn/upload/taphuan/4700056620-page-25-1775789230090.png,experiments/20260705_215045/source_scope/raw_page_images/SGK_TIN7/page_0025.png,704152,downloaded,Ảnh raw đã lưu để bảo toàn nguồn SGK Tin học THCS; chưa xử lý trong P02 bản thu gọn.
LM-SGK-TIN7-4700056620,SGK Tin học 7,7,https://taphuan.nxbgd.vn/tap-huan/doc-sach/sgk-tin-hoc-7.4700056620,4700056620,0026,https://cdn3.olm.vn/upload/taphuan/4700056620-page-26-1775789230490.png,experiments/20260705_215045/source_scope/raw_page_images/SGK_TIN7/page_0026.png,850465,downloaded,Ảnh raw đã lưu để bảo toàn nguồn SGK Tin học THCS; chưa xử lý trong P02 bản thu gọn.
LM-SGK-TIN7-4700056620,SGK Tin học 7,7,https://taphuan.nxbgd.vn/tap-huan/doc-sach/sgk-tin-hoc-7.4700056620,4700056620,0027,https://cdn3.olm.vn/upload/taphuan/4700056620-page-27-1775789230820.png,experiments/20260705_215045/source_scope/raw_page_images/SGK_TIN7/page_0027.png,798685,downloaded,Ảnh raw đã lưu để bảo toàn nguồn SGK Tin học THCS; chưa xử lý trong P02 bản thu gọn.
LM-SGK-TIN7-4700056620,SGK Tin học 7,7,https://taphuan.nxbgd.vn/tap-huan/doc-sach/sgk-tin-hoc-7.4700056620,4700056620,0028,https://cdn3.olm.vn/upload/taphuan/4700056620-page-28-1775789231194.png,experiments/20260705_215045/source_scope/raw_page_images/SGK_TIN7/page_0028.png,639662,downloaded,Ảnh raw đã lưu để bảo toàn nguồn SGK Tin học THCS; chưa xử lý trong P02 bản thu gọn.
LM-SGK-TIN7-4700056620,SGK Tin học 7,7,https://taphuan.nxbgd.vn/tap-huan/doc-sach/sgk-tin-hoc-7.4700056620,4700056620,0029,https://cdn3.olm.vn/upload/taphuan/4700056620-page-29-1775789231622.png,experiments/20260705_215045/source_scope/raw_page_images/SGK_TIN7/page_0029.png,620907,downloaded,Ảnh raw đã lưu để bảo toàn nguồn SGK Tin học THCS; chưa xử lý trong P02 bản thu gọn.
LM-SGK-TIN7-4700056620,SGK Tin học 7,7,https://taphuan.nxbgd.vn/tap-huan/doc-sach/sgk-tin-hoc-7.4700056620,4700056620,0030,https://cdn3.olm.vn/upload/taphuan/4700056620-page-30-1775789232009.png,experiments/20260705_215045/source_scope/raw_page_images/SGK_TIN7/page_0030.png,683167,downloaded,Ảnh raw đã lưu để bảo toàn nguồn SGK Tin học THCS; chưa xử lý trong P02 bản thu gọn.
LM-SGK-TIN7-4700056620,SGK Tin học 7,7,https://taphuan.nxbgd.vn/tap-huan/doc-sach/sgk-tin-hoc-7.4700056620,4700056620,0031,https://cdn3.olm.vn/upload/taphuan/4700056620-page-31-1775789232339.png,experiments/20260705_215045/source_scope/raw_page_images/SGK_TIN7/page_0031.png,506874,downloaded,Ảnh raw đã lưu để bảo toàn nguồn SGK Tin học THCS; chưa xử lý trong P02 bản thu gọn.
LM-SGK-TIN7-4700056620,SGK Tin học 7,7,https://taphuan.nxbgd.vn/tap-huan/doc-sach/sgk-tin-hoc-7.4700056620,4700056620,0032,https://cdn3.olm.vn/upload/taphuan/4700056620-page-32-1775789232679.png,experiments/20260705_215045/source_scope/raw_page_images/SGK_TIN7/page_0032.png,627810,downloaded,Ảnh raw đã lưu để bảo toàn nguồn SGK Tin học THCS; chưa xử lý trong P02 bản thu gọn.
LM-SGK-TIN7-4700056620,SGK Tin học 7,7,https://taphuan.nxbgd.vn/tap-huan/doc-sach/sgk-tin-hoc-7.4700056620,4700056620,0033,https://cdn3.olm.vn/upload/taphuan/4700056620-page-33-1775789232984.png,experiments/20260705_215045/source_scope/raw_page_images/SGK_TIN7/page_0033.png,792147,downloaded,Ảnh raw đã lưu để bảo toàn nguồn SGK Tin học THCS; chưa xử lý trong P02 bản thu gọn.
LM-SGK-TIN7-4700056620,SGK Tin học 7,7,https://taphuan.nxbgd.vn/tap-huan/doc-sach/sgk-tin-hoc-7.4700056620,4700056620,0034,https://cdn3.olm.vn/upload/taphuan/4700056620-page-34-1775789233306.png,experiments/20260705_215045/source_scope/raw_page_images/SGK_TIN7/page_0034.png,524098,downloaded,Ảnh raw đã lưu để bảo toàn nguồn SGK Tin học THCS; chưa xử lý trong P02 bản thu gọn.
LM-SGK-TIN7-4700056620,SGK Tin học 7,7,https://taphuan.nxbgd.vn/tap-huan/doc-sach/sgk-tin-hoc-7.4700056620,4700056620,0035,https://cdn3.olm.vn/upload/taphuan/4700056620-page-35-1775789233672.png,experiments/20260705_215045/source_scope/raw_page_images/SGK_TIN7/page_0035.png,1049279,downloaded,Ảnh raw đã lưu để bảo toàn nguồn SGK Tin học THCS; chưa xử lý trong P02 bản thu gọn.
LM-SGK-TIN7-4700056620,SGK Tin học 7,7,https://taphuan.nxbgd.vn/tap-huan/doc-sach/sgk-tin-hoc-7.4700056620,4700056620,0036,https://cdn3.olm.vn/upload/taphuan/4700056620-page-36-1775789234000.png,experiments/20260705_215045/source_scope/raw_page_images/SGK_TIN7/page_0036.png,820570,downloaded,Ảnh raw đã lưu để bảo toàn nguồn SGK Tin học THCS; chưa xử lý trong P02 bản thu gọn.
LM-SGK-TIN7-4700056620,SGK Tin học 7,7,https://taphuan.nxbgd.vn/tap-huan/doc-sach/sgk-tin-hoc-7.4700056620,4700056620,0037,https://cdn3.olm.vn/upload/taphuan/4700056620-page-37-1775789234337.png,experiments/20260705_215045/source_scope/raw_page_images/SGK_TIN7/page_0037.png,675817,downloaded,Ảnh raw đã lưu để bảo toàn nguồn SGK Tin học THCS; chưa xử lý trong P02 bản thu gọn.
LM-SGK-TIN7-4700056620,SGK Tin học 7,7,https://taphuan.nxbgd.vn/tap-huan/doc-sach/sgk-tin-hoc-7.4700056620,4700056620,0038,https://cdn3.olm.vn/upload/taphuan/4700056620-page-38-1775789234673.png,experiments/20260705_215045/source_scope/raw_page_images/SGK_TIN7/page_0038.png,653149,downloaded,Ảnh raw đã lưu để bảo toàn nguồn SGK Tin học THCS; chưa xử lý trong P02 bản thu gọn.
LM-SGK-TIN7-4700056620,SGK Tin học 7,7,https://taphuan.nxbgd.vn/tap-huan/doc-sach/sgk-tin-hoc-7.4700056620,4700056620,0039,https://cdn3.olm.vn/upload/taphuan/4700056620-page-39-1775789235004.png,experiments/20260705_215045/source_scope/raw_page_images/SGK_TIN7/page_0039.png,565673,downloaded,Ảnh raw đã lưu để bảo toàn nguồn SGK Tin học THCS; chưa xử lý trong P02 bản thu gọn.
LM-SGK-TIN7-4700056620,SGK Tin học 7,7,https://taphuan.nxbgd.vn/tap-huan/doc-sach/sgk-tin-hoc-7.4700056620,4700056620,0040,https://cdn3.olm.vn/upload/taphuan/4700056620-page-40-1775789235362.png,experiments/20260705_215045/source_scope/raw_page_images/SGK_TIN7/page_0040.png,781610,downloaded,Ảnh raw đã lưu để bảo toàn nguồn SGK Tin học THCS; chưa xử lý trong P02 bản thu gọn.
LM-SGK-TIN7-4700056620,SGK Tin học 7,7,https://taphuan.nxbgd.vn/tap-huan/doc-sach/sgk-tin-hoc-7.4700056620,4700056620,0041,https://cdn3.olm.vn/upload/taphuan/4700056620-page-41-1775789235700.png,experiments/20260705_215045/source_scope/raw_page_images/SGK_TIN7/page_0041.png,527915,downloaded,Ảnh raw đã lưu để bảo toàn nguồn SGK Tin học THCS; chưa xử lý trong P02 bản thu gọn.
LM-SGK-TIN7-4700056620,SGK Tin học 7,7,https://taphuan.nxbgd.vn/tap-huan/doc-sach/sgk-tin-hoc-7.4700056620,4700056620,0042,https://cdn3.olm.vn/upload/taphuan/4700056620-page-42-1775789236039.png,experiments/20260705_215045/source_scope/raw_page_images/SGK_TIN7/page_0042.png,757443,downloaded,Ảnh raw đã lưu để bảo toàn nguồn SGK Tin học THCS; chưa xử lý trong P02 bản thu gọn.
LM-SGK-TIN7-4700056620,SGK Tin học 7,7,https://taphuan.nxbgd.vn/tap-huan/doc-sach/sgk-tin-hoc-7.4700056620,4700056620,0043,https://cdn3.olm.vn/upload/taphuan/4700056620-page-43-1775789236373.png,experiments/20260705_215045/source_scope/raw_page_images/SGK_TIN7/page_0043.png,637045,downloaded,Ảnh raw đã lưu để bảo toàn nguồn SGK Tin học THCS; chưa xử lý trong P02 bản thu gọn.
LM-SGK-TIN7-4700056620,SGK Tin học 7,7,https://taphuan.nxbgd.vn/tap-huan/doc-sach/sgk-tin-hoc-7.4700056620,4700056620,0044,https://cdn3.olm.vn/upload/taphuan/4700056620-page-44-1775789236730.png,experiments/20260705_215045/source_scope/raw_page_images/SGK_TIN7/page_0044.png,861854,downloaded,Ảnh raw đã lưu để bảo toàn nguồn SGK Tin học THCS; chưa xử lý trong P02 bản thu gọn.
LM-SGK-TIN7-4700056620,SGK Tin học 7,7,https://taphuan.nxbgd.vn/tap-huan/doc-sach/sgk-tin-hoc-7.4700056620,4700056620,0045,https://cdn3.olm.vn/upload/taphuan/4700056620-page-45-1775789237061.png,experiments/20260705_215045/source_scope/raw_page_images/SGK_TIN7/page_0045.png,550611,downloaded,Ảnh raw đã lưu để bảo toàn nguồn SGK Tin học THCS; chưa xử lý trong P02 bản thu gọn.
LM-SGK-TIN7-4700056620,SGK Tin học 7,7,https://taphuan.nxbgd.vn/tap-huan/doc-sach/sgk-tin-hoc-7.4700056620,4700056620,0046,https://cdn3.olm.vn/upload/taphuan/4700056620-page-46-1775789237409.png,experiments/20260705_215045/source_scope/raw_page_images/SGK_TIN7/page_0046.png,667632,downloaded,Ảnh raw đã lưu để bảo toàn nguồn SGK Tin học THCS; chưa xử lý trong P02 bản thu gọn.
LM-SGK-TIN7-4700056620,SGK Tin học 7,7,https://taphuan.nxbgd.vn/tap-huan/doc-sach/sgk-tin-hoc-7.4700056620,4700056620,0047,https://cdn3.olm.vn/upload/taphuan/4700056620-page-47-1775789237719.png,experiments/20260705_215045/source_scope/raw_page_images/SGK_TIN7/page_0047.png,599538,downloaded,Ảnh raw đã lưu để bảo toàn nguồn SGK Tin học THCS; chưa xử lý trong P02 bản thu gọn.
LM-SGK-TIN7-4700056620,SGK Tin học 7,7,https://taphuan.nxbgd.vn/tap-huan/doc-sach/sgk-tin-hoc-7.4700056620,4700056620,0048,https://cdn3.olm.vn/upload/taphuan/4700056620-page-48-1775789238038.png,experiments/20260705_215045/source_scope/raw_page_images/SGK_TIN7/page_0048.png,541139,downloaded,Ảnh raw đã lưu để bảo toàn nguồn SGK Tin học THCS; chưa xử lý trong P02 bản thu gọn.
LM-SGK-TIN7-4700056620,SGK Tin học 7,7,https://taphuan.nxbgd.vn/tap-huan/doc-sach/sgk-tin-hoc-7.4700056620,4700056620,0049,https://cdn3.olm.vn/upload/taphuan/4700056620-page-49-1775789238373.png,experiments/20260705_215045/source_scope/raw_page_images/SGK_TIN7/page_0049.png,606468,downloaded,Ảnh raw đã lưu để bảo toàn nguồn SGK Tin học THCS; chưa xử lý trong P02 bản thu gọn.
LM-SGK-TIN7-4700056620,SGK Tin học 7,7,https://taphuan.nxbgd.vn/tap-huan/doc-sach/sgk-tin-hoc-7.4700056620,4700056620,0050,https://cdn3.olm.vn/upload/taphuan/4700056620-page-50-1775789238680.png,experiments/20260705_215045/source_scope/raw_page_images/SGK_TIN7/page_0050.png,683365,downloaded,Ảnh raw đã lưu để bảo toàn nguồn SGK Tin học THCS; chưa xử lý trong P02 bản thu gọn.
LM-SGK-TIN7-4700056620,SGK Tin học 7,7,https://taphuan.nxbgd.vn/tap-huan/doc-sach/sgk-tin-hoc-7.4700056620,4700056620,0051,https://cdn3.olm.vn/upload/taphuan/4700056620-page-51-1775789239062.png,experiments/20260705_215045/source_scope/raw_page_images/SGK_TIN7/page_0051.png,754088,downloaded,Ảnh raw đã lưu để bảo toàn nguồn SGK Tin học THCS; chưa xử lý trong P02 bản thu gọn.
LM-SGK-TIN7-4700056620,SGK Tin học 7,7,https://taphuan.nxbgd.vn/tap-huan/doc-sach/sgk-tin-hoc-7.4700056620,4700056620,0052,https://cdn3.olm.vn/upload/taphuan/4700056620-page-52-1775789239386.png,experiments/20260705_215045/source_scope/raw_page_images/SGK_TIN7/page_0052.png,645205,downloaded,Ảnh raw đã lưu để bảo toàn nguồn SGK Tin học THCS; chưa xử lý trong P02 bản thu gọn.
LM-SGK-TIN7-4700056620,SGK Tin học 7,7,https://taphuan.nxbgd.vn/tap-huan/doc-sach/sgk-tin-hoc-7.4700056620,4700056620,0053,https://cdn3.olm.vn/upload/taphuan/4700056620-page-53-1775789239727.png,experiments/20260705_215045/source_scope/raw_page_images/SGK_TIN7/page_0053.png,530906,downloaded,Ảnh raw đã lưu để bảo toàn nguồn SGK Tin học THCS; chưa xử lý trong P02 bản thu gọn.
LM-SGK-TIN7-4700056620,SGK Tin học 7,7,https://taphuan.nxbgd.vn/tap-huan/doc-sach/sgk-tin-hoc-7.4700056620,4700056620,0054,https://cdn3.olm.vn/upload/taphuan/4700056620-page-54-1775789240047.png,experiments/20260705_215045/source_scope/raw_page_images/SGK_TIN7/page_0054.png,563090,downloaded,Ảnh raw đã lưu để bảo toàn nguồn SGK Tin học THCS; chưa xử lý trong P02 bản thu gọn.
LM-SGK-TIN7-4700056620,SGK Tin học 7,7,https://taphuan.nxbgd.vn/tap-huan/doc-sach/sgk-tin-hoc-7.4700056620,4700056620,0055,https://cdn3.olm.vn/upload/taphuan/4700056620-page-55-1775789240389.png,experiments/20260705_215045/source_scope/raw_page_images/SGK_TIN7/page_0055.png,919348,downloaded,Ảnh raw đã lưu để bảo toàn nguồn SGK Tin học THCS; chưa xử lý trong P02 bản thu gọn.
LM-SGK-TIN7-4700056620,SGK Tin học 7,7,https://taphuan.nxbgd.vn/tap-huan/doc-sach/sgk-tin-hoc-7.4700056620,4700056620,0056,https://cdn3.olm.vn/upload/taphuan/4700056620-page-56-1775789240741.png,experiments/20260705_215045/source_scope/raw_page_images/SGK_TIN7/page_0056.png,708665,downloaded,Ảnh raw đã lưu để bảo toàn nguồn SGK Tin học THCS; chưa xử lý trong P02 bản thu gọn.
LM-SGK-TIN7-4700056620,SGK Tin học 7,7,https://taphuan.nxbgd.vn/tap-huan/doc-sach/sgk-tin-hoc-7.4700056620,4700056620,0057,https://cdn3.olm.vn/upload/taphuan/4700056620-page-57-1775789241109.png,experiments/20260705_215045/source_scope/raw_page_images/SGK_TIN7/page_0057.png,1109376,downloaded,Ảnh raw đã lưu để bảo toàn nguồn SGK Tin học THCS; chưa xử lý trong P02 bản thu gọn.
LM-SGK-TIN7-4700056620,SGK Tin học 7,7,https://taphuan.nxbgd.vn/tap-huan/doc-sach/sgk-tin-hoc-7.4700056620,4700056620,0058,https://cdn3.olm.vn/upload/taphuan/4700056620-page-58-1775789241437.png,experiments/20260705_215045/source_scope/raw_page_images/SGK_TIN7/page_0058.png,665949,downloaded,Ảnh raw đã lưu để bảo toàn nguồn SGK Tin học THCS; chưa xử lý trong P02 bản thu gọn.
LM-SGK-TIN7-4700056620,SGK Tin học 7,7,https://taphuan.nxbgd.vn/tap-huan/doc-sach/sgk-tin-hoc-7.4700056620,4700056620,0059,https://cdn3.olm.vn/upload/taphuan/4700056620-page-59-1775789241736.png,experiments/20260705_215045/source_scope/raw_page_images/SGK_TIN7/page_0059.png,442898,downloaded,Ảnh raw đã lưu để bảo toàn nguồn SGK Tin học THCS; chưa xử lý trong P02 bản thu gọn.
LM-SGK-TIN7-4700056620,SGK Tin học 7,7,https://taphuan.nxbgd.vn/tap-huan/doc-sach/sgk-tin-hoc-7.4700056620,4700056620,0060,https://cdn3.olm.vn/upload/taphuan/4700056620-page-60-1775789242059.png,experiments/20260705_215045/source_scope/raw_page_images/SGK_TIN7/page_0060.png,411171,downloaded,Ảnh raw đã lưu để bảo toàn nguồn SGK Tin học THCS; chưa xử lý trong P02 bản thu gọn.
LM-SGK-TIN7-4700056620,SGK Tin học 7,7,https://taphuan.nxbgd.vn/tap-huan/doc-sach/sgk-tin-hoc-7.4700056620,4700056620,0061,https://cdn3.olm.vn/upload/taphuan/4700056620-page-61-1775789242435.png,experiments/20260705_215045/source_scope/raw_page_images/SGK_TIN7/page_0061.png,467187,downloaded,Ảnh raw đã lưu để bảo toàn nguồn SGK Tin học THCS; chưa xử lý trong P02 bản thu gọn.
LM-SGK-TIN7-4700056620,SGK Tin học 7,7,https://taphuan.nxbgd.vn/tap-huan/doc-sach/sgk-tin-hoc-7.4700056620,4700056620,0062,https://cdn3.olm.vn/upload/taphuan/4700056620-page-62-1775789242758.png,experiments/20260705_215045/source_scope/raw_page_images/SGK_TIN7/page_0062.png,684324,downloaded,Ảnh raw đã lưu để bảo toàn nguồn SGK Tin học THCS; chưa xử lý trong P02 bản thu gọn.
LM-SGK-TIN7-4700056620,SGK Tin học 7,7,https://taphuan.nxbgd.vn/tap-huan/doc-sach/sgk-tin-hoc-7.4700056620,4700056620,0063,https://cdn3.olm.vn/upload/taphuan/4700056620-page-63-1775789243069.png,experiments/20260705_215045/source_scope/raw_page_images/SGK_TIN7/page_0063.png,656629,downloaded,Ảnh raw đã lưu để bảo toàn nguồn SGK Tin học THCS; chưa xử lý trong P02 bản thu gọn.
LM-SGK-TIN7-4700056620,SGK Tin học 7,7,https://taphuan.nxbgd.vn/tap-huan/doc-sach/sgk-tin-hoc-7.4700056620,4700056620,0064,https://cdn3.olm.vn/upload/taphuan/4700056620-page-64-1775789243381.png,experiments/20260705_215045/source_scope/raw_page_images/SGK_TIN7/page_0064.png,801415,downloaded,Ảnh raw đã lưu để bảo toàn nguồn SGK Tin học THCS; chưa xử lý trong P02 bản thu gọn.
LM-SGK-TIN7-4700056620,SGK Tin học 7,7,https://taphuan.nxbgd.vn/tap-huan/doc-sach/sgk-tin-hoc-7.4700056620,4700056620,0065,https://cdn3.olm.vn/upload/taphuan/4700056620-page-65-1775789243699.png,experiments/20260705_215045/source_scope/raw_page_images/SGK_TIN7/page_0065.png,427053,downloaded,Ảnh raw đã lưu để bảo toàn nguồn SGK Tin học THCS; chưa xử lý trong P02 bản thu gọn.
LM-SGK-TIN7-4700056620,SGK Tin học 7,7,https://taphuan.nxbgd.vn/tap-huan/doc-sach/sgk-tin-hoc-7.4700056620,4700056620,0066,https://cdn3.olm.vn/upload/taphuan/4700056620-page-66-1775789244009.png,experiments/20260705_215045/source_scope/raw_page_images/SGK_TIN7/page_0066.png,644581,downloaded,Ảnh raw đã lưu để bảo toàn nguồn SGK Tin học THCS; chưa xử lý trong P02 bản thu gọn.
LM-SGK-TIN7-4700056620,SGK Tin học 7,7,https://taphuan.nxbgd.vn/tap-huan/doc-sach/sgk-tin-hoc-7.4700056620,4700056620,0067,https://cdn3.olm.vn/upload/taphuan/4700056620-page-67-1775789244331.png,experiments/20260705_215045/source_scope/raw_page_images/SGK_TIN7/page_0067.png,543261,downloaded,Ảnh raw đã lưu để bảo toàn nguồn SGK Tin học THCS; chưa xử lý trong P02 bản thu gọn.
LM-SGK-TIN7-4700056620,SGK Tin học 7,7,https://taphuan.nxbgd.vn/tap-huan/doc-sach/sgk-tin-hoc-7.4700056620,4700056620,0068,https://cdn3.olm.vn/upload/taphuan/4700056620-page-68-1775789244655.png,experiments/20260705_215045/source_scope/raw_page_images/SGK_TIN7/page_0068.png,539984,downloaded,Ảnh raw đã lưu để bảo toàn nguồn SGK Tin học THCS; chưa xử lý trong P02 bản thu gọn.
LM-SGK-TIN7-4700056620,SGK Tin học 7,7,https://taphuan.nxbgd.vn/tap-huan/doc-sach/sgk-tin-hoc-7.4700056620,4700056620,0069,https://cdn3.olm.vn/upload/taphuan/4700056620-page-69-1775789245007.png,experiments/20260705_215045/source_scope/raw_page_images/SGK_TIN7/page_0069.png,635498,downloaded,Ảnh raw đã lưu để bảo toàn nguồn SGK Tin học THCS; chưa xử lý trong P02 bản thu gọn.
LM-SGK-TIN7-4700056620,SGK Tin học 7,7,https://taphuan.nxbgd.vn/tap-huan/doc-sach/sgk-tin-hoc-7.4700056620,4700056620,0070,https://cdn3.olm.vn/upload/taphuan/4700056620-page-70-1775789245350.png,experiments/20260705_215045/source_scope/raw_page_images/SGK_TIN7/page_0070.png,737705,downloaded,Ảnh raw đã lưu để bảo toàn nguồn SGK Tin học THCS; chưa xử lý trong P02 bản thu gọn.
LM-SGK-TIN7-4700056620,SGK Tin học 7,7,https://taphuan.nxbgd.vn/tap-huan/doc-sach/sgk-tin-hoc-7.4700056620,4700056620,0071,https://cdn3.olm.vn/upload/taphuan/4700056620-page-71-1775789245663.png,experiments/20260705_215045/source_scope/raw_page_images/SGK_TIN7/page_0071.png,561734,downloaded,Ảnh raw đã lưu để bảo toàn nguồn SGK Tin học THCS; chưa xử lý trong P02 bản thu gọn.
LM-SGK-TIN7-4700056620,SGK Tin học 7,7,https://taphuan.nxbgd.vn/tap-huan/doc-sach/sgk-tin-hoc-7.4700056620,4700056620,0072,https://cdn3.olm.vn/upload/taphuan/4700056620-page-72-1775789245976.png,experiments/20260705_215045/source_scope/raw_page_images/SGK_TIN7/page_0072.png,703910,downloaded,Ảnh raw đã lưu để bảo toàn nguồn SGK Tin học THCS; chưa xử lý trong P02 bản thu gọn.
LM-SGK-TIN7-4700056620,SGK Tin học 7,7,https://taphuan.nxbgd.vn/tap-huan/doc-sach/sgk-tin-hoc-7.4700056620,4700056620,0073,https://cdn3.olm.vn/upload/taphuan/4700056620-page-73-1775789246313.png,experiments/20260705_215045/source_scope/raw_page_images/SGK_TIN7/page_0073.png,492447,downloaded,Ảnh raw đã lưu để bảo toàn nguồn SGK Tin học THCS; chưa xử lý trong P02 bản thu gọn.
LM-SGK-TIN7-4700056620,SGK Tin học 7,7,https://taphuan.nxbgd.vn/tap-huan/doc-sach/sgk-tin-hoc-7.4700056620,4700056620,0074,https://cdn3.olm.vn/upload/taphuan/4700056620-page-74-1775789246643.png,experiments/20260705_215045/source_scope/raw_page_images/SGK_TIN7/page_0074.png,660333,downloaded,Ảnh raw đã lưu để bảo toàn nguồn SGK Tin học THCS; chưa xử lý trong P02 bản thu gọn.
LM-SGK-TIN7-4700056620,SGK Tin học 7,7,https://taphuan.nxbgd.vn/tap-huan/doc-sach/sgk-tin-hoc-7.4700056620,4700056620,0075,https://cdn3.olm.vn/upload/taphuan/4700056620-page-75-1775789246966.png,experiments/20260705_215045/source_scope/raw_page_images/SGK_TIN7/page_0075.png,620243,downloaded,Ảnh raw đã lưu để bảo toàn nguồn SGK Tin học THCS; chưa xử lý trong P02 bản thu gọn.
LM-SGK-TIN7-4700056620,SGK Tin học 7,7,https://taphuan.nxbgd.vn/tap-huan/doc-sach/sgk-tin-hoc-7.4700056620,4700056620,0076,https://cdn3.olm.vn/upload/taphuan/4700056620-page-76-1775789247270.png,experiments/20260705_215045/source_scope/raw_page_images/SGK_TIN7/page_0076.png,376911,downloaded,Ảnh raw đã lưu để bảo toàn nguồn SGK Tin học THCS; chưa xử lý trong P02 bản thu gọn.
LM-SGK-TIN7-4700056620,SGK Tin học 7,7,https://taphuan.nxbgd.vn/tap-huan/doc-sach/sgk-tin-hoc-7.4700056620,4700056620,0077,https://cdn3.olm.vn/upload/taphuan/4700056620-page-77-1775789247614.png,experiments/20260705_215045/source_scope/raw_page_images/SGK_TIN7/page_0077.png,762737,downloaded,Ảnh raw đã lưu để bảo toàn nguồn SGK Tin học THCS; chưa xử lý trong P02 bản thu gọn.
LM-SGK-TIN7-4700056620,SGK Tin học 7,7,https://taphuan.nxbgd.vn/tap-huan/doc-sach/sgk-tin-hoc-7.4700056620,4700056620,0078,https://cdn3.olm.vn/upload/taphuan/4700056620-page-78-1775789247930.png,experiments/20260705_215045/source_scope/raw_page_images/SGK_TIN7/page_0078.png,600994,downloaded,Ảnh raw đã lưu để bảo toàn nguồn SGK Tin học THCS; chưa xử lý trong P02 bản thu gọn.
LM-SGK-TIN7-4700056620,SGK Tin học 7,7,https://taphuan.nxbgd.vn/tap-huan/doc-sach/sgk-tin-hoc-7.4700056620,4700056620,0079,https://cdn3.olm.vn/upload/taphuan/4700056620-page-79-1775789248237.png,experiments/20260705_215045/source_scope/raw_page_images/SGK_TIN7/page_0079.png,743142,downloaded,Ảnh raw đã lưu để bảo toàn nguồn SGK Tin học THCS; chưa xử lý trong P02 bản thu gọn.
LM-SGK-TIN7-4700056620,SGK Tin học 7,7,https://taphuan.nxbgd.vn/tap-huan/doc-sach/sgk-tin-hoc-7.4700056620,4700056620,0080,https://cdn3.olm.vn/upload/taphuan/4700056620-page-80-1775789248551.png,experiments/20260705_215045/source_scope/raw_page_images/SGK_TIN7/page_0080.png,409131,downloaded,Ảnh raw đã lưu để bảo toàn nguồn SGK Tin học THCS; chưa xử lý trong P02 bản thu gọn.
LM-SGK-TIN7-4700056620,SGK Tin học 7,7,https://taphuan.nxbgd.vn/tap-huan/doc-sach/sgk-tin-hoc-7.4700056620,4700056620,0081,https://cdn3.olm.vn/upload/taphuan/4700056620-page-81-1775789248913.png,experiments/20260705_215045/source_scope/raw_page_images/SGK_TIN7/page_0081.png,690790,downloaded,Ảnh raw đã lưu để bảo toàn nguồn SGK Tin học THCS; chưa xử lý trong P02 bản thu gọn.
LM-SGK-TIN7-4700056620,SGK Tin học 7,7,https://taphuan.nxbgd.vn/tap-huan/doc-sach/sgk-tin-hoc-7.4700056620,4700056620,0082,https://cdn3.olm.vn/upload/taphuan/4700056620-page-82-1775789249225.png,experiments/20260705_215045/source_scope/raw_page_images/SGK_TIN7/page_0082.png,577074,downloaded,Ảnh raw đã lưu để bảo toàn nguồn SGK Tin học THCS; chưa xử lý trong P02 bản thu gọn.
LM-SGK-TIN7-4700056620,SGK Tin học 7,7,https://taphuan.nxbgd.vn/tap-huan/doc-sach/sgk-tin-hoc-7.4700056620,4700056620,0083,https://cdn3.olm.vn/upload/taphuan/4700056620-page-83-1775789249547.png,experiments/20260705_215045/source_scope/raw_page_images/SGK_TIN7/page_0083.png,753648,downloaded,Ảnh raw đã lưu để bảo toàn nguồn SGK Tin học THCS; chưa xử lý trong P02 bản thu gọn.
LM-SGK-TIN7-4700056620,SGK Tin học 7,7,https://taphuan.nxbgd.vn/tap-huan/doc-sach/sgk-tin-hoc-7.4700056620,4700056620,0084,https://cdn3.olm.vn/upload/taphuan/4700056620-page-84-1775789249861.png,experiments/20260705_215045/source_scope/raw_page_images/SGK_TIN7/page_0084.png,602745,downloaded,Ảnh raw đã lưu để bảo toàn nguồn SGK Tin học THCS; chưa xử lý trong P02 bản thu gọn.
LM-SGK-TIN7-4700056620,SGK Tin học 7,7,https://taphuan.nxbgd.vn/tap-huan/doc-sach/sgk-tin-hoc-7.4700056620,4700056620,0085,https://cdn3.olm.vn/upload/taphuan/4700056620-page-85-1775789250145.png,experiments/20260705_215045/source_scope/raw_page_images/SGK_TIN7/page_0085.png,253743,downloaded,Ảnh raw đã lưu để bảo toàn nguồn SGK Tin học THCS; chưa xử lý trong P02 bản thu gọn.
LM-SGK-TIN7-4700056620,SGK Tin học 7,7,https://taphuan.nxbgd.vn/tap-huan/doc-sach/sgk-tin-hoc-7.4700056620,4700056620,0086,https://cdn3.olm.vn/upload/taphuan/4700056620-page-86-1775789250463.png,experiments/20260705_215045/source_scope/raw_page_images/SGK_TIN7/page_0086.png,732412,downloaded,Ảnh raw đã lưu để bảo toàn nguồn SGK Tin học THCS; chưa xử lý trong P02 bản thu gọn.
LM-SGK-TIN8-4700157933,SGK Tin học 8,8,https://taphuan.nxbgd.vn/tap-huan/doc-sach/sgk-tin-hoc-8.4700157933,4700157933,0001,https://cdn3.olm.vn/upload/taphuan/4700157933-page-1-1775791082919.png,experiments/20260705_215045/source_scope/raw_page_images/SGK_TIN8/page_0001.png,1381528,downloaded,Ảnh raw đã lưu để bảo toàn nguồn SGK Tin học THCS; chưa xử lý trong P02 bản thu gọn.
LM-SGK-TIN8-4700157933,SGK Tin học 8,8,https://taphuan.nxbgd.vn/tap-huan/doc-sach/sgk-tin-hoc-8.4700157933,4700157933,0002,https://cdn3.olm.vn/upload/taphuan/4700157933-page-2-1775791083204.png,experiments/20260705_215045/source_scope/raw_page_images/SGK_TIN8/page_0002.png,179883,downloaded,Ảnh raw đã lưu để bảo toàn nguồn SGK Tin học THCS; chưa xử lý trong P02 bản thu gọn.
LM-SGK-TIN8-4700157933,SGK Tin học 8,8,https://taphuan.nxbgd.vn/tap-huan/doc-sach/sgk-tin-hoc-8.4700157933,4700157933,0003,https://cdn3.olm.vn/upload/taphuan/4700157933-page-3-1775791083550.png,experiments/20260705_215045/source_scope/raw_page_images/SGK_TIN8/page_0003.png,644151,downloaded,Ảnh raw đã lưu để bảo toàn nguồn SGK Tin học THCS; chưa xử lý trong P02 bản thu gọn.
LM-SGK-TIN8-4700157933,SGK Tin học 8,8,https://taphuan.nxbgd.vn/tap-huan/doc-sach/sgk-tin-hoc-8.4700157933,4700157933,0004,https://cdn3.olm.vn/upload/taphuan/4700157933-page-4-1775791083878.png,experiments/20260705_215045/source_scope/raw_page_images/SGK_TIN8/page_0004.png,555605,downloaded,Ảnh raw đã lưu để bảo toàn nguồn SGK Tin học THCS; chưa xử lý trong P02 bản thu gọn.
LM-SGK-TIN8-4700157933,SGK Tin học 8,8,https://taphuan.nxbgd.vn/tap-huan/doc-sach/sgk-tin-hoc-8.4700157933,4700157933,0005,https://cdn3.olm.vn/upload/taphuan/4700157933-page-5-1775791084219.png,experiments/20260705_215045/source_scope/raw_page_images/SGK_TIN8/page_0005.png,519401,downloaded,Ảnh raw đã lưu để bảo toàn nguồn SGK Tin học THCS; chưa xử lý trong P02 bản thu gọn.
LM-SGK-TIN8-4700157933,SGK Tin học 8,8,https://taphuan.nxbgd.vn/tap-huan/doc-sach/sgk-tin-hoc-8.4700157933,4700157933,0006,https://cdn3.olm.vn/upload/taphuan/4700157933-page-6-1775791084582.png,experiments/20260705_215045/source_scope/raw_page_images/SGK_TIN8/page_0006.png,752745,downloaded,Ảnh raw đã lưu để bảo toàn nguồn SGK Tin học THCS; chưa xử lý trong P02 bản thu gọn.
LM-SGK-TIN8-4700157933,SGK Tin học 8,8,https://taphuan.nxbgd.vn/tap-huan/doc-sach/sgk-tin-hoc-8.4700157933,4700157933,0007,https://cdn3.olm.vn/upload/taphuan/4700157933-page-7-1775791084954.png,experiments/20260705_215045/source_scope/raw_page_images/SGK_TIN8/page_0007.png,724033,downloaded,Ảnh raw đã lưu để bảo toàn nguồn SGK Tin học THCS; chưa xử lý trong P02 bản thu gọn.
LM-SGK-TIN8-4700157933,SGK Tin học 8,8,https://taphuan.nxbgd.vn/tap-huan/doc-sach/sgk-tin-hoc-8.4700157933,4700157933,0008,https://cdn3.olm.vn/upload/taphuan/4700157933-page-8-1775791085318.png,experiments/20260705_215045/source_scope/raw_page_images/SGK_TIN8/page_0008.png,760472,downloaded,Ảnh raw đã lưu để bảo toàn nguồn SGK Tin học THCS; chưa xử lý trong P02 bản thu gọn.
LM-SGK-TIN8-4700157933,SGK Tin học 8,8,https://taphuan.nxbgd.vn/tap-huan/doc-sach/sgk-tin-hoc-8.4700157933,4700157933,0009,https://cdn3.olm.vn/upload/taphuan/4700157933-page-9-1775791085659.png,experiments/20260705_215045/source_scope/raw_page_images/SGK_TIN8/page_0009.png,714219,downloaded,Ảnh raw đã lưu để bảo toàn nguồn SGK Tin học THCS; chưa xử lý trong P02 bản thu gọn.
LM-SGK-TIN8-4700157933,SGK Tin học 8,8,https://taphuan.nxbgd.vn/tap-huan/doc-sach/sgk-tin-hoc-8.4700157933,4700157933,0010,https://cdn3.olm.vn/upload/taphuan/4700157933-page-10-1775791085991.png,experiments/20260705_215045/source_scope/raw_page_images/SGK_TIN8/page_0010.png,688819,downloaded,Ảnh raw đã lưu để bảo toàn nguồn SGK Tin học THCS; chưa xử lý trong P02 bản thu gọn.
LM-SGK-TIN8-4700157933,SGK Tin học 8,8,https://taphuan.nxbgd.vn/tap-huan/doc-sach/sgk-tin-hoc-8.4700157933,4700157933,0011,https://cdn3.olm.vn/upload/taphuan/4700157933-page-11-1775791086321.png,experiments/20260705_215045/source_scope/raw_page_images/SGK_TIN8/page_0011.png,701249,downloaded,Ảnh raw đã lưu để bảo toàn nguồn SGK Tin học THCS; chưa xử lý trong P02 bản thu gọn.
LM-SGK-TIN8-4700157933,SGK Tin học 8,8,https://taphuan.nxbgd.vn/tap-huan/doc-sach/sgk-tin-hoc-8.4700157933,4700157933,0012,https://cdn3.olm.vn/upload/taphuan/4700157933-page-12-1775791086826.png,experiments/20260705_215045/source_scope/raw_page_images/SGK_TIN8/page_0012.png,676444,downloaded,Ảnh raw đã lưu để bảo toàn nguồn SGK Tin học THCS; chưa xử lý trong P02 bản thu gọn.
LM-SGK-TIN8-4700157933,SGK Tin học 8,8,https://taphuan.nxbgd.vn/tap-huan/doc-sach/sgk-tin-hoc-8.4700157933,4700157933,0013,https://cdn3.olm.vn/upload/taphuan/4700157933-page-13-1775791087165.png,experiments/20260705_215045/source_scope/raw_page_images/SGK_TIN8/page_0013.png,742658,downloaded,Ảnh raw đã lưu để bảo toàn nguồn SGK Tin học THCS; chưa xử lý trong P02 bản thu gọn.
LM-SGK-TIN8-4700157933,SGK Tin học 8,8,https://taphuan.nxbgd.vn/tap-huan/doc-sach/sgk-tin-hoc-8.4700157933,4700157933,0014,https://cdn3.olm.vn/upload/taphuan/4700157933-page-14-1775791087496.png,experiments/20260705_215045/source_scope/raw_page_images/SGK_TIN8/page_0014.png,554067,downloaded,Ảnh raw đã lưu để bảo toàn nguồn SGK Tin học THCS; chưa xử lý trong P02 bản thu gọn.
LM-SGK-TIN8-4700157933,SGK Tin học 8,8,https://taphuan.nxbgd.vn/tap-huan/doc-sach/sgk-tin-hoc-8.4700157933,4700157933,0015,https://cdn3.olm.vn/upload/taphuan/4700157933-page-15-1775791087855.png,experiments/20260705_215045/source_scope/raw_page_images/SGK_TIN8/page_0015.png,624420,downloaded,Ảnh raw đã lưu để bảo toàn nguồn SGK Tin học THCS; chưa xử lý trong P02 bản thu gọn.
LM-SGK-TIN8-4700157933,SGK Tin học 8,8,https://taphuan.nxbgd.vn/tap-huan/doc-sach/sgk-tin-hoc-8.4700157933,4700157933,0016,https://cdn3.olm.vn/upload/taphuan/4700157933-page-16-1775791088201.png,experiments/20260705_215045/source_scope/raw_page_images/SGK_TIN8/page_0016.png,538423,downloaded,Ảnh raw đã lưu để bảo toàn nguồn SGK Tin học THCS; chưa xử lý trong P02 bản thu gọn.
LM-SGK-TIN8-4700157933,SGK Tin học 8,8,https://taphuan.nxbgd.vn/tap-huan/doc-sach/sgk-tin-hoc-8.4700157933,4700157933,0017,https://cdn3.olm.vn/upload/taphuan/4700157933-page-17-1775791088537.png,experiments/20260705_215045/source_scope/raw_page_images/SGK_TIN8/page_0017.png,461655,downloaded,Ảnh raw đã lưu để bảo toàn nguồn SGK Tin học THCS; chưa xử lý trong P02 bản thu gọn.
LM-SGK-TIN8-4700157933,SGK Tin học 8,8,https://taphuan.nxbgd.vn/tap-huan/doc-sach/sgk-tin-hoc-8.4700157933,4700157933,0018,https://cdn3.olm.vn/upload/taphuan/4700157933-page-18-1775791088850.png,experiments/20260705_215045/source_scope/raw_page_images/SGK_TIN8/page_0018.png,412393,downloaded,Ảnh raw đã lưu để bảo toàn nguồn SGK Tin học THCS; chưa xử lý trong P02 bản thu gọn.
LM-SGK-TIN8-4700157933,SGK Tin học 8,8,https://taphuan.nxbgd.vn/tap-huan/doc-sach/sgk-tin-hoc-8.4700157933,4700157933,0019,https://cdn3.olm.vn/upload/taphuan/4700157933-page-19-1775791089210.png,experiments/20260705_215045/source_scope/raw_page_images/SGK_TIN8/page_0019.png,1125822,downloaded,Ảnh raw đã lưu để bảo toàn nguồn SGK Tin học THCS; chưa xử lý trong P02 bản thu gọn.
LM-SGK-TIN8-4700157933,SGK Tin học 8,8,https://taphuan.nxbgd.vn/tap-huan/doc-sach/sgk-tin-hoc-8.4700157933,4700157933,0020,https://cdn3.olm.vn/upload/taphuan/4700157933-page-20-1775791089559.png,experiments/20260705_215045/source_scope/raw_page_images/SGK_TIN8/page_0020.png,749940,downloaded,Ảnh raw đã lưu để bảo toàn nguồn SGK Tin học THCS; chưa xử lý trong P02 bản thu gọn.
LM-SGK-TIN8-4700157933,SGK Tin học 8,8,https://taphuan.nxbgd.vn/tap-huan/doc-sach/sgk-tin-hoc-8.4700157933,4700157933,0021,https://cdn3.olm.vn/upload/taphuan/4700157933-page-21-1775791089899.png,experiments/20260705_215045/source_scope/raw_page_images/SGK_TIN8/page_0021.png,707288,downloaded,Ảnh raw đã lưu để bảo toàn nguồn SGK Tin học THCS; chưa xử lý trong P02 bản thu gọn.
LM-SGK-TIN8-4700157933,SGK Tin học 8,8,https://taphuan.nxbgd.vn/tap-huan/doc-sach/sgk-tin-hoc-8.4700157933,4700157933,0022,https://cdn3.olm.vn/upload/taphuan/4700157933-page-22-1775791090247.png,experiments/20260705_215045/source_scope/raw_page_images/SGK_TIN8/page_0022.png,626121,downloaded,Ảnh raw đã lưu để bảo toàn nguồn SGK Tin học THCS; chưa xử lý trong P02 bản thu gọn.
LM-SGK-TIN8-4700157933,SGK Tin học 8,8,https://taphuan.nxbgd.vn/tap-huan/doc-sach/sgk-tin-hoc-8.4700157933,4700157933,0023,https://cdn3.olm.vn/upload/taphuan/4700157933-page-23-1775791090617.png,experiments/20260705_215045/source_scope/raw_page_images/SGK_TIN8/page_0023.png,735600,downloaded,Ảnh raw đã lưu để bảo toàn nguồn SGK Tin học THCS; chưa xử lý trong P02 bản thu gọn.
LM-SGK-TIN8-4700157933,SGK Tin học 8,8,https://taphuan.nxbgd.vn/tap-huan/doc-sach/sgk-tin-hoc-8.4700157933,4700157933,0024,https://cdn3.olm.vn/upload/taphuan/4700157933-page-24-1775791091031.png,experiments/20260705_215045/source_scope/raw_page_images/SGK_TIN8/page_0024.png,775012,downloaded,Ảnh raw đã lưu để bảo toàn nguồn SGK Tin học THCS; chưa xử lý trong P02 bản thu gọn.
LM-SGK-TIN8-4700157933,SGK Tin học 8,8,https://taphuan.nxbgd.vn/tap-huan/doc-sach/sgk-tin-hoc-8.4700157933,4700157933,0025,https://cdn3.olm.vn/upload/taphuan/4700157933-page-25-1775791091381.png,experiments/20260705_215045/source_scope/raw_page_images/SGK_TIN8/page_0025.png,553508,downloaded,Ảnh raw đã lưu để bảo toàn nguồn SGK Tin học THCS; chưa xử lý trong P02 bản thu gọn.
LM-SGK-TIN8-4700157933,SGK Tin học 8,8,https://taphuan.nxbgd.vn/tap-huan/doc-sach/sgk-tin-hoc-8.4700157933,4700157933,0026,https://cdn3.olm.vn/upload/taphuan/4700157933-page-26-1775791091720.png,experiments/20260705_215045/source_scope/raw_page_images/SGK_TIN8/page_0026.png,635370,downloaded,Ảnh raw đã lưu để bảo toàn nguồn SGK Tin học THCS; chưa xử lý trong P02 bản thu gọn.
LM-SGK-TIN8-4700157933,SGK Tin học 8,8,https://taphuan.nxbgd.vn/tap-huan/doc-sach/sgk-tin-hoc-8.4700157933,4700157933,0027,https://cdn3.olm.vn/upload/taphuan/4700157933-page-27-1775791092070.png,experiments/20260705_215045/source_scope/raw_page_images/SGK_TIN8/page_0027.png,562601,downloaded,Ảnh raw đã lưu để bảo toàn nguồn SGK Tin học THCS; chưa xử lý trong P02 bản thu gọn.
LM-SGK-TIN8-4700157933,SGK Tin học 8,8,https://taphuan.nxbgd.vn/tap-huan/doc-sach/sgk-tin-hoc-8.4700157933,4700157933,0028,https://cdn3.olm.vn/upload/taphuan/4700157933-page-28-1775791092418.png,experiments/20260705_215045/source_scope/raw_page_images/SGK_TIN8/page_0028.png,686985,downloaded,Ảnh raw đã lưu để bảo toàn nguồn SGK Tin học THCS; chưa xử lý trong P02 bản thu gọn.
LM-SGK-TIN8-4700157933,SGK Tin học 8,8,https://taphuan.nxbgd.vn/tap-huan/doc-sach/sgk-tin-hoc-8.4700157933,4700157933,0029,https://cdn3.olm.vn/upload/taphuan/4700157933-page-29-1775791092771.png,experiments/20260705_215045/source_scope/raw_page_images/SGK_TIN8/page_0029.png,672064,downloaded,Ảnh raw đã lưu để bảo toàn nguồn SGK Tin học THCS; chưa xử lý trong P02 bản thu gọn.
LM-SGK-TIN8-4700157933,SGK Tin học 8,8,https://taphuan.nxbgd.vn/tap-huan/doc-sach/sgk-tin-hoc-8.4700157933,4700157933,0030,https://cdn3.olm.vn/upload/taphuan/4700157933-page-30-1775791093111.png,experiments/20260705_215045/source_scope/raw_page_images/SGK_TIN8/page_0030.png,590400,downloaded,Ảnh raw đã lưu để bảo toàn nguồn SGK Tin học THCS; chưa xử lý trong P02 bản thu gọn.
LM-SGK-TIN8-4700157933,SGK Tin học 8,8,https://taphuan.nxbgd.vn/tap-huan/doc-sach/sgk-tin-hoc-8.4700157933,4700157933,0031,https://cdn3.olm.vn/upload/taphuan/4700157933-page-31-1775791093479.png,experiments/20260705_215045/source_scope/raw_page_images/SGK_TIN8/page_0031.png,898256,downloaded,Ảnh raw đã lưu để bảo toàn nguồn SGK Tin học THCS; chưa xử lý trong P02 bản thu gọn.
LM-SGK-TIN8-4700157933,SGK Tin học 8,8,https://taphuan.nxbgd.vn/tap-huan/doc-sach/sgk-tin-hoc-8.4700157933,4700157933,0032,https://cdn3.olm.vn/upload/taphuan/4700157933-page-32-1775791093839.png,experiments/20260705_215045/source_scope/raw_page_images/SGK_TIN8/page_0032.png,627071,downloaded,Ảnh raw đã lưu để bảo toàn nguồn SGK Tin học THCS; chưa xử lý trong P02 bản thu gọn.
LM-SGK-TIN8-4700157933,SGK Tin học 8,8,https://taphuan.nxbgd.vn/tap-huan/doc-sach/sgk-tin-hoc-8.4700157933,4700157933,0033,https://cdn3.olm.vn/upload/taphuan/4700157933-page-33-1775791094185.png,experiments/20260705_215045/source_scope/raw_page_images/SGK_TIN8/page_0033.png,518925,downloaded,Ảnh raw đã lưu để bảo toàn nguồn SGK Tin học THCS; chưa xử lý trong P02 bản thu gọn.
LM-SGK-TIN8-4700157933,SGK Tin học 8,8,https://taphuan.nxbgd.vn/tap-huan/doc-sach/sgk-tin-hoc-8.4700157933,4700157933,0034,https://cdn3.olm.vn/upload/taphuan/4700157933-page-34-1775791094526.png,experiments/20260705_215045/source_scope/raw_page_images/SGK_TIN8/page_0034.png,578880,downloaded,Ảnh raw đã lưu để bảo toàn nguồn SGK Tin học THCS; chưa xử lý trong P02 bản thu gọn.
LM-SGK-TIN8-4700157933,SGK Tin học 8,8,https://taphuan.nxbgd.vn/tap-huan/doc-sach/sgk-tin-hoc-8.4700157933,4700157933,0035,https://cdn3.olm.vn/upload/taphuan/4700157933-page-35-1775791094845.png,experiments/20260705_215045/source_scope/raw_page_images/SGK_TIN8/page_0035.png,422491,downloaded,Ảnh raw đã lưu để bảo toàn nguồn SGK Tin học THCS; chưa xử lý trong P02 bản thu gọn.
LM-SGK-TIN8-4700157933,SGK Tin học 8,8,https://taphuan.nxbgd.vn/tap-huan/doc-sach/sgk-tin-hoc-8.4700157933,4700157933,0036,https://cdn3.olm.vn/upload/taphuan/4700157933-page-36-1775791095189.png,experiments/20260705_215045/source_scope/raw_page_images/SGK_TIN8/page_0036.png,519710,downloaded,Ảnh raw đã lưu để bảo toàn nguồn SGK Tin học THCS; chưa xử lý trong P02 bản thu gọn.
LM-SGK-TIN8-4700157933,SGK Tin học 8,8,https://taphuan.nxbgd.vn/tap-huan/doc-sach/sgk-tin-hoc-8.4700157933,4700157933,0037,https://cdn3.olm.vn/upload/taphuan/4700157933-page-37-1775791095525.png,experiments/20260705_215045/source_scope/raw_page_images/SGK_TIN8/page_0037.png,597709,downloaded,Ảnh raw đã lưu để bảo toàn nguồn SGK Tin học THCS; chưa xử lý trong P02 bản thu gọn.
LM-SGK-TIN8-4700157933,SGK Tin học 8,8,https://taphuan.nxbgd.vn/tap-huan/doc-sach/sgk-tin-hoc-8.4700157933,4700157933,0038,https://cdn3.olm.vn/upload/taphuan/4700157933-page-38-1775791095892.png,experiments/20260705_215045/source_scope/raw_page_images/SGK_TIN8/page_0038.png,919368,downloaded,Ảnh raw đã lưu để bảo toàn nguồn SGK Tin học THCS; chưa xử lý trong P02 bản thu gọn.
LM-SGK-TIN8-4700157933,SGK Tin học 8,8,https://taphuan.nxbgd.vn/tap-huan/doc-sach/sgk-tin-hoc-8.4700157933,4700157933,0039,https://cdn3.olm.vn/upload/taphuan/4700157933-page-39-1775791096246.png,experiments/20260705_215045/source_scope/raw_page_images/SGK_TIN8/page_0039.png,629926,downloaded,Ảnh raw đã lưu để bảo toàn nguồn SGK Tin học THCS; chưa xử lý trong P02 bản thu gọn.
LM-SGK-TIN8-4700157933,SGK Tin học 8,8,https://taphuan.nxbgd.vn/tap-huan/doc-sach/sgk-tin-hoc-8.4700157933,4700157933,0040,https://cdn3.olm.vn/upload/taphuan/4700157933-page-40-1775791096597.png,experiments/20260705_215045/source_scope/raw_page_images/SGK_TIN8/page_0040.png,599707,downloaded,Ảnh raw đã lưu để bảo toàn nguồn SGK Tin học THCS; chưa xử lý trong P02 bản thu gọn.
LM-SGK-TIN8-4700157933,SGK Tin học 8,8,https://taphuan.nxbgd.vn/tap-huan/doc-sach/sgk-tin-hoc-8.4700157933,4700157933,0041,https://cdn3.olm.vn/upload/taphuan/4700157933-page-41-1775791096931.png,experiments/20260705_215045/source_scope/raw_page_images/SGK_TIN8/page_0041.png,592892,downloaded,Ảnh raw đã lưu để bảo toàn nguồn SGK Tin học THCS; chưa xử lý trong P02 bản thu gọn.
LM-SGK-TIN8-4700157933,SGK Tin học 8,8,https://taphuan.nxbgd.vn/tap-huan/doc-sach/sgk-tin-hoc-8.4700157933,4700157933,0042,https://cdn3.olm.vn/upload/taphuan/4700157933-page-42-1775791097325.png,experiments/20260705_215045/source_scope/raw_page_images/SGK_TIN8/page_0042.png,581048,downloaded,Ảnh raw đã lưu để bảo toàn nguồn SGK Tin học THCS; chưa xử lý trong P02 bản thu gọn.
LM-SGK-TIN8-4700157933,SGK Tin học 8,8,https://taphuan.nxbgd.vn/tap-huan/doc-sach/sgk-tin-hoc-8.4700157933,4700157933,0043,https://cdn3.olm.vn/upload/taphuan/4700157933-page-43-1775791097661.png,experiments/20260705_215045/source_scope/raw_page_images/SGK_TIN8/page_0043.png,724779,downloaded,Ảnh raw đã lưu để bảo toàn nguồn SGK Tin học THCS; chưa xử lý trong P02 bản thu gọn.
LM-SGK-TIN8-4700157933,SGK Tin học 8,8,https://taphuan.nxbgd.vn/tap-huan/doc-sach/sgk-tin-hoc-8.4700157933,4700157933,0044,https://cdn3.olm.vn/upload/taphuan/4700157933-page-44-1775791097984.png,experiments/20260705_215045/source_scope/raw_page_images/SGK_TIN8/page_0044.png,681121,downloaded,Ảnh raw đã lưu để bảo toàn nguồn SGK Tin học THCS; chưa xử lý trong P02 bản thu gọn.
LM-SGK-TIN8-4700157933,SGK Tin học 8,8,https://taphuan.nxbgd.vn/tap-huan/doc-sach/sgk-tin-hoc-8.4700157933,4700157933,0045,https://cdn3.olm.vn/upload/taphuan/4700157933-page-45-1775791098308.png,experiments/20260705_215045/source_scope/raw_page_images/SGK_TIN8/page_0045.png,480073,downloaded,Ảnh raw đã lưu để bảo toàn nguồn SGK Tin học THCS; chưa xử lý trong P02 bản thu gọn.
LM-SGK-TIN8-4700157933,SGK Tin học 8,8,https://taphuan.nxbgd.vn/tap-huan/doc-sach/sgk-tin-hoc-8.4700157933,4700157933,0046,https://cdn3.olm.vn/upload/taphuan/4700157933-page-46-1775791098663.png,experiments/20260705_215045/source_scope/raw_page_images/SGK_TIN8/page_0046.png,407566,downloaded,Ảnh raw đã lưu để bảo toàn nguồn SGK Tin học THCS; chưa xử lý trong P02 bản thu gọn.
LM-SGK-TIN8-4700157933,SGK Tin học 8,8,https://taphuan.nxbgd.vn/tap-huan/doc-sach/sgk-tin-hoc-8.4700157933,4700157933,0047,https://cdn3.olm.vn/upload/taphuan/4700157933-page-47-1775791099013.png,experiments/20260705_215045/source_scope/raw_page_images/SGK_TIN8/page_0047.png,1089649,downloaded,Ảnh raw đã lưu để bảo toàn nguồn SGK Tin học THCS; chưa xử lý trong P02 bản thu gọn.
LM-SGK-TIN8-4700157933,SGK Tin học 8,8,https://taphuan.nxbgd.vn/tap-huan/doc-sach/sgk-tin-hoc-8.4700157933,4700157933,0048,https://cdn3.olm.vn/upload/taphuan/4700157933-page-48-1775791099353.png,experiments/20260705_215045/source_scope/raw_page_images/SGK_TIN8/page_0048.png,708775,downloaded,Ảnh raw đã lưu để bảo toàn nguồn SGK Tin học THCS; chưa xử lý trong P02 bản thu gọn.
LM-SGK-TIN8-4700157933,SGK Tin học 8,8,https://taphuan.nxbgd.vn/tap-huan/doc-sach/sgk-tin-hoc-8.4700157933,4700157933,0049,https://cdn3.olm.vn/upload/taphuan/4700157933-page-49-1775791099689.png,experiments/20260705_215045/source_scope/raw_page_images/SGK_TIN8/page_0049.png,887863,downloaded,Ảnh raw đã lưu để bảo toàn nguồn SGK Tin học THCS; chưa xử lý trong P02 bản thu gọn.
LM-SGK-TIN8-4700157933,SGK Tin học 8,8,https://taphuan.nxbgd.vn/tap-huan/doc-sach/sgk-tin-hoc-8.4700157933,4700157933,0050,https://cdn3.olm.vn/upload/taphuan/4700157933-page-50-1775791100021.png,experiments/20260705_215045/source_scope/raw_page_images/SGK_TIN8/page_0050.png,440245,downloaded,Ảnh raw đã lưu để bảo toàn nguồn SGK Tin học THCS; chưa xử lý trong P02 bản thu gọn.
LM-SGK-TIN8-4700157933,SGK Tin học 8,8,https://taphuan.nxbgd.vn/tap-huan/doc-sach/sgk-tin-hoc-8.4700157933,4700157933,0051,https://cdn3.olm.vn/upload/taphuan/4700157933-page-51-1775791100340.png,experiments/20260705_215045/source_scope/raw_page_images/SGK_TIN8/page_0051.png,600728,downloaded,Ảnh raw đã lưu để bảo toàn nguồn SGK Tin học THCS; chưa xử lý trong P02 bản thu gọn.
LM-SGK-TIN8-4700157933,SGK Tin học 8,8,https://taphuan.nxbgd.vn/tap-huan/doc-sach/sgk-tin-hoc-8.4700157933,4700157933,0052,https://cdn3.olm.vn/upload/taphuan/4700157933-page-52-1775791100705.png,experiments/20260705_215045/source_scope/raw_page_images/SGK_TIN8/page_0052.png,745066,downloaded,Ảnh raw đã lưu để bảo toàn nguồn SGK Tin học THCS; chưa xử lý trong P02 bản thu gọn.
LM-SGK-TIN8-4700157933,SGK Tin học 8,8,https://taphuan.nxbgd.vn/tap-huan/doc-sach/sgk-tin-hoc-8.4700157933,4700157933,0053,https://cdn3.olm.vn/upload/taphuan/4700157933-page-53-1775791101110.png,experiments/20260705_215045/source_scope/raw_page_images/SGK_TIN8/page_0053.png,1000116,downloaded,Ảnh raw đã lưu để bảo toàn nguồn SGK Tin học THCS; chưa xử lý trong P02 bản thu gọn.
LM-SGK-TIN8-4700157933,SGK Tin học 8,8,https://taphuan.nxbgd.vn/tap-huan/doc-sach/sgk-tin-hoc-8.4700157933,4700157933,0054,https://cdn3.olm.vn/upload/taphuan/4700157933-page-54-1775791101455.png,experiments/20260705_215045/source_scope/raw_page_images/SGK_TIN8/page_0054.png,583305,downloaded,Ảnh raw đã lưu để bảo toàn nguồn SGK Tin học THCS; chưa xử lý trong P02 bản thu gọn.
LM-SGK-TIN8-4700157933,SGK Tin học 8,8,https://taphuan.nxbgd.vn/tap-huan/doc-sach/sgk-tin-hoc-8.4700157933,4700157933,0055,https://cdn3.olm.vn/upload/taphuan/4700157933-page-55-1775791101808.png,experiments/20260705_215045/source_scope/raw_page_images/SGK_TIN8/page_0055.png,604936,downloaded,Ảnh raw đã lưu để bảo toàn nguồn SGK Tin học THCS; chưa xử lý trong P02 bản thu gọn.
LM-SGK-TIN8-4700157933,SGK Tin học 8,8,https://taphuan.nxbgd.vn/tap-huan/doc-sach/sgk-tin-hoc-8.4700157933,4700157933,0056,https://cdn3.olm.vn/upload/taphuan/4700157933-page-56-1775791102139.png,experiments/20260705_215045/source_scope/raw_page_images/SGK_TIN8/page_0056.png,527261,downloaded,Ảnh raw đã lưu để bảo toàn nguồn SGK Tin học THCS; chưa xử lý trong P02 bản thu gọn.
LM-SGK-TIN8-4700157933,SGK Tin học 8,8,https://taphuan.nxbgd.vn/tap-huan/doc-sach/sgk-tin-hoc-8.4700157933,4700157933,0057,https://cdn3.olm.vn/upload/taphuan/4700157933-page-57-1775791102483.png,experiments/20260705_215045/source_scope/raw_page_images/SGK_TIN8/page_0057.png,579667,downloaded,Ảnh raw đã lưu để bảo toàn nguồn SGK Tin học THCS; chưa xử lý trong P02 bản thu gọn.
LM-SGK-TIN8-4700157933,SGK Tin học 8,8,https://taphuan.nxbgd.vn/tap-huan/doc-sach/sgk-tin-hoc-8.4700157933,4700157933,0058,https://cdn3.olm.vn/upload/taphuan/4700157933-page-58-1775791102857.png,experiments/20260705_215045/source_scope/raw_page_images/SGK_TIN8/page_0058.png,994532,downloaded,Ảnh raw đã lưu để bảo toàn nguồn SGK Tin học THCS; chưa xử lý trong P02 bản thu gọn.
LM-SGK-TIN8-4700157933,SGK Tin học 8,8,https://taphuan.nxbgd.vn/tap-huan/doc-sach/sgk-tin-hoc-8.4700157933,4700157933,0059,https://cdn3.olm.vn/upload/taphuan/4700157933-page-59-1775791103223.png,experiments/20260705_215045/source_scope/raw_page_images/SGK_TIN8/page_0059.png,753497,downloaded,Ảnh raw đã lưu để bảo toàn nguồn SGK Tin học THCS; chưa xử lý trong P02 bản thu gọn.
LM-SGK-TIN8-4700157933,SGK Tin học 8,8,https://taphuan.nxbgd.vn/tap-huan/doc-sach/sgk-tin-hoc-8.4700157933,4700157933,0060,https://cdn3.olm.vn/upload/taphuan/4700157933-page-60-1775791103574.png,experiments/20260705_215045/source_scope/raw_page_images/SGK_TIN8/page_0060.png,733962,downloaded,Ảnh raw đã lưu để bảo toàn nguồn SGK Tin học THCS; chưa xử lý trong P02 bản thu gọn.
LM-SGK-TIN8-4700157933,SGK Tin học 8,8,https://taphuan.nxbgd.vn/tap-huan/doc-sach/sgk-tin-hoc-8.4700157933,4700157933,0061,https://cdn3.olm.vn/upload/taphuan/4700157933-page-61-1775791103910.png,experiments/20260705_215045/source_scope/raw_page_images/SGK_TIN8/page_0061.png,806502,downloaded,Ảnh raw đã lưu để bảo toàn nguồn SGK Tin học THCS; chưa xử lý trong P02 bản thu gọn.
LM-SGK-TIN8-4700157933,SGK Tin học 8,8,https://taphuan.nxbgd.vn/tap-huan/doc-sach/sgk-tin-hoc-8.4700157933,4700157933,0062,https://cdn3.olm.vn/upload/taphuan/4700157933-page-62-1775791104241.png,experiments/20260705_215045/source_scope/raw_page_images/SGK_TIN8/page_0062.png,610491,downloaded,Ảnh raw đã lưu để bảo toàn nguồn SGK Tin học THCS; chưa xử lý trong P02 bản thu gọn.
LM-SGK-TIN8-4700157933,SGK Tin học 8,8,https://taphuan.nxbgd.vn/tap-huan/doc-sach/sgk-tin-hoc-8.4700157933,4700157933,0063,https://cdn3.olm.vn/upload/taphuan/4700157933-page-63-1775791104568.png,experiments/20260705_215045/source_scope/raw_page_images/SGK_TIN8/page_0063.png,1005291,downloaded,Ảnh raw đã lưu để bảo toàn nguồn SGK Tin học THCS; chưa xử lý trong P02 bản thu gọn.
LM-SGK-TIN8-4700157933,SGK Tin học 8,8,https://taphuan.nxbgd.vn/tap-huan/doc-sach/sgk-tin-hoc-8.4700157933,4700157933,0064,https://cdn3.olm.vn/upload/taphuan/4700157933-page-64-1775791104913.png,experiments/20260705_215045/source_scope/raw_page_images/SGK_TIN8/page_0064.png,861741,downloaded,Ảnh raw đã lưu để bảo toàn nguồn SGK Tin học THCS; chưa xử lý trong P02 bản thu gọn.
LM-SGK-TIN8-4700157933,SGK Tin học 8,8,https://taphuan.nxbgd.vn/tap-huan/doc-sach/sgk-tin-hoc-8.4700157933,4700157933,0065,https://cdn3.olm.vn/upload/taphuan/4700157933-page-65-1775791105251.png,experiments/20260705_215045/source_scope/raw_page_images/SGK_TIN8/page_0065.png,689444,downloaded,Ảnh raw đã lưu để bảo toàn nguồn SGK Tin học THCS; chưa xử lý trong P02 bản thu gọn.
LM-SGK-TIN8-4700157933,SGK Tin học 8,8,https://taphuan.nxbgd.vn/tap-huan/doc-sach/sgk-tin-hoc-8.4700157933,4700157933,0066,https://cdn3.olm.vn/upload/taphuan/4700157933-page-66-1775791105598.png,experiments/20260705_215045/source_scope/raw_page_images/SGK_TIN8/page_0066.png,706729,downloaded,Ảnh raw đã lưu để bảo toàn nguồn SGK Tin học THCS; chưa xử lý trong P02 bản thu gọn.
LM-SGK-TIN8-4700157933,SGK Tin học 8,8,https://taphuan.nxbgd.vn/tap-huan/doc-sach/sgk-tin-hoc-8.4700157933,4700157933,0067,https://cdn3.olm.vn/upload/taphuan/4700157933-page-67-1775791105991.png,experiments/20260705_215045/source_scope/raw_page_images/SGK_TIN8/page_0067.png,838759,downloaded,Ảnh raw đã lưu để bảo toàn nguồn SGK Tin học THCS; chưa xử lý trong P02 bản thu gọn.
LM-SGK-TIN8-4700157933,SGK Tin học 8,8,https://taphuan.nxbgd.vn/tap-huan/doc-sach/sgk-tin-hoc-8.4700157933,4700157933,0068,https://cdn3.olm.vn/upload/taphuan/4700157933-page-68-1775791106357.png,experiments/20260705_215045/source_scope/raw_page_images/SGK_TIN8/page_0068.png,907179,downloaded,Ảnh raw đã lưu để bảo toàn nguồn SGK Tin học THCS; chưa xử lý trong P02 bản thu gọn.
LM-SGK-TIN8-4700157933,SGK Tin học 8,8,https://taphuan.nxbgd.vn/tap-huan/doc-sach/sgk-tin-hoc-8.4700157933,4700157933,0069,https://cdn3.olm.vn/upload/taphuan/4700157933-page-69-1775791106732.png,experiments/20260705_215045/source_scope/raw_page_images/SGK_TIN8/page_0069.png,876862,downloaded,Ảnh raw đã lưu để bảo toàn nguồn SGK Tin học THCS; chưa xử lý trong P02 bản thu gọn.
LM-SGK-TIN8-4700157933,SGK Tin học 8,8,https://taphuan.nxbgd.vn/tap-huan/doc-sach/sgk-tin-hoc-8.4700157933,4700157933,0070,https://cdn3.olm.vn/upload/taphuan/4700157933-page-70-1775791107087.png,experiments/20260705_215045/source_scope/raw_page_images/SGK_TIN8/page_0070.png,968130,downloaded,Ảnh raw đã lưu để bảo toàn nguồn SGK Tin học THCS; chưa xử lý trong P02 bản thu gọn.
LM-SGK-TIN8-4700157933,SGK Tin học 8,8,https://taphuan.nxbgd.vn/tap-huan/doc-sach/sgk-tin-hoc-8.4700157933,4700157933,0071,https://cdn3.olm.vn/upload/taphuan/4700157933-page-71-1775791107431.png,experiments/20260705_215045/source_scope/raw_page_images/SGK_TIN8/page_0071.png,710137,downloaded,Ảnh raw đã lưu để bảo toàn nguồn SGK Tin học THCS; chưa xử lý trong P02 bản thu gọn.
LM-SGK-TIN8-4700157933,SGK Tin học 8,8,https://taphuan.nxbgd.vn/tap-huan/doc-sach/sgk-tin-hoc-8.4700157933,4700157933,0072,https://cdn3.olm.vn/upload/taphuan/4700157933-page-72-1775791107770.png,experiments/20260705_215045/source_scope/raw_page_images/SGK_TIN8/page_0072.png,659895,downloaded,Ảnh raw đã lưu để bảo toàn nguồn SGK Tin học THCS; chưa xử lý trong P02 bản thu gọn.
LM-SGK-TIN8-4700157933,SGK Tin học 8,8,https://taphuan.nxbgd.vn/tap-huan/doc-sach/sgk-tin-hoc-8.4700157933,4700157933,0073,https://cdn3.olm.vn/upload/taphuan/4700157933-page-73-1775791108115.png,experiments/20260705_215045/source_scope/raw_page_images/SGK_TIN8/page_0073.png,698681,downloaded,Ảnh raw đã lưu để bảo toàn nguồn SGK Tin học THCS; chưa xử lý trong P02 bản thu gọn.
LM-SGK-TIN8-4700157933,SGK Tin học 8,8,https://taphuan.nxbgd.vn/tap-huan/doc-sach/sgk-tin-hoc-8.4700157933,4700157933,0074,https://cdn3.olm.vn/upload/taphuan/4700157933-page-74-1775791108456.png,experiments/20260705_215045/source_scope/raw_page_images/SGK_TIN8/page_0074.png,586302,downloaded,Ảnh raw đã lưu để bảo toàn nguồn SGK Tin học THCS; chưa xử lý trong P02 bản thu gọn.
LM-SGK-TIN8-4700157933,SGK Tin học 8,8,https://taphuan.nxbgd.vn/tap-huan/doc-sach/sgk-tin-hoc-8.4700157933,4700157933,0075,https://cdn3.olm.vn/upload/taphuan/4700157933-page-75-1775791108783.png,experiments/20260705_215045/source_scope/raw_page_images/SGK_TIN8/page_0075.png,596812,downloaded,Ảnh raw đã lưu để bảo toàn nguồn SGK Tin học THCS; chưa xử lý trong P02 bản thu gọn.
LM-SGK-TIN8-4700157933,SGK Tin học 8,8,https://taphuan.nxbgd.vn/tap-huan/doc-sach/sgk-tin-hoc-8.4700157933,4700157933,0076,https://cdn3.olm.vn/upload/taphuan/4700157933-page-76-1775791109111.png,experiments/20260705_215045/source_scope/raw_page_images/SGK_TIN8/page_0076.png,601379,downloaded,Ảnh raw đã lưu để bảo toàn nguồn SGK Tin học THCS; chưa xử lý trong P02 bản thu gọn.
LM-SGK-TIN8-4700157933,SGK Tin học 8,8,https://taphuan.nxbgd.vn/tap-huan/doc-sach/sgk-tin-hoc-8.4700157933,4700157933,0077,https://cdn3.olm.vn/upload/taphuan/4700157933-page-77-1775791109453.png,experiments/20260705_215045/source_scope/raw_page_images/SGK_TIN8/page_0077.png,804444,downloaded,Ảnh raw đã lưu để bảo toàn nguồn SGK Tin học THCS; chưa xử lý trong P02 bản thu gọn.
LM-SGK-TIN8-4700157933,SGK Tin học 8,8,https://taphuan.nxbgd.vn/tap-huan/doc-sach/sgk-tin-hoc-8.4700157933,4700157933,0078,https://cdn3.olm.vn/upload/taphuan/4700157933-page-78-1775791109796.png,experiments/20260705_215045/source_scope/raw_page_images/SGK_TIN8/page_0078.png,971555,downloaded,Ảnh raw đã lưu để bảo toàn nguồn SGK Tin học THCS; chưa xử lý trong P02 bản thu gọn.
LM-SGK-TIN8-4700157933,SGK Tin học 8,8,https://taphuan.nxbgd.vn/tap-huan/doc-sach/sgk-tin-hoc-8.4700157933,4700157933,0079,https://cdn3.olm.vn/upload/taphuan/4700157933-page-79-1775791110133.png,experiments/20260705_215045/source_scope/raw_page_images/SGK_TIN8/page_0079.png,1015087,downloaded,Ảnh raw đã lưu để bảo toàn nguồn SGK Tin học THCS; chưa xử lý trong P02 bản thu gọn.
LM-SGK-TIN8-4700157933,SGK Tin học 8,8,https://taphuan.nxbgd.vn/tap-huan/doc-sach/sgk-tin-hoc-8.4700157933,4700157933,0080,https://cdn3.olm.vn/upload/taphuan/4700157933-page-80-1775791110488.png,experiments/20260705_215045/source_scope/raw_page_images/SGK_TIN8/page_0080.png,799673,downloaded,Ảnh raw đã lưu để bảo toàn nguồn SGK Tin học THCS; chưa xử lý trong P02 bản thu gọn.
LM-SGK-TIN8-4700157933,SGK Tin học 8,8,https://taphuan.nxbgd.vn/tap-huan/doc-sach/sgk-tin-hoc-8.4700157933,4700157933,0081,https://cdn3.olm.vn/upload/taphuan/4700157933-page-81-1775791110814.png,experiments/20260705_215045/source_scope/raw_page_images/SGK_TIN8/page_0081.png,656250,downloaded,Ảnh raw đã lưu để bảo toàn nguồn SGK Tin học THCS; chưa xử lý trong P02 bản thu gọn.
LM-SGK-TIN8-4700157933,SGK Tin học 8,8,https://taphuan.nxbgd.vn/tap-huan/doc-sach/sgk-tin-hoc-8.4700157933,4700157933,0082,https://cdn3.olm.vn/upload/taphuan/4700157933-page-82-1775791111190.png,experiments/20260705_215045/source_scope/raw_page_images/SGK_TIN8/page_0082.png,938705,downloaded,Ảnh raw đã lưu để bảo toàn nguồn SGK Tin học THCS; chưa xử lý trong P02 bản thu gọn.
LM-SGK-TIN8-4700157933,SGK Tin học 8,8,https://taphuan.nxbgd.vn/tap-huan/doc-sach/sgk-tin-hoc-8.4700157933,4700157933,0083,https://cdn3.olm.vn/upload/taphuan/4700157933-page-83-1775791111543.png,experiments/20260705_215045/source_scope/raw_page_images/SGK_TIN8/page_0083.png,664642,downloaded,Ảnh raw đã lưu để bảo toàn nguồn SGK Tin học THCS; chưa xử lý trong P02 bản thu gọn.
LM-SGK-TIN8-4700157933,SGK Tin học 8,8,https://taphuan.nxbgd.vn/tap-huan/doc-sach/sgk-tin-hoc-8.4700157933,4700157933,0084,https://cdn3.olm.vn/upload/taphuan/4700157933-page-84-1775791111904.png,experiments/20260705_215045/source_scope/raw_page_images/SGK_TIN8/page_0084.png,505916,downloaded,Ảnh raw đã lưu để bảo toàn nguồn SGK Tin học THCS; chưa xử lý trong P02 bản thu gọn.
LM-SGK-TIN8-4700157933,SGK Tin học 8,8,https://taphuan.nxbgd.vn/tap-huan/doc-sach/sgk-tin-hoc-8.4700157933,4700157933,0085,https://cdn3.olm.vn/upload/taphuan/4700157933-page-85-1775791112249.png,experiments/20260705_215045/source_scope/raw_page_images/SGK_TIN8/page_0085.png,545773,downloaded,Ảnh raw đã lưu để bảo toàn nguồn SGK Tin học THCS; chưa xử lý trong P02 bản thu gọn.
LM-SGK-TIN8-4700157933,SGK Tin học 8,8,https://taphuan.nxbgd.vn/tap-huan/doc-sach/sgk-tin-hoc-8.4700157933,4700157933,0086,https://cdn3.olm.vn/upload/taphuan/4700157933-page-86-1775791112603.png,experiments/20260705_215045/source_scope/raw_page_images/SGK_TIN8/page_0086.png,854293,downloaded,Ảnh raw đã lưu để bảo toàn nguồn SGK Tin học THCS; chưa xử lý trong P02 bản thu gọn.
LM-SGK-TIN8-4700157933,SGK Tin học 8,8,https://taphuan.nxbgd.vn/tap-huan/doc-sach/sgk-tin-hoc-8.4700157933,4700157933,0087,https://cdn3.olm.vn/upload/taphuan/4700157933-page-87-1775791112942.png,experiments/20260705_215045/source_scope/raw_page_images/SGK_TIN8/page_0087.png,666108,downloaded,Ảnh raw đã lưu để bảo toàn nguồn SGK Tin học THCS; chưa xử lý trong P02 bản thu gọn.
LM-SGK-TIN8-4700157933,SGK Tin học 8,8,https://taphuan.nxbgd.vn/tap-huan/doc-sach/sgk-tin-hoc-8.4700157933,4700157933,0088,https://cdn3.olm.vn/upload/taphuan/4700157933-page-88-1775791113285.png,experiments/20260705_215045/source_scope/raw_page_images/SGK_TIN8/page_0088.png,682112,downloaded,Ảnh raw đã lưu để bảo toàn nguồn SGK Tin học THCS; chưa xử lý trong P02 bản thu gọn.
LM-SGK-TIN8-4700157933,SGK Tin học 8,8,https://taphuan.nxbgd.vn/tap-huan/doc-sach/sgk-tin-hoc-8.4700157933,4700157933,0089,https://cdn3.olm.vn/upload/taphuan/4700157933-page-89-1775791113628.png,experiments/20260705_215045/source_scope/raw_page_images/SGK_TIN8/page_0089.png,1018813,downloaded,Ảnh raw đã lưu để bảo toàn nguồn SGK Tin học THCS; chưa xử lý trong P02 bản thu gọn.
LM-SGK-TIN8-4700157933,SGK Tin học 8,8,https://taphuan.nxbgd.vn/tap-huan/doc-sach/sgk-tin-hoc-8.4700157933,4700157933,0090,https://cdn3.olm.vn/upload/taphuan/4700157933-page-90-1775791113982.png,experiments/20260705_215045/source_scope/raw_page_images/SGK_TIN8/page_0090.png,662941,downloaded,Ảnh raw đã lưu để bảo toàn nguồn SGK Tin học THCS; chưa xử lý trong P02 bản thu gọn.
LM-SGK-TIN8-4700157933,SGK Tin học 8,8,https://taphuan.nxbgd.vn/tap-huan/doc-sach/sgk-tin-hoc-8.4700157933,4700157933,0091,https://cdn3.olm.vn/upload/taphuan/4700157933-page-91-1775791114335.png,experiments/20260705_215045/source_scope/raw_page_images/SGK_TIN8/page_0091.png,736678,downloaded,Ảnh raw đã lưu để bảo toàn nguồn SGK Tin học THCS; chưa xử lý trong P02 bản thu gọn.
LM-SGK-TIN8-4700157933,SGK Tin học 8,8,https://taphuan.nxbgd.vn/tap-huan/doc-sach/sgk-tin-hoc-8.4700157933,4700157933,0092,https://cdn3.olm.vn/upload/taphuan/4700157933-page-92-1775791114718.png,experiments/20260705_215045/source_scope/raw_page_images/SGK_TIN8/page_0092.png,650660,downloaded,Ảnh raw đã lưu để bảo toàn nguồn SGK Tin học THCS; chưa xử lý trong P02 bản thu gọn.
LM-SGK-TIN8-4700157933,SGK Tin học 8,8,https://taphuan.nxbgd.vn/tap-huan/doc-sach/sgk-tin-hoc-8.4700157933,4700157933,0093,https://cdn3.olm.vn/upload/taphuan/4700157933-page-93-1775791115050.png,experiments/20260705_215045/source_scope/raw_page_images/SGK_TIN8/page_0093.png,757117,downloaded,Ảnh raw đã lưu để bảo toàn nguồn SGK Tin học THCS; chưa xử lý trong P02 bản thu gọn.
LM-SGK-TIN8-4700157933,SGK Tin học 8,8,https://taphuan.nxbgd.vn/tap-huan/doc-sach/sgk-tin-hoc-8.4700157933,4700157933,0094,https://cdn3.olm.vn/upload/taphuan/4700157933-page-94-1775791115424.png,experiments/20260705_215045/source_scope/raw_page_images/SGK_TIN8/page_0094.png,711305,downloaded,Ảnh raw đã lưu để bảo toàn nguồn SGK Tin học THCS; chưa xử lý trong P02 bản thu gọn.
LM-SGK-TIN8-4700157933,SGK Tin học 8,8,https://taphuan.nxbgd.vn/tap-huan/doc-sach/sgk-tin-hoc-8.4700157933,4700157933,0095,https://cdn3.olm.vn/upload/taphuan/4700157933-page-95-1775791115781.png,experiments/20260705_215045/source_scope/raw_page_images/SGK_TIN8/page_0095.png,885873,downloaded,Ảnh raw đã lưu để bảo toàn nguồn SGK Tin học THCS; chưa xử lý trong P02 bản thu gọn.
LM-SGK-TIN8-4700157933,SGK Tin học 8,8,https://taphuan.nxbgd.vn/tap-huan/doc-sach/sgk-tin-hoc-8.4700157933,4700157933,0096,https://cdn3.olm.vn/upload/taphuan/4700157933-page-96-1775791116126.png,experiments/20260705_215045/source_scope/raw_page_images/SGK_TIN8/page_0096.png,753735,downloaded,Ảnh raw đã lưu để bảo toàn nguồn SGK Tin học THCS; chưa xử lý trong P02 bản thu gọn.
LM-SGK-TIN8-4700157933,SGK Tin học 8,8,https://taphuan.nxbgd.vn/tap-huan/doc-sach/sgk-tin-hoc-8.4700157933,4700157933,0097,https://cdn3.olm.vn/upload/taphuan/4700157933-page-97-1775791116448.png,experiments/20260705_215045/source_scope/raw_page_images/SGK_TIN8/page_0097.png,250203,downloaded,Ảnh raw đã lưu để bảo toàn nguồn SGK Tin học THCS; chưa xử lý trong P02 bản thu gọn.
LM-SGK-TIN8-4700157933,SGK Tin học 8,8,https://taphuan.nxbgd.vn/tap-huan/doc-sach/sgk-tin-hoc-8.4700157933,4700157933,0098,https://cdn3.olm.vn/upload/taphuan/4700157933-page-98-1775791116817.png,experiments/20260705_215045/source_scope/raw_page_images/SGK_TIN8/page_0098.png,743973,downloaded,Ảnh raw đã lưu để bảo toàn nguồn SGK Tin học THCS; chưa xử lý trong P02 bản thu gọn.
LM-SGK-TIN9-4700233123,SGK Tin học 9,9,https://taphuan.nxbgd.vn/tap-huan/doc-sach/sgk-tin-hoc-9.4700233123,4700233123,0001,,experiments/20260705_215045/source_scope/raw_page_images/SGK_TIN9/page_0001.png,1435102,downloaded,"Ảnh trang SGK Tin học 9 lấy từ nguồn tập huấn NXBGD; dùng cho P02 ở mức mục lục, full OCR để P08/later."
LM-SGK-TIN9-4700233123,SGK Tin học 9,9,https://taphuan.nxbgd.vn/tap-huan/doc-sach/sgk-tin-hoc-9.4700233123,4700233123,0002,,experiments/20260705_215045/source_scope/raw_page_images/SGK_TIN9/page_0002.png,169595,downloaded,"Ảnh trang SGK Tin học 9 lấy từ nguồn tập huấn NXBGD; dùng cho P02 ở mức mục lục, full OCR để P08/later."
LM-SGK-TIN9-4700233123,SGK Tin học 9,9,https://taphuan.nxbgd.vn/tap-huan/doc-sach/sgk-tin-hoc-9.4700233123,4700233123,0003,,experiments/20260705_215045/source_scope/raw_page_images/SGK_TIN9/page_0003.png,643213,downloaded,"Ảnh trang SGK Tin học 9 lấy từ nguồn tập huấn NXBGD; dùng cho P02 ở mức mục lục, full OCR để P08/later."
LM-SGK-TIN9-4700233123,SGK Tin học 9,9,https://taphuan.nxbgd.vn/tap-huan/doc-sach/sgk-tin-hoc-9.4700233123,4700233123,0004,,experiments/20260705_215045/source_scope/raw_page_images/SGK_TIN9/page_0004.png,530570,downloaded,"Ảnh trang SGK Tin học 9 lấy từ nguồn tập huấn NXBGD; dùng cho P02 ở mức mục lục, full OCR để P08/later."
LM-SGK-TIN9-4700233123,SGK Tin học 9,9,https://taphuan.nxbgd.vn/tap-huan/doc-sach/sgk-tin-hoc-9.4700233123,4700233123,0005,,experiments/20260705_215045/source_scope/raw_page_images/SGK_TIN9/page_0005.png,558707,downloaded,"Ảnh trang SGK Tin học 9 lấy từ nguồn tập huấn NXBGD; dùng cho P02 ở mức mục lục, full OCR để P08/later."
LM-SGK-TIN9-4700233123,SGK Tin học 9,9,https://taphuan.nxbgd.vn/tap-huan/doc-sach/sgk-tin-hoc-9.4700233123,4700233123,0006,,experiments/20260705_215045/source_scope/raw_page_images/SGK_TIN9/page_0006.png,742889,downloaded,"Ảnh trang SGK Tin học 9 lấy từ nguồn tập huấn NXBGD; dùng cho P02 ở mức mục lục, full OCR để P08/later."
LM-SGK-TIN9-4700233123,SGK Tin học 9,9,https://taphuan.nxbgd.vn/tap-huan/doc-sach/sgk-tin-hoc-9.4700233123,4700233123,0007,,experiments/20260705_215045/source_scope/raw_page_images/SGK_TIN9/page_0007.png,852580,downloaded,"Ảnh trang SGK Tin học 9 lấy từ nguồn tập huấn NXBGD; dùng cho P02 ở mức mục lục, full OCR để P08/later."
LM-SGK-TIN9-4700233123,SGK Tin học 9,9,https://taphuan.nxbgd.vn/tap-huan/doc-sach/sgk-tin-hoc-9.4700233123,4700233123,0008,,experiments/20260705_215045/source_scope/raw_page_images/SGK_TIN9/page_0008.png,713466,downloaded,"Ảnh trang SGK Tin học 9 lấy từ nguồn tập huấn NXBGD; dùng cho P02 ở mức mục lục, full OCR để P08/later."
LM-SGK-TIN9-4700233123,SGK Tin học 9,9,https://taphuan.nxbgd.vn/tap-huan/doc-sach/sgk-tin-hoc-9.4700233123,4700233123,0009,,experiments/20260705_215045/source_scope/raw_page_images/SGK_TIN9/page_0009.png,666402,downloaded,"Ảnh trang SGK Tin học 9 lấy từ nguồn tập huấn NXBGD; dùng cho P02 ở mức mục lục, full OCR để P08/later."
LM-SGK-TIN9-4700233123,SGK Tin học 9,9,https://taphuan.nxbgd.vn/tap-huan/doc-sach/sgk-tin-hoc-9.4700233123,4700233123,0010,,experiments/20260705_215045/source_scope/raw_page_images/SGK_TIN9/page_0010.png,798216,downloaded,"Ảnh trang SGK Tin học 9 lấy từ nguồn tập huấn NXBGD; dùng cho P02 ở mức mục lục, full OCR để P08/later."
LM-SGK-TIN9-4700233123,SGK Tin học 9,9,https://taphuan.nxbgd.vn/tap-huan/doc-sach/sgk-tin-hoc-9.4700233123,4700233123,0011,,experiments/20260705_215045/source_scope/raw_page_images/SGK_TIN9/page_0011.png,806409,downloaded,"Ảnh trang SGK Tin học 9 lấy từ nguồn tập huấn NXBGD; dùng cho P02 ở mức mục lục, full OCR để P08/later."
LM-SGK-TIN9-4700233123,SGK Tin học 9,9,https://taphuan.nxbgd.vn/tap-huan/doc-sach/sgk-tin-hoc-9.4700233123,4700233123,0012,,experiments/20260705_215045/source_scope/raw_page_images/SGK_TIN9/page_0012.png,625388,downloaded,"Ảnh trang SGK Tin học 9 lấy từ nguồn tập huấn NXBGD; dùng cho P02 ở mức mục lục, full OCR để P08/later."
LM-SGK-TIN9-4700233123,SGK Tin học 9,9,https://taphuan.nxbgd.vn/tap-huan/doc-sach/sgk-tin-hoc-9.4700233123,4700233123,0013,,experiments/20260705_215045/source_scope/raw_page_images/SGK_TIN9/page_0013.png,571037,downloaded,"Ảnh trang SGK Tin học 9 lấy từ nguồn tập huấn NXBGD; dùng cho P02 ở mức mục lục, full OCR để P08/later."
LM-SGK-TIN9-4700233123,SGK Tin học 9,9,https://taphuan.nxbgd.vn/tap-huan/doc-sach/sgk-tin-hoc-9.4700233123,4700233123,0014,,experiments/20260705_215045/source_scope/raw_page_images/SGK_TIN9/page_0014.png,512305,downloaded,"Ảnh trang SGK Tin học 9 lấy từ nguồn tập huấn NXBGD; dùng cho P02 ở mức mục lục, full OCR để P08/later."
LM-SGK-TIN9-4700233123,SGK Tin học 9,9,https://taphuan.nxbgd.vn/tap-huan/doc-sach/sgk-tin-hoc-9.4700233123,4700233123,0015,,experiments/20260705_215045/source_scope/raw_page_images/SGK_TIN9/page_0015.png,508535,downloaded,"Ảnh trang SGK Tin học 9 lấy từ nguồn tập huấn NXBGD; dùng cho P02 ở mức mục lục, full OCR để P08/later."
LM-SGK-TIN9-4700233123,SGK Tin học 9,9,https://taphuan.nxbgd.vn/tap-huan/doc-sach/sgk-tin-hoc-9.4700233123,4700233123,0016,,experiments/20260705_215045/source_scope/raw_page_images/SGK_TIN9/page_0016.png,806918,downloaded,"Ảnh trang SGK Tin học 9 lấy từ nguồn tập huấn NXBGD; dùng cho P02 ở mức mục lục, full OCR để P08/later."
LM-SGK-TIN9-4700233123,SGK Tin học 9,9,https://taphuan.nxbgd.vn/tap-huan/doc-sach/sgk-tin-hoc-9.4700233123,4700233123,0017,,experiments/20260705_215045/source_scope/raw_page_images/SGK_TIN9/page_0017.png,783862,downloaded,"Ảnh trang SGK Tin học 9 lấy từ nguồn tập huấn NXBGD; dùng cho P02 ở mức mục lục, full OCR để P08/later."
LM-SGK-TIN9-4700233123,SGK Tin học 9,9,https://taphuan.nxbgd.vn/tap-huan/doc-sach/sgk-tin-hoc-9.4700233123,4700233123,0018,,experiments/20260705_215045/source_scope/raw_page_images/SGK_TIN9/page_0018.png,618732,downloaded,"Ảnh trang SGK Tin học 9 lấy từ nguồn tập huấn NXBGD; dùng cho P02 ở mức mục lục, full OCR để P08/later."
LM-SGK-TIN9-4700233123,SGK Tin học 9,9,https://taphuan.nxbgd.vn/tap-huan/doc-sach/sgk-tin-hoc-9.4700233123,4700233123,0019,,experiments/20260705_215045/source_scope/raw_page_images/SGK_TIN9/page_0019.png,765580,downloaded,"Ảnh trang SGK Tin học 9 lấy từ nguồn tập huấn NXBGD; dùng cho P02 ở mức mục lục, full OCR để P08/later."
LM-SGK-TIN9-4700233123,SGK Tin học 9,9,https://taphuan.nxbgd.vn/tap-huan/doc-sach/sgk-tin-hoc-9.4700233123,4700233123,0020,,experiments/20260705_215045/source_scope/raw_page_images/SGK_TIN9/page_0020.png,815009,downloaded,"Ảnh trang SGK Tin học 9 lấy từ nguồn tập huấn NXBGD; dùng cho P02 ở mức mục lục, full OCR để P08/later."
LM-SGK-TIN9-4700233123,SGK Tin học 9,9,https://taphuan.nxbgd.vn/tap-huan/doc-sach/sgk-tin-hoc-9.4700233123,4700233123,0021,,experiments/20260705_215045/source_scope/raw_page_images/SGK_TIN9/page_0021.png,680312,downloaded,"Ảnh trang SGK Tin học 9 lấy từ nguồn tập huấn NXBGD; dùng cho P02 ở mức mục lục, full OCR để P08/later."
LM-SGK-TIN9-4700233123,SGK Tin học 9,9,https://taphuan.nxbgd.vn/tap-huan/doc-sach/sgk-tin-hoc-9.4700233123,4700233123,0022,,experiments/20260705_215045/source_scope/raw_page_images/SGK_TIN9/page_0022.png,705692,downloaded,"Ảnh trang SGK Tin học 9 lấy từ nguồn tập huấn NXBGD; dùng cho P02 ở mức mục lục, full OCR để P08/later."
LM-SGK-TIN9-4700233123,SGK Tin học 9,9,https://taphuan.nxbgd.vn/tap-huan/doc-sach/sgk-tin-hoc-9.4700233123,4700233123,0023,,experiments/20260705_215045/source_scope/raw_page_images/SGK_TIN9/page_0023.png,528055,downloaded,"Ảnh trang SGK Tin học 9 lấy từ nguồn tập huấn NXBGD; dùng cho P02 ở mức mục lục, full OCR để P08/later."
LM-SGK-TIN9-4700233123,SGK Tin học 9,9,https://taphuan.nxbgd.vn/tap-huan/doc-sach/sgk-tin-hoc-9.4700233123,4700233123,0024,,experiments/20260705_215045/source_scope/raw_page_images/SGK_TIN9/page_0024.png,685788,downloaded,"Ảnh trang SGK Tin học 9 lấy từ nguồn tập huấn NXBGD; dùng cho P02 ở mức mục lục, full OCR để P08/later."
LM-SGK-TIN9-4700233123,SGK Tin học 9,9,https://taphuan.nxbgd.vn/tap-huan/doc-sach/sgk-tin-hoc-9.4700233123,4700233123,0025,,experiments/20260705_215045/source_scope/raw_page_images/SGK_TIN9/page_0025.png,516281,downloaded,"Ảnh trang SGK Tin học 9 lấy từ nguồn tập huấn NXBGD; dùng cho P02 ở mức mục lục, full OCR để P08/later."
LM-SGK-TIN9-4700233123,SGK Tin học 9,9,https://taphuan.nxbgd.vn/tap-huan/doc-sach/sgk-tin-hoc-9.4700233123,4700233123,0026,,experiments/20260705_215045/source_scope/raw_page_images/SGK_TIN9/page_0026.png,496029,downloaded,"Ảnh trang SGK Tin học 9 lấy từ nguồn tập huấn NXBGD; dùng cho P02 ở mức mục lục, full OCR để P08/later."
LM-SGK-TIN9-4700233123,SGK Tin học 9,9,https://taphuan.nxbgd.vn/tap-huan/doc-sach/sgk-tin-hoc-9.4700233123,4700233123,0027,,experiments/20260705_215045/source_scope/raw_page_images/SGK_TIN9/page_0027.png,515698,downloaded,"Ảnh trang SGK Tin học 9 lấy từ nguồn tập huấn NXBGD; dùng cho P02 ở mức mục lục, full OCR để P08/later."
LM-SGK-TIN9-4700233123,SGK Tin học 9,9,https://taphuan.nxbgd.vn/tap-huan/doc-sach/sgk-tin-hoc-9.4700233123,4700233123,0028,,experiments/20260705_215045/source_scope/raw_page_images/SGK_TIN9/page_0028.png,713312,downloaded,"Ảnh trang SGK Tin học 9 lấy từ nguồn tập huấn NXBGD; dùng cho P02 ở mức mục lục, full OCR để P08/later."
LM-SGK-TIN9-4700233123,SGK Tin học 9,9,https://taphuan.nxbgd.vn/tap-huan/doc-sach/sgk-tin-hoc-9.4700233123,4700233123,0029,,experiments/20260705_215045/source_scope/raw_page_images/SGK_TIN9/page_0029.png,857107,downloaded,"Ảnh trang SGK Tin học 9 lấy từ nguồn tập huấn NXBGD; dùng cho P02 ở mức mục lục, full OCR để P08/later."
LM-SGK-TIN9-4700233123,SGK Tin học 9,9,https://taphuan.nxbgd.vn/tap-huan/doc-sach/sgk-tin-hoc-9.4700233123,4700233123,0030,,experiments/20260705_215045/source_scope/raw_page_images/SGK_TIN9/page_0030.png,515016,downloaded,"Ảnh trang SGK Tin học 9 lấy từ nguồn tập huấn NXBGD; dùng cho P02 ở mức mục lục, full OCR để P08/later."
LM-SGK-TIN9-4700233123,SGK Tin học 9,9,https://taphuan.nxbgd.vn/tap-huan/doc-sach/sgk-tin-hoc-9.4700233123,4700233123,0031,,experiments/20260705_215045/source_scope/raw_page_images/SGK_TIN9/page_0031.png,766232,downloaded,"Ảnh trang SGK Tin học 9 lấy từ nguồn tập huấn NXBGD; dùng cho P02 ở mức mục lục, full OCR để P08/later."
LM-SGK-TIN9-4700233123,SGK Tin học 9,9,https://taphuan.nxbgd.vn/tap-huan/doc-sach/sgk-tin-hoc-9.4700233123,4700233123,0032,,experiments/20260705_215045/source_scope/raw_page_images/SGK_TIN9/page_0032.png,429797,downloaded,"Ảnh trang SGK Tin học 9 lấy từ nguồn tập huấn NXBGD; dùng cho P02 ở mức mục lục, full OCR để P08/later."
LM-SGK-TIN9-4700233123,SGK Tin học 9,9,https://taphuan.nxbgd.vn/tap-huan/doc-sach/sgk-tin-hoc-9.4700233123,4700233123,0033,,experiments/20260705_215045/source_scope/raw_page_images/SGK_TIN9/page_0033.png,422950,downloaded,"Ảnh trang SGK Tin học 9 lấy từ nguồn tập huấn NXBGD; dùng cho P02 ở mức mục lục, full OCR để P08/later."
LM-SGK-TIN9-4700233123,SGK Tin học 9,9,https://taphuan.nxbgd.vn/tap-huan/doc-sach/sgk-tin-hoc-9.4700233123,4700233123,0034,,experiments/20260705_215045/source_scope/raw_page_images/SGK_TIN9/page_0034.png,455010,downloaded,"Ảnh trang SGK Tin học 9 lấy từ nguồn tập huấn NXBGD; dùng cho P02 ở mức mục lục, full OCR để P08/later."
LM-SGK-TIN9-4700233123,SGK Tin học 9,9,https://taphuan.nxbgd.vn/tap-huan/doc-sach/sgk-tin-hoc-9.4700233123,4700233123,0035,,experiments/20260705_215045/source_scope/raw_page_images/SGK_TIN9/page_0035.png,690953,downloaded,"Ảnh trang SGK Tin học 9 lấy từ nguồn tập huấn NXBGD; dùng cho P02 ở mức mục lục, full OCR để P08/later."
LM-SGK-TIN9-4700233123,SGK Tin học 9,9,https://taphuan.nxbgd.vn/tap-huan/doc-sach/sgk-tin-hoc-9.4700233123,4700233123,0036,,experiments/20260705_215045/source_scope/raw_page_images/SGK_TIN9/page_0036.png,579036,downloaded,"Ảnh trang SGK Tin học 9 lấy từ nguồn tập huấn NXBGD; dùng cho P02 ở mức mục lục, full OCR để P08/later."
LM-SGK-TIN9-4700233123,SGK Tin học 9,9,https://taphuan.nxbgd.vn/tap-huan/doc-sach/sgk-tin-hoc-9.4700233123,4700233123,0037,,experiments/20260705_215045/source_scope/raw_page_images/SGK_TIN9/page_0037.png,468533,downloaded,"Ảnh trang SGK Tin học 9 lấy từ nguồn tập huấn NXBGD; dùng cho P02 ở mức mục lục, full OCR để P08/later."
LM-SGK-TIN9-4700233123,SGK Tin học 9,9,https://taphuan.nxbgd.vn/tap-huan/doc-sach/sgk-tin-hoc-9.4700233123,4700233123,0038,,experiments/20260705_215045/source_scope/raw_page_images/SGK_TIN9/page_0038.png,555975,downloaded,"Ảnh trang SGK Tin học 9 lấy từ nguồn tập huấn NXBGD; dùng cho P02 ở mức mục lục, full OCR để P08/later."
LM-SGK-TIN9-4700233123,SGK Tin học 9,9,https://taphuan.nxbgd.vn/tap-huan/doc-sach/sgk-tin-hoc-9.4700233123,4700233123,0039,,experiments/20260705_215045/source_scope/raw_page_images/SGK_TIN9/page_0039.png,472458,downloaded,"Ảnh trang SGK Tin học 9 lấy từ nguồn tập huấn NXBGD; dùng cho P02 ở mức mục lục, full OCR để P08/later."
LM-SGK-TIN9-4700233123,SGK Tin học 9,9,https://taphuan.nxbgd.vn/tap-huan/doc-sach/sgk-tin-hoc-9.4700233123,4700233123,0040,,experiments/20260705_215045/source_scope/raw_page_images/SGK_TIN9/page_0040.png,323620,downloaded,"Ảnh trang SGK Tin học 9 lấy từ nguồn tập huấn NXBGD; dùng cho P02 ở mức mục lục, full OCR để P08/later."
LM-SGK-TIN9-4700233123,SGK Tin học 9,9,https://taphuan.nxbgd.vn/tap-huan/doc-sach/sgk-tin-hoc-9.4700233123,4700233123,0041,,experiments/20260705_215045/source_scope/raw_page_images/SGK_TIN9/page_0041.png,536468,downloaded,"Ảnh trang SGK Tin học 9 lấy từ nguồn tập huấn NXBGD; dùng cho P02 ở mức mục lục, full OCR để P08/later."
LM-SGK-TIN9-4700233123,SGK Tin học 9,9,https://taphuan.nxbgd.vn/tap-huan/doc-sach/sgk-tin-hoc-9.4700233123,4700233123,0042,,experiments/20260705_215045/source_scope/raw_page_images/SGK_TIN9/page_0042.png,591742,downloaded,"Ảnh trang SGK Tin học 9 lấy từ nguồn tập huấn NXBGD; dùng cho P02 ở mức mục lục, full OCR để P08/later."
LM-SGK-TIN9-4700233123,SGK Tin học 9,9,https://taphuan.nxbgd.vn/tap-huan/doc-sach/sgk-tin-hoc-9.4700233123,4700233123,0043,,experiments/20260705_215045/source_scope/raw_page_images/SGK_TIN9/page_0043.png,636334,downloaded,"Ảnh trang SGK Tin học 9 lấy từ nguồn tập huấn NXBGD; dùng cho P02 ở mức mục lục, full OCR để P08/later."
LM-SGK-TIN9-4700233123,SGK Tin học 9,9,https://taphuan.nxbgd.vn/tap-huan/doc-sach/sgk-tin-hoc-9.4700233123,4700233123,0044,,experiments/20260705_215045/source_scope/raw_page_images/SGK_TIN9/page_0044.png,719151,downloaded,"Ảnh trang SGK Tin học 9 lấy từ nguồn tập huấn NXBGD; dùng cho P02 ở mức mục lục, full OCR để P08/later."
LM-SGK-TIN9-4700233123,SGK Tin học 9,9,https://taphuan.nxbgd.vn/tap-huan/doc-sach/sgk-tin-hoc-9.4700233123,4700233123,0045,,experiments/20260705_215045/source_scope/raw_page_images/SGK_TIN9/page_0045.png,493103,downloaded,"Ảnh trang SGK Tin học 9 lấy từ nguồn tập huấn NXBGD; dùng cho P02 ở mức mục lục, full OCR để P08/later."
LM-SGK-TIN9-4700233123,SGK Tin học 9,9,https://taphuan.nxbgd.vn/tap-huan/doc-sach/sgk-tin-hoc-9.4700233123,4700233123,0046,,experiments/20260705_215045/source_scope/raw_page_images/SGK_TIN9/page_0046.png,649297,downloaded,"Ảnh trang SGK Tin học 9 lấy từ nguồn tập huấn NXBGD; dùng cho P02 ở mức mục lục, full OCR để P08/later."
LM-SGK-TIN9-4700233123,SGK Tin học 9,9,https://taphuan.nxbgd.vn/tap-huan/doc-sach/sgk-tin-hoc-9.4700233123,4700233123,0047,,experiments/20260705_215045/source_scope/raw_page_images/SGK_TIN9/page_0047.png,711213,downloaded,"Ảnh trang SGK Tin học 9 lấy từ nguồn tập huấn NXBGD; dùng cho P02 ở mức mục lục, full OCR để P08/later."
LM-SGK-TIN9-4700233123,SGK Tin học 9,9,https://taphuan.nxbgd.vn/tap-huan/doc-sach/sgk-tin-hoc-9.4700233123,4700233123,0048,,experiments/20260705_215045/source_scope/raw_page_images/SGK_TIN9/page_0048.png,634418,downloaded,"Ảnh trang SGK Tin học 9 lấy từ nguồn tập huấn NXBGD; dùng cho P02 ở mức mục lục, full OCR để P08/later."
LM-SGK-TIN9-4700233123,SGK Tin học 9,9,https://taphuan.nxbgd.vn/tap-huan/doc-sach/sgk-tin-hoc-9.4700233123,4700233123,0049,,experiments/20260705_215045/source_scope/raw_page_images/SGK_TIN9/page_0049.png,769872,downloaded,"Ảnh trang SGK Tin học 9 lấy từ nguồn tập huấn NXBGD; dùng cho P02 ở mức mục lục, full OCR để P08/later."
LM-SGK-TIN9-4700233123,SGK Tin học 9,9,https://taphuan.nxbgd.vn/tap-huan/doc-sach/sgk-tin-hoc-9.4700233123,4700233123,0050,,experiments/20260705_215045/source_scope/raw_page_images/SGK_TIN9/page_0050.png,733929,downloaded,"Ảnh trang SGK Tin học 9 lấy từ nguồn tập huấn NXBGD; dùng cho P02 ở mức mục lục, full OCR để P08/later."
LM-SGK-TIN9-4700233123,SGK Tin học 9,9,https://taphuan.nxbgd.vn/tap-huan/doc-sach/sgk-tin-hoc-9.4700233123,4700233123,0051,,experiments/20260705_215045/source_scope/raw_page_images/SGK_TIN9/page_0051.png,511184,downloaded,"Ảnh trang SGK Tin học 9 lấy từ nguồn tập huấn NXBGD; dùng cho P02 ở mức mục lục, full OCR để P08/later."
LM-SGK-TIN9-4700233123,SGK Tin học 9,9,https://taphuan.nxbgd.vn/tap-huan/doc-sach/sgk-tin-hoc-9.4700233123,4700233123,0052,,experiments/20260705_215045/source_scope/raw_page_images/SGK_TIN9/page_0052.png,648951,downloaded,"Ảnh trang SGK Tin học 9 lấy từ nguồn tập huấn NXBGD; dùng cho P02 ở mức mục lục, full OCR để P08/later."
LM-SGK-TIN9-4700233123,SGK Tin học 9,9,https://taphuan.nxbgd.vn/tap-huan/doc-sach/sgk-tin-hoc-9.4700233123,4700233123,0053,,experiments/20260705_215045/source_scope/raw_page_images/SGK_TIN9/page_0053.png,754465,downloaded,"Ảnh trang SGK Tin học 9 lấy từ nguồn tập huấn NXBGD; dùng cho P02 ở mức mục lục, full OCR để P08/later."
LM-SGK-TIN9-4700233123,SGK Tin học 9,9,https://taphuan.nxbgd.vn/tap-huan/doc-sach/sgk-tin-hoc-9.4700233123,4700233123,0054,,experiments/20260705_215045/source_scope/raw_page_images/SGK_TIN9/page_0054.png,843631,downloaded,"Ảnh trang SGK Tin học 9 lấy từ nguồn tập huấn NXBGD; dùng cho P02 ở mức mục lục, full OCR để P08/later."
LM-SGK-TIN9-4700233123,SGK Tin học 9,9,https://taphuan.nxbgd.vn/tap-huan/doc-sach/sgk-tin-hoc-9.4700233123,4700233123,0055,,experiments/20260705_215045/source_scope/raw_page_images/SGK_TIN9/page_0055.png,580696,downloaded,"Ảnh trang SGK Tin học 9 lấy từ nguồn tập huấn NXBGD; dùng cho P02 ở mức mục lục, full OCR để P08/later."
LM-SGK-TIN9-4700233123,SGK Tin học 9,9,https://taphuan.nxbgd.vn/tap-huan/doc-sach/sgk-tin-hoc-9.4700233123,4700233123,0056,,experiments/20260705_215045/source_scope/raw_page_images/SGK_TIN9/page_0056.png,873387,downloaded,"Ảnh trang SGK Tin học 9 lấy từ nguồn tập huấn NXBGD; dùng cho P02 ở mức mục lục, full OCR để P08/later."
LM-SGK-TIN9-4700233123,SGK Tin học 9,9,https://taphuan.nxbgd.vn/tap-huan/doc-sach/sgk-tin-hoc-9.4700233123,4700233123,0057,,experiments/20260705_215045/source_scope/raw_page_images/SGK_TIN9/page_0057.png,640261,downloaded,"Ảnh trang SGK Tin học 9 lấy từ nguồn tập huấn NXBGD; dùng cho P02 ở mức mục lục, full OCR để P08/later."
LM-SGK-TIN9-4700233123,SGK Tin học 9,9,https://taphuan.nxbgd.vn/tap-huan/doc-sach/sgk-tin-hoc-9.4700233123,4700233123,0058,,experiments/20260705_215045/source_scope/raw_page_images/SGK_TIN9/page_0058.png,449844,downloaded,"Ảnh trang SGK Tin học 9 lấy từ nguồn tập huấn NXBGD; dùng cho P02 ở mức mục lục, full OCR để P08/later."
LM-SGK-TIN9-4700233123,SGK Tin học 9,9,https://taphuan.nxbgd.vn/tap-huan/doc-sach/sgk-tin-hoc-9.4700233123,4700233123,0059,,experiments/20260705_215045/source_scope/raw_page_images/SGK_TIN9/page_0059.png,424162,downloaded,"Ảnh trang SGK Tin học 9 lấy từ nguồn tập huấn NXBGD; dùng cho P02 ở mức mục lục, full OCR để P08/later."
LM-SGK-TIN9-4700233123,SGK Tin học 9,9,https://taphuan.nxbgd.vn/tap-huan/doc-sach/sgk-tin-hoc-9.4700233123,4700233123,0060,,experiments/20260705_215045/source_scope/raw_page_images/SGK_TIN9/page_0060.png,486558,downloaded,"Ảnh trang SGK Tin học 9 lấy từ nguồn tập huấn NXBGD; dùng cho P02 ở mức mục lục, full OCR để P08/later."
LM-SGK-TIN9-4700233123,SGK Tin học 9,9,https://taphuan.nxbgd.vn/tap-huan/doc-sach/sgk-tin-hoc-9.4700233123,4700233123,0061,,experiments/20260705_215045/source_scope/raw_page_images/SGK_TIN9/page_0061.png,775728,downloaded,"Ảnh trang SGK Tin học 9 lấy từ nguồn tập huấn NXBGD; dùng cho P02 ở mức mục lục, full OCR để P08/later."
LM-SGK-TIN9-4700233123,SGK Tin học 9,9,https://taphuan.nxbgd.vn/tap-huan/doc-sach/sgk-tin-hoc-9.4700233123,4700233123,0062,,experiments/20260705_215045/source_scope/raw_page_images/SGK_TIN9/page_0062.png,676049,downloaded,"Ảnh trang SGK Tin học 9 lấy từ nguồn tập huấn NXBGD; dùng cho P02 ở mức mục lục, full OCR để P08/later."
LM-SGK-TIN9-4700233123,SGK Tin học 9,9,https://taphuan.nxbgd.vn/tap-huan/doc-sach/sgk-tin-hoc-9.4700233123,4700233123,0063,,experiments/20260705_215045/source_scope/raw_page_images/SGK_TIN9/page_0063.png,648182,downloaded,"Ảnh trang SGK Tin học 9 lấy từ nguồn tập huấn NXBGD; dùng cho P02 ở mức mục lục, full OCR để P08/later."
LM-SGK-TIN9-4700233123,SGK Tin học 9,9,https://taphuan.nxbgd.vn/tap-huan/doc-sach/sgk-tin-hoc-9.4700233123,4700233123,0064,,experiments/20260705_215045/source_scope/raw_page_images/SGK_TIN9/page_0064.png,793228,downloaded,"Ảnh trang SGK Tin học 9 lấy từ nguồn tập huấn NXBGD; dùng cho P02 ở mức mục lục, full OCR để P08/later."
LM-SGK-TIN9-4700233123,SGK Tin học 9,9,https://taphuan.nxbgd.vn/tap-huan/doc-sach/sgk-tin-hoc-9.4700233123,4700233123,0065,,experiments/20260705_215045/source_scope/raw_page_images/SGK_TIN9/page_0065.png,905515,downloaded,"Ảnh trang SGK Tin học 9 lấy từ nguồn tập huấn NXBGD; dùng cho P02 ở mức mục lục, full OCR để P08/later."
LM-SGK-TIN9-4700233123,SGK Tin học 9,9,https://taphuan.nxbgd.vn/tap-huan/doc-sach/sgk-tin-hoc-9.4700233123,4700233123,0066,,experiments/20260705_215045/source_scope/raw_page_images/SGK_TIN9/page_0066.png,810027,downloaded,"Ảnh trang SGK Tin học 9 lấy từ nguồn tập huấn NXBGD; dùng cho P02 ở mức mục lục, full OCR để P08/later."
LM-SGK-TIN9-4700233123,SGK Tin học 9,9,https://taphuan.nxbgd.vn/tap-huan/doc-sach/sgk-tin-hoc-9.4700233123,4700233123,0067,,experiments/20260705_215045/source_scope/raw_page_images/SGK_TIN9/page_0067.png,803295,downloaded,"Ảnh trang SGK Tin học 9 lấy từ nguồn tập huấn NXBGD; dùng cho P02 ở mức mục lục, full OCR để P08/later."
LM-SGK-TIN9-4700233123,SGK Tin học 9,9,https://taphuan.nxbgd.vn/tap-huan/doc-sach/sgk-tin-hoc-9.4700233123,4700233123,0068,,experiments/20260705_215045/source_scope/raw_page_images/SGK_TIN9/page_0068.png,430609,downloaded,"Ảnh trang SGK Tin học 9 lấy từ nguồn tập huấn NXBGD; dùng cho P02 ở mức mục lục, full OCR để P08/later."
LM-SGK-TIN9-4700233123,SGK Tin học 9,9,https://taphuan.nxbgd.vn/tap-huan/doc-sach/sgk-tin-hoc-9.4700233123,4700233123,0069,,experiments/20260705_215045/source_scope/raw_page_images/SGK_TIN9/page_0069.png,558301,downloaded,"Ảnh trang SGK Tin học 9 lấy từ nguồn tập huấn NXBGD; dùng cho P02 ở mức mục lục, full OCR để P08/later."
LM-SGK-TIN9-4700233123,SGK Tin học 9,9,https://taphuan.nxbgd.vn/tap-huan/doc-sach/sgk-tin-hoc-9.4700233123,4700233123,0070,,experiments/20260705_215045/source_scope/raw_page_images/SGK_TIN9/page_0070.png,665845,downloaded,"Ảnh trang SGK Tin học 9 lấy từ nguồn tập huấn NXBGD; dùng cho P02 ở mức mục lục, full OCR để P08/later."
LM-SGK-TIN9-4700233123,SGK Tin học 9,9,https://taphuan.nxbgd.vn/tap-huan/doc-sach/sgk-tin-hoc-9.4700233123,4700233123,0071,,experiments/20260705_215045/source_scope/raw_page_images/SGK_TIN9/page_0071.png,557565,downloaded,"Ảnh trang SGK Tin học 9 lấy từ nguồn tập huấn NXBGD; dùng cho P02 ở mức mục lục, full OCR để P08/later."
LM-SGK-TIN9-4700233123,SGK Tin học 9,9,https://taphuan.nxbgd.vn/tap-huan/doc-sach/sgk-tin-hoc-9.4700233123,4700233123,0072,,experiments/20260705_215045/source_scope/raw_page_images/SGK_TIN9/page_0072.png,595896,downloaded,"Ảnh trang SGK Tin học 9 lấy từ nguồn tập huấn NXBGD; dùng cho P02 ở mức mục lục, full OCR để P08/later."
LM-SGK-TIN9-4700233123,SGK Tin học 9,9,https://taphuan.nxbgd.vn/tap-huan/doc-sach/sgk-tin-hoc-9.4700233123,4700233123,0073,,experiments/20260705_215045/source_scope/raw_page_images/SGK_TIN9/page_0073.png,573253,downloaded,"Ảnh trang SGK Tin học 9 lấy từ nguồn tập huấn NXBGD; dùng cho P02 ở mức mục lục, full OCR để P08/later."
LM-SGK-TIN9-4700233123,SGK Tin học 9,9,https://taphuan.nxbgd.vn/tap-huan/doc-sach/sgk-tin-hoc-9.4700233123,4700233123,0074,,experiments/20260705_215045/source_scope/raw_page_images/SGK_TIN9/page_0074.png,750827,downloaded,"Ảnh trang SGK Tin học 9 lấy từ nguồn tập huấn NXBGD; dùng cho P02 ở mức mục lục, full OCR để P08/later."
LM-SGK-TIN9-4700233123,SGK Tin học 9,9,https://taphuan.nxbgd.vn/tap-huan/doc-sach/sgk-tin-hoc-9.4700233123,4700233123,0075,,experiments/20260705_215045/source_scope/raw_page_images/SGK_TIN9/page_0075.png,623853,downloaded,"Ảnh trang SGK Tin học 9 lấy từ nguồn tập huấn NXBGD; dùng cho P02 ở mức mục lục, full OCR để P08/later."
LM-SGK-TIN9-4700233123,SGK Tin học 9,9,https://taphuan.nxbgd.vn/tap-huan/doc-sach/sgk-tin-hoc-9.4700233123,4700233123,0076,,experiments/20260705_215045/source_scope/raw_page_images/SGK_TIN9/page_0076.png,511667,downloaded,"Ảnh trang SGK Tin học 9 lấy từ nguồn tập huấn NXBGD; dùng cho P02 ở mức mục lục, full OCR để P08/later."
LM-SGK-TIN9-4700233123,SGK Tin học 9,9,https://taphuan.nxbgd.vn/tap-huan/doc-sach/sgk-tin-hoc-9.4700233123,4700233123,0077,,experiments/20260705_215045/source_scope/raw_page_images/SGK_TIN9/page_0077.png,741135,downloaded,"Ảnh trang SGK Tin học 9 lấy từ nguồn tập huấn NXBGD; dùng cho P02 ở mức mục lục, full OCR để P08/later."
LM-SGK-TIN9-4700233123,SGK Tin học 9,9,https://taphuan.nxbgd.vn/tap-huan/doc-sach/sgk-tin-hoc-9.4700233123,4700233123,0078,,experiments/20260705_215045/source_scope/raw_page_images/SGK_TIN9/page_0078.png,612598,downloaded,"Ảnh trang SGK Tin học 9 lấy từ nguồn tập huấn NXBGD; dùng cho P02 ở mức mục lục, full OCR để P08/later."
LM-SGK-TIN9-4700233123,SGK Tin học 9,9,https://taphuan.nxbgd.vn/tap-huan/doc-sach/sgk-tin-hoc-9.4700233123,4700233123,0079,,experiments/20260705_215045/source_scope/raw_page_images/SGK_TIN9/page_0079.png,496865,downloaded,"Ảnh trang SGK Tin học 9 lấy từ nguồn tập huấn NXBGD; dùng cho P02 ở mức mục lục, full OCR để P08/later."
LM-SGK-TIN9-4700233123,SGK Tin học 9,9,https://taphuan.nxbgd.vn/tap-huan/doc-sach/sgk-tin-hoc-9.4700233123,4700233123,0080,,experiments/20260705_215045/source_scope/raw_page_images/SGK_TIN9/page_0080.png,747886,downloaded,"Ảnh trang SGK Tin học 9 lấy từ nguồn tập huấn NXBGD; dùng cho P02 ở mức mục lục, full OCR để P08/later."
LM-SGK-TIN9-4700233123,SGK Tin học 9,9,https://taphuan.nxbgd.vn/tap-huan/doc-sach/sgk-tin-hoc-9.4700233123,4700233123,0081,,experiments/20260705_215045/source_scope/raw_page_images/SGK_TIN9/page_0081.png,697035,downloaded,"Ảnh trang SGK Tin học 9 lấy từ nguồn tập huấn NXBGD; dùng cho P02 ở mức mục lục, full OCR để P08/later."
LM-SGK-TIN9-4700233123,SGK Tin học 9,9,https://taphuan.nxbgd.vn/tap-huan/doc-sach/sgk-tin-hoc-9.4700233123,4700233123,0082,,experiments/20260705_215045/source_scope/raw_page_images/SGK_TIN9/page_0082.png,702486,downloaded,"Ảnh trang SGK Tin học 9 lấy từ nguồn tập huấn NXBGD; dùng cho P02 ở mức mục lục, full OCR để P08/later."
LM-SGK-TIN9-4700233123,SGK Tin học 9,9,https://taphuan.nxbgd.vn/tap-huan/doc-sach/sgk-tin-hoc-9.4700233123,4700233123,0083,,experiments/20260705_215045/source_scope/raw_page_images/SGK_TIN9/page_0083.png,579306,downloaded,"Ảnh trang SGK Tin học 9 lấy từ nguồn tập huấn NXBGD; dùng cho P02 ở mức mục lục, full OCR để P08/later."
LM-SGK-TIN9-4700233123,SGK Tin học 9,9,https://taphuan.nxbgd.vn/tap-huan/doc-sach/sgk-tin-hoc-9.4700233123,4700233123,0084,,experiments/20260705_215045/source_scope/raw_page_images/SGK_TIN9/page_0084.png,673758,downloaded,"Ảnh trang SGK Tin học 9 lấy từ nguồn tập huấn NXBGD; dùng cho P02 ở mức mục lục, full OCR để P08/later."
LM-SGK-TIN9-4700233123,SGK Tin học 9,9,https://taphuan.nxbgd.vn/tap-huan/doc-sach/sgk-tin-hoc-9.4700233123,4700233123,0085,,experiments/20260705_215045/source_scope/raw_page_images/SGK_TIN9/page_0085.png,593529,downloaded,"Ảnh trang SGK Tin học 9 lấy từ nguồn tập huấn NXBGD; dùng cho P02 ở mức mục lục, full OCR để P08/later."
LM-SGK-TIN9-4700233123,SGK Tin học 9,9,https://taphuan.nxbgd.vn/tap-huan/doc-sach/sgk-tin-hoc-9.4700233123,4700233123,0086,,experiments/20260705_215045/source_scope/raw_page_images/SGK_TIN9/page_0086.png,495588,downloaded,"Ảnh trang SGK Tin học 9 lấy từ nguồn tập huấn NXBGD; dùng cho P02 ở mức mục lục, full OCR để P08/later."
LM-SGK-TIN9-4700233123,SGK Tin học 9,9,https://taphuan.nxbgd.vn/tap-huan/doc-sach/sgk-tin-hoc-9.4700233123,4700233123,0087,,experiments/20260705_215045/source_scope/raw_page_images/SGK_TIN9/page_0087.png,447167,downloaded,"Ảnh trang SGK Tin học 9 lấy từ nguồn tập huấn NXBGD; dùng cho P02 ở mức mục lục, full OCR để P08/later."
LM-SGK-TIN9-4700233123,SGK Tin học 9,9,https://taphuan.nxbgd.vn/tap-huan/doc-sach/sgk-tin-hoc-9.4700233123,4700233123,0088,,experiments/20260705_215045/source_scope/raw_page_images/SGK_TIN9/page_0088.png,701151,downloaded,"Ảnh trang SGK Tin học 9 lấy từ nguồn tập huấn NXBGD; dùng cho P02 ở mức mục lục, full OCR để P08/later."
LM-SGK-TIN9-4700233123,SGK Tin học 9,9,https://taphuan.nxbgd.vn/tap-huan/doc-sach/sgk-tin-hoc-9.4700233123,4700233123,0089,,experiments/20260705_215045/source_scope/raw_page_images/SGK_TIN9/page_0089.png,823892,downloaded,"Ảnh trang SGK Tin học 9 lấy từ nguồn tập huấn NXBGD; dùng cho P02 ở mức mục lục, full OCR để P08/later."
LM-SGK-TIN9-4700233123,SGK Tin học 9,9,https://taphuan.nxbgd.vn/tap-huan/doc-sach/sgk-tin-hoc-9.4700233123,4700233123,0090,,experiments/20260705_215045/source_scope/raw_page_images/SGK_TIN9/page_0090.png,677938,downloaded,"Ảnh trang SGK Tin học 9 lấy từ nguồn tập huấn NXBGD; dùng cho P02 ở mức mục lục, full OCR để P08/later."
LM-SGK-TIN9-4700233123,SGK Tin học 9,9,https://taphuan.nxbgd.vn/tap-huan/doc-sach/sgk-tin-hoc-9.4700233123,4700233123,0091,,experiments/20260705_215045/source_scope/raw_page_images/SGK_TIN9/page_0091.png,701407,downloaded,"Ảnh trang SGK Tin học 9 lấy từ nguồn tập huấn NXBGD; dùng cho P02 ở mức mục lục, full OCR để P08/later."
LM-SGK-TIN9-4700233123,SGK Tin học 9,9,https://taphuan.nxbgd.vn/tap-huan/doc-sach/sgk-tin-hoc-9.4700233123,4700233123,0092,,experiments/20260705_215045/source_scope/raw_page_images/SGK_TIN9/page_0092.png,692211,downloaded,"Ảnh trang SGK Tin học 9 lấy từ nguồn tập huấn NXBGD; dùng cho P02 ở mức mục lục, full OCR để P08/later."
LM-SGK-TIN9-4700233123,SGK Tin học 9,9,https://taphuan.nxbgd.vn/tap-huan/doc-sach/sgk-tin-hoc-9.4700233123,4700233123,0093,,experiments/20260705_215045/source_scope/raw_page_images/SGK_TIN9/page_0093.png,279540,downloaded,"Ảnh trang SGK Tin học 9 lấy từ nguồn tập huấn NXBGD; dùng cho P02 ở mức mục lục, full OCR để P08/later."
LM-SGK-TIN9-4700233123,SGK Tin học 9,9,https://taphuan.nxbgd.vn/tap-huan/doc-sach/sgk-tin-hoc-9.4700233123,4700233123,0094,,experiments/20260705_215045/source_scope/raw_page_images/SGK_TIN9/page_0094.png,748614,downloaded,"Ảnh trang SGK Tin học 9 lấy từ nguồn tập huấn NXBGD; dùng cho P02 ở mức mục lục, full OCR để P08/later."
