review_priority,queue_type,eligibility_status,benchmark_candidate_id,sample_id,grade,lesson,bloom_level,has_history,history_turn_count,target_tutor_turn_index,family_position,required_principle_set,alternative_principle_set,review_reasons,principle_scores_json,flagged_details_json,uet_disposition,uet_notes
2,flagged,needs_uet_review,BC-HNMU-G6-R0087-STT2-AI02,HNMU-G6-R0087-STT2,6,Bài 7: Tìm kiếm thông tin trên Internet,Nhận biết (Nêu được tên),false,0,2,first,[],"[""PRINCIPLE-EXPLANATION"",""PRINCIPLE-QUESTIONING""]",no_required_principle,"{""PRINCIPLE-CHALLENGE"":2,""PRINCIPLE-EXPLANATION"":3,""PRINCIPLE-FEEDBACK"":1,""PRINCIPLE-MODELLING"":1,""PRINCIPLE-PRACTICE"":2,""PRINCIPLE-QUESTIONING"":3}",[],,
2,flagged,needs_uet_review,BC-HNMU-G7-R0033-STT4-AI02,HNMU-G7-R0033-STT4,7,Bài 3. Quản lí dữ liệu trong máy tính,Nhận biết (Nêu được chức năng),false,0,2,first,[],"[""PRINCIPLE-EXPLANATION"",""PRINCIPLE-QUESTIONING""]",no_required_principle,"{""PRINCIPLE-CHALLENGE"":2,""PRINCIPLE-EXPLANATION"":3,""PRINCIPLE-FEEDBACK"":1,""PRINCIPLE-MODELLING"":1,""PRINCIPLE-PRACTICE"":2,""PRINCIPLE-QUESTIONING"":3}",[],,
2,flagged,needs_uet_review,BC-HNMU-G7-R0153-STT12-AI04,HNMU-G7-R0153-STT12,7,Bài 11: Tạo bài trình chiếu,Vận dụng (Sử dụng được),true,2,4,last,"[""PRINCIPLE-EXPLANATION"",""PRINCIPLE-MODELLING"",""PRINCIPLE-PRACTICE"",""PRINCIPLE-FEEDBACK""]","[""PRINCIPLE-QUESTIONING""]",more_than_three_required;rare_required_set,"{""PRINCIPLE-CHALLENGE"":2,""PRINCIPLE-EXPLANATION"":5,""PRINCIPLE-FEEDBACK"":5,""PRINCIPLE-MODELLING"":4,""PRINCIPLE-PRACTICE"":4,""PRINCIPLE-QUESTIONING"":3}","[{""evidence"":""student_prompt"",""principle_id"":""PRINCIPLE-EXPLANATION"",""rationale"":""Nhu cầu độc lập: Học sinh cần hiểu rõ cơ chế hoạt động của phím Tab (hoặc công cụ lùi lề) trong việc thay đổi mức phân cấp danh sách (bullet level) để hiểu rõ bản chất của việc tạo ý phụ từ ý chính. Nếu bỏ nguyên tắc này: Nếu chỉ bảo học sinh nhấn phím Tab mà không giải thích cơ chế phân cấp của nó trong bài trình chiếu, học sinh sẽ chỉ làm theo máy móc và không hiểu tại sao thao tác đó lại tạo ra được cấu trúc phân cấp."",""requirement_score"":5},{""evidence"":""student_prompt"",""principle_id"":""PRINCIPLE-MODELLING"",""rationale"":""Nhu cầu độc lập: Thao tác tin học văn phòng đòi hỏi sự phối hợp các bước theo trình tự chuẩn xác. Học sinh cần một ví dụ mẫu mô tả chuỗi thao tác thực tế (như: Enter xuống dòng -> Nhấn Tab -> Gõ nội dung ý phụ) để dễ dàng hình dung. Nếu bỏ nguyên tắc này: Thiếu đi bước làm mẫu chuỗi thao tác, học sinh có thể lúng túng không biết nhấn phím Tab vào thời điểm nào (trước hay sau khi gõ chữ) để đạt được kết quả mong muốn."",""requirement_score"":4},{""evidence"":""bloom_level, position"",""principle_id"":""PRINCIPLE-PRACTICE"",""rationale"":""Nhu cầu độc lập: Với mục tiêu đạt mức độ nhận thức \""Vận dụng (Sử dụng được)\"" trong một bài thực hành thao tác, học sinh cần được khuyến khích thực hiện ngay thao tác này trên máy tính của mình để củng cố kỹ năng. Nếu bỏ nguyên tắc này: Nếu không yêu cầu học sinh thực hành ngay, việc học sẽ dừng lại ở mức lý thuyết suông và học sinh dễ quên thao tác khi tắt hội thoại."",""requirement_score"":4},{""evidence"":""conversation_history (lượt 3)"",""principle_id"":""PRINCIPLE-FEEDBACK"",""rationale"":""Nhu cầu độc lập: Học sinh vừa đưa ra câu trả lời cụ thể là \""phím Tab\"" dựa trên câu hỏi gợi mở của gia sư. Học sinh cần nhận được phản hồi ngay lập tức để xác nhận câu trả lời này là hoàn toàn chính xác. Nếu bỏ nguyên tắc này: Nếu không có phản hồi xác nhận câu trả lời đúng của học sinh, mạch hội thoại sẽ bị đứt gãy, học sinh không chắc chắn mình đã đoán đúng phím hay chưa trước khi thực hiện các bước tiếp theo."",""requirement_score"":5}]",,
2,flagged,needs_uet_review,BC-HNMU-G8-R0002-STT1-AI02,HNMU-G8-R0002-STT1,8,Bài 1. Lược sử công cụ tính toán,Nhận biết (Nhớ được tên tác giả),false,0,2,first,[],"[""PRINCIPLE-EXPLANATION"",""PRINCIPLE-QUESTIONING""]",no_required_principle,"{""PRINCIPLE-CHALLENGE"":2,""PRINCIPLE-EXPLANATION"":3,""PRINCIPLE-FEEDBACK"":1,""PRINCIPLE-MODELLING"":1,""PRINCIPLE-PRACTICE"":2,""PRINCIPLE-QUESTIONING"":3}",[],,
2,flagged,needs_uet_review,BC-HNMU-G8-R0199-STT2-AI06,HNMU-G8-R0199-STT2,8,[11b] Thực hành tổng hợp,Nhận biết,true,4,6,middle,[],"[""PRINCIPLE-PRACTICE"",""PRINCIPLE-FEEDBACK"",""PRINCIPLE-QUESTIONING""]",no_required_principle,"{""PRINCIPLE-CHALLENGE"":1,""PRINCIPLE-EXPLANATION"":2,""PRINCIPLE-FEEDBACK"":3,""PRINCIPLE-MODELLING"":2,""PRINCIPLE-PRACTICE"":3,""PRINCIPLE-QUESTIONING"":3}",[],,
2,flagged,needs_uet_review,BC-HNMU-G9-R0072-STT1-AI02,HNMU-G9-R0072-STT1,9,Bài 6: Thực hành: Khai thác phần mềm mô phỏng,Nhận biết (Nêu được tên thiết bị/công cụ),false,0,2,first,[],"[""PRINCIPLE-QUESTIONING""]",no_required_principle,"{""PRINCIPLE-CHALLENGE"":1,""PRINCIPLE-EXPLANATION"":2,""PRINCIPLE-FEEDBACK"":1,""PRINCIPLE-MODELLING"":1,""PRINCIPLE-PRACTICE"":1,""PRINCIPLE-QUESTIONING"":3}",[],,
2,flagged,needs_uet_review,BC-HNMU-G9-R0074-STT3-AI04,HNMU-G9-R0074-STT3,9,Bài 6: Thực hành: Khai thác phần mềm mô phỏng,Nhận biết (Nhận biết được biểu tượng/chức năng),true,2,4,last,[],"[""PRINCIPLE-PRACTICE"",""PRINCIPLE-FEEDBACK"",""PRINCIPLE-QUESTIONING""]",no_required_principle,"{""PRINCIPLE-CHALLENGE"":2,""PRINCIPLE-EXPLANATION"":2,""PRINCIPLE-FEEDBACK"":3,""PRINCIPLE-MODELLING"":1,""PRINCIPLE-PRACTICE"":3,""PRINCIPLE-QUESTIONING"":3}",[],,
2,flagged,needs_uet_review,BC-HNMU-G9-R0235-STT10-AI06,HNMU-G9-R0235-STT10,9,[12b]: Hoàn thành việc dựng video,Vận dụng,true,4,6,middle,[],"[""PRINCIPLE-EXPLANATION"",""PRINCIPLE-MODELLING"",""PRINCIPLE-FEEDBACK"",""PRINCIPLE-QUESTIONING""]",no_required_principle,"{""PRINCIPLE-CHALLENGE"":1,""PRINCIPLE-EXPLANATION"":3,""PRINCIPLE-FEEDBACK"":3,""PRINCIPLE-MODELLING"":3,""PRINCIPLE-PRACTICE"":2,""PRINCIPLE-QUESTIONING"":3}",[],,
2,flagged,needs_uet_review,BC-HNMU-G9-R0253-STT14-AI10,HNMU-G9-R0253-STT14,9,[13b]: Biên tập và xuất video,Vận dụng,true,8,10,last,[],"[""PRINCIPLE-CHALLENGE"",""PRINCIPLE-FEEDBACK"",""PRINCIPLE-QUESTIONING""]",no_required_principle,"{""PRINCIPLE-CHALLENGE"":3,""PRINCIPLE-EXPLANATION"":1,""PRINCIPLE-FEEDBACK"":3,""PRINCIPLE-MODELLING"":1,""PRINCIPLE-PRACTICE"":1,""PRINCIPLE-QUESTIONING"":3}",[],,
3,flagged,needs_uet_review,BC-HNMU-G6-R0030-STT1-AI04,HNMU-G6-R0030-STT1,6,Bài 3. Thông tin trong máy tinh,Nhận biết (Nêu được tên đơn vị),true,2,4,middle,"[""PRINCIPLE-EXPLANATION"",""PRINCIPLE-FEEDBACK""]","[""PRINCIPLE-PRACTICE"",""PRINCIPLE-QUESTIONING""]",feedback_confirmation_only,"{""PRINCIPLE-CHALLENGE"":1,""PRINCIPLE-EXPLANATION"":5,""PRINCIPLE-FEEDBACK"":5,""PRINCIPLE-MODELLING"":1,""PRINCIPLE-PRACTICE"":3,""PRINCIPLE-QUESTIONING"":3}","[{""evidence"":""conversation_history lượt 3: học sinh trả lời \""Dạ là chữ số nhị phân ạ.\"""",""principle_id"":""PRINCIPLE-FEEDBACK"",""rationale"":""Nhu cầu độc lập: Học sinh vừa đưa ra câu trả lời \""chữ số nhị phân\"" ở lượt trước và cần nhận được sự xác nhận ngay lập tức rằng câu trả lời đó là hoàn toàn chính xác để duy trì sự tự tin. Nếu bỏ nguyên tắc này: Nếu gia sư bỏ qua câu trả lời này và đi thẳng vào việc giới thiệu đơn vị mới, học sinh sẽ cảm thấy nỗ lực suy nghĩ của mình ở lượt trước không được ghi nhận và không rõ mình đã trả lời đúng hay chưa."",""requirement_score"":5}]",,
3,flagged,needs_uet_review,BC-HNMU-G6-R0030-STT1-AI06,HNMU-G6-R0030-STT1,6,Bài 3. Thông tin trong máy tinh,Nhận biết (Nêu được tên đơn vị),true,4,6,last,"[""PRINCIPLE-EXPLANATION"",""PRINCIPLE-FEEDBACK""]","[""PRINCIPLE-QUESTIONING""]",feedback_confirmation_only,"{""PRINCIPLE-CHALLENGE"":2,""PRINCIPLE-EXPLANATION"":4,""PRINCIPLE-FEEDBACK"":5,""PRINCIPLE-MODELLING"":1,""PRINCIPLE-PRACTICE"":2,""PRINCIPLE-QUESTIONING"":3}","[{""evidence"":""Trường conversation_history lượt 5: \""À, là Bit đúng không thầy?\"""",""principle_id"":""PRINCIPLE-FEEDBACK"",""rationale"":""Nhu cầu độc lập: Học sinh vừa đưa ra một phán đoán cụ thể ở lượt 5 (\""À, là Bit đúng không thầy?\"") và đang rất cần được giáo viên phản hồi, xác nhận ngay lập tức tính chính xác của câu trả lời này. Nếu bỏ nguyên tắc này: Học sinh sẽ không biết chắc chắn liệu từ \""Bit\"" mình đoán có đúng là câu trả lời cho câu hỏi ban đầu hay không, làm mất đi sự định hướng và giảm động lực tương tác của học sinh."",""requirement_score"":5}]",,
3,flagged,needs_uet_review,BC-HNMU-G6-R0034-STT5-AI04,HNMU-G6-R0034-STT5,6,Bài 3. Thông tin trong máy tinh,Thông hiểu (Giải thích được lý do),true,2,4,last,"[""PRINCIPLE-EXPLANATION"",""PRINCIPLE-FEEDBACK""]","[""PRINCIPLE-QUESTIONING""]",feedback_confirmation_only,"{""PRINCIPLE-CHALLENGE"":1,""PRINCIPLE-EXPLANATION"":5,""PRINCIPLE-FEEDBACK"":4,""PRINCIPLE-MODELLING"":2,""PRINCIPLE-PRACTICE"":1,""PRINCIPLE-QUESTIONING"":3}","[{""evidence"":""Lượt 3 của học sinh đưa ra câu trả lời cụ thể: \""Dạ có 2 là Sáng và Tắt ạ.\"""",""principle_id"":""PRINCIPLE-FEEDBACK"",""rationale"":""Nhu cầu độc lập: Học sinh đã tương tác và đưa ra câu trả lời chính xác ở lượt 3, do đó cần được gia sư ghi nhận và xác nhận tính đúng đắn này để duy trì sự tự tin và mạch tư duy. Nếu bỏ nguyên tắc này: Nếu không phản hồi trực tiếp câu trả lời của học sinh mà chuyển ngay sang nội dung khác, học sinh sẽ không biết câu trả lời của mình đã đúng hướng chưa, làm giảm hiệu quả của phương pháp gợi mở."",""requirement_score"":4}]",,
3,flagged,needs_uet_review,BC-HNMU-G6-R0042-STT13-AI06,HNMU-G6-R0042-STT13,6,Bài 3. Thông tin trong máy tinh,Vận dụng (Thực hiện thao tác thực tế),true,4,6,last,"[""PRINCIPLE-FEEDBACK"",""PRINCIPLE-QUESTIONING""]","[""PRINCIPLE-EXPLANATION""]",feedback_confirmation_only,"{""PRINCIPLE-CHALLENGE"":1,""PRINCIPLE-EXPLANATION"":3,""PRINCIPLE-FEEDBACK"":5,""PRINCIPLE-MODELLING"":2,""PRINCIPLE-PRACTICE"":2,""PRINCIPLE-QUESTIONING"":5}","[{""evidence"":""conversation_history (lượt 4 và 5)"",""principle_id"":""PRINCIPLE-FEEDBACK"",""rationale"":""Nhu cầu độc lập: Học sinh đã thực hiện đúng chỉ dẫn ở lượt trước và phản hồi kết quả tìm thấy chữ 'Properties!'. Học sinh có nhu cầu nhận được sự xác nhận ngay lập tức từ gia sư rằng họ đã thao tác đúng trước khi tiến hành nhấp chuột mở bảng này. Nếu bỏ nguyên tắc này: Gia sư sẽ bỏ qua nỗ lực thực hành của học sinh, khiến học sinh hoang mang không rõ mình đã chọn đúng thư mục hay chưa, làm gián đoạn mạch tự tin trong thao tác thực tế."",""requirement_score"":5}]",,
3,flagged,needs_uet_review,BC-HNMU-G6-R0044-STT1-AI06,HNMU-G6-R0044-STT1,6,Bài 4. Mạng máy tính,Nhận biết (Biết được khái niệm),true,4,6,last,"[""PRINCIPLE-EXPLANATION"",""PRINCIPLE-FEEDBACK"",""PRINCIPLE-QUESTIONING""]","[""PRINCIPLE-PRACTICE""]",feedback_confirmation_only,"{""PRINCIPLE-CHALLENGE"":1,""PRINCIPLE-EXPLANATION"":5,""PRINCIPLE-FEEDBACK"":5,""PRINCIPLE-MODELLING"":1,""PRINCIPLE-PRACTICE"":3,""PRINCIPLE-QUESTIONING"":4}","[{""evidence"":""turn_index:5"",""principle_id"":""PRINCIPLE-FEEDBACK"",""rationale"":""Nhu cầu độc lập: Học sinh vừa đưa ra câu trả lời cho câu hỏi gợi mở của gia sư ở lượt 5 (\""Để gửi tin nhắn hay hình ảnh cho nhau ạ\""). Học sinh có nhu cầu nhận được sự xác nhận tính đúng đắn của câu trả lời này và biết cách nó liên kết với khái niệm \""truyền thông tin\"" như thế nào. Nếu bỏ nguyên tắc này: Phản hồi của gia sư sẽ bỏ qua đóng góp của học sinh, làm đứt gãy mạch tương tác và giảm động lực tự suy luận của học sinh."",""requirement_score"":5}]",,
3,flagged,needs_uet_review,BC-HNMU-G6-R0049-STT6-AI04,HNMU-G6-R0049-STT6,6,Bài 4. Mạng máy tính,Thông hiểu (Phân biệt đặc điểm),true,2,4,last,"[""PRINCIPLE-EXPLANATION"",""PRINCIPLE-FEEDBACK""]","[""PRINCIPLE-QUESTIONING""]",feedback_confirmation_only,"{""PRINCIPLE-CHALLENGE"":1,""PRINCIPLE-EXPLANATION"":4,""PRINCIPLE-FEEDBACK"":5,""PRINCIPLE-MODELLING"":1,""PRINCIPLE-PRACTICE"":2,""PRINCIPLE-QUESTIONING"":3}","[{""evidence"":""conversation_history (lượt 3): \""Dạ dùng sóng Wifi ạ.\"""",""principle_id"":""PRINCIPLE-FEEDBACK"",""rationale"":""Nhu cầu độc lập: Học sinh vừa đưa ra một câu trả lời cụ thể ở lượt 3 (\""Dạ dùng sóng Wifi ạ\""). Học sinh cần nhận được phản hồi trực tiếp để biết câu trả lời của mình đã chính xác chưa, đồng thời nhận ra mối liên hệ của nó với khái niệm tổng quát hơn.\nNếu bỏ nguyên tắc này: Phản hồi của gia sư sẽ bỏ qua nỗ lực trả lời của học sinh, không giúp học sinh xác nhận tính đúng đắn của kiến thức mình vừa đưa ra, làm mất đi tính tương tác sư phạm cần thiết."",""requirement_score"":5}]",,
3,flagged,needs_uet_review,BC-HNMU-G6-R0051-STT8-AI04,HNMU-G6-R0051-STT8,6,Bài 4. Mạng máy tính,Thông hiểu (Giải thích chức năng),true,2,4,last,"[""PRINCIPLE-EXPLANATION"",""PRINCIPLE-FEEDBACK""]","[""PRINCIPLE-PRACTICE"",""PRINCIPLE-QUESTIONING""]",feedback_confirmation_only,"{""PRINCIPLE-CHALLENGE"":2,""PRINCIPLE-EXPLANATION"":4,""PRINCIPLE-FEEDBACK"":5,""PRINCIPLE-MODELLING"":1,""PRINCIPLE-PRACTICE"":3,""PRINCIPLE-QUESTIONING"":3}","[{""evidence"":""turn_index: 3"",""principle_id"":""PRINCIPLE-FEEDBACK"",""rationale"":""Nhu cầu độc lập: Học sinh đã đưa ra câu trả lời cho câu hỏi lựa chọn của gia sư ở lượt trước (\""Em nghĩ nó là điểm nối...\"") và cần nhận được phản hồi ngay lập tức để xác nhận xem suy nghĩ của mình có chính xác không. Nếu bỏ nguyên tắc này: Gia sư sẽ bỏ qua câu trả lời của học sinh và chuyển sang nội dung khác, làm mất đi sự tương tác hai chiều và không giúp học sinh biết được tính đúng đắn trong suy luận của mình."",""requirement_score"":5}]",,
3,flagged,needs_uet_review,BC-HNMU-G6-R0052-STT9-AI04,HNMU-G6-R0052-STT9,6,Bài 4. Mạng máy tính,Thông hiểu (Giải thích vai trò),true,2,4,last,"[""PRINCIPLE-EXPLANATION"",""PRINCIPLE-FEEDBACK""]","[""PRINCIPLE-QUESTIONING""]",feedback_confirmation_only,"{""PRINCIPLE-CHALLENGE"":2,""PRINCIPLE-EXPLANATION"":5,""PRINCIPLE-FEEDBACK"":5,""PRINCIPLE-MODELLING"":2,""PRINCIPLE-PRACTICE"":2,""PRINCIPLE-QUESTIONING"":3}","[{""evidence"":""turn_index 3: \""Dạ cần phần mềm để điều khiển ạ.\"""",""principle_id"":""PRINCIPLE-FEEDBACK"",""rationale"":""Nhu cầu độc lập: Học sinh vừa đưa ra một câu trả lời cụ thể cho câu hỏi gợi mở của gia sư. Học sinh cần được xác nhận tính đúng đắn của ý kiến \""phần mềm để điều khiển\"" và biết mình đã đi đúng hướng hay chưa. Nếu bỏ nguyên tắc này: Phản hồi của gia sư sẽ trở nên áp đặt, bỏ qua nỗ lực tư duy của học sinh ở lượt trước và làm mất đi tính tương tác của cuộc hội thoại."",""requirement_score"":5}]",,
3,flagged,needs_uet_review,BC-HNMU-G6-R0053-STT10-AI06,HNMU-G6-R0053-STT10,6,Bài 4. Mạng máy tính,Thông hiểu (Giải thích khái niệm),true,4,6,last,"[""PRINCIPLE-EXPLANATION"",""PRINCIPLE-FEEDBACK""]","[""PRINCIPLE-QUESTIONING""]",feedback_confirmation_only,"{""PRINCIPLE-CHALLENGE"":2,""PRINCIPLE-EXPLANATION"":5,""PRINCIPLE-FEEDBACK"":5,""PRINCIPLE-MODELLING"":1,""PRINCIPLE-PRACTICE"":2,""PRINCIPLE-QUESTIONING"":3}","[{""evidence"":""conversation_history lượt 3, 5 và gold_answer"",""principle_id"":""PRINCIPLE-FEEDBACK"",""rationale"":""Nhu cầu độc lập: Học sinh vừa đưa ra câu trả lời chính xác về \""máy tính xách tay (laptop)\"" và trước đó là \""điện thoại và máy tính bảng\"". Học sinh cần được xác nhận tính đúng đắn của câu trả lời này, đồng thời cần gia sư liên kết, tổng hợp các câu trả lời riêng lẻ đó thành nhóm \""các thiết bị di động\"". Nếu bỏ nguyên tắc này: Học sinh sẽ không biết câu trả lời cuối cùng của mình đã hoàn toàn chính xác chưa và không thấy được mối liên hệ giữa các thiết bị mình tự liệt kê với câu hỏi tổng quát ban đầu."",""requirement_score"":5}]",,
3,flagged,needs_uet_review,BC-HNMU-G6-R0054-STT11-AI04,HNMU-G6-R0054-STT11,6,Bài 4. Mạng máy tính,Vận dụng (Xác định thành phần),true,2,4,middle,"[""PRINCIPLE-EXPLANATION"",""PRINCIPLE-FEEDBACK""]","[""PRINCIPLE-QUESTIONING""]",feedback_confirmation_only,"{""PRINCIPLE-CHALLENGE"":1,""PRINCIPLE-EXPLANATION"":4,""PRINCIPLE-FEEDBACK"":5,""PRINCIPLE-MODELLING"":1,""PRINCIPLE-PRACTICE"":2,""PRINCIPLE-QUESTIONING"":3}","[{""evidence"":""conversation_history lượt 3"",""principle_id"":""PRINCIPLE-FEEDBACK"",""rationale"":""Nhu cầu độc lập: Học sinh đã tích cực suy luận và đưa ra câu trả lời cụ thể ở lượt 3 (\""Cả máy tính và máy in đều nhận dữ liệu...\""). Học sinh cần nhận được phản hồi ngay lập tức để xác nhận tính đúng đắn của lập luận này nhằm tự tin đi đến kết luận.\nNếu bỏ nguyên tắc này: Nếu không phản hồi và đánh giá câu trả lời của học sinh, phản hồi tiếp theo sẽ bỏ qua nỗ lực tư duy của học sinh, có thể khiến học sinh hoang mang không biết suy luận của mình có đúng hướng hay không."",""requirement_score"":5}]",,
3,flagged,needs_uet_review,BC-HNMU-G6-R0054-STT11-AI06,HNMU-G6-R0054-STT11,6,Bài 4. Mạng máy tính,Vận dụng (Xác định thành phần),true,4,6,last,"[""PRINCIPLE-EXPLANATION"",""PRINCIPLE-FEEDBACK""]","[""PRINCIPLE-QUESTIONING""]",feedback_confirmation_only,"{""PRINCIPLE-CHALLENGE"":1,""PRINCIPLE-EXPLANATION"":5,""PRINCIPLE-FEEDBACK"":4,""PRINCIPLE-MODELLING"":1,""PRINCIPLE-PRACTICE"":1,""PRINCIPLE-QUESTIONING"":3}","[{""evidence"":""conversation_history lượt 5: 'Dạ là thiết bị đầu cuối ạ! Thế còn mấy cái dây nối chúng là gì thầy?'"",""principle_id"":""PRINCIPLE-FEEDBACK"",""rationale"":""Nhu cầu độc lập: Học sinh vừa đưa ra câu trả lời chính xác ('Dạ là thiết bị đầu cuối ạ!') ở lượt 5 sau một chuỗi gợi ý, do đó cần một phản hồi xác nhận rõ ràng để củng cố kiến thức và khích lệ tinh thần tự tin của học sinh trước khi chuyển sang nội dung mới. Nếu bỏ nguyên tắc này: Gia sư nếu chỉ tập trung trả lời câu hỏi về dây nối mà bỏ qua việc ghi nhận câu trả lời trước đó của học sinh sẽ khiến học sinh không chắc chắn liệu kết luận của mình về thiết bị đầu cuối đã hoàn toàn chính xác hay chưa."",""requirement_score"":4}]",,
3,flagged,needs_uet_review,BC-HNMU-G6-R0055-STT12-AI04,HNMU-G6-R0055-STT12,6,Bài 4. Mạng máy tính,Vận dụng (Vẽ sơ đồ mạng),true,2,4,middle,"[""PRINCIPLE-FEEDBACK"",""PRINCIPLE-QUESTIONING""]","[""PRINCIPLE-EXPLANATION"",""PRINCIPLE-MODELLING""]",feedback_confirmation_only,"{""PRINCIPLE-CHALLENGE"":2,""PRINCIPLE-EXPLANATION"":3,""PRINCIPLE-FEEDBACK"":5,""PRINCIPLE-MODELLING"":3,""PRINCIPLE-PRACTICE"":2,""PRINCIPLE-QUESTIONING"":5}","[{""evidence"":""conversation_history lượt 3"",""principle_id"":""PRINCIPLE-FEEDBACK"",""rationale"":""Nhu cầu độc lập: Học sinh vừa đưa ra câu trả lời cụ thể \""Dạ ở đầu ạ\"" và cần được xác nhận tính đúng đắn ngay lập tức để làm điểm tựa vững chắc cho các bước vẽ tiếp theo. Nếu bỏ nguyên tắc này: Gia sư sẽ bỏ qua câu trả lời của học sinh và chuyển ngay sang nội dung khác, khiến học sinh hoang mang không rõ giả định đặt Modem ở đầu của mình đã chính xác chưa."",""requirement_score"":5}]",,
3,flagged,needs_uet_review,BC-HNMU-G6-R0076-STT5-AI06,HNMU-G6-R0076-STT5,6,Bài 6: Mạng thông tin toàn cầu,Thông hiểu (Giải thích chức năng),true,4,6,last,"[""PRINCIPLE-EXPLANATION"",""PRINCIPLE-FEEDBACK""]","[""PRINCIPLE-QUESTIONING""]",feedback_confirmation_only,"{""PRINCIPLE-CHALLENGE"":2,""PRINCIPLE-EXPLANATION"":5,""PRINCIPLE-FEEDBACK"":5,""PRINCIPLE-MODELLING"":2,""PRINCIPLE-PRACTICE"":2,""PRINCIPLE-QUESTIONING"":3}","[{""evidence"":""conversation_history (turn_index: 5)"",""principle_id"":""PRINCIPLE-FEEDBACK"",""rationale"":""Nhu cầu độc lập: Học sinh vừa đưa ra câu trả lời tự suy luận rất chính xác ở lượt 5 ('Dạ không, phải là duy nhất ạ!'). Học sinh cần nhận được sự xác nhận đúng đắn từ gia sư để củng cố niềm tin kiến thức trước khi đi tiếp. Nếu bỏ nguyên tắc này: Một phản hồi bỏ qua câu trả lời của học sinh mà chuyển ngay sang giải thích hoặc hỏi câu khác sẽ làm mất đi tính tương tác hai chiều, khiến học sinh cảm thấy nỗ lực suy luận của mình không được ghi nhận."",""requirement_score"":5}]",,
3,flagged,needs_uet_review,BC-HNMU-G6-R0080-STT9-AI04,HNMU-G6-R0080-STT9,6,Bài 6: Mạng thông tin toàn cầu,Thông hiểu (Phát biểu được nhiệm vụ),true,2,4,last,"[""PRINCIPLE-EXPLANATION"",""PRINCIPLE-FEEDBACK"",""PRINCIPLE-QUESTIONING""]","[""PRINCIPLE-MODELLING""]",feedback_confirmation_only,"{""PRINCIPLE-CHALLENGE"":2,""PRINCIPLE-EXPLANATION"":4,""PRINCIPLE-FEEDBACK"":5,""PRINCIPLE-MODELLING"":3,""PRINCIPLE-PRACTICE"":2,""PRINCIPLE-QUESTIONING"":4}","[{""evidence"":""conversation_history (turn_index: 3): Dạ rồi ạ."",""principle_id"":""PRINCIPLE-FEEDBACK"",""rationale"":""Nhu cầu độc lập: Học sinh vừa xác nhận đã thực hiện xong bước kết nối mạng Wi-Fi. Phản hồi cần ghi nhận và xác nhận rằng học sinh đã thỏa mãn điều kiện kết nối Internet để làm bước đệm chuyển sang điều kiện tiếp theo. Nếu bỏ nguyên tắc này: Phản hồi sẽ bỏ qua thông tin phản hồi quan trọng của học sinh, làm mất đi tính tương tác hai chiều và không giúp học sinh liên kết các điều kiện cần thiết lại với nhau."",""requirement_score"":5}]",,
3,flagged,needs_uet_review,BC-HNMU-G6-R0083-STT12-AI04,HNMU-G6-R0083-STT12,6,Bài 6: Mạng thông tin toàn cầu,Vận dụng (Khai thác thông tin),true,2,4,middle,"[""PRINCIPLE-FEEDBACK"",""PRINCIPLE-QUESTIONING""]","[""PRINCIPLE-PRACTICE""]",feedback_confirmation_only,"{""PRINCIPLE-CHALLENGE"":1,""PRINCIPLE-EXPLANATION"":2,""PRINCIPLE-FEEDBACK"":4,""PRINCIPLE-MODELLING"":2,""PRINCIPLE-PRACTICE"":3,""PRINCIPLE-QUESTIONING"":4}","[{""evidence"":""conversation_history lượt 3"",""principle_id"":""PRINCIPLE-FEEDBACK"",""rationale"":""Nhu cầu độc lập: Học sinh lớp 6 vừa tìm thấy giao diện \""ô trống để nhập từ\"" và cần sự xác nhận ngay lập tức từ gia sư rằng họ đã đi đúng hướng và tìm đúng tính năng của từ điển trực tuyến. Nếu bỏ nguyên tắc này: Gia sư bỏ qua việc công nhận kết quả tìm kiếm của học sinh mà chỉ đưa ra mệnh lệnh tiếp theo, điều này có thể khiến học sinh hoang mang, không chắc chắn liệu ô trống mình thấy có đúng là nơi cần nhập hay không."",""requirement_score"":4}]",,
3,flagged,needs_uet_review,BC-HNMU-G6-R0083-STT12-AI06,HNMU-G6-R0083-STT12,6,Bài 6: Mạng thông tin toàn cầu,Vận dụng (Khai thác thông tin),true,4,6,last,"[""PRINCIPLE-PRACTICE"",""PRINCIPLE-FEEDBACK"",""PRINCIPLE-QUESTIONING""]",[],feedback_confirmation_only,"{""PRINCIPLE-CHALLENGE"":2,""PRINCIPLE-EXPLANATION"":2,""PRINCIPLE-FEEDBACK"":5,""PRINCIPLE-MODELLING"":1,""PRINCIPLE-PRACTICE"":4,""PRINCIPLE-QUESTIONING"":4}","[{""evidence"":""turn_index: 5"",""principle_id"":""PRINCIPLE-FEEDBACK"",""rationale"":""Nhu cầu độc lập: Học sinh đã hoàn thành nhiệm vụ tra cứu và báo cáo kết quả cụ thể thu nhận được cho gia sư. Học sinh cần sự xác nhận chính thức từ gia sư rằng kết quả tra cứu đó là hoàn toàn chính xác và ghi nhận nỗ lực thực hành thành công của mình. Nếu bỏ nguyên tắc này: Phản hồi tiếp theo của gia sư sẽ bỏ qua kết quả tự học của học sinh, khiến học sinh hoang mang không rõ mình đã làm đúng chưa và làm giảm động lực tương tác tích cực."",""requirement_score"":5}]",,
3,flagged,needs_uet_review,BC-HNMU-G6-R0086-STT1-AI04,HNMU-G6-R0086-STT1,6,Bài 7: Tìm kiếm thông tin trên Internet,Nhận biết (Nêu được khái niệm),true,2,4,middle,"[""PRINCIPLE-EXPLANATION"",""PRINCIPLE-FEEDBACK""]","[""PRINCIPLE-QUESTIONING""]",feedback_confirmation_only,"{""PRINCIPLE-CHALLENGE"":1,""PRINCIPLE-EXPLANATION"":5,""PRINCIPLE-FEEDBACK"":5,""PRINCIPLE-MODELLING"":1,""PRINCIPLE-PRACTICE"":2,""PRINCIPLE-QUESTIONING"":3}","[{""evidence"":""conversation_history lượt 3: Dạ em hay vào Google ạ."",""principle_id"":""PRINCIPLE-FEEDBACK"",""rationale"":""Nhu cầu độc lập: Học sinh vừa đưa ra câu trả lời \""Dạ em hay vào Google ạ\"" theo câu hỏi gợi mở ở lượt trước của gia sư. Học sinh cần nhận được phản hồi xác nhận rằng Google chính là một ví dụ điển hình của máy tìm kiếm để làm điểm tựa thực tế. Nếu bỏ nguyên tắc này: Gia sư sẽ bỏ qua câu trả lời của học sinh, làm đứt gãy mạch hội thoại tương tác và mất đi cơ hội liên hệ thực tế từ ví dụ quen thuộc mà học sinh đã nêu ra."",""requirement_score"":5}]",,
3,flagged,needs_uet_review,BC-HNMU-G6-R0088-STT3-AI06,HNMU-G6-R0088-STT3,6,Bài 7: Tìm kiếm thông tin trên Internet,Nhận biết (Nêu được khái niệm),true,4,6,last,"[""PRINCIPLE-EXPLANATION"",""PRINCIPLE-FEEDBACK""]","[""PRINCIPLE-PRACTICE"",""PRINCIPLE-QUESTIONING""]",feedback_confirmation_only,"{""PRINCIPLE-CHALLENGE"":1,""PRINCIPLE-EXPLANATION"":4,""PRINCIPLE-FEEDBACK"":5,""PRINCIPLE-MODELLING"":2,""PRINCIPLE-PRACTICE"":3,""PRINCIPLE-QUESTIONING"":3}","[{""evidence"":""turn_index: 5, gold_answer"",""principle_id"":""PRINCIPLE-FEEDBACK"",""rationale"":""Nhu cầu độc lập: Học sinh vừa đưa ra một định nghĩa rất xuất sắc dựa trên suy luận của mình ở lượt 5: \""Là từ tóm tắt nội dung em muốn tìm ạ!\"". Học sinh cần được xác nhận ngay lập tức rằng suy luận này là đúng đắn và được liên hệ, chuẩn hóa với định nghĩa trong sách giáo khoa.\nNếu bỏ nguyên tắc này: Gia sư sẽ bỏ qua đóng góp tích cực của học sinh, khiến học sinh không chắc chắn liệu định nghĩa mình tự rút ra có chính xác và đầy đủ hay không, làm mất đi động lực tương tác."",""requirement_score"":5}]",,
3,flagged,needs_uet_review,BC-HNMU-G6-R0089-STT4-AI04,HNMU-G6-R0089-STT4,6,Bài 7: Tìm kiếm thông tin trên Internet,Nhận biết (Nhận ra được),true,2,4,last,"[""PRINCIPLE-EXPLANATION"",""PRINCIPLE-FEEDBACK""]","[""PRINCIPLE-QUESTIONING""]",feedback_confirmation_only,"{""PRINCIPLE-CHALLENGE"":1,""PRINCIPLE-EXPLANATION"":5,""PRINCIPLE-FEEDBACK"":5,""PRINCIPLE-MODELLING"":2,""PRINCIPLE-PRACTICE"":2,""PRINCIPLE-QUESTIONING"":3}","[{""evidence"":""Trường conversation_history lượt 3 (\""Nó mở ra một trang web mới ạ!\"")."",""principle_id"":""PRINCIPLE-FEEDBACK"",""rationale"":""Nhu cầu độc lập: Học sinh vừa hoàn thành một nhiệm vụ thực hành khám phá ở lượt trước và đưa ra câu trả lời (\""Nó mở ra một trang web mới ạ!\""). Học sinh cần nhận được phản hồi để xác nhận rằng quan sát của mình là hoàn toàn chính xác.\nNếu bỏ nguyên tắc này: Nếu không có phản hồi công nhận kết quả thực hành này, học sinh sẽ không biết trải nghiệm của mình có đúng hướng hay không, làm giảm đi sự tự tin và gián đoạn mạch tương tác khám phá chủ động."",""requirement_score"":5}]",,
3,flagged,needs_uet_review,BC-HNMU-G6-R0090-STT5-AI06,HNMU-G6-R0090-STT5,6,Bài 7: Tìm kiếm thông tin trên Internet,Thông hiểu (Giải thích được lợi ích),true,4,6,last,"[""PRINCIPLE-FEEDBACK"",""PRINCIPLE-QUESTIONING""]","[""PRINCIPLE-EXPLANATION""]",feedback_confirmation_only,"{""PRINCIPLE-CHALLENGE"":2,""PRINCIPLE-EXPLANATION"":3,""PRINCIPLE-FEEDBACK"":5,""PRINCIPLE-MODELLING"":1,""PRINCIPLE-PRACTICE"":2,""PRINCIPLE-QUESTIONING"":4}","[{""evidence"":""turn_index 5"",""principle_id"":""PRINCIPLE-FEEDBACK"",""rationale"":""Nhu cầu độc lập: Học sinh đã trả lời đúng trọng tâm câu hỏi gợi mở ở lượt trước (\""Nhanh và tiện hơn rất nhiều ạ!\""). Học sinh cần nhận được phản hồi xác nhận tích cực để biết câu trả lời của mình là chính xác, giúp củng cố sự tự tin và ghi nhận tiến trình tư duy. Nếu bỏ nguyên tắc này: Gia sư sẽ bỏ qua nỗ lực trả lời của học sinh, làm mất đi sự tương tác tự nhiên và khiến học sinh hoang mang không biết mình đã đạt đến đích học tập chưa."",""requirement_score"":5}]",,
3,flagged,needs_uet_review,BC-HNMU-G6-R0094-STT9-AI04,HNMU-G6-R0094-STT9,6,Bài 7: Tìm kiếm thông tin trên Internet,Thông hiểu (Giải thích sự cần thiết),true,2,4,middle,"[""PRINCIPLE-EXPLANATION"",""PRINCIPLE-FEEDBACK""]","[""PRINCIPLE-MODELLING"",""PRINCIPLE-QUESTIONING""]",feedback_confirmation_only,"{""PRINCIPLE-CHALLENGE"":2,""PRINCIPLE-EXPLANATION"":4,""PRINCIPLE-FEEDBACK"":5,""PRINCIPLE-MODELLING"":3,""PRINCIPLE-PRACTICE"":2,""PRINCIPLE-QUESTIONING"":3}","[{""evidence"":""conversation_history lượt 3"",""principle_id"":""PRINCIPLE-FEEDBACK"",""rationale"":""Nhu cầu độc lập: Học sinh đã trả lời đúng câu hỏi gợi mở của gia sư ở lượt trước ('Dạ chắc là khó ạ, vì nhiều thông tin quá.'). Học sinh cần được phản hồi ngay lập tức để xác nhận suy luận của mình là chính xác, từ đó tạo động lực học tập và làm bàn đạp để kết nối câu trả lời này với bài học chính.\nNếu bỏ nguyên tắc này: Một phản hồi bỏ qua câu trả lời của học sinh hoặc chuyển ngay sang giải thích lý thuyết mà không công nhận/phân tích câu trả lời này sẽ làm đứt gãy mạch hội thoại kiến tạo, khiến học sinh cảm thấy câu trả lời của mình không được ghi nhận."",""requirement_score"":5}]",,
3,flagged,needs_uet_review,BC-HNMU-G6-R0099-STT14-AI04,HNMU-G6-R0099-STT14,6,Bài 7: Tìm kiếm thông tin trên Internet,Vận dụng (Thực hiện được nhiệm vụ giáo viên đặt ra),true,2,4,middle,"[""PRINCIPLE-PRACTICE"",""PRINCIPLE-FEEDBACK""]","[""PRINCIPLE-EXPLANATION"",""PRINCIPLE-QUESTIONING""]",feedback_confirmation_only,"{""PRINCIPLE-CHALLENGE"":2,""PRINCIPLE-EXPLANATION"":3,""PRINCIPLE-FEEDBACK"":5,""PRINCIPLE-MODELLING"":2,""PRINCIPLE-PRACTICE"":5,""PRINCIPLE-QUESTIONING"":3}","[{""evidence"":""conversation_history (lượt 3): student đề xuất từ khóa \""địa chỉ số điện thoại bảo tàng tin học\"" sau khi tutor gợi ý tự lập từ khóa ở lượt 2."",""principle_id"":""PRINCIPLE-FEEDBACK"",""rationale"":""Nhu cầu độc lập: Học sinh đã thực hiện yêu cầu của gia sư ở lượt trước bằng cách tự đề xuất một từ khóa cụ thể. Học sinh cần nhận được phản hồi ngay lập tức để biết từ khóa mình đưa ra đã đúng, đủ và hiệu quả chưa. Nếu bỏ nguyên tắc này: Học sinh sẽ không biết từ khóa mình đề xuất có chính xác hay không để tự tin chuyển sang bước tìm kiếm thực tế trên Internet."",""requirement_score"":5}]",,
3,flagged,needs_uet_review,BC-HNMU-G6-R0099-STT14-AI06,HNMU-G6-R0099-STT14,6,Bài 7: Tìm kiếm thông tin trên Internet,Vận dụng (Thực hiện được nhiệm vụ giáo viên đặt ra),true,4,6,last,"[""PRINCIPLE-FEEDBACK"",""PRINCIPLE-QUESTIONING""]","[""PRINCIPLE-CHALLENGE""]",feedback_confirmation_only,"{""PRINCIPLE-CHALLENGE"":3,""PRINCIPLE-EXPLANATION"":2,""PRINCIPLE-FEEDBACK"":4,""PRINCIPLE-MODELLING"":1,""PRINCIPLE-PRACTICE"":2,""PRINCIPLE-QUESTIONING"":5}","[{""evidence"":""conversation_history (turn_index: 3, 5)"",""principle_id"":""PRINCIPLE-FEEDBACK"",""rationale"":""Nhu cầu độc lập: Học sinh đã hoàn thành hành động tìm kiếm và báo cáo kết quả, do đó em cần nhận được phản hồi ghi nhận và khen ngợi về phương pháp tự xây dựng từ khóa hiệu quả mà em đã áp dụng thành công. Nếu bỏ nguyên tắc này: Học sinh sẽ không được đánh giá về mặt tiến bộ trong phương pháp tìm kiếm, làm giảm động lực tự học và tính hoàn thiện của chu trình trải nghiệm hành vi."",""requirement_score"":4}]",,
3,flagged,needs_uet_review,BC-HNMU-G6-R0114-STT1-AI04,HNMU-G6-R0114-STT1,6,Bài 9: An toàn thông tin trên Internet,Nhận biết (Nêu được khái niệm),true,2,4,last,"[""PRINCIPLE-EXPLANATION"",""PRINCIPLE-FEEDBACK""]","[""PRINCIPLE-QUESTIONING""]",feedback_confirmation_only,"{""PRINCIPLE-CHALLENGE"":1,""PRINCIPLE-EXPLANATION"":5,""PRINCIPLE-FEEDBACK"":5,""PRINCIPLE-MODELLING"":2,""PRINCIPLE-PRACTICE"":2,""PRINCIPLE-QUESTIONING"":3}","[{""evidence"":""conversation_history (turn_index 3): \""Dạ có thể ạ, nguy hiểm quá!\"""",""principle_id"":""PRINCIPLE-FEEDBACK"",""rationale"":""Nhu cầu độc lập: Học sinh đã trả lời câu hỏi tình huống của gia sư và biểu lộ cảm xúc nhận thức rõ ràng (\""Dạ có thể ạ, nguy hiểm quá!\""). Học sinh cần nhận được sự xác nhận, khen ngợi cho nhận định đúng đắn này để liên kết cảm xúc đó với lý do cần bảo mật thông tin.\nNếu bỏ nguyên tắc này: Gia sư sẽ bỏ qua câu trả lời của học sinh, làm mất đi tính tương tác của cuộc hội thoại và không tận dụng được cầu nối từ tình huống thực tế sang định nghĩa lý thuyết."",""requirement_score"":5}]",,
3,flagged,needs_uet_review,BC-HNMU-G6-R0116-STT3-AI04,HNMU-G6-R0116-STT3,6,Bài 9: An toàn thông tin trên Internet,Nhận biết (Nêu được quy trình/cách),true,2,4,last,"[""PRINCIPLE-FEEDBACK"",""PRINCIPLE-QUESTIONING""]","[""PRINCIPLE-EXPLANATION"",""PRINCIPLE-MODELLING""]",feedback_confirmation_only,"{""PRINCIPLE-CHALLENGE"":1,""PRINCIPLE-EXPLANATION"":3,""PRINCIPLE-FEEDBACK"":5,""PRINCIPLE-MODELLING"":3,""PRINCIPLE-PRACTICE"":2,""PRINCIPLE-QUESTIONING"":4}","[{""evidence"":""turn_index 3"",""principle_id"":""PRINCIPLE-FEEDBACK"",""rationale"":""Nhu cầu độc lập: Học sinh vừa tích cực tham gia trả lời câu hỏi gợi mở của gia sư và cần được xác nhận ngay câu trả lời \""mật khẩu\"" là chính xác, đồng thời kết nối nó với khái niệm chuyên môn \""mật khẩu mạnh\"" để giải quyết câu hỏi ban đầu. Nếu bỏ nguyên tắc này: Phản hồi tiếp theo sẽ bỏ qua câu trả lời của học sinh, làm mất tính tương tác hai chiều và học sinh không biết câu trả lời của mình đã đúng hay chưa để tiếp tục mạch bài học."",""requirement_score"":5}]",,
3,flagged,needs_uet_review,BC-HNMU-G6-R0117-STT4-AI04,HNMU-G6-R0117-STT4,6,Bài 9: An toàn thông tin trên Internet,Thông hiểu (Giải thích được lý do),true,2,4,last,"[""PRINCIPLE-EXPLANATION"",""PRINCIPLE-FEEDBACK""]","[""PRINCIPLE-QUESTIONING""]",feedback_confirmation_only,"{""PRINCIPLE-CHALLENGE"":2,""PRINCIPLE-EXPLANATION"":5,""PRINCIPLE-FEEDBACK"":5,""PRINCIPLE-MODELLING"":2,""PRINCIPLE-PRACTICE"":1,""PRINCIPLE-QUESTIONING"":3}","[{""evidence"":""Lượt hội thoại thứ 3 trong 'conversation_history': 'Bạn ấy đã \""háo hức\"" nên bỏ qua cảnh báo ạ.'"",""principle_id"":""PRINCIPLE-FEEDBACK"",""rationale"":""Nhu cầu độc lập: Học sinh đã trả lời đúng câu hỏi gợi mở của gia sư ở lượt trước bằng cách chỉ ra hành động 'bỏ qua cảnh báo'. Học sinh cần được xác nhận tính chính xác của câu trả lời này để tự tin đi tiếp.\nNếu bỏ nguyên tắc này: Phản hồi tiếp theo của gia sư sẽ trở nên rời rạc, không ghi nhận nỗ lực đọc hiểu của học sinh và làm giảm hiệu quả của cuộc hội thoại định hướng."",""requirement_score"":5}]",,
3,flagged,needs_uet_review,BC-HNMU-G6-R0118-STT5-AI04,HNMU-G6-R0118-STT5,6,Bài 9: An toàn thông tin trên Internet,Thông hiểu (Mô tả được hệ quả),true,2,4,last,"[""PRINCIPLE-FEEDBACK"",""PRINCIPLE-QUESTIONING""]","[""PRINCIPLE-EXPLANATION""]",feedback_confirmation_only,"{""PRINCIPLE-CHALLENGE"":2,""PRINCIPLE-EXPLANATION"":3,""PRINCIPLE-FEEDBACK"":5,""PRINCIPLE-MODELLING"":1,""PRINCIPLE-PRACTICE"":2,""PRINCIPLE-QUESTIONING"":4}","[{""evidence"":""conversation_history (lượt 3): \""Ôi, thế thì bạn em sẽ bị lừa và em sẽ bị mang tiếng xấu ạ!\"""",""principle_id"":""PRINCIPLE-FEEDBACK"",""rationale"":""Nhu cầu độc lập: Học sinh vừa tự mình suy luận ra một hậu quả rất thực tế và chính xác (\""bạn em bị lừa\"", \""em bị mang tiếng xấu\"") từ câu hỏi gợi mở trước đó của gia sư. Học sinh cần nhận được sự phản hồi, xác nhận ngay lập tức từ giáo viên để khẳng định tính đúng đắn của suy luận này.\nNếu bỏ nguyên tắc này: Nếu không có phản hồi đánh giá trực tiếp câu trả lời của học sinh, mạch hội thoại sẽ bị hẫng, học sinh không chắc chắn liệu cách hiểu của mình đã đúng hoàn toàn chưa, làm giảm hiệu quả tự kiến tạo kiến thức."",""requirement_score"":5}]",,
3,flagged,needs_uet_review,BC-HNMU-G6-R0119-STT6-AI04,HNMU-G6-R0119-STT6,6,Bài 9: An toàn thông tin trên Internet,Thông hiểu (Giải thích sự cần thiết),true,2,4,last,"[""PRINCIPLE-EXPLANATION"",""PRINCIPLE-FEEDBACK"",""PRINCIPLE-QUESTIONING""]","[""PRINCIPLE-MODELLING"",""PRINCIPLE-PRACTICE""]",feedback_confirmation_only,"{""PRINCIPLE-CHALLENGE"":2,""PRINCIPLE-EXPLANATION"":4,""PRINCIPLE-FEEDBACK"":5,""PRINCIPLE-MODELLING"":3,""PRINCIPLE-PRACTICE"":3,""PRINCIPLE-QUESTIONING"":4}","[{""evidence"":""turn_index: 3"",""principle_id"":""PRINCIPLE-FEEDBACK"",""rationale"":""Nhu cầu độc lập: Học sinh vừa đưa ra câu trả lời phán đoán ở lượt 3 (\""Chắc là chỉ mất vài giây thôi ạ\""). Học sinh cần nhận được phản hồi trực tiếp xác nhận tính chính xác của phán đoán này để củng cố niềm tin vào suy luận của bản thân. Nếu bỏ nguyên tắc này: Nếu không có phản hồi nhận xét trực tiếp về câu trả lời của học sinh, phản hồi tiếp theo của gia sư sẽ bị rời rạc, không ghi nhận nỗ lực tư duy của học sinh và làm mất đi mạch đối thoại tương tác."",""requirement_score"":5}]",,
3,flagged,needs_uet_review,BC-HNMU-G6-R0130-STT3-AI04,HNMU-G6-R0130-STT3,6,Bài 10: Sơ đồ tư duy,Nhận biết (Nêu được tên thành phần),true,2,4,middle,"[""PRINCIPLE-FEEDBACK"",""PRINCIPLE-QUESTIONING""]","[""PRINCIPLE-EXPLANATION""]",feedback_confirmation_only,"{""PRINCIPLE-CHALLENGE"":1,""PRINCIPLE-EXPLANATION"":3,""PRINCIPLE-FEEDBACK"":5,""PRINCIPLE-MODELLING"":1,""PRINCIPLE-PRACTICE"":1,""PRINCIPLE-QUESTIONING"":5}","[{""evidence"":""conversation_history: lượt 3 (student: \""Là \""Sổ lưu niệm\"", chắc là chủ đề chính ạ.\"")"",""principle_id"":""PRINCIPLE-FEEDBACK"",""rationale"":""Nhu cầu độc lập: Học sinh vừa đưa ra một suy đoán có chút ngập ngừng (\""chắc là chủ đề chính ạ\"") dựa trên câu hỏi gợi mở trước đó của gia sư và rất cần được xác nhận xem suy luận từ hình ảnh của mình có chính xác hay không.\nNếu bỏ nguyên tắc này: Nếu không phản hồi hoặc xác nhận câu trả lời của học sinh mà chuyển thẳng sang câu hỏi tiếp theo, học sinh sẽ cảm thấy hoang mang, không chắc chắn về kiến thức mình vừa tìm ra, làm giảm động lực học tập chủ động."",""requirement_score"":5}]",,
3,flagged,needs_uet_review,BC-HNMU-G6-R0130-STT3-AI06,HNMU-G6-R0130-STT3,6,Bài 10: Sơ đồ tư duy,Nhận biết (Nêu được tên thành phần),true,4,6,last,"[""PRINCIPLE-EXPLANATION"",""PRINCIPLE-FEEDBACK""]","[""PRINCIPLE-QUESTIONING""]",feedback_confirmation_only,"{""PRINCIPLE-CHALLENGE"":1,""PRINCIPLE-EXPLANATION"":4,""PRINCIPLE-FEEDBACK"":5,""PRINCIPLE-MODELLING"":1,""PRINCIPLE-PRACTICE"":2,""PRINCIPLE-QUESTIONING"":3}","[{""evidence"":""turn_index 5: \""Dạ là các nhánh, có chữ và cả hình ảnh minh họa nữa ạ.\"""",""principle_id"":""PRINCIPLE-FEEDBACK"",""rationale"":""Nhu cầu độc lập: Học sinh vừa đưa ra câu trả lời ở lượt 5 về các thành phần tiếp theo mà em quan sát được. Em cần nhận được phản hồi xác nhận xem những phát hiện đó (nhánh, chữ, hình ảnh) đã đúng và đủ để cấu thành sơ đồ tư duy hoàn chỉnh chưa. Nếu bỏ nguyên tắc này: Phản hồi tiếp theo sẽ bỏ qua nỗ lực quan sát và trả lời của học sinh, khiến học sinh hoang mang không biết những gì mình vừa chỉ ra có chính xác và đóng vai trò gì trong câu trả lời tổng thể."",""requirement_score"":5}]",,
3,flagged,needs_uet_review,BC-HNMU-G6-R0139-STT12-AI04,HNMU-G6-R0139-STT12,6,Bài 10: Sơ đồ tư duy,Vận dụng (Xác định cấu trúc dữ liệu thích hợp),true,2,4,last,"[""PRINCIPLE-FEEDBACK"",""PRINCIPLE-QUESTIONING""]","[""PRINCIPLE-EXPLANATION"",""PRINCIPLE-MODELLING"",""PRINCIPLE-PRACTICE""]",feedback_confirmation_only,"{""PRINCIPLE-CHALLENGE"":2,""PRINCIPLE-EXPLANATION"":3,""PRINCIPLE-FEEDBACK"":5,""PRINCIPLE-MODELLING"":3,""PRINCIPLE-PRACTICE"":3,""PRINCIPLE-QUESTIONING"":4}","[{""evidence"":""conversation_history (lượt 3)"",""principle_id"":""PRINCIPLE-FEEDBACK"",""rationale"":""Nhu cầu độc lập: Học sinh đã chủ động đưa ra 4 nội dung cốt lõi cho chuyến dã ngoại. Học sinh cần được xác nhận, đánh giá xem các ý kiến này đã đúng và đủ để làm các nhánh chính cho sơ đồ tư duy hay chưa. Nếu bỏ nguyên tắc này: Học sinh sẽ không biết hướng suy nghĩ của mình có khớp với yêu cầu của một sơ đồ tư duy chuẩn hay không, dẫn đến việc tiếp tục xây dựng sơ đồ trên một nền tảng không chắc chắn."",""requirement_score"":5}]",,
3,flagged,needs_uet_review,BC-HNMU-G6-R0140-STT13-AI04,HNMU-G6-R0140-STT13,6,Bài 10: Sơ đồ tư duy,Vận dụng (Tạo được sản phẩm số),true,2,4,last,"[""PRINCIPLE-FEEDBACK"",""PRINCIPLE-QUESTIONING""]","[""PRINCIPLE-PRACTICE""]",feedback_confirmation_only,"{""PRINCIPLE-CHALLENGE"":1,""PRINCIPLE-EXPLANATION"":2,""PRINCIPLE-FEEDBACK"":4,""PRINCIPLE-MODELLING"":2,""PRINCIPLE-PRACTICE"":3,""PRINCIPLE-QUESTIONING"":5}","[{""evidence"":""conversation_history (turn_index: 3)"",""principle_id"":""PRINCIPLE-FEEDBACK"",""rationale"":""Nhu cầu độc lập: Học sinh vừa chủ động đề xuất hai nhánh nội dung cụ thể là \""Sở thích\"" và \""Điểm mạnh\"". Học sinh cần nhận được sự xác nhận, khích lệ và đánh giá từ gia sư về tính hợp lý của hai nhánh này trước khi tiến hành vẽ.\nNếu bỏ nguyên tắc này: Gia sư sẽ bỏ qua đóng góp của học sinh, làm giảm động lực tương tác và khiến học sinh không chắc chắn liệu lựa chọn nội dung của mình có đúng hướng hay không."",""requirement_score"":4}]",,
3,flagged,needs_uet_review,BC-HNMU-G6-R0142-STT1-AI04,HNMU-G6-R0142-STT1,6,Bài 11: Định dạng văn bản,Nhận biết (Kể tên được các chức năng cơ bản),true,2,4,middle,"[""PRINCIPLE-EXPLANATION"",""PRINCIPLE-FEEDBACK""]","[""PRINCIPLE-QUESTIONING""]",feedback_confirmation_only,"{""PRINCIPLE-CHALLENGE"":1,""PRINCIPLE-EXPLANATION"":4,""PRINCIPLE-FEEDBACK"":5,""PRINCIPLE-MODELLING"":2,""PRINCIPLE-PRACTICE"":2,""PRINCIPLE-QUESTIONING"":3}","[{""evidence"":""conversation_history (turn 3): \""Dạ có ạ, em còn lưu lại để mai xem tiếp nữa.\"""",""principle_id"":""PRINCIPLE-FEEDBACK"",""rationale"":""Nhu cầu độc lập: Học sinh đã trả lời tích cực và đưa ra các câu trả lời cụ thể ở lượt 3 dựa trên câu hỏi gợi mở của gia sư. Học sinh cần được xác nhận ngay lập tức rằng những gì mình vừa nêu ra chính là các chức năng cơ bản của phần mềm soạn thảo.\nNếu bỏ nguyên tắc này: Nếu không có phản hồi công nhận và phân tích các ý đúng của học sinh, phản hồi của gia sư sẽ trở nên áp đặt, làm giảm động lực tương tác và bỏ lỡ cơ hội giúp học sinh nhận thức rõ sự đúng đắn trong suy nghĩ của mình."",""requirement_score"":5}]",,
3,flagged,needs_uet_review,BC-HNMU-G6-R0142-STT1-AI06,HNMU-G6-R0142-STT1,6,Bài 11: Định dạng văn bản,Nhận biết (Kể tên được các chức năng cơ bản),true,4,6,last,"[""PRINCIPLE-FEEDBACK"",""PRINCIPLE-QUESTIONING""]","[""PRINCIPLE-CHALLENGE"",""PRINCIPLE-EXPLANATION"",""PRINCIPLE-PRACTICE""]",feedback_confirmation_only,"{""PRINCIPLE-CHALLENGE"":3,""PRINCIPLE-EXPLANATION"":3,""PRINCIPLE-FEEDBACK"":5,""PRINCIPLE-MODELLING"":1,""PRINCIPLE-PRACTICE"":3,""PRINCIPLE-QUESTIONING"":4}","[{""evidence"":""turn_5: \""Dạ là tạo, chỉnh sửa, định dạng, lưu trữ và in văn bản ạ!\"""",""principle_id"":""PRINCIPLE-FEEDBACK"",""rationale"":""Nhu cầu độc lập: Học sinh đã chủ động tóm tắt đầy đủ 5 chức năng cơ bản theo yêu cầu của gia sư và rất cần một sự xác nhận, đánh giá xem câu trả lời của mình đã hoàn toàn chính xác và chuẩn xác về mặt thuật ngữ chưa.\nNếu bỏ nguyên tắc này: Một phản hồi bỏ qua câu trả lời của học sinh hoặc chuyển ngay sang nội dung mới mà không nhận xét sẽ làm mất đi tính tương tác, khiến học sinh hoang mang không biết mình đã đạt được mục tiêu nhận biết chưa và làm giảm động lực học tập."",""requirement_score"":5}]",,
3,flagged,needs_uet_review,BC-HNMU-G6-R0143-STT2-AI04,HNMU-G6-R0143-STT2,6,Bài 11: Định dạng văn bản,Nhận biết (Nêu được khái niệm),true,2,4,middle,"[""PRINCIPLE-EXPLANATION"",""PRINCIPLE-FEEDBACK""]","[""PRINCIPLE-QUESTIONING""]",feedback_confirmation_only,"{""PRINCIPLE-CHALLENGE"":1,""PRINCIPLE-EXPLANATION"":5,""PRINCIPLE-FEEDBACK"":5,""PRINCIPLE-MODELLING"":2,""PRINCIPLE-PRACTICE"":1,""PRINCIPLE-QUESTIONING"":3}","[{""evidence"":""conversation_history lượt 3: \""Dạ không, nhìn sẽ rất rối mắt ạ.\"""",""principle_id"":""PRINCIPLE-FEEDBACK"",""rationale"":""Nhu cầu độc lập: Học sinh vừa đưa ra một câu trả lời chính xác dựa trên trải nghiệm trực quan ở lượt hội thoại trước (\""nhìn sẽ rất rối mắt\""). Phản hồi tiếp theo cần ghi nhận và xác nhận tính đúng đắn của nhận định này nhằm khích lệ tinh thần học tập và liên kết tư duy của học sinh vào bài học. Nếu bỏ nguyên tắc này: Gia sư sẽ bỏ qua đóng góp của học sinh ở lượt trước và chuyển thẳng sang giải thích lý thuyết, khiến cuộc hội thoại mất đi tính tương tác và làm giảm động lực phát biểu của học sinh."",""requirement_score"":5}]",,
3,flagged,needs_uet_review,BC-HNMU-G6-R0143-STT2-AI06,HNMU-G6-R0143-STT2,6,Bài 11: Định dạng văn bản,Nhận biết (Nêu được khái niệm),true,4,6,last,"[""PRINCIPLE-FEEDBACK"",""PRINCIPLE-QUESTIONING""]","[""PRINCIPLE-EXPLANATION""]",feedback_confirmation_only,"{""PRINCIPLE-CHALLENGE"":2,""PRINCIPLE-EXPLANATION"":3,""PRINCIPLE-FEEDBACK"":5,""PRINCIPLE-MODELLING"":1,""PRINCIPLE-PRACTICE"":2,""PRINCIPLE-QUESTIONING"":4}","[{""evidence"":""conversation_history (turn 5: \""Dạ là định dạng văn bản ạ.\""), gold_answer"",""principle_id"":""PRINCIPLE-FEEDBACK"",""rationale"":""Nhu cầu độc lập: Học sinh đã tự suy luận và đưa ra câu trả lời chính xác cho khái niệm \""định dạng văn bản\"" ở lượt 5, do đó rất cần một phản hồi nhận xét trực tiếp để xác nhận tính đúng đắn và chuẩn hóa định nghĩa này theo SGK.\nNếu bỏ nguyên tắc này: Một phản hồi dùng chiến lược khác sẽ không thể giúp học sinh biết được câu trả lời tự phát biểu của mình đã hoàn toàn chuẩn xác hay chưa, làm mất đi sự củng cố nhận thức cần thiết."",""requirement_score"":5}]",,
3,flagged,needs_uet_review,BC-HNMU-G6-R0144-STT3-AI04,HNMU-G6-R0144-STT3,6,Bài 11: Định dạng văn bản,Nhận biết (Nêu được tên thành phần),true,2,4,last,"[""PRINCIPLE-EXPLANATION"",""PRINCIPLE-FEEDBACK""]","[""PRINCIPLE-PRACTICE"",""PRINCIPLE-QUESTIONING""]",feedback_confirmation_only,"{""PRINCIPLE-CHALLENGE"":1,""PRINCIPLE-EXPLANATION"":4,""PRINCIPLE-FEEDBACK"":5,""PRINCIPLE-MODELLING"":2,""PRINCIPLE-PRACTICE"":3,""PRINCIPLE-QUESTIONING"":3}","[{""evidence"":""conversation_history (turn_index: 3): \""Là màu sắc của chữ ạ.\"""",""principle_id"":""PRINCIPLE-FEEDBACK"",""rationale"":""Nhu cầu độc lập: Học sinh vừa đưa ra câu trả lời cụ thể cho câu hỏi gợi mở ở lượt trước và cần được xác nhận ngay tính đúng đắn của câu trả lời này để hoàn thành mảnh ghép cuối cùng của định dạng kí tự.\nNếu bỏ nguyên tắc này: Gia sư sẽ bỏ qua đóng góp của học sinh, làm mất đi sự tương tác tự nhiên và khiến học sinh không rõ câu trả lời \""màu sắc của chữ\"" của mình có chính xác hay không."",""requirement_score"":5}]",,
3,flagged,needs_uet_review,BC-HNMU-G6-R0145-STT4-AI06,HNMU-G6-R0145-STT4,6,Bài 11: Định dạng văn bản,Nhận biết (Nêu được tên phần mềm),true,4,6,last,"[""PRINCIPLE-FEEDBACK""]","[""PRINCIPLE-EXPLANATION"",""PRINCIPLE-QUESTIONING""]",feedback_confirmation_only,"{""PRINCIPLE-CHALLENGE"":2,""PRINCIPLE-EXPLANATION"":3,""PRINCIPLE-FEEDBACK"":5,""PRINCIPLE-MODELLING"":1,""PRINCIPLE-PRACTICE"":2,""PRINCIPLE-QUESTIONING"":3}","[{""evidence"":""conversation_history: lượt 5 (content: \""Đều dùng để soạn thảo văn bản trên máy tính ạ.\"")"",""principle_id"":""PRINCIPLE-FEEDBACK"",""rationale"":""Nhu cầu độc lập: Học sinh vừa đưa ra câu trả lời ở lượt 5 về điểm chung của các phần mềm (\""Đều dùng để soạn thảo văn bản trên máy tính ạ\""). Học sinh có nhu cầu nhận được sự xác nhận, khích lệ và đánh giá tính chính xác của câu trả lời này từ gia sư trước khi tiếp tục bài học. Nếu bỏ nguyên tắc này: Phản hồi của gia sư sẽ bỏ qua câu trả lời của học sinh, làm đứt gãy mạch tương tác tự nhiên và khiến học sinh không rõ kiến thức mình vừa đúc rút ra có đúng hay không."",""requirement_score"":5}]",,
3,flagged,needs_uet_review,BC-HNMU-G6-R0146-STT5-AI04,HNMU-G6-R0146-STT5,6,Bài 11: Định dạng văn bản,Thông hiểu (Giải thích được lợi ích),true,2,4,middle,"[""PRINCIPLE-EXPLANATION"",""PRINCIPLE-FEEDBACK""]","[""PRINCIPLE-QUESTIONING""]",feedback_confirmation_only,"{""PRINCIPLE-CHALLENGE"":2,""PRINCIPLE-EXPLANATION"":4,""PRINCIPLE-FEEDBACK"":5,""PRINCIPLE-MODELLING"":2,""PRINCIPLE-PRACTICE"":2,""PRINCIPLE-QUESTIONING"":3}","[{""evidence"":""conversation_history (turn_index: 3)"",""principle_id"":""PRINCIPLE-FEEDBACK"",""rationale"":""Nhu cầu độc lập: Học sinh đã trả lời đúng câu hỏi gợi mở của gia sư ở lượt 3 (\""Dạ bức thư được trình bày rõ ràng ạ\""). Học sinh cần được xác nhận câu trả lời này là chính xác và được chỉ ra mối liên hệ trực tiếp của câu trả lời đó với thắc mắc ban đầu của các em (\""định dạng chi cho mất thời gian\"").\nNếu bỏ nguyên tắc này: Nếu không phản hồi và phân tích tính đúng đắn trong câu trả lời của học sinh, phản hồi của gia sư sẽ trở nên rời rạc, không ghi nhận nỗ lực suy luận của học sinh và làm mất đi mạch hội thoại."",""requirement_score"":5}]",,
3,flagged,needs_uet_review,BC-HNMU-G6-R0146-STT5-AI06,HNMU-G6-R0146-STT5,6,Bài 11: Định dạng văn bản,Thông hiểu (Giải thích được lợi ích),true,4,6,last,"[""PRINCIPLE-FEEDBACK"",""PRINCIPLE-QUESTIONING""]","[""PRINCIPLE-PRACTICE""]",feedback_confirmation_only,"{""PRINCIPLE-CHALLENGE"":2,""PRINCIPLE-EXPLANATION"":2,""PRINCIPLE-FEEDBACK"":5,""PRINCIPLE-MODELLING"":2,""PRINCIPLE-PRACTICE"":3,""PRINCIPLE-QUESTIONING"":4}","[{""evidence"":""conversation_history (turn_index 5)"",""principle_id"":""PRINCIPLE-FEEDBACK"",""rationale"":""Nhu cầu độc lập: Học sinh đã chủ động suy nghĩ và đưa ra câu trả lời chính xác cho câu hỏi điền vào chỗ trống ở lượt trước, do đó học sinh có nhu cầu nhận được sự xác nhận, khen ngợi và củng cố ngay lập tức từ gia sư để tin tưởng vào câu trả lời của mình.\nNếu bỏ nguyên tắc này: Phản hồi tiếp theo của gia sư sẽ trở nên hời hợt, không ghi nhận nỗ lực trả lời của học sinh, làm giảm tính tương tác và khiến học sinh hoang mang không biết câu trả lời của mình đã thực sự đúng và đầy đủ theo chuẩn kiến thức chưa."",""requirement_score"":5}]",,
3,flagged,needs_uet_review,BC-HNMU-G6-R0152-STT11-AI04,HNMU-G6-R0152-STT11,6,Bài 11: Định dạng văn bản,Vận dụng (Định dạng được kí tự và đoạn văn),true,2,4,middle,"[""PRINCIPLE-FEEDBACK"",""PRINCIPLE-QUESTIONING""]",[],feedback_confirmation_only,"{""PRINCIPLE-CHALLENGE"":1,""PRINCIPLE-EXPLANATION"":2,""PRINCIPLE-FEEDBACK"":5,""PRINCIPLE-MODELLING"":2,""PRINCIPLE-PRACTICE"":1,""PRINCIPLE-QUESTIONING"":5}","[{""evidence"":""conversation_history (turn_index: 3)"",""principle_id"":""PRINCIPLE-FEEDBACK"",""rationale"":""Nhu cầu độc lập: Học sinh vừa đưa ra câu trả lời cụ thể ở lượt trước (\""Dạ em chọn nút Căn giữa ạ\""). Học sinh cần được xác nhận ngay câu trả lời này là đúng để có sự tự tin tiếp tục. Nếu bỏ nguyên tắc này: Phản hồi tiếp theo của gia sư sẽ bỏ qua nỗ lực trả lời của học sinh, làm mất đi sự tương tác tự nhiên và tính định hướng của hoạt động học tập."",""requirement_score"":5}]",,
3,flagged,needs_uet_review,BC-HNMU-G6-R0154-STT13-AI04,HNMU-G6-R0154-STT13,6,Bài 11: Định dạng văn bản,Vận dụng (Xác định cấu trúc phù hợp),true,2,4,middle,"[""PRINCIPLE-EXPLANATION"",""PRINCIPLE-FEEDBACK""]","[""PRINCIPLE-QUESTIONING""]",feedback_confirmation_only,"{""PRINCIPLE-CHALLENGE"":1,""PRINCIPLE-EXPLANATION"":5,""PRINCIPLE-FEEDBACK"":5,""PRINCIPLE-MODELLING"":2,""PRINCIPLE-PRACTICE"":2,""PRINCIPLE-QUESTIONING"":3}","[{""evidence"":""conversation_history (turn 3), gold_answer"",""principle_id"":""PRINCIPLE-FEEDBACK"",""rationale"":""Nhu cầu độc lập: Học sinh vừa đưa ra một câu trả lời cụ thể dựa trên quan sát thực tế (\""thường nằm bên trái nhưng lùi vào một chút\"") và cần được xác nhận tính đúng đắn của câu trả lời này để định hình kiến thức chuẩn xác. Nếu bỏ nguyên tắc này: Học sinh sẽ không biết câu trả lời của mình đã hoàn toàn chính xác chưa và có tương ứng với khái niệm định dạng \""căn lề\"" hay \""thụt lề\"" trong bài học hay không."",""requirement_score"":5}]",,
3,flagged,needs_uet_review,BC-HNMU-G6-R0170-STT1-AI06,HNMU-G6-R0170-STT1,6,Bài 13: Tìm kiếm và thay thế,"Nhận biết (Nêu tên dải lệnh, nhóm lệnh)",true,4,6,last,"[""PRINCIPLE-PRACTICE"",""PRINCIPLE-FEEDBACK"",""PRINCIPLE-QUESTIONING""]",[],feedback_confirmation_only,"{""PRINCIPLE-CHALLENGE"":2,""PRINCIPLE-EXPLANATION"":2,""PRINCIPLE-FEEDBACK"":5,""PRINCIPLE-MODELLING"":2,""PRINCIPLE-PRACTICE"":4,""PRINCIPLE-QUESTIONING"":4}","[{""evidence"":""turn_index: 5"",""principle_id"":""PRINCIPLE-FEEDBACK"",""rationale"":""Nhu cầu độc lập: Học sinh vừa đưa ra câu trả lời chính xác về vị trí của nút Find trong nhóm Editing, dải lệnh Home và cần được gia sư xác nhận ngay lập tức để củng cố sự tự tin. Nếu bỏ nguyên tắc này: Phản hồi của gia sư sẽ bỏ qua kết quả tự tìm kiếm của học sinh, khiến học sinh không chắc chắn liệu phát hiện của mình đã hoàn toàn chính xác chưa trước khi thực hiện thao tác tiếp theo."",""requirement_score"":5}]",,
3,flagged,needs_uet_review,BC-HNMU-G6-R0171-STT2-AI04,HNMU-G6-R0171-STT2,6,Bài 13: Tìm kiếm và thay thế,Nhận biết (Nêu tên lệnh),true,2,4,middle,"[""PRINCIPLE-EXPLANATION"",""PRINCIPLE-FEEDBACK""]","[""PRINCIPLE-PRACTICE"",""PRINCIPLE-QUESTIONING""]",feedback_confirmation_only,"{""PRINCIPLE-CHALLENGE"":1,""PRINCIPLE-EXPLANATION"":4,""PRINCIPLE-FEEDBACK"":5,""PRINCIPLE-MODELLING"":2,""PRINCIPLE-PRACTICE"":3,""PRINCIPLE-QUESTIONING"":3}","[{""evidence"":""Lượt 3 của học sinh: \""Có chữ Replace ạ!\"""",""principle_id"":""PRINCIPLE-FEEDBACK"",""rationale"":""Nhu cầu độc lập: Học sinh đã tích cực suy nghĩ dựa trên gợi ý trước đó và đưa ra câu trả lời cụ thể là \""Có chữ Replace ạ!\"". Phản hồi tiếp theo cần ngay lập tức xác nhận câu trả lời này là hoàn toàn chính xác để củng cố lòng tin và ghi nhận nỗ lực của học sinh. Nếu bỏ nguyên tắc này: Một phản hồi không nhận xét trực tiếp về câu trả lời của học sinh mà chuyển ngay sang câu hỏi khác hoặc giải thích lý thuyết chung chung sẽ khiến học sinh hoang mang, không biết mình đã trả lời đúng chưa và làm gián đoạn tiến trình tương tác tích cực."",""requirement_score"":5}]",,
3,flagged,needs_uet_review,BC-HNMU-G6-R0171-STT2-AI06,HNMU-G6-R0171-STT2,6,Bài 13: Tìm kiếm và thay thế,Nhận biết (Nêu tên lệnh),true,4,6,last,"[""PRINCIPLE-FEEDBACK"",""PRINCIPLE-QUESTIONING""]","[""PRINCIPLE-EXPLANATION"",""PRINCIPLE-PRACTICE""]",feedback_confirmation_only,"{""PRINCIPLE-CHALLENGE"":2,""PRINCIPLE-EXPLANATION"":3,""PRINCIPLE-FEEDBACK"":5,""PRINCIPLE-MODELLING"":1,""PRINCIPLE-PRACTICE"":3,""PRINCIPLE-QUESTIONING"":4}","[{""evidence"":""turn_index: 5"",""principle_id"":""PRINCIPLE-FEEDBACK"",""rationale"":""Nhu cầu độc lập: Học sinh vừa đưa ra câu trả lời cụ thể là \""Dạ là lệnh Replace ạ!\"". Học sinh cần nhận được phản hồi trực tiếp để xác nhận câu trả lời này là hoàn toàn chính xác. Nếu bỏ nguyên tắc này: Phản hồi của gia sư sẽ không công nhận nỗ lực tìm kiếm của học sinh, khiến học sinh hoang mang không rõ câu trả lời của mình đã đúng hay chưa để tiếp tục bài học."",""requirement_score"":5}]",,
3,flagged,needs_uet_review,BC-HNMU-G6-R0172-STT3-AI04,HNMU-G6-R0172-STT3,6,Bài 13: Tìm kiếm và thay thế,Nhận biết (Nêu nội dung thành phần),true,2,4,middle,"[""PRINCIPLE-EXPLANATION"",""PRINCIPLE-FEEDBACK""]","[""PRINCIPLE-QUESTIONING""]",feedback_confirmation_only,"{""PRINCIPLE-CHALLENGE"":1,""PRINCIPLE-EXPLANATION"":4,""PRINCIPLE-FEEDBACK"":5,""PRINCIPLE-MODELLING"":2,""PRINCIPLE-PRACTICE"":2,""PRINCIPLE-QUESTIONING"":3}","[{""evidence"":""conversation_history lượt 3"",""principle_id"":""PRINCIPLE-FEEDBACK"",""rationale"":""Nhu cầu độc lập: Học sinh vừa tích cực trả lời câu hỏi phụ của gia sư về nghĩa của cụm từ \""Find what\"". Học sinh cần nhận được phản hồi ngay lập tức để xác nhận câu trả lời này là đúng, tạo động lực và làm bàn đạp cho bước suy luận tiếp theo. Nếu bỏ nguyên tắc này: Nếu phản hồi tiếp theo bỏ qua việc nhận xét câu trả lời của học sinh mà chuyển thẳng sang việc khác, mạch hội thoại gợi mở sẽ bị đứt gãy, học sinh sẽ cảm thấy bối rối không biết mình dịch đã đúng chưa."",""requirement_score"":5}]",,
3,flagged,needs_uet_review,BC-HNMU-G6-R0172-STT3-AI06,HNMU-G6-R0172-STT3,6,Bài 13: Tìm kiếm và thay thế,Nhận biết (Nêu nội dung thành phần),true,4,6,last,"[""PRINCIPLE-PRACTICE"",""PRINCIPLE-FEEDBACK"",""PRINCIPLE-QUESTIONING""]","[""PRINCIPLE-EXPLANATION""]",feedback_confirmation_only,"{""PRINCIPLE-CHALLENGE"":1,""PRINCIPLE-EXPLANATION"":3,""PRINCIPLE-FEEDBACK"":5,""PRINCIPLE-MODELLING"":2,""PRINCIPLE-PRACTICE"":4,""PRINCIPLE-QUESTIONING"":4}","[{""evidence"":""turn_index: 5"",""principle_id"":""PRINCIPLE-FEEDBACK"",""rationale"":""Nhu cầu độc lập: Học sinh vừa đưa ra câu trả lời chính xác cho câu hỏi gợi mở của gia sư ở lượt trước và cần được xác nhận ngay lập tức về tính đúng đắn của câu trả lời này để củng cố kiến thức và sự tự tin. Nếu bỏ nguyên tắc này: Học sinh sẽ không biết chắc chắn suy luận của mình đã hoàn toàn chính xác chưa, làm giảm hiệu quả học tập của toàn bộ chuỗi hội thoại trước đó."",""requirement_score"":5}]",,
3,flagged,needs_uet_review,BC-HNMU-G6-R0173-STT4-AI04,HNMU-G6-R0173-STT4,6,Bài 13: Tìm kiếm và thay thế,Nhận biết (Nêu tên nút lệnh),true,2,4,middle,"[""PRINCIPLE-MODELLING"",""PRINCIPLE-FEEDBACK""]","[""PRINCIPLE-EXPLANATION"",""PRINCIPLE-PRACTICE"",""PRINCIPLE-QUESTIONING""]",feedback_confirmation_only,"{""PRINCIPLE-CHALLENGE"":2,""PRINCIPLE-EXPLANATION"":3,""PRINCIPLE-FEEDBACK"":5,""PRINCIPLE-MODELLING"":4,""PRINCIPLE-PRACTICE"":3,""PRINCIPLE-QUESTIONING"":3}","[{""evidence"":""conversation_history (lượt 3), student_prompt"",""principle_id"":""PRINCIPLE-FEEDBACK"",""rationale"":""Nhu cầu độc lập: Học sinh đã trả lời đúng câu hỏi gợi mở của gia sư bằng việc chỉ ra nút \""Replace All\"". Học sinh cần một sự xác nhận rõ ràng, chính xác từ phía gia sư rằng câu trả lời này là đúng và liên kết trực tiếp nó với câu hỏi ban đầu về việc thay thế 100 từ.\nNếu bỏ nguyên tắc này: Phản hồi tiếp theo sẽ bỏ qua câu trả lời của học sinh, khiến học sinh hoang mang không biết lựa chọn \""Replace All\"" của mình đã chính xác và tối ưu cho bài toán đặt ra hay chưa."",""requirement_score"":5}]",,
3,flagged,needs_uet_review,BC-HNMU-G6-R0173-STT4-AI06,HNMU-G6-R0173-STT4,6,Bài 13: Tìm kiếm và thay thế,Nhận biết (Nêu tên nút lệnh),true,4,6,last,"[""PRINCIPLE-EXPLANATION"",""PRINCIPLE-FEEDBACK""]","[""PRINCIPLE-PRACTICE"",""PRINCIPLE-QUESTIONING""]",feedback_confirmation_only,"{""PRINCIPLE-CHALLENGE"":2,""PRINCIPLE-EXPLANATION"":4,""PRINCIPLE-FEEDBACK"":5,""PRINCIPLE-MODELLING"":2,""PRINCIPLE-PRACTICE"":3,""PRINCIPLE-QUESTIONING"":3}","[{""evidence"":""conversation_history (turn 5)"",""principle_id"":""PRINCIPLE-FEEDBACK"",""rationale"":""Nhu cầu độc lập: Học sinh đã chủ động đưa ra suy luận về chức năng của nút \""Replace All\"" dưới dạng câu hỏi xác nhận (\""đúng không thầy?\"") và đang chờ đợi sự đánh giá từ giáo viên để khẳng định suy luận của mình. Nếu bỏ nguyên tắc này: Nếu gia sư bỏ qua việc phản hồi trực tiếp để xác nhận và khen ngợi phán đoán chính xác của học sinh, học sinh sẽ rơi vào trạng thái mơ hồ, không chắc chắn về câu trả lời của mình, làm giảm hiệu quả tự kiến tạo kiến thức."",""requirement_score"":5}]",,
3,flagged,needs_uet_review,BC-HNMU-G6-R0174-STT5-AI04,HNMU-G6-R0174-STT5,6,Bài 13: Tìm kiếm và thay thế,Thông hiểu (Giải thích lợi ích),true,2,4,middle,"[""PRINCIPLE-EXPLANATION"",""PRINCIPLE-FEEDBACK""]","[""PRINCIPLE-QUESTIONING""]",feedback_confirmation_only,"{""PRINCIPLE-CHALLENGE"":2,""PRINCIPLE-EXPLANATION"":4,""PRINCIPLE-FEEDBACK"":5,""PRINCIPLE-MODELLING"":2,""PRINCIPLE-PRACTICE"":2,""PRINCIPLE-QUESTIONING"":3}","[{""evidence"":""conversation_history lượt 3"",""principle_id"":""PRINCIPLE-FEEDBACK"",""rationale"":""Nhu cầu độc lập: Học sinh đã đưa ra câu trả lời cho câu hỏi tình huống của gia sư (\""mỏi mắt và dễ sót\"") và cần được phản hồi, xác nhận tính đúng đắn của nhận định này để làm điểm tựa chuyển sang kiến thức mới. Nếu bỏ nguyên tắc này: Phản hồi của gia sư sẽ bỏ qua câu trả lời thực tế của học sinh, làm mất đi tính liên kết và tương tác tự nhiên của cuộc hội thoại."",""requirement_score"":5}]",,
3,flagged,needs_uet_review,BC-HNMU-G6-R0174-STT5-AI06,HNMU-G6-R0174-STT5,6,Bài 13: Tìm kiếm và thay thế,Thông hiểu (Giải thích lợi ích),true,4,6,last,"[""PRINCIPLE-PRACTICE"",""PRINCIPLE-FEEDBACK""]","[""PRINCIPLE-EXPLANATION"",""PRINCIPLE-QUESTIONING""]",feedback_confirmation_only,"{""PRINCIPLE-CHALLENGE"":1,""PRINCIPLE-EXPLANATION"":3,""PRINCIPLE-FEEDBACK"":5,""PRINCIPLE-MODELLING"":2,""PRINCIPLE-PRACTICE"":4,""PRINCIPLE-QUESTIONING"":3}","[{""evidence"":""turn_index: 5"",""principle_id"":""PRINCIPLE-FEEDBACK"",""rationale"":""Nhu cầu độc lập: Học sinh đã chủ động đưa ra câu trả lời cho câu hỏi gợi mở của gia sư và hỏi xác nhận trực tiếp (\""Vậy là nhanh và chính xác hơn đúng không thầy?\""). Học sinh cần được phản hồi ngay lập tức để xác nhận tính chính xác của kiến thức họ tự đúc kết.\nNếu bỏ nguyên tắc này: Nếu không đưa ra nhận xét xác nhận câu trả lời của học sinh, phản hồi tiếp theo sẽ bỏ lỡ cơ hội củng cố sự tự tin của học sinh, đồng thời có thể khiến họ hoang mang không biết kết luận của mình đã hoàn toàn đúng chưa."",""requirement_score"":5}]",,
3,flagged,needs_uet_review,BC-HNMU-G6-R0176-STT7-AI06,HNMU-G6-R0176-STT7,6,Bài 13: Tìm kiếm và thay thế,Thông hiểu (Mô tả quy trình),true,4,6,middle,"[""PRINCIPLE-PRACTICE"",""PRINCIPLE-FEEDBACK""]","[""PRINCIPLE-EXPLANATION"",""PRINCIPLE-QUESTIONING""]",feedback_confirmation_only,"{""PRINCIPLE-CHALLENGE"":2,""PRINCIPLE-EXPLANATION"":3,""PRINCIPLE-FEEDBACK"":4,""PRINCIPLE-MODELLING"":2,""PRINCIPLE-PRACTICE"":4,""PRINCIPLE-QUESTIONING"":3}","[{""evidence"":""turn_index 5: 'Em gõ từ đó vào ô tìm kiếm ạ.'"",""principle_id"":""PRINCIPLE-FEEDBACK"",""rationale"":""Nhu cầu độc lập: Học sinh vừa đưa ra câu trả lời chính xác cho bước thứ 2 ở lượt hội thoại trước đó và cần được xác nhận tính đúng đắn trước khi tiến hành tự thực hiện quy trình. Nếu bỏ nguyên tắc này: Gia sư trực tiếp tóm tắt mà không ghi nhận nỗ lực trả lời của học sinh sẽ làm giảm tính tương tác và khiến học sinh không chắc chắn về câu trả lời của mình."",""requirement_score"":4}]",,
3,flagged,needs_uet_review,BC-HNMU-G6-R0178-STT9-AI04,HNMU-G6-R0178-STT9,6,Bài 13: Tìm kiếm và thay thế,Thông hiểu (Mô tả hiện tượng),true,2,4,middle,"[""PRINCIPLE-EXPLANATION"",""PRINCIPLE-FEEDBACK"",""PRINCIPLE-QUESTIONING""]",[],feedback_confirmation_only,"{""PRINCIPLE-CHALLENGE"":1,""PRINCIPLE-EXPLANATION"":5,""PRINCIPLE-FEEDBACK"":5,""PRINCIPLE-MODELLING"":2,""PRINCIPLE-PRACTICE"":1,""PRINCIPLE-QUESTIONING"":4}","[{""evidence"":""turn_index 3: \""Nó ghi là \""0 of 0\"" hoặc \""No matches\"" ạ.\"""",""principle_id"":""PRINCIPLE-FEEDBACK"",""rationale"":""Nhu cầu độc lập: Học sinh đã thực hiện theo gợi ý ở lượt trước và cung cấp thông tin phản hồi cụ thể (\""0 of 0\"" hoặc \""No matches\""). Gia sư cần đưa ra phản hồi trực tiếp dựa trên kết quả này để xác nhận thông báo đó tương ứng với nội dung lý thuyết trong bài học (máy tính không tìm thấy từ khóa). Nếu bỏ nguyên tắc này: Gia sư sẽ bỏ qua thông tin phản hồi quan trọng của học sinh, làm mất đi sự kết nối giữa trải nghiệm thực tế của học sinh và đích kiến thức của bài học."",""requirement_score"":5}]",,
3,flagged,needs_uet_review,BC-HNMU-G6-R0179-STT10-AI06,HNMU-G6-R0179-STT10,6,Bài 13: Tìm kiếm và thay thế,Thông hiểu (Phân tích tình huống),true,4,6,last,"[""PRINCIPLE-CHALLENGE"",""PRINCIPLE-FEEDBACK""]","[""PRINCIPLE-PRACTICE"",""PRINCIPLE-QUESTIONING""]",feedback_confirmation_only,"{""PRINCIPLE-CHALLENGE"":4,""PRINCIPLE-EXPLANATION"":2,""PRINCIPLE-FEEDBACK"":5,""PRINCIPLE-MODELLING"":1,""PRINCIPLE-PRACTICE"":3,""PRINCIPLE-QUESTIONING"":3}","[{""evidence"":""conversation_history (lượt 5)"",""principle_id"":""PRINCIPLE-FEEDBACK"",""rationale"":""Nhu cầu độc lập: Học sinh vừa đưa ra một suy luận rất chính xác ở lượt 5 (\""phải dùng Replace để xem từ đó nằm ở đâu rồi mới quyết định\""). Học sinh cần được gia sư đánh giá và xác nhận tính đúng đắn của suy luận này để củng cố niềm tin vào hiểu biết của mình. Nếu bỏ nguyên tắc này: Phản hồi tiếp theo sẽ bỏ qua câu trả lời của học sinh, làm mất đi tính tương tác hai chiều và học sinh không biết chắc chắn lập luận của mình đã hoàn thiện chưa."",""requirement_score"":5}]",,
3,flagged,needs_uet_review,BC-HNMU-G6-R0180-STT11-AI04,HNMU-G6-R0180-STT11,6,Bài 13: Tìm kiếm và thay thế,Vận dụng (Thực hiện đếm từ),true,2,4,middle,"[""PRINCIPLE-FEEDBACK"",""PRINCIPLE-QUESTIONING""]","[""PRINCIPLE-EXPLANATION""]",feedback_confirmation_only,"{""PRINCIPLE-CHALLENGE"":1,""PRINCIPLE-EXPLANATION"":3,""PRINCIPLE-FEEDBACK"":5,""PRINCIPLE-MODELLING"":1,""PRINCIPLE-PRACTICE"":2,""PRINCIPLE-QUESTIONING"":4}","[{""evidence"":""conversation_history (turn_index: 3)"",""principle_id"":""PRINCIPLE-FEEDBACK"",""rationale"":""Nhu cầu độc lập: Học sinh đã thực hiện thao tác và thu được kết quả cụ thể là dòng chữ \""15 matches\"", học sinh cần một phản hồi xác nhận rằng thao tác của mình là đúng hướng và giúp liên kết kết quả này với câu hỏi ban đầu. Nếu bỏ nguyên tắc này: Một phản hồi đi thẳng vào giải thích lý thuyết hoặc chuyển sang nhiệm vụ khác mà không công nhận hay xử lý kết quả \""15 matches\"" sẽ làm học sinh hoang mang, không biết mình đã tìm đúng chưa và kết quả đó có ý nghĩa gì đối với câu hỏi đếm từ."",""requirement_score"":5}]",,
3,flagged,needs_uet_review,BC-HNMU-G6-R0180-STT11-AI06,HNMU-G6-R0180-STT11,6,Bài 13: Tìm kiếm và thay thế,Vận dụng (Thực hiện đếm từ),true,4,6,last,"[""PRINCIPLE-FEEDBACK""]","[""PRINCIPLE-CHALLENGE"",""PRINCIPLE-QUESTIONING""]",feedback_confirmation_only,"{""PRINCIPLE-CHALLENGE"":3,""PRINCIPLE-EXPLANATION"":2,""PRINCIPLE-FEEDBACK"":5,""PRINCIPLE-MODELLING"":1,""PRINCIPLE-PRACTICE"":2,""PRINCIPLE-QUESTIONING"":3}","[{""evidence"":""turn_index: 5"",""principle_id"":""PRINCIPLE-FEEDBACK"",""rationale"":""Nhu cầu độc lập: Học sinh vừa tự mình rút ra kết luận chính xác ở lượt 5 và thể hiện sự thích thú (\""Tiện quá thầy nhỉ!\""). Học sinh cần một phản hồi xác nhận chính thức từ gia sư để củng cố niềm tin vào kết quả của mình và duy trì động lực học tập. Nếu bỏ nguyên tắc này: Gia sư sẽ bỏ qua câu trả lời và cảm xúc của học sinh, khiến học sinh không được công nhận kết quả tự khám phá và không chắc chắn kết luận của mình đã hoàn toàn đúng chưa."",""requirement_score"":5}]",,
3,flagged,needs_uet_review,BC-HNMU-G6-R0181-STT12-AI06,HNMU-G6-R0181-STT12,6,Bài 13: Tìm kiếm và thay thế,Vận dụng (Thực hiện thay thế lỗi),true,4,6,middle,"[""PRINCIPLE-FEEDBACK"",""PRINCIPLE-QUESTIONING""]","[""PRINCIPLE-PRACTICE""]",feedback_confirmation_only,"{""PRINCIPLE-CHALLENGE"":1,""PRINCIPLE-EXPLANATION"":2,""PRINCIPLE-FEEDBACK"":5,""PRINCIPLE-MODELLING"":2,""PRINCIPLE-PRACTICE"":3,""PRINCIPLE-QUESTIONING"":5}","[{""evidence"":""conversation_history (lượt 5: \""Đưa vào ô \""Replace with\"" ạ.\"")"",""principle_id"":""PRINCIPLE-FEEDBACK"",""rationale"":""Nhu cầu độc lập: Học sinh vừa đưa ra câu trả lời chính xác ở lượt 5 và cần được gia sư xác nhận ngay lập tức để củng cố sự tự tin trước khi chuyển sang bước cuối cùng. Nếu bỏ nguyên tắc này: Học sinh sẽ không biết chắc chắn việc đưa \""Sa Pa\"" vào \""Replace with\"" đã đúng chưa, dẫn đến sự do dự khi thực hiện thao tác tiếp theo."",""requirement_score"":5}]",,
3,flagged,needs_uet_review,BC-HNMU-G6-R0182-STT13-AI06,HNMU-G6-R0182-STT13,6,Bài 13: Tìm kiếm và thay thế,Vận dụng (Vận dụng linh hoạt),true,4,6,last,"[""PRINCIPLE-FEEDBACK""]","[""PRINCIPLE-CHALLENGE"",""PRINCIPLE-QUESTIONING""]",feedback_confirmation_only,"{""PRINCIPLE-CHALLENGE"":3,""PRINCIPLE-EXPLANATION"":2,""PRINCIPLE-FEEDBACK"":5,""PRINCIPLE-MODELLING"":1,""PRINCIPLE-PRACTICE"":2,""PRINCIPLE-QUESTIONING"":3}","[{""evidence"":""conversation_history (turn 5)"",""principle_id"":""PRINCIPLE-FEEDBACK"",""rationale"":""Nhu cầu độc lập: Học sinh vừa đưa ra một nhận định rất chính xác về mặt tư duy khi sử dụng công cụ tin học (\""công cụ chỉ thay thế từ thôi, mình vẫn phải kiểm tra lại nội dung\""). Học sinh cần nhận được sự xác nhận, khen ngợi và củng cố cho lập luận thực tế sắc bén này. Nếu bỏ nguyên tắc này: Gia sư sẽ bỏ qua một câu trả lời xuất sắc của học sinh, khiến học sinh không chắc chắn về tư duy phản biện của mình đối với việc sử dụng công cụ tự động, đồng thời làm mất đi sự tương tác tích cực cuối bài học."",""requirement_score"":5}]",,
3,flagged,needs_uet_review,BC-HNMU-G6-R0188-STT5-AI04,HNMU-G6-R0188-STT5,6,Bài 14: Hoàn thiện sổ lưu niệm,Thông hiểu (Giải thích sự cần thiết),true,2,4,last,"[""PRINCIPLE-EXPLANATION"",""PRINCIPLE-FEEDBACK""]","[""PRINCIPLE-QUESTIONING""]",feedback_confirmation_only,"{""PRINCIPLE-CHALLENGE"":1,""PRINCIPLE-EXPLANATION"":5,""PRINCIPLE-FEEDBACK"":5,""PRINCIPLE-MODELLING"":1,""PRINCIPLE-PRACTICE"":2,""PRINCIPLE-QUESTIONING"":3}","[{""evidence"":""conversation_history lượt 3: \""Dạ có ạ, sẽ rất lộn xộn.\"""",""principle_id"":""PRINCIPLE-FEEDBACK"",""rationale"":""Nhu cầu độc lập: Học sinh đã trả lời câu hỏi gợi mở ở lượt trước và nhận diện đúng vấn đề (\""sẽ rất lộn xộn\""), học sinh cần được gia sư nhận xét, xác nhận tính đúng đắn của câu trả lời này để làm tiền đề cho việc rút ra kết luận. Nếu bỏ nguyên tắc này: Gia sư sẽ bỏ qua nỗ lực tư duy của học sinh, làm mất đi tính tương tác hai chiều và không thể liên kết câu trả lời của học sinh vào bài học."",""requirement_score"":5}]",,
3,flagged,needs_uet_review,BC-HNMU-G6-R0193-STT10-AI04,HNMU-G6-R0193-STT10,6,Bài 14: Hoàn thiện sổ lưu niệm,Thông hiểu (Trình bày quá trình),true,2,4,last,"[""PRINCIPLE-FEEDBACK"",""PRINCIPLE-QUESTIONING""]","[""PRINCIPLE-EXPLANATION""]",feedback_confirmation_only,"{""PRINCIPLE-CHALLENGE"":2,""PRINCIPLE-EXPLANATION"":3,""PRINCIPLE-FEEDBACK"":5,""PRINCIPLE-MODELLING"":1,""PRINCIPLE-PRACTICE"":2,""PRINCIPLE-QUESTIONING"":5}","[{""evidence"":""conversation_history: lượt 3, student: \""Dạ là định dạng và chèn ảnh ạ!\"""",""principle_id"":""PRINCIPLE-FEEDBACK"",""rationale"":""Nhu cầu độc lập: Học sinh vừa đưa ra câu trả lời \""định dạng và chèn ảnh\"" cho câu hỏi gợi ý của gia sư và cần được xác nhận ngay tính chính xác của câu trả lời này để củng cố sự tự tin. Nếu bỏ nguyên tắc này: Một phản hồi bỏ qua việc đánh giá câu trả lời của học sinh sẽ làm đứt gãy mạch tương tác, khiến học sinh hoang mang không biết mình đã trả lời đúng hay chưa."",""requirement_score"":5}]",,
3,flagged,needs_uet_review,BC-HNMU-G6-R0197-STT14-AI02,HNMU-G6-R0197-STT14,6,Bài 14: Hoàn thiện sổ lưu niệm,Vận dụng (Lưu trữ sản phẩm),false,0,2,first,"[""PRINCIPLE-QUESTIONING""]",[],questioning_without_answer_dependency,"{""PRINCIPLE-CHALLENGE"":1,""PRINCIPLE-EXPLANATION"":2,""PRINCIPLE-FEEDBACK"":2,""PRINCIPLE-MODELLING"":2,""PRINCIPLE-PRACTICE"":1,""PRINCIPLE-QUESTIONING"":5}","[{""evidence"":""student_prompt: \""Em đã làm xong hết rồi, giờ em tắt máy được chưa thầy?\"" và source_question: \""Thực hiện lưu tệp sổ lưu niệm đã hoàn thiện với tên \""So_luu_niem_Lop6A.docx\"".\"""",""principle_id"":""PRINCIPLE-QUESTIONING"",""rationale"":""Nhu cầu độc lập: Học sinh tuyên bố đã làm xong và xin phép tắt máy, nhưng chưa xác nhận đã thực hiện bước quan trọng nhất của bài là lưu trữ sản phẩm đúng tên yêu cầu. Gia sư cần đặt câu hỏi kiểm tra xem học sinh đã lưu tệp với tên \""So_luu_niem_Lop6A.docx\"" chưa trước khi cho phép tắt máy.\nNếu bỏ nguyên tắc này: Gia sư chỉ có thể chọn đồng ý cho tắt máy (dẫn đến rủi ro học sinh mất toàn bộ bài làm nếu chưa lưu) hoặc áp đặt hướng dẫn lưu bài một cách máy móc khi chưa biết rõ trạng thái thực tế của học sinh, làm giảm tính cá nhân hóa và hiệu quả sư phạm."",""requirement_score"":5}]",,
3,flagged,needs_uet_review,BC-HNMU-G6-R0213-STT2-AI06,HNMU-G6-R0213-STT2,6,Bài 16: Các cấu trúc điều khiển,Nhận biết (Nhận diện được ý nghĩa ký hiệu),true,4,6,last,"[""PRINCIPLE-FEEDBACK"",""PRINCIPLE-QUESTIONING""]","[""PRINCIPLE-CHALLENGE"",""PRINCIPLE-EXPLANATION"",""PRINCIPLE-PRACTICE""]",feedback_confirmation_only,"{""PRINCIPLE-CHALLENGE"":3,""PRINCIPLE-EXPLANATION"":3,""PRINCIPLE-FEEDBACK"":5,""PRINCIPLE-MODELLING"":2,""PRINCIPLE-PRACTICE"":3,""PRINCIPLE-QUESTIONING"":4}","[{""evidence"":""turn_index: 5"",""principle_id"":""PRINCIPLE-FEEDBACK"",""rationale"":""Nhu cầu độc lập: Học sinh đã xuất sắc tự tìm ra câu trả lời đúng ở lượt 5 sau chuỗi gợi ý của gia sư. Em cần nhận được sự xác nhận chính thức và lời khen ngợi kịp thời để củng cố niềm tin vào câu trả lời của mình. Nếu bỏ nguyên tắc này: Học sinh sẽ không biết chắc chắn câu trả lời \""mô tả điều kiện kiểm tra\"" của mình đã hoàn toàn chính xác và chuẩn kiến thức hay chưa."",""requirement_score"":5}]",,
3,flagged,needs_uet_review,BC-HNMU-G6-R0214-STT3-AI04,HNMU-G6-R0214-STT3,6,Bài 16: Các cấu trúc điều khiển,Nhận biết (Nêu được khái niệm),true,2,4,middle,"[""PRINCIPLE-EXPLANATION"",""PRINCIPLE-FEEDBACK""]","[""PRINCIPLE-QUESTIONING""]",feedback_confirmation_only,"{""PRINCIPLE-CHALLENGE"":1,""PRINCIPLE-EXPLANATION"":5,""PRINCIPLE-FEEDBACK"":5,""PRINCIPLE-MODELLING"":2,""PRINCIPLE-PRACTICE"":2,""PRINCIPLE-QUESTIONING"":3}","[{""evidence"":""conversation_history lượt 3"",""principle_id"":""PRINCIPLE-FEEDBACK"",""rationale"":""Nhu cầu độc lập: Học sinh vừa hoàn thành câu trả lời cho câu hỏi gợi mở của gia sư về hình ảnh trực quan. Học sinh cần được xác nhận câu trả lời đó là đúng đắn và hiểu được mối liên hệ giữa câu trả lời này với câu hỏi ban đầu của mình. Nếu bỏ nguyên tắc này: Phản hồi của gia sư sẽ bỏ qua nỗ lực tư duy của học sinh, làm mất đi sự kết nối sư phạm giữa bước gợi mở trực quan và việc hình thành kiến thức lý thuyết."",""requirement_score"":5}]",,
3,flagged,needs_uet_review,BC-HNMU-G6-R0215-STT4-AI04,HNMU-G6-R0215-STT4,6,Bài 16: Các cấu trúc điều khiển,Nhận biết (Nêu được công dụng),true,2,4,middle,"[""PRINCIPLE-EXPLANATION"",""PRINCIPLE-FEEDBACK""]","[""PRINCIPLE-MODELLING"",""PRINCIPLE-QUESTIONING""]",feedback_confirmation_only,"{""PRINCIPLE-CHALLENGE"":2,""PRINCIPLE-EXPLANATION"":5,""PRINCIPLE-FEEDBACK"":5,""PRINCIPLE-MODELLING"":3,""PRINCIPLE-PRACTICE"":2,""PRINCIPLE-QUESTIONING"":3}","[{""evidence"":""conversation_history lượt 3: \""Em sẽ bảo là 'Lặp lại việc ném bóng 10 lần' ạ.\"""",""principle_id"":""PRINCIPLE-FEEDBACK"",""rationale"":""Nhu cầu độc lập: Học sinh vừa đưa ra một câu trả lời rất chính xác và tự nhiên cho câu hỏi gợi mở của gia sư. Học sinh cần nhận được sự xác nhận, khen ngợi kịp thời và chỉ ra điểm tương đồng giữa tư duy thực tế đó với cấu trúc lặp trong tin học. Nếu bỏ nguyên tắc này: Gia sư sẽ bỏ qua nỗ lực tư duy của học sinh, làm mất đi tính tương tác của phương pháp gợi mở và giảm động lực tiếp thu kiến thức mới của học sinh."",""requirement_score"":5}]",,
3,flagged,needs_uet_review,BC-HNMU-G6-R0219-STT8-AI06,HNMU-G6-R0219-STT8,6,Bài 16: Các cấu trúc điều khiển,Thông hiểu (Mô tả chức năng bộ phận),true,4,6,last,"[""PRINCIPLE-PRACTICE"",""PRINCIPLE-FEEDBACK""]","[""PRINCIPLE-EXPLANATION"",""PRINCIPLE-QUESTIONING""]",feedback_confirmation_only,"{""PRINCIPLE-CHALLENGE"":2,""PRINCIPLE-EXPLANATION"":3,""PRINCIPLE-FEEDBACK"":5,""PRINCIPLE-MODELLING"":2,""PRINCIPLE-PRACTICE"":4,""PRINCIPLE-QUESTIONING"":3}","[{""evidence"":""turn_index: 5"",""principle_id"":""PRINCIPLE-FEEDBACK"",""rationale"":""Nhu cầu độc lập: Học sinh đã tự nỗ lực suy luận và đưa ra câu trả lời tự tin ở lượt 5 về chức năng của mũi tên. Học sinh cần sự xác nhận rõ ràng từ gia sư xem kết luận này đã hoàn toàn chính xác chưa. Nếu bỏ nguyên tắc này: Một phản hồi không ghi nhận và đánh giá tính đúng đắn trong câu trả lời của học sinh sẽ làm giảm động lực học tập và khiến học sinh không chắc chắn về kiến thức mình vừa tự đúc kết."",""requirement_score"":5}]",,
3,flagged,needs_uet_review,BC-HNMU-G6-R0220-STT9-AI06,HNMU-G6-R0220-STT9,6,Bài 16: Các cấu trúc điều khiển,Thông hiểu (Đọc hiểu và giải thích),true,4,6,last,"[""PRINCIPLE-FEEDBACK""]","[""PRINCIPLE-EXPLANATION"",""PRINCIPLE-PRACTICE"",""PRINCIPLE-QUESTIONING""]",feedback_confirmation_only,"{""PRINCIPLE-CHALLENGE"":2,""PRINCIPLE-EXPLANATION"":3,""PRINCIPLE-FEEDBACK"":5,""PRINCIPLE-MODELLING"":1,""PRINCIPLE-PRACTICE"":3,""PRINCIPLE-QUESTIONING"":3}","[{""evidence"":""conversation_history (lượt 5): \""Là cấu trúc lặp ạ! Em hiểu rồi, còn 6.11b chỉ là rẽ nhánh thôi.\"""",""principle_id"":""PRINCIPLE-FEEDBACK"",""rationale"":""Nhu cầu độc lập: Học sinh đã tự suy luận và đưa ra kết luận phân biệt giữa hình 6.11a (lặp) và 6.11b (rẽ nhánh) ở lượt 5. Học sinh có nhu cầu sư phạm rõ ràng là được gia sư đánh giá, xác nhận xem kết luận và cách hiểu của mình đã hoàn toàn chính xác và đầy đủ chưa để hoàn thành bài tập nguồn.\nNếu bỏ nguyên tắc này: Phản hồi của gia sư sẽ bỏ qua câu trả lời của học sinh, không giúp học sinh khẳng định chắc chắn kiến thức mình vừa tự ngộ ra, khiến mạch tương tác bị ngắt quãng và mất đi tính định hướng sư phạm."",""requirement_score"":5}]",,
3,flagged,needs_uet_review,BC-HNMU-G6-R0221-STT10-AI04,HNMU-G6-R0221-STT10,6,Bài 16: Các cấu trúc điều khiển,Thông hiểu (Nhận xét về tính logic),true,2,4,middle,"[""PRINCIPLE-EXPLANATION"",""PRINCIPLE-FEEDBACK""]","[""PRINCIPLE-PRACTICE"",""PRINCIPLE-QUESTIONING""]",feedback_confirmation_only,"{""PRINCIPLE-CHALLENGE"":1,""PRINCIPLE-EXPLANATION"":5,""PRINCIPLE-FEEDBACK"":5,""PRINCIPLE-MODELLING"":2,""PRINCIPLE-PRACTICE"":3,""PRINCIPLE-QUESTIONING"":3}","[{""evidence"":""conversation_history lượt 3: \""Dạ không, em sẽ lấy nhầm hoặc lấy đại ạ.\"""",""principle_id"":""PRINCIPLE-FEEDBACK"",""rationale"":""Nhu cầu độc lập: Học sinh đã trả lời đúng trọng tâm thực tế dựa trên câu hỏi gợi mở của gia sư ở lượt trước. Học sinh cần nhận được phản hồi trực tiếp để xác nhận suy luận đó là đúng đắn và làm điểm tựa để liên kết sang lý thuyết thuật toán. Nếu bỏ nguyên tắc này: Câu trả lời thực tế của học sinh sẽ bị bỏ qua hoặc không được tận dụng, khiến mạch đối thoại bị ngắt quãng và mất đi tính kết nối sư phạm."",""requirement_score"":5}]",,
3,flagged,needs_uet_review,BC-HNMU-G6-R0222-STT11-AI06,HNMU-G6-R0222-STT11,6,Bài 16: Các cấu trúc điều khiển,Vận dụng (Tạo được sơ đồ khối),true,4,6,last,"[""PRINCIPLE-FEEDBACK"",""PRINCIPLE-QUESTIONING""]",[],feedback_confirmation_only,"{""PRINCIPLE-CHALLENGE"":2,""PRINCIPLE-EXPLANATION"":2,""PRINCIPLE-FEEDBACK"":5,""PRINCIPLE-MODELLING"":2,""PRINCIPLE-PRACTICE"":2,""PRINCIPLE-QUESTIONING"":5}","[{""evidence"":""conversation_history (lượt 5)"",""principle_id"":""PRINCIPLE-FEEDBACK"",""rationale"":""Nhu cầu độc lập: Học sinh đã tự đưa ra một đề xuất cụ thể (\""Em sẽ vẽ hình chữ nhật cho hành động này ở nhánh Đúng đúng không thầy?\"") và có nhu cầu rõ ràng cần được xác nhận tính đúng đắn của đề xuất đó trước khi tiếp tục vẽ. Nếu bỏ nguyên tắc này: Gia sư sẽ bỏ qua câu hỏi xác nhận của học sinh, khiến học sinh hoang mang không biết cách làm của mình đã đúng chuẩn hay chưa để tự tin vẽ tiếp."",""requirement_score"":5}]",,
3,flagged,needs_uet_review,BC-HNMU-G6-R0226-STT1-AI06,HNMU-G6-R0226-STT1,6,Bài 17: Chương trình máy tính,Nhận biết (Nêu được khái niệm),true,4,6,last,"[""PRINCIPLE-EXPLANATION"",""PRINCIPLE-FEEDBACK""]","[""PRINCIPLE-PRACTICE"",""PRINCIPLE-QUESTIONING""]",feedback_confirmation_only,"{""PRINCIPLE-CHALLENGE"":2,""PRINCIPLE-EXPLANATION"":4,""PRINCIPLE-FEEDBACK"":5,""PRINCIPLE-MODELLING"":2,""PRINCIPLE-PRACTICE"":3,""PRINCIPLE-QUESTIONING"":3}","[{""evidence"":""conversation_history lượt 5: \""Dạ là ngôn ngữ lập trình. Vậy chương trình là tập hợp các lệnh viết bằng ngôn ngữ lập trình để chỉ dẫn máy tính làm thuật toán ạ!\"""",""principle_id"":""PRINCIPLE-FEEDBACK"",""rationale"":""Nhu cầu độc lập: Học sinh ở lượt 5 vừa tự nỗ lực xâu chuỗi thông tin từ các gợi ý trước để tự phát biểu định nghĩa chương trình máy tính. Học sinh cần được đánh giá chi tiết xem định nghĩa tự suy luận đó đã đúng và đầy đủ các thành phần cốt lõi chưa. Nếu bỏ nguyên tắc này: Gia sư chỉ chốt định nghĩa chung mà không công nhận hay chỉ rõ điểm tốt trong câu trả lời của học sinh, làm giảm động lực tự học và không giúp học sinh tự tin với kết quả suy luận của mình."",""requirement_score"":5}]",,
3,flagged,needs_uet_review,BC-HNMU-G6-R0227-STT2-AI04,HNMU-G6-R0227-STT2,6,Bài 17: Chương trình máy tính,Nhận biết (Nêu được công dụng),true,2,4,middle,"[""PRINCIPLE-EXPLANATION"",""PRINCIPLE-FEEDBACK""]","[""PRINCIPLE-QUESTIONING""]",feedback_confirmation_only,"{""PRINCIPLE-CHALLENGE"":2,""PRINCIPLE-EXPLANATION"":5,""PRINCIPLE-FEEDBACK"":4,""PRINCIPLE-MODELLING"":2,""PRINCIPLE-PRACTICE"":2,""PRINCIPLE-QUESTIONING"":3}","[{""evidence"":""conversation_history (lượt 3)"",""principle_id"":""PRINCIPLE-FEEDBACK"",""rationale"":""Nhu cầu độc lập: Học sinh vừa đưa ra một câu trả lời chính xác cho câu hỏi gợi mở của gia sư ở lượt trước và cần được xác nhận để tự tin tiếp thu kiến thức tiếp theo. Nếu bỏ nguyên tắc này: Gia sư sẽ bỏ qua nỗ lực tư duy của học sinh, làm mất đi tính tương tác hai chiều và sự liên kết logic của cuộc hội thoại."",""requirement_score"":4}]",,
3,flagged,needs_uet_review,BC-HNMU-G6-R0227-STT2-AI06,HNMU-G6-R0227-STT2,6,Bài 17: Chương trình máy tính,Nhận biết (Nêu được công dụng),true,4,6,last,"[""PRINCIPLE-EXPLANATION"",""PRINCIPLE-FEEDBACK""]","[""PRINCIPLE-PRACTICE"",""PRINCIPLE-QUESTIONING""]",feedback_confirmation_only,"{""PRINCIPLE-CHALLENGE"":2,""PRINCIPLE-EXPLANATION"":4,""PRINCIPLE-FEEDBACK"":5,""PRINCIPLE-MODELLING"":1,""PRINCIPLE-PRACTICE"":3,""PRINCIPLE-QUESTIONING"":3}","[{""evidence"":""Lượt 5 của conversation_history"",""principle_id"":""PRINCIPLE-FEEDBACK"",""rationale"":""Nhu cầu độc lập: Học sinh đã nỗ lực tự suy luận và đưa ra câu trả lời ở lượt 5. Học sinh có nhu cầu sư phạm rõ rệt là được xác nhận ngay lập tức xem suy luận \""giúp tạo ra chương trình chỉ dẫn máy tính\"" của mình đã chính xác chưa.\nNếu bỏ nguyên tắc này: Một phản hồi bỏ qua việc nhận xét câu trả lời này của học sinh mà đi thẳng vào giải thích chung hoặc đặt câu hỏi mới sẽ làm đứt gãy mạch tương tác, khiến học sinh hoang mang không biết mình đã hiểu đúng hướng chưa."",""requirement_score"":5}]",,
3,flagged,needs_uet_review,BC-HNMU-G6-R0228-STT3-AI04,HNMU-G6-R0228-STT3,6,Bài 17: Chương trình máy tính,Nhận biết (Biết được bản chất),true,2,4,last,"[""PRINCIPLE-EXPLANATION"",""PRINCIPLE-FEEDBACK""]","[""PRINCIPLE-MODELLING"",""PRINCIPLE-PRACTICE"",""PRINCIPLE-QUESTIONING""]",feedback_confirmation_only,"{""PRINCIPLE-CHALLENGE"":1,""PRINCIPLE-EXPLANATION"":4,""PRINCIPLE-FEEDBACK"":5,""PRINCIPLE-MODELLING"":3,""PRINCIPLE-PRACTICE"":3,""PRINCIPLE-QUESTIONING"":3}","[{""evidence"":""conversation_history lượt 3"",""principle_id"":""PRINCIPLE-FEEDBACK"",""rationale"":""Nhu cầu độc lập: Học sinh đã nỗ lực trả lời câu hỏi gợi mở của gia sư ở lượt 3 và rất cần một sự xác nhận, đánh giá xem câu trả lời của mình đã hoàn toàn chính xác và đầy đủ chưa. Nếu bỏ nguyên tắc này: Gia sư sẽ bỏ qua câu trả lời của học sinh, chuyển thẳng sang nội dung mới, khiến học sinh hụt hẫng và không chắc chắn về kiến thức mình vừa tiếp thu."",""requirement_score"":5}]",,
3,flagged,needs_uet_review,BC-HNMU-G6-R0230-STT5-AI04,HNMU-G6-R0230-STT5,6,Bài 17: Chương trình máy tính,Thông hiểu (Giải thích sự cần thiết),true,2,4,middle,"[""PRINCIPLE-EXPLANATION"",""PRINCIPLE-FEEDBACK""]","[""PRINCIPLE-QUESTIONING""]",feedback_confirmation_only,"{""PRINCIPLE-CHALLENGE"":1,""PRINCIPLE-EXPLANATION"":5,""PRINCIPLE-FEEDBACK"":5,""PRINCIPLE-MODELLING"":2,""PRINCIPLE-PRACTICE"":1,""PRINCIPLE-QUESTIONING"":3}","[{""evidence"":""conversation_history (turn_index: 3)"",""principle_id"":""PRINCIPLE-FEEDBACK"",""rationale"":""Nhu cầu độc lập: Học sinh vừa đưa ra câu trả lời đúng hướng ở lượt trước (\""nó chỉ là một cái máy thôi\""), do đó cần được phản hồi xác nhận để củng cố sự tự tin và dùng câu trả lời này làm cầu nối logic sang bài học. Nếu bỏ nguyên tắc này: Phản hồi sẽ bỏ qua câu trả lời của học sinh, làm mất đi tính tương tác cá nhân hóa và sự liền mạch của cuộc đối thoại."",""requirement_score"":5}]",,
3,flagged,needs_uet_review,BC-HNMU-G6-R0230-STT5-AI06,HNMU-G6-R0230-STT5,6,Bài 17: Chương trình máy tính,Thông hiểu (Giải thích sự cần thiết),true,4,6,last,"[""PRINCIPLE-FEEDBACK"",""PRINCIPLE-QUESTIONING""]",[],feedback_confirmation_only,"{""PRINCIPLE-CHALLENGE"":2,""PRINCIPLE-EXPLANATION"":2,""PRINCIPLE-FEEDBACK"":5,""PRINCIPLE-MODELLING"":1,""PRINCIPLE-PRACTICE"":2,""PRINCIPLE-QUESTIONING"":4}","[{""evidence"":""Lượt 5 (student): \""Em hiểu rồi, nó cần chương trình làm 'bản chỉ dẫn' để biết phải hành động thế nào. Nếu không nó chỉ là một khối vật chất không biết hành động.\"""",""principle_id"":""PRINCIPLE-FEEDBACK"",""rationale"":""Nhu cầu độc lập: Học sinh ở lượt 5 đã tự rút ra một kết luận rất chính xác và sâu sắc bằng cách sử dụng phép so sánh thú vị (\""bản chỉ dẫn\""). Học sinh cần được gia sư ghi nhận, khen ngợi và khẳng định tính đúng đắn của cách hiểu này để tạo động lực và củng cố kiến thức. Nếu bỏ nguyên tắc này: Một phản hồi đi thẳng vào ý tiếp theo mà không xác nhận câu trả lời của học sinh sẽ khiến học sinh không chắc chắn liệu cách diễn đạt của mình đã chuẩn xác hay chưa, làm giảm hiệu quả tương tác."",""requirement_score"":5}]",,
3,flagged,needs_uet_review,BC-HNMU-G6-R0231-STT6-AI04,HNMU-G6-R0231-STT6,6,Bài 17: Chương trình máy tính,Thông hiểu (Giải thích đặc điểm),true,2,4,middle,"[""PRINCIPLE-EXPLANATION"",""PRINCIPLE-FEEDBACK""]","[""PRINCIPLE-QUESTIONING""]",feedback_confirmation_only,"{""PRINCIPLE-CHALLENGE"":1,""PRINCIPLE-EXPLANATION"":5,""PRINCIPLE-FEEDBACK"":5,""PRINCIPLE-MODELLING"":1,""PRINCIPLE-PRACTICE"":2,""PRINCIPLE-QUESTIONING"":3}","[{""evidence"":""conversation_history, lượt số 3: 'Có thể là bác ấy cưa cái chân của cái bàn, hoặc bác ấy đang kê chân lên bàn để cưa ạ.'"",""principle_id"":""PRINCIPLE-FEEDBACK"",""rationale"":""Nhu cầu độc lập: Học sinh đã trả lời chính xác câu hỏi gợi mở ở lượt 3 và chỉ ra hai nét nghĩa khác nhau của ví dụ. Phản hồi tiếp theo cần xác nhận ngay câu trả lời này là đúng và phân tích rõ rằng hai nghĩa đó chính là biểu hiện của tính đa nghĩa. Nếu bỏ nguyên tắc này: Phản hồi sẽ bỏ qua nỗ lực suy luận của học sinh, khiến học sinh không rõ câu trả lời của mình đã chuẩn xác chưa và làm mất đi tính liên kết, tương tác trực tiếp của cuộc đối thoại."",""requirement_score"":5}]",,
3,flagged,needs_uet_review,BC-HNMU-G6-R0231-STT6-AI06,HNMU-G6-R0231-STT6,6,Bài 17: Chương trình máy tính,Thông hiểu (Giải thích đặc điểm),true,4,6,last,"[""PRINCIPLE-FEEDBACK"",""PRINCIPLE-QUESTIONING""]","[""PRINCIPLE-EXPLANATION"",""PRINCIPLE-PRACTICE""]",feedback_confirmation_only,"{""PRINCIPLE-CHALLENGE"":2,""PRINCIPLE-EXPLANATION"":3,""PRINCIPLE-FEEDBACK"":5,""PRINCIPLE-MODELLING"":2,""PRINCIPLE-PRACTICE"":3,""PRINCIPLE-QUESTIONING"":4}","[{""evidence"":""conversation_history (turn_index: 5)"",""principle_id"":""PRINCIPLE-FEEDBACK"",""rationale"":""Nhu cầu độc lập: Học sinh vừa tự mình hoàn thành một chuỗi suy luận logic rất tốt ở lượt 5 và đưa ra kết luận chính xác. Học sinh cần nhận được phản hồi đánh giá trực tiếp để xác nhận và củng cố niềm tin vào kết quả suy luận này.\nNếu bỏ nguyên tắc này: Một phản hồi đi thẳng vào giải thích lý thuyết mới hoặc đặt câu hỏi tiếp theo mà không ghi nhận, đánh giá câu trả lời của học sinh sẽ làm giảm động lực tự học, đồng thời khiến học sinh không chắc chắn liệu cách hiểu của mình đã hoàn toàn chuẩn xác theo khoa học máy tính hay chưa."",""requirement_score"":5}]",,
3,flagged,needs_uet_review,BC-HNMU-G6-R0232-STT7-AI06,HNMU-G6-R0232-STT7,6,Bài 17: Chương trình máy tính,Thông hiểu (Phân biệt được),true,4,6,last,"[""PRINCIPLE-FEEDBACK"",""PRINCIPLE-QUESTIONING""]","[""PRINCIPLE-EXPLANATION"",""PRINCIPLE-PRACTICE""]",feedback_confirmation_only,"{""PRINCIPLE-CHALLENGE"":2,""PRINCIPLE-EXPLANATION"":3,""PRINCIPLE-FEEDBACK"":5,""PRINCIPLE-MODELLING"":1,""PRINCIPLE-PRACTICE"":3,""PRINCIPLE-QUESTIONING"":4}","[{""evidence"":""Trường conversation_history lượt 5 học sinh hỏi: \""À, vậy thuật toán là cho người, còn chương trình là cho máy tính hiểu đúng không thầy?\"""",""principle_id"":""PRINCIPLE-FEEDBACK"",""rationale"":""Nhu cầu độc lập: Học sinh vừa tự rút ra một kết luận quan trọng sau chuỗi câu hỏi gợi mở và rất cần được xác nhận ngay lập tức xem suy luận của mình đã hoàn toàn chính xác chưa để tự tin tiếp thu kiến thức. Nếu bỏ nguyên tắc này: Học sinh sẽ rơi vào trạng thái mơ hồ, không chắc chắn về kết quả tự suy luận của mình, làm giảm hiệu quả của phương pháp dạy học kiến tạo trước đó."",""requirement_score"":5}]",,
3,flagged,needs_uet_review,BC-HNMU-G6-R0233-STT8-AI06,HNMU-G6-R0233-STT8,6,Bài 17: Chương trình máy tính,Thông hiểu (Giải thích khái niệm),true,4,6,last,"[""PRINCIPLE-FEEDBACK""]","[""PRINCIPLE-EXPLANATION"",""PRINCIPLE-QUESTIONING""]",feedback_confirmation_only,"{""PRINCIPLE-CHALLENGE"":2,""PRINCIPLE-EXPLANATION"":3,""PRINCIPLE-FEEDBACK"":5,""PRINCIPLE-MODELLING"":1,""PRINCIPLE-PRACTICE"":2,""PRINCIPLE-QUESTIONING"":3}","[{""evidence"":""turn_index: 5"",""principle_id"":""PRINCIPLE-FEEDBACK"",""rationale"":""Nhu cầu độc lập: Học sinh đã tự suy luận ra bản chất của chương trình máy tính (\""phải gom tất cả các lệnh cần thiết lại\"") ở lượt 5. Học sinh cần nhận được sự xác nhận và khen ngợi ngay lập tức từ gia sư để củng cố niềm tin vào suy luận của mình.\nNếu bỏ nguyên tắc này: Nếu không phản hồi trực tiếp để xác nhận và đánh giá tính đúng đắn trong câu trả lời của học sinh, học sinh sẽ hoang mang không biết mình đã hiểu đúng bản chất chưa, làm mất đi giá trị của quá trình gợi mở trước đó."",""requirement_score"":5}]",,
3,flagged,needs_uet_review,BC-HNMU-G6-R0235-STT10-AI06,HNMU-G6-R0235-STT10,6,Bài 17: Chương trình máy tính,Thông hiểu (Đọc hiểu chương trình),true,4,6,last,"[""PRINCIPLE-FEEDBACK"",""PRINCIPLE-QUESTIONING""]","[""PRINCIPLE-EXPLANATION"",""PRINCIPLE-PRACTICE""]",feedback_confirmation_only,"{""PRINCIPLE-CHALLENGE"":2,""PRINCIPLE-EXPLANATION"":3,""PRINCIPLE-FEEDBACK"":5,""PRINCIPLE-MODELLING"":2,""PRINCIPLE-PRACTICE"":3,""PRINCIPLE-QUESTIONING"":5}","[{""evidence"":""conversation_history lượt 5"",""principle_id"":""PRINCIPLE-FEEDBACK"",""rationale"":""Nhu cầu độc lập: Học sinh ở lượt 5 đã tự rút ra kết luận quan trọng về mục đích của chương trình (\""tính tổng của hai số\"") sau một chuỗi câu hỏi gợi mở, học sinh cần được xác nhận ngay lập tức xem kết luận này đã chính xác chưa để củng cố niềm tin. Nếu bỏ nguyên tắc này: Nếu không phản hồi trực tiếp để xác nhận và khen ngợi nỗ lực tự suy luận của học sinh, học sinh sẽ hoang mang không biết mình đã đi đúng hướng chưa, làm giảm động lực học tập."",""requirement_score"":5}]",,
3,flagged,needs_uet_review,BC-HNMU-G6-R0236-STT11-AI04,HNMU-G6-R0236-STT11,6,Bài 17: Chương trình máy tính,Vận dụng (Xác định được các thành phần),true,2,4,middle,"[""PRINCIPLE-FEEDBACK"",""PRINCIPLE-QUESTIONING""]","[""PRINCIPLE-EXPLANATION""]",feedback_confirmation_only,"{""PRINCIPLE-CHALLENGE"":1,""PRINCIPLE-EXPLANATION"":3,""PRINCIPLE-FEEDBACK"":5,""PRINCIPLE-MODELLING"":2,""PRINCIPLE-PRACTICE"":1,""PRINCIPLE-QUESTIONING"":5}","[{""evidence"":""conversation_history lượt 3 (\""Dạ, cần \""Nhập hai số a và b\"" ạ.\"")"",""principle_id"":""PRINCIPLE-FEEDBACK"",""rationale"":""Nhu cầu độc lập: Học sinh vừa đưa ra câu trả lời cho câu hỏi gợi ý của gia sư và cần được xác nhận tính đúng đắn của câu trả lời đó trước khi tiếp tục. Nếu bỏ nguyên tắc này: Phản hồi tiếp theo sẽ bỏ qua nỗ lực trả lời của học sinh, khiến học sinh hoang mang không biết mình đã xác định đúng đầu vào hay chưa, gây ảnh hưởng đến sự tự tin và mạch tư duy."",""requirement_score"":5}]",,
3,flagged,needs_uet_review,BC-HNMU-G6-R0237-STT12-AI04,HNMU-G6-R0237-STT12,6,Bài 17: Chương trình máy tính,Vận dụng (Xác định thuật toán),true,2,4,middle,"[""PRINCIPLE-FEEDBACK"",""PRINCIPLE-QUESTIONING""]","[""PRINCIPLE-EXPLANATION""]",feedback_confirmation_only,"{""PRINCIPLE-CHALLENGE"":1,""PRINCIPLE-EXPLANATION"":3,""PRINCIPLE-FEEDBACK"":5,""PRINCIPLE-MODELLING"":2,""PRINCIPLE-PRACTICE"":2,""PRINCIPLE-QUESTIONING"":4}","[{""evidence"":""conversation_history lượt 3: \""Dạ là tính trung bình cộng của 3 số ạ!\"""",""principle_id"":""PRINCIPLE-FEEDBACK"",""rationale"":""Nhu cầu độc lập: Học sinh vừa hoàn thành một bước tư duy trung gian bằng cách trả lời đúng câu hỏi gợi ý của gia sư. Học sinh cần được xác nhận tính chính xác của câu trả lời này để có điểm tựa vững chắc trước khi phân tích tiếp các khối lệnh phức tạp hơn phía sau. Nếu bỏ nguyên tắc này: Phản hồi sẽ bỏ qua câu trả lời của học sinh và chuyển ngay sang nội dung mới, khiến học sinh hoang mang không biết mình đã hiểu đúng bản chất của biến DTB hay chưa, làm mất đi sự kết nối tương tác."",""requirement_score"":5}]",,
3,flagged,needs_uet_review,BC-HNMU-G6-R0237-STT12-AI06,HNMU-G6-R0237-STT12,6,Bài 17: Chương trình máy tính,Vận dụng (Xác định thuật toán),true,4,6,last,"[""PRINCIPLE-FEEDBACK""]","[""PRINCIPLE-CHALLENGE"",""PRINCIPLE-PRACTICE"",""PRINCIPLE-QUESTIONING""]",feedback_confirmation_only,"{""PRINCIPLE-CHALLENGE"":3,""PRINCIPLE-EXPLANATION"":2,""PRINCIPLE-FEEDBACK"":5,""PRINCIPLE-MODELLING"":2,""PRINCIPLE-PRACTICE"":3,""PRINCIPLE-QUESTIONING"":3}","[{""evidence"":""turn_index: 5, role: student, content: \""Vậy đây là thuật toán tính điểm trung bình và nhận xét học sinh!\"""",""principle_id"":""PRINCIPLE-FEEDBACK"",""rationale"":""Nhu cầu độc lập: Học sinh đã dựa vào gợi ý để tự xâu chuỗi và đưa ra kết luận cuối cùng cho bài toán, do đó rất cần sự xác nhận chính thức từ gia sư xem câu trả lời đã hoàn toàn chính xác chưa để củng cố niềm tin. Nếu bỏ nguyên tắc này: Phản hồi tiếp theo của gia sư nếu bỏ qua việc nhận xét (chuyển ngay sang câu hỏi khác hoặc giải thích dài dòng) sẽ làm giảm động lực học tập và khiến học sinh hoang mang về tính đúng đắn của câu trả lời mình vừa tự tìm ra."",""requirement_score"":5}]",,
3,flagged,needs_uet_review,BC-HNMU-G7-R0002-STT1-AI02,HNMU-G7-R0002-STT1,7,Bài 1. Thiết bị vào - ra,Nhận biết (Nêu được chức năng),false,0,2,first,"[""PRINCIPLE-EXPLANATION"",""PRINCIPLE-FEEDBACK""]","[""PRINCIPLE-PRACTICE"",""PRINCIPLE-QUESTIONING""]",feedback_confirmation_only,"{""PRINCIPLE-CHALLENGE"":2,""PRINCIPLE-EXPLANATION"":5,""PRINCIPLE-FEEDBACK"":5,""PRINCIPLE-MODELLING"":2,""PRINCIPLE-PRACTICE"":3,""PRINCIPLE-QUESTIONING"":3}","[{""evidence"":""student_prompt: \""thiết bị vào\"" là những cái như bàn phím đúng không ạ?"",""principle_id"":""PRINCIPLE-FEEDBACK"",""rationale"":""Nhu cầu độc lập: Học sinh đưa ra một giả định cụ thể (\""bàn phím đúng không ạ?\"") nhằm kiểm tra hiểu biết của mình. Học sinh cần nhận được phản hồi trực tiếp xác nhận tính đúng đắn của giả định này để củng cố niềm tin và kiến thức đúng.\nNếu bỏ nguyên tắc này: Nếu không phản hồi xác nhận trực tiếp ý kiến của học sinh, học sinh sẽ bị bỏ lửng, không chắc chắn liệu phán đoán của mình có đúng hay không trước khi tiếp thu kiến thức mới."",""requirement_score"":5}]",,
3,flagged,needs_uet_review,BC-HNMU-G7-R0002-STT1-AI06,HNMU-G7-R0002-STT1,7,Bài 1. Thiết bị vào - ra,Nhận biết (Nêu được chức năng),true,4,6,last,"[""PRINCIPLE-EXPLANATION"",""PRINCIPLE-FEEDBACK""]","[""PRINCIPLE-PRACTICE"",""PRINCIPLE-QUESTIONING""]",feedback_confirmation_only,"{""PRINCIPLE-CHALLENGE"":2,""PRINCIPLE-EXPLANATION"":4,""PRINCIPLE-FEEDBACK"":5,""PRINCIPLE-MODELLING"":2,""PRINCIPLE-PRACTICE"":3,""PRINCIPLE-QUESTIONING"":3}","[{""evidence"":""conversation_history (lượt 5: \""À, là đưa thông tin vào máy ạ!\"")"",""principle_id"":""PRINCIPLE-FEEDBACK"",""rationale"":""Nhu cầu độc lập: Học sinh vừa đưa ra câu trả lời tự suy luận ở lượt 5 và rất cần một sự xác nhận, khen ngợi ngay lập tức từ gia sư để biết mình đã đi đúng hướng và củng cố niềm tin học tập. Nếu bỏ nguyên tắc này: Phản hồi tiếp theo sẽ bỏ qua câu trả lời của học sinh, làm mất đi sự tương tác cá nhân hóa và khiến học sinh cảm thấy nỗ lực suy luận của mình không được ghi nhận."",""requirement_score"":5}]",,
3,flagged,needs_uet_review,BC-HNMU-G7-R0003-STT2-AI06,HNMU-G7-R0003-STT2,7,Bài 1. Thiết bị vào - ra,Nhận biết (Nêu được chức năng),true,4,6,last,"[""PRINCIPLE-FEEDBACK"",""PRINCIPLE-QUESTIONING""]","[""PRINCIPLE-EXPLANATION"",""PRINCIPLE-PRACTICE""]",feedback_confirmation_only,"{""PRINCIPLE-CHALLENGE"":1,""PRINCIPLE-EXPLANATION"":3,""PRINCIPLE-FEEDBACK"":5,""PRINCIPLE-MODELLING"":1,""PRINCIPLE-PRACTICE"":3,""PRINCIPLE-QUESTIONING"":4}","[{""evidence"":""conversation_history lượt 5"",""principle_id"":""PRINCIPLE-FEEDBACK"",""rationale"":""Nhu cầu độc lập: Học sinh đã nỗ lực suy luận dựa trên gợi ý và đưa ra câu trả lời chính xác ở lượt 5 (\""Dạ là xuất thông tin ra ngoài ạ!\""), do đó rất cần một nhận xét phản hồi trực tiếp để xác nhận và củng cố sự tự tin. Nếu bỏ nguyên tắc này: Một phản hồi bỏ qua việc đánh giá câu trả lời của học sinh mà chuyển ngay sang nội dung mới sẽ làm mất đi tính tương tác hai chiều và không giúp học sinh khắc sâu kiến thức mình vừa tự khám phá ra."",""requirement_score"":5}]",,
3,flagged,needs_uet_review,BC-HNMU-G7-R0004-STT3-AI04,HNMU-G7-R0004-STT3,7,Bài 1. Thiết bị vào - ra,Nhận biết (Nhận ra thiết bị ra),true,2,4,middle,"[""PRINCIPLE-FEEDBACK"",""PRINCIPLE-QUESTIONING""]","[""PRINCIPLE-EXPLANATION"",""PRINCIPLE-PRACTICE""]",feedback_confirmation_only,"{""PRINCIPLE-CHALLENGE"":1,""PRINCIPLE-EXPLANATION"":3,""PRINCIPLE-FEEDBACK"":5,""PRINCIPLE-MODELLING"":2,""PRINCIPLE-PRACTICE"":3,""PRINCIPLE-QUESTIONING"":5}","[{""evidence"":""turn_index: 3: 'Dạ là thiết bị vào ạ.'"",""principle_id"":""PRINCIPLE-FEEDBACK"",""rationale"":""Nhu cầu độc lập: Học sinh vừa đưa ra câu trả lời 'Dạ là thiết bị vào ạ' cho câu hỏi gợi mở của gia sư và cần nhận được phản hồi xác nhận tính đúng đắn này để tự tin loại bỏ phương án A. Nếu bỏ nguyên tắc này: Gia sư sẽ bỏ qua nỗ lực tư duy của học sinh, khiến cuộc hội thoại mất đi tính tương tác định hướng và học sinh không chắc chắn về lập luận của mình."",""requirement_score"":5}]",,
3,flagged,needs_uet_review,BC-HNMU-G7-R0004-STT3-AI06,HNMU-G7-R0004-STT3,7,Bài 1. Thiết bị vào - ra,Nhận biết (Nhận ra thiết bị ra),true,4,6,last,"[""PRINCIPLE-FEEDBACK""]","[""PRINCIPLE-EXPLANATION"",""PRINCIPLE-PRACTICE"",""PRINCIPLE-QUESTIONING""]",feedback_confirmation_only,"{""PRINCIPLE-CHALLENGE"":2,""PRINCIPLE-EXPLANATION"":3,""PRINCIPLE-FEEDBACK"":5,""PRINCIPLE-MODELLING"":1,""PRINCIPLE-PRACTICE"":3,""PRINCIPLE-QUESTIONING"":3}","[{""evidence"":""conversation_history (lượt 5: \""Dạ đều đưa ra ngoài ạ! Vậy đáp án là D đúng không thầy?\"")"",""principle_id"":""PRINCIPLE-FEEDBACK"",""rationale"":""Nhu cầu độc lập: Học sinh đã đưa ra một câu hỏi xác nhận rõ ràng (\""Vậy đáp án là D đúng không thầy?\"") dựa trên lập luận tự có ở lượt trước. Học sinh cần một phản hồi đánh giá trực tiếp để khẳng định tính đúng đắn của tư duy đó.\nNếu bỏ nguyên tắc này: Nếu phản hồi tiếp theo không trực tiếp xác nhận và khen ngợi câu trả lời đúng của học sinh mà chuyển hướng sang nội dung khác, học sinh sẽ cảm thấy hụt hẫng và không chắc chắn về kết quả của mình."",""requirement_score"":5}]",,
3,flagged,needs_uet_review,BC-HNMU-G7-R0005-STT4-AI06,HNMU-G7-R0005-STT4,7,Bài 1. Thiết bị vào - ra,Nhận biết (Biết được chức năng hỗn hợp),true,4,6,last,"[""PRINCIPLE-FEEDBACK"",""PRINCIPLE-QUESTIONING""]","[""PRINCIPLE-EXPLANATION"",""PRINCIPLE-PRACTICE""]",feedback_confirmation_only,"{""PRINCIPLE-CHALLENGE"":2,""PRINCIPLE-EXPLANATION"":3,""PRINCIPLE-FEEDBACK"":5,""PRINCIPLE-MODELLING"":1,""PRINCIPLE-PRACTICE"":3,""PRINCIPLE-QUESTIONING"":4}","[{""evidence"":""conversation_history (lượt 5)"",""principle_id"":""PRINCIPLE-FEEDBACK"",""rationale"":""Nhu cầu độc lập: Học sinh vừa đưa ra một suy luận mang tính kết luận ở lượt 5 (\""Vậy màn hình cảm ứng là cả hai luôn thầy nhỉ?\"") và cần được xác nhận ngay lập tức tính đúng đắn của suy luận này. Nếu bỏ nguyên tắc này: Gia sư sẽ bỏ qua nỗ lực tự suy luận của học sinh, khiến học sinh hoang mang không biết kết luận của mình đã hoàn toàn chính xác chưa trước khi tiếp tục."",""requirement_score"":5}]",,
3,flagged,needs_uet_review,BC-HNMU-G7-R0006-STT5-AI04,HNMU-G7-R0006-STT5,7,Bài 1. Thiết bị vào - ra,Thông hiểu (Mô tả được chức năng),true,2,4,last,"[""PRINCIPLE-EXPLANATION"",""PRINCIPLE-FEEDBACK""]","[""PRINCIPLE-PRACTICE"",""PRINCIPLE-QUESTIONING""]",feedback_confirmation_only,"{""PRINCIPLE-CHALLENGE"":1,""PRINCIPLE-EXPLANATION"":5,""PRINCIPLE-FEEDBACK"":5,""PRINCIPLE-MODELLING"":2,""PRINCIPLE-PRACTICE"":3,""PRINCIPLE-QUESTIONING"":3}","[{""evidence"":""conversation_history (turn_index: 3)"",""principle_id"":""PRINCIPLE-FEEDBACK"",""rationale"":""Nhu cầu độc lập: Học sinh vừa hoàn thành câu trả lời cho câu hỏi gợi mở của gia sư (\""Dạ nó chỉ chờ em gõ thôi ạ\""). Học sinh cần nhận được phản hồi trực tiếp để xác nhận câu trả lời đó là đúng và hiểu được câu trả lời đó liên quan thế nào đến việc định nghĩa \""thiết bị vào\"".\n\nNếu bỏ nguyên tắc này: Phản hồi của gia sư sẽ bỏ qua đóng góp của học sinh ở lượt trước, phá vỡ mạch hội thoại tương tác và làm mất đi cơ hội liên kết từ thực tế hoạt động của bàn phím sang định nghĩa khoa học."",""requirement_score"":5}]",,
3,flagged,needs_uet_review,BC-HNMU-G7-R0007-STT6-AI04,HNMU-G7-R0007-STT6,7,Bài 1. Thiết bị vào - ra,Thông hiểu (Giải thích được tác hại),true,2,4,middle,"[""PRINCIPLE-EXPLANATION"",""PRINCIPLE-FEEDBACK""]","[""PRINCIPLE-QUESTIONING""]",feedback_confirmation_only,"{""PRINCIPLE-CHALLENGE"":2,""PRINCIPLE-EXPLANATION"":5,""PRINCIPLE-FEEDBACK"":5,""PRINCIPLE-MODELLING"":1,""PRINCIPLE-PRACTICE"":2,""PRINCIPLE-QUESTIONING"":3}","[{""evidence"":""conversation_history lượt 3: \""Dạ chắc là nó bị kẹt hoặc kiến chui vào ạ.\"""",""principle_id"":""PRINCIPLE-FEEDBACK"",""rationale"":""Nhu cầu độc lập: Học sinh đã tích cực suy luận và đưa ra câu trả lời cho câu hỏi gợi mở của gia sư ở lượt trước ('bị kẹt hoặc kiến chui vào'). Học sinh có nhu cầu nhận được phản hồi trực tiếp để xác nhận xem suy luận của mình đã đúng và đầy đủ chưa.\nNếu bỏ nguyên tắc này: Nếu gia sư bỏ qua câu trả lời của học sinh mà chuyển thẳng sang giải thích kiến thức mới hoặc đặt câu hỏi khác, học sinh sẽ cảm thấy nỗ lực suy nghĩ của mình không được ghi nhận, làm gián đoạn tiến trình tương tác sư phạm."",""requirement_score"":5}]",,
3,flagged,needs_uet_review,BC-HNMU-G7-R0007-STT6-AI06,HNMU-G7-R0007-STT6,7,Bài 1. Thiết bị vào - ra,Thông hiểu (Giải thích được tác hại),true,4,6,last,"[""PRINCIPLE-FEEDBACK""]","[""PRINCIPLE-CHALLENGE"",""PRINCIPLE-EXPLANATION"",""PRINCIPLE-QUESTIONING""]",feedback_confirmation_only,"{""PRINCIPLE-CHALLENGE"":3,""PRINCIPLE-EXPLANATION"":3,""PRINCIPLE-FEEDBACK"":5,""PRINCIPLE-MODELLING"":1,""PRINCIPLE-PRACTICE"":2,""PRINCIPLE-QUESTIONING"":3}","[{""evidence"":""conversation_history lượt 3 và 5"",""principle_id"":""PRINCIPLE-FEEDBACK"",""rationale"":""Nhu cầu độc lập: Học sinh đã trả lời đúng cả hai tác hại (kẹt bàn phím ở lượt 3 và chập mạch/hỏng máy ở lượt 5). Phản hồi tiếp theo cần phải đánh giá, xác nhận tính chính xác và tổng hợp các ý này lại để giải quyết triệt để thắc mắc ban đầu của học sinh.\nNếu bỏ nguyên tắc này: Một phản hồi sử dụng chiến lược khác (như chuyển ngay sang câu hỏi mới hoặc tự giải thích lại từ đầu) sẽ bỏ qua nỗ lực tư duy của học sinh, khiến học sinh không thấy được sự liên kết giữa câu trả lời của mình và câu hỏi thắc mắc ban đầu."",""requirement_score"":5}]",,
3,flagged,needs_uet_review,BC-HNMU-G7-R0011-STT10-AI04,HNMU-G7-R0011-STT10,7,Bài 1. Thiết bị vào - ra,Thông hiểu (Mô tả được chức năng),true,2,4,last,"[""PRINCIPLE-FEEDBACK"",""PRINCIPLE-QUESTIONING""]","[""PRINCIPLE-EXPLANATION"",""PRINCIPLE-PRACTICE""]",feedback_confirmation_only,"{""PRINCIPLE-CHALLENGE"":2,""PRINCIPLE-EXPLANATION"":3,""PRINCIPLE-FEEDBACK"":5,""PRINCIPLE-MODELLING"":1,""PRINCIPLE-PRACTICE"":3,""PRINCIPLE-QUESTIONING"":5}","[{""evidence"":""conversation_history (turn_index: 3)"",""principle_id"":""PRINCIPLE-FEEDBACK"",""rationale"":""Nhu cầu độc lập: Học sinh đã tự đưa ra một suy luận quan trọng ('đưa hình từ giấy vào trong máy tính') và cần được gia sư xác nhận tính đúng đắn của suy luận này. Nếu bỏ nguyên tắc này: Học sinh sẽ không có điểm tựa tin cậy để biết chắc chắn suy luận của mình đã hoàn toàn chính xác và phù hợp với thực tế hay chưa."",""requirement_score"":5}]",,
3,flagged,needs_uet_review,BC-HNMU-G7-R0012-STT11-AI08,HNMU-G7-R0012-STT11,7,Bài 1. Thiết bị vào - ra,Vận dụng (Xác định trình tự xử lý),true,6,8,last,"[""PRINCIPLE-FEEDBACK""]","[""PRINCIPLE-EXPLANATION"",""PRINCIPLE-PRACTICE"",""PRINCIPLE-QUESTIONING""]",feedback_confirmation_only,"{""PRINCIPLE-CHALLENGE"":2,""PRINCIPLE-EXPLANATION"":3,""PRINCIPLE-FEEDBACK"":5,""PRINCIPLE-MODELLING"":1,""PRINCIPLE-PRACTICE"":3,""PRINCIPLE-QUESTIONING"":3}","[{""evidence"":""conversation_history (lượt 7)"",""principle_id"":""PRINCIPLE-FEEDBACK"",""rationale"":""Nhu cầu độc lập: Học sinh đã hoàn thành toàn bộ các bước gợi ý và đưa ra câu trả lời cuối cùng ở dạng câu hỏi xác nhận (\""đúng không thầy?\""). Học sinh cần một phản hồi đánh giá trực tiếp, rõ ràng để biết chắc chắn kết quả của mình là đúng và ghi nhận nỗ lực suy luận từ đầu đến giờ.\n\nNếu bỏ nguyên tắc này: Một phản hồi chỉ chuyển sang câu hỏi mới hoặc giải thích lý thuyết mà không khẳng định tính chính xác của câu trả lời học sinh vừa đưa ra sẽ khiến học sinh bị hụt hẫng, không chắc chắn về kết quả và giảm động lực học tập."",""requirement_score"":5}]",,
3,flagged,needs_uet_review,BC-HNMU-G7-R0014-STT13-AI04,HNMU-G7-R0014-STT13,7,Bài 1. Thiết bị vào - ra,Vận dụng (Phân loại thiết bị),true,2,4,middle,"[""PRINCIPLE-EXPLANATION"",""PRINCIPLE-FEEDBACK"",""PRINCIPLE-QUESTIONING""]","[""PRINCIPLE-MODELLING"",""PRINCIPLE-PRACTICE""]",feedback_confirmation_only,"{""PRINCIPLE-CHALLENGE"":2,""PRINCIPLE-EXPLANATION"":4,""PRINCIPLE-FEEDBACK"":5,""PRINCIPLE-MODELLING"":3,""PRINCIPLE-PRACTICE"":3,""PRINCIPLE-QUESTIONING"":4}","[{""evidence"":""conversation_history lượt 3: \""Dạ nó chiếu cái hình đó to lên trên tường cho cả lớp xem ạ.\"""",""principle_id"":""PRINCIPLE-FEEDBACK"",""rationale"":""Nhu cầu độc lập: Học sinh đã phản hồi câu hỏi gợi mở của gia sư bằng cách đưa ra câu trả lời cụ thể mô tả chức năng của máy chiếu. Học sinh có nhu cầu sư phạm cần được xác nhận tính đúng đắn của câu trả lời này và được hướng dẫn kết nối nó với bước phân loại cuối cùng. Nếu bỏ nguyên tắc này: Phản hồi tiếp theo của gia sư sẽ bỏ qua nỗ lực tư duy của học sinh ở lượt trước, làm mất đi tính liên kết và tính định hướng của cuộc hội thoại."",""requirement_score"":5}]",,
3,flagged,needs_uet_review,BC-HNMU-G7-R0014-STT13-AI06,HNMU-G7-R0014-STT13,7,Bài 1. Thiết bị vào - ra,Vận dụng (Phân loại thiết bị),true,4,6,last,"[""PRINCIPLE-FEEDBACK"",""PRINCIPLE-QUESTIONING""]","[""PRINCIPLE-PRACTICE""]",feedback_confirmation_only,"{""PRINCIPLE-CHALLENGE"":2,""PRINCIPLE-EXPLANATION"":2,""PRINCIPLE-FEEDBACK"":5,""PRINCIPLE-MODELLING"":1,""PRINCIPLE-PRACTICE"":3,""PRINCIPLE-QUESTIONING"":5}","[{""evidence"":""conversation_history (turn 5: 'Dạ đưa hình ra, nên là thiết bị ra ạ!')"",""principle_id"":""PRINCIPLE-FEEDBACK"",""rationale"":""Nhu cầu độc lập: Học sinh vừa tự đưa ra câu trả lời cho máy chiếu dựa trên gợi ý trước đó. Học sinh cần một phản hồi xác nhận ngay lập tức xem kết luận của mình đã chính xác chưa để củng cố niềm tin và kiến thức vừa đạt được. Nếu bỏ nguyên tắc này: Học sinh sẽ không biết chắc chắn kết luận 'máy chiếu là thiết bị ra' của mình có đúng hay không, làm giảm hiệu quả của toàn bộ tiến trình gợi mở trước đó."",""requirement_score"":5}]",,
3,flagged,needs_uet_review,BC-HNMU-G7-R0015-STT14-AI06,HNMU-G7-R0015-STT14,7,Bài 1. Thiết bị vào - ra,Vận dụng (Xác định thiết bị cần thiết),true,4,6,middle,"[""PRINCIPLE-FEEDBACK"",""PRINCIPLE-QUESTIONING""]",[],feedback_confirmation_only,"{""PRINCIPLE-CHALLENGE"":2,""PRINCIPLE-EXPLANATION"":2,""PRINCIPLE-FEEDBACK"":5,""PRINCIPLE-MODELLING"":2,""PRINCIPLE-PRACTICE"":2,""PRINCIPLE-QUESTIONING"":5}","[{""evidence"":""conversation_history (turn_index 5)"",""principle_id"":""PRINCIPLE-FEEDBACK"",""rationale"":""Nhu cầu độc lập: Học sinh vừa đưa ra câu trả lời \""Loa\"" ở lượt 5 và cần được gia sư đánh giá, xác nhận xem thiết bị này đã đúng chưa và thuộc nhóm thiết bị nào (vào hay ra). Nếu bỏ nguyên tắc này: Học sinh sẽ không có sự ghi nhận đối với nỗ lực trả lời của mình, gây đứt gãy mạch tương tác và khiến học sinh hoang mang về tính chính xác của phương án vừa đưa ra."",""requirement_score"":5}]",,
3,flagged,needs_uet_review,BC-HNMU-G7-R0018-STT3-AI04,HNMU-G7-R0018-STT3,7,Bài 2. Phần mềm máy tính,Nhận biết (Biết được khái niệm),true,2,4,middle,"[""PRINCIPLE-EXPLANATION"",""PRINCIPLE-FEEDBACK""]","[""PRINCIPLE-QUESTIONING""]",feedback_confirmation_only,"{""PRINCIPLE-CHALLENGE"":1,""PRINCIPLE-EXPLANATION"":5,""PRINCIPLE-FEEDBACK"":5,""PRINCIPLE-MODELLING"":1,""PRINCIPLE-PRACTICE"":2,""PRINCIPLE-QUESTIONING"":3}","[{""evidence"":""conversation_history (turn_index 3)"",""principle_id"":""PRINCIPLE-FEEDBACK"",""rationale"":""Nhu cầu độc lập: Học sinh đã trả lời đúng câu hỏi gợi mở của gia sư là \""Word\"". Học sinh cần được xác nhận tính đúng đắn của câu trả lời này và hiểu được vì sao Word lại là một ví dụ minh họa cho phần mềm ứng dụng. Nếu bỏ nguyên tắc này: Nếu gia sư bỏ qua việc nhận xét câu trả lời \""Word\"" của học sinh mà đi thẳng vào định nghĩa lý thuyết, tiến trình đối thoại gợi mở sẽ bị đứt gãy, học sinh không thấy được sự kết nối giữa câu trả lời thực tế của mình và kiến thức bài học."",""requirement_score"":5}]",,
3,flagged,needs_uet_review,BC-HNMU-G7-R0018-STT3-AI06,HNMU-G7-R0018-STT3,7,Bài 2. Phần mềm máy tính,Nhận biết (Biết được khái niệm),true,4,6,last,"[""PRINCIPLE-EXPLANATION"",""PRINCIPLE-FEEDBACK""]","[""PRINCIPLE-QUESTIONING""]",feedback_confirmation_only,"{""PRINCIPLE-CHALLENGE"":1,""PRINCIPLE-EXPLANATION"":5,""PRINCIPLE-FEEDBACK"":4,""PRINCIPLE-MODELLING"":1,""PRINCIPLE-PRACTICE"":2,""PRINCIPLE-QUESTIONING"":3}","[{""evidence"":""conversation_history (turn_index 5): Dạ là Zalo ạ."",""principle_id"":""PRINCIPLE-FEEDBACK"",""rationale"":""Nhu cầu độc lập: Học sinh vừa đưa ra câu trả lời cụ thể 'Dạ là Zalo ạ' ở lượt 5 và cần được gia sư nhận xét, xác nhận tính đúng đắn. Nếu bỏ nguyên tắc này: Gia sư sẽ bỏ qua sản phẩm tư duy của học sinh ở lượt trước, làm mất đi tính tương tác hai chiều và sự liên kết logic của cuộc hội thoại."",""requirement_score"":4}]",,
3,flagged,needs_uet_review,BC-HNMU-G7-R0021-STT6-AI06,HNMU-G7-R0021-STT6,7,Bài 2. Phần mềm máy tính,Thông hiểu (Phân biệt được chức năng),true,4,6,last,"[""PRINCIPLE-EXPLANATION"",""PRINCIPLE-FEEDBACK""]","[""PRINCIPLE-PRACTICE"",""PRINCIPLE-QUESTIONING""]",feedback_confirmation_only,"{""PRINCIPLE-CHALLENGE"":2,""PRINCIPLE-EXPLANATION"":5,""PRINCIPLE-FEEDBACK"":5,""PRINCIPLE-MODELLING"":2,""PRINCIPLE-PRACTICE"":3,""PRINCIPLE-QUESTIONING"":3}","[{""evidence"":""conversation_history (lượt 5): \""Dạ đó là phần mềm ứng dụng ạ.\"""",""principle_id"":""PRINCIPLE-FEEDBACK"",""rationale"":""Nhu cầu độc lập: Học sinh vừa trả lời đúng câu hỏi ở lượt 5 và cần nhận được sự xác nhận chính thức từ gia sư rằng câu trả lời của mình là chính xác, từ đó tạo điểm tựa để khái quát hóa kiến thức.\nNếu bỏ nguyên tắc này: Nếu không có phản hồi công nhận câu trả lời của học sinh, mạch hội thoại sẽ bị đứt quãng và học sinh không chắc chắn liệu cách phân loại của mình đã đúng hoàn toàn chưa."",""requirement_score"":5}]",,
3,flagged,needs_uet_review,BC-HNMU-G7-R0024-STT9-AI04,HNMU-G7-R0024-STT9,7,Bài 2. Phần mềm máy tính,Thông hiểu (Giải thích sự cần thiết),true,2,4,middle,"[""PRINCIPLE-FEEDBACK"",""PRINCIPLE-QUESTIONING""]","[""PRINCIPLE-EXPLANATION""]",feedback_confirmation_only,"{""PRINCIPLE-CHALLENGE"":2,""PRINCIPLE-EXPLANATION"":3,""PRINCIPLE-FEEDBACK"":5,""PRINCIPLE-MODELLING"":1,""PRINCIPLE-PRACTICE"":1,""PRINCIPLE-QUESTIONING"":5}","[{""evidence"":""conversation_history (lượt 3 của student)"",""principle_id"":""PRINCIPLE-FEEDBACK"",""rationale"":""Nhu cầu độc lập: Học sinh vừa đưa ra một câu trả lời thực tế và trực quan khi ví von các linh kiện phần cứng chỉ là \""mấy miếng mạch điện\"". Phản hồi tiếp theo cần xác nhận và ghi nhận sự đúng đắn của liên tưởng này nhằm củng cố sự tự tin cho học sinh. Nếu bỏ nguyên tắc này: Một phản hồi đi thẳng vào lý thuyết hoặc câu hỏi tiếp theo mà không công nhận câu trả lời của học sinh sẽ khiến học sinh cảm thấy ý kiến của mình bị ngó lơ, làm giảm tương tác và sự hứng thú học tập."",""requirement_score"":5}]",,
3,flagged,needs_uet_review,BC-HNMU-G7-R0026-STT11-AI06,HNMU-G7-R0026-STT11,7,Bài 2. Phần mềm máy tính,Vận dụng (Thực hiện phân loại),true,4,6,last,"[""PRINCIPLE-FEEDBACK"",""PRINCIPLE-QUESTIONING""]","[""PRINCIPLE-EXPLANATION""]",feedback_confirmation_only,"{""PRINCIPLE-CHALLENGE"":2,""PRINCIPLE-EXPLANATION"":3,""PRINCIPLE-FEEDBACK"":5,""PRINCIPLE-MODELLING"":2,""PRINCIPLE-PRACTICE"":2,""PRINCIPLE-QUESTIONING"":5}","[{""evidence"":""Lượt 5: \""Dạ là hệ điều hành ạ! Thế còn Zalo em dùng để nhắn tin?\"""",""principle_id"":""PRINCIPLE-FEEDBACK"",""rationale"":""Nhu cầu độc lập: Học sinh cần được xác nhận rõ ràng rằng câu trả lời \""Android là hệ điều hành\"" của mình ở lượt trước là chính xác để củng cố kiến thức và tạo sự tự tin trước khi chuyển sang đối tượng tiếp theo. Nếu bỏ nguyên tắc này: Nếu gia sư bỏ qua việc phản hồi kết quả này mà trực tiếp hỏi hoặc giải thích về Zalo, học sinh sẽ không chắc chắn về độ chính xác của câu trả lời trước đó của mình, gây đứt gãy mạch nhận thức."",""requirement_score"":5}]",,
3,flagged,needs_uet_review,BC-HNMU-G7-R0027-STT12-AI04,HNMU-G7-R0027-STT12,7,Bài 2. Phần mềm máy tính,Vận dụng (Xác định phần mềm tương ứng),true,2,4,middle,"[""PRINCIPLE-FEEDBACK"",""PRINCIPLE-QUESTIONING""]","[""PRINCIPLE-EXPLANATION""]",feedback_confirmation_only,"{""PRINCIPLE-CHALLENGE"":2,""PRINCIPLE-EXPLANATION"":3,""PRINCIPLE-FEEDBACK"":5,""PRINCIPLE-MODELLING"":1,""PRINCIPLE-PRACTICE"":2,""PRINCIPLE-QUESTIONING"":5}","[{""evidence"":""conversation_history (lượt 3)"",""principle_id"":""PRINCIPLE-FEEDBACK"",""rationale"":""Nhu cầu độc lập: Học sinh cần nhận được sự xác nhận rõ ràng rằng câu trả lời 'dạ là văn bản ạ' ở lượt trước là hoàn toàn chính xác để củng cố sự tự tin trước khi tiếp tục suy luận. Nếu bỏ nguyên tắc này: Phản hồi của gia sư sẽ bỏ qua câu trả lời của học sinh, tạo ra cảm giác hẫng hụt và khiến mạch hội thoại trở nên rời rạc, không tận dụng được đóng góp của học sinh."",""requirement_score"":5}]",,
3,flagged,needs_uet_review,BC-HNMU-G7-R0027-STT12-AI06,HNMU-G7-R0027-STT12,7,Bài 2. Phần mềm máy tính,Vận dụng (Xác định phần mềm tương ứng),true,4,6,last,"[""PRINCIPLE-FEEDBACK"",""PRINCIPLE-QUESTIONING""]","[""PRINCIPLE-CHALLENGE"",""PRINCIPLE-PRACTICE""]",feedback_confirmation_only,"{""PRINCIPLE-CHALLENGE"":3,""PRINCIPLE-EXPLANATION"":2,""PRINCIPLE-FEEDBACK"":5,""PRINCIPLE-MODELLING"":1,""PRINCIPLE-PRACTICE"":3,""PRINCIPLE-QUESTIONING"":5}","[{""evidence"":""conversation_history lượt 5"",""principle_id"":""PRINCIPLE-FEEDBACK"",""rationale"":""Nhu cầu độc lập: Học sinh vừa đưa ra một phán đoán mang tính khẳng định ở lượt 5 (\""phải dùng Word mới đúng thầy nhỉ?\"") và cần nhận được sự xác nhận rõ ràng từ gia sư về tính đúng đắn của câu trả lời này để tự tin tiếp tục.\nNếu bỏ nguyên tắc này: Nếu không phản hồi xác nhận mà chuyển ngay sang nội dung khác, học sinh sẽ bị lấp lửng, không chắc chắn liệu kết luận của mình về tệp .docx đã hoàn toàn chính xác chưa."",""requirement_score"":5}]",,
3,flagged,needs_uet_review,BC-HNMU-G7-R0028-STT13-AI04,HNMU-G7-R0028-STT13,7,Bài 2. Phần mềm máy tính,Vận dụng (Giải quyết tình huống),true,2,4,last,"[""PRINCIPLE-EXPLANATION"",""PRINCIPLE-FEEDBACK""]","[""PRINCIPLE-PRACTICE"",""PRINCIPLE-QUESTIONING""]",feedback_confirmation_only,"{""PRINCIPLE-CHALLENGE"":2,""PRINCIPLE-EXPLANATION"":5,""PRINCIPLE-FEEDBACK"":5,""PRINCIPLE-MODELLING"":1,""PRINCIPLE-PRACTICE"":3,""PRINCIPLE-QUESTIONING"":3}","[{""evidence"":""conversation_history lượt 3"",""principle_id"":""PRINCIPLE-FEEDBACK"",""rationale"":""Nhu cầu độc lập: Học sinh đã đưa ra một câu trả lời tự suy luận dựa trên ẩn dụ (\""chắc không có chỗ để chạy rồi\""), em cần được xác nhận ngay lập tức rằng hướng suy luận này là đúng để có sự tự tin. Nếu bỏ nguyên tắc này: Phản hồi tiếp theo sẽ bỏ qua câu trả lời của học sinh, khiến học sinh hoang mang không biết suy luận của mình về ví dụ \""sân cỏ\"" đã chính xác chưa."",""requirement_score"":5}]",,
3,flagged,needs_uet_review,BC-HNMU-G7-R0029-STT14-AI02,HNMU-G7-R0029-STT14,7,Bài 2. Phần mềm máy tính,Vận dụng (Thực hiện được nhiệm vụ),false,0,2,first,"[""PRINCIPLE-EXPLANATION"",""PRINCIPLE-FEEDBACK""]","[""PRINCIPLE-MODELLING"",""PRINCIPLE-QUESTIONING""]",feedback_confirmation_only,"{""PRINCIPLE-CHALLENGE"":1,""PRINCIPLE-EXPLANATION"":4,""PRINCIPLE-FEEDBACK"":5,""PRINCIPLE-MODELLING"":3,""PRINCIPLE-PRACTICE"":2,""PRINCIPLE-QUESTIONING"":3}","[{""evidence"":""Trường `student_prompt`: \""Thầy ơi, để làm bài thuyết trình lớp mình, em chỉ cần dùng PowerPoint là đủ đúng không ạ?\"""",""principle_id"":""PRINCIPLE-FEEDBACK"",""rationale"":""Nhu cầu độc lập: Học sinh đã đưa ra một giả định cụ thể là \""chỉ cần dùng PowerPoint là đủ\"" để thực hiện nhiệm vụ thiết kế bài thuyết trình có cả chữ, hình ảnh và video. Học sinh cần được xác nhận ngay tính đúng đắn và đầy đủ của giả định này.\nNếu bỏ nguyên tắc này: Một phản hồi chỉ liệt kê các phần mềm khác mà không chỉ ra trực tiếp tính chưa đầy đủ trong nhận định của học sinh sẽ khiến học sinh không hiểu rõ tại sao suy nghĩ ban đầu của mình lại chưa tối ưu cho thực tế công việc."",""requirement_score"":5}]",,
3,flagged,needs_uet_review,BC-HNMU-G7-R0032-STT3-AI04,HNMU-G7-R0032-STT3,7,Bài 3. Quản lí dữ liệu trong máy tính,Nhận biết (Nêu được các bước/cách),true,2,4,last,"[""PRINCIPLE-FEEDBACK"",""PRINCIPLE-QUESTIONING""]","[""PRINCIPLE-EXPLANATION""]",feedback_confirmation_only,"{""PRINCIPLE-CHALLENGE"":2,""PRINCIPLE-EXPLANATION"":3,""PRINCIPLE-FEEDBACK"":5,""PRINCIPLE-MODELLING"":2,""PRINCIPLE-PRACTICE"":2,""PRINCIPLE-QUESTIONING"":5}","[{""evidence"":""conversation_history: lượt 3 (Dạ là em copy sang chỗ khác, gọi là sao lưu ạ.)"",""principle_id"":""PRINCIPLE-FEEDBACK"",""rationale"":""Nhu cầu độc lập: Học sinh cần được xác nhận rằng câu trả lời \""copy sang chỗ khác gọi là sao lưu\"" là hoàn toàn chính xác để củng cố sự tự tin và hiểu biết của mình.\nNếu bỏ nguyên tắc này: Nếu không phản hồi đánh giá, học sinh sẽ không biết hành động thực tế (copy) mình liên hệ có đúng là biện pháp \""sao lưu\"" trong sách hay không."",""requirement_score"":5}]",,
3,flagged,needs_uet_review,BC-HNMU-G7-R0033-STT4-AI04,HNMU-G7-R0033-STT4,7,Bài 3. Quản lí dữ liệu trong máy tính,Nhận biết (Nêu được chức năng),true,2,4,last,"[""PRINCIPLE-FEEDBACK"",""PRINCIPLE-QUESTIONING""]","[""PRINCIPLE-EXPLANATION""]",feedback_confirmation_only,"{""PRINCIPLE-CHALLENGE"":2,""PRINCIPLE-EXPLANATION"":3,""PRINCIPLE-FEEDBACK"":5,""PRINCIPLE-MODELLING"":2,""PRINCIPLE-PRACTICE"":2,""PRINCIPLE-QUESTIONING"":4}","[{""evidence"":""conversation_history (lượt 3): Có phải là File Explorer không thầy?"",""principle_id"":""PRINCIPLE-FEEDBACK"",""rationale"":""Nhu cầu độc lập: Học sinh vừa đưa ra một phỏng đoán cụ thể (\""File Explorer\"") sau khi nhận được gợi ý và đang chờ đợi sự xác nhận trực tiếp từ giáo viên để biết mình đã nhớ đúng chưa. Nếu bỏ nguyên tắc này: Phản hồi tiếp theo của gia sư sẽ bỏ qua nỗ lực tư duy của học sinh, khiến học sinh hoang mang về câu trả lời của mình và làm gián đoạn mạch tương tác học tập."",""requirement_score"":5}]",,
3,flagged,needs_uet_review,BC-HNMU-G7-R0034-STT5-AI02,HNMU-G7-R0034-STT5,7,Bài 3. Quản lí dữ liệu trong máy tính,Thông hiểu (Giải thích được sự cần thiết),false,0,2,first,"[""PRINCIPLE-EXPLANATION"",""PRINCIPLE-FEEDBACK""]","[""PRINCIPLE-QUESTIONING""]",feedback_confirmation_only,"{""PRINCIPLE-CHALLENGE"":1,""PRINCIPLE-EXPLANATION"":5,""PRINCIPLE-FEEDBACK"":4,""PRINCIPLE-MODELLING"":2,""PRINCIPLE-PRACTICE"":1,""PRINCIPLE-QUESTIONING"":3}","[{""evidence"":""student_prompt"",""principle_id"":""PRINCIPLE-FEEDBACK"",""rationale"":""Nhu cầu độc lập: Học sinh đưa ra một lập luận thực tế từ trải nghiệm cá nhân (\""để hết ra màn hình cho nhanh\""). Gia sư cần phản hồi trực tiếp để xác nhận tính hợp lý của lập luận này khi số lượng tệp cực ít, trước khi chỉ ra hạn chế của nó khi dữ liệu nhiều lên. Nếu bỏ nguyên tắc này: Phản hồi sẽ bỏ qua góc nhìn thực tế của học sinh, dễ tạo cảm giác áp đặt lý thuyết và không thuyết phục được học sinh thay đổi thói quen quản lý tệp."",""requirement_score"":4}]",,
3,flagged,needs_uet_review,BC-HNMU-G7-R0034-STT5-AI04,HNMU-G7-R0034-STT5,7,Bài 3. Quản lí dữ liệu trong máy tính,Thông hiểu (Giải thích được sự cần thiết),true,2,4,middle,"[""PRINCIPLE-EXPLANATION"",""PRINCIPLE-FEEDBACK""]","[""PRINCIPLE-QUESTIONING""]",feedback_confirmation_only,"{""PRINCIPLE-CHALLENGE"":1,""PRINCIPLE-EXPLANATION"":5,""PRINCIPLE-FEEDBACK"":5,""PRINCIPLE-MODELLING"":1,""PRINCIPLE-PRACTICE"":2,""PRINCIPLE-QUESTIONING"":3}","[{""evidence"":""conversation_history (turn_index: 3)"",""principle_id"":""PRINCIPLE-FEEDBACK"",""rationale"":""Nhu cầu độc lập: Học sinh đã đưa ra câu trả lời \""Dạ sẽ rất lâu và khó tìm ạ\"" cho câu hỏi gợi mở của gia sư ở lượt trước. Học sinh cần nhận được phản hồi xác nhận câu trả lời này là đúng đắn và đánh giá xem tư duy đó đã tiệm cận với việc tìm kiếm tệp trên máy tính chưa.\nNếu bỏ nguyên tắc này: Gia sư sẽ bỏ qua câu trả lời của học sinh để tự chuyển sang giải thích hoặc hỏi câu khác, làm mất đi sự tương tác cá nhân hóa và khiến học sinh không biết câu trả lời của mình đóng vai trò gì trong việc giải quyết thắc mắc ban đầu."",""requirement_score"":5}]",,
3,flagged,needs_uet_review,BC-HNMU-G7-R0034-STT5-AI06,HNMU-G7-R0034-STT5,7,Bài 3. Quản lí dữ liệu trong máy tính,Thông hiểu (Giải thích được sự cần thiết),true,4,6,last,"[""PRINCIPLE-EXPLANATION"",""PRINCIPLE-FEEDBACK""]","[""PRINCIPLE-QUESTIONING""]",feedback_confirmation_only,"{""PRINCIPLE-CHALLENGE"":1,""PRINCIPLE-EXPLANATION"":4,""PRINCIPLE-FEEDBACK"":5,""PRINCIPLE-MODELLING"":1,""PRINCIPLE-PRACTICE"":2,""PRINCIPLE-QUESTIONING"":3}","[{""evidence"":""conversation_history (lượt 5: 'Dạ sẽ tìm thấy ngay ạ!')"",""principle_id"":""PRINCIPLE-FEEDBACK"",""rationale"":""Nhu cầu độc lập: Học sinh vừa đưa ra một câu trả lời chính xác cho câu hỏi gợi mở của gia sư ở lượt trước và cần được xác nhận tính đúng đắn này để làm bàn đạp tự tin cho bước kết luận tiếp theo. Nếu bỏ nguyên tắc này: Gia sư sẽ bỏ qua nỗ lực tư duy của học sinh, làm mất đi tính tương tác hai chiều và khiến học sinh không chắc chắn liệu kết luận của mình về ví dụ viên bi đã chính xác hay chưa."",""requirement_score"":5}]",,
3,flagged,needs_uet_review,BC-HNMU-G7-R0036-STT7-AI06,HNMU-G7-R0036-STT7,7,Bài 3. Quản lí dữ liệu trong máy tính,Thông hiểu (Giải thích lựa chọn),true,4,6,last,"[""PRINCIPLE-EXPLANATION"",""PRINCIPLE-FEEDBACK""]","[""PRINCIPLE-PRACTICE"",""PRINCIPLE-QUESTIONING""]",feedback_confirmation_only,"{""PRINCIPLE-CHALLENGE"":2,""PRINCIPLE-EXPLANATION"":4,""PRINCIPLE-FEEDBACK"":5,""PRINCIPLE-MODELLING"":2,""PRINCIPLE-PRACTICE"":3,""PRINCIPLE-QUESTIONING"":3}","[{""evidence"":""conversation_history (lượt 5: \""Dạ em sẽ biết ngay nó là gì mà không cần mở ra ạ.\"")"",""principle_id"":""PRINCIPLE-FEEDBACK"",""rationale"":""Nhu cầu độc lập: Học sinh ở lượt 5 đã tự rút ra được kết luận chính xác (\""biết ngay nó là gì mà không cần mở ra\"") dựa trên câu hỏi gợi mở của gia sư. Học sinh cần nhận được phản hồi ngay lập tức để xác nhận, khen ngợi và củng cố suy luận đúng đắn này.\nNếu bỏ nguyên tắc này: Phản hồi của gia sư sẽ bỏ qua câu trả lời của học sinh, làm mất đi tính tương tác cá nhân hóa và không giúp học sinh nhận thức rõ ràng rằng mình đã hiểu đúng bài học."",""requirement_score"":5}]",,
3,flagged,needs_uet_review,BC-HNMU-G7-R0037-STT8-AI04,HNMU-G7-R0037-STT8,7,Bài 3. Quản lí dữ liệu trong máy tính,Thông hiểu (Giải thích được vai trò sao lưu),true,2,4,last,"[""PRINCIPLE-EXPLANATION"",""PRINCIPLE-FEEDBACK""]","[""PRINCIPLE-PRACTICE"",""PRINCIPLE-QUESTIONING""]",feedback_confirmation_only,"{""PRINCIPLE-CHALLENGE"":2,""PRINCIPLE-EXPLANATION"":5,""PRINCIPLE-FEEDBACK"":5,""PRINCIPLE-MODELLING"":2,""PRINCIPLE-PRACTICE"":3,""PRINCIPLE-QUESTIONING"":3}","[{""evidence"":""conversation_history lượt 3 học sinh trả lời \""Dạ không ạ\"" cho câu hỏi gợi mở ở lượt 2"",""principle_id"":""PRINCIPLE-FEEDBACK"",""rationale"":""Nhu cầu độc lập: Học sinh đã tích cực tương tác và trả lời chính xác câu hỏi gợi mở của gia sư ở lượt trước. Học sinh cần nhận được phản hồi xác nhận câu trả lời đó là đúng để có động lực và định hướng tư duy tiếp theo. Nếu bỏ nguyên tắc này: Nếu không phản hồi trực tiếp trên câu trả lời của học sinh, gia sư sẽ bỏ qua nỗ lực tương tác của các em, làm đứt gãy mạch đối thoại và khiến học sinh hoang mang không biết câu trả lời của mình đã chính xác chưa."",""requirement_score"":5}]",,
3,flagged,needs_uet_review,BC-HNMU-G7-R0038-STT9-AI04,HNMU-G7-R0038-STT9,7,Bài 3. Quản lí dữ liệu trong máy tính,Thông hiểu (Giải thích vai trò),true,2,4,last,"[""PRINCIPLE-EXPLANATION"",""PRINCIPLE-FEEDBACK""]","[""PRINCIPLE-QUESTIONING""]",feedback_confirmation_only,"{""PRINCIPLE-CHALLENGE"":1,""PRINCIPLE-EXPLANATION"":5,""PRINCIPLE-FEEDBACK"":5,""PRINCIPLE-MODELLING"":1,""PRINCIPLE-PRACTICE"":2,""PRINCIPLE-QUESTIONING"":3}","[{""evidence"":""conversation_history (turn_index: 3)"",""principle_id"":""PRINCIPLE-FEEDBACK"",""rationale"":""Nhu cầu độc lập: Học sinh vừa đưa ra câu trả lời cho câu hỏi gợi mở ở lượt trước (\""Dạ như chú bảo vệ ạ!\""), do đó rất cần nhận được phản hồi để xác nhận tính chính xác của sự liên tưởng này. Nếu bỏ nguyên tắc này: Gia sư sẽ bỏ qua nỗ lực tư duy của học sinh, khiến học sinh không biết sự so sánh của mình có đúng hướng hay không trước khi chuyển sang nội dung tiếp theo."",""requirement_score"":5}]",,
3,flagged,needs_uet_review,BC-HNMU-G7-R0039-STT10-AI04,HNMU-G7-R0039-STT10,7,Bài 3. Quản lí dữ liệu trong máy tính,Thông hiểu (Giải thích được lợi ích),true,2,4,last,"[""PRINCIPLE-FEEDBACK"",""PRINCIPLE-QUESTIONING""]","[""PRINCIPLE-EXPLANATION"",""PRINCIPLE-MODELLING""]",feedback_confirmation_only,"{""PRINCIPLE-CHALLENGE"":2,""PRINCIPLE-EXPLANATION"":3,""PRINCIPLE-FEEDBACK"":5,""PRINCIPLE-MODELLING"":3,""PRINCIPLE-PRACTICE"":2,""PRINCIPLE-QUESTIONING"":4}","[{""evidence"":""turn_index: 3"",""principle_id"":""PRINCIPLE-FEEDBACK"",""rationale"":""Nhu cầu độc lập: Học sinh vừa đưa ra câu trả lời xác nhận mối nguy hiểm của việc đặt mật khẩu yếu (\""Dạ có ạ, thế thì nguy hiểm quá\""). Học sinh cần nhận được phản hồi khẳng định nhận thức này là đúng đắn nhằm khắc sâu bài học về hậu quả của việc mất an toàn dữ liệu.\nNếu bỏ nguyên tắc này: Gia sư sẽ bỏ qua phản hồi của học sinh và chuyển thẳng sang nội dung mới, khiến mạch hội thoại bị đứt gãy và học sinh không được củng cố niềm tin vào kết luận mình vừa rút ra."",""requirement_score"":5}]",,
3,flagged,needs_uet_review,BC-HNMU-G7-R0040-STT11-AI04,HNMU-G7-R0040-STT11,7,Bài 3. Quản lí dữ liệu trong máy tính,Vận dụng (Tạo được cây thư mục),true,2,4,middle,"[""PRINCIPLE-FEEDBACK"",""PRINCIPLE-QUESTIONING""]","[""PRINCIPLE-MODELLING""]",feedback_confirmation_only,"{""PRINCIPLE-CHALLENGE"":2,""PRINCIPLE-EXPLANATION"":2,""PRINCIPLE-FEEDBACK"":5,""PRINCIPLE-MODELLING"":3,""PRINCIPLE-PRACTICE"":2,""PRINCIPLE-QUESTIONING"":5}","[{""evidence"":""conversation_history lượt 3"",""principle_id"":""PRINCIPLE-FEEDBACK"",""rationale"":""Nhu cầu độc lập: Học sinh vừa đề xuất tên thư mục gốc là \""Lop 7\"" ở lượt trước và cần được nhận xét, xác nhận tính hợp lý của lựa chọn này để làm điểm tựa đi tiếp.\nNếu bỏ nguyên tắc này: Một phản hồi chỉ tập trung hỏi tiếp mà không nhận xét sẽ khiến học sinh hoang mang không biết cách đặt tên của mình đã đúng chuẩn hay chưa."",""requirement_score"":5}]",,
3,flagged,needs_uet_review,BC-HNMU-G7-R0040-STT11-AI06,HNMU-G7-R0040-STT11,7,Bài 3. Quản lí dữ liệu trong máy tính,Vận dụng (Tạo được cây thư mục),true,4,6,last,"[""PRINCIPLE-FEEDBACK"",""PRINCIPLE-QUESTIONING""]",[],feedback_confirmation_only,"{""PRINCIPLE-CHALLENGE"":2,""PRINCIPLE-EXPLANATION"":2,""PRINCIPLE-FEEDBACK"":5,""PRINCIPLE-MODELLING"":2,""PRINCIPLE-PRACTICE"":2,""PRINCIPLE-QUESTIONING"":5}","[{""evidence"":""Lượt 5 trong conversation_history."",""principle_id"":""PRINCIPLE-FEEDBACK"",""rationale"":""Nhu cầu độc lập: Học sinh đã đưa ra câu trả lời cụ thể ở lượt 5 về danh sách các môn học con (Toán, Văn, Tin học) và cần được gia sư nhận xét, xác nhận tính hợp lý của lựa chọn này trước khi đi sâu hơn. Nếu bỏ nguyên tắc này: Phản hồi của gia sư sẽ bỏ qua đóng góp của học sinh, làm mất tính liên kết của cuộc hội thoại và khiến học sinh không biết mình đã đi đúng hướng hay chưa."",""requirement_score"":5}]",,
3,flagged,needs_uet_review,BC-HNMU-G7-R0042-STT13-AI04,HNMU-G7-R0042-STT13,7,Bài 3. Quản lí dữ liệu trong máy tính,Vận dụng (Thực hiện các thao tác với tệp),true,2,4,last,"[""PRINCIPLE-FEEDBACK"",""PRINCIPLE-QUESTIONING""]",[],feedback_confirmation_only,"{""PRINCIPLE-CHALLENGE"":1,""PRINCIPLE-EXPLANATION"":2,""PRINCIPLE-FEEDBACK"":4,""PRINCIPLE-MODELLING"":2,""PRINCIPLE-PRACTICE"":2,""PRINCIPLE-QUESTIONING"":5}","[{""evidence"":""conversation_history (lượt 3): \""Dạ có ạ, em đã gõ tên mới xong rồi.\"""",""principle_id"":""PRINCIPLE-FEEDBACK"",""rationale"":""Nhu cầu độc lập: Học sinh báo cáo đã gõ xong tên mới và cần nhận được phản hồi xác nhận để biết thao tác của mình đã đúng chưa, đồng thời cần được nhắc nhở nhấn Enter để hoàn tất việc lưu tên trước khi chuyển sang bước khác. Nếu bỏ nguyên tắc này: Gia sư có thể bỏ qua trạng thái hiện tại của học sinh và chuyển ngay sang yêu cầu tiếp theo, khiến học sinh không chắc chắn liệu mình đã thực hiện đúng bước đổi tên chưa hoặc quên nhấn Enter để lưu."",""requirement_score"":4}]",,
3,flagged,needs_uet_review,BC-HNMU-G7-R0043-STT14-AI06,HNMU-G7-R0043-STT14,7,Bài 3. Quản lí dữ liệu trong máy tính,Vận dụng (Thực hiện biện pháp bảo vệ),true,4,6,last,"[""PRINCIPLE-EXPLANATION"",""PRINCIPLE-FEEDBACK""]","[""PRINCIPLE-QUESTIONING""]",feedback_confirmation_only,"{""PRINCIPLE-CHALLENGE"":2,""PRINCIPLE-EXPLANATION"":4,""PRINCIPLE-FEEDBACK"":5,""PRINCIPLE-MODELLING"":2,""PRINCIPLE-PRACTICE"":2,""PRINCIPLE-QUESTIONING"":3}","[{""evidence"":""conversation_history lượt 5: \""Vậy là dù máy hỏng em vẫn còn bản trên mạng hoặc USB đúng không thầy?\"""",""principle_id"":""PRINCIPLE-FEEDBACK"",""rationale"":""Nhu cầu độc lập: Học sinh đưa ra một kết luận quan trọng ở lượt 5 (\""Vậy là dù máy hỏng em vẫn còn bản trên mạng hoặc USB đúng không thầy?\"") và rất cần sự xác nhận, đánh giá từ gia sư để an tâm thực hiện trước buổi thuyết trình ngày mai. Nếu bỏ nguyên tắc này: Nếu không trực tiếp đánh giá và khẳng định tính đúng đắn trong suy luận của học sinh, học sinh sẽ rơi vào trạng thái mơ hồ, không chắc chắn liệu giải pháp mình hiểu đã thực sự an toàn và tối ưu chưa."",""requirement_score"":5}]",,
3,flagged,needs_uet_review,BC-HNMU-G7-R0058-STT1-AI06,HNMU-G7-R0058-STT1,7,Bài 5. Ứng xử trên mạng,Nhận biết (Biết được khái niệm),true,4,6,last,"[""PRINCIPLE-EXPLANATION"",""PRINCIPLE-FEEDBACK""]","[""PRINCIPLE-QUESTIONING""]",feedback_confirmation_only,"{""PRINCIPLE-CHALLENGE"":1,""PRINCIPLE-EXPLANATION"":4,""PRINCIPLE-FEEDBACK"":5,""PRINCIPLE-MODELLING"":1,""PRINCIPLE-PRACTICE"":2,""PRINCIPLE-QUESTIONING"":3}","[{""evidence"":""conversation_history lượt 5"",""principle_id"":""PRINCIPLE-FEEDBACK"",""rationale"":""Nhu cầu độc lập: Học sinh vừa đưa ra một câu trả lời rất chính xác và đúng hướng ở lượt 5 sau chuỗi câu hỏi gợi mở của gia sư. Học sinh cần nhận được phản hồi trực tiếp để xác nhận và củng cố suy nghĩ đúng đắn này.\nNếu bỏ nguyên tắc này: Nếu không phản hồi và phân tích tính đúng đắn trong câu trả lời của học sinh mà bỏ qua hoặc chuyển ngay sang nội dung khác, học sinh sẽ mất đi sự định hướng và động lực tương tác trong hội thoại."",""requirement_score"":5}]",,
3,flagged,needs_uet_review,BC-HNMU-G7-R0060-STT3-AI04,HNMU-G7-R0060-STT3,7,Bài 5. Ứng xử trên mạng,Nhận biết (nhận diện hành vi),true,2,4,last,"[""PRINCIPLE-FEEDBACK"",""PRINCIPLE-QUESTIONING""]","[""PRINCIPLE-EXPLANATION""]",feedback_confirmation_only,"{""PRINCIPLE-CHALLENGE"":2,""PRINCIPLE-EXPLANATION"":3,""PRINCIPLE-FEEDBACK"":5,""PRINCIPLE-MODELLING"":2,""PRINCIPLE-PRACTICE"":2,""PRINCIPLE-QUESTIONING"":5}","[{""evidence"":""conversation_history lượt 3"",""principle_id"":""PRINCIPLE-FEEDBACK"",""rationale"":""Nhu cầu độc lập: Học sinh đã trả lời đúng trọng tâm câu hỏi gợi mở ở lượt trước (\""bảo vệ bản thân và tìm cách giải quyết an toàn\""). Học sinh cần được xác nhận, khích lệ về tư duy đúng đắn này để tự tin tiếp tục suy nghĩ hành động cụ thể.\nNếu bỏ nguyên tắc này: Nếu không phản hồi nhận xét mà chuyển ngay sang câu hỏi khác hoặc đưa ra đáp án, học sinh sẽ cảm thấy câu trả lời của mình không được ghi nhận, làm giảm động lực tương tác và tính liên kết của cuộc thoại."",""requirement_score"":5}]",,
3,flagged,needs_uet_review,BC-HNMU-G7-R0061-STT4-AI04,HNMU-G7-R0061-STT4,7,Bài 5. Ứng xử trên mạng,Nhận biết (Nêu được đặc điểm),true,2,4,middle,"[""PRINCIPLE-EXPLANATION"",""PRINCIPLE-FEEDBACK"",""PRINCIPLE-QUESTIONING""]","[""PRINCIPLE-MODELLING""]",feedback_confirmation_only,"{""PRINCIPLE-CHALLENGE"":2,""PRINCIPLE-EXPLANATION"":4,""PRINCIPLE-FEEDBACK"":5,""PRINCIPLE-MODELLING"":3,""PRINCIPLE-PRACTICE"":2,""PRINCIPLE-QUESTIONING"":4}","[{""evidence"":""conversation_history (lượt 3)"",""principle_id"":""PRINCIPLE-FEEDBACK"",""rationale"":""Nhu cầu độc lập: Học sinh đã trả lời câu hỏi tự kiểm tra của gia sư bằng một câu trả lời cụ thể về tình trạng của bản thân (\""thấy bồn chồn và chỉ muốn cầm máy\""). Học sinh cần một phản hồi xác nhận trực tiếp từ gia sư để biết câu trả lời này có khớp với biểu hiện của \""nghiện Internet\"" hay không.\nNếu bỏ nguyên tắc này: Một phản hồi bỏ qua câu trả lời này của học sinh mà chuyển thẳng sang lý thuyết hoặc câu hỏi khác sẽ khiến cuộc hội thoại mất tính cá nhân hóa, học sinh không nhận được đánh giá về tình trạng họ vừa chia sẻ."",""requirement_score"":5}]",,
3,flagged,needs_uet_review,BC-HNMU-G7-R0062-STT5-AI04,HNMU-G7-R0062-STT5,7,Bài 5. Ứng xử trên mạng,Thông hiểu (Giải quyết được tình huống),true,2,4,middle,"[""PRINCIPLE-FEEDBACK"",""PRINCIPLE-QUESTIONING""]","[""PRINCIPLE-EXPLANATION""]",feedback_confirmation_only,"{""PRINCIPLE-CHALLENGE"":2,""PRINCIPLE-EXPLANATION"":3,""PRINCIPLE-FEEDBACK"":4,""PRINCIPLE-MODELLING"":2,""PRINCIPLE-PRACTICE"":1,""PRINCIPLE-QUESTIONING"":5}","[{""evidence"":""Lượt 3 của student: \""Em nghĩ là không ạ. Những nội dung đó có thể ảnh hưởng xấu đến em.\"""",""principle_id"":""PRINCIPLE-FEEDBACK"",""rationale"":""Nhu cầu độc lập: Học sinh cần được ghi nhận và xác nhận nhận thức đúng đắn về tác hại của các trang web không lành mạnh ở lượt trả lời trước đó để củng cố niềm tin trước khi chuyển sang bước hành động. Nếu bỏ nguyên tắc này: Gia sư nếu bỏ qua câu trả lời của học sinh mà hỏi tiếp hoặc giải thích ngay sẽ làm gián đoạn mạch tương tác tự nhiên, khiến học sinh không rõ suy nghĩ của mình đã đúng hoàn toàn hay chưa."",""requirement_score"":4}]",,
3,flagged,needs_uet_review,BC-HNMU-G7-R0062-STT5-AI06,HNMU-G7-R0062-STT5,7,Bài 5. Ứng xử trên mạng,Thông hiểu (Giải quyết được tình huống),true,4,6,last,"[""PRINCIPLE-FEEDBACK""]","[""PRINCIPLE-EXPLANATION"",""PRINCIPLE-PRACTICE"",""PRINCIPLE-QUESTIONING""]",feedback_confirmation_only,"{""PRINCIPLE-CHALLENGE"":2,""PRINCIPLE-EXPLANATION"":3,""PRINCIPLE-FEEDBACK"":5,""PRINCIPLE-MODELLING"":1,""PRINCIPLE-PRACTICE"":3,""PRINCIPLE-QUESTIONING"":3}","[{""evidence"":""conversation_history lượt 5 và gold_answer"",""principle_id"":""PRINCIPLE-FEEDBACK"",""rationale"":""Nhu cầu độc lập: Học sinh đã chủ động đưa ra phương án xử lý đúng đắn ở lượt 5 (\""đóng ngay trang web đó và nhờ bố mẹ hoặc thầy cô giúp đỡ\""). Học sinh cần nhận được sự xác nhận, khen ngợi và đánh giá cụ thể từ gia sư để khẳng định tính đúng đắn của hành vi này trước khi áp dụng vào thực tế. Nếu bỏ nguyên tắc này: Phản hồi của gia sư nếu chỉ chuyển sang câu hỏi mới hoặc giải thích lý thuyết chung chung mà không nhận xét câu trả lời của học sinh sẽ khiến học sinh hoang mang, không chắc chắn liệu cách xử lý của mình đã chuẩn xác và đầy đủ hay chưa."",""requirement_score"":5}]",,
3,flagged,needs_uet_review,BC-HNMU-G7-R0063-STT6-AI06,HNMU-G7-R0063-STT6,7,Bài 5. Ứng xử trên mạng,Thông hiểu (Giải thích sự tin cậy),true,4,6,last,"[""PRINCIPLE-CHALLENGE"",""PRINCIPLE-FEEDBACK"",""PRINCIPLE-QUESTIONING""]","[""PRINCIPLE-EXPLANATION"",""PRINCIPLE-PRACTICE""]",feedback_confirmation_only,"{""PRINCIPLE-CHALLENGE"":4,""PRINCIPLE-EXPLANATION"":3,""PRINCIPLE-FEEDBACK"":5,""PRINCIPLE-MODELLING"":2,""PRINCIPLE-PRACTICE"":3,""PRINCIPLE-QUESTIONING"":4}","[{""evidence"":""Lượt 5 trong conversation_history: 'Em nghĩ là không ạ. Em cần kiểm tra và đối chiếu thông tin từ những nguồn đáng tin cậy...'"",""principle_id"":""PRINCIPLE-FEEDBACK"",""rationale"":""Nhu cầu độc lập: Học sinh đã đưa ra câu trả lời xuất sắc và toàn diện ở lượt 5 (nhận thức được việc không đáng tin cậy và đề xuất giải pháp đối chiếu nguồn tin). Học sinh cần được gia sư xác nhận, khen ngợi và củng cố độ chính xác của câu trả lời này để tự tin tiếp tục bài học. Nếu bỏ nguyên tắc này: Học sinh sẽ không biết chắc chắn liệu giải pháp tự mình đưa ra đã đúng đắn và an toàn hay chưa, làm giảm hiệu quả tự học và định hướng tư duy."",""requirement_score"":5}]",,
3,flagged,needs_uet_review,BC-HNMU-G7-R0066-STT9-AI06,HNMU-G7-R0066-STT9,7,Bài 5. Ứng xử trên mạng,Thông hiểu (So sánh được),true,4,6,last,"[""PRINCIPLE-EXPLANATION"",""PRINCIPLE-FEEDBACK""]","[""PRINCIPLE-QUESTIONING""]",feedback_confirmation_only,"{""PRINCIPLE-CHALLENGE"":2,""PRINCIPLE-EXPLANATION"":5,""PRINCIPLE-FEEDBACK"":5,""PRINCIPLE-MODELLING"":2,""PRINCIPLE-PRACTICE"":2,""PRINCIPLE-QUESTIONING"":3}","[{""evidence"":""conversation_history (turn_index: 5)"",""principle_id"":""PRINCIPLE-FEEDBACK"",""rationale"":""Nhu cầu độc lập: Học sinh vừa đưa ra câu trả lời rất chính xác ở lượt 5 ('Dạ thân mật và nhanh chóng ạ.'). Học sinh cần nhận được phản hồi xác nhận câu trả lời này là đúng, đồng thời kết nối nó với câu trả lời ở lượt 3 để làm điểm tựa đi đến kết luận cuối cùng. Nếu bỏ nguyên tắc này: Một phản hồi bỏ qua câu trả lời ở lượt 5 của học sinh hoặc chuyển ngay sang ý khác mà không ghi nhận sẽ làm đứt gãy mạch hội thoại tương tác, khiến học sinh mất phương hướng và không thấy được giá trị của câu trả lời mình vừa đưa ra."",""requirement_score"":5}]",,
3,flagged,needs_uet_review,BC-HNMU-G7-R0071-STT14-AI06,HNMU-G7-R0071-STT14,7,Bài 5. Ứng xử trên mạng,Vận dụng (Khai thác thông tin tích cực),true,4,6,last,"[""PRINCIPLE-FEEDBACK""]","[""PRINCIPLE-CHALLENGE"",""PRINCIPLE-QUESTIONING""]",feedback_confirmation_only,"{""PRINCIPLE-CHALLENGE"":3,""PRINCIPLE-EXPLANATION"":1,""PRINCIPLE-FEEDBACK"":5,""PRINCIPLE-MODELLING"":2,""PRINCIPLE-PRACTICE"":2,""PRINCIPLE-QUESTIONING"":3}","[{""evidence"":""turn_5"",""principle_id"":""PRINCIPLE-FEEDBACK"",""rationale"":""Nhu cầu độc lập: Học sinh đã hoàn thành sản phẩm cụ thể \""Cùng xây dựng nhóm lớp văn minh: Nói lời hay, làm việc tốt, kết nối yêu thương!\"" dựa trên gợi ý trước đó và chủ động hỏi đánh giá chất lượng từ gia sư (\""Thầy thấy được không ạ?\""). Học sinh cần nhận xét cụ thể về ưu điểm của câu này để có sự tự tin và ghi nhận. Nếu bỏ nguyên tắc này: Gia sư sẽ không trả lời trực tiếp được câu hỏi của học sinh, khiến học sinh hoang mang không biết sản phẩm của mình đã đạt yêu cầu hay chưa, làm mất đi tính tương tác và định hướng kịp thời."",""requirement_score"":5}]",,
3,flagged,needs_uet_review,BC-HNMU-G7-R0075-STT4-AI04,HNMU-G7-R0075-STT4,7,Bài 6: Làm quen với phần mềm bảng tính,Nhận biết (Biết được khái niệm),true,2,4,last,"[""PRINCIPLE-FEEDBACK"",""PRINCIPLE-QUESTIONING""]","[""PRINCIPLE-EXPLANATION"",""PRINCIPLE-PRACTICE""]",feedback_confirmation_only,"{""PRINCIPLE-CHALLENGE"":2,""PRINCIPLE-EXPLANATION"":3,""PRINCIPLE-FEEDBACK"":5,""PRINCIPLE-MODELLING"":2,""PRINCIPLE-PRACTICE"":3,""PRINCIPLE-QUESTIONING"":5}","[{""evidence"":""conversation_history lượt 3: \""Dạ là \""Ô tính\"" đúng không thầy?\"""",""principle_id"":""PRINCIPLE-FEEDBACK"",""rationale"":""Nhu cầu độc lập: Học sinh đã cố gắng tự tìm câu trả lời theo gợi ý của gia sư và đang chờ đợi sự xác nhận trực tiếp (\""đúng không thầy?\"") để biết mình đã nhận biết đúng khái niệm hay chưa. Nếu bỏ nguyên tắc này: Phản hồi của gia sư sẽ bỏ qua câu trả lời của học sinh, khiến học sinh mất phương hướng và không thể củng cố chắc chắn kiến thức vừa tìm được."",""requirement_score"":5}]",,
3,flagged,needs_uet_review,BC-HNMU-G7-R0077-STT6-AI04,HNMU-G7-R0077-STT6,7,Bài 6: Làm quen với phần mềm bảng tính,Thông hiểu (Phân biệt được),true,2,4,last,"[""PRINCIPLE-EXPLANATION"",""PRINCIPLE-FEEDBACK""]","[""PRINCIPLE-QUESTIONING""]",feedback_confirmation_only,"{""PRINCIPLE-CHALLENGE"":1,""PRINCIPLE-EXPLANATION"":5,""PRINCIPLE-FEEDBACK"":5,""PRINCIPLE-MODELLING"":1,""PRINCIPLE-PRACTICE"":2,""PRINCIPLE-QUESTIONING"":3}","[{""evidence"":""conversation_history (turn_index: 3): \""Là Worksheet ạ!\"""",""principle_id"":""PRINCIPLE-FEEDBACK"",""rationale"":""Nhu cầu độc lập: Học sinh vừa đưa ra câu trả lời cho câu hỏi gợi mở của gia sư ở lượt trước và cần được xác nhận ngay lập tức tính đúng đắn của câu trả lời đó để củng cố sự tự tin và định hình kiến thức. Nếu bỏ nguyên tắc này: Phản hồi của gia sư sẽ bỏ qua câu trả lời của học sinh, làm đứt gãy mạch tương tác sư phạm và khiến học sinh hoang mang không biết suy luận của mình đã chính xác chưa."",""requirement_score"":5}]",,
3,flagged,needs_uet_review,BC-HNMU-G7-R0083-STT12-AI04,HNMU-G7-R0083-STT12,7,Bài 6: Làm quen với phần mềm bảng tính,Vận dụng (Xác định được cấu trúc),true,2,4,middle,"[""PRINCIPLE-FEEDBACK"",""PRINCIPLE-QUESTIONING""]","[""PRINCIPLE-PRACTICE""]",feedback_confirmation_only,"{""PRINCIPLE-CHALLENGE"":2,""PRINCIPLE-EXPLANATION"":2,""PRINCIPLE-FEEDBACK"":5,""PRINCIPLE-MODELLING"":1,""PRINCIPLE-PRACTICE"":3,""PRINCIPLE-QUESTIONING"":4}","[{""evidence"":""conversation_history lượt 3: \""Dạ là D10 ạ!\"""",""principle_id"":""PRINCIPLE-FEEDBACK"",""rationale"":""Nhu cầu độc lập: Học sinh vừa đưa ra câu trả lời cụ thể là 'D10' cho câu hỏi kiểm tra ở lượt trước. Học sinh cần nhận được sự xác nhận ngay lập tức xem câu trả lời của mình đã chính xác hay chưa.\nNếu bỏ nguyên tắc này: Nếu không phản hồi trực tiếp vào câu trả lời 'D10' của học sinh mà chuyển ngay sang nội dung khác, học sinh sẽ bị mất phương hướng và không chắc chắn liệu mình đã hiểu đúng quy tắc đọc tên ô hay chưa."",""requirement_score"":5}]",,
3,flagged,needs_uet_review,BC-HNMU-G7-R0085-STT14-AI04,HNMU-G7-R0085-STT14,7,Bài 6: Làm quen với phần mềm bảng tính,Vận dụng (Xác định lựa chọn phù hợp),true,2,4,last,"[""PRINCIPLE-FEEDBACK"",""PRINCIPLE-QUESTIONING""]","[""PRINCIPLE-PRACTICE""]",feedback_confirmation_only,"{""PRINCIPLE-CHALLENGE"":2,""PRINCIPLE-EXPLANATION"":2,""PRINCIPLE-FEEDBACK"":5,""PRINCIPLE-MODELLING"":2,""PRINCIPLE-PRACTICE"":3,""PRINCIPLE-QUESTIONING"":4}","[{""evidence"":""conversation_history (lượt 3: \""Có phải là A1:C3 không thầy?\"")"",""principle_id"":""PRINCIPLE-FEEDBACK"",""rationale"":""Nhu cầu độc lập: Học sinh đã chủ động đưa ra câu trả lời cụ thể là \""A1:C3\"" và đang chờ đợi sự xác nhận từ giáo viên. Học sinh cần biết chắc chắn câu trả lời của mình đã đúng hay chưa để tự tin tiếp thu kiến thức tiếp theo. Nếu bỏ nguyên tắc này: Một phản hồi bỏ qua việc đánh giá câu trả lời của học sinh sẽ làm đứt gãy mạch giao tiếp, khiến học sinh hoang mang và không thể xác định được mình đã nắm vững quy tắc viết địa chỉ hay chưa."",""requirement_score"":5}]",,
3,flagged,needs_uet_review,BC-HNMU-G7-R0104-STT5-AI06,HNMU-G7-R0104-STT5,7,Bài 8: Công cụ hỗ trợ tính toán,Thông hiểu (Giải thích được lợi ích),true,4,6,last,"[""PRINCIPLE-EXPLANATION"",""PRINCIPLE-FEEDBACK""]","[""PRINCIPLE-QUESTIONING""]",feedback_confirmation_only,"{""PRINCIPLE-CHALLENGE"":1,""PRINCIPLE-EXPLANATION"":4,""PRINCIPLE-FEEDBACK"":5,""PRINCIPLE-MODELLING"":2,""PRINCIPLE-PRACTICE"":2,""PRINCIPLE-QUESTIONING"":3}","[{""evidence"":""conversation_history (turn_index: 5)"",""principle_id"":""PRINCIPLE-FEEDBACK"",""rationale"":""Nhu cầu độc lập: Học sinh vừa chủ động tư duy và đưa ra câu trả lời chính xác cho câu hỏi gợi mở của gia sư ở lượt 4, do đó học sinh có nhu cầu nhận được sự xác nhận, đánh giá trực tiếp về câu trả lời của mình.\nNếu bỏ nguyên tắc này: Phản hồi tiếp theo nếu bỏ qua việc nhận xét câu trả lời của học sinh mà đi thẳng vào nội dung khác sẽ làm đứt gãy mạch giao tiếp, khiến học sinh cảm thấy nỗ lực suy nghĩ của mình ở lượt trước không được ghi nhận."",""requirement_score"":5}]",,
3,flagged,needs_uet_review,BC-HNMU-G7-R0105-STT6-AI04,HNMU-G7-R0105-STT6,7,Bài 8: Công cụ hỗ trợ tính toán,Thông hiểu (Giải thích được ví dụ),true,2,4,last,"[""PRINCIPLE-EXPLANATION"",""PRINCIPLE-FEEDBACK"",""PRINCIPLE-QUESTIONING""]",[],feedback_confirmation_only,"{""PRINCIPLE-CHALLENGE"":2,""PRINCIPLE-EXPLANATION"":5,""PRINCIPLE-FEEDBACK"":5,""PRINCIPLE-MODELLING"":2,""PRINCIPLE-PRACTICE"":2,""PRINCIPLE-QUESTIONING"":4}","[{""evidence"":""conversation_history (lượt 3): \""Dạ là cả một vùng từ B2 đến B5 ạ.\"""",""principle_id"":""PRINCIPLE-FEEDBACK"",""rationale"":""Nhu cầu độc lập: Học sinh vừa trả lời đúng câu hỏi phụ ở lượt trước (\""Dạ là cả một vùng từ B2 đến B5 ạ\""). Học sinh cần được xác nhận tính chính xác và nhận được phản hồi khích lệ để củng cố sự tự tin trước khi tiếp tục. Nếu bỏ nguyên tắc này: Một phản hồi chuyển ngay sang giải thích hoặc đặt câu hỏi mới mà không công nhận câu trả lời của học sinh sẽ làm đứt gãy mạch giao tiếp tự nhiên và giảm động lực tương tác của học sinh."",""requirement_score"":5}]",,
3,flagged,needs_uet_review,BC-HNMU-G7-R0107-STT8-AI04,HNMU-G7-R0107-STT8,7,Bài 8: Công cụ hỗ trợ tính toán,Thông hiểu (Giải thích tính chất),true,2,4,middle,"[""PRINCIPLE-EXPLANATION"",""PRINCIPLE-FEEDBACK""]","[""PRINCIPLE-MODELLING"",""PRINCIPLE-QUESTIONING""]",feedback_confirmation_only,"{""PRINCIPLE-CHALLENGE"":1,""PRINCIPLE-EXPLANATION"":5,""PRINCIPLE-FEEDBACK"":5,""PRINCIPLE-MODELLING"":3,""PRINCIPLE-PRACTICE"":2,""PRINCIPLE-QUESTIONING"":3}","[{""evidence"":""conversation_history lượt 2: \""Em thử nhìn vào kết quả ở ô tính xem máy có báo lỗi không...\"" và lượt 3: \""Dạ nó vẫn ra số bình thường ạ.\"""",""principle_id"":""PRINCIPLE-FEEDBACK"",""rationale"":""Nhu cầu độc lập: Học sinh đã thực hiện theo hướng dẫn ở lượt trước và báo cáo lại kết quả quan sát được. Em ấy cần một phản hồi xác nhận rằng quan sát đó là chính xác, từ đó làm điểm tựa để đi đến kết luận sư phạm tiếp theo. Nếu bỏ nguyên tắc này: Nếu không phản hồi dựa trên câu trả lời của học sinh, gia sư sẽ cắt đứt mạch tương tác thực nghiệm đang diễn ra, khiến câu hỏi gợi mở ở lượt trước trở nên vô nghĩa và không tận dụng được trải nghiệm thực tế của học sinh để khắc sâu kiến thức."",""requirement_score"":5}]",,
3,flagged,needs_uet_review,BC-HNMU-G7-R0110-STT11-AI04,HNMU-G7-R0110-STT11,7,Bài 8: Công cụ hỗ trợ tính toán,Vận dụng (Dùng được hàm trong công thức),true,2,4,middle,"[""PRINCIPLE-EXPLANATION"",""PRINCIPLE-MODELLING"",""PRINCIPLE-FEEDBACK""]","[""PRINCIPLE-QUESTIONING""]",feedback_confirmation_only,"{""PRINCIPLE-CHALLENGE"":1,""PRINCIPLE-EXPLANATION"":5,""PRINCIPLE-FEEDBACK"":4,""PRINCIPLE-MODELLING"":4,""PRINCIPLE-PRACTICE"":2,""PRINCIPLE-QUESTIONING"":3}","[{""evidence"":""conversation_history lượt 3: \""Em dùng hàm SUM ạ.\"""",""principle_id"":""PRINCIPLE-FEEDBACK"",""rationale"":""Nhu cầu độc lập: Học sinh đã trả lời đúng câu hỏi của gia sư là sử dụng hàm SUM và cần được xác nhận phản hồi này để tự tin đi tiếp. Nếu bỏ nguyên tắc này: Phản hồi của gia sư sẽ bỏ qua nỗ lực tư duy của học sinh ở lượt trước, làm mất đi tính tương tác và sự khích lệ cần thiết trong dạy học."",""requirement_score"":4}]",,
3,flagged,needs_uet_review,BC-HNMU-G7-R0110-STT11-AI06,HNMU-G7-R0110-STT11,7,Bài 8: Công cụ hỗ trợ tính toán,Vận dụng (Dùng được hàm trong công thức),true,4,6,last,"[""PRINCIPLE-FEEDBACK""]","[""PRINCIPLE-PRACTICE"",""PRINCIPLE-QUESTIONING""]",feedback_confirmation_only,"{""PRINCIPLE-CHALLENGE"":2,""PRINCIPLE-EXPLANATION"":2,""PRINCIPLE-FEEDBACK"":5,""PRINCIPLE-MODELLING"":1,""PRINCIPLE-PRACTICE"":3,""PRINCIPLE-QUESTIONING"":3}","[{""evidence"":""conversation_history (lượt 5: học sinh đưa ra câu trả lời dưới dạng câu hỏi xác nhận: 'Dạ, là =SUM(E4:E14) ạ!')"",""principle_id"":""PRINCIPLE-FEEDBACK"",""rationale"":""Nhu cầu độc lập: Học sinh vừa tự đưa ra câu trả lời cuối cùng cho nhiệm vụ tính tổng và đang chờ đợi sự xác nhận xem công thức mình tự ghép nối có đúng cú pháp và logic hay không. Nếu bỏ nguyên tắc này: Một phản hồi đi thẳng vào lý thuyết hoặc bài tập mới mà không khẳng định tính đúng đắn của công thức `=SUM(E4:E14)` sẽ khiến học sinh hoang mang, mất đi sự tự tin và không thể hoàn thành thao tác trên máy tính thực tế."",""requirement_score"":5}]",,
3,flagged,needs_uet_review,BC-HNMU-G7-R0117-STT4-AI02,HNMU-G7-R0117-STT4,7,Bài 9: Trình bày bảng tính,Nhận biết (Nhận ra đặc điểm),false,0,2,first,"[""PRINCIPLE-MODELLING"",""PRINCIPLE-QUESTIONING""]","[""PRINCIPLE-EXPLANATION""]",questioning_without_answer_dependency,"{""PRINCIPLE-CHALLENGE"":1,""PRINCIPLE-EXPLANATION"":3,""PRINCIPLE-FEEDBACK"":1,""PRINCIPLE-MODELLING"":4,""PRINCIPLE-PRACTICE"":2,""PRINCIPLE-QUESTIONING"":4}","[{""evidence"":""Trường student_prompt: \""Thầy ơi, sau khi em bấm vào nút định dạng phần trăm, con số của em có thêm chữ gì ở cuối không?\"""",""principle_id"":""PRINCIPLE-QUESTIONING"",""rationale"":""Nhu cầu độc lập: Gia sư cần đặt một câu hỏi nhanh cuối phản hồi để học sinh tự áp dụng quy tắc định dạng vừa học vào một số cụ thể nhằm kiểm tra mức độ hiểu bài. Nếu bỏ nguyên tắc này: Gia sư sẽ chỉ cung cấp câu trả lời một chiều và không thể biết được học sinh có thực sự hiểu bản chất của định dạng phần trăm hay không, hay chỉ nghe biết vậy rồi quên."",""requirement_score"":4}]",,
3,flagged,needs_uet_review,BC-HNMU-G7-R0117-STT4-AI04,HNMU-G7-R0117-STT4,7,Bài 9: Trình bày bảng tính,Nhận biết (Nhận ra đặc điểm),true,2,4,last,"[""PRINCIPLE-FEEDBACK"",""PRINCIPLE-QUESTIONING""]","[""PRINCIPLE-EXPLANATION"",""PRINCIPLE-PRACTICE""]",feedback_confirmation_only,"{""PRINCIPLE-CHALLENGE"":2,""PRINCIPLE-EXPLANATION"":3,""PRINCIPLE-FEEDBACK"":5,""PRINCIPLE-MODELLING"":1,""PRINCIPLE-PRACTICE"":3,""PRINCIPLE-QUESTIONING"":4}","[{""evidence"":""conversation_history (lượt 3): Nó hiện ra 100% ạ."",""principle_id"":""PRINCIPLE-FEEDBACK"",""rationale"":""Nhu cầu độc lập: Học sinh đã thực hiện hoạt động trải nghiệm theo hướng dẫn và báo cáo kết quả quan sát được (100%). Học sinh có nhu cầu nhận được sự xác nhận ngay lập tức từ gia sư rằng kết quả quan sát này là chính xác và có giá trị làm căn cứ cho bài học. Nếu bỏ nguyên tắc này: Gia sư sẽ bỏ qua nỗ lực thực hành của học sinh, khiến học sinh hoang mang không biết kết quả mình thấy đã đúng chưa và làm đứt gãy mạch tương tác thực nghiệm."",""requirement_score"":5}]",,
3,flagged,needs_uet_review,BC-HNMU-G7-R0118-STT5-AI04,HNMU-G7-R0118-STT5,7,Bài 9: Trình bày bảng tính,Thông hiểu (Giải thích lợi ích),true,2,4,last,"[""PRINCIPLE-EXPLANATION"",""PRINCIPLE-FEEDBACK""]","[""PRINCIPLE-QUESTIONING""]",feedback_confirmation_only,"{""PRINCIPLE-CHALLENGE"":2,""PRINCIPLE-EXPLANATION"":4,""PRINCIPLE-FEEDBACK"":4,""PRINCIPLE-MODELLING"":2,""PRINCIPLE-PRACTICE"":2,""PRINCIPLE-QUESTIONING"":3}","[{""evidence"":""conversation_history (lượt 3)"",""principle_id"":""PRINCIPLE-FEEDBACK"",""rationale"":""Nhu cầu độc lập: Học sinh vừa đưa ra một phản hồi khẳng định (\""Dạ có, nhìn nó không đẹp ạ\""). Học sinh cần nhận được sự ghi nhận và phản hồi từ gia sư để xác nhận rằng nhận định trực giác đó là đúng hướng, tạo tiền đề để chuyển sang giải thích chuyên sâu. Nếu bỏ nguyên tắc này: Gia sư sẽ bỏ qua câu trả lời của học sinh, làm mất đi tính tương tác cá nhân hóa và không tạo được sự kết nối giữa suy nghĩ của học sinh với kiến thức bài học."",""requirement_score"":4}]",,
3,flagged,needs_uet_review,BC-HNMU-G7-R0119-STT6-AI04,HNMU-G7-R0119-STT6,7,Bài 9: Trình bày bảng tính,Thông hiểu (Mô tả hệ quả),true,2,4,last,"[""PRINCIPLE-EXPLANATION"",""PRINCIPLE-FEEDBACK""]","[""PRINCIPLE-QUESTIONING""]",feedback_confirmation_only,"{""PRINCIPLE-CHALLENGE"":2,""PRINCIPLE-EXPLANATION"":5,""PRINCIPLE-FEEDBACK"":5,""PRINCIPLE-MODELLING"":2,""PRINCIPLE-PRACTICE"":2,""PRINCIPLE-QUESTIONING"":3}","[{""evidence"":""conversation_history lượt 3"",""principle_id"":""PRINCIPLE-FEEDBACK"",""rationale"":""Nhu cầu độc lập: Học sinh đã thực hiện hoạt động trải nghiệm theo hướng dẫn ở lượt trước và đưa ra câu trả lời. Họ cần nhận được phản hồi xác nhận rằng phát hiện của họ là hoàn toàn chính xác.\nNếu bỏ nguyên tắc này: Phản hồi của gia sư sẽ bỏ qua kết quả thực hành của học sinh, làm mất đi tính tương tác và không khích lệ được tinh thần chủ động khám phá của học sinh."",""requirement_score"":5}]",,
3,flagged,needs_uet_review,BC-HNMU-G7-R0121-STT8-AI04,HNMU-G7-R0121-STT8,7,Bài 9: Trình bày bảng tính,Thông hiểu (Nhận biết quy chuẩn),true,2,4,last,"[""PRINCIPLE-MODELLING"",""PRINCIPLE-FEEDBACK""]","[""PRINCIPLE-EXPLANATION""]",feedback_confirmation_only,"{""PRINCIPLE-CHALLENGE"":1,""PRINCIPLE-EXPLANATION"":3,""PRINCIPLE-FEEDBACK"":5,""PRINCIPLE-MODELLING"":4,""PRINCIPLE-PRACTICE"":2,""PRINCIPLE-QUESTIONING"":2}","[{""evidence"":""conversation_history (turn_index: 3)"",""principle_id"":""PRINCIPLE-FEEDBACK"",""rationale"":""Nhu cầu độc lập: Học sinh vừa đưa ra câu trả lời cho câu hỏi gợi mở của gia sư ở lượt trước (\""Dạ mình viết ngày/tháng/năm ạ\""). Học sinh cần được xác nhận câu trả lời này là đúng và hiểu nó liên quan thế nào đến việc giải quyết lỗi hiển thị. Nếu bỏ nguyên tắc này: Phản hồi của gia sư sẽ bỏ qua câu trả lời của học sinh, làm đứt gãy mạch hội thoại và khiến tương tác trước đó trở nên vô nghĩa."",""requirement_score"":5}]",,
3,flagged,needs_uet_review,BC-HNMU-G7-R0122-STT9-AI04,HNMU-G7-R0122-STT9,7,Bài 9: Trình bày bảng tính,Thông hiểu (Giải thích sự cần thiết),true,2,4,last,"[""PRINCIPLE-EXPLANATION"",""PRINCIPLE-FEEDBACK""]","[""PRINCIPLE-QUESTIONING""]",feedback_confirmation_only,"{""PRINCIPLE-CHALLENGE"":1,""PRINCIPLE-EXPLANATION"":5,""PRINCIPLE-FEEDBACK"":5,""PRINCIPLE-MODELLING"":2,""PRINCIPLE-PRACTICE"":2,""PRINCIPLE-QUESTIONING"":3}","[{""evidence"":""conversation_history (turn 3)"",""principle_id"":""PRINCIPLE-FEEDBACK"",""rationale"":""Nhu cầu độc lập: Học sinh đã đưa ra câu trả lời cụ thể ở lượt 3 (\""nhìn cái thấy ngay\""). Học sinh cần được gia sư nhận xét, xác nhận tính đúng đắn của câu trả lời này để làm bàn đạp đi đến kết luận sư phạm.\nNếu bỏ nguyên tắc này: Gia sư sẽ bỏ qua nỗ lực tư duy của học sinh, làm mất đi tính tương tác và không thể chuyển đổi câu trả lời mang tính cảm tính của học sinh thành kiến thức chuẩn xác."",""requirement_score"":5}]",,
3,flagged,needs_uet_review,BC-HNMU-G7-R0126-STT13-AI04,HNMU-G7-R0126-STT13,7,Bài 9: Trình bày bảng tính,Vận dụng (Thực hiện nhiệm vụ giáo viên đặt ra),true,2,4,last,"[""PRINCIPLE-FEEDBACK"",""PRINCIPLE-QUESTIONING""]","[""PRINCIPLE-EXPLANATION""]",feedback_confirmation_only,"{""PRINCIPLE-CHALLENGE"":2,""PRINCIPLE-EXPLANATION"":3,""PRINCIPLE-FEEDBACK"":5,""PRINCIPLE-MODELLING"":1,""PRINCIPLE-PRACTICE"":2,""PRINCIPLE-QUESTIONING"":5}","[{""evidence"":""conversation_history (lượt 3): \""Ôi, tất cả các hàng đều cao bằng nhau luôn rồi thầy ạ!\"""",""principle_id"":""PRINCIPLE-FEEDBACK"",""rationale"":""Nhu cầu độc lập: Học sinh vừa thực hiện thành công một thao tác và reo lên hào hứng, họ cần sự ghi nhận, đánh giá và xác nhận ngay lập tức từ gia sư rằng kết quả đó là chính xác để củng cố niềm tin. Nếu bỏ nguyên tắc này: Phản hồi tiếp theo sẽ bỏ qua thành quả thực hành của học sinh, làm mất đi sự tương tác tự nhiên và giảm động lực tiếp tục thực hiện bài học."",""requirement_score"":5}]",,
3,flagged,needs_uet_review,BC-HNMU-G7-R0127-STT14-AI04,HNMU-G7-R0127-STT14,7,Bài 9: Trình bày bảng tính,Vận dụng (Tạo được sản phẩm số),true,2,4,last,"[""PRINCIPLE-EXPLANATION"",""PRINCIPLE-FEEDBACK""]","[""PRINCIPLE-PRACTICE"",""PRINCIPLE-QUESTIONING""]",feedback_confirmation_only,"{""PRINCIPLE-CHALLENGE"":1,""PRINCIPLE-EXPLANATION"":4,""PRINCIPLE-FEEDBACK"":5,""PRINCIPLE-MODELLING"":2,""PRINCIPLE-PRACTICE"":3,""PRINCIPLE-QUESTIONING"":3}","[{""evidence"":""conversation_history lượt 3: \""Em thấy rồi! Em chọn 'All Borders' là nó kẻ hết luôn đúng không thầy?\"""",""principle_id"":""PRINCIPLE-FEEDBACK"",""rationale"":""Nhu cầu độc lập: Học sinh đã đưa ra một giả định thao tác cụ thể (\""chọn All Borders là kẻ hết luôn\"") và cần được xác nhận tính đúng đắn của giả định này đối với mục tiêu kẻ viền toàn bộ bảng. Nếu bỏ nguyên tắc này: Phản hồi tiếp theo sẽ không giải quyết trực tiếp thắc mắc và dự định thao tác của học sinh, khiến học sinh hoang mang không biết suy luận của mình có đúng hay không trước khi thực hiện bấm nút."",""requirement_score"":5}]",,
3,flagged,needs_uet_review,BC-HNMU-G7-R0142-STT1-AI06,HNMU-G7-R0142-STT1,7,Bài 11: Tạo bài trình chiếu,Nhận biết (Nêu được),true,4,6,last,"[""PRINCIPLE-FEEDBACK"",""PRINCIPLE-QUESTIONING""]","[""PRINCIPLE-EXPLANATION"",""PRINCIPLE-PRACTICE""]",feedback_confirmation_only,"{""PRINCIPLE-CHALLENGE"":2,""PRINCIPLE-EXPLANATION"":3,""PRINCIPLE-FEEDBACK"":5,""PRINCIPLE-MODELLING"":1,""PRINCIPLE-PRACTICE"":3,""PRINCIPLE-QUESTIONING"":4}","[{""evidence"":""turn_index: 5"",""principle_id"":""PRINCIPLE-FEEDBACK"",""rationale"":""Nhu cầu độc lập: Học sinh vừa đưa ra câu trả lời chính xác cho câu hỏi gợi mở của gia sư ở lượt 4 và rất cần một sự xác nhận, khen ngợi rõ ràng để củng cố sự tự tin. Nếu bỏ nguyên tắc này: Gia sư sẽ bỏ qua nỗ lực tư duy của học sinh, khiến học sinh hoang mang không rõ câu trả lời của mình đã đầy đủ và chuẩn xác theo bài học hay chưa."",""requirement_score"":5}]",,
3,flagged,needs_uet_review,BC-HNMU-G7-R0143-STT2-AI06,HNMU-G7-R0143-STT2,7,Bài 11: Tạo bài trình chiếu,Nhận biết (Nêu/Kể tên được),true,4,6,last,"[""PRINCIPLE-FEEDBACK"",""PRINCIPLE-QUESTIONING""]","[""PRINCIPLE-EXPLANATION"",""PRINCIPLE-PRACTICE""]",feedback_confirmation_only,"{""PRINCIPLE-CHALLENGE"":2,""PRINCIPLE-EXPLANATION"":3,""PRINCIPLE-FEEDBACK"":5,""PRINCIPLE-MODELLING"":1,""PRINCIPLE-PRACTICE"":3,""PRINCIPLE-QUESTIONING"":4}","[{""evidence"":""turn_index: 5 (student: \""À, dùng để tạo album ảnh hoặc video ạ!\"")"",""principle_id"":""PRINCIPLE-FEEDBACK"",""rationale"":""Nhu cầu độc lập: Học sinh vừa đưa ra một câu trả lời cụ thể ở lượt 5 (\""dùng để tạo album ảnh hoặc video ạ!\"") và cần được xác nhận ngay lập tức về tính chính xác của ý kiến này để củng cố niềm tin và định hình kiến thức đúng. Nếu bỏ nguyên tắc này: Phản hồi tiếp theo của gia sư sẽ bỏ qua đóng góp của học sinh, làm mất đi tính tương tác tự nhiên của cuộc hội thoại và khiến học sinh hoang mang không biết suy luận của mình có đúng hay không."",""requirement_score"":5}]",,
3,flagged,needs_uet_review,BC-HNMU-G7-R0147-STT6-AI04,HNMU-G7-R0147-STT6,7,Bài 11: Tạo bài trình chiếu,Thông hiểu (Phân tích được),true,2,4,last,"[""PRINCIPLE-FEEDBACK"",""PRINCIPLE-QUESTIONING""]","[""PRINCIPLE-EXPLANATION""]",feedback_confirmation_only,"{""PRINCIPLE-CHALLENGE"":2,""PRINCIPLE-EXPLANATION"":3,""PRINCIPLE-FEEDBACK"":5,""PRINCIPLE-MODELLING"":2,""PRINCIPLE-PRACTICE"":2,""PRINCIPLE-QUESTIONING"":4}","[{""evidence"":""lượt 3 của conversation_history: \""Tính toán thu chi thì thường dùng phần mềm Bảng tính Excel chứ không mang ra trình chiếu ạ.\"""",""principle_id"":""PRINCIPLE-FEEDBACK"",""rationale"":""Nhu cầu độc lập: Học sinh đã đưa ra một lập luận phân tích rất chính xác ở lượt 3 về việc \""tính toán thu chi\"" thuộc về phần mềm bảng tính chứ không phải trình chiếu. Học sinh có nhu cầu nhận được phản hồi khẳng định ngay lập luận này là đúng để củng cố sự tự tin.\nNếu bỏ nguyên tắc này: Một phản hồi dù có câu hỏi gợi mở tiếp theo nhưng không xác nhận tính đúng đắn trong câu trả lời của học sinh sẽ khiến học sinh hoang mang, không biết phân tích của mình đã chuẩn xác hay chưa."",""requirement_score"":5}]",,
3,flagged,needs_uet_review,BC-HNMU-G7-R0156-STT1-AI04,HNMU-G7-R0156-STT1,7,Bài 12: Định dạng đối tượng trên trang chiếu,Nhận biết (Nêu được),true,2,4,middle,"[""PRINCIPLE-FEEDBACK"",""PRINCIPLE-QUESTIONING""]","[""PRINCIPLE-EXPLANATION"",""PRINCIPLE-MODELLING""]",feedback_confirmation_only,"{""PRINCIPLE-CHALLENGE"":2,""PRINCIPLE-EXPLANATION"":3,""PRINCIPLE-FEEDBACK"":4,""PRINCIPLE-MODELLING"":3,""PRINCIPLE-PRACTICE"":2,""PRINCIPLE-QUESTIONING"":5}","[{""evidence"":""conversation_history lượt 3"",""principle_id"":""PRINCIPLE-FEEDBACK"",""rationale"":""Nhu cầu độc lập: Học sinh đã cung cấp thông tin cụ thể về trạng thái bài làm của mình là \""chưa chèn bức ảnh nào, chỉ gõ chữ\"". Học sinh cần nhận được phản hồi trực tiếp xác nhận rằng việc chỉ dùng chữ chính là nguyên nhân cốt lõi khiến cô giáo đánh giá bài thuyết trình bị \""khô khan\"". Nếu bỏ nguyên tắc này: Phản hồi của gia sư sẽ trở nên chung chung, không kết nối được lý thuyết với tình huống thực tế của học sinh, khiến học sinh khó thấy được mối liên hệ giữa lý thuyết định dạng slide và lỗi hiện tại của mình."",""requirement_score"":4}]",,
3,flagged,needs_uet_review,BC-HNMU-G7-R0156-STT1-AI06,HNMU-G7-R0156-STT1,7,Bài 12: Định dạng đối tượng trên trang chiếu,Nhận biết (Nêu được),true,4,6,middle,"[""PRINCIPLE-EXPLANATION"",""PRINCIPLE-FEEDBACK""]","[""PRINCIPLE-QUESTIONING""]",feedback_confirmation_only,"{""PRINCIPLE-CHALLENGE"":1,""PRINCIPLE-EXPLANATION"":5,""PRINCIPLE-FEEDBACK"":5,""PRINCIPLE-MODELLING"":2,""PRINCIPLE-PRACTICE"":2,""PRINCIPLE-QUESTIONING"":3}","[{""evidence"":""Lượt hội thoại 5 khi học sinh trả lời: \""Em sẽ đưa ảnh một con báo đốm lên màn hình ạ!\"""",""principle_id"":""PRINCIPLE-FEEDBACK"",""rationale"":""Nhu cầu độc lập: Học sinh vừa đưa ra một câu trả lời cho tình huống giả định của gia sư và rất cần được nhận xét, xác nhận tính đúng đắn của câu trả lời đó để biết hướng đi của mình là chính xác. Nếu bỏ nguyên tắc này: Phản hồi sẽ bỏ qua câu trả lời của học sinh, tạo ra sự đứt gãy trong hội thoại và làm giảm động lực tương tác của học sinh."",""requirement_score"":5}]",,
3,flagged,needs_uet_review,BC-HNMU-G7-R0156-STT1-AI08,HNMU-G7-R0156-STT1,7,Bài 12: Định dạng đối tượng trên trang chiếu,Nhận biết (Nêu được),true,6,8,middle,"[""PRINCIPLE-FEEDBACK"",""PRINCIPLE-QUESTIONING""]","[""PRINCIPLE-MODELLING"",""PRINCIPLE-PRACTICE""]",feedback_confirmation_only,"{""PRINCIPLE-CHALLENGE"":1,""PRINCIPLE-EXPLANATION"":2,""PRINCIPLE-FEEDBACK"":5,""PRINCIPLE-MODELLING"":3,""PRINCIPLE-PRACTICE"":3,""PRINCIPLE-QUESTIONING"":5}","[{""evidence"":""turn_index: 7"",""principle_id"":""PRINCIPLE-FEEDBACK"",""rationale"":""Nhu cầu độc lập: Học sinh vừa đưa ra câu trả lời tự suy luận về tác dụng của hình ảnh ở lượt 7, nên cần nhận được sự xác nhận, khen ngợi và chuẩn hóa kiến thức từ gia sư xem ý kiến đó đã đúng và đầy đủ chưa.\nNếu bỏ nguyên tắc này: Học sinh sẽ không được đánh giá về câu trả lời của mình, làm mất đi sự tương tác sư phạm và không chốt được kiến thức cốt lõi của bài học theo đúng yêu cầu cần đạt."",""requirement_score"":5}]",,
3,flagged,needs_uet_review,BC-HNMU-G7-R0157-STT2-AI04,HNMU-G7-R0157-STT2,7,Bài 12: Định dạng đối tượng trên trang chiếu,Nhận biết (Nhận biết được),true,2,4,middle,"[""PRINCIPLE-FEEDBACK"",""PRINCIPLE-QUESTIONING""]","[""PRINCIPLE-EXPLANATION""]",feedback_confirmation_only,"{""PRINCIPLE-CHALLENGE"":2,""PRINCIPLE-EXPLANATION"":3,""PRINCIPLE-FEEDBACK"":5,""PRINCIPLE-MODELLING"":1,""PRINCIPLE-PRACTICE"":2,""PRINCIPLE-QUESTIONING"":4}","[{""evidence"":""conversation_history: lượt 3"",""principle_id"":""PRINCIPLE-FEEDBACK"",""rationale"":""Nhu cầu độc lập: Học sinh đã trả lời câu hỏi gợi mở của gia sư bằng nhận định \""nhìn rất xấu và không chuyên nghiệp\"". Học sinh cần được phản hồi xác nhận nhận định này là đúng đắn và đúc kết nó thành tiêu chí đầu tiên (chất lượng hình ảnh). Nếu bỏ nguyên tắc này: Gia sư sẽ bỏ qua đóng góp của học sinh, làm mất đi tính liên kết và sự công nhận trong giao tiếp sư phạm, khiến học sinh không chắc chắn về câu trả lời của mình."",""requirement_score"":5}]",,
3,flagged,needs_uet_review,BC-HNMU-G7-R0157-STT2-AI06,HNMU-G7-R0157-STT2,7,Bài 12: Định dạng đối tượng trên trang chiếu,Nhận biết (Nhận biết được),true,4,6,middle,"[""PRINCIPLE-FEEDBACK"",""PRINCIPLE-QUESTIONING""]","[""PRINCIPLE-EXPLANATION""]",feedback_confirmation_only;high_score_missing_counterfactual:PRINCIPLE-FEEDBACK;high_score_missing_counterfactual:PRINCIPLE-QUESTIONING,"{""PRINCIPLE-CHALLENGE"":2,""PRINCIPLE-EXPLANATION"":3,""PRINCIPLE-FEEDBACK"":4,""PRINCIPLE-MODELLING"":2,""PRINCIPLE-PRACTICE"":2,""PRINCIPLE-QUESTIONING"":5}","[{""evidence"":""conversation_history (lượt 5)"",""principle_id"":""PRINCIPLE-FEEDBACK"",""rationale"":""Nhu cầu độc lập: Học sinh cần được xác nhận tính đúng đắn của câu trả lời ở lượt 5 ('hình ảnh phải rõ nét, chất lượng tốt') để củng cố sự tự tin và định hình rõ tiêu chí đầu tiên. Nếu bỏ nguyên tắc này, gia sư sẽ bỏ qua đóng góp của học sinh và chuyển thẳng sang nội dung khác, làm giảm sự tương tác tích cực và khiến học sinh cảm thấy câu trả lời của mình không được ghi nhận."",""requirement_score"":4},{""evidence"":""conversation_history (lượt 5) và gold_answer"",""principle_id"":""PRINCIPLE-QUESTIONING"",""rationale"":""Nhu cầu độc lập: Học sinh mới chỉ tìm ra 1 trong số các tiêu chí cần thiết của hình ảnh minh họa. Học sinh cần được đặt câu hỏi gợi mở tiếp theo để tự phát hiện ra các tiêu chí còn lại như sự phù hợp nội dung hay tính thẩm mĩ. Nếu bỏ nguyên tắc này, gia sư chỉ có thể áp đặt kiến thức bằng cách liệt kê trực tiếp, làm mất đi cơ hội để học sinh chủ động tư duy và tự khám phá kiến thức theo mạch đối thoại Socratic đang tiến triển rất tốt."",""requirement_score"":5}]",,
3,flagged,needs_uet_review,BC-HNMU-G7-R0157-STT2-AI08,HNMU-G7-R0157-STT2,7,Bài 12: Định dạng đối tượng trên trang chiếu,Nhận biết (Nhận biết được),true,6,8,middle,"[""PRINCIPLE-FEEDBACK"",""PRINCIPLE-QUESTIONING""]","[""PRINCIPLE-EXPLANATION"",""PRINCIPLE-PRACTICE""]",feedback_confirmation_only,"{""PRINCIPLE-CHALLENGE"":2,""PRINCIPLE-EXPLANATION"":3,""PRINCIPLE-FEEDBACK"":5,""PRINCIPLE-MODELLING"":2,""PRINCIPLE-PRACTICE"":3,""PRINCIPLE-QUESTIONING"":5}","[{""evidence"":""conversation_history (lượt 7)"",""principle_id"":""PRINCIPLE-FEEDBACK"",""rationale"":""Nhu cầu độc lập: Học sinh đã trả lời chính xác tình huống giả định ở lượt 7 (\""không, vì nó chả liên quan gì đến động vật cả\""), thể hiện việc nhận thức được tiêu chí \""phù hợp nội dung\"". Học sinh cần nhận được phản hồi xác nhận tính đúng đắn này và chính thức hóa nó thành một quy tắc định dạng. Nếu bỏ nguyên tắc này: Học sinh sẽ không biết câu trả lời của mình có hoàn toàn chính xác hay không và không thể đúc kết được tiêu chí thứ hai về mặt kiến thức."",""requirement_score"":5}]",,
3,flagged,needs_uet_review,BC-HNMU-G7-R0158-STT3-AI04,HNMU-G7-R0158-STT3,7,Bài 12: Định dạng đối tượng trên trang chiếu,Nhận biết (Kể tên được),true,2,4,middle,"[""PRINCIPLE-FEEDBACK"",""PRINCIPLE-QUESTIONING""]","[""PRINCIPLE-EXPLANATION""]",feedback_confirmation_only,"{""PRINCIPLE-CHALLENGE"":1,""PRINCIPLE-EXPLANATION"":3,""PRINCIPLE-FEEDBACK"":5,""PRINCIPLE-MODELLING"":2,""PRINCIPLE-PRACTICE"":2,""PRINCIPLE-QUESTIONING"":5}","[{""evidence"":""turn_index: 3"",""principle_id"":""PRINCIPLE-FEEDBACK"",""rationale"":""Nhu cầu độc lập: Học sinh đã đưa ra câu trả lời cụ thể ở lượt 3 (\""viết thật to để mọi người đứng xa cũng thấy\""), do đó cần được gia sư phản hồi, xác nhận ý kiến này là đúng và giúp học sinh liên kết ngôn ngữ đời sống đó với thuật ngữ định dạng chuyên môn (\""cỡ chữ\"").\nNếu bỏ nguyên tắc này: Nếu không phản hồi và phân tích câu trả lời của học sinh, phản hồi tiếp theo sẽ bỏ qua nỗ lực tư duy của học sinh, khiến học sinh không rõ câu trả lời của mình có đúng hướng hay không và làm đứt gãy mạch hội thoại kiến tạo."",""requirement_score"":5}]",,
3,flagged,needs_uet_review,BC-HNMU-G7-R0158-STT3-AI06,HNMU-G7-R0158-STT3,7,Bài 12: Định dạng đối tượng trên trang chiếu,Nhận biết (Kể tên được),true,4,6,middle,"[""PRINCIPLE-FEEDBACK"",""PRINCIPLE-QUESTIONING""]","[""PRINCIPLE-EXPLANATION""]",feedback_confirmation_only,"{""PRINCIPLE-CHALLENGE"":2,""PRINCIPLE-EXPLANATION"":3,""PRINCIPLE-FEEDBACK"":5,""PRINCIPLE-MODELLING"":2,""PRINCIPLE-PRACTICE"":2,""PRINCIPLE-QUESTIONING"":5}","[{""evidence"":""conversation_history lượt 5: \""Là thay đổi Cỡ chữ ạ.\"""",""principle_id"":""PRINCIPLE-FEEDBACK"",""rationale"":""Nhu cầu độc lập: Học sinh vừa đưa ra câu trả lời cụ thể là \""Cỡ chữ\"" ở lượt 5. Học sinh cần nhận được phản hồi xác nhận tính chính xác từ gia sư để có thêm sự tự tin và tiếp tục mạch bài học. Nếu bỏ nguyên tắc này: Gia sư sẽ bỏ qua câu trả lời của học sinh, làm mất đi sự tương tác hai chiều tự nhiên và khiến học sinh không chắc chắn liệu câu trả lời của mình đã hoàn toàn đúng hay chưa."",""requirement_score"":5}]",,
3,flagged,needs_uet_review,BC-HNMU-G7-R0158-STT3-AI10,HNMU-G7-R0158-STT3,7,Bài 12: Định dạng đối tượng trên trang chiếu,Nhận biết (Kể tên được),true,8,10,last,"[""PRINCIPLE-FEEDBACK"",""PRINCIPLE-QUESTIONING""]","[""PRINCIPLE-EXPLANATION""]",feedback_confirmation_only,"{""PRINCIPLE-CHALLENGE"":2,""PRINCIPLE-EXPLANATION"":3,""PRINCIPLE-FEEDBACK"":5,""PRINCIPLE-MODELLING"":1,""PRINCIPLE-PRACTICE"":2,""PRINCIPLE-QUESTIONING"":5}","[{""evidence"":""Lượt hội thoại 9 (student): \""Đó là thay đổi Kiểu chữ ạ! Vậy là có Cỡ chữ, Màu chữ, Kiểu chữ!\"""",""principle_id"":""PRINCIPLE-FEEDBACK"",""rationale"":""Nhu cầu độc lập: Học sinh vừa tự tổng hợp được ba thuộc tính định dạng sau một chuỗi gợi mở ở các lượt trước. Học sinh cần được gia sư xác nhận tính đúng đắn của câu trả lời này để củng cố niềm tin và tạo đà tâm lý tiếp tục bài học. Nếu bỏ nguyên tắc này: Phản hồi tiếp theo nếu bỏ qua việc công nhận kết quả của học sinh mà chuyển thẳng sang câu hỏi mới sẽ khiến học sinh bị hụt hẫng, không rõ mình đã đúc kết đúng hay chưa, làm giảm hiệu quả của phương pháp học chủ động."",""requirement_score"":5}]",,
3,flagged,needs_uet_review,BC-HNMU-G7-R0159-STT4-AI06,HNMU-G7-R0159-STT4,7,Bài 12: Định dạng đối tượng trên trang chiếu,Nhận biết (Nêu được),true,4,6,middle,"[""PRINCIPLE-FEEDBACK"",""PRINCIPLE-QUESTIONING""]","[""PRINCIPLE-EXPLANATION""]",feedback_confirmation_only,"{""PRINCIPLE-CHALLENGE"":1,""PRINCIPLE-EXPLANATION"":3,""PRINCIPLE-FEEDBACK"":5,""PRINCIPLE-MODELLING"":2,""PRINCIPLE-PRACTICE"":2,""PRINCIPLE-QUESTIONING"":4}","[{""evidence"":""conversation_history lượt 5"",""principle_id"":""PRINCIPLE-FEEDBACK"",""rationale"":""Nhu cầu độc lập: Học sinh vừa đưa ra câu trả lời chính xác ở lượt 5 (\""làm cho các từ khoá đó nổi bật lên\"") sau chuỗi câu hỏi gợi mở. Học sinh cần nhận được phản hồi xác nhận và khen ngợi ngay lập tức từ gia sư để củng cố kiến thức và tạo động lực học tập. Nếu bỏ nguyên tắc này: Gia sư sẽ bỏ qua câu trả lời của học sinh, làm mất đi tính tương tác hai chiều và khiến học sinh hoang mang không biết suy luận của mình đã đúng hoàn toàn hay chưa."",""requirement_score"":5}]",,
3,flagged,needs_uet_review,BC-HNMU-G7-R0159-STT4-AI08,HNMU-G7-R0159-STT4,7,Bài 12: Định dạng đối tượng trên trang chiếu,Nhận biết (Nêu được),true,6,8,last,"[""PRINCIPLE-EXPLANATION"",""PRINCIPLE-FEEDBACK""]","[""PRINCIPLE-MODELLING"",""PRINCIPLE-QUESTIONING""]",feedback_confirmation_only,"{""PRINCIPLE-CHALLENGE"":2,""PRINCIPLE-EXPLANATION"":4,""PRINCIPLE-FEEDBACK"":5,""PRINCIPLE-MODELLING"":3,""PRINCIPLE-PRACTICE"":2,""PRINCIPLE-QUESTIONING"":3}","[{""evidence"":""conversation_history (turn 7)"",""principle_id"":""PRINCIPLE-FEEDBACK"",""rationale"":""Nhu cầu độc lập: Học sinh đã nỗ lực suy luận và đưa ra câu trả lời hoàn toàn chính xác ở lượt 7, em cần nhận được phản hồi đánh giá trực tiếp để xác nhận thành quả và củng cố niềm tin học tập. Nếu bỏ nguyên tắc này: Nếu không có phản hồi đánh giá, chuỗi tương tác gợi mở trước đó sẽ bị bỏ lửng, học sinh không biết câu trả lời của mình đã thực sự đúng và đủ ý chưa."",""requirement_score"":5}]",,
3,flagged,needs_uet_review,BC-HNMU-G7-R0160-STT5-AI06,HNMU-G7-R0160-STT5,7,Bài 12: Định dạng đối tượng trên trang chiếu,Thông hiểu (Giải thích được),true,4,6,middle,"[""PRINCIPLE-FEEDBACK""]","[""PRINCIPLE-EXPLANATION"",""PRINCIPLE-QUESTIONING""]",feedback_confirmation_only,"{""PRINCIPLE-CHALLENGE"":2,""PRINCIPLE-EXPLANATION"":3,""PRINCIPLE-FEEDBACK"":5,""PRINCIPLE-MODELLING"":2,""PRINCIPLE-PRACTICE"":2,""PRINCIPLE-QUESTIONING"":3}","[{""evidence"":""conversation_history (turn_index 5), student_prompt"",""principle_id"":""PRINCIPLE-FEEDBACK"",""rationale"":""Nhu cầu độc lập: Học sinh vừa tự đưa ra câu trả lời rất chính xác ở lượt 5 (\""Thông điệp chính sẽ bị mờ nhạt, người xem không biết tập trung vào ý nào\""). Học sinh cần một phản hồi xác nhận rõ ràng rằng suy luận của mình là đúng đắn và trực tiếp liên kết nó với khái niệm \""rối\"" mà cô giáo đã nhận xét ở student_prompt. Nếu bỏ nguyên tắc này: Gia sư bỏ qua câu trả lời của học sinh để chuyển sang nội dung khác hoặc tự giải thích lại từ đầu, điều này sẽ làm giảm động lực học tập, khiến học sinh hoang mang không biết câu trả lời của mình đã chuẩn xác hay chưa."",""requirement_score"":5}]",,
3,flagged,needs_uet_review,BC-HNMU-G7-R0160-STT5-AI08,HNMU-G7-R0160-STT5,7,Bài 12: Định dạng đối tượng trên trang chiếu,Thông hiểu (Giải thích được),true,6,8,last,"[""PRINCIPLE-FEEDBACK""]","[""PRINCIPLE-MODELLING"",""PRINCIPLE-PRACTICE"",""PRINCIPLE-QUESTIONING""]",feedback_confirmation_only,"{""PRINCIPLE-CHALLENGE"":2,""PRINCIPLE-EXPLANATION"":2,""PRINCIPLE-FEEDBACK"":5,""PRINCIPLE-MODELLING"":3,""PRINCIPLE-PRACTICE"":3,""PRINCIPLE-QUESTIONING"":3}","[{""evidence"":""conversation_history (lượt 7: \""Kích thước sẽ phải thu nhỏ lại rất nhiều, nhìn không rõ và làm hỏng bố cục thẩm mĩ ạ.\"")"",""principle_id"":""PRINCIPLE-FEEDBACK"",""rationale"":""Nhu cầu độc lập: Học sinh đã hoàn thành xuất sắc việc tự suy luận và trả lời hai câu hỏi gợi mở của gia sư về tác hại của việc chèn quá nhiều ảnh. Học sinh có nhu cầu nhận được sự xác nhận, khen ngợi và hệ thống hóa lại các ý kiến đóng góp của mình thành kết luận chuẩn xác.\nNếu bỏ nguyên tắc này: Nếu không phản hồi để chốt kiến thức từ câu trả lời của học sinh, học sinh sẽ không được khẳng định chắc chắn rằng suy luận của mình là đúng và không có một kết luận cô đọng cho thắc mắc ban đầu."",""requirement_score"":5}]",,
3,flagged,needs_uet_review,BC-HNMU-G7-R0161-STT6-AI04,HNMU-G7-R0161-STT6,7,Bài 12: Định dạng đối tượng trên trang chiếu,Thông hiểu (Trình bày được),true,2,4,middle,"[""PRINCIPLE-EXPLANATION"",""PRINCIPLE-FEEDBACK""]","[""PRINCIPLE-QUESTIONING""]",feedback_confirmation_only,"{""PRINCIPLE-CHALLENGE"":1,""PRINCIPLE-EXPLANATION"":4,""PRINCIPLE-FEEDBACK"":5,""PRINCIPLE-MODELLING"":2,""PRINCIPLE-PRACTICE"":2,""PRINCIPLE-QUESTIONING"":3}","[{""evidence"":""conversation_history (lượt 3): \""Chữ rất ít ạ, chỉ 1-2 từ ngắn gọn.\"""",""principle_id"":""PRINCIPLE-FEEDBACK"",""rationale"":""Nhu cầu độc lập: Học sinh vừa đưa ra câu trả lời cụ thể cho câu hỏi gợi mở của gia sư ở lượt trước. Học sinh cần được xác nhận câu trả lời này là đúng và hiểu được mối liên hệ giữa ví dụ thực tế (biển báo ít chữ) với việc thiết kế trang chiếu. Nếu bỏ nguyên tắc này: Phản hồi tiếp theo nếu bỏ qua câu trả lời của học sinh mà chuyển thẳng sang giải thích lý thuyết sẽ làm đứt gãy mạch tương tác, khiến học sinh cảm thấy nỗ lực suy luận của mình không được ghi nhận."",""requirement_score"":5}]",,
3,flagged,needs_uet_review,BC-HNMU-G7-R0161-STT6-AI06,HNMU-G7-R0161-STT6,7,Bài 12: Định dạng đối tượng trên trang chiếu,Thông hiểu (Trình bày được),true,4,6,middle,"[""PRINCIPLE-FEEDBACK"",""PRINCIPLE-QUESTIONING""]","[""PRINCIPLE-EXPLANATION"",""PRINCIPLE-MODELLING""]",feedback_confirmation_only,"{""PRINCIPLE-CHALLENGE"":2,""PRINCIPLE-EXPLANATION"":3,""PRINCIPLE-FEEDBACK"":5,""PRINCIPLE-MODELLING"":3,""PRINCIPLE-PRACTICE"":2,""PRINCIPLE-QUESTIONING"":5}","[{""evidence"":""Lượt 5 trong conversation_history."",""principle_id"":""PRINCIPLE-FEEDBACK"",""rationale"":""Nhu cầu độc lập: Học sinh vừa đưa ra câu trả lời 'Nên ít thôi ạ, chỉ ghi ý chính' ở lượt 5 và cần được gia sư nhận xét, xác nhận tính đúng đắn để củng cố kiến thức về số lượng chữ trên slide trước khi chuyển sang nội dung mới. Nếu bỏ nguyên tắc này: Gia sư sẽ bỏ qua câu trả lời của học sinh, chuyển ngay sang nội dung phối màu khiến học sinh cảm thấy câu trả lời của mình không được ghi nhận và không chắc chắn về kiến thức vừa rút ra."",""requirement_score"":5}]",,
3,flagged,needs_uet_review,BC-HNMU-G7-R0161-STT6-AI08,HNMU-G7-R0161-STT6,7,Bài 12: Định dạng đối tượng trên trang chiếu,Thông hiểu (Trình bày được),true,6,8,middle,"[""PRINCIPLE-EXPLANATION"",""PRINCIPLE-FEEDBACK""]","[""PRINCIPLE-MODELLING"",""PRINCIPLE-PRACTICE"",""PRINCIPLE-QUESTIONING""]",feedback_confirmation_only,"{""PRINCIPLE-CHALLENGE"":1,""PRINCIPLE-EXPLANATION"":5,""PRINCIPLE-FEEDBACK"":5,""PRINCIPLE-MODELLING"":3,""PRINCIPLE-PRACTICE"":3,""PRINCIPLE-QUESTIONING"":3}","[{""evidence"":""conversation_history (turn 7)"",""principle_id"":""PRINCIPLE-FEEDBACK"",""rationale"":""Nhu cầu độc lập: Học sinh vừa đưa ra câu trả lời rất chính xác ở lượt 7 về cách phối màu của biển báo giao thông (\""2-3 màu tương phản mạnh\""). Học sinh cần nhận được sự xác nhận, đánh giá và khen ngợi kịp thời cho phát hiện này để củng cố sự tự tin. Nếu bỏ nguyên tắc này: Học sinh sẽ không biết câu trả lời của mình có đúng hay không và mối liên hệ giữa màu sắc biển báo với màu sắc slide có được chấp nhận hay không."",""requirement_score"":5}]",,
3,flagged,needs_uet_review,BC-HNMU-G7-R0162-STT7-AI10,HNMU-G7-R0162-STT7,7,Bài 12: Định dạng đối tượng trên trang chiếu,Thông hiểu (Phân biệt được),true,8,10,last,"[""PRINCIPLE-FEEDBACK""]","[""PRINCIPLE-EXPLANATION"",""PRINCIPLE-PRACTICE"",""PRINCIPLE-QUESTIONING""]",feedback_confirmation_only,"{""PRINCIPLE-CHALLENGE"":2,""PRINCIPLE-EXPLANATION"":3,""PRINCIPLE-FEEDBACK"":5,""PRINCIPLE-MODELLING"":2,""PRINCIPLE-PRACTICE"":3,""PRINCIPLE-QUESTIONING"":3}","[{""evidence"":""conversation_history (lượt 9)"",""principle_id"":""PRINCIPLE-FEEDBACK"",""rationale"":""Nhu cầu độc lập: Học sinh vừa đưa ra một câu trả lời chính xác ở lượt 9 về nguyên tắc tương phản màu sắc trên trang chiếu và cần được giáo viên xác nhận, khen ngợi để củng cố niềm tin vào kết luận của mình. Nếu bỏ nguyên tắc này: Lượt phản hồi tiếp theo của gia sư sẽ trở nên rời rạc, không ghi nhận nỗ lực tự suy luận của học sinh, làm mất đi tính kết nối và hiệu quả của chuỗi câu hỏi gợi mở trước đó."",""requirement_score"":5}]",,
3,flagged,needs_uet_review,BC-HNMU-G7-R0163-STT8-AI06,HNMU-G7-R0163-STT8,7,Bài 12: Định dạng đối tượng trên trang chiếu,Thông hiểu (Nhận diện được),true,4,6,middle,"[""PRINCIPLE-EXPLANATION"",""PRINCIPLE-FEEDBACK""]","[""PRINCIPLE-QUESTIONING""]",feedback_confirmation_only,"{""PRINCIPLE-CHALLENGE"":1,""PRINCIPLE-EXPLANATION"":4,""PRINCIPLE-FEEDBACK"":5,""PRINCIPLE-MODELLING"":1,""PRINCIPLE-PRACTICE"":2,""PRINCIPLE-QUESTIONING"":3}","[{""evidence"":""conversation_history lượt 5"",""principle_id"":""PRINCIPLE-FEEDBACK"",""rationale"":""Nhu cầu độc lập: Học sinh vừa đưa ra một câu trả lời rất xuất sắc và chính xác ở lượt 5 (\""Người đọc sẽ bị mất tập trung...\""). Học sinh có nhu cầu nhận được sự xác nhận, khen ngợi và đánh giá từ gia sư để củng cố niềm tin vào lập luận của mình. Nếu bỏ nguyên tắc này: Một phản hồi bỏ qua câu trả lời này của học sinh để đi thẳng vào giải thích hoặc hỏi câu khác sẽ làm mất đi tính tương tác cá nhân hóa, khiến học sinh cảm thấy nỗ lực suy luận của mình không được ghi nhận."",""requirement_score"":5}]",,
3,flagged,needs_uet_review,BC-HNMU-G7-R0163-STT8-AI08,HNMU-G7-R0163-STT8,7,Bài 12: Định dạng đối tượng trên trang chiếu,Thông hiểu (Nhận diện được),true,6,8,middle,"[""PRINCIPLE-FEEDBACK""]","[""PRINCIPLE-EXPLANATION"",""PRINCIPLE-PRACTICE"",""PRINCIPLE-QUESTIONING""]",feedback_confirmation_only,"{""PRINCIPLE-CHALLENGE"":2,""PRINCIPLE-EXPLANATION"":3,""PRINCIPLE-FEEDBACK"":5,""PRINCIPLE-MODELLING"":2,""PRINCIPLE-PRACTICE"":3,""PRINCIPLE-QUESTIONING"":3}","[{""evidence"":""conversation_history (lượt 7)"",""principle_id"":""PRINCIPLE-FEEDBACK"",""rationale"":""Nhu cầu độc lập: Học sinh đã tích cực suy luận và đưa ra câu trả lời rất chính xác ở lượt 7 về tác hại của việc dùng quá nhiều màu sắc (làm bài lòe loẹt, giảm tính nghiêm túc, chuyên nghiệp). Học sinh có nhu cầu nhận được sự ghi nhận, đánh giá cụ thể và xác nhận tính đúng đắn cho câu trả lời của mình từ phía gia sư để hoàn thành mạch kiến thức. Nếu bỏ nguyên tắc này: Phản hồi của gia sư sẽ không công nhận nỗ lực tư duy của học sinh, khiến học sinh hoang mang không biết lập luận của mình đã hoàn toàn chính xác chưa và làm giảm sự tương tác tích cực của cuộc hội thoại."",""requirement_score"":5}]",,
3,flagged,needs_uet_review,BC-HNMU-G7-R0164-STT9-AI10,HNMU-G7-R0164-STT9,7,Bài 12: Định dạng đối tượng trên trang chiếu,Thông hiểu (Mô tả được),true,8,10,last,"[""PRINCIPLE-FEEDBACK"",""PRINCIPLE-QUESTIONING""]",[],feedback_confirmation_only,"{""PRINCIPLE-CHALLENGE"":2,""PRINCIPLE-EXPLANATION"":2,""PRINCIPLE-FEEDBACK"":5,""PRINCIPLE-MODELLING"":1,""PRINCIPLE-PRACTICE"":2,""PRINCIPLE-QUESTIONING"":4}","[{""evidence"":""conversation_history (turn_index: 9)"",""principle_id"":""PRINCIPLE-FEEDBACK"",""rationale"":""Nhu cầu độc lập: Học sinh đã trả lời yêu cầu ở lượt 8 bằng cách tự tóm tắt quy trình ở lượt 9. Phản hồi tiếp theo bắt buộc phải đánh giá câu trả lời này: xác nhận sự chính xác ở bước 2 và chỉ ra điểm cần chi tiết hóa ở bước 1. Nếu bỏ nguyên tắc này: Gia sư sẽ bỏ qua nỗ lực tự tổng hợp của học sinh, khiến học sinh không rõ mô tả của mình đã chuẩn xác và đầy đủ theo yêu cầu học tập (gold_answer) chưa."",""requirement_score"":5}]",,
3,flagged,needs_uet_review,BC-HNMU-G7-R0165-STT10-AI06,HNMU-G7-R0165-STT10,7,Bài 12: Định dạng đối tượng trên trang chiếu,Thông hiểu (Giải thích được),true,4,6,middle,"[""PRINCIPLE-FEEDBACK"",""PRINCIPLE-QUESTIONING""]","[""PRINCIPLE-EXPLANATION"",""PRINCIPLE-MODELLING""]",feedback_confirmation_only,"{""PRINCIPLE-CHALLENGE"":1,""PRINCIPLE-EXPLANATION"":3,""PRINCIPLE-FEEDBACK"":5,""PRINCIPLE-MODELLING"":3,""PRINCIPLE-PRACTICE"":2,""PRINCIPLE-QUESTIONING"":4}","[{""evidence"":""conversation_history (turn_index: 5)"",""principle_id"":""PRINCIPLE-FEEDBACK"",""rationale"":""Nhu cầu độc lập: Học sinh vừa đưa ra một phán đoán cụ thể ở lượt 5 (\""Có phải là nút \""Shapes\"" không ạ?\"") sau gợi ý của gia sư. Học sinh cần được xác nhận ngay lập tức phán đoán này là đúng để có sự tự tin tiếp tục. Nếu bỏ nguyên tắc này: Gia sư sẽ bỏ qua nỗ lực tìm kiếm của học sinh hoặc đưa ra chỉ dẫn mới mà không xác nhận, khiến học sinh hoang mang không biết mình đã chọn đúng công cụ chưa."",""requirement_score"":5}]",,
3,flagged,needs_uet_review,BC-HNMU-G7-R0165-STT10-AI08,HNMU-G7-R0165-STT10,7,Bài 12: Định dạng đối tượng trên trang chiếu,Thông hiểu (Giải thích được),true,6,8,middle,"[""PRINCIPLE-EXPLANATION"",""PRINCIPLE-FEEDBACK"",""PRINCIPLE-QUESTIONING""]","[""PRINCIPLE-PRACTICE""]",feedback_confirmation_only,"{""PRINCIPLE-CHALLENGE"":2,""PRINCIPLE-EXPLANATION"":5,""PRINCIPLE-FEEDBACK"":5,""PRINCIPLE-MODELLING"":2,""PRINCIPLE-PRACTICE"":3,""PRINCIPLE-QUESTIONING"":4}","[{""evidence"":""Lượt 7: \""Thế em muốn vẽ ô vuông thì cũng chèn từ Shapes ạ?\"""",""principle_id"":""PRINCIPLE-FEEDBACK"",""rationale"":""Nhu cầu độc lập: Học sinh cần được đánh giá, xác nhận trực tiếp tính đúng đắn trong suy luận của mình (\""vẽ ô vuông cũng chèn từ Shapes\"") dựa trên kinh nghiệm vẽ mũi tên trước đó để tự tin tiếp tục thao tác.\nNếu bỏ nguyên tắc này: Phản hồi của gia sư sẽ bỏ qua nỗ lực tư duy liên hệ của học sinh, làm học sinh hoang mang không biết suy luận của mình có đúng hay không trước khi thực hiện thao tác tiếp theo."",""requirement_score"":5}]",,
3,flagged,needs_uet_review,BC-HNMU-G7-R0165-STT10-AI10,HNMU-G7-R0165-STT10,7,Bài 12: Định dạng đối tượng trên trang chiếu,Thông hiểu (Giải thích được),true,8,10,last,"[""PRINCIPLE-FEEDBACK"",""PRINCIPLE-QUESTIONING""]","[""PRINCIPLE-EXPLANATION"",""PRINCIPLE-PRACTICE""]",feedback_confirmation_only,"{""PRINCIPLE-CHALLENGE"":2,""PRINCIPLE-EXPLANATION"":3,""PRINCIPLE-FEEDBACK"":5,""PRINCIPLE-MODELLING"":2,""PRINCIPLE-PRACTICE"":3,""PRINCIPLE-QUESTIONING"":4}","[{""evidence"":""turn_index: 9"",""principle_id"":""PRINCIPLE-FEEDBACK"",""rationale"":""Nhu cầu độc lập: Học sinh vừa tự đúc kết định nghĩa về tác dụng của Shapes ở lượt 9 dựa trên trải nghiệm thực tế. Học sinh có nhu cầu sư phạm rõ ràng là cần được xác nhận xem đúc kết của mình đã chính xác và đầy đủ chưa so với kiến thức chuẩn. Nếu bỏ nguyên tắc này: Một phản hồi theo hướng khác (ví dụ: chuyển ngay sang nhiệm vụ mới hoặc giải thích bài học mới) sẽ bỏ qua nỗ lực tự kiến tạo kiến thức của học sinh, khiến học sinh không có được điểm tựa kiến thức vững chắc để tiếp tục hành động."",""requirement_score"":5}]",,
3,flagged,needs_uet_review,BC-HNMU-G7-R0166-STT11-AI06,HNMU-G7-R0166-STT11,7,Bài 12: Định dạng đối tượng trên trang chiếu,Vận dụng (Thực hiện được),true,4,6,middle,"[""PRINCIPLE-FEEDBACK"",""PRINCIPLE-QUESTIONING""]",[],feedback_confirmation_only,"{""PRINCIPLE-CHALLENGE"":2,""PRINCIPLE-EXPLANATION"":2,""PRINCIPLE-FEEDBACK"":4,""PRINCIPLE-MODELLING"":2,""PRINCIPLE-PRACTICE"":2,""PRINCIPLE-QUESTIONING"":5}","[{""evidence"":""conversation_history (lượt 5): 'À, em thấy có thẻ Insert giống hệt Word rồi.'"",""principle_id"":""PRINCIPLE-FEEDBACK"",""rationale"":""Nhu cầu độc lập: Học sinh vừa thực hiện thành công bước tìm dải lệnh Insert dựa trên gợi ý trước đó và cần được xác nhận rằng hành động này là hoàn toàn chính xác để tiếp tục tiến trình.\nNếu bỏ nguyên tắc này: Một phản hồi bỏ qua việc ghi nhận kết quả tìm kiếm của học sinh mà đưa thẳng hướng dẫn tiếp theo sẽ làm mất đi tính tương tác, khiến học sinh không chắc chắn liệu mình đã chọn đúng thẻ hay chưa."",""requirement_score"":4}]",,
3,flagged,needs_uet_review,BC-HNMU-G7-R0166-STT11-AI08,HNMU-G7-R0166-STT11,7,Bài 12: Định dạng đối tượng trên trang chiếu,Vận dụng (Thực hiện được),true,6,8,middle,"[""PRINCIPLE-FEEDBACK"",""PRINCIPLE-QUESTIONING""]",[],feedback_confirmation_only,"{""PRINCIPLE-CHALLENGE"":1,""PRINCIPLE-EXPLANATION"":2,""PRINCIPLE-FEEDBACK"":4,""PRINCIPLE-MODELLING"":2,""PRINCIPLE-PRACTICE"":2,""PRINCIPLE-QUESTIONING"":5}","[{""evidence"":""conversation_history (lượt 7)"",""principle_id"":""PRINCIPLE-FEEDBACK"",""rationale"":""Nhu cầu độc lập: Học sinh vừa báo cáo một kết quả thao tác cụ thể là đã tìm thấy nút \""Pictures\"" và lựa chọn \""This Device\"". Học sinh cần nhận được sự xác nhận ngay lập tức từ gia sư rằng thao tác này là hoàn toàn chính xác để tiếp tục với sự tự tin. Nếu bỏ nguyên tắc này: Một phản hồi bỏ qua việc nhận xét kết quả của học sinh mà chỉ đưa ra câu hỏi hoặc chỉ dẫn tiếp theo sẽ làm giảm đi sự tương tác tự nhiên, khiến học sinh không chắc chắn liệu mình đã đi đúng hướng hay chưa."",""requirement_score"":4}]",,
3,flagged,needs_uet_review,BC-HNMU-G7-R0168-STT13-AI10,HNMU-G7-R0168-STT13,7,Bài 12: Định dạng đối tượng trên trang chiếu,Vận dụng (Thêm được),true,8,10,last,"[""PRINCIPLE-FEEDBACK""]","[""PRINCIPLE-CHALLENGE"",""PRINCIPLE-QUESTIONING""]",feedback_confirmation_only,"{""PRINCIPLE-CHALLENGE"":3,""PRINCIPLE-EXPLANATION"":2,""PRINCIPLE-FEEDBACK"":5,""PRINCIPLE-MODELLING"":1,""PRINCIPLE-PRACTICE"":2,""PRINCIPLE-QUESTIONING"":3}","[{""evidence"":""turn_index: 9"",""principle_id"":""PRINCIPLE-FEEDBACK"",""rationale"":""Nhu cầu độc lập: Học sinh vừa tự lực khám phá ra tính năng \""Edit Text\"" và hào hứng báo cáo kết quả thành công khi di chuyển mũi tên mà chữ vẫn đi theo ở lượt 9. Học sinh cần gia sư xác nhận chính thức cách làm này là tối ưu, đồng thời khen ngợi và củng cố niềm tin vào kết quả đạt được. Nếu bỏ nguyên tắc này: Gia sư sẽ bỏ lỡ thời điểm vàng để chốt kiến thức và khích lệ tinh thần tự học của học sinh, khiến trải nghiệm khám phá của học sinh không được ghi nhận trọn vẹn."",""requirement_score"":5}]",,
3,flagged,needs_uet_review,BC-HNMU-G7-R0169-STT14-AI10,HNMU-G7-R0169-STT14,7,Bài 12: Định dạng đối tượng trên trang chiếu,Vận dụng (Chỉnh sửa được),true,8,10,last,"[""PRINCIPLE-FEEDBACK""]","[""PRINCIPLE-CHALLENGE"",""PRINCIPLE-PRACTICE"",""PRINCIPLE-QUESTIONING""]",feedback_confirmation_only,"{""PRINCIPLE-CHALLENGE"":3,""PRINCIPLE-EXPLANATION"":2,""PRINCIPLE-FEEDBACK"":5,""PRINCIPLE-MODELLING"":1,""PRINCIPLE-PRACTICE"":3,""PRINCIPLE-QUESTIONING"":3}","[{""evidence"":""conversation_history (lượt 9)"",""principle_id"":""PRINCIPLE-FEEDBACK"",""rationale"":""Nhu cầu độc lập: Học sinh vừa chủ động đưa ra câu trả lời chi tiết về thao tác di chuyển ảnh ở lượt 9. Học sinh cần được gia sư nhận xét, xác nhận ngay xem phương án kéo thả đó đã hoàn toàn chính xác và tối ưu chưa.\nNếu bỏ nguyên tắc này: Phản hồi của gia sư sẽ bỏ qua nỗ lực tư duy của học sinh, khiến học sinh không chắc chắn về độ chính xác trong câu trả lời của mình và giảm sự tự tin khi thực hành."",""requirement_score"":5}]",,
3,flagged,needs_uet_review,BC-HNMU-G7-R0184-STT1-AI04,HNMU-G7-R0184-STT1,7,Bài 14. Thuật toán tìm kiếm tuần tự,Nhận biết,true,2,4,middle,"[""PRINCIPLE-FEEDBACK"",""PRINCIPLE-QUESTIONING""]","[""PRINCIPLE-EXPLANATION""]",feedback_confirmation_only,"{""PRINCIPLE-CHALLENGE"":1,""PRINCIPLE-EXPLANATION"":3,""PRINCIPLE-FEEDBACK"":5,""PRINCIPLE-MODELLING"":2,""PRINCIPLE-PRACTICE"":2,""PRINCIPLE-QUESTIONING"":5}","[{""evidence"":""conversation_history lượt 3"",""principle_id"":""PRINCIPLE-FEEDBACK"",""rationale"":""Nhu cầu độc lập: Học sinh vừa đưa ra một câu trả lời thực tế chính xác ở lượt 3 ('tìm chiếc áo nào'). Học sinh cần nhận được phản hồi ngay lập tức để xác nhận tính đúng đắn của câu trả lời này và biết được nó ánh xạ sang khái niệm 'giá trị cần tìm' trong thuật toán.\nNếu bỏ nguyên tắc này: Một phản hồi dùng chiến lược khác (như giải thích chung chung hoặc đặt câu hỏi mới ngay) sẽ bỏ qua nỗ lực tư duy thực tế của học sinh, khiến học sinh mất kết nối giữa ví dụ thực tế và kiến thức lý thuyết đang học."",""requirement_score"":5}]",,
3,flagged,needs_uet_review,BC-HNMU-G7-R0184-STT1-AI06,HNMU-G7-R0184-STT1,7,Bài 14. Thuật toán tìm kiếm tuần tự,Nhận biết,true,4,6,middle,"[""PRINCIPLE-EXPLANATION"",""PRINCIPLE-FEEDBACK""]","[""PRINCIPLE-QUESTIONING""]",feedback_confirmation_only,"{""PRINCIPLE-CHALLENGE"":1,""PRINCIPLE-EXPLANATION"":4,""PRINCIPLE-FEEDBACK"":5,""PRINCIPLE-MODELLING"":1,""PRINCIPLE-PRACTICE"":2,""PRINCIPLE-QUESTIONING"":3}","[{""evidence"":""turn_index: 5, role: student, content: Em sẽ tìm trong tủ quần áo của em ạ."",""principle_id"":""PRINCIPLE-FEEDBACK"",""rationale"":""Nhu cầu độc lập: Học sinh vừa đưa ra câu trả lời thực tế \""tìm trong tủ quần áo\"", em cần nhận được phản hồi trực tiếp xác nhận tính đúng đắn của câu trả lời này và ánh xạ nó sang khái niệm chuyên môn.\nNếu bỏ nguyên tắc này: Nếu không phản hồi và nhận xét về ý tưởng \""tủ quần áo\"" của học sinh mà trực tiếp đưa ra đáp án, mạch hội thoại gợi mở sẽ bị đứt gãy và học sinh không thấy được vai trò của câu trả lời mình vừa đưa ra."",""requirement_score"":5}]",,
3,flagged,needs_uet_review,BC-HNMU-G7-R0184-STT1-AI08,HNMU-G7-R0184-STT1,7,Bài 14. Thuật toán tìm kiếm tuần tự,Nhận biết,true,6,8,last,"[""PRINCIPLE-EXPLANATION"",""PRINCIPLE-FEEDBACK""]","[""PRINCIPLE-PRACTICE"",""PRINCIPLE-QUESTIONING""]",feedback_confirmation_only,"{""PRINCIPLE-CHALLENGE"":2,""PRINCIPLE-EXPLANATION"":4,""PRINCIPLE-FEEDBACK"":5,""PRINCIPLE-MODELLING"":1,""PRINCIPLE-PRACTICE"":3,""PRINCIPLE-QUESTIONING"":3}","[{""evidence"":""turn_index 7 và student_prompt"",""principle_id"":""PRINCIPLE-FEEDBACK"",""rationale"":""Nhu cầu độc lập: Học sinh vừa chủ động đưa ra câu trả lời đúc kết ở lượt 7 (\""Dạ là một danh sách và giá trị cần tìm ạ\"") và rất cần một phản hồi xác nhận chính thức từ gia sư xem câu trả lời đó đã hoàn toàn chính xác hay chưa.\nNếu bỏ nguyên tắc này: Phản hồi của gia sư sẽ bỏ qua nỗ lực tự suy luận của học sinh, làm mất đi tính tương tác hai chiều và khiến học sinh hoang mang về tính đúng đắn của kết luận mình vừa rút ra."",""requirement_score"":5}]",,
3,flagged,needs_uet_review,BC-HNMU-G7-R0185-STT2-AI08,HNMU-G7-R0185-STT2,7,Bài 14. Thuật toán tìm kiếm tuần tự,Nhận biết,true,6,8,last,"[""PRINCIPLE-PRACTICE"",""PRINCIPLE-FEEDBACK""]","[""PRINCIPLE-EXPLANATION"",""PRINCIPLE-QUESTIONING""]",feedback_confirmation_only,"{""PRINCIPLE-CHALLENGE"":1,""PRINCIPLE-EXPLANATION"":3,""PRINCIPLE-FEEDBACK"":5,""PRINCIPLE-MODELLING"":1,""PRINCIPLE-PRACTICE"":4,""PRINCIPLE-QUESTIONING"":3}","[{""evidence"":""conversation_history (turn_index: 7)"",""principle_id"":""PRINCIPLE-FEEDBACK"",""rationale"":""Nhu cầu độc lập: Học sinh vừa tự lực đúc kết ra kết luận chính xác ở lượt 7 sau một chuỗi câu hỏi gợi mở, do đó có nhu cầu rất lớn được gia sư xác nhận và đánh giá xem câu trả lời của mình đã hoàn toàn đúng và đủ chưa.\nNếu bỏ nguyên tắc này: Nếu không có phản hồi công nhận câu trả lời của học sinh, mạch hội thoại sẽ bị đứt gãy, học sinh sẽ hoang mang không biết kết quả mình tự tổng hợp có thực sự chính xác hay không."",""requirement_score"":5}]",,
3,flagged,needs_uet_review,BC-HNMU-G7-R0186-STT3-AI04,HNMU-G7-R0186-STT3,7,Bài 14. Thuật toán tìm kiếm tuần tự,Nhận biết,true,2,4,middle,"[""PRINCIPLE-FEEDBACK"",""PRINCIPLE-QUESTIONING""]","[""PRINCIPLE-EXPLANATION""]",feedback_confirmation_only,"{""PRINCIPLE-CHALLENGE"":2,""PRINCIPLE-EXPLANATION"":3,""PRINCIPLE-FEEDBACK"":5,""PRINCIPLE-MODELLING"":1,""PRINCIPLE-PRACTICE"":2,""PRINCIPLE-QUESTIONING"":5}","[{""evidence"":""conversation_history (turn 3): \""Em dừng lại luôn vì tìm thấy rồi ạ.\"""",""principle_id"":""PRINCIPLE-FEEDBACK"",""rationale"":""Nhu cầu độc lập: Học sinh đã đưa ra câu trả lời cụ thể ở lượt 3 (\""Em dừng lại luôn vì tìm thấy rồi ạ\""). Học sinh có nhu cầu nhận được sự xác nhận rõ ràng từ gia sư về tính đúng đắn của câu trả lời này để củng cố sự tự tin.\nNếu bỏ nguyên tắc này: Phản hồi của gia sư sẽ bỏ qua nỗ lực trả lời của học sinh, làm mất đi sự tương tác tự nhiên và có thể khiến học sinh hoang mang không biết suy luận của mình có đúng với nguyên lý thuật toán hay không."",""requirement_score"":5}]",,
3,flagged,needs_uet_review,BC-HNMU-G7-R0186-STT3-AI06,HNMU-G7-R0186-STT3,7,Bài 14. Thuật toán tìm kiếm tuần tự,Nhận biết,true,4,6,middle,"[""PRINCIPLE-EXPLANATION"",""PRINCIPLE-FEEDBACK""]","[""PRINCIPLE-PRACTICE"",""PRINCIPLE-QUESTIONING""]",feedback_confirmation_only,"{""PRINCIPLE-CHALLENGE"":2,""PRINCIPLE-EXPLANATION"":5,""PRINCIPLE-FEEDBACK"":5,""PRINCIPLE-MODELLING"":2,""PRINCIPLE-PRACTICE"":3,""PRINCIPLE-QUESTIONING"":3}","[{""evidence"":""conversation_history (turn 5)"",""principle_id"":""PRINCIPLE-FEEDBACK"",""rationale"":""Nhu cầu độc lập: Học sinh vừa đưa ra một câu trả lời cụ thể ở lượt 5 (\""Em xét 1, 2, 5, 8. Xét hết rồi...\"") và cần được xác nhận tính đúng đắn của suy luận này đối với trường hợp tìm kiếm không thấy. Nếu bỏ nguyên tắc này: Học sinh sẽ không nhận được đánh giá trực tiếp về câu trả lời của mình, làm mất đi sự kết nối và động lực trong mạch đối thoại đang diễn ra rất tốt."",""requirement_score"":5}]",,
3,flagged,needs_uet_review,BC-HNMU-G7-R0186-STT3-AI08,HNMU-G7-R0186-STT3,7,Bài 14. Thuật toán tìm kiếm tuần tự,Nhận biết,true,6,8,middle,"[""PRINCIPLE-EXPLANATION"",""PRINCIPLE-FEEDBACK""]","[""PRINCIPLE-PRACTICE"",""PRINCIPLE-QUESTIONING""]",feedback_confirmation_only,"{""PRINCIPLE-CHALLENGE"":1,""PRINCIPLE-EXPLANATION"":5,""PRINCIPLE-FEEDBACK"":5,""PRINCIPLE-MODELLING"":1,""PRINCIPLE-PRACTICE"":3,""PRINCIPLE-QUESTIONING"":3}","[{""evidence"":""conversation_history: lượt 7"",""principle_id"":""PRINCIPLE-FEEDBACK"",""rationale"":""Nhu cầu độc lập: Học sinh vừa đưa ra câu trả lời tự phát rất chính xác ở lượt 7 (\""hết dãy rồi thì phải dừng lại thôi\"") và cần nhận được sự xác nhận, đánh giá trực tiếp để tự tin rằng câu trả lời của mình là đúng.\nNếu bỏ nguyên tắc này: Phản hồi của gia sư sẽ bỏ qua nỗ lực tư duy của học sinh ở lượt trước, khiến học sinh không rõ câu trả lời của mình đã chuẩn xác chưa và làm giảm hiệu quả của phương pháp dạy học tương tác gợi mở."",""requirement_score"":5}]",,
3,flagged,needs_uet_review,BC-HNMU-G7-R0186-STT3-AI10,HNMU-G7-R0186-STT3,7,Bài 14. Thuật toán tìm kiếm tuần tự,Nhận biết,true,8,10,last,"[""PRINCIPLE-PRACTICE"",""PRINCIPLE-FEEDBACK"",""PRINCIPLE-QUESTIONING""]",[],feedback_confirmation_only,"{""PRINCIPLE-CHALLENGE"":2,""PRINCIPLE-EXPLANATION"":2,""PRINCIPLE-FEEDBACK"":5,""PRINCIPLE-MODELLING"":1,""PRINCIPLE-PRACTICE"":4,""PRINCIPLE-QUESTIONING"":4}","[{""evidence"":""conversation_history (lượt 9): Thuật toán dừng khi tìm thấy giá trị cần tìm, hoặc khi đã duyệt hết toàn bộ danh sách ạ."",""principle_id"":""PRINCIPLE-FEEDBACK"",""rationale"":""Nhu cầu độc lập: Học sinh vừa đưa ra câu trả lời tóm tắt ở lượt 9 và cần một sự xác nhận rõ ràng, chính xác từ gia sư xem câu trả lời đó đã hoàn toàn đúng và đầy đủ theo chuẩn kiến thức hay chưa.\nNếu bỏ nguyên tắc này: Phản hồi của gia sư sẽ bỏ qua nỗ lực tóm tắt của học sinh, khiến học sinh không có điểm tựa tin cậy về tính đúng đắn của kiến thức mình vừa phát biểu trước khi chuyển sang hoạt động tiếp theo."",""requirement_score"":5}]",,
3,flagged,needs_uet_review,BC-HNMU-G7-R0187-STT4-AI06,HNMU-G7-R0187-STT4,7,Bài 14. Thuật toán tìm kiếm tuần tự,Nhận biết,true,4,6,middle,"[""PRINCIPLE-EXPLANATION"",""PRINCIPLE-FEEDBACK"",""PRINCIPLE-QUESTIONING""]","[""PRINCIPLE-PRACTICE""]",feedback_confirmation_only,"{""PRINCIPLE-CHALLENGE"":2,""PRINCIPLE-EXPLANATION"":4,""PRINCIPLE-FEEDBACK"":5,""PRINCIPLE-MODELLING"":2,""PRINCIPLE-PRACTICE"":3,""PRINCIPLE-QUESTIONING"":4}","[{""evidence"":""conversation_history: lượt 5 (student: \""Cô xem tên trên bài có phải là tên của em không. Nếu không phải cô lật tiếp tờ thứ hai ạ.\"")"",""principle_id"":""PRINCIPLE-FEEDBACK"",""rationale"":""Nhu cầu độc lập: Học sinh vừa đưa ra câu trả lời mô tả chính xác bước so sánh và lặp trong thuật toán ở lượt 5. Học sinh cần nhận được phản hồi ngay lập tức để xác nhận tính đúng đắn trong suy luận của mình trước khi đi tiếp. Nếu bỏ nguyên tắc này: Phản hồi tiếp theo của gia sư sẽ bỏ qua nỗ lực tư duy của học sinh, khiến học sinh hoang mang không biết cách mô tả của mình đã đúng bản chất tìm kiếm tuần tự chưa."",""requirement_score"":5}]",,
3,flagged,needs_uet_review,BC-HNMU-G7-R0187-STT4-AI08,HNMU-G7-R0187-STT4,7,Bài 14. Thuật toán tìm kiếm tuần tự,Nhận biết,true,6,8,middle,"[""PRINCIPLE-EXPLANATION"",""PRINCIPLE-FEEDBACK""]","[""PRINCIPLE-PRACTICE"",""PRINCIPLE-QUESTIONING""]",feedback_confirmation_only,"{""PRINCIPLE-CHALLENGE"":2,""PRINCIPLE-EXPLANATION"":5,""PRINCIPLE-FEEDBACK"":5,""PRINCIPLE-MODELLING"":2,""PRINCIPLE-PRACTICE"":3,""PRINCIPLE-QUESTIONING"":3}","[{""evidence"":""turn_index: 7"",""principle_id"":""PRINCIPLE-FEEDBACK"",""rationale"":""Nhu cầu độc lập: Học sinh vừa đưa ra câu trả lời rất chính xác về điều kiện dừng ở lượt 7 và cần được ghi nhận, đánh giá tính đúng đắn để củng cố sự tự tin. Nếu bỏ nguyên tắc này: Phản hồi tiếp theo sẽ trở nên đơn thoại, bỏ qua câu trả lời xuất sắc của học sinh và làm mất đi tính tương tác tích cực của quá trình học."",""requirement_score"":5}]",,
3,flagged,needs_uet_review,BC-HNMU-G7-R0187-STT4-AI10,HNMU-G7-R0187-STT4,7,Bài 14. Thuật toán tìm kiếm tuần tự,Nhận biết,true,8,10,last,"[""PRINCIPLE-FEEDBACK"",""PRINCIPLE-QUESTIONING""]","[""PRINCIPLE-CHALLENGE"",""PRINCIPLE-EXPLANATION""]",feedback_confirmation_only,"{""PRINCIPLE-CHALLENGE"":3,""PRINCIPLE-EXPLANATION"":3,""PRINCIPLE-FEEDBACK"":5,""PRINCIPLE-MODELLING"":2,""PRINCIPLE-PRACTICE"":2,""PRINCIPLE-QUESTIONING"":4}","[{""evidence"":""turn_index: 9, student_prompt: \""Dạ có. Em sẽ rút từng cuốn vở trong cặp ra xem nhãn vở, đúng môn thì lấy, sai thì cất lại và rút cuốn tiếp theo ạ.\"""",""principle_id"":""PRINCIPLE-FEEDBACK"",""rationale"":""Nhu cầu độc lập: Học sinh đã tự đề xuất một ví dụ thực tế cụ thể mô phỏng thuật toán. Học sinh có nhu cầu sư phạm rõ ràng là cần được đánh giá, xác nhận xem ví dụ của mình đã hoàn toàn chính xác và tương thích với thuật toán tìm kiếm tuần tự hay chưa.\nNếu bỏ nguyên tắc này: Một phản hồi sử dụng chiến lược khác (như giải thích lý thuyết ngay hoặc chuyển sang bài mới) mà không công nhận và phân tích tính đúng đắn trong câu trả lời của học sinh sẽ khiến học sinh hoang mang, không chắc chắn về kiến thức mình vừa tự kiến tạo."",""requirement_score"":5}]",,
3,flagged,needs_uet_review,BC-HNMU-G7-R0188-STT5-AI08,HNMU-G7-R0188-STT5,7,Bài 14. Thuật toán tìm kiếm tuần tự,Thông hiểu,true,6,8,middle,"[""PRINCIPLE-MODELLING"",""PRINCIPLE-FEEDBACK""]","[""PRINCIPLE-EXPLANATION"",""PRINCIPLE-QUESTIONING""]",feedback_confirmation_only,"{""PRINCIPLE-CHALLENGE"":1,""PRINCIPLE-EXPLANATION"":3,""PRINCIPLE-FEEDBACK"":5,""PRINCIPLE-MODELLING"":4,""PRINCIPLE-PRACTICE"":2,""PRINCIPLE-QUESTIONING"":3}","[{""evidence"":""conversation_history (turn_index 7): Bước 5 em xét vị trí thứ 5, lấy ra được số 10. Bằng với giá trị cần tìm rồi ạ!"",""principle_id"":""PRINCIPLE-FEEDBACK"",""rationale"":""Nhu cầu độc lập: Học sinh vừa đưa ra câu trả lời cho bước thứ 5 ở lượt hội thoại cuối cùng. Học sinh cần được xác nhận xem câu trả lời này đã chính xác chưa, và quan trọng nhất là cần nhận xét để biết rằng khi giá trị bằng vật cần tìm thì thuật toán phải dừng lại và đưa ra thông báo kết quả.\nNếu bỏ nguyên tắc này: Học sinh sẽ không có sự chốt chặn kiến thức để biết câu trả lời của mình đã hoàn thiện chưa, đồng thời không biết kết luận cuối cùng của thuật toán mô phỏng là gì (dừng lại và thông báo tìm thấy ở vị trí thứ 5)."",""requirement_score"":5}]",,
3,flagged,needs_uet_review,BC-HNMU-G7-R0188-STT5-AI10,HNMU-G7-R0188-STT5,7,Bài 14. Thuật toán tìm kiếm tuần tự,Thông hiểu,true,8,10,last,"[""PRINCIPLE-FEEDBACK""]","[""PRINCIPLE-PRACTICE"",""PRINCIPLE-QUESTIONING""]",feedback_confirmation_only,"{""PRINCIPLE-CHALLENGE"":2,""PRINCIPLE-EXPLANATION"":2,""PRINCIPLE-FEEDBACK"":5,""PRINCIPLE-MODELLING"":1,""PRINCIPLE-PRACTICE"":3,""PRINCIPLE-QUESTIONING"":3}","[{""evidence"":""conversation_history (lượt 9)"",""principle_id"":""PRINCIPLE-FEEDBACK"",""rationale"":""Nhu cầu độc lập: Học sinh vừa đưa ra câu trả lời hoàn chỉnh cho bước cuối cùng của thuật toán bao gồm điều kiện dừng và kết luận kết quả. Học sinh cần một phản hồi khẳng định tính chính xác của tư duy này để hoàn thiện sự tự tin của mình. Nếu bỏ nguyên tắc này: Học sinh sẽ không được xác nhận xem kết luận của mình về việc dừng thuật toán tại vị trí thứ 5 và không xét số 12 đã hoàn toàn chuẩn xác về mặt logic máy tính hay chưa."",""requirement_score"":5}]",,
3,flagged,needs_uet_review,BC-HNMU-G7-R0189-STT6-AI10,HNMU-G7-R0189-STT6,7,Bài 14. Thuật toán tìm kiếm tuần tự,Thông hiểu,true,8,10,last,"[""PRINCIPLE-FEEDBACK"",""PRINCIPLE-QUESTIONING""]","[""PRINCIPLE-PRACTICE""]",feedback_confirmation_only,"{""PRINCIPLE-CHALLENGE"":1,""PRINCIPLE-EXPLANATION"":2,""PRINCIPLE-FEEDBACK"":5,""PRINCIPLE-MODELLING"":1,""PRINCIPLE-PRACTICE"":3,""PRINCIPLE-QUESTIONING"":4}","[{""evidence"":""turn_index 9: \""À em hiểu rồi, 4 lần so sánh tương ứng với tốn 4 bước duyệt thưa gia sư.\"""",""principle_id"":""PRINCIPLE-FEEDBACK"",""rationale"":""Nhu cầu độc lập: Học sinh vừa tự rút ra kết luận quan trọng ở lượt 9 và cần được xác nhận chính thức xem hiểu biết mới hình thành của mình có hoàn toàn chính xác theo ngôn ngữ thuật toán hay chưa, giúp củng cố sự tự tin sau nhiều lần đếm nhầm.\nNếu bỏ nguyên tắc này: Một phản hồi dùng chiến lược phù hợp khác như đặt câu hỏi mới hoặc chuyển sang chủ đề khác mà bỏ qua việc ghi nhận, đánh giá câu trả lời của học sinh sẽ khiến học sinh hoang mang, không chắc chắn liệu mình đã thực sự hiểu đúng bản chất hay chưa."",""requirement_score"":5}]",,
3,flagged,needs_uet_review,BC-HNMU-G7-R0190-STT7-AI02,HNMU-G7-R0190-STT7,7,Bài 14. Thuật toán tìm kiếm tuần tự,Thông hiểu,false,0,2,first,"[""PRINCIPLE-EXPLANATION"",""PRINCIPLE-FEEDBACK""]","[""PRINCIPLE-MODELLING"",""PRINCIPLE-QUESTIONING""]",feedback_confirmation_only,"{""PRINCIPLE-CHALLENGE"":1,""PRINCIPLE-EXPLANATION"":5,""PRINCIPLE-FEEDBACK"":5,""PRINCIPLE-MODELLING"":3,""PRINCIPLE-PRACTICE"":2,""PRINCIPLE-QUESTIONING"":3}","[{""evidence"":""student_prompt: 'Gia sư ơi, đề bảo tìm số 15 trong dãy mất 6 bước. Nhưng số 15 đâu hề có mặt trong dãy này?'"",""principle_id"":""PRINCIPLE-FEEDBACK"",""rationale"":""Nhu cầu độc lập: Học sinh đưa ra một nhận định đúng về mặt thực tế (\""số 15 không hề có mặt trong dãy\"") nhưng đang bối rối về mặt thuật toán. Học sinh cần được phản hồi xác nhận nhận định thực tế này là đúng, đồng thời chỉ ra mối liên hệ logic giữa việc \""không có mặt\"" và việc \""phải mất 6 bước duyệt để khẳng định điều đó\"".\nNếu bỏ nguyên tắc này: Nếu không phản hồi trực tiếp vào nhận định của học sinh mà chỉ đưa ra lời giải thuyết suông, học sinh có thể cảm thấy bối rối không biết mình có nhìn nhầm dãy số hay không, hoặc cảm thấy gia sư không thực sự lắng nghe câu hỏi cụ thể của mình."",""requirement_score"":5}]",,
3,flagged,needs_uet_review,BC-HNMU-G7-R0190-STT7-AI04,HNMU-G7-R0190-STT7,7,Bài 14. Thuật toán tìm kiếm tuần tự,Thông hiểu,true,2,4,middle,"[""PRINCIPLE-FEEDBACK"",""PRINCIPLE-QUESTIONING""]","[""PRINCIPLE-EXPLANATION""]",feedback_confirmation_only,"{""PRINCIPLE-CHALLENGE"":2,""PRINCIPLE-EXPLANATION"":3,""PRINCIPLE-FEEDBACK"":5,""PRINCIPLE-MODELLING"":2,""PRINCIPLE-PRACTICE"":2,""PRINCIPLE-QUESTIONING"":5}","[{""evidence"":""conversation_history (lượt 3: \""Dạ em phải tìm hết toàn bộ tủ đồ, bới tung lên mới dám kết luận là không có ạ.\"")"",""principle_id"":""PRINCIPLE-FEEDBACK"",""rationale"":""Nhu cầu độc lập: Học sinh đã trả lời rất chính xác câu hỏi gợi mở của gia sư ở lượt 2 (\""phải tìm hết toàn bộ tủ đồ mới dám kết luận\""), do đó học sinh cần một phản hồi xác nhận để biết hướng tư duy thực tế của mình là hoàn toàn đúng đắn. Nếu bỏ nguyên tắc này: Nếu không ghi nhận câu trả lời của học sinh mà bỏ qua hoặc chuyển ngay sang việc khác, học sinh sẽ bị hẫng, không chắc chắn về lập luận của mình và làm giảm sự tương tác tích cực."",""requirement_score"":5}]",,
3,flagged,needs_uet_review,BC-HNMU-G7-R0190-STT7-AI06,HNMU-G7-R0190-STT7,7,Bài 14. Thuật toán tìm kiếm tuần tự,Thông hiểu,true,4,6,middle,"[""PRINCIPLE-FEEDBACK"",""PRINCIPLE-QUESTIONING""]","[""PRINCIPLE-EXPLANATION""]",feedback_confirmation_only,"{""PRINCIPLE-CHALLENGE"":2,""PRINCIPLE-EXPLANATION"":3,""PRINCIPLE-FEEDBACK"":5,""PRINCIPLE-MODELLING"":2,""PRINCIPLE-PRACTICE"":2,""PRINCIPLE-QUESTIONING"":5}","[{""evidence"":""conversation_history (lượt 5)"",""principle_id"":""PRINCIPLE-FEEDBACK"",""rationale"":""Nhu cầu độc lập: Học sinh vừa đưa ra câu trả lời cụ thể là \""dãy có 6 phần tử\"" ở lượt 5. Học sinh cần nhận được phản hồi để xác nhận tính chính xác của câu trả lời này, từ đó tạo điểm tựa logic cho bước lập luận tiếp theo. Nếu bỏ nguyên tắc này: Gia sư sẽ bỏ qua câu trả lời của học sinh để đưa ra kết luận ngay, làm đứt gãy mạch tương tác và khiến học sinh cảm thấy câu trả lời của mình không được ghi nhận."",""requirement_score"":5}]",,
3,flagged,needs_uet_review,BC-HNMU-G7-R0190-STT7-AI10,HNMU-G7-R0190-STT7,7,Bài 14. Thuật toán tìm kiếm tuần tự,Thông hiểu,true,8,10,last,"[""PRINCIPLE-PRACTICE"",""PRINCIPLE-FEEDBACK""]","[""PRINCIPLE-EXPLANATION"",""PRINCIPLE-QUESTIONING""]",feedback_confirmation_only,"{""PRINCIPLE-CHALLENGE"":2,""PRINCIPLE-EXPLANATION"":3,""PRINCIPLE-FEEDBACK"":5,""PRINCIPLE-MODELLING"":1,""PRINCIPLE-PRACTICE"":4,""PRINCIPLE-QUESTIONING"":3}","[{""evidence"":""conversation_history (lượt 9)"",""principle_id"":""PRINCIPLE-FEEDBACK"",""rationale"":""Nhu cầu độc lập: Học sinh vừa đưa ra câu trả lời quyết định ở lượt 9 để tự giải thích lý do cần 6 bước. Học sinh cần nhận được sự xác nhận chính thức từ gia sư về tính đúng đắn của câu trả lời này cùng sự đánh giá, tổng hợp lại để hoàn thiện câu trả lời cho câu hỏi nguồn. Nếu bỏ nguyên tắc này: Phản hồi tiếp theo sẽ bỏ qua câu trả lời quan trọng của học sinh, khiến học sinh hoang mang không biết suy luận của mình đã hoàn toàn chính xác và đủ ý hay chưa."",""requirement_score"":5}]",,
3,flagged,needs_uet_review,BC-HNMU-G7-R0191-STT8-AI08,HNMU-G7-R0191-STT8,7,Bài 14. Thuật toán tìm kiếm tuần tự,Thông hiểu,true,6,8,last,"[""PRINCIPLE-FEEDBACK""]","[""PRINCIPLE-PRACTICE"",""PRINCIPLE-QUESTIONING""]",feedback_confirmation_only,"{""PRINCIPLE-CHALLENGE"":2,""PRINCIPLE-EXPLANATION"":2,""PRINCIPLE-FEEDBACK"":5,""PRINCIPLE-MODELLING"":1,""PRINCIPLE-PRACTICE"":3,""PRINCIPLE-QUESTIONING"":3}","[{""evidence"":""turn_7"",""principle_id"":""PRINCIPLE-FEEDBACK"",""rationale"":""Nhu cầu độc lập: Học sinh vừa tự suy luận và đưa ra định nghĩa cốt lõi của \""tuần tự\"" ở lượt 7. Học sinh có nhu cầu nhận được sự công nhận, đánh giá và khẳng định ngay lập tức từ gia sư rằng kết luận của mình là hoàn toàn chính xác.\nNếu bỏ nguyên tắc này: Nếu không phản hồi xác nhận câu trả lời ở lượt 7, học sinh sẽ không thể biết chắc chắn liệu cách hiểu tự đúc kết của mình đã chuẩn xác và đúng với ngôn ngữ khoa học máy tính hay chưa, làm mất đi giá trị của toàn bộ tiến trình gợi mở trước đó."",""requirement_score"":5}]",,
3,flagged,needs_uet_review,BC-HNMU-G7-R0192-STT9-AI04,HNMU-G7-R0192-STT9,7,Bài 14. Thuật toán tìm kiếm tuần tự,Thông hiểu,true,2,4,middle,"[""PRINCIPLE-FEEDBACK"",""PRINCIPLE-QUESTIONING""]","[""PRINCIPLE-EXPLANATION""]",feedback_confirmation_only,"{""PRINCIPLE-CHALLENGE"":1,""PRINCIPLE-EXPLANATION"":3,""PRINCIPLE-FEEDBACK"":5,""PRINCIPLE-MODELLING"":2,""PRINCIPLE-PRACTICE"":1,""PRINCIPLE-QUESTIONING"":5}","[{""evidence"":""conversation_history lượt 3: Học sinh trả lời \""Dạ nó thực hiện thao tác \""so sánh\"" ạ.\"""",""principle_id"":""PRINCIPLE-FEEDBACK"",""rationale"":""Nhu cầu độc lập: Học sinh vừa đưa ra câu trả lời \""so sánh\"" cho mảnh ghép đầu tiên và rất cần được gia sư xác nhận tính đúng đắn để định hình hướng đi tiếp theo. Nếu bỏ nguyên tắc này: Học sinh sẽ không biết câu trả lời của mình đã chính xác hay chưa, gây hoang mang và làm gián đoạn mạch tư duy ghép nối kiến thức."",""requirement_score"":5}]",,
3,flagged,needs_uet_review,BC-HNMU-G7-R0192-STT9-AI08,HNMU-G7-R0192-STT9,7,Bài 14. Thuật toán tìm kiếm tuần tự,Thông hiểu,true,6,8,middle,"[""PRINCIPLE-FEEDBACK"",""PRINCIPLE-QUESTIONING""]","[""PRINCIPLE-MODELLING""]",feedback_confirmation_only,"{""PRINCIPLE-CHALLENGE"":1,""PRINCIPLE-EXPLANATION"":2,""PRINCIPLE-FEEDBACK"":5,""PRINCIPLE-MODELLING"":3,""PRINCIPLE-PRACTICE"":2,""PRINCIPLE-QUESTIONING"":5}","[{""evidence"":""conversation_history (lượt 7)"",""principle_id"":""PRINCIPLE-FEEDBACK"",""rationale"":""Nhu cầu độc lập: Học sinh vừa đưa ra câu trả lời cho mảnh ghép thứ 3 ở lượt 7 và cần được xác nhận tính chính xác của câu trả lời này, đồng thời cần được hướng dẫn cách liên kết cả 3 mảnh ghép lại để giải quyết băn khoăn ban đầu về cách diễn đạt.\nNếu bỏ nguyên tắc này: Học sinh sẽ không biết câu trả lời ở lượt 7 của mình đã hoàn toàn chính xác chưa và không có sự định hướng để xâu chuỗi các mảnh thông tin rời rạc thành một câu trả lời hoàn chỉnh."",""requirement_score"":5}]",,
3,flagged,needs_uet_review,BC-HNMU-G7-R0192-STT9-AI10,HNMU-G7-R0192-STT9,7,Bài 14. Thuật toán tìm kiếm tuần tự,Thông hiểu,true,8,10,last,"[""PRINCIPLE-FEEDBACK""]","[""PRINCIPLE-EXPLANATION"",""PRINCIPLE-PRACTICE"",""PRINCIPLE-QUESTIONING""]",feedback_confirmation_only,"{""PRINCIPLE-CHALLENGE"":2,""PRINCIPLE-EXPLANATION"":3,""PRINCIPLE-FEEDBACK"":5,""PRINCIPLE-MODELLING"":1,""PRINCIPLE-PRACTICE"":3,""PRINCIPLE-QUESTIONING"":3}","[{""evidence"":""conversation_history (turn_index: 9), student_prompt"",""principle_id"":""PRINCIPLE-FEEDBACK"",""rationale"":""Nhu cầu độc lập: Học sinh vừa hoàn thành việc tự ráp 3 mảnh lego kiến thức thành một câu phát biểu hoàn chỉnh ở lượt 9. Học sinh có nhu cầu nhận được đánh giá trực tiếp xem câu diễn đạt đó đã hoàn chỉnh, chính xác và đạt tiêu chí \""ngắn gọn, hàn lâm\"" như mong muốn ban đầu chưa. Nếu bỏ nguyên tắc này: Một phản hồi chỉ đưa ra câu hỏi mới hoặc chuyển chủ đề mà không xác nhận và đánh giá chất lượng câu trả lời của học sinh sẽ khiến học sinh hoang mang, không biết mình đã đạt yêu cầu bài học hay chưa."",""requirement_score"":5}]",,
3,flagged,needs_uet_review,BC-HNMU-G7-R0193-STT10-AI02,HNMU-G7-R0193-STT10,7,Bài 14. Thuật toán tìm kiếm tuần tự,Thông hiểu,false,0,2,first,"[""PRINCIPLE-EXPLANATION"",""PRINCIPLE-FEEDBACK""]","[""PRINCIPLE-MODELLING"",""PRINCIPLE-QUESTIONING""]",feedback_confirmation_only,"{""PRINCIPLE-CHALLENGE"":2,""PRINCIPLE-EXPLANATION"":5,""PRINCIPLE-FEEDBACK"":4,""PRINCIPLE-MODELLING"":3,""PRINCIPLE-PRACTICE"":2,""PRINCIPLE-QUESTIONING"":3}","[{""evidence"":""student_prompt"",""principle_id"":""PRINCIPLE-FEEDBACK"",""rationale"":""Nhu cầu độc lập: Học sinh đã chủ động đưa ra ba giả thuyết cụ thể về kết quả đầu ra (vị trí thứ 2, thứ 4, hoặc cả hai). Học sinh cần được xác nhận phương án nào đúng và vì sao các phương án còn lại chưa chính xác. Nếu bỏ nguyên tắc này: Phản hồi nếu chỉ nêu lý thuyết chung chung mà không trực tiếp đánh giá các phương án lựa chọn mà học sinh đưa ra sẽ làm giảm tính tương tác và không giải quyết trúng đích suy nghĩ hiện tại của học sinh."",""requirement_score"":4}]",,
3,flagged,needs_uet_review,BC-HNMU-G7-R0193-STT10-AI08,HNMU-G7-R0193-STT10,7,Bài 14. Thuật toán tìm kiếm tuần tự,Thông hiểu,true,6,8,middle,"[""PRINCIPLE-EXPLANATION"",""PRINCIPLE-FEEDBACK""]","[""PRINCIPLE-PRACTICE"",""PRINCIPLE-QUESTIONING""]",feedback_confirmation_only,"{""PRINCIPLE-CHALLENGE"":2,""PRINCIPLE-EXPLANATION"":4,""PRINCIPLE-FEEDBACK"":5,""PRINCIPLE-MODELLING"":1,""PRINCIPLE-PRACTICE"":3,""PRINCIPLE-QUESTIONING"":3}","[{""evidence"":""Lượt 7: \""À! Nó phải dừng lại ngay lập tức và thông báo tìm thấy ở vị trí số 2.\"""",""principle_id"":""PRINCIPLE-FEEDBACK"",""rationale"":""Nhu cầu độc lập: Học sinh vừa tự đưa ra kết luận cốt lõi cho thắc mắc ban đầu của mình ở lượt 7 và cần được gia sư xác nhận tính đúng đắn ngay lập tức để củng cố niềm tin vào lập luận của bản thân. Nếu bỏ nguyên tắc này: Nếu không nhận xét và xác nhận câu trả lời của học sinh là đúng, học sinh sẽ rơi vào trạng thái mơ hồ, hoang mang không biết suy luận tự phát của mình đã chuẩn xác theo logic máy tính chưa."",""requirement_score"":5}]",,
3,flagged,needs_uet_review,BC-HNMU-G7-R0194-STT11-AI04,HNMU-G7-R0194-STT11,7,Bài 14. Thuật toán tìm kiếm tuần tự,Vận dụng,true,2,4,middle,"[""PRINCIPLE-EXPLANATION"",""PRINCIPLE-FEEDBACK""]","[""PRINCIPLE-QUESTIONING""]",feedback_confirmation_only,"{""PRINCIPLE-CHALLENGE"":2,""PRINCIPLE-EXPLANATION"":4,""PRINCIPLE-FEEDBACK"":5,""PRINCIPLE-MODELLING"":2,""PRINCIPLE-PRACTICE"":1,""PRINCIPLE-QUESTIONING"":3}","[{""evidence"":""conversation_history lượt 3"",""principle_id"":""PRINCIPLE-FEEDBACK"",""rationale"":""Nhu cầu độc lập: Học sinh đã đưa ra câu trả lời cụ thể ở lượt 3 mô tả quá trình duyệt từ trang chữ A đến chữ Z. Học sinh cần nhận được phản hồi xác nhận rằng mô tả của mình là hoàn toàn chính xác theo định nghĩa của thuật toán tuần tự, từ đó làm cơ sở để đánh giá tính hợp lý của nó. Nếu bỏ nguyên tắc này: Phản hồi sẽ bỏ qua câu trả lời thực tế của học sinh, làm mất đi tính kết nối của chuỗi đối thoại Socratic và không giúp học sinh liên hệ giữa lý thuyết họ vừa nêu với tính bất hợp lý trong thực tế."",""requirement_score"":5}]",,
3,flagged,needs_uet_review,BC-HNMU-G7-R0194-STT11-AI06,HNMU-G7-R0194-STT11,7,Bài 14. Thuật toán tìm kiếm tuần tự,Vận dụng,true,4,6,middle,"[""PRINCIPLE-EXPLANATION"",""PRINCIPLE-FEEDBACK"",""PRINCIPLE-QUESTIONING""]",[],feedback_confirmation_only,"{""PRINCIPLE-CHALLENGE"":2,""PRINCIPLE-EXPLANATION"":5,""PRINCIPLE-FEEDBACK"":5,""PRINCIPLE-MODELLING"":2,""PRINCIPLE-PRACTICE"":2,""PRINCIPLE-QUESTIONING"":4}","[{""evidence"":""conversation_history (lượt 5: \""Ui, thế thì quá lâu và mất sức ạ. Bình thường em sẽ dùng tay tách thẳng về phía cuối cuốn sách luôn.\"")"",""principle_id"":""PRINCIPLE-FEEDBACK"",""rationale"":""Nhu cầu độc lập: Học sinh vừa đưa ra một phát hiện thực tế rất giá trị (việc tìm tuần tự là quá lâu và đề xuất cách tách thẳng về cuối sách). Học sinh cần nhận được phản hồi xác nhận tính đúng đắn của nhận xét này và phân tích hành động \""tách thẳng\"" đó dưới góc nhìn thuật toán.\nNếu bỏ nguyên tắc này: Sự chủ động liên hệ thực tế của học sinh không được ghi nhận và định hướng, khiến em không chắc chắn liệu suy luận thực tế của mình có đúng với bản chất bài học hay không."",""requirement_score"":5}]",,
3,flagged,needs_uet_review,BC-HNMU-G7-R0194-STT11-AI08,HNMU-G7-R0194-STT11,7,Bài 14. Thuật toán tìm kiếm tuần tự,Vận dụng,true,6,8,middle,"[""PRINCIPLE-FEEDBACK"",""PRINCIPLE-QUESTIONING""]","[""PRINCIPLE-EXPLANATION""]",feedback_confirmation_only,"{""PRINCIPLE-CHALLENGE"":2,""PRINCIPLE-EXPLANATION"":3,""PRINCIPLE-FEEDBACK"":5,""PRINCIPLE-MODELLING"":1,""PRINCIPLE-PRACTICE"":2,""PRINCIPLE-QUESTIONING"":5}","[{""evidence"":""Lượt hội thoại 7: \""Vì từ điển người ta đã sắp xếp sẵn theo thứ tự bảng chữ cái ABC rồi ạ.\"""",""principle_id"":""PRINCIPLE-FEEDBACK"",""rationale"":""Nhu cầu độc lập: Học sinh vừa đưa ra một phát hiện cốt lõi ở lượt 7 (\""từ điển người ta đã sắp xếp sẵn theo thứ tự\""). Học sinh cần nhận được phản hồi xác nhận tính chính xác và tầm quan trọng của phát hiện này để làm cơ sở vững chắc cho kết luận cuối cùng. Nếu bỏ nguyên tắc này: Gia sư sẽ bỏ qua câu trả lời của học sinh, làm mất đi sự kết nối trong hội thoại và học sinh không biết phát hiện của mình có giá trị như thế nào đối với bài toán."",""requirement_score"":5}]",,
3,flagged,needs_uet_review,BC-HNMU-G7-R0194-STT11-AI10,HNMU-G7-R0194-STT11,7,Bài 14. Thuật toán tìm kiếm tuần tự,Vận dụng,true,8,10,last,"[""PRINCIPLE-CHALLENGE"",""PRINCIPLE-FEEDBACK""]","[""PRINCIPLE-EXPLANATION"",""PRINCIPLE-PRACTICE"",""PRINCIPLE-QUESTIONING""]",feedback_confirmation_only,"{""PRINCIPLE-CHALLENGE"":4,""PRINCIPLE-EXPLANATION"":3,""PRINCIPLE-FEEDBACK"":4,""PRINCIPLE-MODELLING"":1,""PRINCIPLE-PRACTICE"":3,""PRINCIPLE-QUESTIONING"":3}","[{""evidence"":""conversation_history (turn_index: 9)"",""principle_id"":""PRINCIPLE-FEEDBACK"",""rationale"":""Nhu cầu độc lập: Học sinh vừa đưa ra một kết luận tự suy luận rất tốt ở lượt 9. Học sinh cần nhận được phản hồi khẳng định tính đúng đắn và đánh giá cao lập luận thông minh của mình để củng cố niềm tin và chốt lại kiến thức cốt lõi của bài học. Nếu bỏ nguyên tắc này: Học sinh sẽ không có sự xác nhận chính thức từ gia sư rằng lập luận \""tìm kiếm tuần tự tốn thời gian với dữ liệu đã sắp xếp\"" của mình là hoàn toàn chính xác về mặt khoa học."",""requirement_score"":4}]",,
3,flagged,needs_uet_review,BC-HNMU-G7-R0196-STT13-AI08,HNMU-G7-R0196-STT13,7,Bài 14. Thuật toán tìm kiếm tuần tự,Vận dụng,true,6,8,middle,"[""PRINCIPLE-EXPLANATION"",""PRINCIPLE-PRACTICE"",""PRINCIPLE-FEEDBACK""]","[""PRINCIPLE-QUESTIONING""]",feedback_confirmation_only,"{""PRINCIPLE-CHALLENGE"":1,""PRINCIPLE-EXPLANATION"":4,""PRINCIPLE-FEEDBACK"":5,""PRINCIPLE-MODELLING"":2,""PRINCIPLE-PRACTICE"":4,""PRINCIPLE-QUESTIONING"":3}","[{""evidence"":""Lượt hội thoại 7"",""principle_id"":""PRINCIPLE-FEEDBACK"",""rationale"":""Nhu cầu độc lập: Học sinh vừa đưa ra giải pháp đếm cụ thể theo trải nghiệm thực tế (\""lấy bút gạch 1 nét ra nháp\"", \""tự cộng thêm 1 vào trí nhớ\""), phản hồi cần ngay lập tức đánh giá và xác nhận tính đúng đắn của tư duy trực quan này để khích lệ học sinh. Nếu bỏ nguyên tắc này: Phản hồi sẽ bỏ qua câu trả lời rất hay của học sinh, khiến học sinh hụt hẫng và không biết liệu cách hình dung của mình có đúng bản chất của thuật toán đếm hay không."",""requirement_score"":5}]",,
3,flagged,needs_uet_review,BC-HNMU-G7-R0196-STT13-AI10,HNMU-G7-R0196-STT13,7,Bài 14. Thuật toán tìm kiếm tuần tự,Vận dụng,true,8,10,last,"[""PRINCIPLE-PRACTICE"",""PRINCIPLE-FEEDBACK""]","[""PRINCIPLE-CHALLENGE"",""PRINCIPLE-MODELLING"",""PRINCIPLE-QUESTIONING""]",feedback_confirmation_only,"{""PRINCIPLE-CHALLENGE"":3,""PRINCIPLE-EXPLANATION"":2,""PRINCIPLE-FEEDBACK"":5,""PRINCIPLE-MODELLING"":3,""PRINCIPLE-PRACTICE"":4,""PRINCIPLE-QUESTIONING"":3}","[{""evidence"":""Lượt 9"",""principle_id"":""PRINCIPLE-FEEDBACK"",""rationale"":""Nhu cầu độc lập: Học sinh đã tự nỗ lực suy luận và đưa ra một câu trả lời hoàn chỉnh, chi tiết mô tả thuật toán đếm cải tiến ở lượt 9. Học sinh cần nhận được một phản hồi đánh giá trực tiếp, xác nhận tính đúng đắn và khen ngợi sự tiến bộ từ gia sư. Nếu bỏ nguyên tắc này: Một phản hồi chuyển ngay sang nhiệm vụ khác mà không đưa ra nhận xét hoặc công nhận kết quả tự xây dựng của học sinh sẽ làm giảm động lực học tập, đồng thời khiến học sinh không chắc chắn liệu giải pháp mình tự đưa ra đã hoàn toàn chính xác hay chưa."",""requirement_score"":5}]",,
3,flagged,needs_uet_review,BC-HNMU-G7-R0197-STT14-AI04,HNMU-G7-R0197-STT14,7,Bài 14. Thuật toán tìm kiếm tuần tự,Vận dụng,true,2,4,middle,"[""PRINCIPLE-FEEDBACK"",""PRINCIPLE-QUESTIONING""]","[""PRINCIPLE-EXPLANATION""]",feedback_confirmation_only,"{""PRINCIPLE-CHALLENGE"":1,""PRINCIPLE-EXPLANATION"":3,""PRINCIPLE-FEEDBACK"":5,""PRINCIPLE-MODELLING"":2,""PRINCIPLE-PRACTICE"":1,""PRINCIPLE-QUESTIONING"":5}","[{""evidence"":""conversation_history lượt 3: \""Dạ, tạm thời biến Max là 5 ạ.\"""",""principle_id"":""PRINCIPLE-FEEDBACK"",""rationale"":""Nhu cầu độc lập: Học sinh vừa đưa ra câu trả lời cụ thể cho câu hỏi gợi mở ở lượt trước (\""Dạ, tạm thời biến Max là 5 ạ.\""). Học sinh cần nhận được phản hồi xác nhận tính đúng đắn của câu trả lời này để có điểm tựa vững chắc trước khi đi tiếp. Nếu bỏ nguyên tắc này: Phản hồi của gia sư nếu bỏ qua câu trả lời của học sinh mà đi thẳng vào lý thuyết hoặc câu hỏi khác sẽ làm đứt gãy mạch tương tác, khiến học sinh hoang mang không biết mình đã tư duy đúng bước khởi tạo chưa."",""requirement_score"":5}]",,
3,flagged,needs_uet_review,BC-HNMU-G7-R0197-STT14-AI06,HNMU-G7-R0197-STT14,7,Bài 14. Thuật toán tìm kiếm tuần tự,Vận dụng,true,4,6,middle,"[""PRINCIPLE-FEEDBACK"",""PRINCIPLE-QUESTIONING""]","[""PRINCIPLE-EXPLANATION""]",feedback_confirmation_only,"{""PRINCIPLE-CHALLENGE"":2,""PRINCIPLE-EXPLANATION"":3,""PRINCIPLE-FEEDBACK"":5,""PRINCIPLE-MODELLING"":2,""PRINCIPLE-PRACTICE"":2,""PRINCIPLE-QUESTIONING"":5}","[{""evidence"":""conversation_history (turn 5)"",""principle_id"":""PRINCIPLE-FEEDBACK"",""rationale"":""Nhu cầu độc lập: Học sinh vừa đưa ra một câu trả lời mang tính hình tượng trực quan (\""đẩy số 5 ra và chiếm lấy vị trí kỉ lục\"") ở lượt 5. Học sinh cần được phản hồi ngay lập tức để xác nhận tính đúng đắn của tư duy này, đồng thời được chuẩn hóa thuật ngữ từ hình ảnh thực tế sang khái niệm khoa học máy tính (phép gán và cập nhật giá trị biến Max).\nNếu bỏ nguyên tắc này: Phản hồi tiếp theo sẽ không ghi nhận được nỗ lực suy luận của học sinh, khiến học sinh không chắc chắn liệu cách hiểu của mình đã chính xác chưa và gặp khó khăn trong việc kết nối suy nghĩ thực tế với thuật toán thực tế."",""requirement_score"":5}]",,
3,flagged,needs_uet_review,BC-HNMU-G7-R0197-STT14-AI10,HNMU-G7-R0197-STT14,7,Bài 14. Thuật toán tìm kiếm tuần tự,Vận dụng,true,8,10,middle,"[""PRINCIPLE-FEEDBACK"",""PRINCIPLE-QUESTIONING""]","[""PRINCIPLE-EXPLANATION"",""PRINCIPLE-PRACTICE""]",feedback_confirmation_only,"{""PRINCIPLE-CHALLENGE"":2,""PRINCIPLE-EXPLANATION"":3,""PRINCIPLE-FEEDBACK"":5,""PRINCIPLE-MODELLING"":2,""PRINCIPLE-PRACTICE"":3,""PRINCIPLE-QUESTIONING"":5}","[{""evidence"":""Lượt 9 (\""Số 2 nhỏ hơn số 9, nên không đủ điều kiện làm kỉ lục. Max vẫn giữ nguyên giá trị là 9.\"")"",""principle_id"":""PRINCIPLE-FEEDBACK"",""rationale"":""Nhu cầu độc lập: Học sinh vừa hoàn thành một bước suy luận mô phỏng chính xác cho cả trường hợp giá trị mới nhỏ hơn giá trị Max hiện tại. Học sinh cần được xác nhận tính đúng đắn của tư duy này để củng cố sự tự tin trước khi tiến hành khái quát hóa thuật toán. Nếu bỏ nguyên tắc này: Nếu không phản hồi trực tiếp để xác nhận câu trả lời đúng của học sinh, học sinh sẽ không chắc chắn liệu cách hiểu của mình về việc \""giữ nguyên giá trị\"" đã hoàn toàn chính xác theo góc độ kỹ thuật máy tính hay chưa."",""requirement_score"":5}]",,
3,flagged,needs_uet_review,BC-HNMU-G7-R0198-STT1-AI06,HNMU-G7-R0198-STT1,7,Bài 15. Thuật toán tìm kiếm nhị phân,Nhận biết,true,4,6,middle,"[""PRINCIPLE-FEEDBACK"",""PRINCIPLE-QUESTIONING""]","[""PRINCIPLE-EXPLANATION""]",feedback_confirmation_only,"{""PRINCIPLE-CHALLENGE"":2,""PRINCIPLE-EXPLANATION"":3,""PRINCIPLE-FEEDBACK"":5,""PRINCIPLE-MODELLING"":2,""PRINCIPLE-PRACTICE"":1,""PRINCIPLE-QUESTIONING"":5}","[{""evidence"":""conversation_history: lượt 5 (\""Dạ không ạ, thế thì đến mai mất. Em sẽ mở thẳng về phía cuối sách.\"")"",""principle_id"":""PRINCIPLE-FEEDBACK"",""rationale"":""Nhu cầu độc lập: Học sinh đã đưa ra một câu trả lời thực tế rất xuất sắc ở lượt 5 (\""Em sẽ mở thẳng về phía cuối sách\""). Học sinh cần nhận được phản hồi để xác nhận tính hợp lý của hành động này và biết được hành động đó chính là nền tảng của tìm kiếm nhị phân. Nếu bỏ nguyên tắc này: Một phản hồi bỏ qua câu trả lời của học sinh mà chuyển thẳng sang lý thuyết sẽ làm mất đi sợi dây liên kết tự nhiên giữa trải nghiệm thực tế và kiến thức khoa học máy tính, khiến học sinh khó hình dung ý nghĩa của thuật toán."",""requirement_score"":5}]",,
3,flagged,needs_uet_review,BC-HNMU-G7-R0198-STT1-AI08,HNMU-G7-R0198-STT1,7,Bài 15. Thuật toán tìm kiếm nhị phân,Nhận biết,true,6,8,middle,"[""PRINCIPLE-EXPLANATION"",""PRINCIPLE-FEEDBACK"",""PRINCIPLE-QUESTIONING""]",[],feedback_confirmation_only,"{""PRINCIPLE-CHALLENGE"":2,""PRINCIPLE-EXPLANATION"":4,""PRINCIPLE-FEEDBACK"":5,""PRINCIPLE-MODELLING"":2,""PRINCIPLE-PRACTICE"":2,""PRINCIPLE-QUESTIONING"":5}","[{""evidence"":""Lượt 7: \""Chữ Z nằm ở phần sau ạ. Vậy em chỉ tìm phần sau thôi, bỏ qua luôn phần trước.\"""",""principle_id"":""PRINCIPLE-FEEDBACK"",""rationale"":""Nhu cầu độc lập: Học sinh vừa đưa ra một phát hiện rất quan trọng về nguyên lý chia đôi và loại bỏ phạm vi tìm kiếm ở lượt 7. Học sinh cần nhận được phản hồi ngay lập tức để xác nhận tư duy logic này là hoàn toàn chính xác và chính là cốt lõi của thuật toán tìm kiếm nhị phân. Nếu bỏ nguyên tắc này: Gia sư sẽ bỏ lỡ cơ hội củng cố sự tự tin của học sinh và làm mất đi tính liên kết tự nhiên giữa ví dụ thực tế với kiến thức bài học."",""requirement_score"":5}]",,
3,flagged,needs_uet_review,BC-HNMU-G7-R0200-STT3-AI10,HNMU-G7-R0200-STT3,7,Bài 15. Thuật toán tìm kiếm nhị phân,Nhận biết,true,8,10,last,"[""PRINCIPLE-EXPLANATION"",""PRINCIPLE-FEEDBACK""]","[""PRINCIPLE-QUESTIONING""]",feedback_confirmation_only,"{""PRINCIPLE-CHALLENGE"":2,""PRINCIPLE-EXPLANATION"":4,""PRINCIPLE-FEEDBACK"":5,""PRINCIPLE-MODELLING"":1,""PRINCIPLE-PRACTICE"":2,""PRINCIPLE-QUESTIONING"":3}","[{""evidence"":""conversation_history (turn_index: 9): \""Dạ nó chặt danh sách làm 2 phần (nửa trước và nửa sau) ạ.\"""",""principle_id"":""PRINCIPLE-FEEDBACK"",""rationale"":""Nhu cầu độc lập: Học sinh vừa hoàn thành xuất sắc chuỗi câu hỏi gợi mở và đưa ra câu trả lời chính xác ở lượt 9 (\""nó chặt danh sách làm 2 phần (nửa trước và nửa sau) ạ\""). Học sinh cần nhận được sự xác nhận ngay lập tức và đánh giá tích cực từ gia sư để củng cố sự tự tin và ghi nhận nỗ lực suy luận.\nNếu bỏ nguyên tắc này: Nếu không có phản hồi nhận xét trực tiếp vào câu trả lời của học sinh mà chuyển ngay sang câu hỏi mới hoặc giải thích lý thuyết khác, học sinh sẽ không biết chắc chắn câu trả lời của mình đã hoàn toàn chính xác chưa, làm giảm hiệu quả của phương pháp dạy học gợi mở."",""requirement_score"":5}]",,
3,flagged,needs_uet_review,BC-HNMU-G7-R0201-STT4-AI06,HNMU-G7-R0201-STT4,7,Bài 15. Thuật toán tìm kiếm nhị phân,Nhận biết,true,4,6,middle,"[""PRINCIPLE-FEEDBACK"",""PRINCIPLE-QUESTIONING""]","[""PRINCIPLE-EXPLANATION""]",feedback_confirmation_only,"{""PRINCIPLE-CHALLENGE"":1,""PRINCIPLE-EXPLANATION"":3,""PRINCIPLE-FEEDBACK"":5,""PRINCIPLE-MODELLING"":2,""PRINCIPLE-PRACTICE"":1,""PRINCIPLE-QUESTIONING"":5}","[{""evidence"":""Lượt 5 của 'conversation_history': Student phát biểu 'Danh sách đó phải được sắp xếp tăng dần rồi ạ.'"",""principle_id"":""PRINCIPLE-FEEDBACK"",""rationale"":""Nhu cầu độc lập: Học sinh vừa đưa ra một câu trả lời chính xác ở lượt 5 về đặc điểm của danh sách số (\""được sắp xếp tăng dần\""). Học sinh cần nhận được phản hồi xác nhận tính đúng đắn của câu trả lời này để củng cố sự tự tin và chính thức chốt lại yếu tố đầu vào thứ nhất. Nếu bỏ nguyên tắc này: Phản hồi tiếp theo của gia sư nếu bỏ qua việc nhận xét câu trả lời của học sinh mà chuyển thẳng sang câu hỏi khác sẽ khiến học sinh hoang mang, không chắc chắn câu trả lời của mình đã đúng hay chưa, gây ảnh hưởng đến mạch logic của bài học."",""requirement_score"":5}]",,
3,flagged,needs_uet_review,BC-HNMU-G7-R0201-STT4-AI08,HNMU-G7-R0201-STT4,7,Bài 15. Thuật toán tìm kiếm nhị phân,Nhận biết,true,6,8,middle,"[""PRINCIPLE-FEEDBACK"",""PRINCIPLE-QUESTIONING""]","[""PRINCIPLE-EXPLANATION""]",feedback_confirmation_only,"{""PRINCIPLE-CHALLENGE"":2,""PRINCIPLE-EXPLANATION"":3,""PRINCIPLE-FEEDBACK"":5,""PRINCIPLE-MODELLING"":2,""PRINCIPLE-PRACTICE"":2,""PRINCIPLE-QUESTIONING"":5}","[{""evidence"":""turn_index: 7"",""principle_id"":""PRINCIPLE-FEEDBACK"",""rationale"":""Nhu cầu độc lập: Học sinh đã trả lời đúng mảnh ghép cuối cùng của đầu vào (\""giá trị cần tìm\"") ở lượt 7. Học sinh cần nhận được phản hồi xác nhận tính chính xác và tổng hợp lại toàn bộ phần đầu vào (gồm danh sách đã sắp xếp và giá trị cần tìm) để ghi nhớ hệ thống.\nNếu bỏ nguyên tắc này: Học sinh sẽ không có sự chốt kiến thức rõ ràng cho phần đầu vào, dễ dẫn đến việc mơ hồ hoặc quên các yếu tố đã tìm ra khi chuyển sang tìm hiểu về đầu ra."",""requirement_score"":5}]",,
3,flagged,needs_uet_review,BC-HNMU-G7-R0201-STT4-AI10,HNMU-G7-R0201-STT4,7,Bài 15. Thuật toán tìm kiếm nhị phân,Nhận biết,true,8,10,middle,"[""PRINCIPLE-FEEDBACK"",""PRINCIPLE-QUESTIONING""]","[""PRINCIPLE-EXPLANATION""]",feedback_confirmation_only,"{""PRINCIPLE-CHALLENGE"":2,""PRINCIPLE-EXPLANATION"":3,""PRINCIPLE-FEEDBACK"":5,""PRINCIPLE-MODELLING"":2,""PRINCIPLE-PRACTICE"":2,""PRINCIPLE-QUESTIONING"":5}","[{""evidence"":""turn_index: 9"",""principle_id"":""PRINCIPLE-FEEDBACK"",""rationale"":""Nhu cầu độc lập: Học sinh vừa đưa ra câu trả lời chốt cho phần đầu vào ở lượt 9 và cần được xác nhận tính chính xác để củng cố sự tự tin trước khi chuyển sang phần tiếp theo. Nếu bỏ nguyên tắc này: Học sinh sẽ không biết câu trả lời của mình đã hoàn toàn đúng hay chưa, gây ảnh hưởng đến tính logic và sự liền mạch của quá trình xây dựng kiến thức."",""requirement_score"":5}]",,
3,flagged,needs_uet_review,BC-HNMU-G7-R0201-STT4-AI12,HNMU-G7-R0201-STT4,7,Bài 15. Thuật toán tìm kiếm nhị phân,Nhận biết,true,10,12,last,"[""PRINCIPLE-PRACTICE"",""PRINCIPLE-FEEDBACK"",""PRINCIPLE-QUESTIONING""]",[],feedback_confirmation_only;questioning_without_answer_dependency,"{""PRINCIPLE-CHALLENGE"":2,""PRINCIPLE-EXPLANATION"":2,""PRINCIPLE-FEEDBACK"":5,""PRINCIPLE-MODELLING"":2,""PRINCIPLE-PRACTICE"":4,""PRINCIPLE-QUESTIONING"":4}","[{""evidence"":""conversation_history (turn_index: 11), gold_answer"",""principle_id"":""PRINCIPLE-FEEDBACK"",""rationale"":""Nhu cầu độc lập: Học sinh vừa đưa ra câu trả lời tự suy luận về các trường hợp đầu ra ở lượt 11 (\""tìm ra vị trí...\"", \""báo không có...\""). Học sinh cần nhận được phản hồi trực tiếp để xác nhận tính chính xác và được chuẩn hóa ngôn ngữ theo thuật ngữ khoa học máy tính.\nNếu bỏ nguyên tắc này: Phản hồi của gia sư sẽ bỏ qua nỗ lực tự suy luận của học sinh, khiến học sinh hoang mang không biết câu trả lời của mình đã chuẩn xác hay chưa và không kết nối được với định nghĩa chuẩn trong gold_answer."",""requirement_score"":5},{""evidence"":""conversation_history (turn_index: 11)"",""principle_id"":""PRINCIPLE-QUESTIONING"",""rationale"":""Nhu cầu độc lập: Để duy trì mạch suy luận tích cực và đảm bảo tính chủ động, gia sư cần đặt câu hỏi yêu cầu học sinh tự xác định đầu vào/đầu ra cho một tình huống cụ thể mới, thay vì tự mình đưa ra câu trả lời.\nNếu bỏ nguyên tắc này: Gia sư sẽ rơi vào trạng thái thuyết giảng một chiều sau khi học sinh trả lời đúng, làm mất đi cơ hội để học sinh tự kiểm tra mức độ hiểu bài của mình."",""requirement_score"":4}]",,
3,flagged,needs_uet_review,BC-HNMU-G7-R0202-STT5-AI12,HNMU-G7-R0202-STT5,7,Bài 15. Thuật toán tìm kiếm nhị phân,Thông hiểu,true,10,12,last,"[""PRINCIPLE-FEEDBACK"",""PRINCIPLE-QUESTIONING""]","[""PRINCIPLE-CHALLENGE"",""PRINCIPLE-EXPLANATION"",""PRINCIPLE-PRACTICE""]",feedback_confirmation_only,"{""PRINCIPLE-CHALLENGE"":3,""PRINCIPLE-EXPLANATION"":3,""PRINCIPLE-FEEDBACK"":5,""PRINCIPLE-MODELLING"":2,""PRINCIPLE-PRACTICE"":3,""PRINCIPLE-QUESTIONING"":4}","[{""evidence"":""Lượt 11 học sinh phản hồi: \""Nhị phân loại bỏ được cả một nửa danh sách sau mỗi bước, còn tuần tự chỉ loại được 1 phần tử.\"""",""principle_id"":""PRINCIPLE-FEEDBACK"",""rationale"":""Nhu cầu độc lập: Học sinh đã tự nỗ lực suy luận và đưa ra câu trả lời hoàn toàn chính xác cho câu hỏi cốt lõi của bài học, do đó rất cần một phản hồi khẳng định mang tính chuyên môn để xác nhận tính đúng đắn và củng cố sự tự tin của học sinh. Nếu bỏ nguyên tắc này: Học sinh sẽ rơi vào trạng thái lấp lửng, không chắc chắn liệu cách hiểu tự phát triển của mình đã hoàn hảo và được công nhận hay chưa."",""requirement_score"":5}]",,
3,flagged,needs_uet_review,BC-HNMU-G7-R0203-STT6-AI04,HNMU-G7-R0203-STT6,7,Bài 15. Thuật toán tìm kiếm nhị phân,Thông hiểu,true,2,4,middle,"[""PRINCIPLE-FEEDBACK"",""PRINCIPLE-QUESTIONING""]","[""PRINCIPLE-EXPLANATION"",""PRINCIPLE-MODELLING""]",feedback_confirmation_only,"{""PRINCIPLE-CHALLENGE"":2,""PRINCIPLE-EXPLANATION"":3,""PRINCIPLE-FEEDBACK"":5,""PRINCIPLE-MODELLING"":3,""PRINCIPLE-PRACTICE"":2,""PRINCIPLE-QUESTIONING"":5}","[{""evidence"":""conversation_history (turn_index: 3)"",""principle_id"":""PRINCIPLE-FEEDBACK"",""rationale"":""Nhu cầu độc lập: Học sinh vừa đưa ra một câu trả lời cụ thể ở lượt 3 (\""Nó sẽ kiểm tra phần tử nằm ở vị trí chính giữa của dãy ạ\""). Học sinh cần nhận được sự xác nhận ngay lập tức từ gia sư rằng câu trả lời này là hoàn toàn chính xác để làm tiền đề vững chắc cho bước suy luận tiếp theo.\nNếu bỏ nguyên tắc này: Một phản hồi bỏ qua việc nhận xét câu trả lời của học sinh mà chuyển ngay sang câu hỏi khác hoặc giải thích sẽ làm mất đi tính tương tác, khiến học sinh hoang mang không biết mình đã hiểu đúng bước đầu tiên của thuật toán hay chưa."",""requirement_score"":5}]",,
3,flagged,needs_uet_review,BC-HNMU-G7-R0203-STT6-AI12,HNMU-G7-R0203-STT6,7,Bài 15. Thuật toán tìm kiếm nhị phân,Thông hiểu,true,10,12,last,"[""PRINCIPLE-EXPLANATION"",""PRINCIPLE-FEEDBACK""]","[""PRINCIPLE-MODELLING"",""PRINCIPLE-PRACTICE"",""PRINCIPLE-QUESTIONING""]",feedback_confirmation_only,"{""PRINCIPLE-CHALLENGE"":2,""PRINCIPLE-EXPLANATION"":5,""PRINCIPLE-FEEDBACK"":5,""PRINCIPLE-MODELLING"":3,""PRINCIPLE-PRACTICE"":3,""PRINCIPLE-QUESTIONING"":3}","[{""evidence"":""conversation_history (turn 11)"",""principle_id"":""PRINCIPLE-FEEDBACK"",""rationale"":""Nhu cầu độc lập: Học sinh vừa đưa ra câu trả lời cuối cùng để hoàn thiện chu trình logic của thuật toán tìm kiếm nhị phân ở lượt 11. Học sinh cần nhận được phản hồi đánh giá trực tiếp để xác nhận tính chính xác của câu trả lời này và ghi nhận nỗ lực tự suy luận thành công của họ. Nếu bỏ nguyên tắc này: Học sinh sẽ không có sự chắc chắn về câu trả lời cuối cùng của mình và không nhận ra rằng bản thân đã thực sự tự xây dựng được ý tưởng thuật toán mà không cần học vẹt."",""requirement_score"":5}]",,
3,flagged,needs_uet_review,BC-HNMU-G7-R0204-STT7-AI10,HNMU-G7-R0204-STT7,7,Bài 15. Thuật toán tìm kiếm nhị phân,Thông hiểu,true,8,10,middle,"[""PRINCIPLE-FEEDBACK"",""PRINCIPLE-QUESTIONING""]","[""PRINCIPLE-EXPLANATION""]",feedback_confirmation_only,"{""PRINCIPLE-CHALLENGE"":1,""PRINCIPLE-EXPLANATION"":3,""PRINCIPLE-FEEDBACK"":5,""PRINCIPLE-MODELLING"":2,""PRINCIPLE-PRACTICE"":2,""PRINCIPLE-QUESTIONING"":5}","[{""evidence"":""conversation_history lượt 9"",""principle_id"":""PRINCIPLE-FEEDBACK"",""rationale"":""Nhu cầu độc lập: Học sinh vừa đưa ra câu trả lời cụ thể là \""số 8\"" ở lượt 9 và cần được xác nhận xem lựa chọn phần tử ở giữa danh sách mới này đã chính xác chưa trước khi tiếp tục. Nếu bỏ nguyên tắc này: Gia sư sẽ bỏ qua câu trả lời của học sinh, đi thẳng vào câu hỏi hoặc giải thích tiếp theo, khiến học sinh không chắc chắn liệu bước trung gian của mình đã đúng hay chưa."",""requirement_score"":5}]",,
3,flagged,needs_uet_review,BC-HNMU-G7-R0204-STT7-AI12,HNMU-G7-R0204-STT7,7,Bài 15. Thuật toán tìm kiếm nhị phân,Thông hiểu,true,10,12,middle,"[""PRINCIPLE-MODELLING"",""PRINCIPLE-FEEDBACK""]","[""PRINCIPLE-EXPLANATION""]",feedback_confirmation_only,"{""PRINCIPLE-CHALLENGE"":1,""PRINCIPLE-EXPLANATION"":3,""PRINCIPLE-FEEDBACK"":4,""PRINCIPLE-MODELLING"":5,""PRINCIPLE-PRACTICE"":1,""PRINCIPLE-QUESTIONING"":2}","[{""evidence"":""conversation_history (turn_index: 11)"",""principle_id"":""PRINCIPLE-FEEDBACK"",""rationale"":""Nhu cầu độc lập: Học sinh vừa đưa ra câu trả lời cuối cùng phản ánh kết quả so sánh ở lượt 11. Gia sư cần đưa ra phản hồi để xác nhận câu trả lời này là đúng và chốt lại kết luận tìm kiếm thành công. Nếu bỏ nguyên tắc này: Học sinh sẽ không có sự xác nhận chắc chắn về kết quả mình vừa tìm được trước khi bắt đầu chuyển sang bước trình bày toàn bộ bài làm."",""requirement_score"":4}]",,
3,flagged,needs_uet_review,BC-HNMU-G7-R0205-STT8-AI04,HNMU-G7-R0205-STT8,7,Bài 15. Thuật toán tìm kiếm nhị phân,Thông hiểu,true,2,4,middle,"[""PRINCIPLE-FEEDBACK"",""PRINCIPLE-QUESTIONING""]","[""PRINCIPLE-EXPLANATION"",""PRINCIPLE-MODELLING""]",feedback_confirmation_only,"{""PRINCIPLE-CHALLENGE"":2,""PRINCIPLE-EXPLANATION"":3,""PRINCIPLE-FEEDBACK"":5,""PRINCIPLE-MODELLING"":3,""PRINCIPLE-PRACTICE"":2,""PRINCIPLE-QUESTIONING"":5}","[{""evidence"":""conversation_history (lượt 3): \""Lấy 8 chia đôi thì còn lại dải 4 phần tử ạ.\"""",""principle_id"":""PRINCIPLE-FEEDBACK"",""rationale"":""Nhu cầu độc lập: Học sinh vừa đưa ra một câu trả lời cụ thể ở lượt 3 (\""Lấy 8 chia đôi thì còn lại dải 4 phần tử ạ\"") và cần được xác nhận tính đúng đắn trước khi tiếp tục các bước sau. Nếu bỏ nguyên tắc này: Phản hồi tiếp theo sẽ bỏ qua câu trả lời của học sinh, làm mất đi sự tương tác cá nhân hóa và khiến học sinh hoang mang không biết mình đã làm đúng chưa."",""requirement_score"":5}]",,
3,flagged,needs_uet_review,BC-HNMU-G7-R0205-STT8-AI08,HNMU-G7-R0205-STT8,7,Bài 15. Thuật toán tìm kiếm nhị phân,Thông hiểu,true,6,8,middle,"[""PRINCIPLE-FEEDBACK"",""PRINCIPLE-QUESTIONING""]","[""PRINCIPLE-EXPLANATION"",""PRINCIPLE-PRACTICE""]",feedback_confirmation_only,"{""PRINCIPLE-CHALLENGE"":1,""PRINCIPLE-EXPLANATION"":3,""PRINCIPLE-FEEDBACK"":5,""PRINCIPLE-MODELLING"":1,""PRINCIPLE-PRACTICE"":3,""PRINCIPLE-QUESTIONING"":5}","[{""evidence"":""Lượt hội thoại 7: 'Còn duy nhất 1 phần tử ạ.'"",""principle_id"":""PRINCIPLE-FEEDBACK"",""rationale"":""Nhu cầu độc lập: Học sinh vừa đưa ra câu trả lời trung gian chính xác ở lượt 7 ('Còn duy nhất 1 phần tử ạ') và cần được xác nhận tính đúng đắn này để có điểm tựa vững chắc trước khi rút ra kết luận cuối cùng. Nếu bỏ nguyên tắc này: Gia sư bỏ qua phản hồi sẽ khiến học sinh hoang mang, không chắc chắn liệu kết quả '1 phần tử' của mình đã đúng hay chưa và làm mất đi sự liền mạch của chuỗi tương tác."",""requirement_score"":5}]",,
3,flagged,needs_uet_review,BC-HNMU-G7-R0205-STT8-AI10,HNMU-G7-R0205-STT8,7,Bài 15. Thuật toán tìm kiếm nhị phân,Thông hiểu,true,8,10,middle,"[""PRINCIPLE-PRACTICE"",""PRINCIPLE-FEEDBACK"",""PRINCIPLE-QUESTIONING""]","[""PRINCIPLE-CHALLENGE"",""PRINCIPLE-EXPLANATION""]",feedback_confirmation_only,"{""PRINCIPLE-CHALLENGE"":3,""PRINCIPLE-EXPLANATION"":3,""PRINCIPLE-FEEDBACK"":5,""PRINCIPLE-MODELLING"":2,""PRINCIPLE-PRACTICE"":4,""PRINCIPLE-QUESTIONING"":4}","[{""evidence"":""conversation_history (lượt 9)"",""principle_id"":""PRINCIPLE-FEEDBACK"",""rationale"":""Nhu cầu độc lập: Học sinh vừa tự rút ra câu trả lời hoàn chỉnh ở lượt 9 ('Tính ra là 3 bước ạ...'), nên rất cần nhận được sự phản hồi trực tiếp để xác nhận xem kết quả và cách lập luận của mình đã hoàn toàn chính xác chưa. Nếu bỏ nguyên tắc này: Phản hồi tiếp theo của gia sư sẽ bỏ qua nỗ lực tự suy luận của học sinh, khiến học sinh hoang mang không biết mình đã tính đúng hay chưa và làm đứt gãy tiến trình học tập."",""requirement_score"":5}]",,
3,flagged,needs_uet_review,BC-HNMU-G7-R0205-STT8-AI12,HNMU-G7-R0205-STT8,7,Bài 15. Thuật toán tìm kiếm nhị phân,Thông hiểu,true,10,12,last,"[""PRINCIPLE-PRACTICE"",""PRINCIPLE-FEEDBACK"",""PRINCIPLE-QUESTIONING""]","[""PRINCIPLE-CHALLENGE""]",feedback_confirmation_only,"{""PRINCIPLE-CHALLENGE"":3,""PRINCIPLE-EXPLANATION"":2,""PRINCIPLE-FEEDBACK"":5,""PRINCIPLE-MODELLING"":2,""PRINCIPLE-PRACTICE"":5,""PRINCIPLE-QUESTIONING"":5}","[{""evidence"":""conversation_history (turn_index 11)"",""principle_id"":""PRINCIPLE-FEEDBACK"",""rationale"":""Nhu cầu độc lập: Ở lượt 11, học sinh đã tự đúc kết ra một kết luận quan trọng: \""số bước tối đa chính là số lần chia đôi liên tục cho đến khi dải chỉ còn 1 phần tử\"". Học sinh cần một phản hồi xác nhận rõ ràng từ gia sư để khẳng định kết luận này là hoàn toàn chính xác. Nếu bỏ nguyên tắc này: Học sinh sẽ không có sự đảm bảo chắc chắn từ chuyên gia về quy luật mình tự rút ra, dẫn đến việc nghi ngờ tính đúng đắn của công thức khi áp dụng vào các bài tập khác."",""requirement_score"":5}]",,
3,flagged,needs_uet_review,BC-HNMU-G7-R0206-STT9-AI04,HNMU-G7-R0206-STT9,7,Bài 15. Thuật toán tìm kiếm nhị phân,Thông hiểu,true,2,4,middle,"[""PRINCIPLE-FEEDBACK"",""PRINCIPLE-QUESTIONING""]","[""PRINCIPLE-EXPLANATION""]",feedback_confirmation_only,"{""PRINCIPLE-CHALLENGE"":1,""PRINCIPLE-EXPLANATION"":3,""PRINCIPLE-FEEDBACK"":5,""PRINCIPLE-MODELLING"":1,""PRINCIPLE-PRACTICE"":2,""PRINCIPLE-QUESTIONING"":5}","[{""evidence"":""turn_index 3"",""principle_id"":""PRINCIPLE-FEEDBACK"",""rationale"":""Nhu cầu độc lập: Học sinh vừa đưa ra một câu trả lời tự suy luận rất chính xác và chi tiết ở lượt 3 về điều kiện của thuật toán tìm kiếm nhị phân. Học sinh cần nhận được sự xác nhận và khen ngợi kịp thời từ gia sư để củng cố sự tự tin và biết rằng hướng tư duy của mình là đúng đắn. Nếu bỏ nguyên tắc này: Phản hồi của gia sư nếu bỏ qua việc nhận xét mà chuyển ngay sang câu hỏi khác hoặc giải thích mới sẽ khiến học sinh hụt hẫng và không chắc chắn về tính đúng đắn trong câu trả lời trước đó của mình."",""requirement_score"":5}]",,
3,flagged,needs_uet_review,BC-HNMU-G7-R0206-STT9-AI10,HNMU-G7-R0206-STT9,7,Bài 15. Thuật toán tìm kiếm nhị phân,Thông hiểu,true,8,10,middle,"[""PRINCIPLE-FEEDBACK""]","[""PRINCIPLE-EXPLANATION"",""PRINCIPLE-PRACTICE"",""PRINCIPLE-QUESTIONING""]",feedback_confirmation_only,"{""PRINCIPLE-CHALLENGE"":2,""PRINCIPLE-EXPLANATION"":3,""PRINCIPLE-FEEDBACK"":5,""PRINCIPLE-MODELLING"":1,""PRINCIPLE-PRACTICE"":3,""PRINCIPLE-QUESTIONING"":3}","[{""evidence"":""Lượt 9: \""Được luôn ạ, và nó sẽ tìm cực nhanh!\"""",""principle_id"":""PRINCIPLE-FEEDBACK"",""rationale"":""Nhu cầu độc lập: Học sinh đã tích cực tham gia chuỗi câu hỏi gợi mở và đưa ra câu trả lời cuối cùng rất chính xác ở lượt 9. Học sinh cần một phản hồi chính thức để xác nhận các suy luận của mình là đúng đắn và liên kết chúng lại nhằm giải quyết triệt để thắc mắc ban đầu.\nNếu bỏ nguyên tắc này: Nếu không có phản hồi xác nhận và tổng kết, học sinh sẽ không có sự chắc chắn về mặt kiến thức chuẩn xác, đồng thời nỗ lực tự suy luận trong suốt cuộc hội thoại sẽ không được ghi nhận và chốt lại một cách trọn vẹn."",""requirement_score"":5}]",,
3,flagged,needs_uet_review,BC-HNMU-G7-R0207-STT10-AI04,HNMU-G7-R0207-STT10,7,Bài 15. Thuật toán tìm kiếm nhị phân,Thông hiểu,true,2,4,middle,"[""PRINCIPLE-FEEDBACK"",""PRINCIPLE-QUESTIONING""]","[""PRINCIPLE-EXPLANATION""]",feedback_confirmation_only,"{""PRINCIPLE-CHALLENGE"":2,""PRINCIPLE-EXPLANATION"":3,""PRINCIPLE-FEEDBACK"":5,""PRINCIPLE-MODELLING"":2,""PRINCIPLE-PRACTICE"":2,""PRINCIPLE-QUESTIONING"":5}","[{""evidence"":""turn_index: 3"",""principle_id"":""PRINCIPLE-FEEDBACK"",""rationale"":""Nhu cầu độc lập: Học sinh vừa thực hiện một bước tính toán cụ thể để xác định phần tử ở giữa (\""Vị trí giữa là vị trí số 3, chứa số 8 ạ\""). Học sinh cần nhận được phản hồi ngay lập tức để xác nhận tính chính xác của bước này trước khi tiến hành bước so sánh tiếp theo. Nếu bỏ nguyên tắc này: Gia sư sẽ không thể liên kết câu trả lời hiện tại của học sinh với kết luận logic của thuật toán, khiến học sinh không biết mình đã xác định đúng phần tử ở giữa hay chưa, từ đó làm đứt gãy mạch phân tích."",""requirement_score"":5}]",,
3,flagged,needs_uet_review,BC-HNMU-G7-R0207-STT10-AI06,HNMU-G7-R0207-STT10,7,Bài 15. Thuật toán tìm kiếm nhị phân,Thông hiểu,true,4,6,middle,"[""PRINCIPLE-FEEDBACK"",""PRINCIPLE-QUESTIONING""]","[""PRINCIPLE-EXPLANATION""]",feedback_confirmation_only,"{""PRINCIPLE-CHALLENGE"":2,""PRINCIPLE-EXPLANATION"":3,""PRINCIPLE-FEEDBACK"":5,""PRINCIPLE-MODELLING"":2,""PRINCIPLE-PRACTICE"":2,""PRINCIPLE-QUESTIONING"":5}","[{""evidence"":""conversation_history (lượt 5: \""Nó sẽ tưởng các số nhỏ hơn 8 đều nằm ở nửa trước, nên nó chặt lấy nửa trước để tìm tiếp.\"")"",""principle_id"":""PRINCIPLE-FEEDBACK"",""rationale"":""Nhu cầu độc lập: Học sinh đã đưa ra một suy luận logic rất chính xác ở lượt 5 (\""Nó sẽ tưởng... chặt lấy nửa trước để tìm tiếp\""). Học sinh cần được xác nhận phản hồi này là đúng để tự tin tiếp tục mạch tư duy. Nếu bỏ nguyên tắc này: Gia sư không công nhận bước đi đúng đắn của học sinh, làm gián đoạn sự tương tác tích cực và khiến học sinh hoang mang không biết lập luận của mình có chuẩn xác hay không."",""requirement_score"":5}]",,
3,flagged,needs_uet_review,BC-HNMU-G7-R0207-STT10-AI08,HNMU-G7-R0207-STT10,7,Bài 15. Thuật toán tìm kiếm nhị phân,Thông hiểu,true,6,8,middle,"[""PRINCIPLE-FEEDBACK""]","[""PRINCIPLE-EXPLANATION"",""PRINCIPLE-QUESTIONING""]",feedback_confirmation_only,"{""PRINCIPLE-CHALLENGE"":2,""PRINCIPLE-EXPLANATION"":3,""PRINCIPLE-FEEDBACK"":5,""PRINCIPLE-MODELLING"":1,""PRINCIPLE-PRACTICE"":2,""PRINCIPLE-QUESTIONING"":3}","[{""evidence"":""conversation_history (turn_index: 7)"",""principle_id"":""PRINCIPLE-FEEDBACK"",""rationale"":""Nhu cầu độc lập: Học sinh đã tự mình suy luận ra một kết quả vô cùng chính xác từ ví dụ thực tế ở lượt 7 (\""nó sẽ không bao giờ thấy được số 2!\""). Học sinh có nhu cầu sư phạm rõ ràng là cần được gia sư ghi nhận, đánh giá tích cực và xác nhận tính đúng đắn của suy luận này.\nNếu bỏ nguyên tắc này: Nếu không phản hồi trực tiếp trên câu trả lời của học sinh, phản hồi tiếp theo sẽ trở nên máy móc, làm giảm động lực học tập của học sinh và bỏ lỡ cơ hội vàng để củng cố tư duy logic mà học sinh vừa thể hiện."",""requirement_score"":5}]",,
3,flagged,needs_uet_review,BC-HNMU-G7-R0208-STT11-AI08,HNMU-G7-R0208-STT11,7,Bài 15. Thuật toán tìm kiếm nhị phân,Vận dụng,true,6,8,middle,"[""PRINCIPLE-FEEDBACK"",""PRINCIPLE-QUESTIONING""]","[""PRINCIPLE-EXPLANATION"",""PRINCIPLE-MODELLING""]",feedback_confirmation_only,"{""PRINCIPLE-CHALLENGE"":2,""PRINCIPLE-EXPLANATION"":3,""PRINCIPLE-FEEDBACK"":5,""PRINCIPLE-MODELLING"":3,""PRINCIPLE-PRACTICE"":2,""PRINCIPLE-QUESTIONING"":5}","[{""evidence"":""Lượt 7: \""Nó sẽ loại bỏ qua luôn nửa sau đó, chỉ giữ lại nửa đầu (từ A đến M) làm phạm vi để tìm tiếp.\"""",""principle_id"":""PRINCIPLE-FEEDBACK"",""rationale"":""Nhu cầu độc lập: Học sinh vừa đưa ra một câu trả lời cho bước xử lý tiếp theo trong thuật toán tìm kiếm nhị phân và cần được xác nhận ngay lập tức xem tư duy loại bỏ nửa sau, giữ nửa đầu của mình đã chính xác và đúng đắn chưa. Nếu bỏ nguyên tắc này: Một phản hồi chỉ tập trung đặt câu hỏi mới hoặc giải thích tiếp mà không thừa nhận tính đúng đắn trong câu trả lời của học sinh sẽ khiến học sinh hoang mang, không chắc chắn liệu bước đi hiện tại của mình có đúng hướng hay không."",""requirement_score"":5}]",,
3,flagged,needs_uet_review,BC-HNMU-G7-R0210-STT13-AI04,HNMU-G7-R0210-STT13,7,Bài 15. Thuật toán tìm kiếm nhị phân,Vận dụng,true,2,4,middle,"[""PRINCIPLE-FEEDBACK"",""PRINCIPLE-QUESTIONING""]","[""PRINCIPLE-EXPLANATION""]",feedback_confirmation_only,"{""PRINCIPLE-CHALLENGE"":2,""PRINCIPLE-EXPLANATION"":3,""PRINCIPLE-FEEDBACK"":5,""PRINCIPLE-MODELLING"":2,""PRINCIPLE-PRACTICE"":2,""PRINCIPLE-QUESTIONING"":4}","[{""evidence"":""conversation_history (lượt 3)"",""principle_id"":""PRINCIPLE-FEEDBACK"",""rationale"":""Nhu cầu độc lập: Học sinh vừa đưa ra một câu trả lời cụ thể ở lượt 3 (\""Em ra lệnh dừng lại luôn và báo cáo là tìm thấy rồi ạ.\""). Học sinh cần nhận được phản hồi đánh giá xem câu trả lời đó có chính xác hay không để xác nhận hiểu biết của mình.\nNếu bỏ nguyên tắc này: Nếu không có phản hồi công nhận câu trả lời của học sinh mà chuyển ngay sang câu hỏi hoặc giải thích khác, học sinh sẽ cảm thấy bối rối, không chắc chắn về suy luận của mình và làm đứt gãy mạch tương tác sư phạm."",""requirement_score"":5}]",,
3,flagged,needs_uet_review,BC-HNMU-G7-R0210-STT13-AI12,HNMU-G7-R0210-STT13,7,Bài 15. Thuật toán tìm kiếm nhị phân,Vận dụng,true,10,12,last,"[""PRINCIPLE-FEEDBACK"",""PRINCIPLE-QUESTIONING""]","[""PRINCIPLE-EXPLANATION""]",feedback_confirmation_only,"{""PRINCIPLE-CHALLENGE"":2,""PRINCIPLE-EXPLANATION"":3,""PRINCIPLE-FEEDBACK"":5,""PRINCIPLE-MODELLING"":1,""PRINCIPLE-PRACTICE"":2,""PRINCIPLE-QUESTIONING"":4}","[{""evidence"":""conversation_history lượt 11"",""principle_id"":""PRINCIPLE-FEEDBACK"",""rationale"":""Nhu cầu độc lập: Học sinh vừa hoàn thành quá trình tự suy luận và đưa ra kết luận chốt về 2 điều kiện dừng ở lượt 11. Học sinh cần được xác nhận chính xác xem câu trả lời của mình đã hoàn toàn đúng và chuẩn thuật ngữ chưa. Nếu bỏ nguyên tắc này: Phản hồi của gia sư sẽ bỏ qua nỗ lực tư duy của học sinh, khiến họ không chắc chắn về kiến thức vừa đúc kết được trước khi bước sang nội dung tiếp theo."",""requirement_score"":5}]",,
3,flagged,needs_uet_review,BC-HNMU-G7-R0211-STT14-AI04,HNMU-G7-R0211-STT14,7,Bài 15. Thuật toán tìm kiếm nhị phân,Vận dụng,true,2,4,middle,"[""PRINCIPLE-FEEDBACK"",""PRINCIPLE-QUESTIONING""]","[""PRINCIPLE-EXPLANATION"",""PRINCIPLE-MODELLING""]",feedback_confirmation_only,"{""PRINCIPLE-CHALLENGE"":2,""PRINCIPLE-EXPLANATION"":3,""PRINCIPLE-FEEDBACK"":5,""PRINCIPLE-MODELLING"":3,""PRINCIPLE-PRACTICE"":2,""PRINCIPLE-QUESTIONING"":5}","[{""evidence"":""conversation_history lượt 3"",""principle_id"":""PRINCIPLE-FEEDBACK"",""rationale"":""Nhu cầu độc lập: Học sinh vừa đưa ra một câu trả lời cụ thể (\""Là số 50 ạ. Em sẽ đoán số 50 đầu tiên\"") và cần được xác nhận ngay lập tức xem lựa chọn này đã đúng đắn và tối ưu theo thuật toán hay chưa để có động lực đi tiếp. Nếu bỏ nguyên tắc này: Phản hồi của gia sư sẽ bỏ qua nỗ lực tư duy hiện tại của học sinh, khiến học sinh hoang mang không biết bước khởi đầu của mình có đúng hướng hay không trước khi tiếp tục trò chơi."",""requirement_score"":5}]",,
3,flagged,needs_uet_review,BC-HNMU-G7-R0211-STT14-AI08,HNMU-G7-R0211-STT14,7,Bài 15. Thuật toán tìm kiếm nhị phân,Vận dụng,true,6,8,middle,"[""PRINCIPLE-FEEDBACK"",""PRINCIPLE-QUESTIONING""]","[""PRINCIPLE-EXPLANATION""]",feedback_confirmation_only,"{""PRINCIPLE-CHALLENGE"":2,""PRINCIPLE-EXPLANATION"":3,""PRINCIPLE-FEEDBACK"":5,""PRINCIPLE-MODELLING"":2,""PRINCIPLE-PRACTICE"":2,""PRINCIPLE-QUESTIONING"":5}","[{""evidence"":""conversation_history (turn_index: 7)"",""principle_id"":""PRINCIPLE-FEEDBACK"",""rationale"":""Nhu cầu độc lập: Học sinh vừa đưa ra một câu trả lời cụ thể ở lượt 7 (\""Nửa của 50 là 25, cộng vào là 75 ạ. Em sẽ đoán tiếp số 75\""). Học sinh có nhu cầu nhận được phản hồi trực tiếp để xác nhận xem phép toán và hướng lập luận này đã chính xác hay chưa. Nếu bỏ nguyên tắc này: Gia sư nếu bỏ qua việc nhận xét kết quả 75 của học sinh mà chuyển thẳng sang nội dung khác sẽ khiến học sinh không chắc chắn về độ chính xác trong tư duy của mình, giảm sự tự tin trong các bước giải quyết tiếp theo."",""requirement_score"":5}]",,
3,flagged,needs_uet_review,BC-HNMU-G8-R0003-STT2-AI04,HNMU-G8-R0003-STT2,8,Bài 1. Lược sử công cụ tính toán,Nhận biết (Nêu được tên thành phần),true,2,4,last,"[""PRINCIPLE-EXPLANATION"",""PRINCIPLE-FEEDBACK""]","[""PRINCIPLE-PRACTICE"",""PRINCIPLE-QUESTIONING""]",feedback_confirmation_only,"{""PRINCIPLE-CHALLENGE"":1,""PRINCIPLE-EXPLANATION"":5,""PRINCIPLE-FEEDBACK"":5,""PRINCIPLE-MODELLING"":2,""PRINCIPLE-PRACTICE"":3,""PRINCIPLE-QUESTIONING"":3}","[{""evidence"":""conversation_history (turn_index 3): \""Dạ là đèn chân không ạ!\"""",""principle_id"":""PRINCIPLE-FEEDBACK"",""rationale"":""Nhu cầu độc lập: Học sinh vừa đưa ra câu trả lời \""đèn chân không\"" dựa trên gợi ý từ lượt trước của gia sư. Học sinh cần được nhận xét ngay để biết câu trả lời này đã chính xác chưa và thuật ngữ chuẩn xác trong sách giáo khoa là gì (đèn điện tử chân không).\n\nNếu bỏ nguyên tắc này: Nếu không có phản hồi xác nhận tính đúng đắn của câu trả lời, cuộc hội thoại sẽ mất đi sự liên kết và học sinh sẽ hoang mang không biết mình đã trả lời đúng hướng hay chưa."",""requirement_score"":5}]",,
3,flagged,needs_uet_review,BC-HNMU-G8-R0005-STT4-AI04,HNMU-G8-R0005-STT4,8,Bài 1. Lược sử công cụ tính toán,Nhận biết (Nêu được tên thiết bị),true,2,4,last,"[""PRINCIPLE-EXPLANATION"",""PRINCIPLE-FEEDBACK""]","[""PRINCIPLE-PRACTICE"",""PRINCIPLE-QUESTIONING""]",feedback_confirmation_only,"{""PRINCIPLE-CHALLENGE"":2,""PRINCIPLE-EXPLANATION"":4,""PRINCIPLE-FEEDBACK"":5,""PRINCIPLE-MODELLING"":1,""PRINCIPLE-PRACTICE"":3,""PRINCIPLE-QUESTIONING"":3}","[{""evidence"":""conversation_history lượt 3: \""Dạ em thấy rồi, là Transistor ạ.\"""",""principle_id"":""PRINCIPLE-FEEDBACK"",""rationale"":""Nhu cầu độc lập: Học sinh vừa đưa ra câu trả lời cụ thể là \""Transistor\"" dựa trên gợi ý trước đó của gia sư, do đó học sinh có nhu cầu được đánh giá và xác nhận ngay lập tức xem câu trả lời của mình đã chính xác chưa. Nếu bỏ nguyên tắc này: Phản hồi tiếp theo sẽ bỏ qua câu trả lời của học sinh, làm mất đi sự tương tác hai chiều và khiến học sinh không rõ mình đã tìm đúng linh kiện theo yêu cầu hay chưa."",""requirement_score"":5}]",,
3,flagged,needs_uet_review,BC-HNMU-G8-R0007-STT6-AI06,HNMU-G8-R0007-STT6,8,Bài 1. Lược sử công cụ tính toán,Thông hiểu (Trình bày được sự thay đổi),true,4,6,last,"[""PRINCIPLE-FEEDBACK"",""PRINCIPLE-QUESTIONING""]","[""PRINCIPLE-EXPLANATION""]",feedback_confirmation_only,"{""PRINCIPLE-CHALLENGE"":2,""PRINCIPLE-EXPLANATION"":3,""PRINCIPLE-FEEDBACK"":5,""PRINCIPLE-MODELLING"":1,""PRINCIPLE-PRACTICE"":2,""PRINCIPLE-QUESTIONING"":5}","[{""evidence"":""conversation_history lượt 5"",""principle_id"":""PRINCIPLE-FEEDBACK"",""rationale"":""Nhu cầu độc lập: Học sinh đã đưa ra một câu trả lời cụ thể ở lượt 5 về hình thức học trực tuyến. Học sinh cần được xác nhận tính chính xác của ý kiến này để có động lực tiếp tục thảo luận. Nếu bỏ nguyên tắc này: Một phản hồi bỏ qua câu trả lời của học sinh mà chuyển thẳng sang câu hỏi mới hoặc tự giải thích sẽ làm mất tính tương tác cá nhân hóa, khiến học sinh cảm thấy câu trả lời của mình không được ghi nhận."",""requirement_score"":5}]",,
3,flagged,needs_uet_review,BC-HNMU-G8-R0008-STT7-AI04,HNMU-G8-R0008-STT7,8,Bài 1. Lược sử công cụ tính toán,Thông hiểu (Giải thích được lý do),true,2,4,last,"[""PRINCIPLE-EXPLANATION"",""PRINCIPLE-FEEDBACK""]","[""PRINCIPLE-QUESTIONING""]",feedback_confirmation_only,"{""PRINCIPLE-CHALLENGE"":2,""PRINCIPLE-EXPLANATION"":5,""PRINCIPLE-FEEDBACK"":5,""PRINCIPLE-MODELLING"":2,""PRINCIPLE-PRACTICE"":2,""PRINCIPLE-QUESTIONING"":3}","[{""evidence"":""conversation_history (turn_index: 3): \""Dạ là thuật toán ạ.\"""",""principle_id"":""PRINCIPLE-FEEDBACK"",""rationale"":""Nhu cầu độc lập: Học sinh vừa đưa ra câu trả lời \""Dạ là thuật toán ạ\"" ở lượt hội thoại mới nhất và rất cần một phản hồi xác nhận tính đúng đắn của câu trả lời này để tiếp tục mạch tư duy. Nếu bỏ nguyên tắc này: Phản hồi của gia sư sẽ bỏ qua đóng góp của học sinh, làm mất đi sự liên kết sư phạm và không thể dùng câu trả lời này làm bàn đạp để giải thích thắc mắc gốc."",""requirement_score"":5}]",,
3,flagged,needs_uet_review,BC-HNMU-G8-R0009-STT8-AI04,HNMU-G8-R0009-STT8,8,Bài 1. Lược sử công cụ tính toán,Thông hiểu (Giải thích sự cần thiết),true,2,4,last,"[""PRINCIPLE-EXPLANATION"",""PRINCIPLE-FEEDBACK""]","[""PRINCIPLE-QUESTIONING""]",feedback_confirmation_only,"{""PRINCIPLE-CHALLENGE"":2,""PRINCIPLE-EXPLANATION"":5,""PRINCIPLE-FEEDBACK"":5,""PRINCIPLE-MODELLING"":1,""PRINCIPLE-PRACTICE"":2,""PRINCIPLE-QUESTIONING"":3}","[{""evidence"":""conversation_history lượt 3"",""principle_id"":""PRINCIPLE-FEEDBACK"",""rationale"":""Nhu cầu độc lập: Học sinh đã đưa ra một câu trả lời suy luận rất thông minh ở lượt 3 ('nhanh hơn nhiều vì quãng đường ngắn đi'). Học sinh cần nhận được phản hồi đánh giá trực tiếp để xác nhận suy luận vật lý/tin học này là hoàn toàn chính xác, từ đó củng cố sự tự tin.\nNếu bỏ nguyên tắc này: Phản hồi tiếp theo sẽ bỏ qua nỗ lực tư duy của học sinh, làm mất đi tính tương tác cá nhân hóa và khiến học sinh không chắc chắn liệu cách hiểu của mình có đúng đắn hay không."",""requirement_score"":5}]",,
3,flagged,needs_uet_review,BC-HNMU-G8-R0010-STT9-AI04,HNMU-G8-R0010-STT9,8,Bài 1. Lược sử công cụ tính toán,Thông hiểu (Giải thích tầm quan trọng),true,2,4,last,"[""PRINCIPLE-EXPLANATION"",""PRINCIPLE-FEEDBACK""]","[""PRINCIPLE-QUESTIONING""]",feedback_confirmation_only,"{""PRINCIPLE-CHALLENGE"":2,""PRINCIPLE-EXPLANATION"":5,""PRINCIPLE-FEEDBACK"":5,""PRINCIPLE-MODELLING"":1,""PRINCIPLE-PRACTICE"":2,""PRINCIPLE-QUESTIONING"":3}","[{""evidence"":""conversation_history lượt 3"",""principle_id"":""PRINCIPLE-FEEDBACK"",""rationale"":""Nhu cầu độc lập: Học sinh đã trả lời câu hỏi gợi mở của gia sư bằng cách xác nhận sự tồn tại của các bộ phận vào, ra, bộ não trên thiết bị thực tế của mình. Gia sư cần ghi nhận, phản hồi và đánh giá câu trả lời này để liên kết trực tiếp nó với kiến thức về cấu trúc Von Neumann. Nếu bỏ nguyên tắc này: Câu trả lời của học sinh sẽ bị bỏ qua không có phản hồi, làm mất đi tính kết nối sư phạm của câu hỏi gợi mở ở lượt trước."",""requirement_score"":5}]",,
3,flagged,needs_uet_review,BC-HNMU-G8-R0011-STT10-AI04,HNMU-G8-R0011-STT10,8,Bài 1. Lược sử công cụ tính toán,Thông hiểu (Trình bày những thay đổi),true,2,4,last,"[""PRINCIPLE-EXPLANATION"",""PRINCIPLE-FEEDBACK""]","[""PRINCIPLE-QUESTIONING""]",feedback_confirmation_only,"{""PRINCIPLE-CHALLENGE"":2,""PRINCIPLE-EXPLANATION"":5,""PRINCIPLE-FEEDBACK"":5,""PRINCIPLE-MODELLING"":2,""PRINCIPLE-PRACTICE"":2,""PRINCIPLE-QUESTIONING"":3}","[{""evidence"":""conversation_history (lượt 2 và 3)"",""principle_id"":""PRINCIPLE-FEEDBACK"",""rationale"":""Nhu cầu độc lập: Học sinh vừa đưa ra một suy luận chính xác (\""giá sẽ giảm và máy cũng nhỏ đi\"") từ câu hỏi gợi mở của gia sư và cần được xác nhận ngay tính đúng đắn của suy luận này để tiếp tục mạch tư duy. Nếu bỏ nguyên tắc này: Phản hồi sẽ bỏ qua câu trả lời của học sinh, làm mất tính tương tác và không khích lệ được nỗ lực suy luận chủ động của học sinh."",""requirement_score"":5}]",,
3,flagged,needs_uet_review,BC-HNMU-G8-R0012-STT11-AI02,HNMU-G8-R0012-STT11,8,Bài 1. Lược sử công cụ tính toán,Vận dụng (Xác định thế hệ máy tính),false,0,2,first,"[""PRINCIPLE-EXPLANATION"",""PRINCIPLE-QUESTIONING""]","[""PRINCIPLE-MODELLING""]",questioning_without_answer_dependency,"{""PRINCIPLE-CHALLENGE"":2,""PRINCIPLE-EXPLANATION"":5,""PRINCIPLE-FEEDBACK"":1,""PRINCIPLE-MODELLING"":3,""PRINCIPLE-PRACTICE"":2,""PRINCIPLE-QUESTIONING"":4}","[{""evidence"":""source_question: Một máy tính có đặc điểm: sử dụng vi xử lý, mạch tích hợp cỡ siêu lớn (ULSI) và có khả năng xử lý song song. Máy tính này thuộc thế hệ nào?"",""principle_id"":""PRINCIPLE-QUESTIONING"",""rationale"":""Nhu cầu độc lập: Sau khi được giải thích thuật ngữ, học sinh cần tự mình thực hiện bước tư duy cuối cùng để kết nối thông tin và xác định xem máy tính đó thuộc thế hệ nào, nhằm đạt được mục tiêu \""Vận dụng\"".\nNếu bỏ nguyên tắc này: Nếu gia sư tự trả lời luôn đáp án \""Thế hệ thứ năm\"" sau khi giải thích, học sinh sẽ mất đi cơ hội chủ động suy luận để tự giải quyết câu hỏi nguồn ban đầu."",""requirement_score"":4}]",,
3,flagged,needs_uet_review,BC-HNMU-G8-R0012-STT11-AI04,HNMU-G8-R0012-STT11,8,Bài 1. Lược sử công cụ tính toán,Vận dụng (Xác định thế hệ máy tính),true,2,4,last,"[""PRINCIPLE-EXPLANATION"",""PRINCIPLE-FEEDBACK""]","[""PRINCIPLE-QUESTIONING""]",feedback_confirmation_only,"{""PRINCIPLE-CHALLENGE"":1,""PRINCIPLE-EXPLANATION"":5,""PRINCIPLE-FEEDBACK"":5,""PRINCIPLE-MODELLING"":2,""PRINCIPLE-PRACTICE"":2,""PRINCIPLE-QUESTIONING"":3}","[{""evidence"":""conversation_history lượt 3 và source_question"",""principle_id"":""PRINCIPLE-FEEDBACK"",""rationale"":""Nhu cầu độc lập: Học sinh vừa đưa ra câu trả lời cho câu hỏi gợi mở của gia sư ở lượt trước và cần được xác nhận tính chính xác của câu trả lời này, đồng thời kết nối nó về lại câu hỏi nguồn ban đầu. Nếu bỏ nguyên tắc này: Phản hồi tiếp theo sẽ bỏ qua nỗ lực trả lời của học sinh, làm đứt gãy mạch hội thoại và khiến học sinh không chắc chắn liệu câu trả lời của mình đã đúng hay chưa."",""requirement_score"":5}]",,
3,flagged,needs_uet_review,BC-HNMU-G8-R0013-STT12-AI04,HNMU-G8-R0013-STT12,8,Bài 1. Lược sử công cụ tính toán,Vận dụng (Chuyển đổi/So sánh thực tế),true,2,4,last,"[""PRINCIPLE-FEEDBACK"",""PRINCIPLE-QUESTIONING""]","[""PRINCIPLE-EXPLANATION""]",feedback_confirmation_only,"{""PRINCIPLE-CHALLENGE"":2,""PRINCIPLE-EXPLANATION"":3,""PRINCIPLE-FEEDBACK"":5,""PRINCIPLE-MODELLING"":1,""PRINCIPLE-PRACTICE"":2,""PRINCIPLE-QUESTIONING"":5}","[{""evidence"":""turn_index 3: Dạ chỉ khoảng 2 lạng, đút vừa túi quần ạ."",""principle_id"":""PRINCIPLE-FEEDBACK"",""rationale"":""Nhu cầu độc lập: Học sinh đã trả lời câu hỏi phụ của gia sư về trọng lượng điện thoại (\""khoảng 2 lạng, đút vừa túi quần\""). Gia sư cần phản hồi trực tiếp để xác nhận và làm nổi bật sự tương phản cực kỳ lớn về kích thước vật lý (27 tấn so với 2 lạng). Nếu bỏ nguyên tắc này: Phản hồi của gia sư sẽ bỏ qua thông tin học sinh vừa cung cấp, làm đứt gãy mạch hội thoại và giảm tính cá nhân hóa trong tương tác."",""requirement_score"":5}]",,
3,flagged,needs_uet_review,BC-HNMU-G8-R0014-STT13-AI04,HNMU-G8-R0014-STT13,8,Bài 1. Lược sử công cụ tính toán,Vận dụng (Khai thác thông tin),true,2,4,last,"[""PRINCIPLE-EXPLANATION"",""PRINCIPLE-FEEDBACK""]","[""PRINCIPLE-QUESTIONING""]",feedback_confirmation_only,"{""PRINCIPLE-CHALLENGE"":2,""PRINCIPLE-EXPLANATION"":5,""PRINCIPLE-FEEDBACK"":5,""PRINCIPLE-MODELLING"":1,""PRINCIPLE-PRACTICE"":2,""PRINCIPLE-QUESTIONING"":3}","[{""evidence"":""turn_index 3: \""Dạ là thẻ đục lỗ đúng không thầy?\"""",""principle_id"":""PRINCIPLE-FEEDBACK"",""rationale"":""Nhu cầu độc lập: Học sinh đã đưa ra câu trả lời cụ thể là \""thẻ đục lỗ\"" dưới dạng câu hỏi xác nhận \""đúng không thầy?\"" và đang chờ đợi một sự khẳng định rõ ràng từ gia sư để củng cố sự tự tin. Nếu bỏ nguyên tắc này: Nếu không phản hồi trực tiếp để xác nhận tính đúng đắn của câu trả lời, học sinh sẽ không biết phán đoán của mình có chính xác hay không và cuộc hội thoại sẽ bị mất phương hướng."",""requirement_score"":5}]",,
3,flagged,needs_uet_review,BC-HNMU-G8-R0017-STT2-AI04,HNMU-G8-R0017-STT2,8,Bài 2. Thông tin trong môi trường số,Nhận biết (Nêu được đặc điểm),true,2,4,middle,"[""PRINCIPLE-FEEDBACK"",""PRINCIPLE-QUESTIONING""]","[""PRINCIPLE-EXPLANATION""]",feedback_confirmation_only,"{""PRINCIPLE-CHALLENGE"":2,""PRINCIPLE-EXPLANATION"":3,""PRINCIPLE-FEEDBACK"":5,""PRINCIPLE-MODELLING"":1,""PRINCIPLE-PRACTICE"":2,""PRINCIPLE-QUESTIONING"":5}","[{""evidence"":""conversation_history (turn_index: 3): \""Dạ từ điển mạng ạ, gõ là ra ngay.\"""",""principle_id"":""PRINCIPLE-FEEDBACK"",""rationale"":""Nhu cầu độc lập: Học sinh vừa đưa ra câu trả lời thực tế ở lượt 3 (\""Dạ từ điển mạng ạ, gõ là ra ngay\""). Học sinh cần nhận được phản hồi xác nhận câu trả lời này là đúng và được gia sư liên kết trực tiếp hành động \""gõ là ra ngay\"" với đặc điểm \""tìm kiếm nhanh chóng\"" của thông tin số.\nNếu bỏ nguyên tắc này: Gia sư sẽ bỏ qua nỗ lực tư duy của học sinh, khiến học sinh không biết câu trả lời của mình có đúng hay không và làm đứt gãy sự kết nối giữa ví dụ thực tế với kiến thức bài học."",""requirement_score"":5}]",,
3,flagged,needs_uet_review,BC-HNMU-G8-R0017-STT2-AI06,HNMU-G8-R0017-STT2,8,Bài 2. Thông tin trong môi trường số,Nhận biết (Nêu được đặc điểm),true,4,6,last,"[""PRINCIPLE-FEEDBACK"",""PRINCIPLE-QUESTIONING""]","[""PRINCIPLE-EXPLANATION""]",feedback_confirmation_only,"{""PRINCIPLE-CHALLENGE"":1,""PRINCIPLE-EXPLANATION"":3,""PRINCIPLE-FEEDBACK"":5,""PRINCIPLE-MODELLING"":2,""PRINCIPLE-PRACTICE"":2,""PRINCIPLE-QUESTIONING"":5}","[{""evidence"":""turn_index: 5, role: \""student\"", content: \""Dạ gửi qua mạng chỉ mất 1 giây, rất dễ chia sẻ ạ.\"""",""principle_id"":""PRINCIPLE-FEEDBACK"",""rationale"":""Nhu cầu độc lập: Học sinh vừa đưa ra một suy luận thực tế ở lượt 5 (\""gửi qua mạng chỉ mất 1 giây, rất dễ chia sẻ ạ\"") và cần được xác nhận ngay xem suy luận này có đúng là đặc điểm \""dễ dàng chia sẻ\"" của thông tin số hay không nhằm củng cố sự tự tin.\nNếu bỏ nguyên tắc này: Học sinh sẽ không biết câu trả lời của mình đã hoàn toàn chính xác chưa, làm giảm động lực tương tác và làm mờ nhạt đi tiến trình tự xây dựng bài học của học sinh."",""requirement_score"":5}]",,
3,flagged,needs_uet_review,BC-HNMU-G8-R0018-STT3-AI04,HNMU-G8-R0018-STT3,8,Bài 2. Thông tin trong môi trường số,Nhận biết (Biết được vai trò),true,2,4,middle,"[""PRINCIPLE-EXPLANATION"",""PRINCIPLE-FEEDBACK""]","[""PRINCIPLE-QUESTIONING""]",feedback_confirmation_only,"{""PRINCIPLE-CHALLENGE"":1,""PRINCIPLE-EXPLANATION"":5,""PRINCIPLE-FEEDBACK"":5,""PRINCIPLE-MODELLING"":2,""PRINCIPLE-PRACTICE"":2,""PRINCIPLE-QUESTIONING"":3}","[{""evidence"":""conversation_history (turn_index 3)"",""principle_id"":""PRINCIPLE-FEEDBACK"",""rationale"":""Nhu cầu độc lập: Học sinh vừa đưa ra một câu trả lời cụ thể cho câu hỏi tình huống của gia sư ở lượt trước (bị ướt và hỏng đồ). Học sinh cần được xác nhận tính đúng đắn của câu trả lời này và được chỉ ra cách câu trả lời đó chứng minh cho tầm quan trọng của thông tin đáng tin cậy. Nếu bỏ nguyên tắc này: Phản hồi của gia sư sẽ trở nên rời rạc, không ghi nhận nỗ lực trả lời của học sinh và làm mất đi tính liên kết của cuộc hội thoại."",""requirement_score"":5}]",,
3,flagged,needs_uet_review,BC-HNMU-G8-R0018-STT3-AI06,HNMU-G8-R0018-STT3,8,Bài 2. Thông tin trong môi trường số,Nhận biết (Biết được vai trò),true,4,6,last,"[""PRINCIPLE-EXPLANATION"",""PRINCIPLE-FEEDBACK""]","[""PRINCIPLE-QUESTIONING""]",feedback_confirmation_only,"{""PRINCIPLE-CHALLENGE"":2,""PRINCIPLE-EXPLANATION"":5,""PRINCIPLE-FEEDBACK"":5,""PRINCIPLE-MODELLING"":1,""PRINCIPLE-PRACTICE"":2,""PRINCIPLE-QUESTIONING"":3}","[{""evidence"":""turn_index: 5"",""principle_id"":""PRINCIPLE-FEEDBACK"",""rationale"":""Nhu cầu độc lập: Học sinh vừa đưa ra một câu trả lời cụ thể ở lượt 5 (\""quyết định hành động đúng là ở nhà\"") sau câu hỏi gợi mở của gia sư. Học sinh cần nhận được phản hồi đánh giá trực tiếp để xác nhận rằng suy luận của mình là đúng đắn và khớp với bản chất của vấn đề. Nếu bỏ nguyên tắc này: Gia sư nếu bỏ qua việc nhận xét câu trả lời này mà trực tiếp đưa ra lý thuyết mới hoặc câu hỏi mới sẽ làm đứt gãy mạch tương tác, học sinh không được xác nhận về tính đúng đắn trong tư duy của mình."",""requirement_score"":5}]",,
3,flagged,needs_uet_review,BC-HNMU-G8-R0020-STT5-AI06,HNMU-G8-R0020-STT5,8,Bài 2. Thông tin trong môi trường số,Thông hiểu (Giải thích được lý do),true,4,6,last,"[""PRINCIPLE-EXPLANATION"",""PRINCIPLE-FEEDBACK""]","[""PRINCIPLE-QUESTIONING""]",feedback_confirmation_only,"{""PRINCIPLE-CHALLENGE"":1,""PRINCIPLE-EXPLANATION"":5,""PRINCIPLE-FEEDBACK"":5,""PRINCIPLE-MODELLING"":1,""PRINCIPLE-PRACTICE"":2,""PRINCIPLE-QUESTIONING"":3}","[{""evidence"":""conversation_history (lượt 5: \""Dạ không, ở đâu có mạng là nhận được ngay ạ.\"")"",""principle_id"":""PRINCIPLE-FEEDBACK"",""rationale"":""Nhu cầu độc lập: Học sinh vừa hoàn thành câu trả lời cho câu hỏi gợi mở thứ hai và cần được gia sư đánh giá xem câu trả lời đó đã chính xác chưa, đồng thời xác nhận tính đúng đắn của cả hai ý mà học sinh đã đưa ra. Nếu bỏ nguyên tắc này: Gia sư sẽ bỏ qua nỗ lực tư duy của học sinh ở lượt trước, không giúp học sinh nhận thức rõ ràng rằng họ đã tìm ra đúng hai mảnh ghép cốt lõi của câu trả lời."",""requirement_score"":5}]",,
3,flagged,needs_uet_review,BC-HNMU-G8-R0021-STT6-AI04,HNMU-G8-R0021-STT6,8,Bài 2. Thông tin trong môi trường số,Thông hiểu (Nêu được sự phụ thuộc),true,2,4,last,"[""PRINCIPLE-EXPLANATION"",""PRINCIPLE-FEEDBACK""]","[""PRINCIPLE-PRACTICE"",""PRINCIPLE-QUESTIONING""]",feedback_confirmation_only,"{""PRINCIPLE-CHALLENGE"":2,""PRINCIPLE-EXPLANATION"":5,""PRINCIPLE-FEEDBACK"":5,""PRINCIPLE-MODELLING"":2,""PRINCIPLE-PRACTICE"":3,""PRINCIPLE-QUESTIONING"":3}","[{""evidence"":""conversation_history lượt 3: \""À... em hiểu rồi, họ sẽ khen đội họ thích ạ.\"""",""principle_id"":""PRINCIPLE-FEEDBACK"",""rationale"":""Nhu cầu độc lập: Học sinh vừa đưa ra một suy luận tự thân (\""họ sẽ khen đội họ thích ạ\"") sau câu hỏi gợi mở của gia sư. Học sinh cần được xác nhận xem cách hiểu này đã đúng hướng chưa và cần được định hình lại cho chuẩn xác. Nếu bỏ nguyên tắc này: Gia sư sẽ bỏ qua nỗ lực tư duy của học sinh, chuyển thẳng sang nội dung mới khiến học sinh không rõ suy luận của mình có hoàn toàn chính xác và đầy đủ hay không."",""requirement_score"":5}]",,
3,flagged,needs_uet_review,BC-HNMU-G8-R0023-STT8-AI04,HNMU-G8-R0023-STT8,8,Bài 2. Thông tin trong môi trường số,Thông hiểu (Giải thích sự cần thiết),true,2,4,middle,"[""PRINCIPLE-EXPLANATION"",""PRINCIPLE-FEEDBACK""]","[""PRINCIPLE-QUESTIONING""]",feedback_confirmation_only,"{""PRINCIPLE-CHALLENGE"":2,""PRINCIPLE-EXPLANATION"":4,""PRINCIPLE-FEEDBACK"":5,""PRINCIPLE-MODELLING"":1,""PRINCIPLE-PRACTICE"":2,""PRINCIPLE-QUESTIONING"":3}","[{""evidence"":""conversation_history (lượt 3)"",""principle_id"":""PRINCIPLE-FEEDBACK"",""rationale"":""Nhu cầu độc lập: Học sinh đã tích cực suy luận và đưa ra câu trả lời cụ thể ở lượt 3 (\""Dạ chắc là lạc hậu rồi, vì công nghệ đổi mới liên tục ạ\""). Học sinh cần nhận được phản hồi trực tiếp để xác nhận tính đúng đắn của suy luận này và hiểu rõ giá trị của câu trả lời đó đối với bài học. Nếu bỏ nguyên tắc này: Một phản hồi không ghi nhận và phân tích câu trả lời của học sinh sẽ làm đứt gãy mạch hội thoại kiến tạo, khiến học sinh không biết nhận định của mình đã chính xác và đầy đủ chưa."",""requirement_score"":5}]",,
3,flagged,needs_uet_review,BC-HNMU-G8-R0024-STT9-AI04,HNMU-G8-R0024-STT9,8,Bài 2. Thông tin trong môi trường số,Thông hiểu (Trình bày tác hại),true,2,4,last,"[""PRINCIPLE-EXPLANATION"",""PRINCIPLE-FEEDBACK"",""PRINCIPLE-QUESTIONING""]",[],feedback_confirmation_only,"{""PRINCIPLE-CHALLENGE"":2,""PRINCIPLE-EXPLANATION"":4,""PRINCIPLE-FEEDBACK"":5,""PRINCIPLE-MODELLING"":1,""PRINCIPLE-PRACTICE"":2,""PRINCIPLE-QUESTIONING"":4}","[{""evidence"":""conversation_history lượt 3, học sinh trả lời: \""Dạ thường là \""nghe nói\"", \""thấy bảo\"" chứ không rõ ai nói ạ.\"""",""principle_id"":""PRINCIPLE-FEEDBACK"",""rationale"":""Nhu cầu độc lập: Học sinh vừa đưa ra một câu trả lời mang tính thực tế rất chính xác (\""nghe nói, thấy bảo\"") cho câu hỏi của gia sư, vì vậy rất cần một phản hồi để xác nhận câu trả lời này là đúng hướng và liên kết nó vào bài học. Nếu bỏ nguyên tắc này: Phản hồi tiếp theo sẽ bỏ qua đóng góp của học sinh, làm mất đi tính tương tác hai chiều và sự cá nhân hóa của gia sư."",""requirement_score"":5}]",,
3,flagged,needs_uet_review,BC-HNMU-G8-R0026-STT11-AI06,HNMU-G8-R0026-STT11,8,Bài 2. Thông tin trong môi trường số,Vận dụng (Xác định thông tin tin cậy),true,4,6,last,"[""PRINCIPLE-FEEDBACK"",""PRINCIPLE-QUESTIONING""]","[""PRINCIPLE-EXPLANATION""]",feedback_confirmation_only,"{""PRINCIPLE-CHALLENGE"":2,""PRINCIPLE-EXPLANATION"":3,""PRINCIPLE-FEEDBACK"":5,""PRINCIPLE-MODELLING"":2,""PRINCIPLE-PRACTICE"":2,""PRINCIPLE-QUESTIONING"":5}","[{""evidence"":""conversation_history (lượt 5: \""Dạ em thấy hơi lạ, quà cho học sinh sao lại cần thẻ của bố mẹ nhỉ.\"")"",""principle_id"":""PRINCIPLE-FEEDBACK"",""rationale"":""Nhu cầu độc lập: Học sinh vừa đưa ra một phát hiện rất chính xác về điểm bất thường của yêu cầu gửi số thẻ tín dụng (\""quà cho học sinh sao lại cần thẻ của bố mẹ\""). Học sinh cần nhận được phản hồi trực tiếp để xác nhận và khích lệ tư duy phản biện này. Nếu bỏ nguyên tắc này: Gia sư sẽ bỏ qua một cột mốc tư duy quan trọng của học sinh, khiến học sinh không chắc chắn liệu phán đoán của mình có đúng đắn và an toàn hay không."",""requirement_score"":5}]",,
3,flagged,needs_uet_review,BC-HNMU-G8-R0027-STT12-AI04,HNMU-G8-R0027-STT12,8,Bài 2. Thông tin trong môi trường số,Vận dụng (Chọn lọc thông tin phù hợp),true,2,4,middle,"[""PRINCIPLE-FEEDBACK"",""PRINCIPLE-QUESTIONING""]","[""PRINCIPLE-EXPLANATION""]",feedback_confirmation_only,"{""PRINCIPLE-CHALLENGE"":1,""PRINCIPLE-EXPLANATION"":3,""PRINCIPLE-FEEDBACK"":5,""PRINCIPLE-MODELLING"":1,""PRINCIPLE-PRACTICE"":1,""PRINCIPLE-QUESTIONING"":5}","[{""evidence"":""conversation_history (turn_index: 3)"",""principle_id"":""PRINCIPLE-FEEDBACK"",""rationale"":""Nhu cầu độc lập: Học sinh vừa đưa ra câu trả lời cho câu hỏi gợi ý của gia sư ở lượt 3 (\""Dạ là của nhà nước, chính phủ ạ\""). Học sinh cần nhận được phản hồi trực tiếp xác nhận câu trả lời này là hoàn toàn chính xác để củng cố niềm tin vào suy luận của mình. Nếu bỏ nguyên tắc này: Phản hồi tiếp theo sẽ bỏ qua nỗ lực trả lời của học sinh, khiến học sinh hoang mang không biết kiến thức mình hiểu về \"".gov\"" đã đúng chưa để áp dụng vào việc lựa chọn đáp án."",""requirement_score"":5}]",,
3,flagged,needs_uet_review,BC-HNMU-G8-R0027-STT12-AI06,HNMU-G8-R0027-STT12,8,Bài 2. Thông tin trong môi trường số,Vận dụng (Chọn lọc thông tin phù hợp),true,4,6,last,"[""PRINCIPLE-PRACTICE"",""PRINCIPLE-FEEDBACK""]","[""PRINCIPLE-EXPLANATION"",""PRINCIPLE-QUESTIONING""]",feedback_confirmation_only,"{""PRINCIPLE-CHALLENGE"":2,""PRINCIPLE-EXPLANATION"":3,""PRINCIPLE-FEEDBACK"":5,""PRINCIPLE-MODELLING"":1,""PRINCIPLE-PRACTICE"":4,""PRINCIPLE-QUESTIONING"":3}","[{""evidence"":""conversation_history (lượt 5)"",""principle_id"":""PRINCIPLE-FEEDBACK"",""rationale"":""Nhu cầu độc lập: Học sinh đã đưa ra câu trả lời cụ thể là 'đáp án là B' cùng lập luận 'Chính phủ có trách nhiệm cao hơn' và chủ động hỏi xác nhận 'đúng không thầy?'. Học sinh cần một phản hồi đánh giá trực tiếp để khẳng định tính đúng đắn của đáp án và củng cố tư duy lựa chọn nguồn tin. Nếu bỏ nguyên tắc này: Nếu gia sư không đưa ra phản hồi xác nhận rõ ràng mà chuyển ngay sang nội dung khác, học sinh sẽ rơi vào trạng thái mơ hồ, không chắc chắn về kết quả mình vừa tìm ra."",""requirement_score"":5}]",,
3,flagged,needs_uet_review,BC-HNMU-G8-R0028-STT13-AI06,HNMU-G8-R0028-STT13,8,Bài 2. Thông tin trong môi trường số,Vận dụng (Khai thác được thông tin),true,4,6,last,"[""PRINCIPLE-FEEDBACK"",""PRINCIPLE-QUESTIONING""]",[],feedback_confirmation_only,"{""PRINCIPLE-CHALLENGE"":2,""PRINCIPLE-EXPLANATION"":2,""PRINCIPLE-FEEDBACK"":5,""PRINCIPLE-MODELLING"":2,""PRINCIPLE-PRACTICE"":2,""PRINCIPLE-QUESTIONING"":4}","[{""evidence"":""conversation_history (lượt 5)"",""principle_id"":""PRINCIPLE-FEEDBACK"",""rationale"":""Nhu cầu độc lập: Học sinh đã đề xuất một giải pháp cụ thể là sử dụng \""báo Thể thao 24h\"". Học sinh cần được gia sư xác nhận và đánh giá xem nguồn tin này có thực sự đáp ứng tiêu chí \""tin cậy\"" của bài học hay không. Nếu bỏ nguyên tắc này: Phản hồi của gia sư sẽ bỏ qua nỗ lực tư duy thực tế của học sinh, khiến học sinh hoang mang không biết lựa chọn của mình có đúng đắn và an toàn hay không."",""requirement_score"":5}]",,
3,flagged,needs_uet_review,BC-HNMU-G8-R0029-STT14-AI06,HNMU-G8-R0029-STT14,8,Bài 2. Thông tin trong môi trường số,Vận dụng (Giải quyết tình huống thực tế),true,4,6,last,"[""PRINCIPLE-CHALLENGE"",""PRINCIPLE-FEEDBACK"",""PRINCIPLE-QUESTIONING""]","[""PRINCIPLE-EXPLANATION"",""PRINCIPLE-PRACTICE""]",feedback_confirmation_only,"{""PRINCIPLE-CHALLENGE"":4,""PRINCIPLE-EXPLANATION"":3,""PRINCIPLE-FEEDBACK"":5,""PRINCIPLE-MODELLING"":1,""PRINCIPLE-PRACTICE"":3,""PRINCIPLE-QUESTIONING"":5}","[{""evidence"":""Lượt hội thoại turn_index 5: Học sinh trả lời \""Dạ họ sẽ bị lỗ nặng, mất hết tiền của ạ. Thật là tội nghiệp!\"""",""principle_id"":""PRINCIPLE-FEEDBACK"",""rationale"":""Nhu cầu độc lập: Học sinh vừa đưa ra một suy luận chính xác về hậu quả kinh tế và thể hiện sự đồng cảm với người nông dân. Học sinh cần nhận được phản hồi xác nhận rằng suy luận của mình là hoàn toàn đúng đắn để củng cố niềm tin vào nhận thức mới.\nNếu bỏ nguyên tắc này: Nếu gia sư bỏ qua lượt trả lời của học sinh và chuyển ngay sang câu hỏi khác, học sinh sẽ không rõ suy luận của mình đã chuẩn xác chưa, đồng thời cảm thấy nỗ lực tương tác của mình không được ghi nhận."",""requirement_score"":5}]",,
3,flagged,needs_uet_review,BC-HNMU-G8-R0032-STT3-AI04,HNMU-G8-R0032-STT3,8,Bài 3. Thực hành: Khai thác thông tin số,Nhận biết (Nêu tên được kênh chia sẻ),true,2,4,middle,"[""PRINCIPLE-FEEDBACK"",""PRINCIPLE-QUESTIONING""]","[""PRINCIPLE-EXPLANATION""]",feedback_confirmation_only,"{""PRINCIPLE-CHALLENGE"":2,""PRINCIPLE-EXPLANATION"":3,""PRINCIPLE-FEEDBACK"":5,""PRINCIPLE-MODELLING"":2,""PRINCIPLE-PRACTICE"":2,""PRINCIPLE-QUESTIONING"":5}","[{""evidence"":""conversation_history (turn_index: 3)"",""principle_id"":""PRINCIPLE-FEEDBACK"",""rationale"":""Nhu cầu độc lập: Học sinh vừa đưa ra câu trả lời cụ thể ở lượt thoại 3 (\""Dạ dùng Thư điện tử (Email) ạ\"") và cần được xác nhận tính đúng đắn của câu trả lời này để định hình kiến thức. Nếu bỏ nguyên tắc này: Gia sư sẽ bỏ qua nỗ lực trả lời của học sinh, khiến học sinh không rõ câu trả lời của mình đã chính xác chưa trước khi tiếp tục suy nghĩ."",""requirement_score"":5}]",,
3,flagged,needs_uet_review,BC-HNMU-G8-R0037-STT8-AI04,HNMU-G8-R0037-STT8,8,Bài 3. Thực hành: Khai thác thông tin số,Thông hiểu (So sánh được công cụ),true,2,4,last,"[""PRINCIPLE-EXPLANATION"",""PRINCIPLE-FEEDBACK"",""PRINCIPLE-QUESTIONING""]",[],feedback_confirmation_only,"{""PRINCIPLE-CHALLENGE"":2,""PRINCIPLE-EXPLANATION"":5,""PRINCIPLE-FEEDBACK"":5,""PRINCIPLE-MODELLING"":2,""PRINCIPLE-PRACTICE"":2,""PRINCIPLE-QUESTIONING"":4}","[{""evidence"":""conversation_history lượt 3"",""principle_id"":""PRINCIPLE-FEEDBACK"",""rationale"":""Nhu cầu độc lập: Học sinh vừa đưa ra câu trả lời đúng cho câu hỏi gợi mở của gia sư ở lượt trước. Học sinh có nhu cầu được gia sư ghi nhận, xác nhận tính chính xác của câu trả lời này để làm điểm tựa vững chắc cho các bước suy luận tiếp theo. Nếu bỏ nguyên tắc này: Nếu gia sư bỏ qua câu trả lời này và đi thẳng vào phân tích mới, học sinh sẽ không biết câu trả lời của mình đã chuẩn xác chưa, gây đứt gãy mạch tương tác sư phạm."",""requirement_score"":5}]",,
3,flagged,needs_uet_review,BC-HNMU-G8-R0038-STT9-AI04,HNMU-G8-R0038-STT9,8,Bài 3. Thực hành: Khai thác thông tin số,Thông hiểu (Giải thích được sự vi phạm bản quyền),true,2,4,last,"[""PRINCIPLE-EXPLANATION"",""PRINCIPLE-FEEDBACK""]","[""PRINCIPLE-QUESTIONING""]",feedback_confirmation_only,"{""PRINCIPLE-CHALLENGE"":2,""PRINCIPLE-EXPLANATION"":5,""PRINCIPLE-FEEDBACK"":5,""PRINCIPLE-MODELLING"":2,""PRINCIPLE-PRACTICE"":2,""PRINCIPLE-QUESTIONING"":3}","[{""evidence"":""turn_index 3 trong conversation_history"",""principle_id"":""PRINCIPLE-FEEDBACK"",""rationale"":""Nhu cầu độc lập: Học sinh đã trả lời câu hỏi gợi mở của gia sư ở lượt 3, bày tỏ cảm xúc của mình về sự không công bằng khi bị người khác lấy mất tác phẩm. Gia sư bắt buộc phải phản hồi, xác nhận tính đúng đắn của câu trả lời này để làm cầu nối dẫn vào bài học.\nNếu bỏ nguyên tắc này: Nếu bỏ qua việc nhận xét câu trả lời của học sinh mà đi thẳng vào giải thích chung chung, mạch hội thoại sẽ bị đứt gãy và học sinh không thấy được mối liên hệ giữa trải nghiệm cá nhân với bài học."",""requirement_score"":5}]",,
3,flagged,needs_uet_review,BC-HNMU-G8-R0042-STT13-AI06,HNMU-G8-R0042-STT13,8,Bài 3. Thực hành: Khai thác thông tin số,Vận dụng (Chọn lọc thông tin phù hợp),true,4,6,last,"[""PRINCIPLE-EXPLANATION"",""PRINCIPLE-FEEDBACK""]","[""PRINCIPLE-PRACTICE"",""PRINCIPLE-QUESTIONING""]",feedback_confirmation_only,"{""PRINCIPLE-CHALLENGE"":2,""PRINCIPLE-EXPLANATION"":4,""PRINCIPLE-FEEDBACK"":5,""PRINCIPLE-MODELLING"":1,""PRINCIPLE-PRACTICE"":3,""PRINCIPLE-QUESTIONING"":3}","[{""evidence"":""conversation_history lượt 5"",""principle_id"":""PRINCIPLE-FEEDBACK"",""rationale"":""Nhu cầu độc lập: Học sinh đã trả lời đúng câu hỏi gợi mở của gia sư ở lượt trước (\""Dạ là Liên đoàn bóng đá ạ!\""), do đó rất cần một phản hồi xác nhận câu trả lời này là hoàn toàn chính xác và liên kết trực tiếp nó với đáp án C của câu hỏi nguồn. Nếu bỏ nguyên tắc này: Học sinh sẽ không được xác nhận về kết quả suy luận của mình, khiến tiến trình giải quyết câu hỏi trắc nghiệm ban đầu bị bỏ lửng."",""requirement_score"":5}]",,
3,flagged,needs_uet_review,BC-HNMU-G8-R0044-STT1-AI04,HNMU-G8-R0044-STT1,8,Bài 4. Đạo đức và văn hoá trong sử dụng công nghệ kĩ thuật số,Nhận biết (Nêu được khái niệm),true,2,4,last,"[""PRINCIPLE-EXPLANATION"",""PRINCIPLE-FEEDBACK""]","[""PRINCIPLE-QUESTIONING""]",feedback_confirmation_only,"{""PRINCIPLE-CHALLENGE"":1,""PRINCIPLE-EXPLANATION"":5,""PRINCIPLE-FEEDBACK"":5,""PRINCIPLE-MODELLING"":1,""PRINCIPLE-PRACTICE"":2,""PRINCIPLE-QUESTIONING"":3}","[{""evidence"":""conversation_history lượt 3"",""principle_id"":""PRINCIPLE-FEEDBACK"",""rationale"":""Nhu cầu độc lập: Học sinh vừa hoàn thành một bước suy luận tự thân ở lượt 3 (\""Dạ là em ạ, vì em là người vẽ\""), em cần được xác nhận ngay lập tức rằng suy luận này là chính xác để củng cố sự tự tin và tạo đà cho việc tiếp thu định nghĩa.\nNếu bỏ nguyên tắc này: Nếu không phản hồi/ghi nhận câu trả lời này của học sinh mà đi thẳng vào giải thích định nghĩa hoặc hỏi câu mới, học sinh sẽ cảm thấy câu trả lời của mình bị phớt lờ, làm đứt gãy mạch tương tác gợi mở."",""requirement_score"":5}]",,
3,flagged,needs_uet_review,BC-HNMU-G8-R0046-STT3-AI04,HNMU-G8-R0046-STT3,8,Bài 4. Đạo đức và văn hoá trong sử dụng công nghệ kĩ thuật số,Nhận biết (Kể tên được hành vi),true,2,4,last,"[""PRINCIPLE-EXPLANATION"",""PRINCIPLE-FEEDBACK"",""PRINCIPLE-QUESTIONING""]",[],feedback_confirmation_only,"{""PRINCIPLE-CHALLENGE"":2,""PRINCIPLE-EXPLANATION"":4,""PRINCIPLE-FEEDBACK"":5,""PRINCIPLE-MODELLING"":2,""PRINCIPLE-PRACTICE"":2,""PRINCIPLE-QUESTIONING"":5}","[{""evidence"":""conversation_history lượt 3: Dạ là sao chép không xin phép ạ."",""principle_id"":""PRINCIPLE-FEEDBACK"",""rationale"":""Nhu cầu độc lập: Học sinh vừa đưa ra câu trả lời trực tiếp (\""sao chép không xin phép\"") cho câu hỏi gợi mở của gia sư ở lượt trước và đang chờ đợi sự xác nhận cũng như đánh giá xem câu trả lời đó đã đúng và chuẩn xác về mặt thuật ngữ hay chưa. Nếu bỏ nguyên tắc này: Nếu không có phản hồi nhận xét cụ thể, học sinh sẽ hoang mang không biết câu trả lời của mình đã chính xác chưa, làm đứt gãy mạch tương tác định hướng của gia sư."",""requirement_score"":5}]",,
3,flagged,needs_uet_review,BC-HNMU-G8-R0047-STT4-AI04,HNMU-G8-R0047-STT4,8,Bài 4. Đạo đức và văn hoá trong sử dụng công nghệ kĩ thuật số,Nhận biết (Biết được khái niệm),true,2,4,last,"[""PRINCIPLE-EXPLANATION"",""PRINCIPLE-FEEDBACK""]","[""PRINCIPLE-QUESTIONING""]",feedback_confirmation_only,"{""PRINCIPLE-CHALLENGE"":2,""PRINCIPLE-EXPLANATION"":4,""PRINCIPLE-FEEDBACK"":5,""PRINCIPLE-MODELLING"":2,""PRINCIPLE-PRACTICE"":2,""PRINCIPLE-QUESTIONING"":3}","[{""evidence"":""conversation_history (lượt 3)"",""principle_id"":""PRINCIPLE-FEEDBACK"",""rationale"":""Nhu cầu độc lập: Học sinh vừa trả lời câu hỏi gợi mở của gia sư ở lượt trước bằng câu trả lời cụ thể ('Dạ em sẽ lễ phép và kính trọng ạ'). Học sinh cần nhận được phản hồi trực tiếp để xác nhận tính đúng đắn của thái độ này ngoài đời thực trước khi chuyển tiếp tư duy. Nếu bỏ nguyên tắc này: Nếu không phản hồi mà bỏ qua câu trả lời này để đi thẳng vào giải thích hoặc hỏi câu khác, học sinh sẽ thấy câu trả lời của mình không được ghi nhận và mạch liên hệ từ đời thực sang không gian mạng sẽ bị đứt gãy hoàn toàn."",""requirement_score"":5}]",,
3,flagged,needs_uet_review,BC-HNMU-G8-R0054-STT11-AI04,HNMU-G8-R0054-STT11,8,Bài 4. Đạo đức và văn hoá trong sử dụng công nghệ kĩ thuật số,Vận dụng (Giải quyết tình huống),true,2,4,last,"[""PRINCIPLE-FEEDBACK"",""PRINCIPLE-QUESTIONING""]","[""PRINCIPLE-EXPLANATION"",""PRINCIPLE-MODELLING""]",feedback_confirmation_only,"{""PRINCIPLE-CHALLENGE"":2,""PRINCIPLE-EXPLANATION"":3,""PRINCIPLE-FEEDBACK"":5,""PRINCIPLE-MODELLING"":3,""PRINCIPLE-PRACTICE"":2,""PRINCIPLE-QUESTIONING"":4}","[{""evidence"":""conversation_history (turn 3)"",""principle_id"":""PRINCIPLE-FEEDBACK"",""rationale"":""Nhu cầu độc lập: Học sinh đã trả lời câu hỏi gợi mở ở lượt trước về các tác hại của việc đăng video bạo lực học đường (bị tổn thương, xấu hổ, lan truyền rộng). Em cần được gia sư phản hồi, xác nhận những nhận thức này là hoàn toàn chính xác để củng cố niềm tin đạo đức trước khi tiến tới bước hành động cụ thể.\nNếu bỏ nguyên tắc này: Nếu không phản hồi mà chỉ đưa ngay ra giải pháp, học sinh sẽ không biết suy luận của mình về các hậu quả đã đúng và đủ chưa, làm giảm hiệu quả của tiến trình giải quyết vấn đề theo từng bước."",""requirement_score"":5}]",,
3,flagged,needs_uet_review,BC-HNMU-G8-R0056-STT13-AI04,HNMU-G8-R0056-STT13,8,Bài 4. Đạo đức và văn hoá trong sử dụng công nghệ kĩ thuật số,Vận dụng (Thiết lập biện pháp),true,2,4,middle,"[""PRINCIPLE-FEEDBACK"",""PRINCIPLE-QUESTIONING""]",[],feedback_confirmation_only,"{""PRINCIPLE-CHALLENGE"":2,""PRINCIPLE-EXPLANATION"":2,""PRINCIPLE-FEEDBACK"":5,""PRINCIPLE-MODELLING"":2,""PRINCIPLE-PRACTICE"":2,""PRINCIPLE-QUESTIONING"":5}","[{""evidence"":""Lượt 3 trong conversation_history: \""Dạ phải lịch sự, không nói tục ạ.\"""",""principle_id"":""PRINCIPLE-FEEDBACK"",""rationale"":""Nhu cầu độc lập: Học sinh vừa đưa ra câu trả lời cụ thể cho câu hỏi gợi ý của gia sư và cần được xác nhận xem ý kiến \""lịch sự, không nói tục\"" đã đúng đắn và phù hợp để làm quy tắc đầu tiên chưa. Nếu bỏ nguyên tắc này: Học sinh sẽ không nhận được sự đánh giá về ý kiến của mình, gây hoang mang không biết câu trả lời có đúng hướng hay không trước khi chuyển sang các quy tắc tiếp theo."",""requirement_score"":5}]",,
3,flagged,needs_uet_review,BC-HNMU-G8-R0056-STT13-AI06,HNMU-G8-R0056-STT13,8,Bài 4. Đạo đức và văn hoá trong sử dụng công nghệ kĩ thuật số,Vận dụng (Thiết lập biện pháp),true,4,6,last,"[""PRINCIPLE-FEEDBACK"",""PRINCIPLE-QUESTIONING""]",[],feedback_confirmation_only,"{""PRINCIPLE-CHALLENGE"":2,""PRINCIPLE-EXPLANATION"":2,""PRINCIPLE-FEEDBACK"":5,""PRINCIPLE-MODELLING"":2,""PRINCIPLE-PRACTICE"":2,""PRINCIPLE-QUESTIONING"":5}","[{""evidence"":""conversation_history (lượt 5)"",""principle_id"":""PRINCIPLE-FEEDBACK"",""rationale"":""Nhu cầu độc lập: Học sinh cần được xác nhận tính đúng đắn của quy tắc thứ hai (\""chỉ nói chuyện bài vở\"") mà mình vừa tự rút ra ở lượt 5, nhằm ghi nhận tiến bộ và củng cố sự tự tin. Nếu bỏ nguyên tắc này: Gia sư sẽ bỏ qua nỗ lực tư duy của học sinh, chuyển ngay sang ý mới khiến cuộc đối thoại mất đi tính tương tác tự nhiên và giảm động lực của học sinh."",""requirement_score"":5}]",,
3,flagged,needs_uet_review,BC-HNMU-G8-R0057-STT14-AI06,HNMU-G8-R0057-STT14,8,Bài 4. Đạo đức và văn hoá trong sử dụng công nghệ kĩ thuật số,Vận dụng (Giải quyết tình huống thực tế),true,4,6,last,"[""PRINCIPLE-EXPLANATION"",""PRINCIPLE-FEEDBACK""]","[""PRINCIPLE-PRACTICE"",""PRINCIPLE-QUESTIONING""]",feedback_confirmation_only,"{""PRINCIPLE-CHALLENGE"":2,""PRINCIPLE-EXPLANATION"":4,""PRINCIPLE-FEEDBACK"":5,""PRINCIPLE-MODELLING"":1,""PRINCIPLE-PRACTICE"":3,""PRINCIPLE-QUESTIONING"":3}","[{""evidence"":""turn_index: 5"",""principle_id"":""PRINCIPLE-FEEDBACK"",""rationale"":""Nhu cầu độc lập: Học sinh vừa đề xuất một giải pháp ứng xử cụ thể cho tình huống thực tế ở lượt 5. Học sinh cần nhận được sự đánh giá, xác nhận trực tiếp từ gia sư xem cách xử lý này đã hoàn toàn đúng đắn, an toàn và thể hiện đúng văn hóa số hay chưa. Nếu bỏ nguyên tắc này: Một phản hồi bỏ qua việc nhận xét cách xử lý của học sinh mà đi thẳng vào lý thuyết hoặc câu hỏi mới sẽ làm học sinh hụt hẫng, không rõ giải pháp mình tự đưa ra có thực sự chuẩn mực hay không."",""requirement_score"":5}]",,
3,flagged,needs_uet_review,BC-HNMU-G8-R0059-STT2-AI04,HNMU-G8-R0059-STT2,8,Bài 5: Sử dụng bảng tính giải quyết bài toán thực tế,Nhận biết (Nêu tên kí hiệu),true,2,4,last,"[""PRINCIPLE-EXPLANATION"",""PRINCIPLE-FEEDBACK""]","[""PRINCIPLE-MODELLING"",""PRINCIPLE-PRACTICE"",""PRINCIPLE-QUESTIONING""]",feedback_confirmation_only,"{""PRINCIPLE-CHALLENGE"":1,""PRINCIPLE-EXPLANATION"":5,""PRINCIPLE-FEEDBACK"":5,""PRINCIPLE-MODELLING"":3,""PRINCIPLE-PRACTICE"":3,""PRINCIPLE-QUESTIONING"":3}","[{""evidence"":""turn_3: \""Dạ là kí hiệu đô la $ ạ.\"""",""principle_id"":""PRINCIPLE-FEEDBACK"",""rationale"":""Nhu cầu độc lập: Học sinh vừa đưa ra câu trả lời cho câu hỏi gợi mở của gia sư ở lượt trước và cần được xác nhận ngay lập tức xem câu trả lời đó đã chính xác chưa. Nếu bỏ nguyên tắc này: Học sinh sẽ không có sự phản hồi về tính đúng đắn của câu trả lời mình vừa đưa ra, làm mất đi sự kết nối logic giữa kí hiệu \""$\"" và việc giải quyết vấn đề khóa địa chỉ ô."",""requirement_score"":5}]",,
3,flagged,needs_uet_review,BC-HNMU-G8-R0061-STT4-AI04,HNMU-G8-R0061-STT4,8,Bài 5: Sử dụng bảng tính giải quyết bài toán thực tế,Nhận biết (Nêu được khái niệm),true,2,4,middle,"[""PRINCIPLE-EXPLANATION"",""PRINCIPLE-FEEDBACK""]","[""PRINCIPLE-MODELLING"",""PRINCIPLE-QUESTIONING""]",feedback_confirmation_only,"{""PRINCIPLE-CHALLENGE"":1,""PRINCIPLE-EXPLANATION"":5,""PRINCIPLE-FEEDBACK"":5,""PRINCIPLE-MODELLING"":3,""PRINCIPLE-PRACTICE"":2,""PRINCIPLE-QUESTIONING"":3}","[{""evidence"":""conversation_history lượt 3: \""Dạ không đổi ạ.\"""",""principle_id"":""PRINCIPLE-FEEDBACK"",""rationale"":""Nhu cầu độc lập: Học sinh vừa đưa ra câu trả lời \""Dạ không đổi ạ\"" cho câu hỏi ẩn dụ của gia sư. Học sinh cần được xác nhận câu trả lời này là đúng và hiểu được câu trả lời này ánh xạ như thế nào sang khái niệm địa chỉ tuyệt đối trong bảng tính. Nếu bỏ nguyên tắc này: Phản hồi tiếp theo nếu bỏ qua câu trả lời của học sinh và chuyển ngay sang giải thích lý thuyết khô khan sẽ làm đứt gãy mạch tương tác, khiến việc đặt câu hỏi ẩn dụ trước đó trở nên vô nghĩa."",""requirement_score"":5}]",,
3,flagged,needs_uet_review,BC-HNMU-G8-R0061-STT4-AI06,HNMU-G8-R0061-STT4,8,Bài 5: Sử dụng bảng tính giải quyết bài toán thực tế,Nhận biết (Nêu được khái niệm),true,4,6,last,"[""PRINCIPLE-FEEDBACK"",""PRINCIPLE-QUESTIONING""]","[""PRINCIPLE-EXPLANATION"",""PRINCIPLE-MODELLING""]",feedback_confirmation_only,"{""PRINCIPLE-CHALLENGE"":1,""PRINCIPLE-EXPLANATION"":3,""PRINCIPLE-FEEDBACK"":5,""PRINCIPLE-MODELLING"":3,""PRINCIPLE-PRACTICE"":2,""PRINCIPLE-QUESTIONING"":5}","[{""evidence"":""conversation_history lượt 5"",""principle_id"":""PRINCIPLE-FEEDBACK"",""rationale"":""Nhu cầu độc lập: Học sinh vừa đưa ra câu trả lời chính xác cho câu hỏi gợi mở ở lượt trước và cần được xác nhận ngay tính đúng đắn để củng cố niềm tin kiến thức. Nếu bỏ nguyên tắc này: Gia sư nếu bỏ qua việc phản hồi câu trả lời của học sinh mà chuyển ngay sang câu hỏi khác sẽ khiến học sinh hoang mang, không chắc chắn về hiểu biết của mình."",""requirement_score"":5}]",,
3,flagged,needs_uet_review,BC-HNMU-G8-R0067-STT10-AI04,HNMU-G8-R0067-STT10,8,Bài 5: Sử dụng bảng tính giải quyết bài toán thực tế,Thông hiểu (Trình bày tầm quan trọng),true,2,4,last,"[""PRINCIPLE-EXPLANATION"",""PRINCIPLE-FEEDBACK""]","[""PRINCIPLE-QUESTIONING""]",feedback_confirmation_only,"{""PRINCIPLE-CHALLENGE"":1,""PRINCIPLE-EXPLANATION"":5,""PRINCIPLE-FEEDBACK"":5,""PRINCIPLE-MODELLING"":2,""PRINCIPLE-PRACTICE"":1,""PRINCIPLE-QUESTIONING"":3}","[{""evidence"":""conversation_history lượt 3"",""principle_id"":""PRINCIPLE-FEEDBACK"",""rationale"":""Nhu cầu độc lập: Học sinh đã trả lời câu hỏi gợi mở của gia sư ở lượt trước và cần được xác nhận tính đúng đắn của câu trả lời này, đồng thời kết nối trực tiếp câu trả lời đó với lợi ích \""tự động tính toán lại\"" của bảng tính để giải quyết vấn đề \""mất thời gian\"" mà học sinh đã chỉ ra.\nNếu bỏ nguyên tắc này: Nếu không phản hồi/nhận xét câu trả lời của học sinh mà chuyển ngay sang giải thích hoặc đặt câu hỏi mới, học sinh sẽ cảm thấy câu trả lời của mình không được ghi nhận, mạch hội thoại bị đứt gãy và không thấy rõ mối liên hệ giữa việc \""mất thời gian tính tay\"" và \""sự tiện lợi của bảng tính\""."",""requirement_score"":5}]",,
3,flagged,needs_uet_review,BC-HNMU-G8-R0070-STT13-AI06,HNMU-G8-R0070-STT13,8,Bài 5: Sử dụng bảng tính giải quyết bài toán thực tế,Vận dụng (Sử dụng được hàm),true,4,6,last,"[""PRINCIPLE-FEEDBACK"",""PRINCIPLE-QUESTIONING""]","[""PRINCIPLE-PRACTICE""]",feedback_confirmation_only,"{""PRINCIPLE-CHALLENGE"":2,""PRINCIPLE-EXPLANATION"":2,""PRINCIPLE-FEEDBACK"":5,""PRINCIPLE-MODELLING"":1,""PRINCIPLE-PRACTICE"":3,""PRINCIPLE-QUESTIONING"":4}","[{""evidence"":""conversation_history (lượt 5)"",""principle_id"":""PRINCIPLE-FEEDBACK"",""rationale"":""Nhu cầu độc lập: Học sinh đã thực hành ra kết quả cụ thể (số tiền 500k cho việc mua sách) và đưa ra giả thuyết suy luận (dùng hàm MIN tương tự cho khoản chi nhỏ nhất). Học sinh cần được xác nhận ngay lập tức xem kết quả thực hành đó có đúng không và suy luận của mình có chính xác không để tự tin bước tiếp. Nếu bỏ nguyên tắc này: Một phản hồi bỏ qua kết quả 500k và giả thuyết của học sinh sẽ khiến học sinh hoang mang, không chắc chắn liệu cách làm vừa rồi của mình đã chuẩn xác hay chưa."",""requirement_score"":5}]",,
3,flagged,needs_uet_review,BC-HNMU-G8-R0073-STT2-AI04,HNMU-G8-R0073-STT2,8,Bài 6. Săp xếp và lọc dữ liệu,Nhận biết (Nêu được khái niệm),true,2,4,last,"[""PRINCIPLE-EXPLANATION"",""PRINCIPLE-FEEDBACK""]","[""PRINCIPLE-QUESTIONING""]",feedback_confirmation_only,"{""PRINCIPLE-CHALLENGE"":2,""PRINCIPLE-EXPLANATION"":5,""PRINCIPLE-FEEDBACK"":5,""PRINCIPLE-MODELLING"":2,""PRINCIPLE-PRACTICE"":2,""PRINCIPLE-QUESTIONING"":3}","[{""evidence"":""conversation_history lượt 3: \""Dạ chúng sẽ bị giấu đi, chỉ hiện hàng \""Nữ\"" thôi ạ.\"""",""principle_id"":""PRINCIPLE-FEEDBACK"",""rationale"":""Nhu cầu độc lập: Học sinh đã trả lời chính xác câu hỏi gợi mở của gia sư ở lượt trước và cần được xác nhận ngay tính đúng đắn của câu trả lời này để củng cố sự tự tin trong tư duy.\nNếu bỏ nguyên tắc này: Phản hồi của gia sư sẽ trở nên áp đặt khi trực tiếp đưa ra định nghĩa mà không ghi nhận hay liên kết với câu trả lời thực tế của học sinh, làm mất đi tính tương tác hai chiều."",""requirement_score"":5}]",,
3,flagged,needs_uet_review,BC-HNMU-G8-R0075-STT4-AI04,HNMU-G8-R0075-STT4,8,Bài 6. Săp xếp và lọc dữ liệu,Nhận biết (Nêu tên lệnh),true,2,4,last,"[""PRINCIPLE-FEEDBACK"",""PRINCIPLE-QUESTIONING""]","[""PRINCIPLE-EXPLANATION""]",feedback_confirmation_only,"{""PRINCIPLE-CHALLENGE"":1,""PRINCIPLE-EXPLANATION"":3,""PRINCIPLE-FEEDBACK"":5,""PRINCIPLE-MODELLING"":2,""PRINCIPLE-PRACTICE"":2,""PRINCIPLE-QUESTIONING"":4}","[{""evidence"":""turn_index 3: \""Dạ em thấy rồi, có chữ Filter ạ.\"""",""principle_id"":""PRINCIPLE-FEEDBACK"",""rationale"":""Nhu cầu độc lập: Học sinh đã thực hiện theo gợi ý ở lượt trước và đưa ra kết quả quan sát cụ thể (\""có chữ Filter ạ\""). Học sinh cần được xác nhận ngay lập tức xem đây có đúng là công cụ cần tìm hay không để tiếp tục thao tác. Nếu bỏ nguyên tắc này: Gia sư không phản hồi về kết quả học sinh vừa tìm thấy mà đưa ra chỉ dẫn khác, khiến học sinh hoang mang và không chắc chắn mình đã đi đúng hướng hay chưa."",""requirement_score"":5}]",,
3,flagged,needs_uet_review,BC-HNMU-G8-R0076-STT5-AI06,HNMU-G8-R0076-STT5,8,Bài 6. Săp xếp và lọc dữ liệu,Thông hiểu (Giải thích được sự cần thiết),true,4,6,last,"[""PRINCIPLE-FEEDBACK"",""PRINCIPLE-QUESTIONING""]","[""PRINCIPLE-EXPLANATION""]",feedback_confirmation_only,"{""PRINCIPLE-CHALLENGE"":2,""PRINCIPLE-EXPLANATION"":3,""PRINCIPLE-FEEDBACK"":5,""PRINCIPLE-MODELLING"":2,""PRINCIPLE-PRACTICE"":2,""PRINCIPLE-QUESTIONING"":4}","[{""evidence"":""turn_index: 5 (\""À! Em sẽ thấy ngay danh sách đó. Vậy nó giúp mình tìm tin nhanh và dễ so sánh hơn thầy nhỉ!\"")"",""principle_id"":""PRINCIPLE-FEEDBACK"",""rationale"":""Nhu cầu độc lập: Học sinh đã tự rút ra kết luận rất chính xác về vai trò của việc lọc dữ liệu dưới dạng một câu hỏi xác nhận ở lượt 5. Học sinh cần một phản hồi khẳng định ngay lập tức từ gia sư để chốt kiến thức và củng cố sự tự tin. Nếu bỏ nguyên tắc này: Phản hồi của gia sư sẽ bỏ qua nỗ lực tư duy của học sinh, khiến học sinh hoang mang không biết suy luận của mình đã hoàn toàn đúng chưa, làm giảm hiệu quả của phương pháp gợi mở."",""requirement_score"":5}]",,
3,flagged,needs_uet_review,BC-HNMU-G8-R0077-STT6-AI04,HNMU-G8-R0077-STT6,8,Bài 6. Săp xếp và lọc dữ liệu,Thông hiểu (Giải thích thao tác),true,2,4,last,"[""PRINCIPLE-EXPLANATION"",""PRINCIPLE-FEEDBACK""]","[""PRINCIPLE-QUESTIONING""]",feedback_confirmation_only,"{""PRINCIPLE-CHALLENGE"":1,""PRINCIPLE-EXPLANATION"":5,""PRINCIPLE-FEEDBACK"":5,""PRINCIPLE-MODELLING"":2,""PRINCIPLE-PRACTICE"":2,""PRINCIPLE-QUESTIONING"":3}","[{""evidence"":""conversation_history (turn_index: 3): Dạ em chỉ cần nhấn vào một ô bất kỳ trong bảng là được đúng không thầy?"",""principle_id"":""PRINCIPLE-FEEDBACK"",""rationale"":""Nhu cầu độc lập: Học sinh vừa đưa ra một phán đoán thao tác cụ thể ở lượt 3 và đang chờ đợi sự xác nhận trực tiếp từ gia sư xem phán đoán đó có đúng hay không để tiếp tục thực hiện trên máy. Nếu bỏ nguyên tắc này: Một phản hồi dù có giải thích hay đến đâu nhưng nếu bỏ qua việc nhận xét, xác nhận tính đúng đắn trong câu hỏi của học sinh sẽ làm học sinh hoang mang, không chắc chắn có nên nhấn vào một ô hay không."",""requirement_score"":5}]",,
3,flagged,needs_uet_review,BC-HNMU-G8-R0078-STT7-AI04,HNMU-G8-R0078-STT7,8,Bài 6. Săp xếp và lọc dữ liệu,Thông hiểu (Mô tả được cơ chế),true,2,4,last,"[""PRINCIPLE-EXPLANATION"",""PRINCIPLE-FEEDBACK""]","[""PRINCIPLE-QUESTIONING""]",feedback_confirmation_only,"{""PRINCIPLE-CHALLENGE"":1,""PRINCIPLE-EXPLANATION"":5,""PRINCIPLE-FEEDBACK"":5,""PRINCIPLE-MODELLING"":2,""PRINCIPLE-PRACTICE"":1,""PRINCIPLE-QUESTIONING"":3}","[{""evidence"":""conversation_history (turn_index 3): \""Dạ nó bị nhảy ạ, từ hàng 3 vọt lên hàng 8 luôn.\"""",""principle_id"":""PRINCIPLE-FEEDBACK"",""rationale"":""Nhu cầu độc lập: Học sinh vừa hoàn thành câu hỏi phụ của gia sư ở lượt trước bằng cách chỉ ra hiện tượng số hàng bị nhảy cóc từ 3 lên 8. Học sinh cần nhận được phản hồi ngay lập tức để xác nhận quan sát này là đúng và hiểu ý nghĩa của hiện tượng đó. Nếu bỏ nguyên tắc này: Phản hồi tiếp theo nếu bỏ qua câu trả lời của học sinh mà đưa ra giải thích độc lập sẽ làm đứt gãy mạch hội thoại, khiến học sinh cảm thấy câu hỏi quan sát trước đó là vô nghĩa và giảm hiệu quả tương tác."",""requirement_score"":5}]",,
3,flagged,needs_uet_review,BC-HNMU-G8-R0079-STT8-AI04,HNMU-G8-R0079-STT8,8,Bài 6. Săp xếp và lọc dữ liệu,Thông hiểu (Phân biệt chức năng),true,2,4,last,"[""PRINCIPLE-EXPLANATION"",""PRINCIPLE-FEEDBACK"",""PRINCIPLE-QUESTIONING""]","[""PRINCIPLE-MODELLING""]",feedback_confirmation_only,"{""PRINCIPLE-CHALLENGE"":1,""PRINCIPLE-EXPLANATION"":4,""PRINCIPLE-FEEDBACK"":5,""PRINCIPLE-MODELLING"":3,""PRINCIPLE-PRACTICE"":2,""PRINCIPLE-QUESTIONING"":4}","[{""evidence"":""Lượt 3 trong conversation_history: student phát biểu \""Dạ là tăng dần ạ.\"""",""principle_id"":""PRINCIPLE-FEEDBACK"",""rationale"":""Nhu cầu độc lập: Học sinh đã nỗ lực trả lời câu hỏi gợi mở ở lượt trước (\""Dạ là tăng dần ạ\""), do đó rất cần nhận được sự xác nhận tính đúng đắn và phản hồi tích cực từ gia sư để tiếp tục mạch bài học. Nếu bỏ nguyên tắc này: Gia sư sẽ bỏ qua câu trả lời của học sinh, làm mất tính tương tác hai chiều và khiến học sinh không chắc chắn liệu suy luận của mình về bậc thang có đúng hay không."",""requirement_score"":5}]",,
3,flagged,needs_uet_review,BC-HNMU-G8-R0081-STT10-AI04,HNMU-G8-R0081-STT10,8,Bài 6. Săp xếp và lọc dữ liệu,Thông hiểu (Trình bày tầm quan trọng),true,2,4,last,"[""PRINCIPLE-FEEDBACK"",""PRINCIPLE-QUESTIONING""]","[""PRINCIPLE-EXPLANATION"",""PRINCIPLE-PRACTICE""]",feedback_confirmation_only,"{""PRINCIPLE-CHALLENGE"":2,""PRINCIPLE-EXPLANATION"":3,""PRINCIPLE-FEEDBACK"":4,""PRINCIPLE-MODELLING"":1,""PRINCIPLE-PRACTICE"":3,""PRINCIPLE-QUESTIONING"":5}","[{""evidence"":""conversation_history (lượt 3: 'Bấm vào đó thì mọi thứ hiện ra như cũ ạ.')"",""principle_id"":""PRINCIPLE-FEEDBACK"",""rationale"":""Nhu cầu độc lập: Học sinh cần được xác nhận rằng hiện tượng 'mọi thứ hiện ra như cũ' sau khi bấm Clear là chính xác và là trạng thái mong đợi của hệ thống. Nếu bỏ nguyên tắc này: Phản hồi tiếp theo sẽ bỏ qua kết quả thực hành thực tế của học sinh, khiến học sinh hoang mang không biết mình đã thao tác đúng chuẩn chưa."",""requirement_score"":4}]",,
3,flagged,needs_uet_review,BC-HNMU-G8-R0083-STT12-AI02,HNMU-G8-R0083-STT12,8,Bài 6. Săp xếp và lọc dữ liệu,Vận dụng (Giải quyết nhiệm vụ),false,0,2,first,"[""PRINCIPLE-EXPLANATION"",""PRINCIPLE-FEEDBACK""]","[""PRINCIPLE-MODELLING"",""PRINCIPLE-QUESTIONING""]",feedback_confirmation_only,"{""PRINCIPLE-CHALLENGE"":1,""PRINCIPLE-EXPLANATION"":4,""PRINCIPLE-FEEDBACK"":4,""PRINCIPLE-MODELLING"":3,""PRINCIPLE-PRACTICE"":2,""PRINCIPLE-QUESTIONING"":3}","[{""evidence"":""student_prompt"",""principle_id"":""PRINCIPLE-FEEDBACK"",""rationale"":""Nhu cầu độc lập: Học sinh đã chủ động đưa ra cách diễn đạt sáng tạo và đúng hướng (\""lớp ngoan nhất, không có ai dùng máy trên 5 tiếng\""). Học sinh cần nhận được phản hồi xác nhận rằng tư duy của mình là hoàn toàn chính xác để tăng sự tự tin.\nNếu bỏ nguyên tắc này: Một phản hồi chỉ đi thẳng vào hướng dẫn kỹ thuật mà không ghi nhận và làm rõ cách hiểu thông minh của học sinh sẽ làm giảm tính tương tác cá nhân hóa và khiến học sinh cảm thấy gia sư không thực sự lắng nghe lời thoại của mình."",""requirement_score"":4}]",,
3,flagged,needs_uet_review,BC-HNMU-G8-R0084-STT13-AI06,HNMU-G8-R0084-STT13,8,Bài 6. Săp xếp và lọc dữ liệu,Vận dụng (Thiết lập nhiều tiêu chí),true,4,6,last,"[""PRINCIPLE-FEEDBACK""]","[""PRINCIPLE-QUESTIONING""]",feedback_confirmation_only,"{""PRINCIPLE-CHALLENGE"":2,""PRINCIPLE-EXPLANATION"":2,""PRINCIPLE-FEEDBACK"":5,""PRINCIPLE-MODELLING"":1,""PRINCIPLE-PRACTICE"":2,""PRINCIPLE-QUESTIONING"":3}","[{""evidence"":""conversation_history lượt 5: \""Dạ em chọn 'Dưới 1 giờ'. Cả hai đều để 'Largest to Smallest' đúng không thầy?\"""",""principle_id"":""PRINCIPLE-FEEDBACK"",""rationale"":""Nhu cầu độc lập: Học sinh đã đưa ra một câu trả lời cụ thể ở lượt 5 về lựa chọn cột \""Dưới 1 giờ\"" và kiểu sắp xếp \""Largest to Smallest\"" cho cả hai tiêu chí, do đó rất cần nhận được sự xác nhận và phản hồi về độ chính xác của phương án này. Nếu bỏ nguyên tắc này: Gia sư sẽ không xác nhận được tính đúng đắn trong suy luận của học sinh, khiến học sinh hoang mang không biết mình đã thiết lập đúng các tiêu chí sắp xếp theo yêu cầu của đề bài hay chưa."",""requirement_score"":5}]",,
3,flagged,needs_uet_review,BC-HNMU-G8-R0085-STT14-AI02,HNMU-G8-R0085-STT14,8,Bài 6. Săp xếp và lọc dữ liệu,Vận dụng (Sử dụng lọc điều kiện số),false,0,2,first,"[""PRINCIPLE-FEEDBACK"",""PRINCIPLE-QUESTIONING""]","[""PRINCIPLE-EXPLANATION"",""PRINCIPLE-MODELLING""]",feedback_confirmation_only,"{""PRINCIPLE-CHALLENGE"":1,""PRINCIPLE-EXPLANATION"":3,""PRINCIPLE-FEEDBACK"":5,""PRINCIPLE-MODELLING"":3,""PRINCIPLE-PRACTICE"":2,""PRINCIPLE-QUESTIONING"":4}","[{""evidence"":""student_prompt"",""principle_id"":""PRINCIPLE-FEEDBACK"",""rationale"":""Nhu cầu độc lập: Học sinh đã chỉ ra cách làm hiện tại của mình là tích chọn thủ công từng số và nhận thấy nó tốn thời gian. Học sinh cần một phản hồi sư phạm đánh giá trực tiếp cách làm này, xác nhận rằng trực giác của học sinh về việc \""quá lâu\"" là hoàn toàn đúng, đồng thời chỉ ra rằng phương pháp đó không hiệu quả và đi lệch mục tiêu của đề bài.\nNếu bỏ nguyên tắc này: Học sinh có thể vẫn giữ thói quen thao tác thủ công ở các bài tập sau, không nhận thức được tầm quan trọng của việc tối ưu hóa thao tác bằng công cụ lọc số chuyên dụng mà đề bài yêu cầu."",""requirement_score"":5}]",,
3,flagged,needs_uet_review,BC-HNMU-G8-R0086-STT1-AI04,HNMU-G8-R0086-STT1,8,Bài 7. Trình bày dữ liệu bằng biểu đồ,Nhận biết (Nêu được khái niệm),true,2,4,middle,"[""PRINCIPLE-EXPLANATION"",""PRINCIPLE-FEEDBACK""]","[""PRINCIPLE-QUESTIONING""]",feedback_confirmation_only,"{""PRINCIPLE-CHALLENGE"":1,""PRINCIPLE-EXPLANATION"":5,""PRINCIPLE-FEEDBACK"":5,""PRINCIPLE-MODELLING"":2,""PRINCIPLE-PRACTICE"":2,""PRINCIPLE-QUESTIONING"":3}","[{""evidence"":""conversation_history"",""principle_id"":""PRINCIPLE-FEEDBACK"",""rationale"":""Nhu cầu độc lập: Học sinh đã đưa ra câu trả lời cho câu hỏi gợi mở ở lượt 3 và cần được xác nhận câu trả lời đó là chính xác, đồng thời phân tích tại sao lựa chọn đó đúng để làm bàn đạp hiểu khái niệm. Nếu bỏ nguyên tắc này: Gia sư sẽ bỏ qua nỗ lực tư duy của học sinh, làm mất đi sự kết nối tương tác và khiến học sinh không rõ câu trả lời của mình đóng vai trò gì trong việc giải quyết thắc mắc ban đầu."",""requirement_score"":5}]",,
3,flagged,needs_uet_review,BC-HNMU-G8-R0086-STT1-AI06,HNMU-G8-R0086-STT1,8,Bài 7. Trình bày dữ liệu bằng biểu đồ,Nhận biết (Nêu được khái niệm),true,4,6,last,"[""PRINCIPLE-EXPLANATION"",""PRINCIPLE-FEEDBACK""]","[""PRINCIPLE-PRACTICE"",""PRINCIPLE-QUESTIONING""]",feedback_confirmation_only,"{""PRINCIPLE-CHALLENGE"":1,""PRINCIPLE-EXPLANATION"":5,""PRINCIPLE-FEEDBACK"":5,""PRINCIPLE-MODELLING"":1,""PRINCIPLE-PRACTICE"":3,""PRINCIPLE-QUESTIONING"":3}","[{""evidence"":""conversation_history lượt 5"",""principle_id"":""PRINCIPLE-FEEDBACK"",""rationale"":""Nhu cầu độc lập: Học sinh đã đưa ra một câu trả lời rất chính xác về mục đích của biểu đồ ở lượt 5 và có thái độ chờ đợi sự xác nhận thông qua câu hỏi \""đúng không thầy?\"". Học sinh cần nhận được phản hồi đánh giá trực tiếp để khẳng định suy luận của mình là đúng. Nếu bỏ nguyên tắc này: Nếu không cung cấp phản hồi nhận xét cụ thể cho câu trả lời của học sinh, học sinh sẽ không chắc chắn về mức độ chính xác trong hiểu biết của mình và làm giảm động lực tương tác."",""requirement_score"":5}]",,
3,flagged,needs_uet_review,BC-HNMU-G8-R0087-STT2-AI04,HNMU-G8-R0087-STT2,8,Bài 7. Trình bày dữ liệu bằng biểu đồ,Nhận biết (Nêu được tên các loại),true,2,4,last,"[""PRINCIPLE-FEEDBACK"",""PRINCIPLE-QUESTIONING""]","[""PRINCIPLE-EXPLANATION""]",feedback_confirmation_only,"{""PRINCIPLE-CHALLENGE"":1,""PRINCIPLE-EXPLANATION"":3,""PRINCIPLE-FEEDBACK"":5,""PRINCIPLE-MODELLING"":1,""PRINCIPLE-PRACTICE"":2,""PRINCIPLE-QUESTIONING"":5}","[{""evidence"":""conversation_history lượt 3: \""Dạ là biểu đồ cột ạ.\"""",""principle_id"":""PRINCIPLE-FEEDBACK"",""rationale"":""Nhu cầu độc lập: Học sinh vừa trả lời câu hỏi gợi mở của gia sư ở lượt trước và cần nhận được sự xác nhận ngay lập tức xem câu trả lời đó có chính xác hay không để duy trì sự tự tin. Nếu bỏ nguyên tắc này: Một phản hồi chỉ tập trung hỏi tiếp mà không công nhận câu trả lời \""biểu đồ cột\"" của học sinh sẽ làm giảm tính tương tác tự nhiên và khiến học sinh hoang mang không biết mình đã làm đúng chưa."",""requirement_score"":5}]",,
3,flagged,needs_uet_review,BC-HNMU-G8-R0088-STT3-AI04,HNMU-G8-R0088-STT3,8,Bài 7. Trình bày dữ liệu bằng biểu đồ,Nhận biết (Nêu được vai trò),true,2,4,last,"[""PRINCIPLE-FEEDBACK"",""PRINCIPLE-QUESTIONING""]","[""PRINCIPLE-EXPLANATION"",""PRINCIPLE-PRACTICE""]",feedback_confirmation_only,"{""PRINCIPLE-CHALLENGE"":2,""PRINCIPLE-EXPLANATION"":3,""PRINCIPLE-FEEDBACK"":5,""PRINCIPLE-MODELLING"":1,""PRINCIPLE-PRACTICE"":3,""PRINCIPLE-QUESTIONING"":4}","[{""evidence"":""conversation_history: lượt 3"",""principle_id"":""PRINCIPLE-FEEDBACK"",""rationale"":""Nhu cầu độc lập: Học sinh đã tự suy luận ra một quy luật đúng từ ví dụ thực tế ('cột nào thấp hơn là chạy nhanh hơn') và cần được gia sư phản hồi, xác nhận tính đúng đắn này, đồng thời liên kết nó với khái niệm chuyên môn. Nếu bỏ nguyên tắc này: Phản hồi tiếp theo sẽ bỏ qua câu trả lời rất tốt của học sinh, làm mất đi tính tương tác cá nhân hóa và khiến học sinh hoang mang không biết suy luận của mình có đúng hay không."",""requirement_score"":5}]",,
3,flagged,needs_uet_review,BC-HNMU-G8-R0089-STT4-AI04,HNMU-G8-R0089-STT4,8,Bài 7. Trình bày dữ liệu bằng biểu đồ,Nhận biết (Nêu được vai trò),true,2,4,last,"[""PRINCIPLE-EXPLANATION"",""PRINCIPLE-FEEDBACK""]","[""PRINCIPLE-QUESTIONING""]",feedback_confirmation_only,"{""PRINCIPLE-CHALLENGE"":1,""PRINCIPLE-EXPLANATION"":5,""PRINCIPLE-FEEDBACK"":5,""PRINCIPLE-MODELLING"":1,""PRINCIPLE-PRACTICE"":2,""PRINCIPLE-QUESTIONING"":3}","[{""evidence"":""turn_index: 3"",""principle_id"":""PRINCIPLE-FEEDBACK"",""rationale"":""Nhu cầu độc lập: Học sinh đã trả lời câu hỏi gợi mở của gia sư ở lượt 3 (\""chiếm bao nhiêu phần so với cả lớp\""). Học sinh cần nhận được sự xác nhận ngay lập tức rằng câu trả lời của mình là chính xác để củng cố sự tự tin trước khi tiếp thu giải thích sâu hơn. Nếu bỏ nguyên tắc này: Phản hồi của gia sư sẽ trở nên áp đặt một chiều, bỏ qua nỗ lực tư duy của học sinh ở lượt trước và làm giảm tính tương tác sư phạm."",""requirement_score"":5}]",,
3,flagged,needs_uet_review,BC-HNMU-G8-R0091-STT6-AI04,HNMU-G8-R0091-STT6,8,Bài 7. Trình bày dữ liệu bằng biểu đồ,Thông hiểu (Giải thích sự cần thiết),true,2,4,last,"[""PRINCIPLE-EXPLANATION"",""PRINCIPLE-FEEDBACK""]","[""PRINCIPLE-PRACTICE"",""PRINCIPLE-QUESTIONING""]",feedback_confirmation_only,"{""PRINCIPLE-CHALLENGE"":2,""PRINCIPLE-EXPLANATION"":5,""PRINCIPLE-FEEDBACK"":5,""PRINCIPLE-MODELLING"":2,""PRINCIPLE-PRACTICE"":3,""PRINCIPLE-QUESTIONING"":3}","[{""evidence"":""conversation_history (turn_index: 3)"",""principle_id"":""PRINCIPLE-FEEDBACK"",""rationale"":""Nhu cầu độc lập: Học sinh đã tích cực suy luận và đưa ra câu trả lời \""Dạ chắc là biểu đồ đường thẳng ạ\"", do đó học sinh có nhu cầu nhận được sự xác nhận tính đúng đắn từ gia sư để củng cố niềm tin và định hướng tư duy.\nNếu bỏ nguyên tắc này: Phản hồi tiếp theo nếu bỏ qua việc nhận xét câu trả lời này sẽ làm mất đi tính tương tác hai chiều, khiến học sinh bối rối không biết phán đoán của mình đã chính xác chưa."",""requirement_score"":5}]",,
3,flagged,needs_uet_review,BC-HNMU-G8-R0093-STT8-AI04,HNMU-G8-R0093-STT8,8,Bài 7. Trình bày dữ liệu bằng biểu đồ,Thông hiểu (Phân biệt chức năng),true,2,4,last,"[""PRINCIPLE-FEEDBACK"",""PRINCIPLE-QUESTIONING""]","[""PRINCIPLE-EXPLANATION""]",feedback_confirmation_only,"{""PRINCIPLE-CHALLENGE"":2,""PRINCIPLE-EXPLANATION"":3,""PRINCIPLE-FEEDBACK"":5,""PRINCIPLE-MODELLING"":1,""PRINCIPLE-PRACTICE"":2,""PRINCIPLE-QUESTIONING"":5}","[{""evidence"":""turn_index: 3"",""principle_id"":""PRINCIPLE-FEEDBACK"",""rationale"":""Nhu cầu độc lập: Học sinh đã đưa ra câu trả lời cụ thể ở lượt 3 (\""Dạ nó là tên của biểu đồ, gọi là tiêu đề ạ\""). Học sinh cần được xác nhận câu trả lời này là đúng để có điểm tựa vững chắc trước khi chuyển sang thành phần tiếp theo.\nNếu bỏ nguyên tắc này: Một phản hồi không ghi nhận câu trả lời của học sinh mà bỏ qua hoặc chuyển ngay sang giải thích sẽ khiến học sinh không rõ mình đã hiểu đúng chưa, làm mất đi tính tương tác và định hướng của cuộc hội thoại."",""requirement_score"":5}]",,
3,flagged,needs_uet_review,BC-HNMU-G8-R0094-STT9-AI04,HNMU-G8-R0094-STT9,8,Bài 7. Trình bày dữ liệu bằng biểu đồ,Thông hiểu (Giải thích cơ chế),true,2,4,last,"[""PRINCIPLE-EXPLANATION"",""PRINCIPLE-FEEDBACK""]","[""PRINCIPLE-QUESTIONING""]",feedback_confirmation_only,"{""PRINCIPLE-CHALLENGE"":2,""PRINCIPLE-EXPLANATION"":5,""PRINCIPLE-FEEDBACK"":4,""PRINCIPLE-MODELLING"":2,""PRINCIPLE-PRACTICE"":2,""PRINCIPLE-QUESTIONING"":3}","[{""evidence"":""Lượt 3 của student: \""Ồ! Nó tự cao lên thầy ạ! Tại sao vậy thầy?\"""",""principle_id"":""PRINCIPLE-FEEDBACK"",""rationale"":""Nhu cầu độc lập: Học sinh đã hoàn thành thử nghiệm ở lượt trước và báo cáo kết quả quan sát được (\""Nó tự cao lên thầy ạ!\""). Học sinh cần nhận được sự xác nhận và khen ngợi từ gia sư rằng quan sát đó là hoàn toàn chính xác. Nếu bỏ nguyên tắc này: Nếu gia sư bỏ qua việc phản hồi nhận xét trên kết quả thực nghiệm của học sinh mà đi thẳng vào giải thích lý thuyết, phản hồi sẽ mất đi tính tương tác cá nhân hóa và không khích lệ được tinh thần chủ động khám phá của học sinh."",""requirement_score"":4}]",,
3,flagged,needs_uet_review,BC-HNMU-G8-R0096-STT11-AI04,HNMU-G8-R0096-STT11,8,Bài 7. Trình bày dữ liệu bằng biểu đồ,Vận dụng (Chọn lọc biểu đồ),true,2,4,last,"[""PRINCIPLE-FEEDBACK""]","[""PRINCIPLE-EXPLANATION"",""PRINCIPLE-PRACTICE"",""PRINCIPLE-QUESTIONING""]",feedback_confirmation_only,"{""PRINCIPLE-CHALLENGE"":2,""PRINCIPLE-EXPLANATION"":3,""PRINCIPLE-FEEDBACK"":5,""PRINCIPLE-MODELLING"":1,""PRINCIPLE-PRACTICE"":3,""PRINCIPLE-QUESTIONING"":3}","[{""evidence"":""conversation_history (lượt 3)"",""principle_id"":""PRINCIPLE-FEEDBACK"",""rationale"":""Nhu cầu độc lập: Học sinh đã đưa ra một câu trả lời cụ thể (\""dùng biểu đồ cột để so sánh cho rõ\"") dựa trên gợi ý trước đó và rất cần được xác nhận xem tư duy lựa chọn này đã chính xác và tối ưu chưa để hoàn thành nhiệm vụ học tập. Nếu bỏ nguyên tắc này: Phản hồi của gia sư nếu bỏ qua việc nhận xét câu trả lời của học sinh mà chuyển ngay sang câu hỏi khác hoặc giải thích lan man sẽ khiến học sinh hoang mang, không chắc chắn liệu phương án mình chọn đã đúng hay chưa."",""requirement_score"":5}]",,
3,flagged,needs_uet_review,BC-HNMU-G8-R0097-STT12-AI04,HNMU-G8-R0097-STT12,8,Bài 7. Trình bày dữ liệu bằng biểu đồ,Vận dụng (Thiết lập biểu đồ phù hợp),true,2,4,last,"[""PRINCIPLE-FEEDBACK"",""PRINCIPLE-QUESTIONING""]","[""PRINCIPLE-EXPLANATION"",""PRINCIPLE-MODELLING""]",feedback_confirmation_only,"{""PRINCIPLE-CHALLENGE"":1,""PRINCIPLE-EXPLANATION"":3,""PRINCIPLE-FEEDBACK"":5,""PRINCIPLE-MODELLING"":3,""PRINCIPLE-PRACTICE"":2,""PRINCIPLE-QUESTIONING"":4}","[{""evidence"":""conversation_history (turn_index: 3): \""Dạ là biểu đồ hình quạt tròn ạ!\"""",""principle_id"":""PRINCIPLE-FEEDBACK"",""rationale"":""Nhu cầu độc lập: Học sinh cần được xác nhận ngay lập tức rằng câu trả lời \""biểu đồ hình quạt tròn\"" ở lượt trước là chính xác để có sự tự tin tiếp tục thực hiện bài tập. Nếu bỏ nguyên tắc này: Học sinh sẽ rơi vào trạng thái mơ hồ, không chắc chắn phương án mình đưa ra có đúng hay không để tiến hành các thao tác thiết lập tiếp theo trên phần mềm."",""requirement_score"":5}]",,
3,flagged,needs_uet_review,BC-HNMU-G8-R0098-STT13-AI04,HNMU-G8-R0098-STT13,8,Bài 7. Trình bày dữ liệu bằng biểu đồ,Vận dụng (Phân tích dữ liệu số),true,2,4,middle,"[""PRINCIPLE-FEEDBACK"",""PRINCIPLE-QUESTIONING""]","[""PRINCIPLE-EXPLANATION""]",feedback_confirmation_only,"{""PRINCIPLE-CHALLENGE"":2,""PRINCIPLE-EXPLANATION"":3,""PRINCIPLE-FEEDBACK"":5,""PRINCIPLE-MODELLING"":2,""PRINCIPLE-PRACTICE"":2,""PRINCIPLE-QUESTIONING"":4}","[{""evidence"":""conversation_history lượt 3"",""principle_id"":""PRINCIPLE-FEEDBACK"",""rationale"":""Nhu cầu độc lập: Học sinh đã nỗ lực đọc số liệu từ biểu đồ (hơn 3000 và hơn 5000 triệu USD) để chứng minh cho xu hướng tăng. Học sinh cần được xác nhận xem số liệu ước lượng này đã đủ chính xác chưa và cách lập luận đã đúng hướng chưa.\nNếu bỏ nguyên tắc này: Nếu không phản hồi trực tiếp và đánh giá độ chính xác của các con số học sinh vừa đưa ra, học sinh sẽ không biết mình đã đọc biểu đồ đúng cách chưa và có thể tự tin đưa số liệu này vào bài làm hay không."",""requirement_score"":5}]",,
3,flagged,needs_uet_review,BC-HNMU-G8-R0098-STT13-AI06,HNMU-G8-R0098-STT13,8,Bài 7. Trình bày dữ liệu bằng biểu đồ,Vận dụng (Phân tích dữ liệu số),true,4,6,last,"[""PRINCIPLE-FEEDBACK""]","[""PRINCIPLE-CHALLENGE"",""PRINCIPLE-QUESTIONING""]",feedback_confirmation_only,"{""PRINCIPLE-CHALLENGE"":3,""PRINCIPLE-EXPLANATION"":2,""PRINCIPLE-FEEDBACK"":5,""PRINCIPLE-MODELLING"":2,""PRINCIPLE-PRACTICE"":2,""PRINCIPLE-QUESTIONING"":3}","[{""evidence"":""conversation_history lượt 3, lượt 5 và source_question"",""principle_id"":""PRINCIPLE-FEEDBACK"",""rationale"":""Nhu cầu độc lập: Học sinh đã thành công tìm ra hai mảnh ghép quan trọng của câu nhận xét (số liệu tăng từ hơn 3000 lên hơn 5000 triệu USD ở lượt 3, và tính liên tục ở lượt 5). Học sinh cần một phản hồi xác nhận tính đúng đắn của các lập luận này và hướng dẫn cách ghép chúng lại thành một câu nhận xét hoàn chỉnh, chuẩn xác theo yêu cầu đề bài. Nếu bỏ nguyên tắc này: Phản hồi sẽ bỏ qua câu trả lời rất tốt của học sinh ở lượt 5, khiến học sinh không biết phân tích của mình đã đạt yêu cầu chưa và không học được cách trình bày câu nhận xét cuối cùng một cách khoa học."",""requirement_score"":5}]",,
3,flagged,needs_uet_review,BC-HNMU-G8-R0099-STT14-AI04,HNMU-G8-R0099-STT14,8,Bài 7. Trình bày dữ liệu bằng biểu đồ,Vận dụng (Thực hiện trực quan hóa),true,2,4,last,"[""PRINCIPLE-EXPLANATION"",""PRINCIPLE-FEEDBACK""]","[""PRINCIPLE-QUESTIONING""]",feedback_confirmation_only,"{""PRINCIPLE-CHALLENGE"":2,""PRINCIPLE-EXPLANATION"":4,""PRINCIPLE-FEEDBACK"":5,""PRINCIPLE-MODELLING"":2,""PRINCIPLE-PRACTICE"":2,""PRINCIPLE-QUESTIONING"":3}","[{""evidence"":""conversation_history (lượt 3: \""Dạ đường kẻ nối các năm lại sẽ thấy nó đi lên rõ hơn ạ.\"")"",""principle_id"":""PRINCIPLE-FEEDBACK"",""rationale"":""Nhu cầu độc lập: Học sinh đã tự suy luận và đưa ra câu trả lời ở lượt 3 (\""đường kẻ nối các năm lại sẽ thấy nó đi lên rõ hơn\""). Học sinh cần được xác nhận tính đúng đắn và đánh giá lập luận trực quan này.\nNếu bỏ nguyên tắc này: Gia sư sẽ không ghi nhận nỗ lực tư duy của học sinh, khiến học sinh không chắc chắn liệu kết luận của mình đã hoàn toàn đúng và phù hợp với yêu cầu của bài học chưa."",""requirement_score"":5}]",,
3,flagged,needs_uet_review,BC-HNMU-G8-R0156-STT1-AI08,HNMU-G8-R0156-STT1,8,[8b] Làm quen với phần mềm chỉnh sửa ảnh,Nhận biết,true,6,8,last,"[""PRINCIPLE-EXPLANATION"",""PRINCIPLE-FEEDBACK""]","[""PRINCIPLE-QUESTIONING""]",feedback_confirmation_only,"{""PRINCIPLE-CHALLENGE"":2,""PRINCIPLE-EXPLANATION"":4,""PRINCIPLE-FEEDBACK"":5,""PRINCIPLE-MODELLING"":1,""PRINCIPLE-PRACTICE"":1,""PRINCIPLE-QUESTIONING"":3}","[{""evidence"":""conversation_history (turn_index 7)"",""principle_id"":""PRINCIPLE-FEEDBACK"",""rationale"":""Nhu cầu độc lập: Học sinh vừa tự suy luận ra câu trả lời \""GIMP chuyên nghiệp hơn vì có quản lý lớp\"" dựa trên gợi ý của gia sư. Học sinh cần một phản hồi xác nhận rõ ràng rằng tư duy của mình là hoàn toàn chính xác để củng cố kiến thức và tự tin tiếp tục bài học. Nếu bỏ nguyên tắc này: Gia sư sẽ bỏ qua kết quả tư duy của học sinh, khiến học sinh không chắc chắn về kết luận của mình và làm đứt gãy mạch tương tác sư phạm."",""requirement_score"":5}]",,
3,flagged,needs_uet_review,BC-HNMU-G8-R0157-STT2-AI08,HNMU-G8-R0157-STT2,8,[8b] Làm quen với phần mềm chỉnh sửa ảnh,Nhận biết,true,6,8,last,"[""PRINCIPLE-FEEDBACK"",""PRINCIPLE-QUESTIONING""]","[""PRINCIPLE-EXPLANATION""]",feedback_confirmation_only,"{""PRINCIPLE-CHALLENGE"":1,""PRINCIPLE-EXPLANATION"":3,""PRINCIPLE-FEEDBACK"":5,""PRINCIPLE-MODELLING"":1,""PRINCIPLE-PRACTICE"":2,""PRINCIPLE-QUESTIONING"":5}","[{""evidence"":""conversation_history (turn 7): Dạ thấy rồi, em chọn Layers là nó hiện lại rồi ạ!"",""principle_id"":""PRINCIPLE-FEEDBACK"",""rationale"":""Nhu cầu độc lập: Học sinh cần một phản hồi xác nhận rõ ràng rằng hành động chọn Layers của mình là chính xác, giúp chính thức khép lại sự cố kỹ thuật và tạo tâm lý tự tin cho học sinh. Nếu bỏ nguyên tắc này: Phản hồi của gia sư sẽ bỏ qua kết quả tự xử lý thành công của học sinh, làm mất đi sự tương tác khích lệ và không tạo được điểm chốt rõ ràng để chuyển sang nội dung tiếp theo."",""requirement_score"":5}]",,
3,flagged,needs_uet_review,BC-HNMU-G8-R0161-STT6-AI04,HNMU-G8-R0161-STT6,8,[8b] Làm quen với phần mềm chỉnh sửa ảnh,Thông hiểu,true,2,4,middle,"[""PRINCIPLE-PRACTICE"",""PRINCIPLE-FEEDBACK"",""PRINCIPLE-QUESTIONING""]","[""PRINCIPLE-EXPLANATION""]",feedback_confirmation_only,"{""PRINCIPLE-CHALLENGE"":2,""PRINCIPLE-EXPLANATION"":3,""PRINCIPLE-FEEDBACK"":5,""PRINCIPLE-MODELLING"":1,""PRINCIPLE-PRACTICE"":4,""PRINCIPLE-QUESTIONING"":5}","[{""evidence"":""conversation_history: lượt 3: \""Nó hiện chữ \\\""Eraser Tool\\\"".\"""",""principle_id"":""PRINCIPLE-FEEDBACK"",""rationale"":""Nhu cầu độc lập: Học sinh vừa hoàn thành nhiệm vụ rà chuột và phản hồi kết quả quan sát được, do đó cần một lời xác nhận rằng kết quả đó là chính xác và có ý nghĩa gì. Nếu bỏ nguyên tắc này: Học sinh sẽ không biết việc tìm ra chữ \""Eraser Tool\"" có đúng mục đích hay không và mất đi sự kết nối giữa hành động thực hành của mình với kiến thức về Hộp công cụ."",""requirement_score"":5}]",,
3,flagged,needs_uet_review,BC-HNMU-G8-R0162-STT7-AI06,HNMU-G8-R0162-STT7,8,[8b] Làm quen với phần mềm chỉnh sửa ảnh,Thông hiểu,true,4,6,last,"[""PRINCIPLE-FEEDBACK""]","[""PRINCIPLE-EXPLANATION"",""PRINCIPLE-QUESTIONING""]",feedback_confirmation_only,"{""PRINCIPLE-CHALLENGE"":2,""PRINCIPLE-EXPLANATION"":3,""PRINCIPLE-FEEDBACK"":5,""PRINCIPLE-MODELLING"":2,""PRINCIPLE-PRACTICE"":2,""PRINCIPLE-QUESTIONING"":3}","[{""evidence"":""conversation_history lượt 5"",""principle_id"":""PRINCIPLE-FEEDBACK"",""rationale"":""Nhu cầu độc lập: Học sinh vừa nỗ lực tự suy luận và đưa ra câu trả lời cho câu hỏi kiểm tra ở lượt 5, nên cần nhận được nhận xét rõ ràng để xác nhận xem hiểu biết của mình đã chính xác chưa.\nNếu bỏ nguyên tắc này: Một phản hồi chỉ tập trung giải quyết tiếp sự cố mà bỏ qua việc công nhận câu trả lời của học sinh sẽ khiến học sinh hoang mang về kiến thức của mình, làm giảm động lực tương tác và giảm tính hiệu quả của chuỗi hội thoại chẩn đoán."",""requirement_score"":5}]",,
3,flagged,needs_uet_review,BC-HNMU-G8-R0163-STT8-AI04,HNMU-G8-R0163-STT8,8,[8b] Làm quen với phần mềm chỉnh sửa ảnh,Thông hiểu,true,2,4,middle,"[""PRINCIPLE-FEEDBACK"",""PRINCIPLE-QUESTIONING""]","[""PRINCIPLE-EXPLANATION""]",feedback_confirmation_only,"{""PRINCIPLE-CHALLENGE"":1,""PRINCIPLE-EXPLANATION"":3,""PRINCIPLE-FEEDBACK"":5,""PRINCIPLE-MODELLING"":2,""PRINCIPLE-PRACTICE"":2,""PRINCIPLE-QUESTIONING"":5}","[{""evidence"":""turn_index 3: \""Em nhấp rồi, nó ra một danh sách dài ạ.\"""",""principle_id"":""PRINCIPLE-FEEDBACK"",""rationale"":""Nhu cầu độc lập: Học sinh đã thực hiện thao tác nhấp vào menu File và báo cáo kết quả thấy một danh sách dài. Học sinh cần được gia sư xác nhận rằng thao tác mở menu của mình là hoàn toàn chính xác để củng cố sự tự tin trước khi tiếp tục. Nếu bỏ nguyên tắc này: Gia sư nếu chỉ đưa ra hướng dẫn tiếp theo mà không ghi nhận hay phản hồi trực tiếp trên kết quả hành động hiện tại của học sinh sẽ khiến học sinh hoang mang, không chắc chắn liệu mình đã thao tác đúng vị trí hay chưa."",""requirement_score"":5}]",,
3,flagged,needs_uet_review,BC-HNMU-G8-R0163-STT8-AI08,HNMU-G8-R0163-STT8,8,[8b] Làm quen với phần mềm chỉnh sửa ảnh,Thông hiểu,true,6,8,last,"[""PRINCIPLE-FEEDBACK"",""PRINCIPLE-QUESTIONING""]","[""PRINCIPLE-PRACTICE""]",feedback_confirmation_only;questioning_without_answer_dependency,"{""PRINCIPLE-CHALLENGE"":1,""PRINCIPLE-EXPLANATION"":2,""PRINCIPLE-FEEDBACK"":5,""PRINCIPLE-MODELLING"":1,""PRINCIPLE-PRACTICE"":3,""PRINCIPLE-QUESTIONING"":4}","[{""evidence"":""turn_index 7: 'Tìm chỗ chứa ảnh bông hoa rồi bấm nút Open ở góc ạ.'"",""principle_id"":""PRINCIPLE-FEEDBACK"",""rationale"":""Nhu cầu độc lập: Học sinh đã hoàn thành bước cuối cùng trong quy trình mở ảnh ở lượt 7 và cần một sự xác nhận rõ ràng từ gia sư để củng cố sự tự tin và khắc sâu kiến thức đúng. Nếu bỏ nguyên tắc này: Một phản hồi bỏ qua câu trả lời của học sinh sẽ khiến học sinh không chắc chắn liệu cách làm của mình đã hoàn toàn chính xác và đầy đủ theo yêu cầu hay chưa."",""requirement_score"":5},{""evidence"":""turn_index 7: 'Tìm chỗ chứa ảnh bông hoa rồi bấm nút Open ở góc ạ.' và gold_answer."",""principle_id"":""PRINCIPLE-QUESTIONING"",""rationale"":""Nhu cầu độc lập: Gia sư cần đặt câu hỏi tương tác để kiểm tra xem thực tế học sinh đã mở được ảnh thành công trên phần mềm của mình chưa trước khi chuyển sang các thao tác chỉnh sửa ảnh tiếp theo. Nếu bỏ nguyên tắc này: Nếu không đặt câu hỏi để kiểm tra trạng thái thực tế của học sinh, gia sư có thể sẽ chuyển sang nội dung mới quá sớm trong khi học sinh có thể vẫn đang gặp trục trặc kỹ thuật trên máy tính của mình."",""requirement_score"":4}]",,
3,flagged,needs_uet_review,BC-HNMU-G8-R0164-STT9-AI06,HNMU-G8-R0164-STT9,8,[8b] Làm quen với phần mềm chỉnh sửa ảnh,Thông hiểu,true,4,6,middle,"[""PRINCIPLE-EXPLANATION"",""PRINCIPLE-FEEDBACK""]","[""PRINCIPLE-QUESTIONING""]",feedback_confirmation_only,"{""PRINCIPLE-CHALLENGE"":2,""PRINCIPLE-EXPLANATION"":4,""PRINCIPLE-FEEDBACK"":5,""PRINCIPLE-MODELLING"":1,""PRINCIPLE-PRACTICE"":2,""PRINCIPLE-QUESTIONING"":3}","[{""evidence"":""turn_index: 5"",""principle_id"":""PRINCIPLE-FEEDBACK"",""rationale"":""Nhu cầu độc lập: Học sinh đã thực hiện thao tác Ctrl+Z theo hướng dẫn và báo cáo kết quả trực quan thành công ('ảnh trở lại nguyên vẹn'). Học sinh cần nhận được phản hồi xác nhận hành động đó là đúng đắn để củng cố niềm tin và tạo sự kết nối giữa trải nghiệm thực tế với kiến thức bài học. Nếu bỏ nguyên tắc này: Phản hồi của gia sư sẽ bỏ qua kết quả thực hành cụ thể của học sinh, làm mất đi tính tương tác trực tiếp và không tận dụng được cơ hội vàng để đúc kết bài học từ chính trải nghiệm thành công của học sinh."",""requirement_score"":5}]",,
3,flagged,needs_uet_review,BC-HNMU-G8-R0165-STT10-AI04,HNMU-G8-R0165-STT10,8,[8b] Làm quen với phần mềm chỉnh sửa ảnh,Thông hiểu,true,2,4,middle,"[""PRINCIPLE-EXPLANATION"",""PRINCIPLE-FEEDBACK"",""PRINCIPLE-QUESTIONING""]","[""PRINCIPLE-MODELLING""]",feedback_confirmation_only,"{""PRINCIPLE-CHALLENGE"":1,""PRINCIPLE-EXPLANATION"":4,""PRINCIPLE-FEEDBACK"":5,""PRINCIPLE-MODELLING"":3,""PRINCIPLE-PRACTICE"":2,""PRINCIPLE-QUESTIONING"":4}","[{""evidence"":""conversation_history lượt 3"",""principle_id"":""PRINCIPLE-FEEDBACK"",""rationale"":""Nhu cầu độc lập: Học sinh cần được xác nhận tính chính xác của câu trả lời \""Crop Tool\"" mà họ vừa tìm thấy trên giao diện phần mềm để an tâm tiếp tục các bước sau. Nếu bỏ nguyên tắc này: Phản hồi của gia sư sẽ bỏ qua nỗ lực tìm kiếm của học sinh ở lượt trước, làm đứt gãy mạch tương tác và khiến học sinh hoang mang không rõ mình đã xác định đúng công cụ chưa."",""requirement_score"":5}]",,
3,flagged,needs_uet_review,BC-HNMU-G8-R0166-STT11-AI04,HNMU-G8-R0166-STT11,8,[8b] Làm quen với phần mềm chỉnh sửa ảnh,Vận dụng,true,2,4,middle,"[""PRINCIPLE-EXPLANATION"",""PRINCIPLE-FEEDBACK""]","[""PRINCIPLE-MODELLING"",""PRINCIPLE-QUESTIONING""]",feedback_confirmation_only,"{""PRINCIPLE-CHALLENGE"":1,""PRINCIPLE-EXPLANATION"":4,""PRINCIPLE-FEEDBACK"":5,""PRINCIPLE-MODELLING"":3,""PRINCIPLE-PRACTICE"":2,""PRINCIPLE-QUESTIONING"":3}","[{""evidence"":""conversation_history (turn_index 3): 'Đuôi của em là .xcf ạ.'"",""principle_id"":""PRINCIPLE-FEEDBACK"",""rationale"":""Nhu cầu độc lập: Học sinh đã trả lời đúng định dạng file hiện tại của mình là '.xcf' và cần được xác nhận lỗi cụ thể từ phản hồi này (tệp .xcf là tệp lưu phiên làm việc của GIMP, không phải tệp ảnh tiêu chuẩn để nộp bài). Nếu bỏ nguyên tắc này: Gia sư sẽ bỏ qua thông tin quan trọng mà học sinh vừa cung cấp, không giúp học sinh liên hệ được câu trả lời của mình với nguyên nhân gây ra lỗi trên hệ thống."",""requirement_score"":5}]",,
3,flagged,needs_uet_review,BC-HNMU-G8-R0166-STT11-AI08,HNMU-G8-R0166-STT11,8,[8b] Làm quen với phần mềm chỉnh sửa ảnh,Vận dụng,true,6,8,last,"[""PRINCIPLE-FEEDBACK"",""PRINCIPLE-QUESTIONING""]","[""PRINCIPLE-PRACTICE""]",questioning_without_answer_dependency,"{""PRINCIPLE-CHALLENGE"":2,""PRINCIPLE-EXPLANATION"":2,""PRINCIPLE-FEEDBACK"":5,""PRINCIPLE-MODELLING"":1,""PRINCIPLE-PRACTICE"":3,""PRINCIPLE-QUESTIONING"":5}","[{""evidence"":""student_prompt: \""Em cắt ảnh (Crop) xong rồi nhưng giờ nộp bài lên hệ thống nó báo sai định dạng tệp.\"" và Lượt 7: \""Được file ảnh rồi thầy ạ!\"""",""principle_id"":""PRINCIPLE-QUESTIONING"",""rationale"":""Nhu cầu độc lập: Vấn đề ban đầu của học sinh là không nộp được bài lên hệ thống vì sai định dạng. Gia sư cần đặt câu hỏi để kiểm tra xem học sinh đã tải lại tệp mới lên hệ thống thành công hay chưa, nhằm đảm bảo vấn đề gốc rễ đã được giải quyết triệt để. Nếu bỏ nguyên tắc này: Gia sư sẽ không thể biết được kết quả nộp bài cuối cùng của học sinh trên hệ thống, khiến tiến trình giải quyết sự cố ban đầu bị bỏ lửng và không có điểm kết thúc rõ ràng."",""requirement_score"":5}]",,
3,flagged,needs_uet_review,BC-HNMU-G8-R0167-STT12-AI06,HNMU-G8-R0167-STT12,8,[8b] Làm quen với phần mềm chỉnh sửa ảnh,Vận dụng,true,4,6,middle,"[""PRINCIPLE-FEEDBACK""]","[""PRINCIPLE-QUESTIONING""]",feedback_confirmation_only,"{""PRINCIPLE-CHALLENGE"":1,""PRINCIPLE-EXPLANATION"":2,""PRINCIPLE-FEEDBACK"":5,""PRINCIPLE-MODELLING"":2,""PRINCIPLE-PRACTICE"":2,""PRINCIPLE-QUESTIONING"":3}","[{""evidence"":""conversation_history lượt 5: \""Dạ thấy, em tăng số lên 50 thì chữ to ra rồi.\"""",""principle_id"":""PRINCIPLE-FEEDBACK"",""rationale"":""Nhu cầu độc lập: Học sinh vừa hoàn thành một bước (tăng kích thước chữ lên 50 và thành công) và cần gia sư xác nhận kết quả này, đồng thời dẫn hướng tiếp cho bước chưa hoàn thành (đổi màu chữ). Nếu bỏ nguyên tắc này: Gia sư sẽ không phản hồi đúng vào tiến trình thực tế của học sinh, dễ đưa ra chỉ dẫn lạc hướng hoặc bỏ qua thành quả vừa đạt được của học sinh."",""requirement_score"":5}]",,
3,flagged,needs_uet_review,BC-HNMU-G8-R0169-STT14-AI06,HNMU-G8-R0169-STT14,8,[8b] Làm quen với phần mềm chỉnh sửa ảnh,Vận dụng,true,4,6,middle,"[""PRINCIPLE-EXPLANATION"",""PRINCIPLE-FEEDBACK"",""PRINCIPLE-QUESTIONING""]",[],feedback_confirmation_only,"{""PRINCIPLE-CHALLENGE"":2,""PRINCIPLE-EXPLANATION"":4,""PRINCIPLE-FEEDBACK"":5,""PRINCIPLE-MODELLING"":2,""PRINCIPLE-PRACTICE"":1,""PRINCIPLE-QUESTIONING"":4}","[{""evidence"":""turn_index: 5, student_content: 'Em để 1000, chiều cao 500 được không?'"",""principle_id"":""PRINCIPLE-FEEDBACK"",""rationale"":""Nhu cầu độc lập: Học sinh đã đề xuất một phương án kích thước cụ thể (1000x500) dưới dạng câu hỏi xác nhận và đang chờ đợi phản hồi từ gia sư xem thông số này có hợp lý cho một tấm thiệp nằm ngang hay không.\nNếu bỏ nguyên tắc này: Phản hồi tiếp theo của gia sư sẽ bỏ qua câu hỏi trực tiếp của học sinh, khiến học sinh hoang mang không biết thông số mình đưa ra có đúng tiêu chuẩn kỹ thuật của phần mềm hay không."",""requirement_score"":5}]",,
3,flagged,needs_uet_review,BC-HNMU-G8-R0169-STT14-AI10,HNMU-G8-R0169-STT14,8,[8b] Làm quen với phần mềm chỉnh sửa ảnh,Vận dụng,true,8,10,last,"[""PRINCIPLE-EXPLANATION"",""PRINCIPLE-FEEDBACK""]","[""PRINCIPLE-QUESTIONING""]",feedback_confirmation_only,"{""PRINCIPLE-CHALLENGE"":2,""PRINCIPLE-EXPLANATION"":4,""PRINCIPLE-FEEDBACK"":5,""PRINCIPLE-MODELLING"":2,""PRINCIPLE-PRACTICE"":2,""PRINCIPLE-QUESTIONING"":3}","[{""evidence"":""Lượt 9: \""Em Save lại đuôi .xcf để mai em ghép ảnh vô nha.\"""",""principle_id"":""PRINCIPLE-FEEDBACK"",""rationale"":""Nhu cầu độc lập: Học sinh đã hoàn thành công đoạn tô màu nền và đề xuất một hành động kỹ thuật cụ thể là lưu tệp dưới định dạng .xcf. Học sinh cần nhận được phản hồi trực tiếp để xác nhận xem lựa chọn định dạng này có đúng và phù hợp với dự định tiếp theo của mình hay không. Nếu bỏ nguyên tắc này: Phản hồi tiếp theo sẽ bỏ qua ý định của học sinh, khiến học sinh không chắc chắn liệu mình có đang lưu đúng định dạng để ngày mai tiếp tục ghép ảnh hay không."",""requirement_score"":5}]",,
3,flagged,needs_uet_review,BC-HNMU-G8-R0170-STT1-AI02,HNMU-G8-R0170-STT1,8,"[9b] Thay đổi khung hình, kích thước ảnh",Nhận biết,false,0,2,first,"[""PRINCIPLE-EXPLANATION"",""PRINCIPLE-FEEDBACK""]","[""PRINCIPLE-MODELLING"",""PRINCIPLE-QUESTIONING""]",feedback_confirmation_only,"{""PRINCIPLE-CHALLENGE"":2,""PRINCIPLE-EXPLANATION"":5,""PRINCIPLE-FEEDBACK"":5,""PRINCIPLE-MODELLING"":3,""PRINCIPLE-PRACTICE"":2,""PRINCIPLE-QUESTIONING"":3}","[{""evidence"":""student_prompt: \""Thầy ơi, em muốn lấy mỗi hình ngôi nhà thôi, em dùng cục tẩy (Eraser) xoá hết cảnh xung quanh được không?\"""",""principle_id"":""PRINCIPLE-FEEDBACK"",""rationale"":""Nhu cầu độc lập: Học sinh đã đề xuất một giải pháp cụ thể là dùng Eraser để xóa nền xung quanh. Học sinh cần nhận được phản hồi trực tiếp và đánh giá về tính khả thi cũng như hạn chế của giải pháp tự đề xuất này. Nếu bỏ nguyên tắc này: Phản hồi của gia sư sẽ bỏ qua suy nghĩ hiện tại của học sinh, khiến học sinh không hiểu rõ tại sao cách làm của mình lại không được khuyến khích và giảm hiệu quả tương tác cá nhân hóa."",""requirement_score"":5}]",,
3,flagged,needs_uet_review,BC-HNMU-G8-R0173-STT4-AI04,HNMU-G8-R0173-STT4,8,"[9b] Thay đổi khung hình, kích thước ảnh",Nhận biết,true,2,4,middle,"[""PRINCIPLE-FEEDBACK"",""PRINCIPLE-QUESTIONING""]","[""PRINCIPLE-EXPLANATION""]",feedback_confirmation_only,"{""PRINCIPLE-CHALLENGE"":1,""PRINCIPLE-EXPLANATION"":3,""PRINCIPLE-FEEDBACK"":5,""PRINCIPLE-MODELLING"":2,""PRINCIPLE-PRACTICE"":2,""PRINCIPLE-QUESTIONING"":5}","[{""evidence"":""conversation_history (turn_index 3): Là Crop ạ."",""principle_id"":""PRINCIPLE-FEEDBACK"",""rationale"":""Nhu cầu độc lập: Học sinh vừa đưa ra câu trả lời \""Là Crop ạ\"" cho câu hỏi gợi ý của gia sư và rất cần biết câu trả lời này có chính xác hay không để định hình tiếp suy nghĩ của mình.\nNếu bỏ nguyên tắc này: Nếu không có phản hồi xác nhận câu trả lời của học sinh, tiến trình tương tác sẽ bị đứt gãy, học sinh sẽ hoang mang không biết mình đã dùng đúng thuật ngữ chuyên nghiệp hay chưa."",""requirement_score"":5}]",,
3,flagged,needs_uet_review,BC-HNMU-G8-R0173-STT4-AI06,HNMU-G8-R0173-STT4,8,"[9b] Thay đổi khung hình, kích thước ảnh",Nhận biết,true,4,6,last,"[""PRINCIPLE-FEEDBACK""]","[""PRINCIPLE-EXPLANATION"",""PRINCIPLE-PRACTICE"",""PRINCIPLE-QUESTIONING""]",feedback_confirmation_only,"{""PRINCIPLE-CHALLENGE"":2,""PRINCIPLE-EXPLANATION"":3,""PRINCIPLE-FEEDBACK"":5,""PRINCIPLE-MODELLING"":1,""PRINCIPLE-PRACTICE"":3,""PRINCIPLE-QUESTIONING"":3}","[{""evidence"":""conversation_history (turn_index 5)"",""principle_id"":""PRINCIPLE-FEEDBACK"",""rationale"":""Nhu cầu độc lập: Học sinh đã đưa ra câu trả lời cho hai thuật ngữ còn lại ('Rotate' và 'Scale') dưới dạng một câu hỏi xác nhận ('phải không thầy?'). Học sinh cần được gia sư đánh giá và xác nhận ngay lập tức xem câu trả lời của mình đã chính xác chưa để hoàn thiện nội dung tóm tắt.\n\nNếu bỏ nguyên tắc này: Một phản hồi chuyển ngay sang nhiệm vụ khác hoặc giải thích lý thuyết chung chung mà bỏ qua việc nhận xét tính đúng đắn của 'Rotate' và 'Scale' sẽ khiến học sinh bị bỏ rơi trong suy nghĩ của mình và không thể chắc chắn về kiến thức vừa đưa ra."",""requirement_score"":5}]",,
3,flagged,needs_uet_review,BC-HNMU-G8-R0177-STT8-AI04,HNMU-G8-R0177-STT8,8,"[9b] Thay đổi khung hình, kích thước ảnh",Thông hiểu,true,2,4,middle,"[""PRINCIPLE-FEEDBACK"",""PRINCIPLE-QUESTIONING""]","[""PRINCIPLE-EXPLANATION""]",feedback_confirmation_only,"{""PRINCIPLE-CHALLENGE"":1,""PRINCIPLE-EXPLANATION"":3,""PRINCIPLE-FEEDBACK"":4,""PRINCIPLE-MODELLING"":2,""PRINCIPLE-PRACTICE"":1,""PRINCIPLE-QUESTIONING"":5}","[{""evidence"":""conversation_history lượt 3: 'Dạ thấy, nó đang dính vào nhau ạ.'"",""principle_id"":""PRINCIPLE-FEEDBACK"",""rationale"":""Nhu cầu độc lập: Học sinh đã phản hồi đúng về trạng thái quan sát của mình ('nó đang dính vào nhau'). Học sinh cần nhận được sự xác nhận từ gia sư rằng quan sát này là chính xác và đóng vai trò mấu chốt để giải quyết vấn đề. Nếu bỏ nguyên tắc này: Gia sư sẽ bỏ qua thông tin thực tế học sinh vừa cung cấp, làm mất đi sự tương tác cá nhân hóa và khiến học sinh hoang mang không biết trạng thái đó có ý nghĩa gì."",""requirement_score"":4}]",,
3,flagged,needs_uet_review,BC-HNMU-G8-R0177-STT8-AI06,HNMU-G8-R0177-STT8,8,"[9b] Thay đổi khung hình, kích thước ảnh",Thông hiểu,true,4,6,last,"[""PRINCIPLE-FEEDBACK"",""PRINCIPLE-QUESTIONING""]","[""PRINCIPLE-EXPLANATION"",""PRINCIPLE-PRACTICE""]",feedback_confirmation_only,"{""PRINCIPLE-CHALLENGE"":1,""PRINCIPLE-EXPLANATION"":3,""PRINCIPLE-FEEDBACK"":5,""PRINCIPLE-MODELLING"":2,""PRINCIPLE-PRACTICE"":3,""PRINCIPLE-QUESTIONING"":4}","[{""evidence"":""turn_index: 5"",""principle_id"":""PRINCIPLE-FEEDBACK"",""rationale"":""Nhu cầu độc lập: Học sinh đã phản hồi câu hỏi gợi mở của gia sư bằng một phán đoán cụ thể ('Phải cắt bớt đi ạ? Vậy là dùng Crop!'). Học sinh có nhu cầu sư phạm rõ ràng là cần được xác nhận xem phán đoán lựa chọn công cụ này của mình đã đúng hướng hay chưa.\nNếu bỏ nguyên tắc này: Một phản hồi không đưa ra nhận xét hay xác nhận về câu trả lời 'dùng Crop' của học sinh sẽ khiến học sinh hoang mang, không biết mình đã chọn đúng công cụ để giải quyết vấn đề ảnh méo chưa, làm đứt gãy mạch tương tác."",""requirement_score"":5}]",,
3,flagged,needs_uet_review,BC-HNMU-G8-R0178-STT9-AI04,HNMU-G8-R0178-STT9,8,"[9b] Thay đổi khung hình, kích thước ảnh",Thông hiểu,true,2,4,middle,"[""PRINCIPLE-FEEDBACK""]","[""PRINCIPLE-EXPLANATION"",""PRINCIPLE-PRACTICE"",""PRINCIPLE-QUESTIONING""]",feedback_confirmation_only,"{""PRINCIPLE-CHALLENGE"":2,""PRINCIPLE-EXPLANATION"":3,""PRINCIPLE-FEEDBACK"":5,""PRINCIPLE-MODELLING"":1,""PRINCIPLE-PRACTICE"":3,""PRINCIPLE-QUESTIONING"":3}","[{""evidence"":""conversation_history (lượt 3) và student_prompt"",""principle_id"":""PRINCIPLE-FEEDBACK"",""rationale"":""Nhu cầu độc lập: Học sinh vừa đưa ra câu trả lời \""Một nửa của 360 là 180 độ\"" cho câu hỏi gợi mở của gia sư. Học sinh cần được xác nhận tính đúng đắn của phép tính này và được liên hệ trực tiếp kết quả đó với câu hỏi ban đầu về việc lộn ngược ảnh. Nếu bỏ nguyên tắc này: Học sinh sẽ không nhận được sự đánh giá về câu trả lời của mình, dẫn đến việc không chắc chắn liệu 180 độ có phải là đáp án đúng để điền vào ô Angle hay không."",""requirement_score"":5}]",,
3,flagged,needs_uet_review,BC-HNMU-G8-R0181-STT12-AI08,HNMU-G8-R0181-STT12,8,"[9b] Thay đổi khung hình, kích thước ảnh",Vận dụng,true,6,8,last,"[""PRINCIPLE-FEEDBACK""]","[""PRINCIPLE-QUESTIONING""]",feedback_confirmation_only,"{""PRINCIPLE-CHALLENGE"":1,""PRINCIPLE-EXPLANATION"":2,""PRINCIPLE-FEEDBACK"":5,""PRINCIPLE-MODELLING"":1,""PRINCIPLE-PRACTICE"":1,""PRINCIPLE-QUESTIONING"":3}","[{""evidence"":""turn_index: 7: \""Em nhập 600, Height tự tụt xuống 900 rồi ạ. Em bấm nút Scale trên bảng này luôn nhé?\"""",""principle_id"":""PRINCIPLE-FEEDBACK"",""rationale"":""Nhu cầu độc lập: Học sinh đã thực hiện đúng bước nhập kích thước và cần một sự xác nhận rõ ràng, kịp thời cho hành động tiếp theo (\""Em bấm nút Scale trên bảng này luôn nhé?\"") để tự tin tiến hành thao tác thay đổi kích thước ảnh.\nNếu bỏ nguyên tắc này: Một phản hồi đi thẳng vào hướng dẫn xuất file hoặc hỏi câu hỏi khác mà không xác nhận thao tác của học sinh sẽ khiến họ hoang mang, không biết mình đã thực hiện đúng bước trung gian này hay chưa."",""requirement_score"":5}]",,
3,flagged,needs_uet_review,BC-HNMU-G8-R0183-STT14-AI06,HNMU-G8-R0183-STT14,8,"[9b] Thay đổi khung hình, kích thước ảnh",Vận dụng,true,4,6,middle,"[""PRINCIPLE-FEEDBACK"",""PRINCIPLE-QUESTIONING""]","[""PRINCIPLE-EXPLANATION""]",feedback_confirmation_only,"{""PRINCIPLE-CHALLENGE"":2,""PRINCIPLE-EXPLANATION"":3,""PRINCIPLE-FEEDBACK"":5,""PRINCIPLE-MODELLING"":2,""PRINCIPLE-PRACTICE"":2,""PRINCIPLE-QUESTIONING"":5}","[{""evidence"":""conversation_history (turn_index: 5)"",""principle_id"":""PRINCIPLE-FEEDBACK"",""rationale"":""Nhu cầu độc lập: Học sinh vừa đưa ra một suy luận logic quan trọng ở lượt 5 (\""nên làm Scale cuối cùng để không bị mờ\"") và rất cần một phản hồi xác nhận tính đúng đắn của câu trả lời này để củng cố niềm tin. Nếu bỏ nguyên tắc này: Gia sư sẽ bỏ qua nỗ lực tư duy của học sinh, khiến học sinh không chắc chắn liệu kết luận của mình đã đúng hay chưa để làm cơ sở cho bước suy luận tiếp theo."",""requirement_score"":5}]",,
3,flagged,needs_uet_review,BC-HNMU-G8-R0183-STT14-AI08,HNMU-G8-R0183-STT14,8,"[9b] Thay đổi khung hình, kích thước ảnh",Vận dụng,true,6,8,last,"[""PRINCIPLE-PRACTICE"",""PRINCIPLE-FEEDBACK""]","[""PRINCIPLE-EXPLANATION"",""PRINCIPLE-QUESTIONING""]",feedback_confirmation_only,"{""PRINCIPLE-CHALLENGE"":2,""PRINCIPLE-EXPLANATION"":3,""PRINCIPLE-FEEDBACK"":5,""PRINCIPLE-MODELLING"":2,""PRINCIPLE-PRACTICE"":4,""PRINCIPLE-QUESTIONING"":3}","[{""evidence"":""conversation_history (turn_7), gold_answer"",""principle_id"":""PRINCIPLE-FEEDBACK"",""rationale"":""Nhu cầu độc lập: Học sinh đã đưa ra câu trả lời hoàn chỉnh cho toàn bộ quy trình ở lượt 7 ('Xoay trước, rồi cắt viền', kết hợp với lượt 5 là 'Scale cuối cùng'). Học sinh cần được xác nhận một cách tường minh và chính xác rằng quy trình Rotate -> Crop -> Scale mà mình vừa rút ra là hoàn toàn đúng đắn và tối ưu trước khi bắt tay vào làm. Nếu bỏ nguyên tắc này: Phản hồi tiếp theo sẽ bỏ qua câu trả lời cốt lõi của học sinh, khiến học sinh hoang mang không biết kết luận của mình đã thực sự đúng và đủ điều kiện để áp dụng vào thực hành chưa."",""requirement_score"":5}]",,
3,flagged,needs_uet_review,BC-HNMU-G8-R0184-STT1-AI04,HNMU-G8-R0184-STT1,8,"[10b] Thêm văn bản, tạo hiệu ứng cho ảnh",Nhận biết,true,2,4,middle,"[""PRINCIPLE-EXPLANATION"",""PRINCIPLE-FEEDBACK""]","[""PRINCIPLE-PRACTICE"",""PRINCIPLE-QUESTIONING""]",feedback_confirmation_only,"{""PRINCIPLE-CHALLENGE"":1,""PRINCIPLE-EXPLANATION"":4,""PRINCIPLE-FEEDBACK"":5,""PRINCIPLE-MODELLING"":2,""PRINCIPLE-PRACTICE"":3,""PRINCIPLE-QUESTIONING"":3}","[{""evidence"":""conversation_history (turn_index 3): \""Dạ là Text ạ.\"""",""principle_id"":""PRINCIPLE-FEEDBACK"",""rationale"":""Nhu cầu độc lập: Học sinh vừa trả lời câu hỏi gợi mở của gia sư ở lượt trước bằng từ \""Text\"" và cần được xác nhận ngay xem câu trả lời đó đã chính xác hay chưa, từ đó định hướng sang việc tìm kiếm biểu tượng của nó. Nếu bỏ nguyên tắc này: Nếu không ghi nhận và đánh giá câu trả lời \""Text\"" của học sinh mà chuyển thẳng sang hướng dẫn khác, học sinh sẽ không chắc chắn về kiến thức mình vừa đưa ra và mạch hội thoại sẽ bị đứt gãy."",""requirement_score"":5}]",,
3,flagged,needs_uet_review,BC-HNMU-G8-R0184-STT1-AI06,HNMU-G8-R0184-STT1,8,"[10b] Thêm văn bản, tạo hiệu ứng cho ảnh",Nhận biết,true,4,6,middle,"[""PRINCIPLE-FEEDBACK"",""PRINCIPLE-QUESTIONING""]","[""PRINCIPLE-EXPLANATION"",""PRINCIPLE-PRACTICE""]",feedback_confirmation_only,"{""PRINCIPLE-CHALLENGE"":1,""PRINCIPLE-EXPLANATION"":3,""PRINCIPLE-FEEDBACK"":5,""PRINCIPLE-MODELLING"":2,""PRINCIPLE-PRACTICE"":3,""PRINCIPLE-QUESTIONING"":4}","[{""evidence"":""conversation_history (turn 5)"",""principle_id"":""PRINCIPLE-FEEDBACK"",""rationale"":""Nhu cầu độc lập: Học sinh đã thực hiện theo gợi ý ở lượt trước và tìm ra biểu tượng chữ A kèm dòng chữ \""Text Tool\"". Học sinh cần nhận được sự xác nhận ngay lập tức rằng phát hiện này là hoàn toàn chính xác để có sự tự tin tiếp tục hành động.\nNếu bỏ nguyên tắc này: Một phản hồi bỏ qua việc đánh giá câu trả lời của học sinh sẽ làm đứt gãy mạch giao tiếp, khiến học sinh hoang mang không biết mình đã tìm đúng công cụ cần thiết hay chưa."",""requirement_score"":5}]",,
3,flagged,needs_uet_review,BC-HNMU-G8-R0185-STT2-AI06,HNMU-G8-R0185-STT2,8,"[10b] Thêm văn bản, tạo hiệu ứng cho ảnh",Nhận biết,true,4,6,middle,"[""PRINCIPLE-EXPLANATION"",""PRINCIPLE-PRACTICE"",""PRINCIPLE-FEEDBACK""]","[""PRINCIPLE-MODELLING"",""PRINCIPLE-QUESTIONING""]",feedback_confirmation_only,"{""PRINCIPLE-CHALLENGE"":2,""PRINCIPLE-EXPLANATION"":4,""PRINCIPLE-FEEDBACK"":5,""PRINCIPLE-MODELLING"":3,""PRINCIPLE-PRACTICE"":4,""PRINCIPLE-QUESTIONING"":3}","[{""evidence"":""conversation_history (turn_index: 5, student: \""Nghĩa là độ sáng ạ.\"")"",""principle_id"":""PRINCIPLE-FEEDBACK"",""rationale"":""Nhu cầu độc lập: Học sinh đã trả lời đúng nghĩa của từ \""Brightness\"" ở lượt 5. Phản hồi tiếp theo cần ngay lập tức xác nhận câu trả lời này là đúng, từ đó giúp học sinh tự tin khẳng định hướng đi của mình và liên kết trực tiếp với công cụ Brightness-Contrast cần tìm.\nNếu bỏ nguyên tắc này: Nếu không ghi nhận câu trả lời của học sinh mà chuyển ngay sang câu hỏi khác hoặc giải thích mới, học sinh sẽ cảm thấy hụt hẫng, không chắc chắn câu trả lời của mình đã đúng hay chưa, làm giảm hiệu quả của phương pháp gợi mở."",""requirement_score"":5}]",,
3,flagged,needs_uet_review,BC-HNMU-G8-R0190-STT7-AI06,HNMU-G8-R0190-STT7,8,"[10b] Thêm văn bản, tạo hiệu ứng cho ảnh",Thông hiểu,true,4,6,last,"[""PRINCIPLE-FEEDBACK"",""PRINCIPLE-QUESTIONING""]","[""PRINCIPLE-EXPLANATION""]",feedback_confirmation_only,"{""PRINCIPLE-CHALLENGE"":2,""PRINCIPLE-EXPLANATION"":3,""PRINCIPLE-FEEDBACK"":5,""PRINCIPLE-MODELLING"":1,""PRINCIPLE-PRACTICE"":2,""PRINCIPLE-QUESTIONING"":4}","[{""evidence"":""conversation_history lượt 5"",""principle_id"":""PRINCIPLE-FEEDBACK"",""rationale"":""Nhu cầu độc lập: Học sinh đã thực hành và báo cáo lại kết quả quan sát trực quan cụ thể (\""đường viền nổi cộm lên, rõ hơn hẳn\""). Học sinh cần nhận được phản hồi ngay để xác nhận xem quan sát đó có đúng là bản chất kỹ thuật của hiệu ứng Sharpen hay không.\nNếu bỏ nguyên tắc này: Phản hồi của gia sư sẽ bỏ qua kết quả thực hành thực tế của học sinh, làm mất đi sự tương tác cá nhân hóa và khiến học sinh không chắc chắn liệu mình đã hiểu đúng hiện tượng đồ họa hay chưa."",""requirement_score"":5}]",,
3,flagged,needs_uet_review,BC-HNMU-G8-R0191-STT8-AI08,HNMU-G8-R0191-STT8,8,"[10b] Thêm văn bản, tạo hiệu ứng cho ảnh",Thông hiểu,true,6,8,last,"[""PRINCIPLE-PRACTICE"",""PRINCIPLE-FEEDBACK""]","[""PRINCIPLE-EXPLANATION"",""PRINCIPLE-QUESTIONING""]",feedback_confirmation_only,"{""PRINCIPLE-CHALLENGE"":2,""PRINCIPLE-EXPLANATION"":3,""PRINCIPLE-FEEDBACK"":5,""PRINCIPLE-MODELLING"":1,""PRINCIPLE-PRACTICE"":4,""PRINCIPLE-QUESTIONING"":3}","[{""evidence"":""Lượt 7 trong conversation_history: \""Thì ảnh bị gắt quá, mất hết chi tiết thật, nhìn giả trân thầy ạ.\"""",""principle_id"":""PRINCIPLE-FEEDBACK"",""rationale"":""Nhu cầu độc lập: Học sinh vừa đưa ra một phát hiện và nhận xét rất chính xác bằng ngôn ngữ tự nhiên ở lượt 7 (\""ảnh bị gắt quá, mất hết chi tiết thật, nhìn giả trân\""). Học sinh cần được gia sư ghi nhận ngay lập tức, xác nhận tính đúng đắn và liên kết những mô tả đời thường này với thuật ngữ chuyên môn về độ tương phản. Nếu bỏ nguyên tắc này: Phản hồi của gia sư nếu bỏ qua câu trả lời xuất sắc này của học sinh mà chuyển thẳng sang nội dung khác sẽ làm mất tính tương tác cá nhân hóa, khiến học sinh hụt hẫng và không chắc chắn về nhận định của mình."",""requirement_score"":5}]",,
3,flagged,needs_uet_review,BC-HNMU-G8-R0192-STT9-AI10,HNMU-G8-R0192-STT9,8,"[10b] Thêm văn bản, tạo hiệu ứng cho ảnh",Thông hiểu,true,8,10,last,"[""PRINCIPLE-PRACTICE"",""PRINCIPLE-FEEDBACK"",""PRINCIPLE-QUESTIONING""]","[""PRINCIPLE-EXPLANATION""]",feedback_confirmation_only,"{""PRINCIPLE-CHALLENGE"":2,""PRINCIPLE-EXPLANATION"":3,""PRINCIPLE-FEEDBACK"":4,""PRINCIPLE-MODELLING"":1,""PRINCIPLE-PRACTICE"":4,""PRINCIPLE-QUESTIONING"":5}","[{""evidence"":""conversation_history lượt 9: 'Ôi đẹp quá, màu nó loang từ xanh sang tím từ trái qua phải luôn rồi. Ảo diệu thật!'"",""principle_id"":""PRINCIPLE-FEEDBACK"",""rationale"":""Nhu cầu độc lập: Học sinh cần nhận được sự phản hồi, ghi nhận tích cực về kết quả thực hành thành công loang màu dải xanh-tím của mình để củng cố sự tự tin. Nếu bỏ nguyên tắc này: Phản hồi của gia sư sẽ bỏ qua thành quả thực tế mà học sinh vừa đạt được, khiến cuộc đối thoại mất đi tính tương tác cá nhân hóa và giảm động lực học tập của học sinh."",""requirement_score"":4}]",,
3,flagged,needs_uet_review,BC-HNMU-G8-R0193-STT10-AI06,HNMU-G8-R0193-STT10,8,"[10b] Thêm văn bản, tạo hiệu ứng cho ảnh",Thông hiểu,true,4,6,middle,"[""PRINCIPLE-FEEDBACK"",""PRINCIPLE-QUESTIONING""]","[""PRINCIPLE-EXPLANATION""]",feedback_confirmation_only,"{""PRINCIPLE-CHALLENGE"":1,""PRINCIPLE-EXPLANATION"":3,""PRINCIPLE-FEEDBACK"":5,""PRINCIPLE-MODELLING"":1,""PRINCIPLE-PRACTICE"":2,""PRINCIPLE-QUESTIONING"":4}","[{""evidence"":""turn_index: 5"",""principle_id"":""PRINCIPLE-FEEDBACK"",""rationale"":""Nhu cầu độc lập: Học sinh vừa hoàn thành thao tác dùng công cụ Scale để thu nhỏ ảnh xuống 80% và hào hứng báo cáo kết quả \""viền vàng xung quanh lộ ra rồi\"". Học sinh cần một phản hồi tức thì để công nhận, khích lệ kết quả đạt được, đồng thời đánh giá xem thao tác đó đã hoàn hảo chưa. Nếu bỏ nguyên tắc này: Gia sư sẽ bỏ qua nỗ lực thực hành thực tế của học sinh, khiến cuộc hội thoại mất đi tính tương tác cá nhân hóa và học sinh không được xác nhận về độ chính xác của sản phẩm hiện tại."",""requirement_score"":5}]",,
3,flagged,needs_uet_review,BC-HNMU-G8-R0195-STT12-AI04,HNMU-G8-R0195-STT12,8,"[10b] Thêm văn bản, tạo hiệu ứng cho ảnh",Vận dụng,true,2,4,middle,"[""PRINCIPLE-EXPLANATION"",""PRINCIPLE-FEEDBACK"",""PRINCIPLE-QUESTIONING""]","[""PRINCIPLE-MODELLING"",""PRINCIPLE-PRACTICE""]",feedback_confirmation_only,"{""PRINCIPLE-CHALLENGE"":1,""PRINCIPLE-EXPLANATION"":4,""PRINCIPLE-FEEDBACK"":5,""PRINCIPLE-MODELLING"":3,""PRINCIPLE-PRACTICE"":3,""PRINCIPLE-QUESTIONING"":4}","[{""evidence"":""conversation_history (lượt 3)"",""principle_id"":""PRINCIPLE-FEEDBACK"",""rationale"":""Nhu cầu độc lập: Học sinh vừa đưa ra câu trả lời cho câu hỏi chẩn đoán của gia sư (\""Là công cụ Brightness-Contrast đúng không ạ?\"") và đang chờ đợi sự xác nhận để biết mình đã đi đúng hướng hay chưa. Nếu bỏ nguyên tắc này: Phản hồi tiếp theo sẽ bỏ qua câu trả lời của học sinh, làm mất đi tính tương tác hai chiều và khiến học sinh hoang mang, không chắc chắn có nên dùng công cụ đó hay không."",""requirement_score"":5}]",,
3,flagged,needs_uet_review,BC-HNMU-G8-R0195-STT12-AI06,HNMU-G8-R0195-STT12,8,"[10b] Thêm văn bản, tạo hiệu ứng cho ảnh",Vận dụng,true,4,6,middle,"[""PRINCIPLE-FEEDBACK"",""PRINCIPLE-QUESTIONING""]","[""PRINCIPLE-EXPLANATION""]",feedback_confirmation_only,"{""PRINCIPLE-CHALLENGE"":2,""PRINCIPLE-EXPLANATION"":3,""PRINCIPLE-FEEDBACK"":5,""PRINCIPLE-MODELLING"":2,""PRINCIPLE-PRACTICE"":2,""PRINCIPLE-QUESTIONING"":5}","[{""evidence"":""turn_index: 5"",""principle_id"":""PRINCIPLE-FEEDBACK"",""rationale"":""Nhu cầu độc lập: Học sinh vừa thực hiện một hành động thực hành cụ thể (\""kéo tăng thông số Brightness\"") và báo cáo kết quả trực quan đạt được (\""lá cây và con đường dưới đất hiện ra rõ mồn một\""). Học sinh cần nhận được phản hồi phản ánh đúng chất lượng của hành động này, xác nhận tiến trình của họ đã đi đúng hướng và lưu ý về ảnh hưởng của nó đến tổng thể bức ảnh. Nếu bỏ nguyên tắc này: Gia sư sẽ không thể đưa ra sự ghi nhận kịp thời và định hướng tiếp theo dựa trên chính sản phẩm thực tế của học sinh, khiến học sinh không rõ thao tác của mình đã thực sự tối ưu hay chưa."",""requirement_score"":5}]",,
3,flagged,needs_uet_review,BC-HNMU-G8-R0196-STT13-AI10,HNMU-G8-R0196-STT13,8,"[10b] Thêm văn bản, tạo hiệu ứng cho ảnh",Vận dụng,true,8,10,last,"[""PRINCIPLE-FEEDBACK""]","[""PRINCIPLE-PRACTICE"",""PRINCIPLE-QUESTIONING""]",feedback_confirmation_only,"{""PRINCIPLE-CHALLENGE"":2,""PRINCIPLE-EXPLANATION"":2,""PRINCIPLE-FEEDBACK"":5,""PRINCIPLE-MODELLING"":1,""PRINCIPLE-PRACTICE"":3,""PRINCIPLE-QUESTIONING"":3}","[{""evidence"":""lượt 9 và gold_answer"",""principle_id"":""PRINCIPLE-FEEDBACK"",""rationale"":""Nhu cầu độc lập: Học sinh cần được gia sư đánh giá, xác nhận kết quả của sản phẩm khung viền màu cầu vồng vừa hoàn thành sau một chuỗi thao tác phức tạp, đồng thời hướng dẫn tinh chỉnh bước cuối (Scale/Move) để đạt tính thẩm mỹ tối đa. Nếu bỏ nguyên tắc này: Gia sư sẽ bỏ qua thành quả thực hành của học sinh, không thể giúp học sinh kiểm chứng sản phẩm đã đạt chuẩn đầu ra chưa và mất đi cơ hội hướng dẫn căn chỉnh hoàn thiện."",""requirement_score"":5}]",,
3,flagged,needs_uet_review,BC-HNMU-G8-R0198-STT1-AI06,HNMU-G8-R0198-STT1,8,[11b] Thực hành tổng hợp,Nhận biết,true,4,6,middle,"[""PRINCIPLE-FEEDBACK"",""PRINCIPLE-QUESTIONING""]",[],feedback_confirmation_only,"{""PRINCIPLE-CHALLENGE"":1,""PRINCIPLE-EXPLANATION"":2,""PRINCIPLE-FEEDBACK"":5,""PRINCIPLE-MODELLING"":2,""PRINCIPLE-PRACTICE"":2,""PRINCIPLE-QUESTIONING"":4}","[{""evidence"":""turn_index: 5, role: student, content: 'Dạ là \""Open as Layers\"" ạ.'"",""principle_id"":""PRINCIPLE-FEEDBACK"",""rationale"":""Nhu cầu độc lập: Học sinh vừa trả lời câu hỏi gợi mở của gia sư bằng cụm từ 'Open as Layers' và rất cần một phản hồi xác nhận ngay lập tức xem câu trả lời này đã chính xác chưa để tự tin tiếp tục thao tác.\nNếu bỏ nguyên tắc này: Học sinh sẽ không biết chắc mình đã tìm đúng lệnh theo yêu cầu của gia sư hay chưa, dẫn đến sự ngập ngừng và không thể tiến hành bước thực hành tiếp theo một cách suôn sẻ."",""requirement_score"":5}]",,
3,flagged,needs_uet_review,BC-HNMU-G8-R0200-STT3-AI08,HNMU-G8-R0200-STT3,8,[11b] Thực hành tổng hợp,Nhận biết,true,6,8,last,"[""PRINCIPLE-FEEDBACK""]","[""PRINCIPLE-EXPLANATION"",""PRINCIPLE-QUESTIONING""]",feedback_confirmation_only,"{""PRINCIPLE-CHALLENGE"":2,""PRINCIPLE-EXPLANATION"":3,""PRINCIPLE-FEEDBACK"":5,""PRINCIPLE-MODELLING"":1,""PRINCIPLE-PRACTICE"":2,""PRINCIPLE-QUESTIONING"":3}","[{""evidence"":""turn_index: 7"",""principle_id"":""PRINCIPLE-FEEDBACK"",""rationale"":""Nhu cầu độc lập: Học sinh vừa báo cáo kết quả thực hiện thực tế của mình (\""Em bấm xong thì 2 lớp dính thành 1 rồi\""). Học sinh cần một phản hồi xác nhận rõ ràng từ gia sư rằng kết quả này là hoàn toàn chính xác và đúng kỹ thuật để an tâm tiếp tục thực hành. Nếu bỏ nguyên tắc này: Phản hồi tiếp theo của gia sư nếu chỉ chuyển ngay sang việc khác mà không ghi nhận hay đánh giá kết quả thực hiện của học sinh sẽ khiến học sinh cảm thấy lúng túng, hoang mang không biết mình đã thực sự làm đúng chuẩn yêu cầu gộp lớp của bài học chưa."",""requirement_score"":5}]",,
3,flagged,needs_uet_review,BC-HNMU-G8-R0201-STT4-AI04,HNMU-G8-R0201-STT4,8,[11b] Thực hành tổng hợp,Nhận biết,true,2,4,middle,"[""PRINCIPLE-EXPLANATION"",""PRINCIPLE-FEEDBACK""]","[""PRINCIPLE-QUESTIONING""]",feedback_confirmation_only,"{""PRINCIPLE-CHALLENGE"":1,""PRINCIPLE-EXPLANATION"":4,""PRINCIPLE-FEEDBACK"":5,""PRINCIPLE-MODELLING"":2,""PRINCIPLE-PRACTICE"":2,""PRINCIPLE-QUESTIONING"":3}","[{""evidence"":""Lượt 3 trong conversation_history: \""Dạ em thấy Thùng sơn rồi, biểu tượng cái xô đang đổ nước ra ạ.\"""",""principle_id"":""PRINCIPLE-FEEDBACK"",""rationale"":""Nhu cầu độc lập: Học sinh cần được xác nhận rằng họ đã tìm đúng điểm mốc trung gian quan trọng (công cụ Thùng sơn) để có cơ sở tự tin thực hiện thao tác tiếp theo ngay tại vị trí đó. Nếu bỏ nguyên tắc này: Nếu không ghi nhận phản hồi của học sinh về việc đã thấy Thùng sơn để làm điểm tựa hướng dẫn tiếp, phản hồi tiếp theo của gia sư sẽ trở nên rời rạc, không liên kết được với tiến trình hiện tại của học sinh và có thể làm học sinh bối rối không biết mình đã đi đúng hướng chưa."",""requirement_score"":5}]",,
3,flagged,needs_uet_review,BC-HNMU-G8-R0201-STT4-AI06,HNMU-G8-R0201-STT4,8,[11b] Thực hành tổng hợp,Nhận biết,true,4,6,middle,"[""PRINCIPLE-FEEDBACK"",""PRINCIPLE-QUESTIONING""]","[""PRINCIPLE-EXPLANATION""]",feedback_confirmation_only,"{""PRINCIPLE-CHALLENGE"":1,""PRINCIPLE-EXPLANATION"":3,""PRINCIPLE-FEEDBACK"":4,""PRINCIPLE-MODELLING"":2,""PRINCIPLE-PRACTICE"":1,""PRINCIPLE-QUESTIONING"":5}","[{""evidence"":""conversation_history (turn_index 5): \""Dạ thấy ạ.\"""",""principle_id"":""PRINCIPLE-FEEDBACK"",""rationale"":""Nhu cầu độc lập: Học sinh cần được ghi nhận và xác nhận việc tìm thấy mũi tên nhỏ là hoàn toàn chính xác để tự tin thực hiện thao tác tiếp theo. Nếu bỏ nguyên tắc này: Gia sư sẽ bỏ qua sự xác nhận của học sinh, dễ khiến học sinh hoang mang không biết mình có đang nhìn đúng vị trí trên màn hình máy tính của mình hay không."",""requirement_score"":4}]",,
3,flagged,needs_uet_review,BC-HNMU-G8-R0201-STT4-AI08,HNMU-G8-R0201-STT4,8,[11b] Thực hành tổng hợp,Nhận biết,true,6,8,last,"[""PRINCIPLE-FEEDBACK"",""PRINCIPLE-QUESTIONING""]","[""PRINCIPLE-EXPLANATION""]",feedback_confirmation_only,"{""PRINCIPLE-CHALLENGE"":1,""PRINCIPLE-EXPLANATION"":3,""PRINCIPLE-FEEDBACK"":5,""PRINCIPLE-MODELLING"":2,""PRINCIPLE-PRACTICE"":2,""PRINCIPLE-QUESTIONING"":4}","[{""evidence"":""Lượt 7: \""Ô, nó xổ ra một cái menu nhỏ có chữ \""Gradient\"" thầy ạ.\"""",""principle_id"":""PRINCIPLE-FEEDBACK"",""rationale"":""Nhu cầu độc lập: Học sinh cần nhận được sự xác nhận ngay lập tức rằng phát hiện của mình (tìm thấy chữ \""Gradient\"") là hoàn toàn chính xác để giải tỏa sự lúng túng ban đầu. Nếu bỏ nguyên tắc này: Học sinh sẽ không chắc chắn mình đã đi đúng hướng hay chưa và có thể ngần ngại không dám click chọn để tiếp tục thao tác."",""requirement_score"":5}]",,
3,flagged,needs_uet_review,BC-HNMU-G8-R0203-STT6-AI06,HNMU-G8-R0203-STT6,8,[11b] Thực hành tổng hợp,Thông hiểu,true,4,6,middle,"[""PRINCIPLE-FEEDBACK"",""PRINCIPLE-QUESTIONING""]","[""PRINCIPLE-EXPLANATION""]",feedback_confirmation_only,"{""PRINCIPLE-CHALLENGE"":1,""PRINCIPLE-EXPLANATION"":3,""PRINCIPLE-FEEDBACK"":5,""PRINCIPLE-MODELLING"":2,""PRINCIPLE-PRACTICE"":2,""PRINCIPLE-QUESTIONING"":4}","[{""evidence"":""conversation_history lượt 5 và student_prompt"",""principle_id"":""PRINCIPLE-FEEDBACK"",""rationale"":""Nhu cầu độc lập: Học sinh đã trả lời đúng trạng thái hiện tại (\""Nó đang nằm trên cùng ạ\""). Học sinh cần một phản hồi xác nhận câu trả lời này là đúng và liên kết nó với hiện tượng \""ảnh phong cảnh biến mất\"" (bị che khuất). Nếu bỏ nguyên tắc này: Một phản hồi chỉ đưa ra giải pháp ngay sẽ làm mất đi cơ hội để học sinh liên hệ thực tế vị trí layer với nguyên nhân lỗi, khiến học sinh không hiểu rõ bản chất của sự cố."",""requirement_score"":5}]",,
3,flagged,needs_uet_review,BC-HNMU-G8-R0204-STT7-AI08,HNMU-G8-R0204-STT7,8,[11b] Thực hành tổng hợp,Thông hiểu,true,6,8,last,"[""PRINCIPLE-FEEDBACK"",""PRINCIPLE-QUESTIONING""]","[""PRINCIPLE-CHALLENGE"",""PRINCIPLE-EXPLANATION""]",feedback_confirmation_only,"{""PRINCIPLE-CHALLENGE"":3,""PRINCIPLE-EXPLANATION"":3,""PRINCIPLE-FEEDBACK"":5,""PRINCIPLE-MODELLING"":2,""PRINCIPLE-PRACTICE"":2,""PRINCIPLE-QUESTIONING"":4}","[{""evidence"":""conversation_history lượt 7: \""Đỉnh quá, logo hiện ra đè ngay trên tờ rơi của em, và trong bảng Layers có thêm một dòng mới tên là logo luôn.\"""",""principle_id"":""PRINCIPLE-FEEDBACK"",""rationale"":""Nhu cầu độc lập: Học sinh vừa thực hiện thành công thao tác \""Open as Layers\"" và hào hứng báo cáo kết quả quan sát trực quan (logo đè lên tờ rơi, xuất hiện dòng mới trong bảng Layers). Học sinh cần một phản hồi xác nhận tính đúng đắn và làm rõ ý nghĩa của những hiện tượng mà em vừa tự tay làm và quan sát được.\nNếu bỏ nguyên tắc này: Phản hồi của gia sư sẽ bỏ qua thành quả thực hành của học sinh, khiến học sinh không được củng cố nhận thức về sự xuất hiện của lớp ảnh mới trong bảng quản lý Layers, làm giảm hiệu quả của việc học qua thực hành."",""requirement_score"":5}]",,
3,flagged,needs_uet_review,BC-HNMU-G8-R0205-STT8-AI08,HNMU-G8-R0205-STT8,8,[11b] Thực hành tổng hợp,Thông hiểu,true,6,8,last,"[""PRINCIPLE-FEEDBACK"",""PRINCIPLE-QUESTIONING""]","[""PRINCIPLE-EXPLANATION""]",feedback_confirmation_only;high_score_modal_conflict:PRINCIPLE-FEEDBACK,"{""PRINCIPLE-CHALLENGE"":2,""PRINCIPLE-EXPLANATION"":3,""PRINCIPLE-FEEDBACK"":5,""PRINCIPLE-MODELLING"":1,""PRINCIPLE-PRACTICE"":2,""PRINCIPLE-QUESTIONING"":4}","[{""evidence"":""turn_index: 7"",""principle_id"":""PRINCIPLE-FEEDBACK"",""rationale"":""Nhu cầu độc lập: Học sinh đã thực hiện kéo ảnh và hỏi một câu xác nhận thao tác kỹ thuật cụ thể: 'Bấm nút \""Scale\"" để xác nhận đúng không thầy?'. Họ cần được phản hồi ngay lập tức để biết thao tác của mình đã chính xác chưa và có thể tự tin nhấn nút hoàn thành.\nNếu bỏ nguyên tắc này: Nếu không đưa ra phản hồi xác nhận cho câu hỏi của học sinh, họ sẽ bị khựng lại, hoang mang không biết có nên bấm nút xác nhận hay không, gây gián đoạn tiến trình thực hành."",""requirement_score"":5}]",,
3,flagged,needs_uet_review,BC-HNMU-G8-R0206-STT9-AI06,HNMU-G8-R0206-STT9,8,[11b] Thực hành tổng hợp,Thông hiểu,true,4,6,middle,"[""PRINCIPLE-EXPLANATION"",""PRINCIPLE-FEEDBACK""]","[""PRINCIPLE-QUESTIONING""]",feedback_confirmation_only,"{""PRINCIPLE-CHALLENGE"":2,""PRINCIPLE-EXPLANATION"":5,""PRINCIPLE-FEEDBACK"":5,""PRINCIPLE-MODELLING"":2,""PRINCIPLE-PRACTICE"":2,""PRINCIPLE-QUESTIONING"":3}","[{""evidence"":""conversation_history (turn_index 4 và 5)"",""principle_id"":""PRINCIPLE-FEEDBACK"",""rationale"":""Nhu cầu độc lập: Học sinh vừa đưa ra một câu trả lời cụ thể cho câu hỏi của gia sư về công cụ cần dùng trong menu Colors. Học sinh cần được xác nhận xem câu trả lời \""Brightness-Contrast\"" đó có đúng hay không và nó liên quan thế nào đến bước hậu kì. Nếu bỏ nguyên tắc này: Phản hồi của gia sư sẽ bỏ qua câu trả lời của học sinh, tạo ra một lỗ hổng tương tác và khiến học sinh không chắc chắn về kiến thức mình vừa nêu."",""requirement_score"":5}]",,
3,flagged,needs_uet_review,BC-HNMU-G8-R0210-STT13-AI06,HNMU-G8-R0210-STT13,8,[11b] Thực hành tổng hợp,Vận dụng,true,4,6,middle,"[""PRINCIPLE-FEEDBACK"",""PRINCIPLE-QUESTIONING""]","[""PRINCIPLE-EXPLANATION""]",feedback_confirmation_only,"{""PRINCIPLE-CHALLENGE"":1,""PRINCIPLE-EXPLANATION"":3,""PRINCIPLE-FEEDBACK"":4,""PRINCIPLE-MODELLING"":2,""PRINCIPLE-PRACTICE"":2,""PRINCIPLE-QUESTIONING"":5}","[{""evidence"":""conversation_history (turn 5): Em đổi sang Impact rồi, chữ nó mập thù lù và cứng cáp lên hẳn. Nhưng nó vẫn hơi bé ạ."",""principle_id"":""PRINCIPLE-FEEDBACK"",""rationale"":""Nhu cầu độc lập: Học sinh cần được xác nhận rằng thao tác đổi phông chữ sang Impact đã thành công và ghi nhận nhận xét rất nhạy bén của họ về việc chữ vẫn còn bé so với yêu cầu tiêu đề nổi bật.\nNếu bỏ nguyên tắc này: Gia sư nếu bỏ qua bước phản hồi sẽ không khích lệ được nỗ lực vừa rồi của học sinh, đồng thời không tạo ra điểm tựa tâm lý để học sinh chuyển sang bước tinh chỉnh kích cỡ tiếp theo."",""requirement_score"":4}]",,
3,flagged,needs_uet_review,BC-HNMU-G8-R0210-STT13-AI08,HNMU-G8-R0210-STT13,8,[11b] Thực hành tổng hợp,Vận dụng,true,6,8,last,"[""PRINCIPLE-CHALLENGE"",""PRINCIPLE-FEEDBACK"",""PRINCIPLE-QUESTIONING""]","[""PRINCIPLE-EXPLANATION""]",feedback_confirmation_only,"{""PRINCIPLE-CHALLENGE"":4,""PRINCIPLE-EXPLANATION"":3,""PRINCIPLE-FEEDBACK"":5,""PRINCIPLE-MODELLING"":1,""PRINCIPLE-PRACTICE"":2,""PRINCIPLE-QUESTIONING"":4}","[{""evidence"":""turn_index 7: \""Chắc là màu Vàng cam hoặc Trắng ạ. Để em chọn màu Vàng cam... Ôi thầy ơi, nhìn chói loá và hút mắt cực kì luôn!\"""",""principle_id"":""PRINCIPLE-FEEDBACK"",""rationale"":""Nhu cầu độc lập: Học sinh vừa hoàn thành việc chọn màu sắc theo gợi ý và đưa ra nhận xét trực quan của bản thân. Em cần một sự xác nhận chuyên môn rằng sự \""chói lóa và hút mắt\"" đó là đi đúng hướng thẩm mỹ và kỹ thuật thiết kế, giúp em củng cố sự tự tin.\nNếu bỏ nguyên tắc này: Nếu không phản hồi đánh giá lựa chọn này mà chuyển ngay sang bước khác, học sinh sẽ không chắc chắn liệu cách phối màu của mình đã đạt chuẩn thiết kế tờ rơi chưa hay chỉ là cảm giác chủ quan."",""requirement_score"":5}]",,
3,flagged,needs_uet_review,BC-HNMU-G8-R0211-STT14-AI08,HNMU-G8-R0211-STT14,8,[11b] Thực hành tổng hợp,Vận dụng,true,6,8,middle,"[""PRINCIPLE-PRACTICE"",""PRINCIPLE-FEEDBACK""]","[""PRINCIPLE-QUESTIONING""]",feedback_confirmation_only,"{""PRINCIPLE-CHALLENGE"":2,""PRINCIPLE-EXPLANATION"":2,""PRINCIPLE-FEEDBACK"":5,""PRINCIPLE-MODELLING"":2,""PRINCIPLE-PRACTICE"":5,""PRINCIPLE-QUESTIONING"":3}","[{""evidence"":""conversation_history (lượt 7): \""Là viết Chữ ạ. Em dùng công cụ Text viết chữ 'Hành động ngay!'.\"""",""principle_id"":""PRINCIPLE-FEEDBACK"",""rationale"":""Nhu cầu độc lập: Học sinh vừa hoàn thành đề xuất bước cuối cùng (viết chữ bằng công cụ Text) để hoàn thiện kế hoạch 3 bước. Học sinh cần nhận được phản hồi đánh giá và xác nhận toàn diện về tính đúng đắn và khả thi của kế hoạch này trước khi bắt đầu thực hành.\nNếu bỏ nguyên tắc này: Học sinh sẽ không biết kế hoạch tự xây dựng đã thực sự tối ưu và sẵn sàng để thực hiện trên phần mềm chưa, làm giảm sự tự tin vừa có được."",""requirement_score"":5}]",,
3,flagged,needs_uet_review,BC-HNMU-G8-R0215-STT4-AI04,HNMU-G8-R0215-STT4,8,Bài 12,Nhận biết (Nhận biết biểu tượng),true,2,4,last,"[""PRINCIPLE-FEEDBACK"",""PRINCIPLE-QUESTIONING""]","[""PRINCIPLE-EXPLANATION""]",feedback_confirmation_only,"{""PRINCIPLE-CHALLENGE"":1,""PRINCIPLE-EXPLANATION"":3,""PRINCIPLE-FEEDBACK"":5,""PRINCIPLE-MODELLING"":2,""PRINCIPLE-PRACTICE"":2,""PRINCIPLE-QUESTIONING"":5}","[{""evidence"":""turn_index: 3"",""principle_id"":""PRINCIPLE-FEEDBACK"",""rationale"":""Nhu cầu độc lập: Học sinh đã nỗ lực tìm kiếm và đưa ra câu trả lời cụ thể là khối lệnh \""đặt [my variable] thành\"". Học sinh cần được xác nhận ngay lập tức xem đây có phải là khối lệnh đúng hay không để tiếp tục thực hiện.\nNếu bỏ nguyên tắc này: Một phản hồi bỏ qua việc nhận xét mà trực tiếp đưa ra lời giải hoặc chuyển sang câu hỏi khác sẽ khiến học sinh không biết mình đã tìm đúng chưa, gây hoang mang và làm mất mạch tự học."",""requirement_score"":5}]",,
3,flagged,needs_uet_review,BC-HNMU-G8-R0217-STT6-AI06,HNMU-G8-R0217-STT6,8,Bài 12,Thông hiểu (Phân biệt được),true,4,6,last,"[""PRINCIPLE-EXPLANATION"",""PRINCIPLE-FEEDBACK""]","[""PRINCIPLE-PRACTICE"",""PRINCIPLE-QUESTIONING""]",feedback_confirmation_only;high_score_modal_conflict:PRINCIPLE-EXPLANATION,"{""PRINCIPLE-CHALLENGE"":1,""PRINCIPLE-EXPLANATION"":4,""PRINCIPLE-FEEDBACK"":5,""PRINCIPLE-MODELLING"":2,""PRINCIPLE-PRACTICE"":3,""PRINCIPLE-QUESTIONING"":3}","[{""evidence"":""student_prompt (lượt 1) và conversation_history (lượt 5)"",""principle_id"":""PRINCIPLE-EXPLANATION"",""rationale"":""Nhu cầu độc lập: Học sinh cần được giải thích rõ ràng và khái quát hóa mối liên hệ giữa \""tên\"" (nhãn định danh) và \""giá trị\"" (có thể thay đổi hoặc cố định) để giải quyết triệt để thắc mắc ban đầu \""Em thấy cái nào cũng là một cái tên\"" sau khi đã hiểu sơ bộ qua ví dụ thực tế.\nNếu bỏ nguyên tắc này: Một phản hồi chỉ xác nhận đúng/sai hoặc đưa ra bài tập mới mà không chốt lại định nghĩa bản chất khoa học của hằng và biến trong Tin học sẽ khiến kiến thức của học sinh bị hời hợt, dừng lại ở mức độ ví dụ trực quan đời sống chứ chưa đạt tới mức thông hiểu khái niệm môn học."",""requirement_score"":4},{""evidence"":""conversation_history (lượt 5)"",""principle_id"":""PRINCIPLE-FEEDBACK"",""rationale"":""Nhu cầu độc lập: Học sinh đã tự đưa ra một phán đoán logic dựa trên câu hỏi gợi mở của gia sư (\""Vậy đó là biến đúng không thầy?\"") và đang rất cần một sự phản hồi xác nhận trực tiếp, rõ ràng về tính đúng đắn của suy luận này để xây dựng sự tự tin.\nNếu bỏ nguyên tắc này: Nếu không phản hồi để xác nhận câu trả lời đúng của học sinh mà chuyển ngay sang nội dung khác hoặc giải thích lý thuyết chung chung, học sinh sẽ cảm thấy hụt hẫng, không chắc chắn về kết quả tư duy của mình và mạch hội thoại bị đứt gãy."",""requirement_score"":5}]",,
3,flagged,needs_uet_review,BC-HNMU-G8-R0218-STT7-AI04,HNMU-G8-R0218-STT7,8,Bài 12,Thông hiểu (Đọc hiểu được chương trình),true,2,4,last,"[""PRINCIPLE-EXPLANATION"",""PRINCIPLE-FEEDBACK"",""PRINCIPLE-QUESTIONING""]",[],feedback_confirmation_only;questioning_without_answer_dependency,"{""PRINCIPLE-CHALLENGE"":2,""PRINCIPLE-EXPLANATION"":5,""PRINCIPLE-FEEDBACK"":5,""PRINCIPLE-MODELLING"":2,""PRINCIPLE-PRACTICE"":2,""PRINCIPLE-QUESTIONING"":4}","[{""evidence"":""conversation_history lượt 3: \""Dạ ra 120 ạ!\"""",""principle_id"":""PRINCIPLE-FEEDBACK"",""rationale"":""Nhu cầu độc lập: Học sinh vừa thực hiện phép tính và phản hồi kết quả \""120\"" theo gợi ý của gia sư ở lượt trước. Học sinh cần được xác nhận kết quả này là đúng, đồng thời cần gia sư liên kết trực tiếp con số này vào câu hỏi thắc mắc ban đầu. Nếu bỏ nguyên tắc này: Phản hồi tiếp theo sẽ bỏ qua câu trả lời của học sinh, làm mất tính liên kết của cuộc hội thoại và không giúp học sinh thấy được ý nghĩa của phép tính mình vừa thực hiện."",""requirement_score"":5},{""evidence"":""bloom_level: \""Thông hiểu\"" và conversation_history"",""principle_id"":""PRINCIPLE-QUESTIONING"",""rationale"":""Nhu cầu độc lập: Sau khi giải thích khái niệm góc ngoài, gia sư cần kiểm tra xem học sinh thực sự hiểu bản chất hay chỉ thừa nhận công thức một cách thụ động. Một câu hỏi áp dụng tương tự (như tính góc quay khi vẽ hình vuông) là cần thiết để chẩn đoán mức độ thông hiểu thực tế. Nếu bỏ nguyên tắc này: Gia sư chỉ giải thích một chiều mà không thể đánh giá được học sinh đã thực sự làm chủ kiến thức góc quay để áp dụng cho các đa giác khác hay chưa."",""requirement_score"":4}]",,
3,flagged,needs_uet_review,BC-HNMU-G8-R0219-STT8-AI02,HNMU-G8-R0219-STT8,8,Bài 12,Thông hiểu (Giải thích được lợi ích),false,0,2,first,"[""PRINCIPLE-EXPLANATION"",""PRINCIPLE-FEEDBACK""]","[""PRINCIPLE-MODELLING"",""PRINCIPLE-QUESTIONING""]",feedback_confirmation_only,"{""PRINCIPLE-CHALLENGE"":2,""PRINCIPLE-EXPLANATION"":5,""PRINCIPLE-FEEDBACK"":4,""PRINCIPLE-MODELLING"":3,""PRINCIPLE-PRACTICE"":2,""PRINCIPLE-QUESTIONING"":3}","[{""evidence"":""student_prompt"",""principle_id"":""PRINCIPLE-FEEDBACK"",""rationale"":""Nhu cầu độc lập: Học sinh đã chạy thử và tự tin với kết quả đúng của mình. Gia sư cần phản hồi để ghi nhận kết quả đúng đó, đồng thời chỉ ra giới hạn của việc chỉ kiểm thử với một trường hợp duy nhất. Nếu bỏ nguyên tắc này: Phản hồi sẽ bỏ qua trạng thái hoàn thành hiện tại của học sinh, dễ khiến học sinh cảm thấy nỗ lực chạy thử trước đó của mình bị phớt lờ hoặc không được đánh giá đúng."",""requirement_score"":4}]",,
3,flagged,needs_uet_review,BC-HNMU-G8-R0221-STT10-AI06,HNMU-G8-R0221-STT10,8,Bài 12,Thông hiểu (Trình bày được quá trình),true,4,6,last,"[""PRINCIPLE-FEEDBACK"",""PRINCIPLE-QUESTIONING""]","[""PRINCIPLE-MODELLING""]",feedback_confirmation_only,"{""PRINCIPLE-CHALLENGE"":2,""PRINCIPLE-EXPLANATION"":2,""PRINCIPLE-FEEDBACK"":5,""PRINCIPLE-MODELLING"":3,""PRINCIPLE-PRACTICE"":1,""PRINCIPLE-QUESTIONING"":5}","[{""evidence"":""conversation_history (lượt 5): \""Nếu khoảng cách < 120 thì xe dừng lại, còn không thì cứ đi tiếp ạ!\"""",""principle_id"":""PRINCIPLE-FEEDBACK"",""rationale"":""Nhu cầu độc lập: Học sinh vừa hoàn thành xuất sắc việc xây dựng kịch bản thuật toán dưới dạng ngôn ngữ tự nhiên ở lượt 5. Em cần nhận được sự xác nhận chính xác và đánh giá tích cực về tư duy logic này trước khi tiến hành lập trình.\nNếu bỏ nguyên tắc này: Một phản hồi đi thẳng vào việc hỏi hoặc hướng dẫn viết mã Scratch mà không xác nhận tính đúng đắn của kịch bản sẽ khiến học sinh hoang mang, không biết chắc chắn lập luận trung gian của mình đã chuẩn xác hay chưa."",""requirement_score"":5}]",,
3,flagged,needs_uet_review,BC-HNMU-G8-R0222-STT11-AI04,HNMU-G8-R0222-STT11,8,Bài 12,Vận dụng (Xác định cấu trúc thích hợp),true,2,4,last,"[""PRINCIPLE-FEEDBACK"",""PRINCIPLE-QUESTIONING""]","[""PRINCIPLE-EXPLANATION""]",feedback_confirmation_only,"{""PRINCIPLE-CHALLENGE"":1,""PRINCIPLE-EXPLANATION"":3,""PRINCIPLE-FEEDBACK"":5,""PRINCIPLE-MODELLING"":2,""PRINCIPLE-PRACTICE"":2,""PRINCIPLE-QUESTIONING"":5}","[{""evidence"":""conversation_history (turn_index: 3)"",""principle_id"":""PRINCIPLE-FEEDBACK"",""rationale"":""Nhu cầu độc lập: Học sinh vừa đưa ra câu trả lời cụ thể là \""Hình thoi đúng không thầy?\"" và cần một sự xác nhận trực tiếp về tính chính xác của câu trả lời này để tiếp tục tiến trình vẽ sơ đồ khối.\nNếu bỏ nguyên tắc này: Học sinh sẽ không có điểm tựa kiến thức vững chắc để tiếp tục và có thể cảm thấy hoang mang không biết suy luận của mình ở bước trước đã đúng hay chưa."",""requirement_score"":5}]",,
3,flagged,needs_uet_review,BC-HNMU-G8-R0225-STT14-AI04,HNMU-G8-R0225-STT14,8,Bài 12,Vận dụng (Viết được chương trình phức tạp),true,2,4,last,"[""PRINCIPLE-FEEDBACK"",""PRINCIPLE-QUESTIONING""]",[],feedback_confirmation_only,"{""PRINCIPLE-CHALLENGE"":1,""PRINCIPLE-EXPLANATION"":2,""PRINCIPLE-FEEDBACK"":5,""PRINCIPLE-MODELLING"":2,""PRINCIPLE-PRACTICE"":1,""PRINCIPLE-QUESTIONING"":5}","[{""evidence"":""conversation_history (lượt 3)"",""principle_id"":""PRINCIPLE-FEEDBACK"",""rationale"":""Nhu cầu độc lập: Học sinh vừa đưa ra câu trả lời cụ thể cho câu hỏi của gia sư về số lượng biến. Em cần được xác nhận ngay câu trả lời này là đúng để tự tin tiếp tục. Nếu bỏ nguyên tắc này: Gia sư sẽ bỏ qua nỗ lực tư duy của học sinh, khiến học sinh hoang mang không biết việc chọn biến của mình đã chính xác chưa trước khi bước sang các câu lệnh tiếp theo."",""requirement_score"":5}]",,
3,flagged,needs_uet_review,BC-HNMU-G8-R0226-STT1-AI06,HNMU-G8-R0226-STT1,8,Bài 13: Biểu diễn dữ liệu,Nhận biết (Biết được các kiểu dữ liệu cơ bản),true,4,6,last,"[""PRINCIPLE-EXPLANATION"",""PRINCIPLE-FEEDBACK""]","[""PRINCIPLE-QUESTIONING""]",feedback_confirmation_only,"{""PRINCIPLE-CHALLENGE"":2,""PRINCIPLE-EXPLANATION"":5,""PRINCIPLE-FEEDBACK"":5,""PRINCIPLE-MODELLING"":1,""PRINCIPLE-PRACTICE"":2,""PRINCIPLE-QUESTIONING"":3}","[{""evidence"":""conversation_history lượt 5"",""principle_id"":""PRINCIPLE-FEEDBACK"",""rationale"":""Nhu cầu độc lập: Học sinh vừa đưa ra câu trả lời đúng cho câu hỏi gợi mở của gia sư ở lượt 5 (\""Dạ không, đó là chữ thôi ạ\""). Học sinh cần được xác nhận tính đúng đắn của câu trả lời này và được chỉ ra mối liên hệ giữa câu trả lời đó với câu hỏi thắc mắc ban đầu của mình. Nếu bỏ nguyên tắc này: Gia sư sẽ bỏ qua nỗ lực tư duy của học sinh, làm mất đi tính tương tác của phương pháp gợi mở và không giúp học sinh thấy được logic từ ví dụ thực tế dẫn đến kết luận."",""requirement_score"":5}]",,
3,flagged,needs_uet_review,BC-HNMU-G8-R0229-STT4-AI04,HNMU-G8-R0229-STT4,8,Bài 13: Biểu diễn dữ liệu,Nhận biết (Nêu được tên thành phần),true,2,4,last,"[""PRINCIPLE-EXPLANATION"",""PRINCIPLE-FEEDBACK""]","[""PRINCIPLE-MODELLING"",""PRINCIPLE-QUESTIONING""]",feedback_confirmation_only,"{""PRINCIPLE-CHALLENGE"":1,""PRINCIPLE-EXPLANATION"":5,""PRINCIPLE-FEEDBACK"":5,""PRINCIPLE-MODELLING"":3,""PRINCIPLE-PRACTICE"":2,""PRINCIPLE-QUESTIONING"":3}","[{""evidence"":""Lượt 3 của conversation_history: \""Em thấy có and, or và not ạ.\"""",""principle_id"":""PRINCIPLE-FEEDBACK"",""rationale"":""Nhu cầu độc lập: Học sinh đã trả lời chính xác câu hỏi gợi mở của gia sư ở lượt trước bằng việc chỉ ra ba từ khóa \""and, or và not\"". Học sinh cần nhận được phản hồi xác nhận tính đúng đắn của câu trả lời này để tự tin tiếp tục tiến trình học.\nNếu bỏ nguyên tắc này: Nếu không có phản hồi công nhận câu trả lời của học sinh mà chuyển ngay sang nội dung mới, cuộc hội thoại sẽ mất đi tính tương tác hai chiều và học sinh không chắc chắn liệu mình đã tìm đúng khối lệnh hay chưa."",""requirement_score"":5}]",,
3,flagged,needs_uet_review,BC-HNMU-G8-R0230-STT5-AI02,HNMU-G8-R0230-STT5,8,Bài 13: Biểu diễn dữ liệu,Thông hiểu (Giải thích được sự cần thiết),false,0,2,first,"[""PRINCIPLE-EXPLANATION"",""PRINCIPLE-FEEDBACK"",""PRINCIPLE-QUESTIONING""]","[""PRINCIPLE-CHALLENGE"",""PRINCIPLE-MODELLING""]",feedback_confirmation_only,"{""PRINCIPLE-CHALLENGE"":3,""PRINCIPLE-EXPLANATION"":5,""PRINCIPLE-FEEDBACK"":4,""PRINCIPLE-MODELLING"":3,""PRINCIPLE-PRACTICE"":2,""PRINCIPLE-QUESTIONING"":4}","[{""evidence"":""student_prompt: \""Thầy ơi, sao mình không để máy tự đoán kiểu dữ liệu cho rảnh ạ?\"""",""principle_id"":""PRINCIPLE-FEEDBACK"",""rationale"":""Nhu cầu độc lập: Học sinh đưa ra một ý kiến rất thông minh và thực tế (trong lập trình có khái niệm type inference - tự suy luận kiểu). Gia sư cần ghi nhận, khen ngợi và phân tích ý kiến này để chỉ ra ranh giới giữa việc máy tự đoán và việc con người xác định rõ ràng.\nNếu bỏ nguyên tắc này: Phản hồi của gia sư sẽ bỏ qua ý kiến cá nhân của học sinh, chỉ giải thích lý thuyết suông từ sách giáo khoa, làm giảm sự hứng thú và tương tác cá nhân hóa."",""requirement_score"":4}]",,
3,flagged,needs_uet_review,BC-HNMU-G8-R0238-STT13-AI04,HNMU-G8-R0238-STT13,8,Bài 13: Biểu diễn dữ liệu,Vận dụng (Viết được chương trình),true,2,4,last,"[""PRINCIPLE-FEEDBACK"",""PRINCIPLE-QUESTIONING""]",[],feedback_confirmation_only,"{""PRINCIPLE-CHALLENGE"":2,""PRINCIPLE-EXPLANATION"":2,""PRINCIPLE-FEEDBACK"":5,""PRINCIPLE-MODELLING"":2,""PRINCIPLE-PRACTICE"":2,""PRINCIPLE-QUESTIONING"":5}","[{""evidence"":""conversation_history (lượt 3)"",""principle_id"":""PRINCIPLE-FEEDBACK"",""rationale"":""Nhu cầu độc lập: Học sinh vừa đưa ra câu trả lời cụ thể ở lượt 3 (\""Lệnh Hỏi... và đợi\"") và cần nhận được sự xác nhận ngay lập tức từ gia sư rằng câu trả lời này là đúng hướng để tự tin tiếp tục các bước sau. Nếu bỏ nguyên tắc này: Phản hồi của gia sư sẽ bỏ qua nỗ lực trả lời của học sinh, tạo ra sự ngắt quãng trong giao tiếp và khiến học sinh hoang mang không rõ bước đầu tiên mình làm đã đúng chưa."",""requirement_score"":5}]",,
3,flagged,needs_uet_review,BC-HNMU-G8-R0240-STT1-AI02,HNMU-G8-R0240-STT1,8,Bài 14: Cấu trúc điều khiển,Nhận biết (Nêu được khái niệm),false,0,2,first,"[""PRINCIPLE-EXPLANATION"",""PRINCIPLE-FEEDBACK""]","[""PRINCIPLE-MODELLING"",""PRINCIPLE-QUESTIONING""]",feedback_confirmation_only,"{""PRINCIPLE-CHALLENGE"":2,""PRINCIPLE-EXPLANATION"":5,""PRINCIPLE-FEEDBACK"":5,""PRINCIPLE-MODELLING"":3,""PRINCIPLE-PRACTICE"":2,""PRINCIPLE-QUESTIONING"":3}","[{""evidence"":""student_prompt: Thầy ơi, cấu trúc tuần tự trong Scratch có giống như việc em đọc một cuốn sách không ạ?"",""principle_id"":""PRINCIPLE-FEEDBACK"",""rationale"":""Nhu cầu độc lập: Học sinh đã chủ động đưa ra một liên hệ thực tế cụ thể ('đọc một cuốn sách') và cần được nhận xét, xác nhận xem phép so sánh này có đúng đắn với cấu trúc tuần tự hay không. Nếu bỏ nguyên tắc này: Phản hồi sẽ bỏ qua tư duy chủ động của học sinh, không chỉ ra được điểm hợp lý (đọc từ trên xuống dưới) và điểm chưa tương đồng (khi đọc sách ta có thể đọc nhảy trang, còn máy tính thì không), làm mất đi tính cá nhân hóa của cuộc đối thoại."",""requirement_score"":5}]",,
3,flagged,needs_uet_review,BC-HNMU-G8-R0241-STT2-AI04,HNMU-G8-R0241-STT2,8,Bài 14: Cấu trúc điều khiển,Nhận biết (Kể tên được thành phần),true,2,4,last,"[""PRINCIPLE-FEEDBACK"",""PRINCIPLE-QUESTIONING""]","[""PRINCIPLE-EXPLANATION"",""PRINCIPLE-PRACTICE""]",feedback_confirmation_only,"{""PRINCIPLE-CHALLENGE"":2,""PRINCIPLE-EXPLANATION"":3,""PRINCIPLE-FEEDBACK"":5,""PRINCIPLE-MODELLING"":2,""PRINCIPLE-PRACTICE"":3,""PRINCIPLE-QUESTIONING"":5}","[{""evidence"":""Conversation_history lượt 3: \""A, là dạng khuyết và dạng đầy đủ ạ!\"""",""principle_id"":""PRINCIPLE-FEEDBACK"",""rationale"":""Nhu cầu độc lập: Học sinh đã nỗ lực suy luận và đưa ra câu trả lời \""dạng khuyết và dạng đầy đủ\"" dựa trên gợi ý từ gia sư, do đó em có nhu cầu cấp thiết được nhận xét xem câu trả lời của mình đã chính xác và chuẩn thuật ngữ khoa học chưa. Nếu bỏ nguyên tắc này: Nếu gia sư không đưa ra phản hồi xác nhận mà chuyển ngay sang nội dung mới, học sinh sẽ hoang mang, không chắc chắn về kiến thức mình vừa tìm ra và làm giảm động lực tương tác."",""requirement_score"":5}]",,
3,flagged,needs_uet_review,BC-HNMU-G8-R0243-STT4-AI04,HNMU-G8-R0243-STT4,8,Bài 14: Cấu trúc điều khiển,Nhận biết (Biết được sự có mặt của thành phần),true,2,4,last,"[""PRINCIPLE-EXPLANATION"",""PRINCIPLE-FEEDBACK""]","[""PRINCIPLE-PRACTICE"",""PRINCIPLE-QUESTIONING""]",feedback_confirmation_only,"{""PRINCIPLE-CHALLENGE"":2,""PRINCIPLE-EXPLANATION"":5,""PRINCIPLE-FEEDBACK"":5,""PRINCIPLE-MODELLING"":2,""PRINCIPLE-PRACTICE"":3,""PRINCIPLE-QUESTIONING"":3}","[{""evidence"":""turn_index: 3, role: student, content: Dạ là chữ trả lời ạ."",""principle_id"":""PRINCIPLE-FEEDBACK"",""rationale"":""Nhu cầu độc lập: Học sinh vừa đưa ra câu trả lời cho câu hỏi gợi ý của gia sư ở lượt trước và cần nhận được sự xác nhận ngay lập tức rằng câu trả lời của mình là chính xác.\nNếu bỏ nguyên tắc này: Nếu không phản hồi trực tiếp để xác nhận và khen ngợi câu trả lời của học sinh, mạch hội thoại sẽ bị mất kết nối và học sinh sẽ hoang mang không biết mình đã tìm đúng khối lệnh cần tìm hay chưa."",""requirement_score"":5}]",,
3,flagged,needs_uet_review,BC-HNMU-G8-R0249-STT10-AI02,HNMU-G8-R0249-STT10,8,Bài 14: Cấu trúc điều khiển,Thông hiểu (Nhận biết đặc điểm phần mềm),false,0,2,first,"[""PRINCIPLE-EXPLANATION"",""PRINCIPLE-FEEDBACK""]","[""PRINCIPLE-MODELLING"",""PRINCIPLE-QUESTIONING""]",feedback_confirmation_only,"{""PRINCIPLE-CHALLENGE"":2,""PRINCIPLE-EXPLANATION"":5,""PRINCIPLE-FEEDBACK"":5,""PRINCIPLE-MODELLING"":3,""PRINCIPLE-PRACTICE"":2,""PRINCIPLE-QUESTIONING"":3}","[{""evidence"":""student_prompt"",""principle_id"":""PRINCIPLE-FEEDBACK"",""rationale"":""Nhu cầu độc lập: Học sinh cần được xác nhận ngay rằng quan sát của mình là hoàn toàn chính xác (thực sự không có khối lệnh đó) để giải tỏa nghi ngờ về khả năng tìm kiếm của bản thân và ngừng việc tìm kiếm vô ích.\nNếu bỏ nguyên tắc này: Học sinh có thể tiếp tục hoang mang, mất thời gian tự tìm kiếm lại trong Scratch vì nghĩ mình bỏ sót, làm gián đoạn tiến trình học tập."",""requirement_score"":5}]",,
3,flagged,needs_uet_review,BC-HNMU-G8-R0253-STT14-AI04,HNMU-G8-R0253-STT14,8,Bài 14: Cấu trúc điều khiển,Vận dụng (Chỉnh sửa được sản phẩm số),true,2,4,last,"[""PRINCIPLE-FEEDBACK"",""PRINCIPLE-QUESTIONING""]","[""PRINCIPLE-MODELLING"",""PRINCIPLE-PRACTICE""]",feedback_confirmation_only,"{""PRINCIPLE-CHALLENGE"":1,""PRINCIPLE-EXPLANATION"":2,""PRINCIPLE-FEEDBACK"":5,""PRINCIPLE-MODELLING"":3,""PRINCIPLE-PRACTICE"":3,""PRINCIPLE-QUESTIONING"":4}","[{""evidence"":""conversation_history (turn_index: 3): \""Em sẽ lồng thêm một khối nữa vào phần \""nếu không thì\"" đúng không thầy?\"""",""principle_id"":""PRINCIPLE-FEEDBACK"",""rationale"":""Nhu cầu độc lập: Học sinh vừa đưa ra một ý tưởng giải pháp cụ thể cho thuật toán (\""lồng thêm một khối nữa vào phần 'nếu không thì'\"") và đang hỏi xác nhận (\""đúng không thầy?\""). Học sinh cần nhận được phản hồi ngay lập tức để biết tư duy logic của mình là chính xác trước khi tiến hành viết code.\nNếu bỏ nguyên tắc này: Phản hồi của gia sư sẽ bỏ qua nỗ lực tư duy của học sinh, khiến học sinh hoang mang không biết giải pháp của mình có đúng hướng hay không để tiếp tục thực hiện."",""requirement_score"":5}]",,
3,flagged,needs_uet_review,BC-HNMU-G8-R0256-STT3-AI04,HNMU-G8-R0256-STT3,8,Bài 15: Gỡ lỗi,Nhận biết (Nêu được thành phần),true,2,4,last,"[""PRINCIPLE-FEEDBACK"",""PRINCIPLE-QUESTIONING""]","[""PRINCIPLE-EXPLANATION"",""PRINCIPLE-MODELLING""]",feedback_confirmation_only,"{""PRINCIPLE-CHALLENGE"":2,""PRINCIPLE-EXPLANATION"":3,""PRINCIPLE-FEEDBACK"":5,""PRINCIPLE-MODELLING"":3,""PRINCIPLE-PRACTICE"":2,""PRINCIPLE-QUESTIONING"":4}","[{""evidence"":""turn_index: 3"",""principle_id"":""PRINCIPLE-FEEDBACK"",""rationale"":""Nhu cầu độc lập: Học sinh đã tích cực suy luận từ gợi ý ở lượt trước để đưa ra câu trả lời cụ thể là \""lỗi cú pháp và lỗi lôgic\"". Học sinh cần nhận được phản hồi xác nhận rõ ràng về tính chính xác của câu trả lời này để củng cố kiến thức và tiếp tục bài học. Nếu bỏ nguyên tắc này: Phản hồi của gia sư sẽ bỏ qua câu trả lời của học sinh, khiến học sinh hoang mang không biết mình gọi tên đã đúng chưa và làm mất đi tính tương tác của cuộc hội thoại."",""requirement_score"":5}]",,
3,flagged,needs_uet_review,BC-HNMU-G8-R0259-STT6-AI04,HNMU-G8-R0259-STT6,8,Bài 15: Gỡ lỗi,Thông hiểu (Giải thích được lợi ích),true,2,4,last,"[""PRINCIPLE-EXPLANATION"",""PRINCIPLE-FEEDBACK""]","[""PRINCIPLE-QUESTIONING""]",feedback_confirmation_only,"{""PRINCIPLE-CHALLENGE"":2,""PRINCIPLE-EXPLANATION"":5,""PRINCIPLE-FEEDBACK"":5,""PRINCIPLE-MODELLING"":2,""PRINCIPLE-PRACTICE"":2,""PRINCIPLE-QUESTIONING"":3}","[{""evidence"":""conversation_history (turn_index: 3)"",""principle_id"":""PRINCIPLE-FEEDBACK"",""rationale"":""Nhu cầu độc lập: Học sinh vừa đưa ra câu trả lời cho câu hỏi ẩn dụ của gia sư ở lượt trước (\""Dạ không, xe tải nặng hơn nhiều ạ\""). Gia sư cần phản hồi trực tiếp để xác nhận suy luận này là chính xác và hợp lý.\nNếu bỏ nguyên tắc này: Phản hồi tiếp theo sẽ bỏ qua câu trả lời của học sinh, làm mất đi tính tương tác tự nhiên của cuộc hội thoại và không tận dụng được bước đệm tư duy mà học sinh vừa đạt được."",""requirement_score"":5}]",,
3,flagged,needs_uet_review,BC-HNMU-G8-R0265-STT12-AI04,HNMU-G8-R0265-STT12,8,Bài 15: Gỡ lỗi,Vận dụng (Xác lập lựa chọn theo tiêu chí),true,2,4,last,"[""PRINCIPLE-EXPLANATION"",""PRINCIPLE-FEEDBACK"",""PRINCIPLE-QUESTIONING""]",[],feedback_confirmation_only,"{""PRINCIPLE-CHALLENGE"":2,""PRINCIPLE-EXPLANATION"":4,""PRINCIPLE-FEEDBACK"":5,""PRINCIPLE-MODELLING"":2,""PRINCIPLE-PRACTICE"":2,""PRINCIPLE-QUESTIONING"":4}","[{""evidence"":""conversation_history lượt 3: \""Nó sẽ so sánh và thấy 0 lớn nhất ạ. Nhưng trong dãy không có số 0!\"""",""principle_id"":""PRINCIPLE-FEEDBACK"",""rationale"":""Nhu cầu độc lập: Học sinh vừa đưa ra một phát hiện logic rất tốt và chính xác ở lượt hội thoại thứ 3. Học sinh có nhu cầu nhận được sự xác nhận, khen ngợi và liên hệ trực tiếp phát hiện đó với thắc mắc ban đầu của mình. Nếu bỏ nguyên tắc này: Phản hồi của gia sư sẽ bỏ qua nỗ lực tư duy của học sinh, làm mất đi sự kết nối tương tác và không giúp học sinh chốt lại được câu trả lời cho câu hỏi ban đầu."",""requirement_score"":5}]",,
3,flagged,needs_uet_review,BC-HNMU-G8-R0266-STT13-AI04,HNMU-G8-R0266-STT13,8,Bài 15: Gỡ lỗi,Vận dụng (Chỉnh sửa được sản phẩm số),true,2,4,last,"[""PRINCIPLE-FEEDBACK"",""PRINCIPLE-QUESTIONING""]","[""PRINCIPLE-EXPLANATION"",""PRINCIPLE-PRACTICE""]",feedback_confirmation_only,"{""PRINCIPLE-CHALLENGE"":2,""PRINCIPLE-EXPLANATION"":3,""PRINCIPLE-FEEDBACK"":5,""PRINCIPLE-MODELLING"":2,""PRINCIPLE-PRACTICE"":3,""PRINCIPLE-QUESTIONING"":4}","[{""evidence"":""conversation_history (turn_index: 3)"",""principle_id"":""PRINCIPLE-FEEDBACK"",""rationale"":""Nhu cầu độc lập: Học sinh đã đề xuất một giải pháp cụ thể cho lỗi đầu vào bằng câu hỏi \""Em dùng khối [ ] là số? đúng không thầy?\"". Học sinh cần một phản hồi xác nhận trực tiếp xem khối lệnh này có đúng mục đích hay không.\nNếu bỏ nguyên tắc này: Phản hồi của gia sư sẽ bỏ qua nỗ lực tư duy của học sinh, khiến học sinh hoang mang không biết giải pháp mình đề xuất có đúng hướng để tiếp tục thực hiện hay không."",""requirement_score"":5}]",,
3,flagged,needs_uet_review,BC-HNMU-G8-R0267-STT14-AI04,HNMU-G8-R0267-STT14,8,Bài 15: Gỡ lỗi,Vận dụng (Thực hiện nhiệm vụ giáo viên đặt ra),true,2,4,last,"[""PRINCIPLE-MODELLING"",""PRINCIPLE-FEEDBACK"",""PRINCIPLE-QUESTIONING""]","[""PRINCIPLE-PRACTICE""]",feedback_confirmation_only,"{""PRINCIPLE-CHALLENGE"":2,""PRINCIPLE-EXPLANATION"":2,""PRINCIPLE-FEEDBACK"":5,""PRINCIPLE-MODELLING"":4,""PRINCIPLE-PRACTICE"":3,""PRINCIPLE-QUESTIONING"":4}","[{""evidence"":""conversation_history (lượt 3): \""À, em sẽ thêm: Điểm bằng 0, Điểm là chữ, và thử cả trường hợp nhập số 100 xem máy có cho phép không ạ!\"""",""principle_id"":""PRINCIPLE-FEEDBACK"",""rationale"":""Nhu cầu độc lập: Học sinh vừa tự đề xuất thêm 3 trường hợp kiểm thử mới rất sáng tạo và thực tế (Điểm bằng 0, Điểm là chữ, Số 100). Học sinh cần được xác nhận ngay lập tức xem các đề xuất này đã đúng đắn, hợp lệ và phù hợp để đưa vào bộ dữ liệu kiểm thử 5 tình huống theo yêu cầu của bài hay chưa.\nNếu bỏ nguyên tắc này: Phản hồi tiếp theo sẽ bỏ qua nỗ lực tư duy của học sinh, khiến học sinh hoang mang không biết những trường hợp mình tự nghĩ ra có đúng hướng và có thể sử dụng được hay không."",""requirement_score"":5}]",,
3,flagged,needs_uet_review,BC-HNMU-G8-R0268-STT1-AI04,HNMU-G8-R0268-STT1,8,Bài 16,Nhận biết (Kể tên được các thành phần),true,2,4,last,"[""PRINCIPLE-FEEDBACK"",""PRINCIPLE-QUESTIONING""]","[""PRINCIPLE-EXPLANATION""]",feedback_confirmation_only,"{""PRINCIPLE-CHALLENGE"":1,""PRINCIPLE-EXPLANATION"":3,""PRINCIPLE-FEEDBACK"":5,""PRINCIPLE-MODELLING"":1,""PRINCIPLE-PRACTICE"":2,""PRINCIPLE-QUESTIONING"":4}","[{""evidence"":""turn_index: 3"",""principle_id"":""PRINCIPLE-FEEDBACK"",""rationale"":""Nhu cầu độc lập: Học sinh vừa đưa ra câu trả lời cụ thể cho câu hỏi gợi mở ở lượt trước và cần được gia sư xác nhận ngay lập tức xem câu trả lời đó đã chính xác chưa để làm điểm tựa trả lời câu hỏi gốc. Nếu bỏ nguyên tắc này: Phản hồi tiếp theo sẽ bỏ qua câu trả lời của học sinh, khiến học sinh hoang mang không biết việc mình chỉ ra \""Khoa học máy tính\"" và \""Tin học ứng dụng\"" có đúng là hai nhóm nghề cần tìm hay không."",""requirement_score"":5}]",,
3,flagged,needs_uet_review,BC-HNMU-G8-R0270-STT3-AI04,HNMU-G8-R0270-STT3,8,Bài 16,Nhận biết (Nêu được tên),true,2,4,last,"[""PRINCIPLE-FEEDBACK""]","[""PRINCIPLE-EXPLANATION"",""PRINCIPLE-QUESTIONING""]",feedback_confirmation_only,"{""PRINCIPLE-CHALLENGE"":2,""PRINCIPLE-EXPLANATION"":3,""PRINCIPLE-FEEDBACK"":5,""PRINCIPLE-MODELLING"":1,""PRINCIPLE-PRACTICE"":2,""PRINCIPLE-QUESTIONING"":3}","[{""evidence"":""Lượt 3 của conversation_history: \""À, em thấy rồi, là bà Ada Lovelace ạ!\"""",""principle_id"":""PRINCIPLE-FEEDBACK"",""rationale"":""Nhu cầu độc lập: Học sinh đã chủ động tra cứu theo hướng dẫn và đưa ra câu trả lời cụ thể là \""bà Ada Lovelace\"", do đó em cần nhận được sự xác nhận chính xác ngay lập tức từ gia sư để chốt kiến thức và ghi nhận nỗ lực tự học.\nNếu bỏ nguyên tắc này: Nếu không phản hồi trực tiếp để xác nhận tính đúng đắn của câu trả lời, học sinh sẽ không thể biết chắc chắn mình đã tìm đúng thông tin chưa, làm gián đoạn tiến trình học tập và giảm động lực tương tác tiếp theo."",""requirement_score"":5}]",,
3,flagged,needs_uet_review,BC-HNMU-G8-R0273-STT6-AI04,HNMU-G8-R0273-STT6,8,Bài 16,Thông hiểu (Phân biệt được),true,2,4,last,"[""PRINCIPLE-EXPLANATION"",""PRINCIPLE-FEEDBACK""]","[""PRINCIPLE-QUESTIONING""]",feedback_confirmation_only,"{""PRINCIPLE-CHALLENGE"":1,""PRINCIPLE-EXPLANATION"":5,""PRINCIPLE-FEEDBACK"":5,""PRINCIPLE-MODELLING"":1,""PRINCIPLE-PRACTICE"":2,""PRINCIPLE-QUESTIONING"":3}","[{""evidence"":""conversation_history lượt 3: \""Dạ người chế tạo xe là Khoa học máy tính ạ.\"""",""principle_id"":""PRINCIPLE-FEEDBACK"",""rationale"":""Nhu cầu độc lập: Học sinh vừa đưa ra câu trả lời cho câu hỏi ẩn dụ gợi mở của gia sư ở lượt trước. Học sinh cần được phản hồi ngay để xác nhận tính đúng đắn của câu trả lời, đồng thời liên kết ý tưởng đó với bài học thực tế. Nếu bỏ nguyên tắc này: Phản hồi tiếp theo của gia sư sẽ làm đứt gãy mạch tương tác, học sinh không biết câu trả lời của mình đã chính xác chưa để tự tin tiếp thu bước giải thích tiếp theo."",""requirement_score"":5}]",,
3,flagged,needs_uet_review,BC-HNMU-G8-R0274-STT7-AI04,HNMU-G8-R0274-STT7,8,Bài 16,Thông hiểu (Giải thích được đặc điểm),true,2,4,last,"[""PRINCIPLE-EXPLANATION"",""PRINCIPLE-FEEDBACK"",""PRINCIPLE-QUESTIONING""]",[],feedback_confirmation_only,"{""PRINCIPLE-CHALLENGE"":2,""PRINCIPLE-EXPLANATION"":5,""PRINCIPLE-FEEDBACK"":5,""PRINCIPLE-MODELLING"":2,""PRINCIPLE-PRACTICE"":2,""PRINCIPLE-QUESTIONING"":4}","[{""evidence"":""conversation_history lượt 3"",""principle_id"":""PRINCIPLE-FEEDBACK"",""rationale"":""Nhu cầu độc lập: Học sinh đã nỗ lực trả lời câu hỏi gợi mở của gia sư ở lượt trước và cần được nhận xét, xác nhận xem ý kiến của mình có chính xác và phù hợp với thực tế ngành Tin học hay không. Nếu bỏ nguyên tắc này: Phản hồi của gia sư sẽ bỏ qua đóng góp của học sinh, làm mất đi sự tương tác hai chiều và giảm động lực tiếp tục thảo luận của học sinh."",""requirement_score"":5}]",,
3,flagged,needs_uet_review,BC-HNMU-G8-R0277-STT10-AI04,HNMU-G8-R0277-STT10,8,Bài 16,Thông hiểu (Giải thích sự cần thiết),true,2,4,last,"[""PRINCIPLE-EXPLANATION"",""PRINCIPLE-FEEDBACK""]","[""PRINCIPLE-QUESTIONING""]",feedback_confirmation_only,"{""PRINCIPLE-CHALLENGE"":1,""PRINCIPLE-EXPLANATION"":4,""PRINCIPLE-FEEDBACK"":5,""PRINCIPLE-MODELLING"":1,""PRINCIPLE-PRACTICE"":2,""PRINCIPLE-QUESTIONING"":3}","[{""evidence"":""conversation_history lượt 3"",""principle_id"":""PRINCIPLE-FEEDBACK"",""rationale"":""Nhu cầu độc lập: Học sinh vừa đưa ra câu trả lời cho câu hỏi gợi mở của gia sư ở lượt 3 ('Dạ khác nhiều ạ, nhiều tính năng mới lắm'). Học sinh cần nhận được sự xác nhận rằng câu trả lời này hoàn toàn chính xác và là một minh chứng thực tế rõ ràng cho sự phát triển của công nghệ. Nếu bỏ nguyên tắc này: Phản hồi tiếp theo của gia sư sẽ bỏ qua nỗ lực tư duy của học sinh, làm gãy mạch hội thoại tương tác và giảm động lực tiếp tục thảo luận của học sinh."",""requirement_score"":5}]",,
3,flagged,needs_uet_review,BC-HNMU-G8-R0279-STT12-AI06,HNMU-G8-R0279-STT12,8,Bài 16,Vận dụng (Thực hiện nhiệm vụ được giao),true,4,6,last,"[""PRINCIPLE-FEEDBACK"",""PRINCIPLE-QUESTIONING""]","[""PRINCIPLE-EXPLANATION""]",feedback_confirmation_only,"{""PRINCIPLE-CHALLENGE"":2,""PRINCIPLE-EXPLANATION"":3,""PRINCIPLE-FEEDBACK"":5,""PRINCIPLE-MODELLING"":2,""PRINCIPLE-PRACTICE"":2,""PRINCIPLE-QUESTIONING"":4}","[{""evidence"":""Lượt 5 học sinh trả lời: 'Dạ em cần học tốt ngoại ngữ và phải biết \""tự học\"" nữa thầy nhỉ?'"",""principle_id"":""PRINCIPLE-FEEDBACK"",""rationale"":""Nhu cầu độc lập: Học sinh đã trả lời rất cụ thể ở lượt 5 (\""học tốt ngoại ngữ và phải biết 'tự học'\"") và đang rất cần một sự xác nhận, đánh giá từ gia sư về tính đúng đắn và chất lượng của các kỹ năng mà mình tự đề xuất. Nếu bỏ nguyên tắc này: Gia sư sẽ bỏ qua nỗ lực suy nghĩ độc lập của học sinh, khiến học sinh không biết mình đã xác định đúng hướng hay chưa, làm giảm động lực và tính tương tác của cuộc hội thoại."",""requirement_score"":5}]",,
3,flagged,needs_uet_review,BC-HNMU-G8-R0280-STT13-AI04,HNMU-G8-R0280-STT13,8,Bài 16,Vận dụng (Thực hiện nhiệm vụ giáo viên đặt ra),true,2,4,middle,"[""PRINCIPLE-EXPLANATION"",""PRINCIPLE-FEEDBACK"",""PRINCIPLE-QUESTIONING""]",[],feedback_confirmation_only,"{""PRINCIPLE-CHALLENGE"":2,""PRINCIPLE-EXPLANATION"":4,""PRINCIPLE-FEEDBACK"":5,""PRINCIPLE-MODELLING"":2,""PRINCIPLE-PRACTICE"":2,""PRINCIPLE-QUESTIONING"":5}","[{""evidence"":""turn_index: 3: \""Dạ cô dùng phần mềm VnEdu ạ.\"""",""principle_id"":""PRINCIPLE-FEEDBACK"",""rationale"":""Nhu cầu độc lập: Học sinh vừa đưa ra một câu trả lời cụ thể (\""VnEdu\"") để phản hồi câu hỏi gợi mở của gia sư, em cần nhận được nhận xét ngay lập tức để xác nhận tính đúng đắn của câu trả lời này. Nếu bỏ nguyên tắc này: Phản hồi tiếp theo sẽ bỏ qua nỗ lực tư duy của học sinh, khiến học sinh hoang mang không biết câu trả lời của mình đã chính xác chưa và làm gián đoạn tiến trình học tập."",""requirement_score"":5}]",,
3,flagged,needs_uet_review,BC-HNMU-G8-R0280-STT13-AI06,HNMU-G8-R0280-STT13,8,Bài 16,Vận dụng (Thực hiện nhiệm vụ giáo viên đặt ra),true,4,6,last,"[""PRINCIPLE-FEEDBACK"",""PRINCIPLE-QUESTIONING""]","[""PRINCIPLE-EXPLANATION""]",feedback_confirmation_only,"{""PRINCIPLE-CHALLENGE"":2,""PRINCIPLE-EXPLANATION"":3,""PRINCIPLE-FEEDBACK"":5,""PRINCIPLE-MODELLING"":2,""PRINCIPLE-PRACTICE"":2,""PRINCIPLE-QUESTIONING"":5}","[{""evidence"":""conversation_history (lượt 5)"",""principle_id"":""PRINCIPLE-FEEDBACK"",""rationale"":""Nhu cầu độc lập: Học sinh vừa đưa ra câu trả lời thực tế ở lượt 5 (\""kết quả siêu âm hoặc đơn thuốc\"") và rất cần gia sư xác nhận tính đúng đắn của câu trả lời này, đồng thời liên kết nó với ứng dụng của tin học trong y tế.\nNếu bỏ nguyên tắc này: Phản hồi của gia sư sẽ bỏ qua nỗ lực suy nghĩ từ thực tiễn của học sinh, khiến học sinh hoang mang không biết câu trả lời của mình đã chính xác và đúng trọng tâm yêu cầu chưa."",""requirement_score"":5}]",,
3,flagged,needs_uet_review,BC-HNMU-G9-R0002-STT1-AI04,HNMU-G9-R0002-STT1,9,Bài 1: Thế giới kĩ thuật số,Nhận biết (Nêu được sự có mặt của thiết bị),true,2,4,last,"[""PRINCIPLE-EXPLANATION"",""PRINCIPLE-FEEDBACK""]","[""PRINCIPLE-QUESTIONING""]",feedback_confirmation_only,"{""PRINCIPLE-CHALLENGE"":1,""PRINCIPLE-EXPLANATION"":4,""PRINCIPLE-FEEDBACK"":5,""PRINCIPLE-MODELLING"":1,""PRINCIPLE-PRACTICE"":2,""PRINCIPLE-QUESTIONING"":3}","[{""evidence"":""conversation_history (turn_index 2, 3): \""...chúng có thể tự thực hiện các chương trình không?\"" -> \""Dạ có, chúng hoạt động thông minh lắm ạ.\"""",""principle_id"":""PRINCIPLE-FEEDBACK"",""rationale"":""Nhu cầu độc lập: Học sinh vừa đưa ra câu trả lời cho câu hỏi gợi mở của gia sư ở lượt trước. Phản hồi tiếp theo bắt buộc phải đánh giá, xác nhận câu trả lời đó và liên kết khái niệm \""hoạt động thông minh\"" của học sinh với sự tồn tại của bộ xử lý.\nNếu bỏ nguyên tắc này: Phản hồi của gia sư sẽ bị đứt gãy mạch hội thoại, không ghi nhận nỗ lực trả lời của học sinh và khiến câu hỏi gợi mở ở lượt trước trở nên vô nghĩa."",""requirement_score"":5}]",,
3,flagged,needs_uet_review,BC-HNMU-G9-R0008-STT7-AI04,HNMU-G9-R0008-STT7,9,Bài 1: Thế giới kĩ thuật số,Thông hiểu (Giải thích được lợi ích),true,2,4,last,"[""PRINCIPLE-FEEDBACK"",""PRINCIPLE-QUESTIONING""]","[""PRINCIPLE-EXPLANATION""]",feedback_confirmation_only,"{""PRINCIPLE-CHALLENGE"":2,""PRINCIPLE-EXPLANATION"":3,""PRINCIPLE-FEEDBACK"":5,""PRINCIPLE-MODELLING"":1,""PRINCIPLE-PRACTICE"":2,""PRINCIPLE-QUESTIONING"":5}","[{""evidence"":""conversation_history lượt 3: \""Dạ máy tính nhanh hơn và không sợ tính nhầm tiền nữa ạ.\"""",""principle_id"":""PRINCIPLE-FEEDBACK"",""rationale"":""Nhu cầu độc lập: Học sinh đã đưa ra câu trả lời cụ thể ở lượt 3 (\""nhanh hơn và không sợ tính nhầm tiền\""). Học sinh cần nhận được phản hồi trực tiếp để xác nhận rằng hai ý này hoàn toàn chính xác (tốc độ và độ chính xác) nhằm củng cố niềm tin vào suy luận của mình. Nếu bỏ nguyên tắc này: Nếu gia sư bỏ qua việc nhận xét mà trực tiếp chuyển sang câu hỏi hoặc ý khác, học sinh sẽ không rõ câu trả lời của mình đã đúng hay chưa, gây cảm giác hụt hẫng trong tương tác."",""requirement_score"":5}]",,
3,flagged,needs_uet_review,BC-HNMU-G9-R0010-STT9-AI04,HNMU-G9-R0010-STT9,9,Bài 1: Thế giới kĩ thuật số,Thông hiểu (Giải thích được tính chất),true,2,4,last,"[""PRINCIPLE-EXPLANATION"",""PRINCIPLE-FEEDBACK""]","[""PRINCIPLE-QUESTIONING""]",feedback_confirmation_only,"{""PRINCIPLE-CHALLENGE"":1,""PRINCIPLE-EXPLANATION"":5,""PRINCIPLE-FEEDBACK"":5,""PRINCIPLE-MODELLING"":2,""PRINCIPLE-PRACTICE"":2,""PRINCIPLE-QUESTIONING"":3}","[{""evidence"":""Trường conversation_history lượt 3: \""Dạ không, em gọi video là thấy mặt nhau ngay ạ.\"""",""principle_id"":""PRINCIPLE-FEEDBACK"",""rationale"":""Nhu cầu độc lập: Học sinh vừa đưa ra một câu trả lời cụ thể cho câu hỏi gợi mở của gia sư ở lượt trước và cần được nhận xét, xác nhận xem ví dụ \""gọi video\"" của mình có chính xác và phù hợp để minh họa cho khái niệm hay chưa.\nNếu bỏ nguyên tắc này: Nếu không ghi nhận và phân tích tính đúng đắn của ví dụ mà học sinh đưa ra, phản hồi tiếp theo sẽ làm mất đi tính tương tác hai chiều và không giúp học sinh liên kết được trải nghiệm thực tế của họ với tri thức bài học."",""requirement_score"":5}]",,
3,flagged,needs_uet_review,BC-HNMU-G9-R0016-STT1-AI04,HNMU-G9-R0016-STT1,9,Bài 2: Thông tin trong giải quyết vấn đề,Nhận biết (Nêu được các yếu tố đánh giá),true,2,4,last,"[""PRINCIPLE-FEEDBACK"",""PRINCIPLE-QUESTIONING""]","[""PRINCIPLE-EXPLANATION"",""PRINCIPLE-MODELLING""]",feedback_confirmation_only,"{""PRINCIPLE-CHALLENGE"":2,""PRINCIPLE-EXPLANATION"":3,""PRINCIPLE-FEEDBACK"":5,""PRINCIPLE-MODELLING"":3,""PRINCIPLE-PRACTICE"":2,""PRINCIPLE-QUESTIONING"":4}","[{""evidence"":""conversation_history (lượt 3)"",""principle_id"":""PRINCIPLE-FEEDBACK"",""rationale"":""Nhu cầu độc lập: Học sinh đã thực hiện đúng yêu cầu tìm kiếm thông tin ở lượt trước bằng cách nêu chính xác bốn yếu tố trong sơ đồ, do đó rất cần một sự xác nhận rõ ràng về tính đúng đắn của câu trả lời trước khi tiếp tục bài học. Nếu bỏ nguyên tắc này: Phản hồi tiếp theo sẽ bỏ qua câu trả lời của học sinh, làm mất đi sự liên kết tự nhiên của cuộc đối thoại và khiến học sinh hoang mang không biết mình đã xác định đúng từ khóa chưa."",""requirement_score"":5}]",,
3,flagged,needs_uet_review,BC-HNMU-G9-R0019-STT4-AI04,HNMU-G9-R0019-STT4,9,Bài 2: Thông tin trong giải quyết vấn đề,Nhận biết (Biết được sự phù hợp của thông tin),true,2,4,middle,"[""PRINCIPLE-EXPLANATION"",""PRINCIPLE-FEEDBACK""]","[""PRINCIPLE-PRACTICE"",""PRINCIPLE-QUESTIONING""]",feedback_confirmation_only,"{""PRINCIPLE-CHALLENGE"":2,""PRINCIPLE-EXPLANATION"":5,""PRINCIPLE-FEEDBACK"":5,""PRINCIPLE-MODELLING"":2,""PRINCIPLE-PRACTICE"":3,""PRINCIPLE-QUESTIONING"":3}","[{""evidence"":""conversation_history lượt 3"",""principle_id"":""PRINCIPLE-FEEDBACK"",""rationale"":""Nhu cầu độc lập: Học sinh vừa đưa ra câu trả lời rất chính xác ở lượt trước (\""Dạ không liên quan tí nào luôn thầy\""). Học sinh cần nhận được sự xác nhận và khen ngợi kịp thời cho nỗ lực tư duy này để có động lực tiếp thu kiến thức tiếp theo. Nếu bỏ nguyên tắc này: Gia sư sẽ bỏ qua câu trả lời của học sinh và trực tiếp giảng bài, làm mất đi tính tương tác cá nhân hóa và khiến học sinh cảm thấy câu trả lời của mình không được ghi nhận."",""requirement_score"":5}]",,
3,flagged,needs_uet_review,BC-HNMU-G9-R0023-STT8-AI06,HNMU-G9-R0023-STT8,9,Bài 2: Thông tin trong giải quyết vấn đề,Thông hiểu (Trình bày được quá trình),true,4,6,last,"[""PRINCIPLE-FEEDBACK"",""PRINCIPLE-QUESTIONING""]","[""PRINCIPLE-EXPLANATION""]",feedback_confirmation_only,"{""PRINCIPLE-CHALLENGE"":2,""PRINCIPLE-EXPLANATION"":3,""PRINCIPLE-FEEDBACK"":5,""PRINCIPLE-MODELLING"":1,""PRINCIPLE-PRACTICE"":2,""PRINCIPLE-QUESTIONING"":5}","[{""evidence"":""conversation_history (lượt 5)"",""principle_id"":""PRINCIPLE-FEEDBACK"",""rationale"":""Nhu cầu độc lập: Học sinh đã hoàn thành bước cuối cùng trong tình huống mua máy tính ở lượt 5 và cần được gia sư nhận xét, xác nhận xem tư duy \""đánh giá chất lượng thông tin trước khi quyết định mua\"" đã chính xác chưa. Nếu bỏ nguyên tắc này: Học sinh sẽ không biết lập luận thực tế của mình có đúng đắn hay không để tự tin chuyển sang bước khái quát hóa lý thuyết."",""requirement_score"":5}]",,
3,flagged,needs_uet_review,BC-HNMU-G9-R0026-STT11-AI06,HNMU-G9-R0026-STT11,9,Bài 2: Thông tin trong giải quyết vấn đề,Vận dụng (Xác định được lỗi trong tình huống),true,4,6,last,"[""PRINCIPLE-EXPLANATION"",""PRINCIPLE-FEEDBACK""]","[""PRINCIPLE-QUESTIONING""]",feedback_confirmation_only,"{""PRINCIPLE-CHALLENGE"":2,""PRINCIPLE-EXPLANATION"":5,""PRINCIPLE-FEEDBACK"":5,""PRINCIPLE-MODELLING"":2,""PRINCIPLE-PRACTICE"":2,""PRINCIPLE-QUESTIONING"":3}","[{""evidence"":""conversation_history lượt 5"",""principle_id"":""PRINCIPLE-FEEDBACK"",""rationale"":""Nhu cầu độc lập: Học sinh vừa đưa ra một câu trả lời chính xác ở lượt 5 (\""Dạ không ạ, vì hết hạn rồi\"") giải quyết câu hỏi gợi mở của gia sư, nên rất cần một phản hồi xác nhận tính đúng đắn của tư duy này. Nếu bỏ nguyên tắc này: Học sinh không biết câu trả lời của mình đã hoàn thiện chưa, làm mất đi tính định hướng tương tác và không tạo được bước đệm tâm lý tự tin để tiếp thu kiến thức mới."",""requirement_score"":5}]",,
3,flagged,needs_uet_review,BC-HNMU-G9-R0030-STT1-AI04,HNMU-G9-R0030-STT1,9,Bài 3: Thực hành: Đánh giá chất lượng thông tin,Nhận biết (Kể tên được các thành phần),true,2,4,last,"[""PRINCIPLE-EXPLANATION"",""PRINCIPLE-FEEDBACK"",""PRINCIPLE-QUESTIONING""]","[""PRINCIPLE-MODELLING"",""PRINCIPLE-PRACTICE""]",feedback_confirmation_only,"{""PRINCIPLE-CHALLENGE"":2,""PRINCIPLE-EXPLANATION"":4,""PRINCIPLE-FEEDBACK"":5,""PRINCIPLE-MODELLING"":3,""PRINCIPLE-PRACTICE"":3,""PRINCIPLE-QUESTIONING"":4}","[{""evidence"":""Lượt 3 của học sinh: \""Dạ em thấy là: Tính mới, chính xác, đầy đủ và sử dụng được ạ.\"""",""principle_id"":""PRINCIPLE-FEEDBACK"",""rationale"":""Nhu cầu độc lập: Học sinh vừa đưa ra câu trả lời cụ thể cho câu hỏi tìm kiếm thông tin từ hình vẽ, do đó rất cần một phản hồi xác nhận tính đúng đắn của câu trả lời này để tạo sự tự tin trước khi tiếp tục bài học. Nếu bỏ nguyên tắc này: Gia sư sẽ bỏ qua nỗ lực tìm kiếm thông tin của học sinh ở lượt trước, khiến cuộc hội thoại mất đi sự tương tác và tính định hướng sư phạm."",""requirement_score"":5}]",,
3,flagged,needs_uet_review,BC-HNMU-G9-R0031-STT2-AI04,HNMU-G9-R0031-STT2,9,Bài 3: Thực hành: Đánh giá chất lượng thông tin,Nhận biết (Nêu được khái niệm),true,2,4,last,"[""PRINCIPLE-FEEDBACK"",""PRINCIPLE-QUESTIONING""]","[""PRINCIPLE-EXPLANATION""]",feedback_confirmation_only,"{""PRINCIPLE-CHALLENGE"":2,""PRINCIPLE-EXPLANATION"":3,""PRINCIPLE-FEEDBACK"":5,""PRINCIPLE-MODELLING"":2,""PRINCIPLE-PRACTICE"":2,""PRINCIPLE-QUESTIONING"":4}","[{""evidence"":""conversation_history lượt 3: \""Dạ chắc là em sẽ bị ướt sũng vì thông tin đó lạc hậu rồi ạ.\"""",""principle_id"":""PRINCIPLE-FEEDBACK"",""rationale"":""Nhu cầu độc lập: Học sinh đã trả lời đúng câu hỏi gợi mở của gia sư ở lượt trước bằng cách chỉ ra hậu quả của việc dùng thông tin lạc hậu. Học sinh cần nhận được phản hồi xác nhận tính đúng đắn này để củng cố suy luận của mình.\nNếu bỏ nguyên tắc này: Phản hồi của gia sư sẽ bỏ qua câu trả lời của học sinh, làm đứt gãy mạch hội thoại tương tác và học sinh không biết liệu suy luận của mình về ví dụ dã ngoại đã chính xác chưa."",""requirement_score"":5}]",,
3,flagged,needs_uet_review,BC-HNMU-G9-R0040-STT11-AI04,HNMU-G9-R0040-STT11,9,Bài 3: Thực hành: Đánh giá chất lượng thông tin,Vận dụng (Thực hiện được nhiệm vụ),true,2,4,last,"[""PRINCIPLE-EXPLANATION"",""PRINCIPLE-FEEDBACK""]","[""PRINCIPLE-QUESTIONING""]",feedback_confirmation_only,"{""PRINCIPLE-CHALLENGE"":2,""PRINCIPLE-EXPLANATION"":4,""PRINCIPLE-FEEDBACK"":5,""PRINCIPLE-MODELLING"":1,""PRINCIPLE-PRACTICE"":2,""PRINCIPLE-QUESTIONING"":3}","[{""evidence"":""conversation_history lượt 3: \""Dạ, trang Wikipedia và trang của Đại học Pennsylvania đều ghi là ENIAC năm 1945 ạ.\"""",""principle_id"":""PRINCIPLE-FEEDBACK"",""rationale"":""Nhu cầu độc lập: Học sinh vừa đưa ra kết quả thực hành đối chiếu nguồn thông tin cụ thể và cần nhận xét chuyên môn để xác nhận tính đúng đắn của phương pháp lựa chọn nguồn này. Nếu bỏ nguyên tắc này: Một phản hồi chuyển sang câu hỏi hoặc lý thuyết mới mà không có sự đánh giá, công nhận nỗ lực đối chiếu của học sinh sẽ làm học sinh mất phương hướng, không biết mình đã thực hành đúng yêu cầu của bài học hay chưa."",""requirement_score"":5}]",,
3,flagged,needs_uet_review,BC-HNMU-G9-R0042-STT13-AI02,HNMU-G9-R0042-STT13,9,Bài 3: Thực hành: Đánh giá chất lượng thông tin,Vận dụng (Xác lập được lựa chọn theo tiêu chí),false,0,2,first,"[""PRINCIPLE-FEEDBACK"",""PRINCIPLE-QUESTIONING""]","[""PRINCIPLE-EXPLANATION""]",feedback_confirmation_only,"{""PRINCIPLE-CHALLENGE"":2,""PRINCIPLE-EXPLANATION"":3,""PRINCIPLE-FEEDBACK"":4,""PRINCIPLE-MODELLING"":2,""PRINCIPLE-PRACTICE"":1,""PRINCIPLE-QUESTIONING"":5}","[{""evidence"":""student_prompt"",""principle_id"":""PRINCIPLE-FEEDBACK"",""rationale"":""Nhu cầu độc lập: Học sinh đã tự thực hiện bước phân tích thông tin ban đầu (nhận diện trường A điểm cao, trường B vừa sức). Học sinh cần nhận được phản hồi xác nhận rằng cách tư duy, so sánh thông tin này là hoàn toàn đúng hướng và có giá trị. Nếu bỏ nguyên tắc này: Phản hồi của gia sư sẽ bỏ qua nỗ lực tự đánh giá thông tin của học sinh, không giúp học sinh thấy được giá trị của việc đối chiếu điểm chuẩn với sức học mà mình vừa tự thực hiện."",""requirement_score"":4}]",,
3,flagged,needs_uet_review,BC-HNMU-G9-R0042-STT13-AI04,HNMU-G9-R0042-STT13,9,Bài 3: Thực hành: Đánh giá chất lượng thông tin,Vận dụng (Xác lập được lựa chọn theo tiêu chí),true,2,4,last,"[""PRINCIPLE-EXPLANATION"",""PRINCIPLE-FEEDBACK"",""PRINCIPLE-QUESTIONING""]","[""PRINCIPLE-MODELLING""]",feedback_confirmation_only,"{""PRINCIPLE-CHALLENGE"":2,""PRINCIPLE-EXPLANATION"":4,""PRINCIPLE-FEEDBACK"":5,""PRINCIPLE-MODELLING"":3,""PRINCIPLE-PRACTICE"":2,""PRINCIPLE-QUESTIONING"":5}","[{""evidence"":""conversation_history (turn 3)"",""principle_id"":""PRINCIPLE-FEEDBACK"",""rationale"":""Nhu cầu độc lập: Học sinh vừa đưa ra câu trả lời \""Dạ là trường B ạ\"" ở lượt trước và cần được xác nhận xem lựa chọn này có đúng đắn dựa trên tiêu chí đánh giá thông tin hay không. Nếu bỏ nguyên tắc này: Gia sư sẽ bỏ qua câu trả lời của học sinh, khiến học sinh hoang mang không biết suy luận của mình đã chính xác và đúng hướng chưa trước khi đi tiếp."",""requirement_score"":5}]",,
3,flagged,needs_uet_review,BC-HNMU-G9-R0044-STT1-AI04,HNMU-G9-R0044-STT1,9,Bài 4: Một số vấn đề pháp lý về sử dụng dịch vụ Internet,Nhận biết (Nêu được nội dung liên quan đến Luật),true,2,4,last,"[""PRINCIPLE-EXPLANATION"",""PRINCIPLE-FEEDBACK""]","[""PRINCIPLE-QUESTIONING""]",feedback_confirmation_only,"{""PRINCIPLE-CHALLENGE"":2,""PRINCIPLE-EXPLANATION"":4,""PRINCIPLE-FEEDBACK"":5,""PRINCIPLE-MODELLING"":1,""PRINCIPLE-PRACTICE"":2,""PRINCIPLE-QUESTIONING"":3}","[{""evidence"":""conversation_history (turn 3), gold_answer"",""principle_id"":""PRINCIPLE-FEEDBACK"",""rationale"":""Nhu cầu độc lập: Học sinh vừa thực hiện yêu cầu tra cứu của gia sư và đưa ra câu trả lời cụ thể ở lượt 3 (\""Luật Công nghệ thông tin và Luật An ninh mạng ạ\""). Học sinh cần nhận được sự xác nhận chính thức từ gia sư xem câu trả lời đó đã chính xác và đầy đủ chưa (so với gold_answer có thêm năm ban hành). Nếu bỏ nguyên tắc này: Phản hồi tiếp theo của gia sư sẽ bỏ qua câu trả lời của học sinh, làm mất đi tính tương tác và không xác nhận được tính đúng đắn của kiến thức học sinh vừa tìm được."",""requirement_score"":5}]",,
3,flagged,needs_uet_review,BC-HNMU-G9-R0053-STT10-AI04,HNMU-G9-R0053-STT10,9,Bài 4: Một số vấn đề pháp lý về sử dụng dịch vụ Internet,Thông hiểu (Giải thích tính chất thông tin),true,2,4,last,"[""PRINCIPLE-EXPLANATION"",""PRINCIPLE-FEEDBACK""]","[""PRINCIPLE-QUESTIONING""]",feedback_confirmation_only,"{""PRINCIPLE-CHALLENGE"":2,""PRINCIPLE-EXPLANATION"":4,""PRINCIPLE-FEEDBACK"":5,""PRINCIPLE-MODELLING"":2,""PRINCIPLE-PRACTICE"":2,""PRINCIPLE-QUESTIONING"":3}","[{""evidence"":""conversation_history lượt 3"",""principle_id"":""PRINCIPLE-FEEDBACK"",""rationale"":""Nhu cầu độc lập: Học sinh vừa hoàn thành việc kiểm tra theo gợi ý và đưa ra câu trả lời cụ thể là không tìm thấy thông tin gì. Học sinh cần nhận được phản hồi xác nhận kết quả kiểm tra này là chính xác và chỉ ra ý nghĩa của nó (khẳng định đây là dấu hiệu của trang web không rõ nguồn gốc, nguy hiểm). Nếu bỏ nguyên tắc này: Phản hồi của gia sư sẽ bỏ qua phát biểu của học sinh, làm mất tính liên kết của cuộc đối thoại và không giúp học sinh rút ra được kết luận từ hành động kiểm tra của mình."",""requirement_score"":5}]",,
3,flagged,needs_uet_review,BC-HNMU-G9-R0056-STT13-AI04,HNMU-G9-R0056-STT13,9,Bài 4: Một số vấn đề pháp lý về sử dụng dịch vụ Internet,Vận dụng (Xác lập lựa chọn theo tiêu chí),true,2,4,last,"[""PRINCIPLE-FEEDBACK"",""PRINCIPLE-QUESTIONING""]","[""PRINCIPLE-EXPLANATION"",""PRINCIPLE-MODELLING""]",feedback_confirmation_only,"{""PRINCIPLE-CHALLENGE"":2,""PRINCIPLE-EXPLANATION"":3,""PRINCIPLE-FEEDBACK"":5,""PRINCIPLE-MODELLING"":3,""PRINCIPLE-PRACTICE"":1,""PRINCIPLE-QUESTIONING"":4}","[{""evidence"":""conversation_history (turn_index: 3): \""Dạ em nghe nói hay có virus và mã độc ạ.\"""",""principle_id"":""PRINCIPLE-FEEDBACK"",""rationale"":""Nhu cầu độc lập: Học sinh đã chủ động đưa ra câu trả lời ở lượt trước (\""Dạ em nghe nói hay có virus và mã độc ạ\""). Học sinh cần được xác nhận tính chính xác và đánh giá về câu trả lời này để củng cố nhận thức về mặt rủi ro kỹ thuật trước khi ra quyết định xử lý.\nNếu bỏ nguyên tắc này: Một phản hồi bỏ qua câu trả lời của học sinh mà đi thẳng vào kết luận hoặc câu hỏi mới sẽ làm đứt gãy mạch tương tác, khiến học sinh không rõ suy luận của mình về virus và mã độc có thực sự đúng và liên quan thế nào đến việc đưa ra quyết định hay không."",""requirement_score"":5}]",,
3,flagged,needs_uet_review,BC-HNMU-G9-R0059-STT2-AI04,HNMU-G9-R0059-STT2,9,Bài 5: Tìm hiểu phần mềm mô phỏng,Nhận biết (Kể tên được thiết bị/công cụ),true,2,4,last,"[""PRINCIPLE-PRACTICE"",""PRINCIPLE-FEEDBACK"",""PRINCIPLE-QUESTIONING""]","[""PRINCIPLE-EXPLANATION""]",feedback_confirmation_only,"{""PRINCIPLE-CHALLENGE"":2,""PRINCIPLE-EXPLANATION"":3,""PRINCIPLE-FEEDBACK"":5,""PRINCIPLE-MODELLING"":2,""PRINCIPLE-PRACTICE"":4,""PRINCIPLE-QUESTIONING"":4}","[{""evidence"":""turn_index 3: Dạ em thấy rồi, là trycolors.com ạ."",""principle_id"":""PRINCIPLE-FEEDBACK"",""rationale"":""Nhu cầu độc lập: Học sinh vừa đưa ra câu trả lời cụ thể là \""trycolors.com\"" ở lượt 3 và cần được gia sư xác nhận tính chính xác của câu trả lời này dựa trên nội dung sách giáo khoa.\nNếu bỏ nguyên tắc này: Phản hồi của gia sư sẽ bỏ qua đóng góp của học sinh, làm mất đi sự tương tác hai chiều và học sinh không biết chắc chắn mình đã tìm đúng trang web hay chưa."",""requirement_score"":5}]",,
3,flagged,needs_uet_review,BC-HNMU-G9-R0067-STT10-AI04,HNMU-G9-R0067-STT10,9,Bài 5: Tìm hiểu phần mềm mô phỏng,Thông hiểu (Phân biệt được),true,2,4,last,"[""PRINCIPLE-EXPLANATION"",""PRINCIPLE-FEEDBACK""]","[""PRINCIPLE-QUESTIONING""]",feedback_confirmation_only,"{""PRINCIPLE-CHALLENGE"":2,""PRINCIPLE-EXPLANATION"":5,""PRINCIPLE-FEEDBACK"":5,""PRINCIPLE-MODELLING"":2,""PRINCIPLE-PRACTICE"":2,""PRINCIPLE-QUESTIONING"":3}","[{""evidence"":""conversation_history (turn_index 3)"",""principle_id"":""PRINCIPLE-FEEDBACK"",""rationale"":""Nhu cầu độc lập: Học sinh đã đưa ra câu trả lời chính xác cho câu hỏi gợi mở ở lượt trước (\""Dạ không, em chỉ xem người ta làm thôi\""). Học sinh cần nhận được phản hồi xác nhận câu trả lời này là đúng và phân tích ý nghĩa của việc \""chỉ xem\"" đó.\nNếu bỏ nguyên tắc này: Nếu không có phản hồi trực tiếp dựa trên câu trả lời của học sinh, gia sư sẽ bỏ lỡ cơ hội liên kết logic từ phát biểu của học sinh sang kiến thức đích, khiến cuộc đối thoại mất đi tính liên kết và cá nhân hóa."",""requirement_score"":5}]",,
3,flagged,needs_uet_review,BC-HNMU-G9-R0072-STT1-AI04,HNMU-G9-R0072-STT1,9,Bài 6: Thực hành: Khai thác phần mềm mô phỏng,Nhận biết (Nêu được tên thiết bị/công cụ),true,2,4,last,"[""PRINCIPLE-FEEDBACK"",""PRINCIPLE-QUESTIONING""]",[],questioning_without_answer_dependency,"{""PRINCIPLE-CHALLENGE"":1,""PRINCIPLE-EXPLANATION"":2,""PRINCIPLE-FEEDBACK"":5,""PRINCIPLE-MODELLING"":2,""PRINCIPLE-PRACTICE"":2,""PRINCIPLE-QUESTIONING"":4}","[{""evidence"":""conversation_history (turn_index 3): \""Dạ em thấy rồi, là trycolors.com ạ.\"""",""principle_id"":""PRINCIPLE-QUESTIONING"",""rationale"":""Nhu cầu độc lập: Gia sư cần hỏi để định hướng và kiểm tra xem học sinh đã truy cập thành công vào trang web hay chưa, nhằm duy trì mạch tương tác chủ động của học sinh.\nNếu bỏ nguyên tắc này: Gia sư sẽ chỉ có thể áp đặt một loạt chỉ dẫn thao tác tiếp theo mà không biết học sinh có thực sự mở được trang web để thực hiện theo hay không."",""requirement_score"":4}]",,
3,flagged,needs_uet_review,BC-HNMU-G9-R0076-STT5-AI04,HNMU-G9-R0076-STT5,9,Bài 6: Thực hành: Khai thác phần mềm mô phỏng,Thông hiểu (Giải thích được tính chất),true,2,4,last,"[""PRINCIPLE-FEEDBACK"",""PRINCIPLE-QUESTIONING""]","[""PRINCIPLE-EXPLANATION""]",feedback_confirmation_only,"{""PRINCIPLE-CHALLENGE"":1,""PRINCIPLE-EXPLANATION"":3,""PRINCIPLE-FEEDBACK"":5,""PRINCIPLE-MODELLING"":2,""PRINCIPLE-PRACTICE"":2,""PRINCIPLE-QUESTIONING"":4}","[{""evidence"":""Trường conversation_history lượt 3"",""principle_id"":""PRINCIPLE-FEEDBACK"",""rationale"":""Nhu cầu độc lập: Học sinh đã đưa ra câu trả lời cụ thể ở lượt 3 (\""Dạ không, nó thành màu mới rồi ạ.\""). Gia sư cần phản hồi ngay lập tức để xác nhận tính chính xác của câu trả lời này, giúp học sinh tự tin với hướng tư duy của mình. Nếu bỏ nguyên tắc này: Phản hồi tiếp theo sẽ bỏ qua nỗ lực tư duy của học sinh, làm mất đi tính tương tác hai chiều và không tận dụng được bước đệm kiến thức học sinh vừa đạt được."",""requirement_score"":5}]",,
3,flagged,needs_uet_review,BC-HNMU-G9-R0081-STT10-AI04,HNMU-G9-R0081-STT10,9,Bài 6: Thực hành: Khai thác phần mềm mô phỏng,Thông hiểu (Giải thích sự cần thiết),true,2,4,last,"[""PRINCIPLE-FEEDBACK"",""PRINCIPLE-QUESTIONING""]","[""PRINCIPLE-EXPLANATION""]",feedback_confirmation_only,"{""PRINCIPLE-CHALLENGE"":1,""PRINCIPLE-EXPLANATION"":3,""PRINCIPLE-FEEDBACK"":5,""PRINCIPLE-MODELLING"":1,""PRINCIPLE-PRACTICE"":2,""PRINCIPLE-QUESTIONING"":5}","[{""evidence"":""turn_index: 3"",""principle_id"":""PRINCIPLE-FEEDBACK"",""rationale"":""Nhu cầu độc lập: Học sinh đã làm theo gợi ý ở lượt trước và phát hiện ra \""một hàng các ô màu cũ\"". Gia sư cần phản hồi trực tiếp trên phát hiện này để xác nhận tính chính xác và giúp học sinh liên kết nó với mục tiêu ban đầu là tìm lại màu tím đã pha. Nếu bỏ nguyên tắc này: Phản hồi của gia sư sẽ không thừa nhận nỗ lực quan sát của học sinh, làm mất tính liên kết của cuộc hội thoại và học sinh không biết phát hiện của mình đã đúng hướng hay chưa."",""requirement_score"":5}]",,
3,flagged,needs_uet_review,BC-HNMU-G9-R0084-STT13-AI04,HNMU-G9-R0084-STT13,9,Bài 6: Thực hành: Khai thác phần mềm mô phỏng,Vận dụng (Khai thác được thông tin/công cụ),true,2,4,last,"[""PRINCIPLE-FEEDBACK"",""PRINCIPLE-QUESTIONING""]","[""PRINCIPLE-EXPLANATION"",""PRINCIPLE-PRACTICE""]",feedback_confirmation_only,"{""PRINCIPLE-CHALLENGE"":2,""PRINCIPLE-EXPLANATION"":3,""PRINCIPLE-FEEDBACK"":5,""PRINCIPLE-MODELLING"":2,""PRINCIPLE-PRACTICE"":3,""PRINCIPLE-QUESTIONING"":5}","[{""evidence"":""turn_index: 3"",""principle_id"":""PRINCIPLE-FEEDBACK"",""rationale"":""Nhu cầu độc lập: Học sinh vừa hoàn thành một bước thử nghiệm thực tế và rút ra một nhận xét mang tính phát hiện bất ngờ (\""Wow, cục 5kg nhỏ hơn mà vẫn nâng được...\""). Học sinh cần nhận được phản hồi xác nhận tính đúng đắn của quan sát này để củng cố niềm tin vào kết quả thực nghiệm. Nếu bỏ nguyên tắc này: Gia sư sẽ bỏ qua sự hào hứng và phát hiện thực tế của học sinh, làm mất đi sự tương tác tự nhiên và giảm động lực tiếp tục tự khám phá của học sinh."",""requirement_score"":5}]",,
3,flagged,needs_uet_review,BC-HNMU-G9-R0086-STT1-AI04,HNMU-G9-R0086-STT1,9,Bài 7: Trình bày thông tin trong trao đổi hợp tác,Biết (Kể tên được tên thiết bị/công cụ).,true,2,4,last,"[""PRINCIPLE-FEEDBACK"",""PRINCIPLE-QUESTIONING""]","[""PRINCIPLE-EXPLANATION""]",feedback_confirmation_only,"{""PRINCIPLE-CHALLENGE"":2,""PRINCIPLE-EXPLANATION"":3,""PRINCIPLE-FEEDBACK"":5,""PRINCIPLE-MODELLING"":1,""PRINCIPLE-PRACTICE"":2,""PRINCIPLE-QUESTIONING"":4}","[{""evidence"":""conversation_history (turn 3): \""Dạ là sơ đồ tư duy và PowerPoint đúng không thầy?\"""",""principle_id"":""PRINCIPLE-FEEDBACK"",""rationale"":""Nhu cầu độc lập: Học sinh đã chủ động đưa ra câu trả lời cụ thể (\""sơ đồ tư duy và PowerPoint\"") kèm theo câu hỏi xác nhận \""đúng không thầy?\"". Học sinh cần được đánh giá và khẳng định tính chính xác của câu trả lời này để củng cố kiến thức. Nếu bỏ nguyên tắc này: Phản hồi của gia sư sẽ bỏ qua nỗ lực trả lời của học sinh, khiến học sinh hoang mang không biết kiến thức mình đưa ra đã đúng hay chưa."",""requirement_score"":5}]",,
3,flagged,needs_uet_review,BC-HNMU-G9-R0093-STT8-AI04,HNMU-G9-R0093-STT8,9,Bài 7: Trình bày thông tin trong trao đổi hợp tác,Hiểu (Giải thích được tầm quan trọng).,true,2,4,last,"[""PRINCIPLE-FEEDBACK"",""PRINCIPLE-QUESTIONING""]","[""PRINCIPLE-EXPLANATION""]",feedback_confirmation_only,"{""PRINCIPLE-CHALLENGE"":2,""PRINCIPLE-EXPLANATION"":3,""PRINCIPLE-FEEDBACK"":5,""PRINCIPLE-MODELLING"":1,""PRINCIPLE-PRACTICE"":2,""PRINCIPLE-QUESTIONING"":4}","[{""evidence"":""conversation_history lượt 3: \""Dạ giúp các bạn dễ chú ý và nhìn rõ thông tin em muốn nói ạ.\"""",""principle_id"":""PRINCIPLE-FEEDBACK"",""rationale"":""Nhu cầu độc lập: Học sinh vừa đưa ra câu trả lời ở lượt 3 để giải thích ích lợi của hình ảnh sắc nét. Học sinh cần được nhận xét, xác nhận xem câu trả lời của mình đã chính xác và đầy đủ so với yêu cầu của bài học chưa. Nếu bỏ nguyên tắc này: Phản hồi của gia sư sẽ bỏ qua nỗ lực tư duy của học sinh, khiến học sinh không biết mình đã hiểu đúng bản chất vấn đề hay chưa, làm giảm hiệu quả của việc thảo luận."",""requirement_score"":5}]",,
3,flagged,needs_uet_review,BC-HNMU-G9-R0098-STT13-AI04,HNMU-G9-R0098-STT13,9,Bài 7: Trình bày thông tin trong trao đổi hợp tác,Vận dụng (Tạo được sản phẩm số).,true,2,4,last,"[""PRINCIPLE-FEEDBACK"",""PRINCIPLE-QUESTIONING""]",[],feedback_confirmation_only,"{""PRINCIPLE-CHALLENGE"":2,""PRINCIPLE-EXPLANATION"":2,""PRINCIPLE-FEEDBACK"":5,""PRINCIPLE-MODELLING"":1,""PRINCIPLE-PRACTICE"":2,""PRINCIPLE-QUESTIONING"":5}","[{""evidence"":""conversation_history (lượt 3)"",""principle_id"":""PRINCIPLE-FEEDBACK"",""rationale"":""Nhu cầu độc lập: Học sinh vừa thực hiện một thao tác kỹ thuật (chọn tệp video từ máy tính) và cần nhận được phản hồi xác nhận rằng hành động của mình là chính xác để tiếp tục hoàn thiện. Nếu bỏ nguyên tắc này: Gia sư sẽ không thể giúp học sinh kiểm chứng kết quả của thao tác vừa làm, khiến học sinh không chắc chắn liệu liên kết đã được thiết lập đúng hay chưa."",""requirement_score"":5}]",,
3,flagged,needs_uet_review,BC-HNMU-G9-R0100-STT1-AI04,HNMU-G9-R0100-STT1,9,Bài 8: Sử dụng công cụ trực quan trình bày thông tin trong trao đổi và hợp tác,Biết (Nêu được mục tiêu của dự án),true,2,4,last,"[""PRINCIPLE-FEEDBACK"",""PRINCIPLE-QUESTIONING""]","[""PRINCIPLE-EXPLANATION""]",feedback_confirmation_only,"{""PRINCIPLE-CHALLENGE"":2,""PRINCIPLE-EXPLANATION"":3,""PRINCIPLE-FEEDBACK"":5,""PRINCIPLE-MODELLING"":1,""PRINCIPLE-PRACTICE"":2,""PRINCIPLE-QUESTIONING"":5}","[{""evidence"":""conversation_history (lượt 3: \""Dạ là dự án \""Triển lãm tin học\"" ạ.\"")"",""principle_id"":""PRINCIPLE-FEEDBACK"",""rationale"":""Nhu cầu độc lập: Học sinh vừa đưa ra câu trả lời cụ thể cho câu hỏi gợi mở của gia sư ở lượt trước và cần được xác nhận tính đúng đắn để tự tin tiếp tục bài học. Nếu bỏ nguyên tắc này: Gia sư sẽ bỏ qua câu trả lời của học sinh, khiến học sinh hoang mang không biết mình đã xác định đúng tên dự án hay chưa, làm giảm hiệu quả tương tác."",""requirement_score"":5}]",,
3,flagged,needs_uet_review,BC-HNMU-G9-R0102-STT3-AI04,HNMU-G9-R0102-STT3,9,Bài 8: Sử dụng công cụ trực quan trình bày thông tin trong trao đổi và hợp tác,Biết (Nhận biết phần mở rộng tên tệp),true,2,4,last,"[""PRINCIPLE-EXPLANATION"",""PRINCIPLE-FEEDBACK""]","[""PRINCIPLE-QUESTIONING""]",feedback_confirmation_only,"{""PRINCIPLE-CHALLENGE"":2,""PRINCIPLE-EXPLANATION"":5,""PRINCIPLE-FEEDBACK"":5,""PRINCIPLE-MODELLING"":1,""PRINCIPLE-PRACTICE"":2,""PRINCIPLE-QUESTIONING"":3}","[{""evidence"":""turn_index 3: \""Dạ là .emm ạ.\"" và source_question: \""Đuôi tệp (phần mở rộng) của phần mềm sơ đồ tư duy MindMaple Lite là gì?\"""",""principle_id"":""PRINCIPLE-FEEDBACK"",""rationale"":""Nhu cầu độc lập: Học sinh đã trả lời câu hỏi gợi ý của gia sư ở lượt trước bằng câu trả lời cụ thể là \"".emm\"". Học sinh cần nhận được phản hồi xác nhận câu trả lời này là hoàn toàn chính xác để hoàn thành nhiệm vụ học tập nguồn. Nếu bỏ nguyên tắc này: Gia sư sẽ bỏ qua câu trả lời của học sinh, khiến học sinh không chắc chắn liệu kết quả mình tự tìm ra có đúng hay không và làm gián đoạn tiến trình tương tác."",""requirement_score"":5}]",,
3,flagged,needs_uet_review,BC-HNMU-G9-R0109-STT10-AI04,HNMU-G9-R0109-STT10,9,Bài 8: Sử dụng công cụ trực quan trình bày thông tin trong trao đổi và hợp tác,Hiểu (Giải thích lợi ích của hoạt động),true,2,4,last,"[""PRINCIPLE-EXPLANATION"",""PRINCIPLE-FEEDBACK""]","[""PRINCIPLE-QUESTIONING""]",feedback_confirmation_only,"{""PRINCIPLE-CHALLENGE"":1,""PRINCIPLE-EXPLANATION"":4,""PRINCIPLE-FEEDBACK"":5,""PRINCIPLE-MODELLING"":2,""PRINCIPLE-PRACTICE"":2,""PRINCIPLE-QUESTIONING"":3}","[{""evidence"":""conversation_history lượt 3: 'Dạ giúp em biết chỗ nào chưa ổn để sửa lại cho tốt hơn ạ.'"",""principle_id"":""PRINCIPLE-FEEDBACK"",""rationale"":""Nhu cầu độc lập: Học sinh đã trả lời câu hỏi gợi mở của gia sư ở lượt trước và cần được nhận xét, xác nhận xem câu trả lời của mình đã đúng hướng và đạt yêu cầu chưa. Nếu bỏ nguyên tắc này: Phản hồi tiếp theo sẽ bỏ qua nỗ lực tư duy của học sinh, khiến học sinh hoang mang không biết câu trả lời 'giúp em biết chỗ nào chưa ổn' có thực sự là lợi ích của việc nói thử hay không."",""requirement_score"":5}]",,
3,flagged,needs_uet_review,BC-HNMU-G9-R0112-STT13-AI04,HNMU-G9-R0112-STT13,9,Bài 8: Sử dụng công cụ trực quan trình bày thông tin trong trao đổi và hợp tác,Vận dụng (Tạo được sản phẩm số),true,2,4,last,"[""PRINCIPLE-FEEDBACK"",""PRINCIPLE-QUESTIONING""]",[],feedback_confirmation_only,"{""PRINCIPLE-CHALLENGE"":1,""PRINCIPLE-EXPLANATION"":2,""PRINCIPLE-FEEDBACK"":5,""PRINCIPLE-MODELLING"":2,""PRINCIPLE-PRACTICE"":2,""PRINCIPLE-QUESTIONING"":4}","[{""evidence"":""conversation_history (turn_index: 3): \""Em sẽ chọn ảnh bàn tính gẩy và máy tính Pascaline ạ.\"""",""principle_id"":""PRINCIPLE-FEEDBACK"",""rationale"":""Nhu cầu độc lập: Học sinh vừa đưa ra câu trả lời lựa chọn hình ảnh cho Slide 2 và cần được gia sư xác nhận xem lựa chọn \""bàn tính gẩy\"" và \""máy tính Pascaline\"" đã đúng và phù hợp với nội dung \""công cụ cổ đại\"" hay chưa.\nNếu bỏ nguyên tắc này: Một phản hồi bỏ qua việc nhận xét lựa chọn của học sinh mà chuyển thẳng sang bước khác sẽ khiến học sinh hoang mang, không chắc chắn về độ chính xác của sản phẩm mình đang xây dựng."",""requirement_score"":5}]",,
3,flagged,needs_uet_review,BC-HNMU-G9-R0135-STT8-AI04,HNMU-G9-R0135-STT8,9,10a. Sử dụng hàm Countif,Thông hiểu (Trình bày tác dụng),true,2,4,last,"[""PRINCIPLE-FEEDBACK"",""PRINCIPLE-QUESTIONING""]","[""PRINCIPLE-EXPLANATION"",""PRINCIPLE-MODELLING"",""PRINCIPLE-PRACTICE""]",feedback_confirmation_only,"{""PRINCIPLE-CHALLENGE"":2,""PRINCIPLE-EXPLANATION"":3,""PRINCIPLE-FEEDBACK"":5,""PRINCIPLE-MODELLING"":3,""PRINCIPLE-PRACTICE"":3,""PRINCIPLE-QUESTIONING"":4}","[{""evidence"":""conversation_history (lượt 3: 'Dạ nó sẽ đếm những dòng có chữ \""Siêu thị\"" ạ.')"",""principle_id"":""PRINCIPLE-FEEDBACK"",""rationale"":""Nhu cầu độc lập: Học sinh vừa đưa ra một câu trả lời cụ thể ở lượt 3 để áp dụng cơ chế đếm của COUNTIF vào ví dụ thực tế. Học sinh cần biết nhận định của mình đã hoàn toàn chính xác và đúng bản chất chưa trước khi tiến hành viết công thức thực tế.\nNếu bỏ nguyên tắc này: Một phản hồi bỏ qua việc đánh giá câu trả lời của học sinh mà chuyển ngay sang câu hỏi mới hoặc giải thích lý thuyết chung sẽ khiến học sinh không được xác nhận về tính đúng đắn trong tư duy của mình, giảm sự tự tin khi học tập."",""requirement_score"":5}]",,
3,flagged,needs_uet_review,BC-HNMU-G9-R0137-STT10-AI06,HNMU-G9-R0137-STT10,9,10a. Sử dụng hàm Countif,Thông hiểu (Hiểu cơ chế hoạt động),true,4,6,last,"[""PRINCIPLE-FEEDBACK"",""PRINCIPLE-QUESTIONING""]","[""PRINCIPLE-EXPLANATION""]",feedback_confirmation_only,"{""PRINCIPLE-CHALLENGE"":1,""PRINCIPLE-EXPLANATION"":3,""PRINCIPLE-FEEDBACK"":5,""PRINCIPLE-MODELLING"":1,""PRINCIPLE-PRACTICE"":1,""PRINCIPLE-QUESTIONING"":5}","[{""evidence"":""conversation_history (turn_index: 5)"",""principle_id"":""PRINCIPLE-FEEDBACK"",""rationale"":""Nhu cầu độc lập: Học sinh vừa đưa ra một câu trả lời cụ thể ở lượt 5 (\""Dạ phải nói số lượng là 5 ạ\"") và cần được xác nhận tính đúng đắn để làm cơ sở vững chắc cho suy luận tiếp theo. Nếu bỏ nguyên tắc này: Gia sư không công nhận câu trả lời của học sinh mà chuyển ngay sang ý khác sẽ làm đứt gãy mạch hội thoại và khiến học sinh hoang mang về tính đúng đắn của tư duy mình vừa đưa ra."",""requirement_score"":5}]",,
3,flagged,needs_uet_review,BC-HNMU-G9-R0138-STT11-AI04,HNMU-G9-R0138-STT11,9,10a. Sử dụng hàm Countif,Vận dụng (Dùng được địa chỉ trong công thức),true,2,4,middle,"[""PRINCIPLE-FEEDBACK"",""PRINCIPLE-QUESTIONING""]",[],feedback_confirmation_only,"{""PRINCIPLE-CHALLENGE"":1,""PRINCIPLE-EXPLANATION"":2,""PRINCIPLE-FEEDBACK"":5,""PRINCIPLE-MODELLING"":2,""PRINCIPLE-PRACTICE"":1,""PRINCIPLE-QUESTIONING"":5}","[{""evidence"":""conversation_history lượt 3"",""principle_id"":""PRINCIPLE-FEEDBACK"",""rationale"":""Nhu cầu độc lập: Học sinh đã đưa ra câu trả lời cụ thể cho câu hỏi phụ của gia sư về vùng dữ liệu. Học sinh cần được nhận xét, xác nhận tính chính xác của câu trả lời này để củng cố sự tự tin trước khi tiếp tục. Nếu bỏ nguyên tắc này: Học sinh sẽ không biết chắc chắn liệu mình đã xác định đúng vùng dữ liệu \""B4:B13\"" hay chưa, dễ dẫn đến tâm lý hoang mang ở các bước lập công thức tiếp theo."",""requirement_score"":5}]",,
3,flagged,needs_uet_review,BC-HNMU-G9-R0139-STT12-AI04,HNMU-G9-R0139-STT12,9,10a. Sử dụng hàm Countif,Vận dụng (Dùng được địa chỉ trong công thức),true,2,4,last,"[""PRINCIPLE-FEEDBACK"",""PRINCIPLE-QUESTIONING""]",[],feedback_confirmation_only,"{""PRINCIPLE-CHALLENGE"":2,""PRINCIPLE-EXPLANATION"":2,""PRINCIPLE-FEEDBACK"":5,""PRINCIPLE-MODELLING"":2,""PRINCIPLE-PRACTICE"":2,""PRINCIPLE-QUESTIONING"":5}","[{""evidence"":""conversation_history (turn_index 3): \""Dạ $B$4:$B$13 ạ\"""",""principle_id"":""PRINCIPLE-FEEDBACK"",""rationale"":""Nhu cầu độc lập: Học sinh vừa đưa ra câu trả lời cụ thể \""$B$4:$B$13\"" cho yêu cầu cố định vùng dữ liệu ở lượt trước và cần được xác nhận tính chính xác của cú pháp này trước khi tiến hành viết toàn bộ công thức. Nếu bỏ nguyên tắc này: Một phản hồi không nhận xét cụ thể câu trả lời của học sinh mà đưa ra ngay công thức hoặc chuyển sang bước khác sẽ khiến học sinh không chắc chắn liệu cách viết địa chỉ tuyệt đối của mình đã đúng hay chưa."",""requirement_score"":5}]",,
3,flagged,needs_uet_review,BC-HNMU-G9-R0141-STT14-AI04,HNMU-G9-R0141-STT14,9,10a. Sử dụng hàm Countif,"Vận dụng (Thực hiện được dự án, nhiệm vụ giáo viên đặt ra)",true,2,4,middle,"[""PRINCIPLE-EXPLANATION"",""PRINCIPLE-FEEDBACK"",""PRINCIPLE-QUESTIONING""]","[""PRINCIPLE-MODELLING""]",feedback_confirmation_only,"{""PRINCIPLE-CHALLENGE"":1,""PRINCIPLE-EXPLANATION"":4,""PRINCIPLE-FEEDBACK"":5,""PRINCIPLE-MODELLING"":3,""PRINCIPLE-PRACTICE"":2,""PRINCIPLE-QUESTIONING"":4}","[{""evidence"":""conversation_history (turn_index: 3)"",""principle_id"":""PRINCIPLE-FEEDBACK"",""rationale"":""Nhu cầu độc lập: Học sinh vừa đưa ra một phán đoán ở lượt trước dưới dạng câu hỏi xác nhận (\""Dạ, đó là hàm COUNTIF đúng không thầy?\"") và rất cần sự xác nhận ngay lập tức từ gia sư để tự tin tiếp tục tiến trình.\nNếu bỏ nguyên tắc này: Nếu không phản hồi và xác nhận tính đúng đắn của câu trả lời này, học sinh sẽ hoang mang không biết lựa chọn của mình có chính xác hay không để áp dụng vào bài."",""requirement_score"":5}]",,
3,flagged,needs_uet_review,BC-HNMU-G9-R0142-STT1-AI04,HNMU-G9-R0142-STT1,9,11a. Sử dụng hàm Sumif,Nhận biết (Nêu được chức năng),true,2,4,middle,"[""PRINCIPLE-EXPLANATION"",""PRINCIPLE-FEEDBACK""]","[""PRINCIPLE-MODELLING"",""PRINCIPLE-QUESTIONING""]",feedback_confirmation_only,"{""PRINCIPLE-CHALLENGE"":2,""PRINCIPLE-EXPLANATION"":5,""PRINCIPLE-FEEDBACK"":5,""PRINCIPLE-MODELLING"":3,""PRINCIPLE-PRACTICE"":2,""PRINCIPLE-QUESTIONING"":3}","[{""evidence"":""turn_index: 3, role: student, content: \""Dạ có, điều kiện là \""Sách\"" ạ.\"""",""principle_id"":""PRINCIPLE-FEEDBACK"",""rationale"":""Nhu cầu độc lập: Học sinh vừa đưa ra câu trả lời chính xác cho câu hỏi gợi mở của gia sư ở lượt trước (\""điều kiện là \""Sách\""\""). Học sinh cần được xác nhận tính đúng đắn của câu trả lời này để củng cố niềm tin và làm bàn đạp cho bước học tiếp theo. Nếu bỏ nguyên tắc này: Gia sư sẽ bỏ qua câu trả lời của học sinh và chuyển thẳng sang nội dung mới, làm mất đi tính tương tác hai chiều và khiến học sinh không rõ suy luận của mình đã đúng hay chưa."",""requirement_score"":5}]",,
3,flagged,needs_uet_review,BC-HNMU-G9-R0142-STT1-AI06,HNMU-G9-R0142-STT1,9,11a. Sử dụng hàm Sumif,Nhận biết (Nêu được chức năng),true,4,6,last,"[""PRINCIPLE-FEEDBACK""]","[""PRINCIPLE-EXPLANATION"",""PRINCIPLE-QUESTIONING""]",feedback_confirmation_only,"{""PRINCIPLE-CHALLENGE"":1,""PRINCIPLE-EXPLANATION"":3,""PRINCIPLE-FEEDBACK"":5,""PRINCIPLE-MODELLING"":2,""PRINCIPLE-PRACTICE"":2,""PRINCIPLE-QUESTIONING"":3}","[{""evidence"":""conversation_history (turn 5)"",""principle_id"":""PRINCIPLE-FEEDBACK"",""rationale"":""Nhu cầu độc lập: Học sinh vừa tự suy luận và phát biểu chính xác chức năng cốt lõi của hàm SUMIF ở lượt 5. Học sinh cần được gia sư nhận xét, xác nhận tính đúng đắn của câu trả lời này để củng cố niềm tin và chính thức hóa kiến thức vừa học được.\nNếu bỏ nguyên tắc này: Nếu gia sư bỏ qua việc phản hồi câu trả lời của học sinh mà chuyển ngay sang giải thích cú pháp hoặc đặt câu hỏi khác, học sinh sẽ không biết chắc chắn câu trả lời của mình đã hoàn toàn chính xác hay chưa, gây ảnh hưởng đến sự tự tin và tính liền mạch của quá trình nhận thức."",""requirement_score"":5}]",,
3,flagged,needs_uet_review,BC-HNMU-G9-R0143-STT2-AI04,HNMU-G9-R0143-STT2,9,11a. Sử dụng hàm Sumif,Nhận biết (Nêu được cú pháp),true,2,4,last,"[""PRINCIPLE-EXPLANATION"",""PRINCIPLE-FEEDBACK""]","[""PRINCIPLE-MODELLING"",""PRINCIPLE-QUESTIONING""]",feedback_confirmation_only,"{""PRINCIPLE-CHALLENGE"":1,""PRINCIPLE-EXPLANATION"":5,""PRINCIPLE-FEEDBACK"":5,""PRINCIPLE-MODELLING"":3,""PRINCIPLE-PRACTICE"":2,""PRINCIPLE-QUESTIONING"":3}","[{""evidence"":""conversation_history (lượt 3): 'Dạ em thấy chữ sum_range ạ.' đối chiếu với câu hỏi gợi mở ở lượt 2."",""principle_id"":""PRINCIPLE-FEEDBACK"",""rationale"":""Nhu cầu độc lập: Học sinh vừa đưa ra câu trả lời cho câu hỏi gợi mở ở lượt trước và cần được xác nhận xem từ 'sum_range' có chính xác là thành phần thứ ba hay không, đồng thời cần được liên kết nó với hai thành phần trước để hoàn thiện câu hỏi ban đầu. Nếu bỏ nguyên tắc này: Học sinh không nhận được sự xác nhận về câu trả lời của mình, khiến mạch hội thoại bị đứt gãy và thắc mắc ban đầu về cú pháp hoàn chỉnh không được giải quyết triệt để."",""requirement_score"":5}]",,
3,flagged,needs_uet_review,BC-HNMU-G9-R0146-STT5-AI06,HNMU-G9-R0146-STT5,9,11a. Sử dụng hàm Sumif,Thông hiểu (Phân biệt được chức năng),true,4,6,last,"[""PRINCIPLE-FEEDBACK"",""PRINCIPLE-QUESTIONING""]","[""PRINCIPLE-EXPLANATION"",""PRINCIPLE-MODELLING"",""PRINCIPLE-PRACTICE""]",feedback_confirmation_only,"{""PRINCIPLE-CHALLENGE"":2,""PRINCIPLE-EXPLANATION"":3,""PRINCIPLE-FEEDBACK"":5,""PRINCIPLE-MODELLING"":3,""PRINCIPLE-PRACTICE"":3,""PRINCIPLE-QUESTIONING"":4}","[{""evidence"":""turn_index: 5"",""principle_id"":""PRINCIPLE-FEEDBACK"",""rationale"":""Nhu cầu độc lập: Học sinh vừa tự rút ra kết luận quan trọng về bản chất của hàm SUMIF (\""SUMIF là khi mình có thêm một tiêu chuẩn lựa chọn\""). Phản hồi tiếp theo bắt buộc phải đánh giá và xác nhận tính đúng đắn của kết luận này, đồng thời tinh chỉnh thuật ngữ \""tiêu chuẩn lựa chọn\"" thành thuật ngữ kỹ thuật chính xác là \""điều kiện\"". Nếu bỏ nguyên tắc này: Học sinh sẽ không biết chắc chắn liệu cách hiểu của mình đã hoàn toàn chuẩn xác chưa và có thể tiếp tục sử dụng các thuật ngữ không chuẩn khoa học khi học về hàm."",""requirement_score"":5}]",,
3,flagged,needs_uet_review,BC-HNMU-G9-R0148-STT7-AI04,HNMU-G9-R0148-STT7,9,11a. Sử dụng hàm Sumif,Thông hiểu (Giải thích được ý nghĩa),true,2,4,last,"[""PRINCIPLE-EXPLANATION"",""PRINCIPLE-FEEDBACK""]","[""PRINCIPLE-PRACTICE"",""PRINCIPLE-QUESTIONING""]",feedback_confirmation_only,"{""PRINCIPLE-CHALLENGE"":1,""PRINCIPLE-EXPLANATION"":5,""PRINCIPLE-FEEDBACK"":5,""PRINCIPLE-MODELLING"":2,""PRINCIPLE-PRACTICE"":3,""PRINCIPLE-QUESTIONING"":3}","[{""evidence"":""Câu trả lời của học sinh ở lượt 3: 'Máy tìm \""An\"" ở cột A và cộng điểm ở cột B ạ.'"",""principle_id"":""PRINCIPLE-FEEDBACK"",""rationale"":""Nhu cầu độc lập: Học sinh vừa hoàn thành câu trả lời ở lượt 3 ('Máy tìm An ở cột A và cộng điểm ở cột B ạ'), nên cần một phản hồi xác nhận tính đúng đắn của câu trả lời này để làm bệ phóng cho việc kết nối với lý thuyết. Nếu bỏ nguyên tắc này: Gia sư sẽ bỏ qua nỗ lực tư duy của học sinh, làm mất đi tính tương tác của cuộc hội thoại và khiến học sinh hoang mang không biết suy luận của mình có đúng hay không."",""requirement_score"":5}]",,
3,flagged,needs_uet_review,BC-HNMU-G9-R0149-STT8-AI04,HNMU-G9-R0149-STT8,9,11a. Sử dụng hàm Sumif,Thông hiểu (Giải thích quy tắc),true,2,4,last,"[""PRINCIPLE-EXPLANATION"",""PRINCIPLE-FEEDBACK""]","[""PRINCIPLE-PRACTICE"",""PRINCIPLE-QUESTIONING""]",feedback_confirmation_only,"{""PRINCIPLE-CHALLENGE"":1,""PRINCIPLE-EXPLANATION"":5,""PRINCIPLE-FEEDBACK"":5,""PRINCIPLE-MODELLING"":2,""PRINCIPLE-PRACTICE"":3,""PRINCIPLE-QUESTIONING"":3}","[{""evidence"":""conversation_history lượt 3"",""principle_id"":""PRINCIPLE-FEEDBACK"",""rationale"":""Nhu cầu độc lập: Học sinh vừa phản hồi câu hỏi gợi mở của gia sư (\""Dạ có, đều là cột D ạ\"") và đang chờ đợi sự xác nhận xem nhận định của mình đã chính xác chưa. Nếu bỏ nguyên tắc này: Gia sư sẽ trực tiếp đưa ra quy tắc mà không thừa nhận hoặc phân tích câu trả lời đúng của học sinh, làm mất đi tính tương tác hai chiều và giảm động lực tự suy luận của học sinh."",""requirement_score"":5}]",,
3,flagged,needs_uet_review,BC-HNMU-G9-R0150-STT9-AI06,HNMU-G9-R0150-STT9,9,11a. Sử dụng hàm Sumif,Thông hiểu (Trình bày được tác dụng),true,4,6,last,"[""PRINCIPLE-FEEDBACK"",""PRINCIPLE-QUESTIONING""]","[""PRINCIPLE-EXPLANATION""]",feedback_confirmation_only,"{""PRINCIPLE-CHALLENGE"":2,""PRINCIPLE-EXPLANATION"":3,""PRINCIPLE-FEEDBACK"":5,""PRINCIPLE-MODELLING"":2,""PRINCIPLE-PRACTICE"":2,""PRINCIPLE-QUESTIONING"":4}","[{""evidence"":""conversation_history lượt 5"",""principle_id"":""PRINCIPLE-FEEDBACK"",""rationale"":""Nhu cầu độc lập: Học sinh đã trả lời xuất sắc câu hỏi gợi mở của gia sư ở lượt 4 bằng cách chỉ ra tác dụng thống kê nhanh theo nhóm của hàm SUMIF. Học sinh có nhu cầu nhận được sự xác nhận, khen ngợi và chuẩn hóa câu trả lời từ gia sư để củng cố niềm tin vào hiểu biết của mình.\nNếu bỏ nguyên tắc này: Một phản hồi bỏ qua câu trả lời ở lượt 5 của học sinh mà chuyển ngay sang câu hỏi mới hoặc lý thuyết khác sẽ làm mất đi sự tương tác tự nhiên, khiến học sinh hụt hẫng và không rõ câu trả lời của mình đã hoàn toàn chính xác chưa."",""requirement_score"":5}]",,
3,flagged,needs_uet_review,BC-HNMU-G9-R0151-STT10-AI04,HNMU-G9-R0151-STT10,9,11a. Sử dụng hàm Sumif,Thông hiểu (Mô tả cơ chế),true,2,4,last,"[""PRINCIPLE-FEEDBACK"",""PRINCIPLE-QUESTIONING""]","[""PRINCIPLE-EXPLANATION""]",feedback_confirmation_only,"{""PRINCIPLE-CHALLENGE"":2,""PRINCIPLE-EXPLANATION"":3,""PRINCIPLE-FEEDBACK"":5,""PRINCIPLE-MODELLING"":1,""PRINCIPLE-PRACTICE"":2,""PRINCIPLE-QUESTIONING"":4}","[{""evidence"":""conversation_history lượt 3: \""Dạ máy sẽ tự động tính lại kết quả mới cho em ạ.\"""",""principle_id"":""PRINCIPLE-FEEDBACK"",""rationale"":""Nhu cầu độc lập: Học sinh vừa đưa ra câu trả lời chính xác cho câu hỏi gợi mở của gia sư ở lượt trước (\""Dạ máy sẽ tự động tính lại kết quả mới cho em ạ\""). Học sinh cần được xác nhận tính đúng đắn này ngay lập tức để củng cố niềm tin vào suy luận của mình. Nếu bỏ nguyên tắc này: Nếu gia sư bỏ qua bước phản hồi mà chuyển ngay sang câu hỏi mới hoặc giải thích dài dòng, học sinh sẽ không chắc chắn liệu cách hiểu của mình đã chuẩn xác chưa, gây đứt gãy mạch tương tác sư phạm."",""requirement_score"":5}]",,
3,flagged,needs_uet_review,BC-HNMU-G9-R0152-STT11-AI06,HNMU-G9-R0152-STT11,9,11a. Sử dụng hàm Sumif,Vận dụng (Dùng được địa chỉ trong công thức),true,4,6,last,"[""PRINCIPLE-FEEDBACK"",""PRINCIPLE-QUESTIONING""]",[],feedback_confirmation_only,"{""PRINCIPLE-CHALLENGE"":1,""PRINCIPLE-EXPLANATION"":2,""PRINCIPLE-FEEDBACK"":5,""PRINCIPLE-MODELLING"":2,""PRINCIPLE-PRACTICE"":2,""PRINCIPLE-QUESTIONING"":5}","[{""evidence"":""conversation_history (lượt 4 và 5): Gia sư nhắc nhấn F4 ở lượt 4; học sinh trả lời 'Dạ là cột D, từ D3 đến D8 ạ.' ở lượt 5."",""principle_id"":""PRINCIPLE-FEEDBACK"",""rationale"":""Nhu cầu độc lập: Học sinh vừa đưa ra câu trả lời xác định vùng tính tổng ở lượt 5 và cần được gia sư xác nhận tính chính xác, đồng thời hướng dẫn cách cố định địa chỉ vùng này (như đã lưu ý ở lượt 4 đối với vùng điều kiện) trước khi viết công thức. Nếu bỏ nguyên tắc này: Học sinh sẽ không biết chắc mình đã chọn đúng vùng tính tổng hay chưa và có thể quên nhấn F4 để cố định vùng dữ liệu, dẫn đến công thức bị lỗi khi sao chép sang các ô khác."",""requirement_score"":5}]",,
3,flagged,needs_uet_review,BC-HNMU-G9-R0153-STT12-AI02,HNMU-G9-R0153-STT12,9,11a. Sử dụng hàm Sumif,Vận dụng (Thực hiện nhiệm vụ giáo viên đặt ra),false,0,2,first,"[""PRINCIPLE-EXPLANATION"",""PRINCIPLE-FEEDBACK"",""PRINCIPLE-QUESTIONING""]",[],feedback_confirmation_only,"{""PRINCIPLE-CHALLENGE"":1,""PRINCIPLE-EXPLANATION"":4,""PRINCIPLE-FEEDBACK"":5,""PRINCIPLE-MODELLING"":2,""PRINCIPLE-PRACTICE"":2,""PRINCIPLE-QUESTIONING"":5}","[{""evidence"":""student_prompt: \""em dùng công thức tương tự như câu trên đúng không ạ?\"""",""principle_id"":""PRINCIPLE-FEEDBACK"",""rationale"":""Nhu cầu độc lập: Học sinh đưa ra một giả định về phương pháp làm bài (\""dùng công thức tương tự đúng không\""), và họ cần nhận được phản hồi ngay lập tức để xác nhận hướng tư duy này là hoàn toàn chính xác về mặt cấu trúc hàm. Nếu bỏ nguyên tắc này: Nếu không xác nhận giả định của học sinh mà chỉ đưa ra hướng dẫn chung, học sinh sẽ hoang mang không biết cách suy luận bắc cầu của mình có đúng hướng hay không."",""requirement_score"":5}]",,
3,flagged,needs_uet_review,BC-HNMU-G9-R0154-STT13-AI04,HNMU-G9-R0154-STT13,9,11a. Sử dụng hàm Sumif,Vận dụng (Thiết lập được các địa chỉ),true,2,4,last,"[""PRINCIPLE-FEEDBACK"",""PRINCIPLE-QUESTIONING""]","[""PRINCIPLE-EXPLANATION""]",feedback_confirmation_only,"{""PRINCIPLE-CHALLENGE"":1,""PRINCIPLE-EXPLANATION"":3,""PRINCIPLE-FEEDBACK"":5,""PRINCIPLE-MODELLING"":1,""PRINCIPLE-PRACTICE"":2,""PRINCIPLE-QUESTIONING"":5}","[{""evidence"":""conversation_history (turn_index: 3)"",""principle_id"":""PRINCIPLE-FEEDBACK"",""rationale"":""Nhu cầu độc lập: Học sinh đã đưa ra câu trả lời chính xác về thao tác tiếp theo ở lượt 3 (\""Dạ em kéo xuống các ô dưới ạ\""). Học sinh cần nhận được sự xác nhận ngay lập tức rằng câu trả lời của mình là đúng và được chuẩn hóa thuật ngữ (AutoFill/sao chép công thức).\n\nNếu bỏ nguyên tắc này: Phản hồi của gia sư sẽ bỏ qua nỗ lực tư duy của học sinh, khiến học sinh hoang mang không rõ mình đã nắm đúng thao tác kỹ thuật hay chưa trước khi tiến hành thực hiện."",""requirement_score"":5}]",,
3,flagged,needs_uet_review,BC-HNMU-G9-R0155-STT14-AI06,HNMU-G9-R0155-STT14,9,11a. Sử dụng hàm Sumif,Vận dụng (Quản lí được dự án nhỏ),true,4,6,last,"[""PRINCIPLE-FEEDBACK""]","[""PRINCIPLE-PRACTICE""]",feedback_confirmation_only,"{""PRINCIPLE-CHALLENGE"":2,""PRINCIPLE-EXPLANATION"":2,""PRINCIPLE-FEEDBACK"":5,""PRINCIPLE-MODELLING"":1,""PRINCIPLE-PRACTICE"":3,""PRINCIPLE-QUESTIONING"":2}","[{""evidence"":""conversation_history (turn_index: 5)"",""principle_id"":""PRINCIPLE-FEEDBACK"",""rationale"":""Nhu cầu độc lập: Học sinh đã hoàn thành công thức cụ thể `=SUMIF(D3:D15, \"">500000\"")` và tuyên bố đã xong, do đó có nhu cầu lớn được gia sư xác nhận và đánh giá tính chính xác của kết quả này.\nNếu bỏ nguyên tắc này: Phản hồi của gia sư sẽ bỏ qua kết quả tự làm của học sinh, khiến học sinh không thể biết chắc chắn công thức mình viết đã hoàn toàn đúng và tối ưu theo yêu cầu đề bài hay chưa."",""requirement_score"":5}]",,
3,flagged,needs_uet_review,BC-HNMU-G9-R0184-STT1-AI06,HNMU-G9-R0184-STT1,9,[9b]: Các chức năng chính của phần mềm làm Video,Nhận biết,true,4,6,middle,"[""PRINCIPLE-FEEDBACK"",""PRINCIPLE-QUESTIONING""]","[""PRINCIPLE-EXPLANATION""]",feedback_confirmation_only,"{""PRINCIPLE-CHALLENGE"":1,""PRINCIPLE-EXPLANATION"":3,""PRINCIPLE-FEEDBACK"":5,""PRINCIPLE-MODELLING"":2,""PRINCIPLE-PRACTICE"":2,""PRINCIPLE-QUESTIONING"":4}","[{""evidence"":""Lượt 5 trong conversation_history: 'Để nối lại với nhau ạ.'"",""principle_id"":""PRINCIPLE-FEEDBACK"",""rationale"":""Nhu cầu độc lập: Học sinh cần được xác nhận tính đúng đắn của câu trả lời 'Để nối lại với nhau' ở lượt trước và biết được câu trả lời này tương ứng với chức năng nào (ghép/kết hợp các phân đoạn) trong hệ thống các chức năng chính của phần mềm làm video.\nNếu bỏ nguyên tắc này: Phản hồi tiếp theo sẽ bỏ qua câu trả lời của học sinh, làm mất đi tính tương tác cá nhân hóa và khiến học sinh không rõ hướng tư duy của mình có chính xác hay không trước khi chuyển sang các chức năng khác."",""requirement_score"":5}]",,
3,flagged,needs_uet_review,BC-HNMU-G9-R0184-STT1-AI10,HNMU-G9-R0184-STT1,9,[9b]: Các chức năng chính của phần mềm làm Video,Nhận biết,true,8,10,last,"[""PRINCIPLE-EXPLANATION"",""PRINCIPLE-FEEDBACK"",""PRINCIPLE-QUESTIONING""]","[""PRINCIPLE-PRACTICE""]",feedback_confirmation_only,"{""PRINCIPLE-CHALLENGE"":2,""PRINCIPLE-EXPLANATION"":4,""PRINCIPLE-FEEDBACK"":5,""PRINCIPLE-MODELLING"":1,""PRINCIPLE-PRACTICE"":3,""PRINCIPLE-QUESTIONING"":5}","[{""evidence"":""conversation_history (lượt 9)"",""principle_id"":""PRINCIPLE-FEEDBACK"",""rationale"":""Nhu cầu độc lập: Học sinh vừa hoàn thành một câu trả lời tổng hợp các chức năng theo yêu cầu của gia sư và rất cần được đánh giá, xác nhận xem những gì mình tự đúc kết đã chính xác và đầy đủ so với chuẩn kiến thức chưa.\nNếu bỏ nguyên tắc này: Phản hồi của gia sư sẽ bỏ qua nỗ lực tự tổng hợp của học sinh, khiến học sinh không được định hướng rõ ràng về tính đúng đắn trong câu trả lời của mình trước khi đi tiếp."",""requirement_score"":5}]",,
3,flagged,needs_uet_review,BC-HNMU-G9-R0185-STT2-AI06,HNMU-G9-R0185-STT2,9,[9b]: Các chức năng chính của phần mềm làm Video,Nhận biết,true,4,6,middle,"[""PRINCIPLE-FEEDBACK"",""PRINCIPLE-QUESTIONING""]","[""PRINCIPLE-EXPLANATION""]",feedback_confirmation_only,"{""PRINCIPLE-CHALLENGE"":2,""PRINCIPLE-EXPLANATION"":3,""PRINCIPLE-FEEDBACK"":4,""PRINCIPLE-MODELLING"":1,""PRINCIPLE-PRACTICE"":2,""PRINCIPLE-QUESTIONING"":5}","[{""evidence"":""Trường conversation_history ở lượt 5 khi học sinh trả lời \""Dạ đúng luôn\"" cho câu hỏi về phương án B."",""principle_id"":""PRINCIPLE-FEEDBACK"",""rationale"":""Nhu cầu độc lập: Học sinh cần được xác nhận ngay lập tức rằng câu trả lời \""Dạ đúng luôn\"" ở lượt 5 cho phương án B là chính xác để củng cố sự tự tin trước khi chuyển sang phương án tiếp theo. Nếu bỏ nguyên tắc này: Gia sư sẽ bỏ qua câu trả lời của học sinh và chuyển thẳng sang câu hỏi mới, làm giảm tính tương tác và khiến học sinh không chắc chắn về kết quả phân tích của mình."",""requirement_score"":4}]",,
3,flagged,needs_uet_review,BC-HNMU-G9-R0186-STT3-AI06,HNMU-G9-R0186-STT3,9,[9b]: Các chức năng chính của phần mềm làm Video,Nhận biết,true,4,6,middle,"[""PRINCIPLE-FEEDBACK"",""PRINCIPLE-QUESTIONING""]",[],feedback_confirmation_only,"{""PRINCIPLE-CHALLENGE"":1,""PRINCIPLE-EXPLANATION"":2,""PRINCIPLE-FEEDBACK"":5,""PRINCIPLE-MODELLING"":2,""PRINCIPLE-PRACTICE"":2,""PRINCIPLE-QUESTIONING"":5}","[{""evidence"":""Lượt 5 của học sinh: \""Có nút \""New video project\"" ạ.\"""",""principle_id"":""PRINCIPLE-FEEDBACK"",""rationale"":""Nhu cầu độc lập: Học sinh đã tìm và phản hồi đúng tên nút chức năng cốt lõi, em cần được xác nhận ngay lập tức rằng câu trả lời của mình là chính xác để tự tin tiếp tục. Nếu bỏ nguyên tắc này: Gia sư sẽ bỏ qua nỗ lực tìm kiếm của học sinh, chuyển ngay sang bước khác mà không khẳng định tính đúng đắn của hành động học sinh vừa làm, dễ gây hoang mang."",""requirement_score"":5}]",,
3,flagged,needs_uet_review,BC-HNMU-G9-R0188-STT5-AI06,HNMU-G9-R0188-STT5,9,[9b]: Các chức năng chính của phần mềm làm Video,Thông hiểu,true,4,6,middle,"[""PRINCIPLE-EXPLANATION"",""PRINCIPLE-FEEDBACK""]","[""PRINCIPLE-QUESTIONING""]",feedback_confirmation_only,"{""PRINCIPLE-CHALLENGE"":1,""PRINCIPLE-EXPLANATION"":5,""PRINCIPLE-FEEDBACK"":5,""PRINCIPLE-MODELLING"":2,""PRINCIPLE-PRACTICE"":2,""PRINCIPLE-QUESTIONING"":3}","[{""evidence"":""conversation_history (turn_index: 5)"",""principle_id"":""PRINCIPLE-FEEDBACK"",""rationale"":""Nhu cầu độc lập: Học sinh vừa đưa ra một câu trả lời rất sát ở lượt 5 (\""phim có hình ảnh chuyển động, có âm thanh sinh động, dễ xem hơn\""), do đó cần được gia sư nhận xét, xác nhận tính đúng đắn và kết nối các từ ngữ đời thường này với thuật ngữ khoa học.\nNếu bỏ nguyên tắc này: Nếu không phản hồi trực tiếp dựa trên câu trả lời của học sinh mà chỉ đưa ra một lời giải thích độc thoại, học sinh sẽ cảm thấy nỗ lực tự suy luận của mình bị phớt lờ, làm mất đi tính tương tác và mạch logic của cuộc hội thoại gợi mở."",""requirement_score"":5}]",,
3,flagged,needs_uet_review,BC-HNMU-G9-R0188-STT5-AI08,HNMU-G9-R0188-STT5,9,[9b]: Các chức năng chính của phần mềm làm Video,Thông hiểu,true,6,8,last,"[""PRINCIPLE-EXPLANATION"",""PRINCIPLE-FEEDBACK""]","[""PRINCIPLE-QUESTIONING""]",feedback_confirmation_only,"{""PRINCIPLE-CHALLENGE"":1,""PRINCIPLE-EXPLANATION"":4,""PRINCIPLE-FEEDBACK"":5,""PRINCIPLE-MODELLING"":1,""PRINCIPLE-PRACTICE"":2,""PRINCIPLE-QUESTIONING"":3}","[{""evidence"":""conversation_history lượt 7"",""principle_id"":""PRINCIPLE-FEEDBACK"",""rationale"":""Nhu cầu độc lập: Học sinh vừa đưa ra câu trả lời cụ thể ở lượt 7 và cần được gia sư xác nhận tính chính xác của câu trả lời đó, đồng thời liên kết nó lại với câu hỏi ban đầu của học sinh để hoàn thiện mạch tư duy.\nNếu bỏ nguyên tắc này: Nếu không có phản hồi nhận xét tính đúng đắn của câu trả lời \""Cả thị giác và thính giác\"", học sinh sẽ hoang mang không biết suy luận của mình đã đúng hướng chưa, khiến tiến trình tự khám phá bị đứt gãy."",""requirement_score"":5}]",,
3,flagged,needs_uet_review,BC-HNMU-G9-R0189-STT6-AI06,HNMU-G9-R0189-STT6,9,[9b]: Các chức năng chính của phần mềm làm Video,Thông hiểu,true,4,6,middle,"[""PRINCIPLE-EXPLANATION"",""PRINCIPLE-FEEDBACK""]","[""PRINCIPLE-QUESTIONING""]",feedback_confirmation_only,"{""PRINCIPLE-CHALLENGE"":2,""PRINCIPLE-EXPLANATION"":5,""PRINCIPLE-FEEDBACK"":5,""PRINCIPLE-MODELLING"":1,""PRINCIPLE-PRACTICE"":2,""PRINCIPLE-QUESTIONING"":3}","[{""evidence"":""conversation_history (lượt 5)"",""principle_id"":""PRINCIPLE-FEEDBACK"",""rationale"":""Nhu cầu độc lập: Học sinh đã trả lời câu hỏi ẩn dụ ở lượt 5 (\""Là Storyboard đúng không ạ?\"") và cần được xác nhận tính đúng đắn của câu trả lời này để củng cố sự tự tin. Nếu bỏ nguyên tắc này: Phản hồi của gia sư sẽ bỏ qua nỗ lực tư duy của học sinh, khiến mạch hội thoại bị đứt gãy và học sinh không biết mình đã hiểu đúng ẩn dụ hay chưa."",""requirement_score"":5}]",,
3,flagged,needs_uet_review,BC-HNMU-G9-R0190-STT7-AI08,HNMU-G9-R0190-STT7,9,[9b]: Các chức năng chính của phần mềm làm Video,Thông hiểu,true,6,8,last,"[""PRINCIPLE-PRACTICE"",""PRINCIPLE-FEEDBACK""]","[""PRINCIPLE-QUESTIONING""]",feedback_confirmation_only,"{""PRINCIPLE-CHALLENGE"":2,""PRINCIPLE-EXPLANATION"":2,""PRINCIPLE-FEEDBACK"":5,""PRINCIPLE-MODELLING"":1,""PRINCIPLE-PRACTICE"":4,""PRINCIPLE-QUESTIONING"":3}","[{""evidence"":""conversation_history (turn 7)"",""principle_id"":""PRINCIPLE-FEEDBACK"",""rationale"":""Nhu cầu độc lập: Học sinh vừa đưa ra câu trả lời suy luận cho Cách 2 là \""Kéo và thả (drag and drop) xuống Storyboard ạ?\"" và cần được xác nhận ngay lập tức xem suy luận này có chính xác hay không. Nếu bỏ nguyên tắc này: Một phản hồi sử dụng chiến lược khác mà không xác nhận tính đúng đắn của câu trả lời sẽ khiến học sinh hoang mang, không chắc chắn liệu thao tác kéo thả đó có thực sự áp dụng được trong phần mềm làm video hay không."",""requirement_score"":5}]",,
3,flagged,needs_uet_review,BC-HNMU-G9-R0192-STT9-AI06,HNMU-G9-R0192-STT9,9,[9b]: Các chức năng chính của phần mềm làm Video,Thông hiểu,true,4,6,middle,"[""PRINCIPLE-EXPLANATION"",""PRINCIPLE-FEEDBACK""]","[""PRINCIPLE-QUESTIONING""]",feedback_confirmation_only,"{""PRINCIPLE-CHALLENGE"":1,""PRINCIPLE-EXPLANATION"":5,""PRINCIPLE-FEEDBACK"":5,""PRINCIPLE-MODELLING"":1,""PRINCIPLE-PRACTICE"":2,""PRINCIPLE-QUESTIONING"":3}","[{""evidence"":""Lượt 5 trong conversation_history: \""(Thử xoá)... Ôi nó biến mất cả ở Thư viện và Storyboard luôn rồi.\"""",""principle_id"":""PRINCIPLE-FEEDBACK"",""rationale"":""Nhu cầu độc lập: Học sinh vừa thực hiện xong một thao tác thử nghiệm theo hướng dẫn và báo cáo kết quả quan sát (\""Ôi nó biến mất cả ở Thư viện và Storyboard luôn rồi.\""). Học sinh cần nhận được phản hồi xác nhận rằng quan sát của mình là chính xác và có căn cứ để chuyển sang bước đúc kết kiến thức.\nNếu bỏ nguyên tắc này: Phản hồi sẽ bỏ qua kết quả thực hành của học sinh, không chỉ ra được tính đúng đắn của hiện tượng học sinh vừa thấy, làm mất đi sự kết nối sư phạm giữa hoạt động thực hành và lý thuyết."",""requirement_score"":5}]",,
3,flagged,needs_uet_review,BC-HNMU-G9-R0192-STT9-AI08,HNMU-G9-R0192-STT9,9,[9b]: Các chức năng chính của phần mềm làm Video,Thông hiểu,true,6,8,last,"[""PRINCIPLE-FEEDBACK""]","[""PRINCIPLE-CHALLENGE"",""PRINCIPLE-PRACTICE"",""PRINCIPLE-QUESTIONING""]",feedback_confirmation_only,"{""PRINCIPLE-CHALLENGE"":3,""PRINCIPLE-EXPLANATION"":2,""PRINCIPLE-FEEDBACK"":5,""PRINCIPLE-MODELLING"":1,""PRINCIPLE-PRACTICE"":3,""PRINCIPLE-QUESTIONING"":3}","[{""evidence"":""conversation_history lượt 7"",""principle_id"":""PRINCIPLE-FEEDBACK"",""rationale"":""Nhu cầu độc lập: Học sinh vừa tự thực hiện thực nghiệm và rút ra một kết luận quan trọng về sự khác biệt giữa xóa ở bàn dựng và xóa ở thư viện ở lượt 7. Học sinh cần được xác nhận ngay lập tức xem kết luận đó đã chính xác và chuẩn kỹ thuật chưa. Nếu bỏ nguyên tắc này: Phản hồi của gia sư sẽ bỏ qua câu trả lời của học sinh, không giúp học sinh chốt được kiến thức đúng đắn, làm giảm sự tự tin và có thể để lại sự mơ hồ về mặt kiến thức."",""requirement_score"":5}]",,
3,flagged,needs_uet_review,BC-HNMU-G9-R0193-STT10-AI04,HNMU-G9-R0193-STT10,9,[9b]: Các chức năng chính của phần mềm làm Video,Thông hiểu,true,2,4,middle,"[""PRINCIPLE-EXPLANATION"",""PRINCIPLE-FEEDBACK""]","[""PRINCIPLE-PRACTICE"",""PRINCIPLE-QUESTIONING""]",feedback_confirmation_only,"{""PRINCIPLE-CHALLENGE"":1,""PRINCIPLE-EXPLANATION"":5,""PRINCIPLE-FEEDBACK"":5,""PRINCIPLE-MODELLING"":2,""PRINCIPLE-PRACTICE"":3,""PRINCIPLE-QUESTIONING"":3}","[{""evidence"":""conversation_history lượt 3"",""principle_id"":""PRINCIPLE-FEEDBACK"",""rationale"":""Nhu cầu độc lập: Học sinh vừa đưa ra câu trả lời thừa nhận sự bất tiện ở lượt 3 (\""chắc em phải mở lên mới biết được\""). Gia sư cần phản hồi trực tiếp để xác nhận tính đúng đắn của nhận định này, từ đó tạo tiền đề chuyển ý sang bài học. Nếu bỏ nguyên tắc này: Gia sư sẽ bỏ qua câu trả lời của học sinh, làm mất đi tính tương tác tự nhiên và bỏ lỡ cơ hội giáo dục dựa trên chính nhận thức thực tế của người học."",""requirement_score"":5}]",,
3,flagged,needs_uet_review,BC-HNMU-G9-R0193-STT10-AI08,HNMU-G9-R0193-STT10,9,[9b]: Các chức năng chính của phần mềm làm Video,Thông hiểu,true,6,8,last,"[""PRINCIPLE-FEEDBACK""]","[""PRINCIPLE-PRACTICE"",""PRINCIPLE-QUESTIONING""]",feedback_confirmation_only,"{""PRINCIPLE-CHALLENGE"":2,""PRINCIPLE-EXPLANATION"":2,""PRINCIPLE-FEEDBACK"":5,""PRINCIPLE-MODELLING"":1,""PRINCIPLE-PRACTICE"":3,""PRINCIPLE-QUESTIONING"":3}","[{""evidence"":""turn_index: 7"",""principle_id"":""PRINCIPLE-FEEDBACK"",""rationale"":""Nhu cầu độc lập: Học sinh đã hoàn thành xuất sắc chuỗi câu hỏi gợi mở và tự đưa ra câu trả lời hoàn toàn chính xác ở lượt 7, do đó học sinh cần nhận được sự xác nhận, khen ngợi và đánh giá cụ thể để củng cố niềm tin học tập. Nếu bỏ nguyên tắc này: Phản hồi tiếp theo nếu chỉ chuyển sang nội dung mới hoặc đặt câu hỏi khác mà không công nhận câu trả lời của học sinh sẽ khiến mạch hội thoại bị cụt và nỗ lực suy luận của học sinh bị bỏ qua."",""requirement_score"":5}]",,
3,flagged,needs_uet_review,BC-HNMU-G9-R0194-STT11-AI08,HNMU-G9-R0194-STT11,9,[9b]: Các chức năng chính của phần mềm làm Video,Vận dụng,true,6,8,middle,"[""PRINCIPLE-FEEDBACK"",""PRINCIPLE-QUESTIONING""]","[""PRINCIPLE-EXPLANATION""]",feedback_confirmation_only,"{""PRINCIPLE-CHALLENGE"":2,""PRINCIPLE-EXPLANATION"":3,""PRINCIPLE-FEEDBACK"":5,""PRINCIPLE-MODELLING"":2,""PRINCIPLE-PRACTICE"":2,""PRINCIPLE-QUESTIONING"":4}","[{""evidence"":""turn_index: 7"",""principle_id"":""PRINCIPLE-FEEDBACK"",""rationale"":""Nhu cầu độc lập: Học sinh đã đề xuất một giải pháp thực hành cụ thể (\""Em kéo thả hết xuống Storyboard được không?\"") và cần được xác nhận tính đúng đắn cũng như tính phù hợp của thao tác này trước khi thực hiện.\nNếu bỏ nguyên tắc này: Nếu không phản hồi trực tiếp vào đề xuất kéo thả hết một lượt của học sinh, học sinh sẽ không biết liệu thao tác kéo thả đồng loạt đó có ảnh hưởng đến thứ tự hiển thị của các phân cảnh trên bàn dựng hay không."",""requirement_score"":5}]",,
3,flagged,needs_uet_review,BC-HNMU-G9-R0194-STT11-AI10,HNMU-G9-R0194-STT11,9,[9b]: Các chức năng chính của phần mềm làm Video,Vận dụng,true,8,10,last,"[""PRINCIPLE-FEEDBACK""]","[""PRINCIPLE-QUESTIONING""]",feedback_confirmation_only,"{""PRINCIPLE-CHALLENGE"":2,""PRINCIPLE-EXPLANATION"":1,""PRINCIPLE-FEEDBACK"":5,""PRINCIPLE-MODELLING"":1,""PRINCIPLE-PRACTICE"":2,""PRINCIPLE-QUESTIONING"":3}","[{""evidence"":""conversation_history lượt 9: Em làm xong cả 3 bước rồi, video đã ghép thành chuỗi bên dưới!"",""principle_id"":""PRINCIPLE-FEEDBACK"",""rationale"":""Nhu cầu độc lập: Học sinh vừa hoàn thành toàn bộ chuỗi thao tác thực hành của bài Luyện tập và báo cáo kết quả ghép video thành công. Học sinh cần nhận được đánh giá, xác nhận từ gia sư về tính chính xác của quy trình đã làm để yên tâm hoàn thành nhiệm vụ. Nếu bỏ nguyên tắc này: Phản hồi tiếp theo sẽ bỏ qua kết quả thực hành của học sinh, không công nhận nỗ lực hoàn thành bài của học sinh, khiến tiến trình học tập bị đứt gãy và học sinh không biết mình đã đạt chuẩn đầu ra chưa."",""requirement_score"":5}]",,
3,flagged,needs_uet_review,BC-HNMU-G9-R0195-STT12-AI06,HNMU-G9-R0195-STT12,9,[9b]: Các chức năng chính của phần mềm làm Video,Vận dụng,true,4,6,middle,"[""PRINCIPLE-EXPLANATION"",""PRINCIPLE-FEEDBACK"",""PRINCIPLE-QUESTIONING""]",[],feedback_confirmation_only,"{""PRINCIPLE-CHALLENGE"":2,""PRINCIPLE-EXPLANATION"":4,""PRINCIPLE-FEEDBACK"":5,""PRINCIPLE-MODELLING"":2,""PRINCIPLE-PRACTICE"":2,""PRINCIPLE-QUESTIONING"":4}","[{""evidence"":""Lượt 5: 'Em xoá được 1 ảnh rồi. Ảnh đó vẫn còn trên thư viện.'"",""principle_id"":""PRINCIPLE-FEEDBACK"",""rationale"":""Nhu cầu độc lập: Học sinh vừa đưa ra một quan sát thực tế quan trọng sau khi thực hiện thao tác xoá. Học sinh cần được xác nhận ngay lập tức rằng quan sát của mình là chính xác để củng cố sự tự tin và hiểu đúng kết quả hành động của mình.\nNếu bỏ nguyên tắc này: Phản hồi tiếp theo sẽ bỏ qua phát biểu của học sinh, khiến học sinh không biết mình đã làm đúng hay chưa và làm gián đoạn mạch tự đánh giá của người học."",""requirement_score"":5}]",,
3,flagged,needs_uet_review,BC-HNMU-G9-R0195-STT12-AI08,HNMU-G9-R0195-STT12,9,[9b]: Các chức năng chính của phần mềm làm Video,Vận dụng,true,6,8,last,"[""PRINCIPLE-FEEDBACK"",""PRINCIPLE-QUESTIONING""]","[""PRINCIPLE-EXPLANATION""]",feedback_confirmation_only,"{""PRINCIPLE-CHALLENGE"":2,""PRINCIPLE-EXPLANATION"":3,""PRINCIPLE-FEEDBACK"":5,""PRINCIPLE-MODELLING"":1,""PRINCIPLE-PRACTICE"":2,""PRINCIPLE-QUESTIONING"":4}","[{""evidence"":""turn_7: \""Em chọn ảnh trên thư viện, ấn nút X (Remove). Nó mất hẳn luôn.\"""",""principle_id"":""PRINCIPLE-FEEDBACK"",""rationale"":""Nhu cầu độc lập: Học sinh vừa hoàn thành thao tác cuối cùng của bài thực hành (câu f) và đưa ra quan sát \""Nó mất hẳn luôn\"". Học sinh cần nhận được phản hồi xác nhận thao tác của mình đã đúng hay chưa. Nếu bỏ nguyên tắc này: Học sinh sẽ không có sự khẳng định về tính chính xác của hành động mình vừa làm, gây mơ hồ về việc liệu việc biến mất hoàn toàn đó có phải là kết quả đúng của bài luyện tập hay không."",""requirement_score"":5}]",,
3,flagged,needs_uet_review,BC-HNMU-G9-R0196-STT13-AI08,HNMU-G9-R0196-STT13,9,[9b]: Các chức năng chính của phần mềm làm Video,Vận dụng,true,6,8,middle,"[""PRINCIPLE-FEEDBACK"",""PRINCIPLE-QUESTIONING""]","[""PRINCIPLE-EXPLANATION""]",feedback_confirmation_only,"{""PRINCIPLE-CHALLENGE"":1,""PRINCIPLE-EXPLANATION"":3,""PRINCIPLE-FEEDBACK"":5,""PRINCIPLE-MODELLING"":2,""PRINCIPLE-PRACTICE"":2,""PRINCIPLE-QUESTIONING"":4}","[{""evidence"":""student_prompt và lượt 7: \""Xong ạ. Giờ em kéo nó xuống bàn dựng đúng không AI?\"""",""principle_id"":""PRINCIPLE-FEEDBACK"",""rationale"":""Nhu cầu độc lập: Học sinh đã chủ động đề xuất bước thao tác tiếp theo (\""Giờ em kéo nó xuống bàn dựng đúng không AI?\"") và cần một phản hồi xác nhận trực tiếp về tính đúng đắn của hành động này để tự tin tiếp tục. Nếu bỏ nguyên tắc này: Gia sư sẽ bỏ qua cơ hội củng cố tư duy quy trình của học sinh, khiến học sinh hoang mang không biết mình đã hiểu đúng cách vận hành của phần mềm làm video hay chưa."",""requirement_score"":5}]",,
3,flagged,needs_uet_review,BC-HNMU-G9-R0197-STT14-AI04,HNMU-G9-R0197-STT14,9,[9b]: Các chức năng chính của phần mềm làm Video,Vận dụng,true,2,4,middle,"[""PRINCIPLE-FEEDBACK"",""PRINCIPLE-QUESTIONING""]","[""PRINCIPLE-MODELLING""]",feedback_confirmation_only,"{""PRINCIPLE-CHALLENGE"":1,""PRINCIPLE-EXPLANATION"":2,""PRINCIPLE-FEEDBACK"":4,""PRINCIPLE-MODELLING"":3,""PRINCIPLE-PRACTICE"":2,""PRINCIPLE-QUESTIONING"":5}","[{""evidence"":""conversation_history lượt 3: \""Em định làm về góc học tập của em.\"""",""principle_id"":""PRINCIPLE-FEEDBACK"",""rationale"":""Nhu cầu độc lập: Học sinh đã đề xuất một ý tưởng cụ thể là \""làm về góc học tập của em\"". Học sinh cần nhận được sự phản hồi, xác nhận từ gia sư xem chủ đề này có khả thi và phù hợp với yêu cầu của nhiệm vụ vận dụng làm video hay không. Nếu bỏ nguyên tắc này: Gia sư sẽ không thể đưa ra nhận xét trực tiếp về ý tưởng của học sinh, khiến học sinh hoang mang không biết lựa chọn của mình có đúng hướng để tiếp tục thực hiện hay không."",""requirement_score"":4}]",,
3,flagged,needs_uet_review,BC-HNMU-G9-R0198-STT1-AI08,HNMU-G9-R0198-STT1,9,[10b]: Chuẩn bị dữ liệu và dựng video,Nhận biết,true,6,8,middle,"[""PRINCIPLE-FEEDBACK"",""PRINCIPLE-QUESTIONING""]",[],feedback_confirmation_only,"{""PRINCIPLE-CHALLENGE"":1,""PRINCIPLE-EXPLANATION"":2,""PRINCIPLE-FEEDBACK"":5,""PRINCIPLE-MODELLING"":1,""PRINCIPLE-PRACTICE"":2,""PRINCIPLE-QUESTIONING"":5}","[{""evidence"":""conversation_history lượt 7: \""à là \""Chuẩn bị dữ liệu\"" ạ.\"""",""principle_id"":""PRINCIPLE-FEEDBACK"",""rationale"":""Nhu cầu độc lập: Học sinh cần được xác nhận tính chính xác của câu trả lời \""Chuẩn bị dữ liệu\"" để có điểm tựa vững chắc tiếp tục suy luận các bước sau. Nếu bỏ nguyên tắc này: Học sinh sẽ hoang mang không biết mình gọi tên bước 2 đã đúng chưa, gây gián đoạn và làm giảm hiệu quả của hoạt động kiến tạo kiến thức."",""requirement_score"":5}]",,
3,flagged,needs_uet_review,BC-HNMU-G9-R0198-STT1-AI12,HNMU-G9-R0198-STT1,9,[10b]: Chuẩn bị dữ liệu và dựng video,Nhận biết,true,10,12,last,"[""PRINCIPLE-FEEDBACK"",""PRINCIPLE-QUESTIONING""]","[""PRINCIPLE-PRACTICE""]",feedback_confirmation_only,"{""PRINCIPLE-CHALLENGE"":2,""PRINCIPLE-EXPLANATION"":2,""PRINCIPLE-FEEDBACK"":5,""PRINCIPLE-MODELLING"":1,""PRINCIPLE-PRACTICE"":3,""PRINCIPLE-QUESTIONING"":4}","[{""evidence"":""conversation_history (turn 11)"",""principle_id"":""PRINCIPLE-FEEDBACK"",""rationale"":""Nhu cầu độc lập: Học sinh vừa hoàn thành việc suy luận hai bước cuối cùng của quy trình ở lượt 11 (\""Biên tập video\"" và \""Xuất video\"") sau một chuỗi gợi ý liên tục của gia sư. Học sinh cần được xác nhận tính chính xác của câu trả lời này và được hệ thống hóa lại toàn bộ thành quả 5 bước đã cùng nhau tìm ra. Nếu bỏ nguyên tắc này: Một phản hồi dùng chiến lược khác (như giải thích lý thuyết hoặc chuyển sang nhiệm vụ mới) mà không có sự ghi nhận, đánh giá và tổng kết lại tiến trình đã đi qua sẽ làm mất đi tính kết nối sư phạm, khiến học sinh không chắc chắn về kết quả tự suy luận của mình."",""requirement_score"":5}]",,
3,flagged,needs_uet_review,BC-HNMU-G9-R0200-STT3-AI04,HNMU-G9-R0200-STT3,9,[10b]: Chuẩn bị dữ liệu và dựng video,Nhận biết,true,2,4,middle,"[""PRINCIPLE-FEEDBACK"",""PRINCIPLE-QUESTIONING""]","[""PRINCIPLE-EXPLANATION"",""PRINCIPLE-MODELLING""]",feedback_confirmation_only,"{""PRINCIPLE-CHALLENGE"":1,""PRINCIPLE-EXPLANATION"":3,""PRINCIPLE-FEEDBACK"":5,""PRINCIPLE-MODELLING"":3,""PRINCIPLE-PRACTICE"":2,""PRINCIPLE-QUESTIONING"":5}","[{""evidence"":""conversation_history: 'Em có tệp mp3, tệp mp4 và tệp jpg ạ.'"",""principle_id"":""PRINCIPLE-FEEDBACK"",""rationale"":""Nhu cầu độc lập: Học sinh vừa đưa ra câu trả lời cụ thể về các loại tệp mình có ở lượt trước. Họ cần nhận được sự xác nhận và phản hồi rõ ràng xem các loại tệp đã liệt kê (mp3, mp4, jpg) đã đúng và đủ để làm cơ sở phân loại thư mục chưa.\nNếu bỏ nguyên tắc này: Một phản hồi bỏ qua câu trả lời của học sinh mà đưa ngay ra đáp án hoặc chuyển sang ý khác sẽ làm mất đi tính tương tác, không công nhận nỗ lực của học sinh và khiến họ hoang mang về tính chính xác của câu trả lời trước đó."",""requirement_score"":5}]",,
3,flagged,needs_uet_review,BC-HNMU-G9-R0200-STT3-AI06,HNMU-G9-R0200-STT3,9,[10b]: Chuẩn bị dữ liệu và dựng video,Nhận biết,true,4,6,middle,"[""PRINCIPLE-FEEDBACK"",""PRINCIPLE-QUESTIONING""]","[""PRINCIPLE-EXPLANATION"",""PRINCIPLE-MODELLING""]",feedback_confirmation_only,"{""PRINCIPLE-CHALLENGE"":1,""PRINCIPLE-EXPLANATION"":3,""PRINCIPLE-FEEDBACK"":5,""PRINCIPLE-MODELLING"":3,""PRINCIPLE-PRACTICE"":2,""PRINCIPLE-QUESTIONING"":5}","[{""evidence"":""turn_index: 5"",""principle_id"":""PRINCIPLE-FEEDBACK"",""rationale"":""Nhu cầu độc lập: Học sinh vừa đưa ra giải pháp ở lượt 5 (\""Em sẽ tạo các thư mục riêng cho từng loại ạ.\""). Học sinh cần được gia sư nhận xét và xác nhận ngay lập tức rằng tư duy phân loại này là hoàn toàn chính xác để tiếp thêm sự tự tin.\nNếu bỏ nguyên tắc này: Một phản hồi đi thẳng vào việc đặt tên mà không công nhận hay đánh giá câu trả lời của học sinh sẽ làm mất đi tính tương tác hai chiều, khiến học sinh không chắc chắn về hướng đi của mình."",""requirement_score"":5}]",,
3,flagged,needs_uet_review,BC-HNMU-G9-R0200-STT3-AI08,HNMU-G9-R0200-STT3,9,[10b]: Chuẩn bị dữ liệu và dựng video,Nhận biết,true,6,8,last,"[""PRINCIPLE-FEEDBACK""]","[""PRINCIPLE-EXPLANATION"",""PRINCIPLE-QUESTIONING""]",feedback_confirmation_only,"{""PRINCIPLE-CHALLENGE"":2,""PRINCIPLE-EXPLANATION"":3,""PRINCIPLE-FEEDBACK"":5,""PRINCIPLE-MODELLING"":2,""PRINCIPLE-PRACTICE"":2,""PRINCIPLE-QUESTIONING"":3}","[{""evidence"":""turn_index: 7"",""principle_id"":""PRINCIPLE-FEEDBACK"",""rationale"":""Nhu cầu độc lập: Học sinh vừa đưa ra phương án đặt tên cụ thể ở lượt hội thoại mới nhất (\""AmThanh\"", \""Video\"", \""Anh\"") và rất cần sự xác nhận chuyên môn từ gia sư xem cách đặt tên này đã chuẩn xác, khoa học và phù hợp với yêu cầu thực tế chưa.\nNếu bỏ nguyên tắc này: Học sinh sẽ không nhận được đánh giá về đề xuất của mình, dẫn đến việc không chắc chắn có nên áp dụng cấu trúc thư mục này vào máy tính để bắt đầu làm video hay không."",""requirement_score"":5}]",,
3,flagged,needs_uet_review,BC-HNMU-G9-R0201-STT4-AI08,HNMU-G9-R0201-STT4,9,[10b]: Chuẩn bị dữ liệu và dựng video,Nhận biết,true,6,8,last,"[""PRINCIPLE-FEEDBACK"",""PRINCIPLE-QUESTIONING""]","[""PRINCIPLE-EXPLANATION""]",feedback_confirmation_only,"{""PRINCIPLE-CHALLENGE"":1,""PRINCIPLE-EXPLANATION"":3,""PRINCIPLE-FEEDBACK"":5,""PRINCIPLE-MODELLING"":2,""PRINCIPLE-PRACTICE"":2,""PRINCIPLE-QUESTIONING"":4}","[{""evidence"":""Lượt 7: \""Ôi, nó hiện ra một khung nền màu xanh ở đầu Storyboard rồi này.\"""",""principle_id"":""PRINCIPLE-FEEDBACK"",""rationale"":""Nhu cầu độc lập: Học sinh đã thực hiện thao tác bấm nút và báo cáo kết quả thực tế quan sát được (khung nền màu xanh). Học sinh cần nhận được phản hồi xác nhận rằng thao tác đó đã chính xác và kết quả đó là hoàn toàn đúng để tiếp tục các bước sau một cách tự tin. Nếu bỏ nguyên tắc này: Phản hồi của gia sư sẽ bỏ qua kết quả thực hành của học sinh, khiến học sinh hoang mang không biết khung nền xanh đó đã đúng là thẻ tiêu đề chưa hay phần mềm bị lỗi."",""requirement_score"":5}]",,
3,flagged,needs_uet_review,BC-HNMU-G9-R0202-STT5-AI06,HNMU-G9-R0202-STT5,9,[10b]: Chuẩn bị dữ liệu và dựng video,Thông hiểu,true,4,6,middle,"[""PRINCIPLE-EXPLANATION"",""PRINCIPLE-FEEDBACK""]","[""PRINCIPLE-QUESTIONING""]",feedback_confirmation_only,"{""PRINCIPLE-CHALLENGE"":1,""PRINCIPLE-EXPLANATION"":5,""PRINCIPLE-FEEDBACK"":5,""PRINCIPLE-MODELLING"":1,""PRINCIPLE-PRACTICE"":1,""PRINCIPLE-QUESTIONING"":3}","[{""evidence"":""conversation_history (turn_index 5): Em không biết phải chụp bao nhiêu kiểu, chụp những góc nào cho đủ ạ."",""principle_id"":""PRINCIPLE-FEEDBACK"",""rationale"":""Nhu cầu độc lập: Học sinh đã trả lời đúng câu hỏi gợi mở của gia sư ở lượt trước về tác hại của việc không có kịch bản. Học sinh cần nhận được phản hồi xác nhận và đánh giá tích cực cho suy luận thực tế này.\nNếu bỏ nguyên tắc này: Nếu không phản hồi trực tiếp để ghi nhận câu trả lời đúng của học sinh, cuộc hội thoại sẽ mất đi tính liên kết và học sinh không biết liệu suy luận của mình đã hoàn toàn chính xác chưa."",""requirement_score"":5}]",,
3,flagged,needs_uet_review,BC-HNMU-G9-R0202-STT5-AI08,HNMU-G9-R0202-STT5,9,[10b]: Chuẩn bị dữ liệu và dựng video,Thông hiểu,true,6,8,last,"[""PRINCIPLE-FEEDBACK""]","[""PRINCIPLE-QUESTIONING""]",feedback_confirmation_only,"{""PRINCIPLE-CHALLENGE"":2,""PRINCIPLE-EXPLANATION"":2,""PRINCIPLE-FEEDBACK"":5,""PRINCIPLE-MODELLING"":1,""PRINCIPLE-PRACTICE"":2,""PRINCIPLE-QUESTIONING"":3}","[{""evidence"":""Lượt 7 trong conversation_history"",""principle_id"":""PRINCIPLE-FEEDBACK"",""rationale"":""Nhu cầu độc lập: Học sinh đã tích cực suy luận qua chuỗi câu hỏi và tự đúc kết được câu trả lời chính xác ở lượt 7, nên rất cần được ghi nhận, khen ngợi và xác nhận tính đúng đắn để giải tỏa hoàn toàn sự hoài nghi ban đầu về việc \""tốn thời gian\"". Nếu bỏ nguyên tắc này: Phản hồi tiếp theo sẽ bỏ qua câu trả lời xuất sắc của học sinh, khiến học sinh không biết mình đã đúc kết đúng chưa và làm giảm động lực học tập tích cực."",""requirement_score"":5}]",,
3,flagged,needs_uet_review,BC-HNMU-G9-R0203-STT6-AI04,HNMU-G9-R0203-STT6,9,[10b]: Chuẩn bị dữ liệu và dựng video,Thông hiểu,true,2,4,middle,"[""PRINCIPLE-EXPLANATION"",""PRINCIPLE-FEEDBACK"",""PRINCIPLE-QUESTIONING""]",[],feedback_confirmation_only,"{""PRINCIPLE-CHALLENGE"":1,""PRINCIPLE-EXPLANATION"":4,""PRINCIPLE-FEEDBACK"":5,""PRINCIPLE-MODELLING"":2,""PRINCIPLE-PRACTICE"":2,""PRINCIPLE-QUESTIONING"":5}","[{""evidence"":""conversation_history (turn_index: 3)"",""principle_id"":""PRINCIPLE-FEEDBACK"",""rationale"":""Nhu cầu độc lập: Học sinh vừa đưa ra một phán đoán cụ thể ở lượt 3 (\""Là bước Dựng video đúng không ạ?\"") dựa trên ẩn dụ của gia sư và đang cần được xác nhận tính đúng đắn của phán đoán đó để tiếp tục mạch tư duy. Nếu bỏ nguyên tắc này: Nếu không phản hồi trực tiếp để xác nhận và khen ngợi phán đoán đúng hướng của học sinh, học sinh sẽ cảm thấy hụt hẫng và không biết mình có đang đi đúng hướng hay không."",""requirement_score"":5}]",,
3,flagged,needs_uet_review,BC-HNMU-G9-R0203-STT6-AI08,HNMU-G9-R0203-STT6,9,[10b]: Chuẩn bị dữ liệu và dựng video,Thông hiểu,true,6,8,last,"[""PRINCIPLE-FEEDBACK""]","[""PRINCIPLE-EXPLANATION"",""PRINCIPLE-PRACTICE"",""PRINCIPLE-QUESTIONING""]",feedback_confirmation_only,"{""PRINCIPLE-CHALLENGE"":1,""PRINCIPLE-EXPLANATION"":3,""PRINCIPLE-FEEDBACK"":5,""PRINCIPLE-MODELLING"":1,""PRINCIPLE-PRACTICE"":3,""PRINCIPLE-QUESTIONING"":3}","[{""evidence"":""turn_index: 7"",""principle_id"":""PRINCIPLE-FEEDBACK"",""rationale"":""Nhu cầu độc lập: Học sinh vừa đưa ra một phát biểu tự đúc kết về sự khác nhau giữa hai khái niệm bằng ngôn từ của riêng mình (\""tạo hình khối\"", \""khâu tinh chỉnh cuối cùng, rà soát lỗi\""). Học sinh cần được gia sư đánh giá, xác nhận tính chính xác và chuẩn hóa các thuật ngữ này theo đúng bài học.\nNếu bỏ nguyên tắc này: Gia sư sẽ bỏ qua nỗ lực tự tổng hợp kiến thức của học sinh, khiến học sinh không rõ cách hiểu mang tính hình tượng của mình đã hoàn toàn chuẩn xác dưới góc độ chuyên môn Tin học hay chưa."",""requirement_score"":5}]",,
3,flagged,needs_uet_review,BC-HNMU-G9-R0204-STT7-AI06,HNMU-G9-R0204-STT7,9,[10b]: Chuẩn bị dữ liệu và dựng video,Thông hiểu,true,4,6,middle,"[""PRINCIPLE-FEEDBACK"",""PRINCIPLE-QUESTIONING""]","[""PRINCIPLE-EXPLANATION"",""PRINCIPLE-MODELLING""]",feedback_confirmation_only,"{""PRINCIPLE-CHALLENGE"":1,""PRINCIPLE-EXPLANATION"":3,""PRINCIPLE-FEEDBACK"":5,""PRINCIPLE-MODELLING"":3,""PRINCIPLE-PRACTICE"":2,""PRINCIPLE-QUESTIONING"":5}","[{""evidence"":""Lượt 5 trong conversation_history: 'Sẽ bị lỗi hoặc mất dữ liệu trong dự án ạ.'"",""principle_id"":""PRINCIPLE-FEEDBACK"",""rationale"":""Nhu cầu độc lập: Học sinh đã trả lời chính xác câu hỏi gợi ý của gia sư ở lượt 5 về hậu quả của việc lưu trữ bừa bãi ('Sẽ bị lỗi hoặc mất dữ liệu'). Học sinh cần nhận được phản hồi xác nhận tính đúng đắn này để củng cố lập luận và tự tin tiếp thu bước giải pháp tiếp theo. Nếu bỏ nguyên tắc này: Phản hồi của gia sư sẽ bỏ qua nỗ lực tư duy của học sinh, làm mất tính liên kết tự nhiên của cuộc hội thoại và không chốt được vấn đề cốt lõi đang thảo luận."",""requirement_score"":5}]",,
3,flagged,needs_uet_review,BC-HNMU-G9-R0204-STT7-AI08,HNMU-G9-R0204-STT7,9,[10b]: Chuẩn bị dữ liệu và dựng video,Thông hiểu,true,6,8,last,"[""PRINCIPLE-FEEDBACK""]","[""PRINCIPLE-PRACTICE"",""PRINCIPLE-QUESTIONING""]",feedback_confirmation_only,"{""PRINCIPLE-CHALLENGE"":2,""PRINCIPLE-EXPLANATION"":2,""PRINCIPLE-FEEDBACK"":5,""PRINCIPLE-MODELLING"":2,""PRINCIPLE-PRACTICE"":3,""PRINCIPLE-QUESTIONING"":3}","[{""evidence"":""conversation_history (lượt 6 và 7)"",""principle_id"":""PRINCIPLE-FEEDBACK"",""rationale"":""Nhu cầu độc lập: Học sinh đã trả lời xuất sắc câu hỏi định hướng của gia sư ở lượt trước bằng cách tự rút ra lợi ích cốt lõi của việc quản lý thư mục tập trung. Học sinh cần được xác nhận, đánh giá và khen ngợi kịp thời để chốt lại kiến thức khoa học này. Nếu bỏ nguyên tắc này: Phản hồi tiếp theo của gia sư nếu không nhận xét và ghi nhận câu trả lời của học sinh mà chuyển ngay sang việc khác sẽ làm mất đi giá trị của chuỗi đối thoại gợi mở trước đó, khiến học sinh hoang mang không rõ suy luận của mình đã đúng chưa."",""requirement_score"":5}]",,
3,flagged,needs_uet_review,BC-HNMU-G9-R0206-STT9-AI08,HNMU-G9-R0206-STT9,9,[10b]: Chuẩn bị dữ liệu và dựng video,Thông hiểu,true,6,8,middle,"[""PRINCIPLE-FEEDBACK"",""PRINCIPLE-QUESTIONING""]","[""PRINCIPLE-EXPLANATION""]",feedback_confirmation_only,"{""PRINCIPLE-CHALLENGE"":1,""PRINCIPLE-EXPLANATION"":3,""PRINCIPLE-FEEDBACK"":5,""PRINCIPLE-MODELLING"":1,""PRINCIPLE-PRACTICE"":2,""PRINCIPLE-QUESTIONING"":4}","[{""evidence"":""turn_index: 7"",""principle_id"":""PRINCIPLE-FEEDBACK"",""rationale"":""Nhu cầu độc lập: Học sinh vừa đưa ra một phát hiện thực tế ở lượt 7 khi nhấp vào nút Background (\""Nó mở ra một bảng màu...\""). Học sinh cần được xác nhận ngay lập tức rằng quan sát của mình là chính xác và liên kết phát hiện này với mục tiêu ban đầu của họ.\nNếu bỏ nguyên tắc này: Gia sư sẽ bỏ qua câu trả lời của học sinh và chuyển ngay sang bước khác, khiến mạch đối thoại bị đứt gãy và học sinh không biết chắc chắn bảng màu đó có phải là công cụ đúng để đổi màu nền dịu mắt hay không."",""requirement_score"":5}]",,
3,flagged,needs_uet_review,BC-HNMU-G9-R0206-STT9-AI10,HNMU-G9-R0206-STT9,9,[10b]: Chuẩn bị dữ liệu và dựng video,Thông hiểu,true,8,10,middle,"[""PRINCIPLE-FEEDBACK"",""PRINCIPLE-QUESTIONING""]","[""PRINCIPLE-CHALLENGE"",""PRINCIPLE-EXPLANATION""]",feedback_confirmation_only,"{""PRINCIPLE-CHALLENGE"":3,""PRINCIPLE-EXPLANATION"":3,""PRINCIPLE-FEEDBACK"":4,""PRINCIPLE-MODELLING"":1,""PRINCIPLE-PRACTICE"":2,""PRINCIPLE-QUESTIONING"":5}","[{""evidence"":""conversation_history lượt 9"",""principle_id"":""PRINCIPLE-FEEDBACK"",""rationale"":""Nhu cầu độc lập: Học sinh đã thực hành đổi màu nền thành công và tự đánh giá kết quả trông hài hòa hơn, học sinh cần được gia sư phản hồi ghi nhận và xác nhận chất lượng của sản phẩm này. Nếu bỏ nguyên tắc này: Phản hồi của gia sư sẽ bỏ qua kết quả thực tế của học sinh, làm mất đi sự kết nối tương tác và không tạo được bước đệm tâm lý tốt để học sinh chuyển sang bước tổng kết lý thuyết."",""requirement_score"":4}]",,
3,flagged,needs_uet_review,BC-HNMU-G9-R0206-STT9-AI12,HNMU-G9-R0206-STT9,9,[10b]: Chuẩn bị dữ liệu và dựng video,Thông hiểu,true,10,12,last,"[""PRINCIPLE-FEEDBACK""]","[""PRINCIPLE-QUESTIONING""]",feedback_confirmation_only,"{""PRINCIPLE-CHALLENGE"":2,""PRINCIPLE-EXPLANATION"":2,""PRINCIPLE-FEEDBACK"":5,""PRINCIPLE-MODELLING"":1,""PRINCIPLE-PRACTICE"":2,""PRINCIPLE-QUESTIONING"":3}","[{""evidence"":""conversation_history (turn_index 11)"",""principle_id"":""PRINCIPLE-FEEDBACK"",""rationale"":""Nhu cầu độc lập: Học sinh vừa tự rút ra kết luận về chức năng của \""Background\"" ở lượt 11 và cần được xác nhận, đánh giá tính chính xác của câu trả lời này để củng cố vững chắc kiến thức đạt được. Nếu bỏ nguyên tắc này: Nếu không phản hồi và đánh giá câu trả lời của học sinh mà chuyển ngay sang nhiệm vụ khác, học sinh sẽ không biết kết luận của mình đã hoàn toàn đúng đắn và chuẩn xác theo mục tiêu bài học hay chưa."",""requirement_score"":5}]",,
3,flagged,needs_uet_review,BC-HNMU-G9-R0207-STT10-AI12,HNMU-G9-R0207-STT10,9,[10b]: Chuẩn bị dữ liệu và dựng video,Thông hiểu,true,10,12,last,"[""PRINCIPLE-FEEDBACK""]","[""PRINCIPLE-CHALLENGE"",""PRINCIPLE-PRACTICE"",""PRINCIPLE-QUESTIONING""]",feedback_confirmation_only,"{""PRINCIPLE-CHALLENGE"":3,""PRINCIPLE-EXPLANATION"":2,""PRINCIPLE-FEEDBACK"":5,""PRINCIPLE-MODELLING"":1,""PRINCIPLE-PRACTICE"":3,""PRINCIPLE-QUESTIONING"":3}","[{""evidence"":""conversation_history (turn_index 11)"",""principle_id"":""PRINCIPLE-FEEDBACK"",""rationale"":""Nhu cầu độc lập: Học sinh vừa đưa ra chuỗi đáp án hoàn chỉnh cuối cùng sau một quá trình tương tác từng bước và cần một phản hồi xác nhận, khen ngợi chính thức từ gia sư để chốt lại kiến thức. Nếu bỏ nguyên tắc này: Phản hồi của gia sư sẽ bỏ qua kết quả cuối cùng của học sinh, khiến học sinh hoang mang không biết tổng thể mình đã làm đúng hoàn toàn chưa và hoạt động học tập bị bỏ lửng không có điểm kết thúc rõ ràng."",""requirement_score"":5}]",,
3,flagged,needs_uet_review,BC-HNMU-G9-R0208-STT11-AI08,HNMU-G9-R0208-STT11,9,[10b]: Chuẩn bị dữ liệu và dựng video,Vận dụng,true,6,8,last,"[""PRINCIPLE-MODELLING"",""PRINCIPLE-PRACTICE"",""PRINCIPLE-FEEDBACK""]","[""PRINCIPLE-EXPLANATION"",""PRINCIPLE-QUESTIONING""]",feedback_confirmation_only;rare_required_set,"{""PRINCIPLE-CHALLENGE"":2,""PRINCIPLE-EXPLANATION"":3,""PRINCIPLE-FEEDBACK"":5,""PRINCIPLE-MODELLING"":4,""PRINCIPLE-PRACTICE"":4,""PRINCIPLE-QUESTIONING"":3}","[{""evidence"":""turn_index: 7"",""principle_id"":""PRINCIPLE-FEEDBACK"",""rationale"":""Nhu cầu độc lập: Học sinh vừa đưa ra đề xuất cho phần cuối của kịch bản và tính toán mốc thời gian (Từ giây 18 đến 28). Học sinh cần một sự xác nhận rõ ràng từ gia sư rằng cách phân chia này đã chính xác, hợp lý và khớp với tổng thời gian yêu cầu (28 giây) hay chưa. Nếu bỏ nguyên tắc này: Nếu gia sư bỏ qua bước nhận xét này mà trực tiếp đưa ra yêu cầu tiếp theo, học sinh sẽ không chắc chắn liệu tính toán của mình đã đúng chuẩn để đưa vào kịch bản chính thức hay chưa."",""requirement_score"":5}]",,
3,flagged,needs_uet_review,BC-HNMU-G9-R0209-STT12-AI06,HNMU-G9-R0209-STT12,9,[10b]: Chuẩn bị dữ liệu và dựng video,Vận dụng,true,4,6,middle,"[""PRINCIPLE-FEEDBACK"",""PRINCIPLE-QUESTIONING""]","[""PRINCIPLE-EXPLANATION""]",feedback_confirmation_only,"{""PRINCIPLE-CHALLENGE"":1,""PRINCIPLE-EXPLANATION"":3,""PRINCIPLE-FEEDBACK"":5,""PRINCIPLE-MODELLING"":2,""PRINCIPLE-PRACTICE"":2,""PRINCIPLE-QUESTIONING"":5}","[{""evidence"":""conversation_history lượt 5"",""principle_id"":""PRINCIPLE-FEEDBACK"",""rationale"":""Nhu cầu độc lập: Học sinh cần được xác nhận rằng việc sắp xếp theo \""Type\"" đã hoạt động đúng như mong đợi và ghi nhận việc học sinh đã nhận thấy các tệp tự gom nhóm theo loại, giúp tạo bước đệm tự tin trước khi thực hiện thao tác di chuyển tệp.\nNếu bỏ nguyên tắc này: Một phản hồi bỏ qua việc xác nhận kết quả quan sát của học sinh ở lượt 5 mà lập tức đưa ra chỉ dẫn mới sẽ làm mất đi tính tương tác hai chiều, học sinh sẽ không chắc chắn liệu mình đã thực hiện đúng và hiểu đúng bản chất của Sort by Type hay chưa."",""requirement_score"":5}]",,
3,flagged,needs_uet_review,BC-HNMU-G9-R0209-STT12-AI08,HNMU-G9-R0209-STT12,9,[10b]: Chuẩn bị dữ liệu và dựng video,Vận dụng,true,6,8,middle,"[""PRINCIPLE-FEEDBACK"",""PRINCIPLE-QUESTIONING""]",[],feedback_confirmation_only,"{""PRINCIPLE-CHALLENGE"":2,""PRINCIPLE-EXPLANATION"":1,""PRINCIPLE-FEEDBACK"":5,""PRINCIPLE-MODELLING"":1,""PRINCIPLE-PRACTICE"":2,""PRINCIPLE-QUESTIONING"":4}","[{""evidence"":""conversation_history (turn_index: 7)"",""principle_id"":""PRINCIPLE-FEEDBACK"",""rationale"":""Nhu cầu độc lập: Học sinh cần nhận được sự xác nhận, khen ngợi và đánh giá tích cực từ gia sư sau khi đã tự giác và hoàn thành xuất sắc việc phân loại các tệp nhạc và video sang các thư mục tương ứng mà không cần hướng dẫn từng bước.\nNếu bỏ nguyên tắc này: Một phản hồi chuyển ngay sang nội dung mới mà không ghi nhận kết quả thực hành sẽ làm mất đi sự tương tác khích lệ, khiến học sinh không rõ thao tác của mình đã hoàn toàn chuẩn xác và tối ưu chưa."",""requirement_score"":5}]",,
3,flagged,needs_uet_review,BC-HNMU-G9-R0209-STT12-AI10,HNMU-G9-R0209-STT12,9,[10b]: Chuẩn bị dữ liệu và dựng video,Vận dụng,true,8,10,last,"[""PRINCIPLE-CHALLENGE"",""PRINCIPLE-FEEDBACK""]","[""PRINCIPLE-QUESTIONING""]",feedback_confirmation_only,"{""PRINCIPLE-CHALLENGE"":4,""PRINCIPLE-EXPLANATION"":2,""PRINCIPLE-FEEDBACK"":5,""PRINCIPLE-MODELLING"":2,""PRINCIPLE-PRACTICE"":2,""PRINCIPLE-QUESTIONING"":3}","[{""evidence"":""Lượt 9 (\""Đã sạch sẽ và dữ liệu dự án của em đã nằm đúng vị trí. Cách phân loại này chuyên nghiệp quá AI ạ!\"")."",""principle_id"":""PRINCIPLE-FEEDBACK"",""rationale"":""Nhu cầu độc lập: Học sinh vừa báo cáo kết quả hoàn thành xuất sắc việc dọn dẹp và sắp xếp toàn bộ dữ liệu dự án vào các thư mục tương ứng. Học sinh cần nhận được phản hồi ghi nhận tích cực, đánh giá chất lượng sản phẩm (thư mục ngăn nắp, đúng cấu trúc) từ gia sư để củng cố sự tự tin và xác nhận tính đúng đắn của hành động. Nếu bỏ nguyên tắc này: Phản hồi của gia sư sẽ bỏ qua nỗ lực thực hành thành công của học sinh, làm mất đi sự tương tác cá nhân hóa và sự khích lệ kịp thời."",""requirement_score"":5}]",,
3,flagged,needs_uet_review,BC-HNMU-G9-R0210-STT13-AI08,HNMU-G9-R0210-STT13,9,[10b]: Chuẩn bị dữ liệu và dựng video,Vận dụng,true,6,8,middle,"[""PRINCIPLE-FEEDBACK"",""PRINCIPLE-QUESTIONING""]","[""PRINCIPLE-PRACTICE""]",feedback_confirmation_only,"{""PRINCIPLE-CHALLENGE"":2,""PRINCIPLE-EXPLANATION"":2,""PRINCIPLE-FEEDBACK"":4,""PRINCIPLE-MODELLING"":1,""PRINCIPLE-PRACTICE"":3,""PRINCIPLE-QUESTIONING"":5}","[{""evidence"":""conversation_history (lượt 7): \""Ảnh đã vào Project Library! Nhưng em còn video và âm thanh nữa.\"""",""principle_id"":""PRINCIPLE-FEEDBACK"",""rationale"":""Nhu cầu độc lập: Học sinh cần được xác nhận rằng thao tác đưa ảnh vào Project Library đã hoàn tất đúng cách để có tâm lý tự tin trước khi xử lý các định dạng tệp khác. Nếu bỏ nguyên tắc này: Phản hồi của gia sư nếu bỏ qua bước công nhận kết quả của học sinh sẽ khiến học sinh hoang mang không rõ trạng thái thư viện hiện tại đã chuẩn chưa, làm giảm tính mạch lạc của quá trình thực hành."",""requirement_score"":4}]",,
3,flagged,needs_uet_review,BC-HNMU-G9-R0210-STT13-AI10,HNMU-G9-R0210-STT13,9,[10b]: Chuẩn bị dữ liệu và dựng video,Vận dụng,true,8,10,last,"[""PRINCIPLE-FEEDBACK"",""PRINCIPLE-QUESTIONING""]",[],feedback_confirmation_only,"{""PRINCIPLE-CHALLENGE"":2,""PRINCIPLE-EXPLANATION"":2,""PRINCIPLE-FEEDBACK"":5,""PRINCIPLE-MODELLING"":2,""PRINCIPLE-PRACTICE"":1,""PRINCIPLE-QUESTIONING"":4}","[{""evidence"":""conversation_history (lượt 9)"",""principle_id"":""PRINCIPLE-FEEDBACK"",""rationale"":""Nhu cầu độc lập: Học sinh đã hoàn thành một chuỗi thao tác chuẩn bị và hồ hởi thông báo kết quả. Học sinh cần sự xác nhận và ghi nhận rõ ràng từ gia sư rằng toàn bộ dữ liệu đã được nhập thành công và đúng cách trước khi chuyển sang giai đoạn tiếp theo.\nNếu bỏ nguyên tắc này: Gia sư sẽ bỏ qua cột mốc hoàn thành nhiệm vụ nguồn của học sinh, không tạo ra sự chuyển giao rõ ràng giữa hai giai đoạn chuẩn bị dữ liệu và bắt đầu dựng video."",""requirement_score"":5}]",,
3,flagged,needs_uet_review,BC-HNMU-G9-R0211-STT14-AI04,HNMU-G9-R0211-STT14,9,[10b]: Chuẩn bị dữ liệu và dựng video,Vận dụng,true,2,4,middle,"[""PRINCIPLE-FEEDBACK"",""PRINCIPLE-QUESTIONING""]","[""PRINCIPLE-EXPLANATION""]",feedback_confirmation_only,"{""PRINCIPLE-CHALLENGE"":1,""PRINCIPLE-EXPLANATION"":3,""PRINCIPLE-FEEDBACK"":5,""PRINCIPLE-MODELLING"":2,""PRINCIPLE-PRACTICE"":2,""PRINCIPLE-QUESTIONING"":5}","[{""evidence"":""turn_index: 3"",""principle_id"":""PRINCIPLE-FEEDBACK"",""rationale"":""Nhu cầu độc lập: Học sinh đã đưa ra một câu trả lời cụ thể cho bước 1 (\""Add title card -> Background -> Chọn màu đỏ\"") và cần được xác nhận ngay lập tức xem thao tác này đã đúng hay chưa để tiếp tục tiến trình. Nếu bỏ nguyên tắc này: Gia sư sẽ không thể củng cố sự tự tin cho học sinh, khiến học sinh hoang mang không biết bước mình vừa làm có chuẩn xác để làm tiếp bước sau hay không."",""requirement_score"":5}]",,
3,flagged,needs_uet_review,BC-HNMU-G9-R0211-STT14-AI08,HNMU-G9-R0211-STT14,9,[10b]: Chuẩn bị dữ liệu và dựng video,Vận dụng,true,6,8,middle,"[""PRINCIPLE-FEEDBACK""]","[""PRINCIPLE-QUESTIONING""]",feedback_confirmation_only,"{""PRINCIPLE-CHALLENGE"":1,""PRINCIPLE-EXPLANATION"":2,""PRINCIPLE-FEEDBACK"":5,""PRINCIPLE-MODELLING"":1,""PRINCIPLE-PRACTICE"":1,""PRINCIPLE-QUESTIONING"":3}","[{""evidence"":""turn_index: 7: \""Để em nhìn kĩ... À, họ đang chọn chữ \""Adventure\""!\"""",""principle_id"":""PRINCIPLE-FEEDBACK"",""rationale"":""Nhu cầu độc lập: Học sinh vừa đưa ra một câu trả lời cụ thể sau khi quan sát hình ảnh trong sách giáo khoa theo yêu cầu của gia sư (\""họ đang chọn chữ 'Adventure'!\""). Học sinh có nhu cầu nhận được phản hồi ngay lập tức để biết mình đã nhận diện đúng kiểu Style hay chưa.\n\nNếu bỏ nguyên tắc này: Một phản hồi không đưa ra nhận xét hay xác nhận câu trả lời của học sinh mà bỏ qua hoặc đi thẳng vào hướng dẫn khác sẽ khiến học sinh hoang mang, không chắc chắn về kết quả quan sát của mình, từ đó làm giảm sự tự tin và hiệu quả thực hành."",""requirement_score"":5}]",,
3,flagged,needs_uet_review,BC-HNMU-G9-R0212-STT1-AI04,HNMU-G9-R0212-STT1,9,[11b]: Thực hành Dựng video theo kịch bản,Nhận biết,true,2,4,middle,"[""PRINCIPLE-FEEDBACK"",""PRINCIPLE-QUESTIONING""]","[""PRINCIPLE-MODELLING""]",feedback_confirmation_only,"{""PRINCIPLE-CHALLENGE"":1,""PRINCIPLE-EXPLANATION"":2,""PRINCIPLE-FEEDBACK"":5,""PRINCIPLE-MODELLING"":3,""PRINCIPLE-PRACTICE"":1,""PRINCIPLE-QUESTIONING"":4}","[{""evidence"":""conversation_history (turn_index: 3)"",""principle_id"":""PRINCIPLE-FEEDBACK"",""rationale"":""Nhu cầu độc lập: Học sinh đã thực hiện một hành động cụ thể là \""nháy chuột vào bức ảnh ở dưới thanh Storyboard\"" và đang chờ đợi sự xác nhận từ gia sư xem thao tác này đã đúng hướng để mở ra các công cụ hiệu ứng hay chưa. Nếu bỏ nguyên tắc này: Gia sư sẽ bỏ qua trạng thái hiện tại của học sinh, không giúp học sinh nhận ra mối liên hệ nhân quả giữa việc chọn đối tượng (bức ảnh) và việc xuất hiện các nút lệnh tương ứng trên thanh công cụ, khiến học sinh mất phương hướng."",""requirement_score"":5}]",,
3,flagged,needs_uet_review,BC-HNMU-G9-R0212-STT1-AI06,HNMU-G9-R0212-STT1,9,[11b]: Thực hành Dựng video theo kịch bản,Nhận biết,true,4,6,middle,"[""PRINCIPLE-FEEDBACK"",""PRINCIPLE-QUESTIONING""]","[""PRINCIPLE-EXPLANATION""]",feedback_confirmation_only,"{""PRINCIPLE-CHALLENGE"":2,""PRINCIPLE-EXPLANATION"":3,""PRINCIPLE-FEEDBACK"":5,""PRINCIPLE-MODELLING"":2,""PRINCIPLE-PRACTICE"":2,""PRINCIPLE-QUESTIONING"":4}","[{""evidence"":""lượt 5 và student_prompt"",""principle_id"":""PRINCIPLE-FEEDBACK"",""rationale"":""Nhu cầu độc lập: Học sinh vừa liệt kê được nút \""3D effects\"" và cần gia sư xác nhận câu trả lời này là đúng, đồng thời khẳng định đây chính là nơi chứa các hiệu ứng tuyết rơi, pháo hoa mà học sinh đang tìm kiếm. Nếu bỏ nguyên tắc này: Phản hồi tiếp theo của gia sư sẽ bị đứt gãy mạch tương tác, không ghi nhận câu trả lời của học sinh ở lượt 5 và khiến học sinh bối rối không biết nút lệnh mình vừa tìm được có liên quan gì đến câu hỏi ban đầu hay không."",""requirement_score"":5}]",,
3,flagged,needs_uet_review,BC-HNMU-G9-R0212-STT1-AI08,HNMU-G9-R0212-STT1,9,[11b]: Thực hành Dựng video theo kịch bản,Nhận biết,true,6,8,last,"[""PRINCIPLE-FEEDBACK"",""PRINCIPLE-QUESTIONING""]",[],feedback_confirmation_only,"{""PRINCIPLE-CHALLENGE"":2,""PRINCIPLE-EXPLANATION"":2,""PRINCIPLE-FEEDBACK"":5,""PRINCIPLE-MODELLING"":2,""PRINCIPLE-PRACTICE"":2,""PRINCIPLE-QUESTIONING"":4}","[{""evidence"":""turn_index: 7"",""principle_id"":""PRINCIPLE-FEEDBACK"",""rationale"":""Nhu cầu độc lập: Học sinh vừa đưa ra một phán đoán chắc chắn ở lượt thoại cuối (\""Chắc chắn là nút '3D effects'\"") và rất cần sự xác nhận ngay lập tức từ gia sư để củng cố niềm tin trước khi thực hiện thao tác vật lý trên phần mềm. Nếu bỏ nguyên tắc này: Một phản hồi không ghi nhận và đánh giá câu trả lời của học sinh sẽ khiến học sinh hoang mang, không chắc chắn liệu mình đã chọn đúng hướng hay chưa và làm giảm động lực tương tác."",""requirement_score"":5}]",,
3,flagged,needs_uet_review,BC-HNMU-G9-R0213-STT2-AI04,HNMU-G9-R0213-STT2,9,[11b]: Thực hành Dựng video theo kịch bản,Nhận biết,true,2,4,middle,"[""PRINCIPLE-EXPLANATION"",""PRINCIPLE-FEEDBACK"",""PRINCIPLE-QUESTIONING""]","[""PRINCIPLE-MODELLING""]",feedback_confirmation_only,"{""PRINCIPLE-CHALLENGE"":1,""PRINCIPLE-EXPLANATION"":5,""PRINCIPLE-FEEDBACK"":4,""PRINCIPLE-MODELLING"":3,""PRINCIPLE-PRACTICE"":2,""PRINCIPLE-QUESTIONING"":4}","[{""evidence"":""conversation_history (turn_index: 3)"",""principle_id"":""PRINCIPLE-FEEDBACK"",""rationale"":""Nhu cầu độc lập: Học sinh vừa chia sẻ trải nghiệm thực tế là \""hay vuốt sang ngang để chọn màu đẹp\"". Gia sư cần ghi nhận, xác nhận câu trả lời này và liên hệ nó trực tiếp với khái niệm Bộ lọc (Filters) trong phần mềm dựng video. Nếu bỏ nguyên tắc này: Gia sư sẽ bỏ qua liên kết tư duy thực tế vô cùng giá trị mà học sinh vừa tự đúc kết, làm mất đi tính cá nhân hóa và giảm hiệu quả kết nối kiến thức mới vào sơ đồ nhận thức sẵn có của học sinh."",""requirement_score"":4}]",,
3,flagged,needs_uet_review,BC-HNMU-G9-R0214-STT3-AI08,HNMU-G9-R0214-STT3,9,[11b]: Thực hành Dựng video theo kịch bản,Nhận biết,true,6,8,last,"[""PRINCIPLE-FEEDBACK""]","[""PRINCIPLE-QUESTIONING""]",feedback_confirmation_only,"{""PRINCIPLE-CHALLENGE"":2,""PRINCIPLE-EXPLANATION"":2,""PRINCIPLE-FEEDBACK"":5,""PRINCIPLE-MODELLING"":2,""PRINCIPLE-PRACTICE"":2,""PRINCIPLE-QUESTIONING"":3}","[{""evidence"":""student_prompt, conversation_history (lượt 7)"",""principle_id"":""PRINCIPLE-FEEDBACK"",""rationale"":""Nhu cầu độc lập: Học sinh cần được xác nhận xem việc chọn bài nhạc \""Blossoming\"" đã đúng chưa và cần nhận xét để biết cách hoàn tất việc chèn nhạc vào video.\nNếu bỏ nguyên tắc này: Học sinh sẽ bị dừng lại ở bước chọn bài nhạc mà không biết thao tác của mình đã được ghi nhận thành công hay chưa, và không biết làm thế nào để nhạc thực sự chạy từ đầu đến cuối video như mong muốn ban đầu."",""requirement_score"":5}]",,
3,flagged,needs_uet_review,BC-HNMU-G9-R0215-STT4-AI06,HNMU-G9-R0215-STT4,9,[11b]: Thực hành Dựng video theo kịch bản,Nhận biết,true,4,6,middle,"[""PRINCIPLE-MODELLING"",""PRINCIPLE-FEEDBACK""]","[""PRINCIPLE-EXPLANATION"",""PRINCIPLE-QUESTIONING""]",feedback_confirmation_only,"{""PRINCIPLE-CHALLENGE"":2,""PRINCIPLE-EXPLANATION"":3,""PRINCIPLE-FEEDBACK"":5,""PRINCIPLE-MODELLING"":4,""PRINCIPLE-PRACTICE"":2,""PRINCIPLE-QUESTIONING"":3}","[{""evidence"":""conversation_history (turn_index: 5)"",""principle_id"":""PRINCIPLE-FEEDBACK"",""rationale"":""Nhu cầu độc lập: Học sinh đã đưa ra câu trả lời chính xác ở lượt 5 về việc chọn nút \""Text\"" và cần được gia sư xác nhận tính đúng đắn này để tự tin tiếp tục thao tác trên phần mềm thực tế.\nNếu bỏ nguyên tắc này: Nếu không phản hồi trực tiếp để xác nhận và khen ngợi câu trả lời của học sinh, cuộc hội thoại sẽ mất đi tính tương tác hai chiều và học sinh không biết chắc mình đã thực hiện đúng bước mở chức năng hay chưa."",""requirement_score"":5}]",,
3,flagged,needs_uet_review,BC-HNMU-G9-R0215-STT4-AI08,HNMU-G9-R0215-STT4,9,[11b]: Thực hành Dựng video theo kịch bản,Nhận biết,true,6,8,last,"[""PRINCIPLE-FEEDBACK""]","[""PRINCIPLE-QUESTIONING""]",feedback_confirmation_only,"{""PRINCIPLE-CHALLENGE"":1,""PRINCIPLE-EXPLANATION"":2,""PRINCIPLE-FEEDBACK"":5,""PRINCIPLE-MODELLING"":1,""PRINCIPLE-PRACTICE"":2,""PRINCIPLE-QUESTIONING"":3}","[{""evidence"":""conversation_history (turn_index: 7)"",""principle_id"":""PRINCIPLE-FEEDBACK"",""rationale"":""Nhu cầu độc lập: Học sinh vừa báo cáo kết quả của một thao tác thực hành cụ thể (\""Em gõ 'Góc sân trường' vào ô đó, chữ hiện lên ảnh luôn rồi ạ!\""). Họ cần được gia sư ghi nhận, xác nhận kết quả này đã chính xác và hướng dẫn cách xử lý tiếp theo để lưu hoặc hoàn tất thao tác thêm phụ đề.\nNếu bỏ nguyên tắc này: Phản hồi của gia sư sẽ bỏ qua sản phẩm thực hành trực tiếp của học sinh, khiến học sinh không rõ thao tác của mình đã thực sự hoàn chỉnh và được lưu lại trong dự án video hay chưa."",""requirement_score"":5}]",,
3,flagged,needs_uet_review,BC-HNMU-G9-R0218-STT7-AI04,HNMU-G9-R0218-STT7,9,[11b]: Thực hành Dựng video theo kịch bản,Thông hiểu,true,2,4,middle,"[""PRINCIPLE-EXPLANATION"",""PRINCIPLE-FEEDBACK""]","[""PRINCIPLE-QUESTIONING""]",feedback_confirmation_only,"{""PRINCIPLE-CHALLENGE"":1,""PRINCIPLE-EXPLANATION"":5,""PRINCIPLE-FEEDBACK"":5,""PRINCIPLE-MODELLING"":2,""PRINCIPLE-PRACTICE"":2,""PRINCIPLE-QUESTIONING"":3}","[{""evidence"":""conversation_history (lượt 3)"",""principle_id"":""PRINCIPLE-FEEDBACK"",""rationale"":""Nhu cầu độc lập: Học sinh vừa đưa ra câu trả lời cho câu hỏi phụ của gia sư về khái niệm \""beat\"" ở lượt trước, do đó rất cần một phản hồi nhận xét xem định nghĩa của mình đã chính xác chưa trước khi đi tiếp. Nếu bỏ nguyên tắc này: Gia sư sẽ bỏ qua câu trả lời của học sinh, làm đứt gãy mạch hội thoại tương tác và học sinh không được xác nhận kiến thức nền tảng quan trọng này."",""requirement_score"":5}]",,
3,flagged,needs_uet_review,BC-HNMU-G9-R0218-STT7-AI06,HNMU-G9-R0218-STT7,9,[11b]: Thực hành Dựng video theo kịch bản,Thông hiểu,true,4,6,middle,"[""PRINCIPLE-EXPLANATION"",""PRINCIPLE-FEEDBACK""]","[""PRINCIPLE-MODELLING"",""PRINCIPLE-QUESTIONING""]",feedback_confirmation_only,"{""PRINCIPLE-CHALLENGE"":1,""PRINCIPLE-EXPLANATION"":5,""PRINCIPLE-FEEDBACK"":5,""PRINCIPLE-MODELLING"":3,""PRINCIPLE-PRACTICE"":2,""PRINCIPLE-QUESTIONING"":3}","[{""evidence"":""turn_index: 5: \""Đồng bộ video với nhịp nhạc ạ?\"""",""principle_id"":""PRINCIPLE-FEEDBACK"",""rationale"":""Nhu cầu độc lập: Học sinh vừa đưa ra câu trả lời tự suy luận ở lượt 5 và cần được gia sư đánh giá xem suy luận đó đã chính xác và đầy đủ chưa. Nếu bỏ nguyên tắc này: Học sinh sẽ không có điểm tựa tin cậy để khẳng định suy luận của mình là đúng, từ đó không thể tự tin tiến tới quyết định có sử dụng tính năng đó hay không."",""requirement_score"":5}]",,
3,flagged,needs_uet_review,BC-HNMU-G9-R0218-STT7-AI08,HNMU-G9-R0218-STT7,9,[11b]: Thực hành Dựng video theo kịch bản,Thông hiểu,true,6,8,last,"[""PRINCIPLE-FEEDBACK"",""PRINCIPLE-QUESTIONING""]",[],feedback_confirmation_only,"{""PRINCIPLE-CHALLENGE"":1,""PRINCIPLE-EXPLANATION"":2,""PRINCIPLE-FEEDBACK"":5,""PRINCIPLE-MODELLING"":1,""PRINCIPLE-PRACTICE"":2,""PRINCIPLE-QUESTIONING"":4}","[{""evidence"":""conversation_history (lượt 7)"",""principle_id"":""PRINCIPLE-FEEDBACK"",""rationale"":""Nhu cầu độc lập: Học sinh vừa đưa ra một liên hệ thực tế rất chính xác (\""giống video trên Tiktok\"", \""rất có nhịp điệu\"") và đưa ra quyết định hành động (\""Em sẽ tích vào luôn!\""). Gia sư cần đưa ra phản hồi để xác nhận tính đúng đắn của sự liên tưởng này và khích lệ quyết định thực hành của học sinh. Nếu bỏ nguyên tắc này: Gia sư sẽ bỏ qua sự chủ động sáng tạo của học sinh, khiến học sinh mất đi sự định hướng và tự tin vào lựa chọn thực hành của mình."",""requirement_score"":5}]",,
3,flagged,needs_uet_review,BC-HNMU-G9-R0219-STT8-AI04,HNMU-G9-R0219-STT8,9,[11b]: Thực hành Dựng video theo kịch bản,Thông hiểu,true,2,4,middle,"[""PRINCIPLE-EXPLANATION"",""PRINCIPLE-FEEDBACK""]","[""PRINCIPLE-PRACTICE"",""PRINCIPLE-QUESTIONING""]",feedback_confirmation_only,"{""PRINCIPLE-CHALLENGE"":1,""PRINCIPLE-EXPLANATION"":4,""PRINCIPLE-FEEDBACK"":4,""PRINCIPLE-MODELLING"":2,""PRINCIPLE-PRACTICE"":3,""PRINCIPLE-QUESTIONING"":3}","[{""evidence"":""conversation_history (turn_index: 3): 'Có ạ, em click thử vào \""Classic\"" thì chữ hiện ra kiểu đánh máy.'"",""principle_id"":""PRINCIPLE-FEEDBACK"",""rationale"":""Nhu cầu độc lập: Học sinh vừa chủ động thực hiện một thao tác thử nghiệm trên giao diện và báo cáo kết quả quan sát được. Học sinh cần nhận được phản hồi xác nhận xem thao tác đó đã đúng hướng chưa để tự tin tiếp tục. Nếu bỏ nguyên tắc này: Gia sư sẽ bỏ qua hành động thực hành của học sinh và chuyển ngay sang hướng dẫn tiếp theo, làm giảm tính tương tác và khiến học sinh không chắc chắn liệu mình có đang đi đúng hướng hay không."",""requirement_score"":4}]",,
3,flagged,needs_uet_review,BC-HNMU-G9-R0219-STT8-AI06,HNMU-G9-R0219-STT8,9,[11b]: Thực hành Dựng video theo kịch bản,Thông hiểu,true,4,6,middle,"[""PRINCIPLE-EXPLANATION"",""PRINCIPLE-FEEDBACK"",""PRINCIPLE-QUESTIONING""]","[""PRINCIPLE-MODELLING""]",feedback_confirmation_only,"{""PRINCIPLE-CHALLENGE"":2,""PRINCIPLE-EXPLANATION"":4,""PRINCIPLE-FEEDBACK"":4,""PRINCIPLE-MODELLING"":3,""PRINCIPLE-PRACTICE"":2,""PRINCIPLE-QUESTIONING"":5}","[{""evidence"":""Lượt 5 trong 'conversation_history'"",""principle_id"":""PRINCIPLE-FEEDBACK"",""rationale"":""Nhu cầu độc lập: Học sinh cần nhận được sự xác nhận và khích lệ từ gia sư sau khi đã tự tìm và áp dụng thành công hiệu ứng chữ \""Adventure\"" rất đẹp. Nếu bỏ nguyên tắc này: Gia sư sẽ bỏ qua kết quả thực hành thành công của học sinh ở bước trước, khiến cuộc hội thoại mất đi tính tương tác tự nhiên và sự khích lệ sư phạm."",""requirement_score"":4}]",,
3,flagged,needs_uet_review,BC-HNMU-G9-R0219-STT8-AI10,HNMU-G9-R0219-STT8,9,[11b]: Thực hành Dựng video theo kịch bản,Thông hiểu,true,8,10,last,"[""PRINCIPLE-FEEDBACK"",""PRINCIPLE-QUESTIONING""]","[""PRINCIPLE-PRACTICE""]",feedback_confirmation_only,"{""PRINCIPLE-CHALLENGE"":2,""PRINCIPLE-EXPLANATION"":2,""PRINCIPLE-FEEDBACK"":4,""PRINCIPLE-MODELLING"":1,""PRINCIPLE-PRACTICE"":3,""PRINCIPLE-QUESTIONING"":4}","[{""evidence"":""conversation_history (turn_index: 9)"",""principle_id"":""PRINCIPLE-FEEDBACK"",""rationale"":""Nhu cầu độc lập: Học sinh cần được ghi nhận và đánh giá cụ thể về kết quả thực hành phối hợp thành công giữa Style và Layout mà họ vừa báo cáo, nhằm củng cố sự tự tin. Nếu bỏ nguyên tắc này: Gia sư nếu chuyển ngay sang nội dung khác mà không đưa ra phản hồi công nhận sẽ làm mất đi sự tương tác khích lệ, khiến học sinh không có sự đúc kết rõ ràng về kết quả của mình."",""requirement_score"":4}]",,
3,flagged,needs_uet_review,BC-HNMU-G9-R0220-STT9-AI08,HNMU-G9-R0220-STT9,9,[11b]: Thực hành Dựng video theo kịch bản,Thông hiểu,true,6,8,middle,"[""PRINCIPLE-EXPLANATION"",""PRINCIPLE-FEEDBACK""]","[""PRINCIPLE-PRACTICE"",""PRINCIPLE-QUESTIONING""]",feedback_confirmation_only,"{""PRINCIPLE-CHALLENGE"":1,""PRINCIPLE-EXPLANATION"":5,""PRINCIPLE-FEEDBACK"":5,""PRINCIPLE-MODELLING"":1,""PRINCIPLE-PRACTICE"":3,""PRINCIPLE-QUESTIONING"":3}","[{""evidence"":""conversation_history (lượt 7)"",""principle_id"":""PRINCIPLE-FEEDBACK"",""rationale"":""Nhu cầu độc lập: Học sinh vừa đưa ra một câu trả lời tự suy luận rất chính xác ở lượt 7 về cách dùng 3D effects để chèn thêm đối tượng. Học sinh cần được xác nhận tính đúng đắn của câu trả lời này để củng cố niềm tin vào suy luận của mình.\nNếu bỏ nguyên tắc này: Nếu gia sư bỏ qua việc phản hồi/nhận xét câu trả lời của học sinh mà đi thẳng vào định nghĩa hoặc câu hỏi mới, học sinh sẽ không được xác nhận chắc chắn rằng suy luận của mình về ví dụ con rồng là hoàn toàn chính xác."",""requirement_score"":5}]",,
3,flagged,needs_uet_review,BC-HNMU-G9-R0221-STT10-AI08,HNMU-G9-R0221-STT10,9,[11b]: Thực hành Dựng video theo kịch bản,Thông hiểu,true,6,8,middle,"[""PRINCIPLE-FEEDBACK"",""PRINCIPLE-QUESTIONING""]","[""PRINCIPLE-CHALLENGE"",""PRINCIPLE-EXPLANATION""]",feedback_confirmation_only,"{""PRINCIPLE-CHALLENGE"":3,""PRINCIPLE-EXPLANATION"":3,""PRINCIPLE-FEEDBACK"":5,""PRINCIPLE-MODELLING"":1,""PRINCIPLE-PRACTICE"":2,""PRINCIPLE-QUESTIONING"":4}","[{""evidence"":""conversation_history lượt 7: \""Em sẽ kéo sang bên trái. Kéo xuống còn khoảng 20% thôi ạ.\"""",""principle_id"":""PRINCIPLE-FEEDBACK"",""rationale"":""Nhu cầu độc lập: Học sinh vừa đưa ra một phương án xử lý cụ thể (\""kéo sang bên trái\"", \""còn khoảng 20%\"") để giải quyết lỗi tiếng ồn của hiệu ứng. Học sinh cần nhận được phản hồi trực tiếp để xác nhận xem suy luận kỹ thuật của mình đã chính xác chưa.\nNếu bỏ nguyên tắc này: Một phản hồi không có phần nhận xét, xác nhận tính đúng đắn cho câu trả lời của học sinh sẽ khiến họ hoang mang, không chắc chắn liệu mình có đang thao tác đúng hướng trên phần mềm hay không."",""requirement_score"":5}]",,
3,flagged,needs_uet_review,BC-HNMU-G9-R0222-STT11-AI10,HNMU-G9-R0222-STT11,9,[11b]: Thực hành Dựng video theo kịch bản,Vận dụng,true,8,10,last,"[""PRINCIPLE-CHALLENGE"",""PRINCIPLE-FEEDBACK""]","[""PRINCIPLE-QUESTIONING""]",feedback_confirmation_only,"{""PRINCIPLE-CHALLENGE"":4,""PRINCIPLE-EXPLANATION"":1,""PRINCIPLE-FEEDBACK"":5,""PRINCIPLE-MODELLING"":1,""PRINCIPLE-PRACTICE"":2,""PRINCIPLE-QUESTIONING"":3}","[{""evidence"":""conversation_history (turn_index: 8, turn_index: 9)"",""principle_id"":""PRINCIPLE-FEEDBACK"",""rationale"":""Nhu cầu độc lập: Học sinh cần một sự đánh giá và xác nhận chuyên môn rõ ràng cho việc hoàn thành xuất sắc tất cả các bước kỹ thuật (từ chọn hiệu ứng, căn chỉnh vị trí đến dải thời gian). Nếu bỏ nguyên tắc này: Một phản hồi chuyển ngay sang việc khác mà không chốt và ghi nhận kết quả sẽ làm mất đi tính tương tác sư phạm và không củng cố được sự tự tin của học sinh về kết quả thực hành của mình."",""requirement_score"":5}]",,
3,flagged,needs_uet_review,BC-HNMU-G9-R0223-STT12-AI04,HNMU-G9-R0223-STT12,9,[11b]: Thực hành Dựng video theo kịch bản,Vận dụng,true,2,4,middle,"[""PRINCIPLE-FEEDBACK"",""PRINCIPLE-QUESTIONING""]",[],feedback_confirmation_only,"{""PRINCIPLE-CHALLENGE"":1,""PRINCIPLE-EXPLANATION"":2,""PRINCIPLE-FEEDBACK"":5,""PRINCIPLE-MODELLING"":1,""PRINCIPLE-PRACTICE"":2,""PRINCIPLE-QUESTIONING"":4}","[{""evidence"":""conversation_history (turn_index: 3)"",""principle_id"":""PRINCIPLE-FEEDBACK"",""rationale"":""Nhu cầu độc lập: Học sinh vừa hoàn thành một bước thao tác cụ thể và chia sẻ quan sát thực tế của mình về hiệu ứng hình ảnh thu được (\""tối tối như dính mực\""). Học sinh cần một phản hồi sư phạm xác nhận rằng họ đã thực hiện đúng thao tác và công nhận nhận xét trực quan rất chính xác của họ để củng cố sự tự tin.\nNếu bỏ nguyên tắc này: Phản hồi tiếp theo sẽ bỏ qua sản phẩm thực hành trung gian của học sinh, không xác nhận tính đúng đắn của bước đi hiện tại, khiến tương tác trở nên máy móc và học sinh không chắc chắn mình đã hoàn thành đúng ảnh thứ nhất chưa."",""requirement_score"":5}]",,
3,flagged,needs_uet_review,BC-HNMU-G9-R0223-STT12-AI06,HNMU-G9-R0223-STT12,9,[11b]: Thực hành Dựng video theo kịch bản,Vận dụng,true,4,6,middle,"[""PRINCIPLE-FEEDBACK"",""PRINCIPLE-QUESTIONING""]",[],feedback_confirmation_only,"{""PRINCIPLE-CHALLENGE"":2,""PRINCIPLE-EXPLANATION"":2,""PRINCIPLE-FEEDBACK"":5,""PRINCIPLE-MODELLING"":1,""PRINCIPLE-PRACTICE"":2,""PRINCIPLE-QUESTIONING"":5}","[{""evidence"":""conversation_history (turn 5): \""Ảnh 2 em chọn 'Arcade', màu sắc trông rực rỡ... Ảnh 3 em chọn 'Sepia', nó biến thành màu nâu cổ điển...\"""",""principle_id"":""PRINCIPLE-FEEDBACK"",""rationale"":""Nhu cầu độc lập: Học sinh vừa hoàn thành việc áp dụng bộ lọc cho ảnh 2, ảnh 3 và chia sẻ những quan sát rất tinh tế về hiệu ứng màu sắc. Học sinh cần nhận được sự xác nhận đúng đắn và lời khen ngợi cho những trải nghiệm thực tế này để củng cố sự tự tin.\nNếu bỏ nguyên tắc này: Phản hồi tiếp theo sẽ bỏ qua những chia sẻ đầy hào hứng của học sinh, làm mất đi sự tương tác cá nhân hóa và giảm động lực thực hành của học sinh."",""requirement_score"":5}]",,
3,flagged,needs_uet_review,BC-HNMU-G9-R0223-STT12-AI08,HNMU-G9-R0223-STT12,9,[11b]: Thực hành Dựng video theo kịch bản,Vận dụng,true,6,8,last,"[""PRINCIPLE-FEEDBACK"",""PRINCIPLE-QUESTIONING""]",[],feedback_confirmation_only,"{""PRINCIPLE-CHALLENGE"":2,""PRINCIPLE-EXPLANATION"":1,""PRINCIPLE-FEEDBACK"":5,""PRINCIPLE-MODELLING"":1,""PRINCIPLE-PRACTICE"":2,""PRINCIPLE-QUESTIONING"":4}","[{""evidence"":""conversation_history lượt 7: 'Em đã áp dụng xong 4 bộ lọc cho 4 ảnh rồi ạ.'"",""principle_id"":""PRINCIPLE-FEEDBACK"",""rationale"":""Nhu cầu độc lập: Học sinh vừa báo cáo hoàn thành toàn bộ Nhiệm vụ 2 với kết quả cụ thể cho cả 4 ảnh, do đó rất cần một phản hồi xác nhận chính xác và khích lệ từ gia sư để củng cố sự tự tin trước khi tiếp tục. Nếu bỏ nguyên tắc này: Gia sư sẽ bỏ qua kết quả tự làm của học sinh, làm mất đi sự tương tác sư phạm cần thiết và giảm động lực thực hành của học sinh."",""requirement_score"":5}]",,
3,flagged,needs_uet_review,BC-HNMU-G9-R0225-STT14-AI10,HNMU-G9-R0225-STT14,9,[11b]: Thực hành Dựng video theo kịch bản,Vận dụng,true,8,10,middle,"[""PRINCIPLE-FEEDBACK"",""PRINCIPLE-QUESTIONING""]","[""PRINCIPLE-PRACTICE""]",feedback_confirmation_only,"{""PRINCIPLE-CHALLENGE"":2,""PRINCIPLE-EXPLANATION"":2,""PRINCIPLE-FEEDBACK"":5,""PRINCIPLE-MODELLING"":1,""PRINCIPLE-PRACTICE"":3,""PRINCIPLE-QUESTIONING"":5}","[{""evidence"":""conversation_history (lượt 9)"",""principle_id"":""PRINCIPLE-FEEDBACK"",""rationale"":""Nhu cầu độc lập: Học sinh vừa đưa ra ý tưởng lựa chọn hiệu ứng hình ảnh cụ thể (bong bóng hoặc hoa giấy cho bức ảnh cả lớp cười đùa), học sinh cần nhận được sự đánh giá thẩm mỹ và xác nhận từ gia sư xem lựa chọn đó đã hài hòa và phù hợp chưa. Nếu bỏ nguyên tắc này: Phản hồi tiếp theo nếu chỉ chuyển sang câu hỏi mới mà không nhận xét ý tưởng của học sinh sẽ khiến học sinh hoang mang, không rõ thiết kế của mình đã tốt chưa để tự tin áp dụng lúc thực hành."",""requirement_score"":5}]",,
3,flagged,needs_uet_review,BC-HNMU-G9-R0228-STT3-AI04,HNMU-G9-R0228-STT3,9,[12b]: Hoàn thành việc dựng video,Nhận biết,true,2,4,middle,"[""PRINCIPLE-FEEDBACK"",""PRINCIPLE-QUESTIONING""]","[""PRINCIPLE-EXPLANATION""]",feedback_confirmation_only,"{""PRINCIPLE-CHALLENGE"":2,""PRINCIPLE-EXPLANATION"":3,""PRINCIPLE-FEEDBACK"":4,""PRINCIPLE-MODELLING"":2,""PRINCIPLE-PRACTICE"":2,""PRINCIPLE-QUESTIONING"":5}","[{""evidence"":""conversation_history: lượt 3 (student: \""Em sẽ dùng tay xoay nó lại cho đúng chiều ạ.\"")"",""principle_id"":""PRINCIPLE-FEEDBACK"",""rationale"":""Nhu cầu độc lập: Học sinh vừa đưa ra câu trả lời cho câu hỏi gợi mở ở lượt trước (\""dùng tay xoay nó lại\""). Học sinh cần nhận được phản hồi xác nhận tính đúng đắn của liên hệ thực tế này để có cơ sở suy luận tiếp. Nếu bỏ nguyên tắc này: Nếu không nhận xét câu trả lời của học sinh mà trực tiếp chuyển sang nội dung khác, mạch hội thoại gợi mở sẽ bị đứt gãy và học sinh không biết tư duy của mình có đúng hướng hay không."",""requirement_score"":4}]",,
3,flagged,needs_uet_review,BC-HNMU-G9-R0228-STT3-AI06,HNMU-G9-R0228-STT3,9,[12b]: Hoàn thành việc dựng video,Nhận biết,true,4,6,middle,"[""PRINCIPLE-FEEDBACK"",""PRINCIPLE-QUESTIONING""]",[],feedback_confirmation_only,"{""PRINCIPLE-CHALLENGE"":1,""PRINCIPLE-EXPLANATION"":2,""PRINCIPLE-FEEDBACK"":4,""PRINCIPLE-MODELLING"":1,""PRINCIPLE-PRACTICE"":2,""PRINCIPLE-QUESTIONING"":5}","[{""evidence"":""conversation_history (turn_index: 5)"",""principle_id"":""PRINCIPLE-FEEDBACK"",""rationale"":""Nhu cầu độc lập: Học sinh cần được xác nhận ngay lập tức rằng nút \""Rotate\"" mà mình tìm thấy trên thanh công cụ là hoàn toàn chính xác để có đủ tự tin bấm thử.\nNếu bỏ nguyên tắc này: Học sinh có thể ngần ngại không dám bấm hoặc không chắc chắn thao tác mình sắp thực hiện có đúng hướng giải quyết lỗi hay không."",""requirement_score"":4}]",,
3,flagged,needs_uet_review,BC-HNMU-G9-R0228-STT3-AI08,HNMU-G9-R0228-STT3,9,[12b]: Hoàn thành việc dựng video,Nhận biết,true,6,8,last,"[""PRINCIPLE-FEEDBACK""]","[""PRINCIPLE-EXPLANATION"",""PRINCIPLE-PRACTICE"",""PRINCIPLE-QUESTIONING""]",feedback_confirmation_only,"{""PRINCIPLE-CHALLENGE"":2,""PRINCIPLE-EXPLANATION"":3,""PRINCIPLE-FEEDBACK"":5,""PRINCIPLE-MODELLING"":1,""PRINCIPLE-PRACTICE"":3,""PRINCIPLE-QUESTIONING"":3}","[{""evidence"":""conversation_history (lượt 7)"",""principle_id"":""PRINCIPLE-FEEDBACK"",""rationale"":""Nhu cầu độc lập: Học sinh đã thực hành tự bấm nút, quan sát kết quả ('xoay 90 độ theo chiều kim đồng hồ') và tự tìm ra giải pháp ('phải bấm 3 lần nó mới thẳng lại'). Học sinh có nhu cầu nhận được sự đánh giá, xác nhận tính đúng đắn và khen ngợi cho nỗ lực tự giải quyết vấn đề của mình. Nếu bỏ nguyên tắc này: Một phản hồi bỏ qua kết quả tự thực hành của học sinh mà chuyển ngay sang nội dung khác sẽ làm mất đi động lực học tập, khiến học sinh hoang mang không biết cách làm của mình đã chuẩn xác hay chưa."",""requirement_score"":5}]",,
3,flagged,needs_uet_review,BC-HNMU-G9-R0229-STT4-AI08,HNMU-G9-R0229-STT4,9,[12b]: Hoàn thành việc dựng video,Nhận biết,true,6,8,last,"[""PRINCIPLE-FEEDBACK"",""PRINCIPLE-QUESTIONING""]",[],feedback_confirmation_only,"{""PRINCIPLE-CHALLENGE"":2,""PRINCIPLE-EXPLANATION"":2,""PRINCIPLE-FEEDBACK"":5,""PRINCIPLE-MODELLING"":1,""PRINCIPLE-PRACTICE"":2,""PRINCIPLE-QUESTIONING"":4}","[{""evidence"":""conversation_history (turn 7)"",""principle_id"":""PRINCIPLE-FEEDBACK"",""rationale"":""Nhu cầu độc lập: Học sinh vừa thực hiện thành công một thao tác kỹ thuật và hào hứng chia sẻ quan sát thực tế của mình về kết quả. Học sinh cần một phản hồi xác nhận tính đúng đắn của thao tác và ghi nhận phát hiện của mình về tính năng thay đổi đồng bộ của Themes.\nNếu bỏ nguyên tắc này: Phản hồi tiếp theo sẽ bỏ qua thành quả thực hành trực quan của học sinh, khiến học sinh không được củng cố niềm tin rằng mình đã thao tác đúng và hiểu đúng bản chất công cụ."",""requirement_score"":5}]",,
3,flagged,needs_uet_review,BC-HNMU-G9-R0230-STT5-AI04,HNMU-G9-R0230-STT5,9,[12b]: Hoàn thành việc dựng video,Thông hiểu,true,2,4,middle,"[""PRINCIPLE-FEEDBACK"",""PRINCIPLE-QUESTIONING""]","[""PRINCIPLE-EXPLANATION""]",feedback_confirmation_only,"{""PRINCIPLE-CHALLENGE"":1,""PRINCIPLE-EXPLANATION"":3,""PRINCIPLE-FEEDBACK"":5,""PRINCIPLE-MODELLING"":2,""PRINCIPLE-PRACTICE"":2,""PRINCIPLE-QUESTIONING"":4}","[{""evidence"":""Trường conversation_history lượt 3 (\""Nó chạy suốt video thì chắc chắn là \""Background music\"" ạ.\"")."",""principle_id"":""PRINCIPLE-FEEDBACK"",""rationale"":""Nhu cầu độc lập: Học sinh vừa đưa ra một suy luận cụ thể ở lượt hội thoại số 3 (\""Nó chạy suốt video thì chắc chắn là 'Background music'\"") và cần được xác nhận tính đúng đắn cũng như củng cố lý do dựa trên đặc tính cốt lõi của công cụ. Nếu bỏ nguyên tắc này: Một phản hồi bỏ qua câu trả lời của học sinh để chuyển ngay sang nội dung mới sẽ làm mất đi sự kết nối tương tác, khiến học sinh hoang mang không biết suy luận của mình đã hoàn toàn chính xác và đúng bản chất hay chưa."",""requirement_score"":5}]",,
3,flagged,needs_uet_review,BC-HNMU-G9-R0230-STT5-AI08,HNMU-G9-R0230-STT5,9,[12b]: Hoàn thành việc dựng video,Thông hiểu,true,6,8,middle,"[""PRINCIPLE-FEEDBACK"",""PRINCIPLE-QUESTIONING""]","[""PRINCIPLE-EXPLANATION""]",feedback_confirmation_only,"{""PRINCIPLE-CHALLENGE"":1,""PRINCIPLE-EXPLANATION"":3,""PRINCIPLE-FEEDBACK"":5,""PRINCIPLE-MODELLING"":2,""PRINCIPLE-PRACTICE"":2,""PRINCIPLE-QUESTIONING"":4}","[{""evidence"":""conversation_history (turn_index 7)"",""principle_id"":""PRINCIPLE-FEEDBACK"",""rationale"":""Nhu cầu độc lập: Học sinh vừa đưa ra câu trả lời ở lượt 7 giải thích cơ chế của \""Background music\"" và cần được xác nhận ngay lập tức xem tư duy đó đã chính xác và đầy đủ chưa.\nNếu bỏ nguyên tắc này: Phản hồi tiếp theo của gia sư sẽ bỏ qua nỗ lực suy luận của học sinh, khiến học sinh hoang mang không biết câu trả lời của mình có đúng hay không trước khi đi tiếp."",""requirement_score"":5}]",,
3,flagged,needs_uet_review,BC-HNMU-G9-R0230-STT5-AI10,HNMU-G9-R0230-STT5,9,[12b]: Hoàn thành việc dựng video,Thông hiểu,true,8,10,last,"[""PRINCIPLE-FEEDBACK""]","[""PRINCIPLE-EXPLANATION"",""PRINCIPLE-PRACTICE"",""PRINCIPLE-QUESTIONING""]",feedback_confirmation_only,"{""PRINCIPLE-CHALLENGE"":2,""PRINCIPLE-EXPLANATION"":3,""PRINCIPLE-FEEDBACK"":5,""PRINCIPLE-MODELLING"":2,""PRINCIPLE-PRACTICE"":3,""PRINCIPLE-QUESTIONING"":3}","[{""evidence"":""conversation_history (turn_index: 9), student_prompt"",""principle_id"":""PRINCIPLE-FEEDBACK"",""rationale"":""Nhu cầu độc lập: Học sinh đã hoàn thành chuỗi câu hỏi gợi mở và đưa ra câu trả lời quyết định ở lượt 9 về cơ chế hoạt động của \""Custom audio\"". Học sinh cần một phản hồi xác nhận tính đúng đắn của câu trả lời này để hoàn thành mục tiêu phân biệt ban đầu.\nNếu bỏ nguyên tắc này: Học sinh sẽ không biết chắc chắn câu trả lời của mình đã hoàn toàn chính xác chưa và chuỗi hội thoại gợi mở trước đó sẽ bị bỏ lửng mà không có sự chốt kiến thức rõ ràng."",""requirement_score"":5}]",,
3,flagged,needs_uet_review,BC-HNMU-G9-R0231-STT6-AI08,HNMU-G9-R0231-STT6,9,[12b]: Hoàn thành việc dựng video,Thông hiểu,true,6,8,last,"[""PRINCIPLE-FEEDBACK"",""PRINCIPLE-QUESTIONING""]","[""PRINCIPLE-EXPLANATION"",""PRINCIPLE-PRACTICE""]",feedback_confirmation_only,"{""PRINCIPLE-CHALLENGE"":2,""PRINCIPLE-EXPLANATION"":3,""PRINCIPLE-FEEDBACK"":5,""PRINCIPLE-MODELLING"":2,""PRINCIPLE-PRACTICE"":3,""PRINCIPLE-QUESTIONING"":4}","[{""evidence"":""conversation_history (lượt 7)"",""principle_id"":""PRINCIPLE-FEEDBACK"",""rationale"":""Nhu cầu độc lập: Học sinh vừa đưa ra một phán đoán ở lượt 7 về cơ chế hoạt động của \""Fade out\"" (\""tiếng sẽ nhỏ dần đi chứ không bị ngắt cái bụp\""). Học sinh cần nhận được sự xác nhận chính xác từ gia sư để củng cố niềm tin vào suy luận của mình. Nếu bỏ nguyên tắc này: Phản hồi của gia sư sẽ bỏ qua câu trả lời của học sinh, khiến học sinh không biết chắc chắn suy luận của mình về Fade out đã đúng chưa, làm giảm hiệu quả của tiến trình học tập chủ động."",""requirement_score"":5}]",,
3,flagged,needs_uet_review,BC-HNMU-G9-R0232-STT7-AI08,HNMU-G9-R0232-STT7,9,[12b]: Hoàn thành việc dựng video,Vận dụng,true,6,8,last,"[""PRINCIPLE-EXPLANATION"",""PRINCIPLE-FEEDBACK""]","[""PRINCIPLE-PRACTICE"",""PRINCIPLE-QUESTIONING""]",feedback_confirmation_only,"{""PRINCIPLE-CHALLENGE"":2,""PRINCIPLE-EXPLANATION"":4,""PRINCIPLE-FEEDBACK"":5,""PRINCIPLE-MODELLING"":1,""PRINCIPLE-PRACTICE"":3,""PRINCIPLE-QUESTIONING"":3}","[{""evidence"":""turn_index: 7: \""Vậy nếu em kéo sang phải (Fast) thì nó sẽ biến thành tua nhanh đúng không AI?\"""",""principle_id"":""PRINCIPLE-FEEDBACK"",""rationale"":""Nhu cầu độc lập: Học sinh đã tự đưa ra một phỏng đoán logic dựa trên trải nghiệm trước đó (\""kéo sang phải thì sẽ biến thành tua nhanh\""), và họ cần một sự xác nhận rõ ràng, kịp thời từ phía gia sư để củng cố niềm tin vào suy luận của mình.\nNếu bỏ nguyên tắc này: Nếu không phản hồi và đánh giá tính chính xác của phỏng đoán này, học sinh sẽ rơi vào trạng thái mơ hồ, không chắc chắn về quy luật hoạt động của công cụ Speed chiều ngược lại."",""requirement_score"":5}]",,
3,flagged,needs_uet_review,BC-HNMU-G9-R0233-STT8-AI08,HNMU-G9-R0233-STT8,9,[12b]: Hoàn thành việc dựng video,Thông hiểu,true,6,8,last,"[""PRINCIPLE-FEEDBACK""]","[""PRINCIPLE-EXPLANATION"",""PRINCIPLE-QUESTIONING""]",feedback_confirmation_only,"{""PRINCIPLE-CHALLENGE"":2,""PRINCIPLE-EXPLANATION"":3,""PRINCIPLE-FEEDBACK"":5,""PRINCIPLE-MODELLING"":1,""PRINCIPLE-PRACTICE"":2,""PRINCIPLE-QUESTIONING"":3}","[{""evidence"":""conversation_history[7]"",""principle_id"":""PRINCIPLE-FEEDBACK"",""rationale"":""Nhu cầu độc lập: Học sinh vừa tự suy luận và đưa ra câu trả lời rất chính xác về các ứng dụng của Split (chèn Text riêng, đổi Filter riêng, chỉnh tốc độ riêng) ở lượt 7. Học sinh cần một sự xác nhận, khen ngợi và đánh giá cụ thể để củng cố niềm tin vào lập luận của mình. Nếu bỏ nguyên tắc này: Phản hồi của gia sư sẽ bỏ qua nỗ lực tự suy luận của học sinh, không cho học sinh biết câu trả lời của mình đã hoàn toàn chính xác và đầy đủ chưa, làm mất đi tính định hướng sư phạm và động lực học tập."",""requirement_score"":5}]",,
3,flagged,needs_uet_review,BC-HNMU-G9-R0234-STT9-AI08,HNMU-G9-R0234-STT9,9,[12b]: Hoàn thành việc dựng video,Thông hiểu,true,6,8,last,"[""PRINCIPLE-EXPLANATION"",""PRINCIPLE-FEEDBACK""]","[""PRINCIPLE-PRACTICE"",""PRINCIPLE-QUESTIONING""]",feedback_confirmation_only,"{""PRINCIPLE-CHALLENGE"":2,""PRINCIPLE-EXPLANATION"":5,""PRINCIPLE-FEEDBACK"":5,""PRINCIPLE-MODELLING"":2,""PRINCIPLE-PRACTICE"":3,""PRINCIPLE-QUESTIONING"":3}","[{""evidence"":""conversation_history (lượt 7)"",""principle_id"":""PRINCIPLE-FEEDBACK"",""rationale"":""Nhu cầu độc lập: Học sinh vừa đưa ra câu trả lời tự suy luận ở lượt 7 (\""À, em hiểu rồi! Phải dùng 'Back up project'\"") và cần được gia sư đánh giá, xác nhận tính đúng đắn một cách chính thức để củng cố sự tự tin. Nếu bỏ nguyên tắc này: Phản hồi tiếp theo sẽ bỏ qua câu trả lời của học sinh, khiến mạch hội thoại bị đứt gãy và học sinh không biết chắc chắn kết luận của mình đã hoàn toàn chính xác hay chưa."",""requirement_score"":5}]",,
3,flagged,needs_uet_review,BC-HNMU-G9-R0235-STT10-AI08,HNMU-G9-R0235-STT10,9,[12b]: Hoàn thành việc dựng video,Vận dụng,true,6,8,middle,"[""PRINCIPLE-EXPLANATION"",""PRINCIPLE-FEEDBACK""]","[""PRINCIPLE-QUESTIONING""]",feedback_confirmation_only,"{""PRINCIPLE-CHALLENGE"":1,""PRINCIPLE-EXPLANATION"":4,""PRINCIPLE-FEEDBACK"":4,""PRINCIPLE-MODELLING"":2,""PRINCIPLE-PRACTICE"":2,""PRINCIPLE-QUESTIONING"":3}","[{""evidence"":""conversation_history lượt 7"",""principle_id"":""PRINCIPLE-FEEDBACK"",""rationale"":""Nhu cầu độc lập: Học sinh vừa đưa ra câu trả lời chính xác về vị trí mặc định của thanh âm thanh (ở đầu video, dưới ảnh 1). Học sinh cần nhận được sự xác nhận rằng quan sát của họ là đúng để làm điểm tựa cho bước xử lý tiếp theo. Nếu bỏ nguyên tắc này: Học sinh sẽ không biết chắc chắn nhận định của mình đã đúng chưa, tạo ra sự ngập ngừng và giảm hiệu quả của tiến trình gỡ kẹt."",""requirement_score"":4}]",,
3,flagged,needs_uet_review,BC-HNMU-G9-R0235-STT10-AI10,HNMU-G9-R0235-STT10,9,[12b]: Hoàn thành việc dựng video,Vận dụng,true,8,10,last,"[""PRINCIPLE-FEEDBACK"",""PRINCIPLE-QUESTIONING""]",[],questioning_without_answer_dependency,"{""PRINCIPLE-CHALLENGE"":1,""PRINCIPLE-EXPLANATION"":2,""PRINCIPLE-FEEDBACK"":5,""PRINCIPLE-MODELLING"":1,""PRINCIPLE-PRACTICE"":2,""PRINCIPLE-QUESTIONING"":4}","[{""evidence"":""student_prompt: \""...tiếng nó chạy loạn xạ.\"" và turn_index 9: \""Em kéo nó nằm ngay dưới bức ảnh thứ 3 rồi ạ.\"""",""principle_id"":""PRINCIPLE-QUESTIONING"",""rationale"":""Nhu cầu độc lập: Học sinh cần được hướng dẫn chạy thử video và tự mình trả lời xem âm thanh phát ra đã khớp hoàn toàn với bức ảnh thứ 3 chưa nhằm phát triển kỹ năng tự kiểm chứng sản phẩm.\nNếu bỏ nguyên tắc này: Gia sư sẽ chỉ đơn giản bảo học sinh bấm Done để kết thúc mà không yêu cầu học sinh chạy thử, khiến học sinh mất đi cơ hội chủ động kiểm tra xem lỗi \""tiếng chạy loạn xạ\"" ban đầu đã được khắc phục triệt để hay chưa."",""requirement_score"":4}]",,
3,flagged,needs_uet_review,BC-HNMU-G9-R0236-STT11-AI04,HNMU-G9-R0236-STT11,9,[12b]: Hoàn thành việc dựng video,Vận dụng,true,2,4,middle,"[""PRINCIPLE-FEEDBACK"",""PRINCIPLE-QUESTIONING""]","[""PRINCIPLE-EXPLANATION"",""PRINCIPLE-MODELLING""]",feedback_confirmation_only,"{""PRINCIPLE-CHALLENGE"":2,""PRINCIPLE-EXPLANATION"":3,""PRINCIPLE-FEEDBACK"":5,""PRINCIPLE-MODELLING"":3,""PRINCIPLE-PRACTICE"":2,""PRINCIPLE-QUESTIONING"":4}","[{""evidence"":""conversation_history (turn_index: 3): \""Dạ vâng, có một nút tròn trên thanh trượt và hình ảnh preview ở trên.\"""",""principle_id"":""PRINCIPLE-FEEDBACK"",""rationale"":""Nhu cầu độc lập: Học sinh vừa xác nhận đã thấy nút tròn trên thanh trượt và hình ảnh preview. Gia sư cần đưa ra phản hồi trực tiếp dựa trên phản hồi này để chỉ ra cách sử dụng các thành phần đó nhằm giải quyết lỗi cắt nhầm.\nNếu bỏ nguyên tắc này: Nếu không phản hồi trên thông tin học sinh vừa cung cấp mà đưa ra chỉ dẫn chung chung, phản hồi sẽ không khớp với trạng thái quan sát hiện tại của học sinh, làm mất đi tính tương tác cá nhân hóa."",""requirement_score"":5}]",,
3,flagged,needs_uet_review,BC-HNMU-G9-R0236-STT11-AI10,HNMU-G9-R0236-STT11,9,[12b]: Hoàn thành việc dựng video,Vận dụng,true,8,10,last,"[""PRINCIPLE-CHALLENGE"",""PRINCIPLE-FEEDBACK"",""PRINCIPLE-QUESTIONING""]",[],feedback_confirmation_only,"{""PRINCIPLE-CHALLENGE"":4,""PRINCIPLE-EXPLANATION"":1,""PRINCIPLE-FEEDBACK"":5,""PRINCIPLE-MODELLING"":1,""PRINCIPLE-PRACTICE"":2,""PRINCIPLE-QUESTIONING"":4}","[{""evidence"":""Lượt 9: \""Em nhích đến đúng 4.0 rồi ấn Done. Video đã chia làm 2 mảnh hoàn hảo. Trăm hay không bằng tay quen!\"""",""principle_id"":""PRINCIPLE-FEEDBACK"",""rationale"":""Nhu cầu độc lập: Học sinh vừa báo cáo kết quả thực hiện thành công thao tác chia video theo đúng yêu cầu đề bài. Học sinh cần nhận được sự ghi nhận, đánh giá tích cực và xác nhận tính chính xác từ gia sư để củng cố niềm tin vào năng lực của bản thân. Nếu bỏ nguyên tắc này: Phản hồi tiếp theo sẽ bỏ qua thành quả thực tế của học sinh, làm mất đi sự tương tác sư phạm tự nhiên và làm giảm động lực học tập của học sinh."",""requirement_score"":5}]",,
3,flagged,needs_uet_review,BC-HNMU-G9-R0238-STT13-AI04,HNMU-G9-R0238-STT13,9,[12b]: Hoàn thành việc dựng video,Vận dụng,true,2,4,middle,"[""PRINCIPLE-FEEDBACK""]","[""PRINCIPLE-QUESTIONING""]",feedback_confirmation_only,"{""PRINCIPLE-CHALLENGE"":1,""PRINCIPLE-EXPLANATION"":2,""PRINCIPLE-FEEDBACK"":5,""PRINCIPLE-MODELLING"":2,""PRINCIPLE-PRACTICE"":2,""PRINCIPLE-QUESTIONING"":3}","[{""evidence"":""turn_index: 3"",""principle_id"":""PRINCIPLE-FEEDBACK"",""rationale"":""Nhu cầu độc lập: Học sinh đã thực hiện thao tác và đưa ra một so sánh cụ thể (\""màn hình hiện ra một cửa sổ giống hệt lúc Save file Word\""). Học sinh cần được xác nhận tính chính xác của quan sát này để giải tỏa sự phân vân và tự tin tiếp tục thao tác. Nếu bỏ nguyên tắc này: Gia sư nếu chỉ đưa ra hướng dẫn tiếp theo mà không phản hồi trực tiếp về phát hiện của học sinh sẽ khiến họ hoang mang, không chắc chắn liệu mình có đang đi đúng hướng hay giao diện này có bị lỗi gì không."",""requirement_score"":5}]",,
3,flagged,needs_uet_review,BC-HNMU-G9-R0238-STT13-AI06,HNMU-G9-R0238-STT13,9,[12b]: Hoàn thành việc dựng video,Vận dụng,true,4,6,middle,"[""PRINCIPLE-FEEDBACK""]","[""PRINCIPLE-QUESTIONING""]",feedback_confirmation_only,"{""PRINCIPLE-CHALLENGE"":1,""PRINCIPLE-EXPLANATION"":2,""PRINCIPLE-FEEDBACK"":5,""PRINCIPLE-MODELLING"":2,""PRINCIPLE-PRACTICE"":1,""PRINCIPLE-QUESTIONING"":3}","[{""evidence"":""conversation_history (lượt 5)"",""principle_id"":""PRINCIPLE-FEEDBACK"",""rationale"":""Nhu cầu độc lập: Học sinh cần được xác nhận xem hành động nháy đúp vào ổ USB để chọn làm nơi lưu trữ đã đúng hướng chưa, đồng thời cần được định hướng cụ thể để hoàn tất bước cuối cùng (đặt tên và nhấn Save). Nếu bỏ nguyên tắc này: Học sinh sẽ không chắc chắn lựa chọn của mình là đúng và có thể bị kẹt lại ở giao diện lưu tệp mà không biết làm thế nào để hoàn tất quá trình backup dự án."",""requirement_score"":5}]",,
3,flagged,needs_uet_review,BC-HNMU-G9-R0239-STT14-AI04,HNMU-G9-R0239-STT14,9,[12b]: Hoàn thành việc dựng video,Vận dụng,true,2,4,middle,"[""PRINCIPLE-FEEDBACK"",""PRINCIPLE-QUESTIONING""]","[""PRINCIPLE-MODELLING""]",feedback_confirmation_only,"{""PRINCIPLE-CHALLENGE"":2,""PRINCIPLE-EXPLANATION"":2,""PRINCIPLE-FEEDBACK"":4,""PRINCIPLE-MODELLING"":3,""PRINCIPLE-PRACTICE"":2,""PRINCIPLE-QUESTIONING"":5}","[{""evidence"":""conversation_history (turn_index 3): \""Dạ em sẽ dùng Split để cắt, sau đó Delete đoạn thừa đi.\"""",""principle_id"":""PRINCIPLE-FEEDBACK"",""rationale"":""Nhu cầu độc lập: Học sinh vừa đưa ra câu trả lời chính xác cho câu hỏi kiểm tra công cụ ở lượt trước và cần được xác nhận tính đúng đắn để tự tin tiếp tục các bước sau của dự án.\nNếu bỏ nguyên tắc này: Phản hồi của gia sư sẽ bỏ qua câu trả lời của học sinh, chuyển thẳng sang nội dung khác khiến học sinh hoang mang không biết thao tác mình chọn đã tối ưu và chính xác chưa."",""requirement_score"":4}]",,
3,flagged,needs_uet_review,BC-HNMU-G9-R0239-STT14-AI06,HNMU-G9-R0239-STT14,9,[12b]: Hoàn thành việc dựng video,Vận dụng,true,4,6,middle,"[""PRINCIPLE-FEEDBACK"",""PRINCIPLE-QUESTIONING""]","[""PRINCIPLE-MODELLING""]",feedback_confirmation_only,"{""PRINCIPLE-CHALLENGE"":2,""PRINCIPLE-EXPLANATION"":2,""PRINCIPLE-FEEDBACK"":5,""PRINCIPLE-MODELLING"":3,""PRINCIPLE-PRACTICE"":2,""PRINCIPLE-QUESTIONING"":5}","[{""evidence"":""conversation_history (turn_index 5)"",""principle_id"":""PRINCIPLE-FEEDBACK"",""rationale"":""Nhu cầu độc lập: Học sinh cần được xác nhận và đánh giá tính hợp lý của ý tưởng sáng tạo dùng công cụ \""Speed\"" để làm chậm cảnh diều cất cánh nhằm tăng độ tự tin khi thực hiện. Nếu bỏ nguyên tắc này: Phản hồi của gia sư sẽ bỏ qua câu trả lời sáng tạo của học sinh, làm mất đi sự tương tác và không giúp học sinh đánh giá được giải pháp thiết kế video của mình có tối ưu hay không."",""requirement_score"":5}]",,
3,flagged,needs_uet_review,BC-HNMU-G9-R0241-STT2-AI04,HNMU-G9-R0241-STT2,9,[13b]: Biên tập và xuất video,Nhận biết,true,2,4,middle,"[""PRINCIPLE-EXPLANATION"",""PRINCIPLE-FEEDBACK""]","[""PRINCIPLE-QUESTIONING""]",feedback_confirmation_only,"{""PRINCIPLE-CHALLENGE"":1,""PRINCIPLE-EXPLANATION"":5,""PRINCIPLE-FEEDBACK"":5,""PRINCIPLE-MODELLING"":2,""PRINCIPLE-PRACTICE"":2,""PRINCIPLE-QUESTIONING"":3}","[{""evidence"":""conversation_history (turn_index: 3)"",""principle_id"":""PRINCIPLE-FEEDBACK"",""rationale"":""Nhu cầu độc lập: Học sinh đã đưa ra câu trả lời dựa trên trải nghiệm thực tế là hay chọn 1080p trên YouTube để xem cho rõ. Gia sư cần ghi nhận, xác nhận câu trả lời này và dùng nó làm cầu nối để giải thích khái niệm độ phân giải. Nếu bỏ nguyên tắc này: Phản hồi của gia sư sẽ trở nên khô khan, mất đi sự kết nối cá nhân hóa và không tận dụng được vốn kinh nghiệm thực tế quý giá mà học sinh vừa chia sẻ."",""requirement_score"":5}]",,
3,flagged,needs_uet_review,BC-HNMU-G9-R0241-STT2-AI06,HNMU-G9-R0241-STT2,9,[13b]: Biên tập và xuất video,Nhận biết,true,4,6,middle,"[""PRINCIPLE-EXPLANATION"",""PRINCIPLE-FEEDBACK""]","[""PRINCIPLE-PRACTICE"",""PRINCIPLE-QUESTIONING""]",feedback_confirmation_only,"{""PRINCIPLE-CHALLENGE"":2,""PRINCIPLE-EXPLANATION"":5,""PRINCIPLE-FEEDBACK"":5,""PRINCIPLE-MODELLING"":1,""PRINCIPLE-PRACTICE"":3,""PRINCIPLE-QUESTIONING"":3}","[{""evidence"":""turn_index: 5"",""principle_id"":""PRINCIPLE-FEEDBACK"",""rationale"":""Nhu cầu độc lập: Học sinh vừa đưa ra câu trả lời cho câu hỏi gợi mở của gia sư ở lượt trước (\""Số càng lớn thì video càng rõ nét ạ\""). Phản hồi tiếp theo cần phải nhận xét tính chính xác của câu trả lời này để định hình nhận thức của học sinh. Nếu bỏ nguyên tắc này: Học sinh sẽ không nhận được sự xác nhận cần thiết cho suy luận của mình, làm giảm động lực và tính định hướng trong học tập."",""requirement_score"":5}]",,
3,flagged,needs_uet_review,BC-HNMU-G9-R0241-STT2-AI08,HNMU-G9-R0241-STT2,9,[13b]: Biên tập và xuất video,Nhận biết,true,6,8,last,"[""PRINCIPLE-FEEDBACK""]","[""PRINCIPLE-EXPLANATION"",""PRINCIPLE-QUESTIONING""]",feedback_confirmation_only,"{""PRINCIPLE-CHALLENGE"":2,""PRINCIPLE-EXPLANATION"":3,""PRINCIPLE-FEEDBACK"":5,""PRINCIPLE-MODELLING"":1,""PRINCIPLE-PRACTICE"":2,""PRINCIPLE-QUESTIONING"":3}","[{""evidence"":""conversation_history lượt 7"",""principle_id"":""PRINCIPLE-FEEDBACK"",""rationale"":""Nhu cầu độc lập: Học sinh vừa đưa ra một câu trả lời cụ thể ở lượt 7 (\""Em sẽ chọn High 1080p để giữ nguyên độ sắc nét\"") cho câu hỏi tình huống của gia sư. Học sinh cần được xác nhận tính chính xác của câu trả lời này để hoàn tất mạch tư duy. Nếu bỏ nguyên tắc này: Học sinh sẽ không nhận được sự đánh giá trực tiếp về câu trả lời của mình, dẫn đến việc không chắc chắn liệu lựa chọn của mình đã đúng đắn và tối ưu hay chưa."",""requirement_score"":5}]",,
3,flagged,needs_uet_review,BC-HNMU-G9-R0242-STT3-AI04,HNMU-G9-R0242-STT3,9,[13b]: Biên tập và xuất video,Nhận biết,true,2,4,middle,"[""PRINCIPLE-EXPLANATION"",""PRINCIPLE-FEEDBACK""]","[""PRINCIPLE-QUESTIONING""]",feedback_confirmation_only,"{""PRINCIPLE-CHALLENGE"":1,""PRINCIPLE-EXPLANATION"":4,""PRINCIPLE-FEEDBACK"":5,""PRINCIPLE-MODELLING"":1,""PRINCIPLE-PRACTICE"":1,""PRINCIPLE-QUESTIONING"":3}","[{""evidence"":""turn_index:3, student_prompt"",""principle_id"":""PRINCIPLE-FEEDBACK"",""rationale"":""Nhu cầu độc lập: Học sinh đã thực hiện theo hướng dẫn và cung cấp kết quả kiểm tra cụ thể là \""MP4 File (.mp4)\"". Học sinh cần nhận được phản hồi trực tiếp xác nhận kết quả này có đúng là định dạng phổ biến hay không và giải quyết triệt để nỗi sợ máy cô giáo không xem được. Nếu bỏ nguyên tắc này: Phản hồi tiếp theo sẽ bỏ qua thông tin mấu chốt mà học sinh vừa tự tìm được, khiến cuộc đối thoại mất đi tính liên kết và học sinh vẫn giữ nguyên sự lo lắng."",""requirement_score"":5}]",,
3,flagged,needs_uet_review,BC-HNMU-G9-R0242-STT3-AI08,HNMU-G9-R0242-STT3,9,[13b]: Biên tập và xuất video,Nhận biết,true,6,8,last,"[""PRINCIPLE-FEEDBACK"",""PRINCIPLE-QUESTIONING""]",[],feedback_confirmation_only,"{""PRINCIPLE-CHALLENGE"":2,""PRINCIPLE-EXPLANATION"":2,""PRINCIPLE-FEEDBACK"":5,""PRINCIPLE-MODELLING"":1,""PRINCIPLE-PRACTICE"":2,""PRINCIPLE-QUESTIONING"":4}","[{""evidence"":""conversation_history lượt 7"",""principle_id"":""PRINCIPLE-FEEDBACK"",""rationale"":""Nhu cầu độc lập: Học sinh vừa tự đưa ra kết luận khẳng định (\""Dạ chắc chắn mở được ạ\"") và bày tỏ sự an tâm sau chuỗi câu hỏi gợi mở. Học sinh cần nhận được một phản hồi xác nhận, khen ngợi và chốt kiến thức chính thức từ gia sư để củng cố sự tự tin. Nếu bỏ nguyên tắc này: Một phản hồi bỏ qua việc nhận xét kết luận của học sinh sẽ làm mất đi tính khép kín của chuỗi tương tác trước đó, khiến học sinh không chắc chắn liệu suy luận của mình có hoàn toàn đúng đắn về mặt chuyên môn hay không."",""requirement_score"":5}]",,
3,flagged,needs_uet_review,BC-HNMU-G9-R0246-STT7-AI04,HNMU-G9-R0246-STT7,9,[13b]: Biên tập và xuất video,Thông hiểu,true,2,4,middle,"[""PRINCIPLE-EXPLANATION"",""PRINCIPLE-FEEDBACK""]","[""PRINCIPLE-QUESTIONING""]",feedback_confirmation_only,"{""PRINCIPLE-CHALLENGE"":2,""PRINCIPLE-EXPLANATION"":4,""PRINCIPLE-FEEDBACK"":5,""PRINCIPLE-MODELLING"":2,""PRINCIPLE-PRACTICE"":2,""PRINCIPLE-QUESTIONING"":3}","[{""evidence"":""conversation_history (lượt 3): \""Cắt ngắn thời gian đi ạ? Nhưng cắt thì mất nội dung.\"""",""principle_id"":""PRINCIPLE-FEEDBACK"",""rationale"":""Nhu cầu độc lập: Học sinh đã đưa ra một giải pháp cụ thể kèm theo sự băn khoăn về mặt logic (\""cắt ngắn thời gian\"" nhưng lo ngại \""mất nội dung\""). Học sinh cần được phản hồi để xác nhận rằng suy luận của họ về việc cắt ngắn thời gian giúp giảm dung lượng là đúng, đồng thời chỉ ra giải pháp này chưa tối ưu. Nếu bỏ nguyên tắc này: Phản hồi của gia sư sẽ bỏ qua nỗ lực tư duy của học sinh, làm mất đi tính cá nhân hóa và sự kết nối trực tiếp với câu trả lời của học sinh."",""requirement_score"":5}]",,
3,flagged,needs_uet_review,BC-HNMU-G9-R0247-STT8-AI04,HNMU-G9-R0247-STT8,9,[13b]: Biên tập và xuất video,Thông hiểu,true,2,4,middle,"[""PRINCIPLE-EXPLANATION"",""PRINCIPLE-FEEDBACK""]","[""PRINCIPLE-QUESTIONING""]",feedback_confirmation_only,"{""PRINCIPLE-CHALLENGE"":2,""PRINCIPLE-EXPLANATION"":5,""PRINCIPLE-FEEDBACK"":5,""PRINCIPLE-MODELLING"":1,""PRINCIPLE-PRACTICE"":2,""PRINCIPLE-QUESTIONING"":3}","[{""evidence"":""conversation_history lượt 3"",""principle_id"":""PRINCIPLE-FEEDBACK"",""rationale"":""Nhu cầu độc lập: Học sinh vừa hoàn thành một bước suy luận nhỏ theo gợi ý của gia sư ở lượt trước và đang chờ đợi sự xác nhận để biết mình dịch đã đúng hướng chưa. Nếu bỏ nguyên tắc này: Một phản hồi đi thẳng vào giải thích mà bỏ qua câu trả lời của học sinh sẽ làm mất đi tính tương tác, khiến học sinh cảm thấy nỗ lực tự suy luận của mình không được ghi nhận."",""requirement_score"":5}]",,
3,flagged,needs_uet_review,BC-HNMU-G9-R0248-STT9-AI04,HNMU-G9-R0248-STT9,9,[13b]: Biên tập và xuất video,Thông hiểu,true,2,4,middle,"[""PRINCIPLE-FEEDBACK"",""PRINCIPLE-QUESTIONING""]",[],feedback_confirmation_only,"{""PRINCIPLE-CHALLENGE"":2,""PRINCIPLE-EXPLANATION"":2,""PRINCIPLE-FEEDBACK"":5,""PRINCIPLE-MODELLING"":1,""PRINCIPLE-PRACTICE"":2,""PRINCIPLE-QUESTIONING"":5}","[{""evidence"":""conversation_history lượt 3: \""Là \""Finish video\"" ạ.\"""",""principle_id"":""PRINCIPLE-FEEDBACK"",""rationale"":""Nhu cầu độc lập: Học sinh vừa đưa ra câu trả lời \""Finish video\"" ở lượt 3 và cần được xác nhận ngay tính chính xác của thao tác này trước khi tiếp tục. Nếu bỏ nguyên tắc này: Gia sư không công nhận kết quả của học sinh, khiến học sinh hoang mang không biết mình đã nhớ đúng bước 1 hay chưa, làm gián đoạn tiến trình rà soát quy trình."",""requirement_score"":5}]",,
3,flagged,needs_uet_review,BC-HNMU-G9-R0250-STT11-AI04,HNMU-G9-R0250-STT11,9,[13b]: Biên tập và xuất video,Vận dụng,true,2,4,middle,"[""PRINCIPLE-EXPLANATION"",""PRINCIPLE-FEEDBACK"",""PRINCIPLE-QUESTIONING""]",[],feedback_confirmation_only,"{""PRINCIPLE-CHALLENGE"":1,""PRINCIPLE-EXPLANATION"":4,""PRINCIPLE-FEEDBACK"":5,""PRINCIPLE-MODELLING"":2,""PRINCIPLE-PRACTICE"":2,""PRINCIPLE-QUESTIONING"":4}","[{""evidence"":""conversation_history (turn_index 3): High, Medium, Low ạ."",""principle_id"":""PRINCIPLE-FEEDBACK"",""rationale"":""Nhu cầu độc lập: Học sinh vừa đưa ra câu trả lời cho câu hỏi gợi ý của gia sư ở lượt trước và cần được xác nhận tính chính xác của câu trả lời này để tiếp tục tiến trình.\nNếu bỏ nguyên tắc này: Phản hồi tiếp theo sẽ bỏ qua câu trả lời của học sinh, làm đứt gãy mạch hội thoại và khiến học sinh không biết từ mình dịch đã đúng và có thể dùng để giải quyết vấn đề chưa."",""requirement_score"":5}]",,
3,flagged,needs_uet_review,BC-HNMU-G9-R0251-STT12-AI06,HNMU-G9-R0251-STT12,9,[13b]: Biên tập và xuất video,Vận dụng,true,4,6,middle,"[""PRINCIPLE-FEEDBACK""]","[""PRINCIPLE-QUESTIONING""]",feedback_confirmation_only,"{""PRINCIPLE-CHALLENGE"":1,""PRINCIPLE-EXPLANATION"":2,""PRINCIPLE-FEEDBACK"":5,""PRINCIPLE-MODELLING"":1,""PRINCIPLE-PRACTICE"":1,""PRINCIPLE-QUESTIONING"":3}","[{""evidence"":""turn_index 5: \""Em thấy ổ D rồi... Thấy thư mục \""SanPhamTinHoc\"" rồi. Em đúp chuột vào mở nó ra.\"""",""principle_id"":""PRINCIPLE-FEEDBACK"",""rationale"":""Nhu cầu độc lập: Học sinh vừa thực hiện một loạt thao tác điều hướng phức tạp để tìm đến thư mục \""SanPhamTinHoc\"" (lượt 5) và cần được xác nhận ngay lập tức rằng hành động đó đã chính xác, giúp giải tỏa lo lắng ban đầu về việc lưu nhầm thư mục lạ. Nếu bỏ nguyên tắc này: Gia sư chỉ đưa ra chỉ dẫn tiếp theo mà không công nhận kết quả trung gian của học sinh, học sinh sẽ không chắc chắn liệu mình đã thực sự mở đúng thư mục đích hay chưa trước khi tiến hành bước xuất video quyết định."",""requirement_score"":5}]",,
3,flagged,needs_uet_review,BC-HNMU-G9-R0252-STT13-AI10,HNMU-G9-R0252-STT13,9,[13b]: Biên tập và xuất video,Vận dụng,true,8,10,last,"[""PRINCIPLE-EXPLANATION"",""PRINCIPLE-FEEDBACK""]","[""PRINCIPLE-QUESTIONING""]",feedback_confirmation_only,"{""PRINCIPLE-CHALLENGE"":2,""PRINCIPLE-EXPLANATION"":4,""PRINCIPLE-FEEDBACK"":5,""PRINCIPLE-MODELLING"":1,""PRINCIPLE-PRACTICE"":2,""PRINCIPLE-QUESTIONING"":3}","[{""evidence"":""turn_index 9: \""Wow, file giờ chỉ còn 35MB thôi! Em nộp bài thành công rồi. Thót tim thật sự!\"""",""principle_id"":""PRINCIPLE-FEEDBACK"",""rationale"":""Nhu cầu độc lập: Học sinh cần nhận được sự ghi nhận và đánh giá về kết quả sau khi thực hiện thao tác (file giảm còn 35MB, nộp bài thành công), giúp học sinh an tâm và xác nhận giải pháp giảm chất lượng xuống 540p đã hoạt động hiệu quả. Nếu bỏ nguyên tắc này: Phản hồi của gia sư sẽ bỏ qua thành quả thực tế của học sinh, không chốt lại được sự đúng đắn của hành động vừa làm so với giới hạn 50MB của hệ thống."",""requirement_score"":5}]",,
3,flagged,needs_uet_review,BC-HNMU-G9-R0254-STT1-AI10,HNMU-G9-R0254-STT1,9,Bài 14: Giải quyết vấn đề,Nhận biết,true,8,10,last,"[""PRINCIPLE-EXPLANATION"",""PRINCIPLE-FEEDBACK""]","[""PRINCIPLE-MODELLING"",""PRINCIPLE-PRACTICE"",""PRINCIPLE-QUESTIONING""]",feedback_confirmation_only,"{""PRINCIPLE-CHALLENGE"":2,""PRINCIPLE-EXPLANATION"":4,""PRINCIPLE-FEEDBACK"":5,""PRINCIPLE-MODELLING"":3,""PRINCIPLE-PRACTICE"":3,""PRINCIPLE-QUESTIONING"":3}","[{""evidence"":""conversation_history (lượt 9)"",""principle_id"":""PRINCIPLE-FEEDBACK"",""rationale"":""Nhu cầu độc lập: Học sinh vừa hoàn thành câu trả lời cho bước cuối cùng ở lượt 9 (\""Là trình bày dưới dạng thuật toán ạ!\""). Gia sư bắt buộc phải đưa ra phản hồi để xác nhận tính đúng đắn của câu trả lời này, đồng thời tổng kết lại toàn bộ quy trình 3 bước mà học sinh đã cùng gia sư xây dựng qua chuỗi hội thoại.\nNếu bỏ nguyên tắc này: Phản hồi tiếp theo sẽ bỏ qua câu trả lời của học sinh, khiến mạch hội thoại bị đứt gãy và học sinh không được xác nhận chính thức về kết quả nỗ lực suy luận của mình."",""requirement_score"":5}]",,
3,flagged,needs_uet_review,BC-HNMU-G9-R0255-STT2-AI04,HNMU-G9-R0255-STT2,9,Bài 14: Giải quyết vấn đề,Nhận biết,true,2,4,middle,"[""PRINCIPLE-EXPLANATION"",""PRINCIPLE-FEEDBACK""]","[""PRINCIPLE-QUESTIONING""]",feedback_confirmation_only,"{""PRINCIPLE-CHALLENGE"":2,""PRINCIPLE-EXPLANATION"":5,""PRINCIPLE-FEEDBACK"":5,""PRINCIPLE-MODELLING"":2,""PRINCIPLE-PRACTICE"":2,""PRINCIPLE-QUESTIONING"":3}","[{""evidence"":""conversation_history (lượt 3)"",""principle_id"":""PRINCIPLE-FEEDBACK"",""rationale"":""Nhu cầu độc lập: Học sinh đã trả lời câu hỏi gợi mở của gia sư ở lượt 3 (\""xem bản vẽ và phân loại các mảnh ghép\""). Gia sư cần đưa ra phản hồi để xác nhận câu trả lời này là đúng hướng và dùng nó làm bàn đạp chuyển ý.\nNếu bỏ nguyên tắc này: Nếu không có phản hồi công nhận câu trả lời của học sinh, sự kết nối tương tác sẽ bị đứt gãy và học sinh không biết câu trả lời của mình có liên quan gì đến thắc mắc ban đầu hay không."",""requirement_score"":5}]",,
3,flagged,needs_uet_review,BC-HNMU-G9-R0255-STT2-AI08,HNMU-G9-R0255-STT2,9,Bài 14: Giải quyết vấn đề,Nhận biết,true,6,8,last,"[""PRINCIPLE-EXPLANATION"",""PRINCIPLE-FEEDBACK""]","[""PRINCIPLE-PRACTICE"",""PRINCIPLE-QUESTIONING""]",feedback_confirmation_only,"{""PRINCIPLE-CHALLENGE"":2,""PRINCIPLE-EXPLANATION"":4,""PRINCIPLE-FEEDBACK"":5,""PRINCIPLE-MODELLING"":1,""PRINCIPLE-PRACTICE"":3,""PRINCIPLE-QUESTIONING"":3}","[{""evidence"":""turn_index: 7"",""principle_id"":""PRINCIPLE-FEEDBACK"",""rationale"":""Nhu cầu độc lập: Học sinh vừa đưa ra câu trả lời cho lợi ích của việc chia nhỏ vấn đề ở lượt 7 và cần được xác nhận tính đúng đắn một cách tường minh, đồng thời kết nối nó với các câu trả lời trước đó để thấy được bức tranh toàn cảnh. Nếu bỏ nguyên tắc này: Học sinh sẽ không biết câu trả lời cuối cùng của mình có chính xác hay không, khiến quá trình đối thoại gợi mở trước đó mất đi điểm tựa chốt chặn sư phạm."",""requirement_score"":5}]",,
3,flagged,needs_uet_review,BC-HNMU-G9-R0257-STT4-AI04,HNMU-G9-R0257-STT4,9,Bài 14: Giải quyết vấn đề,Nhận biết,true,2,4,middle,"[""PRINCIPLE-FEEDBACK"",""PRINCIPLE-QUESTIONING""]","[""PRINCIPLE-EXPLANATION""]",feedback_confirmation_only,"{""PRINCIPLE-CHALLENGE"":1,""PRINCIPLE-EXPLANATION"":3,""PRINCIPLE-FEEDBACK"":5,""PRINCIPLE-MODELLING"":2,""PRINCIPLE-PRACTICE"":2,""PRINCIPLE-QUESTIONING"":5}","[{""evidence"":""Trường conversation_history lượt 3, học sinh trả lời: 'Là phương pháp liệt kê các bước ạ.'"",""principle_id"":""PRINCIPLE-FEEDBACK"",""rationale"":""Nhu cầu độc lập: Học sinh cần được xác nhận tính đúng đắn cho câu trả lời 'phương pháp liệt kê các bước' ở lượt 3 để củng cố sự tự tin trước khi tiếp tục bài học. Nếu bỏ nguyên tắc này: Phản hồi của gia sư sẽ bỏ qua nỗ lực trả lời của học sinh, làm mất đi tính tương tác và định hướng kịp thời trong mạch đối thoại."",""requirement_score"":5}]",,
3,flagged,needs_uet_review,BC-HNMU-G9-R0257-STT4-AI06,HNMU-G9-R0257-STT4,9,Bài 14: Giải quyết vấn đề,Nhận biết,true,4,6,middle,"[""PRINCIPLE-EXPLANATION"",""PRINCIPLE-FEEDBACK""]","[""PRINCIPLE-PRACTICE"",""PRINCIPLE-QUESTIONING""]",feedback_confirmation_only,"{""PRINCIPLE-CHALLENGE"":2,""PRINCIPLE-EXPLANATION"":4,""PRINCIPLE-FEEDBACK"":5,""PRINCIPLE-MODELLING"":2,""PRINCIPLE-PRACTICE"":3,""PRINCIPLE-QUESTIONING"":3}","[{""evidence"":""turn_index 5"",""principle_id"":""PRINCIPLE-FEEDBACK"",""rationale"":""Nhu cầu độc lập: Học sinh đã trả lời đúng phương pháp thứ hai là \""Sơ đồ khối\"" dựa trên gợi ý của giáo viên. Học sinh cần nhận được sự ghi nhận, khen ngợi và xác nhận tính chính xác đối với câu trả lời này để củng cố niềm tin vào kiến thức đã học từ lớp 6. Nếu bỏ nguyên tắc này: Phản hồi tiếp theo sẽ bỏ qua câu trả lời của học sinh, khiến học sinh hoang mang không biết câu trả lời từ kiến thức lớp 6 của mình có đúng và phù hợp với bài học lớp 9 hiện tại hay không."",""requirement_score"":5}]",,
3,flagged,needs_uet_review,BC-HNMU-G9-R0258-STT5-AI04,HNMU-G9-R0258-STT5,9,Bài 14: Giải quyết vấn đề,Thông hiểu,true,2,4,middle,"[""PRINCIPLE-EXPLANATION"",""PRINCIPLE-FEEDBACK""]","[""PRINCIPLE-MODELLING"",""PRINCIPLE-QUESTIONING""]",feedback_confirmation_only,"{""PRINCIPLE-CHALLENGE"":1,""PRINCIPLE-EXPLANATION"":5,""PRINCIPLE-FEEDBACK"":5,""PRINCIPLE-MODELLING"":3,""PRINCIPLE-PRACTICE"":2,""PRINCIPLE-QUESTIONING"":3}","[{""evidence"":""Lượt 3 của học sinh: \""Chắc chắn là không ạ, thế thì rối lắm.\"""",""principle_id"":""PRINCIPLE-FEEDBACK"",""rationale"":""Nhu cầu độc lập: Học sinh đã đưa ra một câu trả lời mang tính trực giác rất tốt (\""rối lắm\"") dựa trên câu hỏi gợi mở của gia sư. Học sinh cần nhận được phản hồi xác nhận rằng suy nghĩ đó là hoàn toàn chính xác, từ đó làm bàn đạp để kết nối với lý thuyết bài học. Nếu bỏ nguyên tắc này: Gia sư sẽ bỏ qua đóng góp của học sinh, làm đứt gãy mạch tương tác và khiến câu hỏi gợi mở ở lượt trước của gia sư trở nên vô nghĩa."",""requirement_score"":5}]",,
3,flagged,needs_uet_review,BC-HNMU-G9-R0258-STT5-AI06,HNMU-G9-R0258-STT5,9,Bài 14: Giải quyết vấn đề,Thông hiểu,true,4,6,middle,"[""PRINCIPLE-FEEDBACK"",""PRINCIPLE-QUESTIONING""]","[""PRINCIPLE-EXPLANATION""]",feedback_confirmation_only,"{""PRINCIPLE-CHALLENGE"":2,""PRINCIPLE-EXPLANATION"":3,""PRINCIPLE-FEEDBACK"":5,""PRINCIPLE-MODELLING"":1,""PRINCIPLE-PRACTICE"":2,""PRINCIPLE-QUESTIONING"":5}","[{""evidence"":""conversation_history (turn_index 5)"",""principle_id"":""PRINCIPLE-FEEDBACK"",""rationale"":""Nhu cầu độc lập: Học sinh vừa đưa ra một danh sách các công việc cụ thể để xây nhà. Học sinh cần được xác nhận rằng việc phân rã vấn đề của mình là hoàn toàn chính xác để có điểm tựa vững chắc đi tiếp. Nếu bỏ nguyên tắc này: Phản hồi sẽ bỏ qua câu trả lời rất tốt của học sinh ở lượt 5, khiến học sinh không biết mình đã tư duy đúng hướng chưa và làm giảm sự hào hứng tham gia đối thoại."",""requirement_score"":5}]",,
3,flagged,needs_uet_review,BC-HNMU-G9-R0258-STT5-AI08,HNMU-G9-R0258-STT5,9,Bài 14: Giải quyết vấn đề,Thông hiểu,true,6,8,middle,"[""PRINCIPLE-EXPLANATION"",""PRINCIPLE-FEEDBACK""]","[""PRINCIPLE-QUESTIONING""]",feedback_confirmation_only,"{""PRINCIPLE-CHALLENGE"":1,""PRINCIPLE-EXPLANATION"":5,""PRINCIPLE-FEEDBACK"":5,""PRINCIPLE-MODELLING"":2,""PRINCIPLE-PRACTICE"":2,""PRINCIPLE-QUESTIONING"":3}","[{""evidence"":""turn_index: 7, student_prompt"",""principle_id"":""PRINCIPLE-FEEDBACK"",""rationale"":""Nhu cầu độc lập: Học sinh vừa đưa ra một câu trả lời chính xác cho câu hỏi so sánh và cần được xác nhận tính đúng đắn của câu trả lời này để làm bệ phóng cho việc kết luận vấn đề. Nếu bỏ nguyên tắc này: Gia sư sẽ bỏ qua nỗ lực tư duy của học sinh, khiến học sinh hoang mang không biết suy luận của mình về việc \""xây móng cụ thể và dễ làm hơn\"" có đúng và có liên quan đến câu hỏi ban đầu hay không."",""requirement_score"":5}]",,
3,flagged,needs_uet_review,BC-HNMU-G9-R0259-STT6-AI04,HNMU-G9-R0259-STT6,9,Bài 14: Giải quyết vấn đề,Thông hiểu,true,2,4,middle,"[""PRINCIPLE-FEEDBACK"",""PRINCIPLE-QUESTIONING""]","[""PRINCIPLE-EXPLANATION""]",feedback_confirmation_only,"{""PRINCIPLE-CHALLENGE"":2,""PRINCIPLE-EXPLANATION"":3,""PRINCIPLE-FEEDBACK"":5,""PRINCIPLE-MODELLING"":2,""PRINCIPLE-PRACTICE"":2,""PRINCIPLE-QUESTIONING"":5}","[{""evidence"":""conversation_history (turn_index: 3)"",""principle_id"":""PRINCIPLE-FEEDBACK"",""rationale"":""Nhu cầu độc lập: Học sinh vừa đưa ra một phán đoán cụ thể (\""Nó phải quay sang phải để tìm lại bức tường ạ\""), học sinh có nhu cầu nhận được sự xác nhận ngay lập tức từ gia sư xem logic của mình đã đúng hay chưa để duy trì sự tự tin. Nếu bỏ nguyên tắc này: Một phản hồi chỉ tập trung đặt câu hỏi mới hoặc giải thích lý thuyết mà không công nhận câu trả lời đúng của học sinh sẽ khiến học sinh hoang mang, không biết nền tảng suy luận trước đó của mình có đúng để tiếp tục hay không."",""requirement_score"":5}]",,
3,flagged,needs_uet_review,BC-HNMU-G9-R0259-STT6-AI06,HNMU-G9-R0259-STT6,9,Bài 14: Giải quyết vấn đề,Thông hiểu,true,4,6,middle,"[""PRINCIPLE-FEEDBACK"",""PRINCIPLE-QUESTIONING""]","[""PRINCIPLE-EXPLANATION""]",feedback_confirmation_only,"{""PRINCIPLE-CHALLENGE"":2,""PRINCIPLE-EXPLANATION"":3,""PRINCIPLE-FEEDBACK"":5,""PRINCIPLE-MODELLING"":2,""PRINCIPLE-PRACTICE"":2,""PRINCIPLE-QUESTIONING"":5}","[{""evidence"":""conversation_history (lượt 5)"",""principle_id"":""PRINCIPLE-FEEDBACK"",""rationale"":""Nhu cầu độc lập: Học sinh đã đưa ra câu trả lời cụ thể ở lượt 5 (\""Nó cứ thế đi thẳng tiếp ạ\"") và cần được xác nhận tính đúng đắn để củng cố sự tự tin và làm tiền đề cho bước lập luận tiếp theo. Nếu bỏ nguyên tắc này: Một phản hồi không nhận xét câu trả lời của học sinh mà chuyển ngay sang câu hỏi khác hoặc giải thích tổng thể sẽ làm học sinh hoang mang, không biết bước tư duy trung gian của mình có đúng hay không."",""requirement_score"":5}]",,
3,flagged,needs_uet_review,BC-HNMU-G9-R0261-STT8-AI06,HNMU-G9-R0261-STT8,9,Bài 14: Giải quyết vấn đề,Thông hiểu,true,4,6,middle,"[""PRINCIPLE-FEEDBACK"",""PRINCIPLE-QUESTIONING""]","[""PRINCIPLE-EXPLANATION""]",feedback_confirmation_only,"{""PRINCIPLE-CHALLENGE"":2,""PRINCIPLE-EXPLANATION"":3,""PRINCIPLE-FEEDBACK"":4,""PRINCIPLE-MODELLING"":2,""PRINCIPLE-PRACTICE"":2,""PRINCIPLE-QUESTIONING"":5}","[{""evidence"":""conversation_history (turn 5)"",""principle_id"":""PRINCIPLE-FEEDBACK"",""rationale"":""Nhu cầu độc lập: Học sinh cần nhận được sự xác nhận và đánh giá tích cực về câu trả lời ở lượt 5 (\""đường mép tường nối liền mạch, không đứt đoạn\"") để biết rằng quan sát của mình là chính xác và tự tin dùng nó làm tiền đề cho bước lập luận tiếp theo. Nếu bỏ nguyên tắc này: Nếu gia sư bỏ qua lượt phản hồi này và chuyển ngay sang câu hỏi khác hoặc giải thích độc lập, học sinh sẽ không thấy được giá trị của việc quan sát hình học vừa rồi và dễ bị mất phương hướng trong mạch logic."",""requirement_score"":4}]",,
3,flagged,needs_uet_review,BC-HNMU-G9-R0261-STT8-AI08,HNMU-G9-R0261-STT8,9,Bài 14: Giải quyết vấn đề,Thông hiểu,true,6,8,middle,"[""PRINCIPLE-EXPLANATION"",""PRINCIPLE-FEEDBACK""]","[""PRINCIPLE-CHALLENGE"",""PRINCIPLE-QUESTIONING""]",feedback_confirmation_only,"{""PRINCIPLE-CHALLENGE"":3,""PRINCIPLE-EXPLANATION"":5,""PRINCIPLE-FEEDBACK"":5,""PRINCIPLE-MODELLING"":1,""PRINCIPLE-PRACTICE"":2,""PRINCIPLE-QUESTIONING"":3}","[{""evidence"":""conversation_history lượt 7: \""Nó sẽ đi tới đầu kia của bức tường, chính là Lối ra ạ!\"" và student_prompt"",""principle_id"":""PRINCIPLE-FEEDBACK"",""rationale"":""Nhu cầu độc lập: Học sinh vừa hoàn thành xuất sắc câu hỏi Socratic ở lượt 6 bằng câu trả lời ở lượt 7. Học sinh cần nhận được phản hồi xác nhận câu trả lời đó là đúng, đồng thời được gia sư phân tích và kết nối kết luận đó ngược trở lại câu hỏi nghi vấn ban đầu của học sinh để thấy rõ mối quan hệ logic. Nếu bỏ nguyên tắc này: Phản hồi tiếp theo sẽ bỏ qua câu trả lời của học sinh, làm mất đi tính tương tác hai chiều và không giúp học sinh thấy được giá trị của câu trả lời mà mình vừa tự suy luận ra."",""requirement_score"":5}]",,
3,flagged,needs_uet_review,BC-HNMU-G9-R0261-STT8-AI10,HNMU-G9-R0261-STT8,9,Bài 14: Giải quyết vấn đề,Thông hiểu,true,8,10,last,"[""PRINCIPLE-CHALLENGE"",""PRINCIPLE-FEEDBACK"",""PRINCIPLE-QUESTIONING""]",[],feedback_confirmation_only,"{""PRINCIPLE-CHALLENGE"":4,""PRINCIPLE-EXPLANATION"":2,""PRINCIPLE-FEEDBACK"":5,""PRINCIPLE-MODELLING"":1,""PRINCIPLE-PRACTICE"":2,""PRINCIPLE-QUESTIONING"":5}","[{""evidence"":""conversation_history (lượt 9: 'Dạ rất logic ạ, miễn là tường nối ra tới cửa là sẽ thoát được')"",""principle_id"":""PRINCIPLE-FEEDBACK"",""rationale"":""Nhu cầu độc lập: Học sinh vừa đưa ra một phát biểu mang tính phát hiện cực kỳ quan trọng về điều kiện của thuật toán bám tường ('miễn là tường nối ra tới cửa...'). Học sinh cần nhận được phản hồi đánh giá ngay lập tức để xác nhận tính đúng đắn của nhận định này. Nếu bỏ nguyên tắc này: Gia sư sẽ bỏ qua câu trả lời chất lượng của học sinh, làm mất đi sự khích lệ và định hướng đánh giá cần thiết để học sinh tự tin bước vào nội dung tiếp theo."",""requirement_score"":5}]",,
3,flagged,needs_uet_review,BC-HNMU-G9-R0263-STT10-AI06,HNMU-G9-R0263-STT10,9,Bài 14: Giải quyết vấn đề,Thông hiểu,true,4,6,middle,"[""PRINCIPLE-FEEDBACK"",""PRINCIPLE-QUESTIONING""]","[""PRINCIPLE-EXPLANATION""]",feedback_confirmation_only,"{""PRINCIPLE-CHALLENGE"":2,""PRINCIPLE-EXPLANATION"":3,""PRINCIPLE-FEEDBACK"":5,""PRINCIPLE-MODELLING"":2,""PRINCIPLE-PRACTICE"":2,""PRINCIPLE-QUESTIONING"":5}","[{""evidence"":""turn_index: 5"",""principle_id"":""PRINCIPLE-FEEDBACK"",""rationale"":""Nhu cầu độc lập: Học sinh vừa đưa ra một suy luận logic rất chính xác ở lượt 5 (\""Dạ không, vì nếu ra giữa thì nó sẽ bị rời tay khỏi bức tường bên phải mất\"") và cần nhận được sự xác nhận, khích lệ từ gia sư để củng cố niềm tin vào lập luận của mình. Nếu bỏ nguyên tắc này: Một phản hồi bỏ qua việc đánh giá câu trả lời của học sinh mà đi thẳng vào kết luận sẽ làm mất đi tính tương tác cá nhân hóa, khiến học sinh hoang mang không rõ suy luận thực tế của mình đã thực sự chuẩn xác về mặt kỹ thuật hay chưa."",""requirement_score"":5}]",,
3,flagged,needs_uet_review,BC-HNMU-G9-R0263-STT10-AI08,HNMU-G9-R0263-STT10,9,Bài 14: Giải quyết vấn đề,Thông hiểu,true,6,8,middle,"[""PRINCIPLE-EXPLANATION"",""PRINCIPLE-FEEDBACK""]","[""PRINCIPLE-QUESTIONING""]",feedback_confirmation_only,"{""PRINCIPLE-CHALLENGE"":2,""PRINCIPLE-EXPLANATION"":4,""PRINCIPLE-FEEDBACK"":5,""PRINCIPLE-MODELLING"":1,""PRINCIPLE-PRACTICE"":2,""PRINCIPLE-QUESTIONING"":3}","[{""evidence"":""Lượt 7 trong conversation_history: \""Nó sẽ phải đi ngoằn ngoèo theo cả 5 cái ngõ cụt đó.\"""",""principle_id"":""PRINCIPLE-FEEDBACK"",""rationale"":""Nhu cầu độc lập: Học sinh vừa đưa ra câu trả lời chính xác cho câu hỏi gợi mở ở lượt 7 và cần được gia sư xác nhận, đánh giá tính đúng đắn để củng cố niềm tin vào suy luận của mình trước khi đi đến kết luận. Nếu bỏ nguyên tắc này: Một phản hồi bỏ qua việc nhận xét câu trả lời ở lượt 7 của học sinh sẽ làm đứt gãy mạch hội thoại Socratic, khiến học sinh hoang mang không biết suy luận của mình có đúng hay không và làm giảm động lực tương tác."",""requirement_score"":5}]",,
3,flagged,needs_uet_review,BC-HNMU-G9-R0263-STT10-AI10,HNMU-G9-R0263-STT10,9,Bài 14: Giải quyết vấn đề,Thông hiểu,true,8,10,last,"[""PRINCIPLE-EXPLANATION"",""PRINCIPLE-FEEDBACK""]","[""PRINCIPLE-CHALLENGE"",""PRINCIPLE-PRACTICE"",""PRINCIPLE-QUESTIONING""]",feedback_confirmation_only,"{""PRINCIPLE-CHALLENGE"":3,""PRINCIPLE-EXPLANATION"":4,""PRINCIPLE-FEEDBACK"":5,""PRINCIPLE-MODELLING"":1,""PRINCIPLE-PRACTICE"":3,""PRINCIPLE-QUESTIONING"":3}","[{""evidence"":""conversation_history lượt 9: \""Nó sẽ dài hơn rất nhiều và tốn thời gian hơn ạ.\"""",""principle_id"":""PRINCIPLE-FEEDBACK"",""rationale"":""Nhu cầu độc lập: Học sinh vừa đưa ra kết luận ở lượt 9 rằng quãng đường đi sẽ dài hơn và tốn thời gian hơn. Học sinh cần được xác nhận tính chính xác và nhận xét cụ thể về kết luận này để hoàn tất quá trình tự suy luận. Nếu bỏ nguyên tắc này: Phản hồi sẽ bỏ qua câu trả lời của học sinh, làm mất đi sự tương tác định hướng và không giúp học sinh biết chắc chắn câu trả lời của mình đã hoàn chỉnh hay chưa."",""requirement_score"":5}]",,
3,flagged,needs_uet_review,BC-HNMU-G9-R0265-STT12-AI06,HNMU-G9-R0265-STT12,9,Bài 14: Giải quyết vấn đề,Vận dụng,true,4,6,middle,"[""PRINCIPLE-FEEDBACK"",""PRINCIPLE-QUESTIONING""]","[""PRINCIPLE-PRACTICE""]",feedback_confirmation_only,"{""PRINCIPLE-CHALLENGE"":2,""PRINCIPLE-EXPLANATION"":2,""PRINCIPLE-FEEDBACK"":5,""PRINCIPLE-MODELLING"":2,""PRINCIPLE-PRACTICE"":3,""PRINCIPLE-QUESTIONING"":5}","[{""evidence"":""turn_index: 5, học sinh trả lời: \""Cần có người đi chợ mua bánh kẹo, nước ngọt và bày ra đĩa ạ.\"""",""principle_id"":""PRINCIPLE-FEEDBACK"",""rationale"":""Nhu cầu độc lập: Học sinh cần được đánh giá và nhận xét xem các công việc cụ thể mà mình tự đưa ra ở lượt 5 (đi chợ mua bánh kẹo, bày đĩa) đã đáp ứng đúng yêu cầu của việc chia nhỏ (làm mịn) đối với mảng Hậu cần hay chưa. Nếu bỏ nguyên tắc này: Học sinh sẽ không có sự xác nhận về độ chính xác và tính thực tế trong phương án phân tích của mình, làm giảm sự tự tin và hiệu quả rèn luyện tư duy Tin học."",""requirement_score"":5}]",,
3,flagged,needs_uet_review,BC-HNMU-G9-R0265-STT12-AI08,HNMU-G9-R0265-STT12,9,Bài 14: Giải quyết vấn đề,Vận dụng,true,6,8,middle,"[""PRINCIPLE-FEEDBACK"",""PRINCIPLE-QUESTIONING""]","[""PRINCIPLE-EXPLANATION""]",feedback_confirmation_only,"{""PRINCIPLE-CHALLENGE"":2,""PRINCIPLE-EXPLANATION"":3,""PRINCIPLE-FEEDBACK"":5,""PRINCIPLE-MODELLING"":2,""PRINCIPLE-PRACTICE"":2,""PRINCIPLE-QUESTIONING"":5}","[{""evidence"":""conversation_history (lượt 3, 5, 7)"",""principle_id"":""PRINCIPLE-FEEDBACK"",""rationale"":""Nhu cầu độc lập: Học sinh đã hoàn thành đầy đủ các mảnh ghép phân rã của vấn đề (Tài chính, Hậu cần, Không khí) qua các lượt tương tác và cần một sự nhận xét, tổng hợp mang tính sư phạm để xác nhận tính đúng đắn và đầy đủ của kết quả này. Nếu bỏ nguyên tắc này: Học sinh sẽ không có cái nhìn tổng quan và hệ thống về thành quả phân tích của mình, không nhận diện rõ ràng được cấu trúc cây thư mục công việc đã được tạo ra từ tư duy Tin học."",""requirement_score"":5}]",,
3,flagged,needs_uet_review,BC-HNMU-G9-R0265-STT12-AI10,HNMU-G9-R0265-STT12,9,Bài 14: Giải quyết vấn đề,Vận dụng,true,8,10,last,"[""PRINCIPLE-FEEDBACK"",""PRINCIPLE-QUESTIONING""]","[""PRINCIPLE-CHALLENGE""]",feedback_confirmation_only,"{""PRINCIPLE-CHALLENGE"":3,""PRINCIPLE-EXPLANATION"":2,""PRINCIPLE-FEEDBACK"":5,""PRINCIPLE-MODELLING"":1,""PRINCIPLE-PRACTICE"":2,""PRINCIPLE-QUESTIONING"":4}","[{""evidence"":""turn_index: 9"",""principle_id"":""PRINCIPLE-FEEDBACK"",""rationale"":""Nhu cầu độc lập: Học sinh đã trả lời rất chính xác và thực tế về lợi ích của việc phân rã ở lượt 9. Học sinh cần được xác nhận, khen ngợi và chính thức hóa câu trả lời này bằng ngôn ngữ Tin học của bài học Giải quyết vấn đề.\nNếu bỏ nguyên tắc này: Gia sư sẽ bỏ qua đóng góp chất lượng của học sinh, khiến học sinh không được củng cố niềm tin vào lập luận của mình và làm giảm tính tương tác sư phạm."",""requirement_score"":5}]",,
3,flagged,needs_uet_review,BC-HNMU-G9-R0267-STT14-AI08,HNMU-G9-R0267-STT14,9,Bài 14: Giải quyết vấn đề,Vận dụng,true,6,8,middle,"[""PRINCIPLE-FEEDBACK"",""PRINCIPLE-QUESTIONING""]",[],feedback_confirmation_only,"{""PRINCIPLE-CHALLENGE"":2,""PRINCIPLE-EXPLANATION"":2,""PRINCIPLE-FEEDBACK"":5,""PRINCIPLE-MODELLING"":2,""PRINCIPLE-PRACTICE"":2,""PRINCIPLE-QUESTIONING"":5}","[{""evidence"":""conversation_history (turn 7)"",""principle_id"":""PRINCIPLE-FEEDBACK"",""rationale"":""Nhu cầu độc lập: Học sinh vừa đưa ra câu trả lời cụ thể ở lượt 7 về điều kiện dừng tìm kiếm (\""Khi thấy tên trên gáy sách trùng với tên sách cần tìm\""). Học sinh cần được xác nhận xem câu trả lời này đã chính xác và hợp lý chưa trước khi tiếp tục.\nNếu bỏ nguyên tắc này: Nếu không phản hồi hay xác nhận tính đúng đắn của câu trả lời này mà chuyển ngay sang câu hỏi tiếp theo, học sinh sẽ cảm thấy hoang mang, không chắc chắn về mảnh ghép logic mình vừa tìm ra, làm giảm hiệu quả học tập tương tác."",""requirement_score"":5}]",,
3,flagged,needs_uet_review,BC-HNMU-G9-R0267-STT14-AI10,HNMU-G9-R0267-STT14,9,Bài 14: Giải quyết vấn đề,Vận dụng,true,8,10,last,"[""PRINCIPLE-FEEDBACK"",""PRINCIPLE-QUESTIONING""]","[""PRINCIPLE-CHALLENGE"",""PRINCIPLE-PRACTICE""]",feedback_confirmation_only,"{""PRINCIPLE-CHALLENGE"":3,""PRINCIPLE-EXPLANATION"":2,""PRINCIPLE-FEEDBACK"":5,""PRINCIPLE-MODELLING"":2,""PRINCIPLE-PRACTICE"":3,""PRINCIPLE-QUESTIONING"":4}","[{""evidence"":""turn_index 9"",""principle_id"":""PRINCIPLE-FEEDBACK"",""rationale"":""Nhu cầu độc lập: Học sinh cần được xác nhận tính chính xác cho câu trả lời ở lượt 9 (bước xử lý khi không tìm thấy sách) để hoàn tất mảnh ghép cuối cùng của thuật toán trước khi chuyển sang bước tổng hợp. Nếu bỏ nguyên tắc này: Học sinh sẽ không có sự chốt chặn kiến thức chắc chắn về bước điều kiện dừng này, khiến mạch logic của cả quá trình thảo luận bị bỏ dở ngay tại vạch đích."",""requirement_score"":5}]",,
3,flagged,needs_uet_review,BC-HNMU-G9-R0268-STT1-AI04,HNMU-G9-R0268-STT1,9,Bài 15: Bài toán tin học,Nhận biết,true,2,4,middle,"[""PRINCIPLE-EXPLANATION"",""PRINCIPLE-FEEDBACK""]","[""PRINCIPLE-QUESTIONING""]",feedback_confirmation_only,"{""PRINCIPLE-CHALLENGE"":1,""PRINCIPLE-EXPLANATION"":5,""PRINCIPLE-FEEDBACK"":5,""PRINCIPLE-MODELLING"":2,""PRINCIPLE-PRACTICE"":2,""PRINCIPLE-QUESTIONING"":3}","[{""evidence"":""Lượt 3 của conversation_history: 'Máy tính đang giúp em hoàn thành công việc soạn thảo ạ.'"",""principle_id"":""PRINCIPLE-FEEDBACK"",""rationale"":""Nhu cầu độc lập: Học sinh đã trả lời câu hỏi gợi mở của gia sư ở lượt trước về việc máy tính giúp soạn thảo văn bản. Gia sư cần phản hồi trực tiếp để xác nhận câu trả lời này là đúng và chỉ ra rằng việc soạn thảo chính là một 'nhiệm vụ' (bài toán). Nếu bỏ nguyên tắc này: Nếu không phản hồi và phân tích câu trả lời của học sinh, cuộc hội thoại sẽ bị đứt gãy, học sinh không thấy được mối liên hệ giữa câu trả lời của mình và khái niệm cần học."",""requirement_score"":5}]",,
3,flagged,needs_uet_review,BC-HNMU-G9-R0268-STT1-AI06,HNMU-G9-R0268-STT1,9,Bài 15: Bài toán tin học,Nhận biết,true,4,6,middle,"[""PRINCIPLE-EXPLANATION"",""PRINCIPLE-FEEDBACK""]","[""PRINCIPLE-PRACTICE"",""PRINCIPLE-QUESTIONING""]",feedback_confirmation_only,"{""PRINCIPLE-CHALLENGE"":1,""PRINCIPLE-EXPLANATION"":5,""PRINCIPLE-FEEDBACK"":5,""PRINCIPLE-MODELLING"":2,""PRINCIPLE-PRACTICE"":3,""PRINCIPLE-QUESTIONING"":3}","[{""evidence"":""conversation_history (turn_index: 5)"",""principle_id"":""PRINCIPLE-FEEDBACK"",""rationale"":""Nhu cầu độc lập: Học sinh vừa đưa ra câu trả lời rất chính xác ở lượt 5 (\""Nó đang thực hiện một nhiệm vụ em giao cho nó\""). Học sinh cần nhận được phản hồi ngay lập tức để xác nhận tính đúng đắn của câu trả lời này và biết cách liên kết nó với khái niệm đích. Nếu bỏ nguyên tắc này: Phản hồi tiếp theo sẽ bỏ qua câu trả lời của học sinh, làm mất đi tính tương tác của cuộc hội thoại và không giúp học sinh thấy được mối liên hệ giữa câu trả lời của mình với định nghĩa bài toán tin học."",""requirement_score"":5}]",,
3,flagged,needs_uet_review,BC-HNMU-G9-R0269-STT2-AI04,HNMU-G9-R0269-STT2,9,Bài 15: Bài toán tin học,Nhận biết,true,2,4,middle,"[""PRINCIPLE-FEEDBACK"",""PRINCIPLE-QUESTIONING""]","[""PRINCIPLE-EXPLANATION""]",feedback_confirmation_only,"{""PRINCIPLE-CHALLENGE"":1,""PRINCIPLE-EXPLANATION"":3,""PRINCIPLE-FEEDBACK"":5,""PRINCIPLE-MODELLING"":2,""PRINCIPLE-PRACTICE"":1,""PRINCIPLE-QUESTIONING"":5}","[{""evidence"":""conversation_history (turn 3): 'Chắc chắn là không ạ, máy tính phải biết số điện tháng này dùng bao nhiêu đã.'"",""principle_id"":""PRINCIPLE-FEEDBACK"",""rationale"":""Nhu cầu độc lập: Học sinh vừa đưa ra một suy luận thực tế chính xác ở lượt trước và cần được xác nhận tính đúng đắn của suy luận này để có động lực tư duy tiếp. Nếu bỏ nguyên tắc này: Phản hồi của gia sư sẽ bỏ qua nỗ lực tư duy của học sinh, làm mất đi sự kết nối giữa câu trả lời thực tế của học sinh và khái niệm lý thuyết cần đạt."",""requirement_score"":5}]",,
3,flagged,needs_uet_review,BC-HNMU-G9-R0271-STT4-AI08,HNMU-G9-R0271-STT4,9,Bài 15: Bài toán tin học,Nhận biết,true,6,8,middle,"[""PRINCIPLE-EXPLANATION"",""PRINCIPLE-FEEDBACK""]","[""PRINCIPLE-PRACTICE""]",feedback_confirmation_only,"{""PRINCIPLE-CHALLENGE"":2,""PRINCIPLE-EXPLANATION"":4,""PRINCIPLE-FEEDBACK"":5,""PRINCIPLE-MODELLING"":2,""PRINCIPLE-PRACTICE"":3,""PRINCIPLE-QUESTIONING"":2}","[{""evidence"":""conversation_history lượt 7"",""principle_id"":""PRINCIPLE-FEEDBACK"",""rationale"":""Nhu cầu độc lập: Học sinh vừa đưa ra câu trả lời khẳng định chính xác ở lượt 7 (\""Dạ không thể biết được ạ\""), đây là mắt xích cuối cùng của chuỗi câu hỏi Socratic. Học sinh cần nhận được một phản hồi đánh giá trực tiếp và xác nhận tính đúng đắn của câu trả lời này để làm bệ phóng cho kết luận sư phạm. Nếu bỏ nguyên tắc này: Phản hồi của gia sư sẽ trở nên rời rạc, không ghi nhận sự nỗ lực và kết quả suy luận của học sinh, khiến mạch hội thoại gợi mở trước đó bị mất đi tính hiệu quả."",""requirement_score"":5}]",,
3,flagged,needs_uet_review,BC-HNMU-G9-R0271-STT4-AI10,HNMU-G9-R0271-STT4,9,Bài 15: Bài toán tin học,Nhận biết,true,8,10,last,"[""PRINCIPLE-PRACTICE"",""PRINCIPLE-FEEDBACK"",""PRINCIPLE-QUESTIONING""]","[""PRINCIPLE-CHALLENGE""]",feedback_confirmation_only,"{""PRINCIPLE-CHALLENGE"":3,""PRINCIPLE-EXPLANATION"":2,""PRINCIPLE-FEEDBACK"":5,""PRINCIPLE-MODELLING"":1,""PRINCIPLE-PRACTICE"":4,""PRINCIPLE-QUESTIONING"":4}","[{""evidence"":""conversation_history (turn_index: 8, 9)"",""principle_id"":""PRINCIPLE-FEEDBACK"",""rationale"":""Nhu cầu độc lập: Học sinh đã đưa ra câu trả lời chốt cho câu hỏi gợi mở ở lượt 8 và cần nhận được sự đánh giá, xác nhận chính thức từ gia sư về tính đúng đắn của câu trả lời này. Nếu bỏ nguyên tắc này: Gia sư không đưa ra phản hồi cho câu trả lời của học sinh, khiến chu trình tương tác Socratic bị bỏ lửng và học sinh không thể chắc chắn liệu kết luận mình tự rút ra đã hoàn toàn chính xác và chuẩn xác theo yêu cầu hay chưa."",""requirement_score"":5}]",,
3,flagged,needs_uet_review,BC-HNMU-G9-R0272-STT5-AI04,HNMU-G9-R0272-STT5,9,Bài 15: Bài toán tin học,Thông hiểu,true,2,4,middle,"[""PRINCIPLE-FEEDBACK"",""PRINCIPLE-QUESTIONING""]","[""PRINCIPLE-EXPLANATION""]",feedback_confirmation_only,"{""PRINCIPLE-CHALLENGE"":1,""PRINCIPLE-EXPLANATION"":3,""PRINCIPLE-FEEDBACK"":5,""PRINCIPLE-MODELLING"":2,""PRINCIPLE-PRACTICE"":1,""PRINCIPLE-QUESTIONING"":5}","[{""evidence"":""conversation_history (turn_index: 3): \""Đó là bước \""Chấm công\"" ạ.\"""",""principle_id"":""PRINCIPLE-FEEDBACK"",""rationale"":""Nhu cầu độc lập: Học sinh vừa đưa ra một câu trả lời cụ thể cho câu hỏi gợi mở của gia sư và cần biết câu trả lời này đã chính xác chưa để tự tin tiếp tục. Nếu bỏ nguyên tắc này: Gia sư không xác nhận câu trả lời \""Chấm công\"" của học sinh mà bỏ qua hoặc đi thẳng vào bước khác, học sinh sẽ hoang mang không biết mình đã phân tích đúng sơ đồ hay chưa, làm đứt gãy mạch tương tác đóng vai."",""requirement_score"":5}]",,
3,flagged,needs_uet_review,BC-HNMU-G9-R0272-STT5-AI10,HNMU-G9-R0272-STT5,9,Bài 15: Bài toán tin học,Thông hiểu,true,8,10,last,"[""PRINCIPLE-FEEDBACK"",""PRINCIPLE-QUESTIONING""]","[""PRINCIPLE-PRACTICE""]",feedback_confirmation_only,"{""PRINCIPLE-CHALLENGE"":1,""PRINCIPLE-EXPLANATION"":2,""PRINCIPLE-FEEDBACK"":5,""PRINCIPLE-MODELLING"":1,""PRINCIPLE-PRACTICE"":3,""PRINCIPLE-QUESTIONING"":5}","[{""evidence"":""conversation_history (lượt 9): \""Phải cất đi, tức là \""Lưu hồ sơ\"" ạ.\"""",""principle_id"":""PRINCIPLE-FEEDBACK"",""rationale"":""Nhu cầu độc lập: Học sinh cần được xác nhận ngay lập tức tính chính xác của câu trả lời \""Lưu hồ sơ\"" ở lượt 9 để hoàn tất mảnh ghép cuối cùng của quy trình.\nNếu bỏ nguyên tắc này: Học sinh sẽ không biết chắc chắn câu trả lời cuối cùng của mình đã đúng hay chưa, làm giảm sự tự tin và cản trở việc chuyển sang bước tổng hợp toàn bộ quy trình."",""requirement_score"":5}]",,
3,flagged,needs_uet_review,BC-HNMU-G9-R0273-STT6-AI06,HNMU-G9-R0273-STT6,9,Bài 15: Bài toán tin học,Thông hiểu,true,4,6,middle,"[""PRINCIPLE-EXPLANATION"",""PRINCIPLE-FEEDBACK"",""PRINCIPLE-QUESTIONING""]","[""PRINCIPLE-PRACTICE""]",feedback_confirmation_only,"{""PRINCIPLE-CHALLENGE"":1,""PRINCIPLE-EXPLANATION"":5,""PRINCIPLE-FEEDBACK"":5,""PRINCIPLE-MODELLING"":2,""PRINCIPLE-PRACTICE"":3,""PRINCIPLE-QUESTIONING"":4}","[{""evidence"":""conversation_history (lượt 5): student: \""Là Đầu ra ạ.\"""",""principle_id"":""PRINCIPLE-FEEDBACK"",""rationale"":""Nhu cầu độc lập: Học sinh vừa đưa ra câu trả lời cho câu hỏi gợi mở ở lượt trước của gia sư. Học sinh cần nhận được phản hồi xác nhận câu trả lời đó là đúng để hoàn thành chuỗi logic của ví dụ ẩn dụ nướng bánh.\nNếu bỏ nguyên tắc này: Nếu không phản hồi và xác nhận câu trả lời của học sinh, mạch đối thoại sẽ bị đứt gãy, học sinh không được củng cố niềm tin vào suy luận của mình trước khi chuyển sang chốt kiến thức lý thuyết."",""requirement_score"":5}]",,
3,flagged,needs_uet_review,BC-HNMU-G9-R0273-STT6-AI08,HNMU-G9-R0273-STT6,9,Bài 15: Bài toán tin học,Thông hiểu,true,6,8,last,"[""PRINCIPLE-EXPLANATION"",""PRINCIPLE-PRACTICE"",""PRINCIPLE-FEEDBACK""]","[""PRINCIPLE-MODELLING"",""PRINCIPLE-QUESTIONING""]",feedback_confirmation_only,"{""PRINCIPLE-CHALLENGE"":1,""PRINCIPLE-EXPLANATION"":4,""PRINCIPLE-FEEDBACK"":5,""PRINCIPLE-MODELLING"":3,""PRINCIPLE-PRACTICE"":4,""PRINCIPLE-QUESTIONING"":3}","[{""evidence"":""conversation_history (lượt 7: \""Nó có sau khi xử lí, đóng vai trò là 'kết quả cần tìm' ạ.\"")"",""principle_id"":""PRINCIPLE-FEEDBACK"",""rationale"":""Nhu cầu độc lập: Học sinh vừa đưa ra câu trả lời chính xác ở lượt 7 về vai trò của Đầu ra (\""có sau khi xử lí, đóng vai trò là 'kết quả cần tìm'\"") và cần nhận được sự xác nhận, đánh giá ngay lập tức từ Tutor để củng cố niềm tin và hoàn thành mạch suy luận Socratic đang dang dở.\nNếu bỏ nguyên tắc này: Một phản hồi bỏ qua câu trả lời này của học sinh mà chuyển thẳng sang nội dung khác sẽ làm đứt gãy mạch tương tác, khiến học sinh hoang mang không rõ câu trả lời của mình đã hoàn toàn đúng và đủ chưa."",""requirement_score"":5}]",,
3,flagged,needs_uet_review,BC-HNMU-G9-R0274-STT7-AI04,HNMU-G9-R0274-STT7,9,Bài 15: Bài toán tin học,Thông hiểu,true,2,4,middle,"[""PRINCIPLE-EXPLANATION"",""PRINCIPLE-FEEDBACK""]","[""PRINCIPLE-MODELLING"",""PRINCIPLE-QUESTIONING""]",feedback_confirmation_only,"{""PRINCIPLE-CHALLENGE"":2,""PRINCIPLE-EXPLANATION"":5,""PRINCIPLE-FEEDBACK"":5,""PRINCIPLE-MODELLING"":3,""PRINCIPLE-PRACTICE"":2,""PRINCIPLE-QUESTIONING"":3}","[{""evidence"":""Lượt hội thoại 3 trong 'conversation_history': Học sinh trả lời \""Dạ không, em phải làm từng việc một ạ.\"""",""principle_id"":""PRINCIPLE-FEEDBACK"",""rationale"":""Nhu cầu độc lập: Học sinh đã trả lời câu hỏi gợi mở của gia sư ở lượt trước bằng một ý kiến thực tế (\""em phải làm từng việc một\""). Gia sư cần đưa ra nhận xét để xác nhận tính đúng đắn của câu trả lời này và liên kết nó với khái niệm thuật toán. Nếu bỏ nguyên tắc này: Nếu không phản hồi trực tiếp trên câu trả lời của học sinh, mối liên kết giữa ví dụ đời sống và khái niệm tin học sẽ bị đứt gãy, khiến câu hỏi gợi mở trước đó của gia sư trở nên vô nghĩa."",""requirement_score"":5}]",,
3,flagged,needs_uet_review,BC-HNMU-G9-R0274-STT7-AI06,HNMU-G9-R0274-STT7,9,Bài 15: Bài toán tin học,Thông hiểu,true,4,6,middle,"[""PRINCIPLE-FEEDBACK"",""PRINCIPLE-QUESTIONING""]","[""PRINCIPLE-EXPLANATION""]",feedback_confirmation_only,"{""PRINCIPLE-CHALLENGE"":2,""PRINCIPLE-EXPLANATION"":3,""PRINCIPLE-FEEDBACK"":5,""PRINCIPLE-MODELLING"":2,""PRINCIPLE-PRACTICE"":2,""PRINCIPLE-QUESTIONING"":4}","[{""evidence"":""conversation_history (turn_index: 5)"",""principle_id"":""PRINCIPLE-FEEDBACK"",""rationale"":""Nhu cầu độc lập: Học sinh vừa đưa ra một suy luận quan trọng ở lượt 5 (\""Em đang chia bài toán lớn đó thành những bài toán nhỏ hơn ạ\""). Học sinh cần được gia sư phản hồi, xác nhận tính đúng đắn của suy luận này để có điểm tựa vững chắc cho bước tư duy tiếp theo. Nếu bỏ nguyên tắc này: Gia sư sẽ bỏ qua nỗ lực tư duy của học sinh, khiến học sinh cảm thấy hoang mang không biết câu trả lời của mình đã đúng hướng hay chưa, làm đứt gãy mạch tương tác Socratic."",""requirement_score"":5}]",,
3,flagged,needs_uet_review,BC-HNMU-G9-R0275-STT8-AI06,HNMU-G9-R0275-STT8,9,Bài 15: Bài toán tin học,Thông hiểu,true,4,6,middle,"[""PRINCIPLE-EXPLANATION"",""PRINCIPLE-FEEDBACK""]","[""PRINCIPLE-QUESTIONING""]",feedback_confirmation_only,"{""PRINCIPLE-CHALLENGE"":1,""PRINCIPLE-EXPLANATION"":5,""PRINCIPLE-FEEDBACK"":5,""PRINCIPLE-MODELLING"":2,""PRINCIPLE-PRACTICE"":2,""PRINCIPLE-QUESTIONING"":3}","[{""evidence"":""conversation_history lượt 5"",""principle_id"":""PRINCIPLE-FEEDBACK"",""rationale"":""Nhu cầu độc lập: Học sinh vừa đưa ra câu trả lời chính xác cho câu hỏi tình huống (\""Tiền lương sẽ ra số âm, điều này vô lí trên thực tế ạ\""). Học sinh cần được xác nhận tính đúng đắn của suy luận này và liên kết nó với thắc mắc ban đầu về tính chính xác của máy tính. Nếu bỏ nguyên tắc này: Gia sư sẽ bỏ qua đóng góp của học sinh, khiến cuộc hội thoại mất đi tính tương tác và học sinh không thấy rõ được câu trả lời của mình đóng vai trò gì trong việc giải thích lý do cần gỡ lỗi."",""requirement_score"":5}]",,
3,flagged,needs_uet_review,BC-HNMU-G9-R0276-STT9-AI08,HNMU-G9-R0276-STT9,9,Bài 15: Bài toán tin học,Thông hiểu,true,6,8,middle,"[""PRINCIPLE-EXPLANATION"",""PRINCIPLE-FEEDBACK""]","[""PRINCIPLE-QUESTIONING""]",feedback_confirmation_only,"{""PRINCIPLE-CHALLENGE"":1,""PRINCIPLE-EXPLANATION"":5,""PRINCIPLE-FEEDBACK"":5,""PRINCIPLE-MODELLING"":2,""PRINCIPLE-PRACTICE"":2,""PRINCIPLE-QUESTIONING"":3}","[{""evidence"":""conversation_history (lượt 7): 'Nó xử lí dữ liệu dạng hình ảnh ạ.'"",""principle_id"":""PRINCIPLE-FEEDBACK"",""rationale"":""Nhu cầu độc lập: Học sinh vừa đưa ra câu trả lời cụ thể ở lượt 7 (\""Nó xử lí dữ liệu dạng hình ảnh ạ\"") sau câu hỏi gợi mở của gia sư. Học sinh cần được xác nhận tính đúng đắn của câu trả lời này để hoàn thành chuỗi suy luận. Nếu bỏ nguyên tắc này: Nếu không có phản hồi nhận xét câu trả lời này, nỗ lực tương tác của học sinh sẽ bị bỏ qua, làm đứt gãy mạch hội thoại Socratic và học sinh không biết mình đã đi đúng hướng hay chưa."",""requirement_score"":5}]",,
3,flagged,needs_uet_review,BC-HNMU-G9-R0276-STT9-AI10,HNMU-G9-R0276-STT9,9,Bài 15: Bài toán tin học,Thông hiểu,true,8,10,last,"[""PRINCIPLE-FEEDBACK""]","[""PRINCIPLE-EXPLANATION"",""PRINCIPLE-QUESTIONING""]",feedback_confirmation_only,"{""PRINCIPLE-CHALLENGE"":2,""PRINCIPLE-EXPLANATION"":3,""PRINCIPLE-FEEDBACK"":5,""PRINCIPLE-MODELLING"":1,""PRINCIPLE-PRACTICE"":2,""PRINCIPLE-QUESTIONING"":3}","[{""evidence"":""conversation_history lượt 9"",""principle_id"":""PRINCIPLE-FEEDBACK"",""rationale"":""Nhu cầu độc lập: Học sinh đã hoàn thành xuất sắc chuỗi câu hỏi gợi mở và tự rút ra kết luận chính xác ở lượt 9. Học sinh có nhu cầu nhận được sự phản hồi, xác nhận chính thức từ gia sư rằng kết luận của mình đã đúng và đầy đủ theo yêu cầu chuyên môn. Nếu bỏ nguyên tắc này: Gia sư nếu chỉ chuyển sang câu hỏi hoặc nội dung mới mà không công nhận hay nhận xét câu trả lời của học sinh sẽ làm đứt gãy mạch tương tác, khiến học sinh hoang mang không biết suy luận của mình đã hoàn toàn chính xác chưa."",""requirement_score"":5}]",,
3,flagged,needs_uet_review,BC-HNMU-G9-R0278-STT11-AI08,HNMU-G9-R0278-STT11,9,Bài 15: Bài toán tin học,Vận dụng,true,6,8,middle,"[""PRINCIPLE-FEEDBACK"",""PRINCIPLE-QUESTIONING""]","[""PRINCIPLE-EXPLANATION""]",feedback_confirmation_only,"{""PRINCIPLE-CHALLENGE"":1,""PRINCIPLE-EXPLANATION"":3,""PRINCIPLE-FEEDBACK"":5,""PRINCIPLE-MODELLING"":1,""PRINCIPLE-PRACTICE"":2,""PRINCIPLE-QUESTIONING"":4}","[{""evidence"":""conversation_history (lượt 7)"",""principle_id"":""PRINCIPLE-FEEDBACK"",""rationale"":""Nhu cầu độc lập: Học sinh vừa đưa ra câu trả lời cụ thể cho trường hợp số 8 ở lượt 7 và cần được xác nhận tính đúng đắn của câu trả lời này để có điểm tựa vững chắc trước khi tiến hành tổng quát hóa bài toán.\nNếu bỏ nguyên tắc này: Một phản hồi dùng chiến lược khác (như giải thích luôn đáp án hoặc hỏi câu hỏi mới mà không nhìn nhận câu trả lời của học sinh) sẽ khiến học sinh bị hẫng, không rõ câu trả lời của mình đã chuẩn xác chưa để tự tin đi tiếp."",""requirement_score"":5}]",,
3,flagged,needs_uet_review,BC-HNMU-G9-R0278-STT11-AI10,HNMU-G9-R0278-STT11,9,Bài 15: Bài toán tin học,Vận dụng,true,8,10,last,"[""PRINCIPLE-FEEDBACK""]","[""PRINCIPLE-CHALLENGE"",""PRINCIPLE-PRACTICE"",""PRINCIPLE-QUESTIONING""]",feedback_confirmation_only,"{""PRINCIPLE-CHALLENGE"":3,""PRINCIPLE-EXPLANATION"":2,""PRINCIPLE-FEEDBACK"":5,""PRINCIPLE-MODELLING"":1,""PRINCIPLE-PRACTICE"":3,""PRINCIPLE-QUESTIONING"":3}","[{""evidence"":""conversation_history (lượt 9)"",""principle_id"":""PRINCIPLE-FEEDBACK"",""rationale"":""Nhu cầu độc lập: Học sinh vừa hoàn thành bước cuối cùng để xác định Đầu ra ở lượt 9. Học sinh cần một sự phản hồi và đánh giá chính thức từ gia sư để xác nhận xem câu trả lời của mình đã hoàn toàn chính xác và đầy đủ hay chưa.\nNếu bỏ nguyên tắc này: Học sinh sẽ không có sự chốt kiến thức cuối cùng cho bài toán nguồn, khiến tiến trình giải quyết nhiệm vụ học tập bị lửng lơ và không đảm bảo độ tin cậy của kết quả học sinh tự tìm ra."",""requirement_score"":5}]",,
3,flagged,needs_uet_review,BC-HNMU-G9-R0279-STT12-AI08,HNMU-G9-R0279-STT12,9,Bài 15: Bài toán tin học,Vận dụng,true,6,8,middle,"[""PRINCIPLE-FEEDBACK"",""PRINCIPLE-QUESTIONING""]","[""PRINCIPLE-EXPLANATION""]",feedback_confirmation_only,"{""PRINCIPLE-CHALLENGE"":1,""PRINCIPLE-EXPLANATION"":3,""PRINCIPLE-FEEDBACK"":5,""PRINCIPLE-MODELLING"":2,""PRINCIPLE-PRACTICE"":2,""PRINCIPLE-QUESTIONING"":5}","[{""evidence"":""conversation_history (lượt 7): \""Dạ không, số lượng lá bài và chất bài vẫn giữ nguyên y hệt.\"""",""principle_id"":""PRINCIPLE-FEEDBACK"",""rationale"":""Nhu cầu độc lập: Học sinh vừa hoàn thành câu trả lời ở lượt 7 chỉ ra rằng số lượng và chất bài giữ nguyên. Học sinh cần được xác nhận tính đúng đắn của câu trả lời này và được chỉ ra rằng phát hiện đó chính là chìa khóa để giải quyết sự \""vô lý\"" ban đầu.\nNếu bỏ nguyên tắc này: Một phản hồi bỏ qua câu trả lời của học sinh mà tự đi tiếp hoặc giải thích độc lập sẽ khiến mạch hội thoại bị đứt gãy, học sinh không thấy được giá trị của việc suy luận từ ví dụ bộ bài."",""requirement_score"":5}]",,
3,flagged,needs_uet_review,BC-HNMU-G9-R0279-STT12-AI10,HNMU-G9-R0279-STT12,9,Bài 15: Bài toán tin học,Vận dụng,true,8,10,last,"[""PRINCIPLE-FEEDBACK"",""PRINCIPLE-QUESTIONING""]","[""PRINCIPLE-EXPLANATION""]",feedback_confirmation_only,"{""PRINCIPLE-CHALLENGE"":2,""PRINCIPLE-EXPLANATION"":3,""PRINCIPLE-FEEDBACK"":5,""PRINCIPLE-MODELLING"":2,""PRINCIPLE-PRACTICE"":2,""PRINCIPLE-QUESTIONING"":4}","[{""evidence"":""conversation_history lượt 8-9 và student_prompt"",""principle_id"":""PRINCIPLE-FEEDBACK"",""rationale"":""Nhu cầu độc lập: Học sinh vừa đưa ra câu trả lời rất chính xác ở lượt 9 về sự khác biệt cốt lõi giữa đầu vào và đầu ra của bộ bài (\""Đầu vào thì các lá bài lộn xộn, còn Đầu ra thì các lá bài đã nằm đúng thứ tự tăng dần\""). Học sinh cần được xác nhận ngay lập tức rằng lập luận này là đúng đắn để giải tỏa hoàn toàn cảm giác \""vô lí\"" ban đầu.\nNếu bỏ nguyên tắc này: Phản hồi tiếp theo của gia sư nếu không đánh giá câu trả lời của học sinh sẽ khiến mạch hội thoại bị đứt gãy, học sinh không chắc chắn liệu cách hiểu của mình về ví dụ thực tế đã chuẩn xác hay chưa trước khi áp dụng vào bài toán chính."",""requirement_score"":5}]",,
3,flagged,needs_uet_review,BC-HNMU-G9-R0280-STT13-AI06,HNMU-G9-R0280-STT13,9,Bài 15: Bài toán tin học,Vận dụng,true,4,6,middle,"[""PRINCIPLE-FEEDBACK"",""PRINCIPLE-QUESTIONING""]",[],feedback_confirmation_only,"{""PRINCIPLE-CHALLENGE"":2,""PRINCIPLE-EXPLANATION"":2,""PRINCIPLE-FEEDBACK"":5,""PRINCIPLE-MODELLING"":2,""PRINCIPLE-PRACTICE"":2,""PRINCIPLE-QUESTIONING"":5}","[{""evidence"":""turn_index 5: \""Em ra lệnh cho máy tính lấy giá trị a cộng với giá trị b, rồi lưu kết quả lại.\"""",""principle_id"":""PRINCIPLE-FEEDBACK"",""rationale"":""Nhu cầu độc lập: Học sinh vừa đưa ra câu trả lời cho Bước 2 (Xây dựng thuật toán) ở lượt 5 và cần được gia sư đánh giá xem tư duy \""lấy giá trị a cộng với giá trị b, rồi lưu kết quả\"" đã đúng định dạng Tin học chưa. Nếu bỏ nguyên tắc này: Học sinh sẽ không có sự tự tin và xác nhận về độ chính xác của bước hiện tại trước khi chuyển sang Bước 3, dễ dẫn đến việc mang theo những hiểu lầm (nếu có) sang phần viết code."",""requirement_score"":5}]",,
3,flagged,needs_uet_review,BC-HNMU-G9-R0281-STT14-AI08,HNMU-G9-R0281-STT14,9,Bài 15: Bài toán tin học,Vận dụng,true,6,8,last,"[""PRINCIPLE-FEEDBACK""]","[""PRINCIPLE-EXPLANATION"",""PRINCIPLE-QUESTIONING""]",feedback_confirmation_only,"{""PRINCIPLE-CHALLENGE"":2,""PRINCIPLE-EXPLANATION"":3,""PRINCIPLE-FEEDBACK"":5,""PRINCIPLE-MODELLING"":2,""PRINCIPLE-PRACTICE"":2,""PRINCIPLE-QUESTIONING"":3}","[{""evidence"":""conversation_history (lượt 7)"",""principle_id"":""PRINCIPLE-FEEDBACK"",""rationale"":""Nhu cầu độc lập: Học sinh vừa trả lời một câu hỏi tình huống cụ thể ở lượt 7 (\""UCLN của 5 và 5 chính là 5 luôn ạ\"") và cần được xác nhận tính đúng đắn của câu trả lời này, đồng thời cần sự định hướng để liên kết kết quả này nhằm hoàn thiện định nghĩa Output tổng quát cho bài toán.\nNếu bỏ nguyên tắc này: Phản hồi của gia sư sẽ không đánh giá câu trả lời của học sinh, khiến học sinh không rõ lập luận của mình đã đúng chưa và không thể hoàn chỉnh bài làm một cách tự tin."",""requirement_score"":5}]",,
3,flagged,needs_uet_review,BC-HNMU-G9-R0282-STT1-AI06,HNMU-G9-R0282-STT1,9,Bài 16: Thực hành: Lập chương trình máy tính,Nhận biết,true,4,6,middle,"[""PRINCIPLE-FEEDBACK"",""PRINCIPLE-QUESTIONING""]",[],feedback_confirmation_only,"{""PRINCIPLE-CHALLENGE"":2,""PRINCIPLE-EXPLANATION"":2,""PRINCIPLE-FEEDBACK"":5,""PRINCIPLE-MODELLING"":1,""PRINCIPLE-PRACTICE"":2,""PRINCIPLE-QUESTIONING"":5}","[{""evidence"":""Phát biểu của học sinh ở lượt 5 trong conversation_history: \""À, đó là rẽ nhánh đúng không thầy?\""."",""principle_id"":""PRINCIPLE-FEEDBACK"",""rationale"":""Nhu cầu độc lập: Học sinh vừa đưa ra câu trả lời dưới dạng một câu hỏi thăm dò (\""đó là rẽ nhánh đúng không thầy?\""), nên rất cần một phản hồi xác nhận ngay lập tức để củng cố sự tự tin và xác định tính đúng đắn của câu trả lời. Nếu bỏ nguyên tắc này: Học sinh sẽ rơi vào trạng thái mơ hồ, không biết suy luận của mình về ví dụ ngã tư đèn xanh đèn đỏ đã chính xác chưa, gây cản trở cho tiến trình tìm hiểu cấu trúc tiếp theo."",""requirement_score"":5}]",,
3,flagged,needs_uet_review,BC-HNMU-G9-R0282-STT1-AI08,HNMU-G9-R0282-STT1,9,Bài 16: Thực hành: Lập chương trình máy tính,Nhận biết,true,6,8,middle,"[""PRINCIPLE-FEEDBACK"",""PRINCIPLE-QUESTIONING""]","[""PRINCIPLE-EXPLANATION"",""PRINCIPLE-PRACTICE""]",feedback_confirmation_only,"{""PRINCIPLE-CHALLENGE"":2,""PRINCIPLE-EXPLANATION"":3,""PRINCIPLE-FEEDBACK"":5,""PRINCIPLE-MODELLING"":1,""PRINCIPLE-PRACTICE"":3,""PRINCIPLE-QUESTIONING"":4}","[{""evidence"":""turn_index: 7"",""principle_id"":""PRINCIPLE-FEEDBACK"",""rationale"":""Nhu cầu độc lập: Học sinh vừa đưa ra câu trả lời \""Là lặp lại ạ\"" ở lượt hội thoại mới nhất và cần được gia sư đánh giá xem câu trả lời đó đã chính xác và hoàn thành được mục tiêu tìm lại ba cấu trúc điều khiển cơ bản hay chưa.\nNếu bỏ nguyên tắc này: Phản hồi của gia sư sẽ không công nhận nỗ lực suy luận của học sinh, làm đứt gãy mạch tương tác Socratic đang diễn ra rất tốt và không thể giúp học sinh chốt lại kiến thức một cách tự tin."",""requirement_score"":5}]",,
3,flagged,needs_uet_review,BC-HNMU-G9-R0283-STT2-AI06,HNMU-G9-R0283-STT2,9,Bài 16: Thực hành: Lập chương trình máy tính,Nhận biết,true,4,6,middle,"[""PRINCIPLE-EXPLANATION"",""PRINCIPLE-FEEDBACK"",""PRINCIPLE-QUESTIONING""]","[""PRINCIPLE-MODELLING"",""PRINCIPLE-PRACTICE""]",feedback_confirmation_only,"{""PRINCIPLE-CHALLENGE"":2,""PRINCIPLE-EXPLANATION"":5,""PRINCIPLE-FEEDBACK"":5,""PRINCIPLE-MODELLING"":3,""PRINCIPLE-PRACTICE"":3,""PRINCIPLE-QUESTIONING"":4}","[{""evidence"":""conversation_history lượt 5"",""principle_id"":""PRINCIPLE-FEEDBACK"",""rationale"":""Nhu cầu độc lập: Học sinh vừa đưa ra câu trả lời 'Cho đến khi người dùng nhập đúng mật khẩu ạ' ở lượt 5 và cần được gia sư xác nhận tính đúng đắn của suy luận này để có sự tự tin bước tiếp. Nếu bỏ nguyên tắc này: Phản hồi tiếp theo sẽ bỏ qua nỗ lực tư duy của học sinh, khiến mạch hội thoại bị rời rạc và học sinh không biết chắc lập luận của mình về điều kiện dừng đã chính xác chưa."",""requirement_score"":5}]",,
3,flagged,needs_uet_review,BC-HNMU-G9-R0283-STT2-AI10,HNMU-G9-R0283-STT2,9,Bài 16: Thực hành: Lập chương trình máy tính,Nhận biết,true,8,10,last,"[""PRINCIPLE-FEEDBACK"",""PRINCIPLE-QUESTIONING""]","[""PRINCIPLE-PRACTICE""]",feedback_confirmation_only,"{""PRINCIPLE-CHALLENGE"":2,""PRINCIPLE-EXPLANATION"":2,""PRINCIPLE-FEEDBACK"":5,""PRINCIPLE-MODELLING"":2,""PRINCIPLE-PRACTICE"":3,""PRINCIPLE-QUESTIONING"":5}","[{""evidence"":""conversation_history lượt 9"",""principle_id"":""PRINCIPLE-FEEDBACK"",""rationale"":""Nhu cầu độc lập: Học sinh vừa hoàn thành việc tìm kiếm khối lệnh và báo cáo kết quả cụ thể (\""tìm thấy khối lệnh đó màu cam trong nhóm Điều khiển\""), do đó học sinh cần được gia sư xác nhận ngay lập tức xem lựa chọn này đã chính xác chưa.\nNếu bỏ nguyên tắc này: Phản hồi của gia sư sẽ bỏ qua kết quả tự tìm kiếm của học sinh, khiến học sinh hoang mang không biết mình đã chọn đúng khối lệnh cần thiết để tiếp tục bài học hay chưa."",""requirement_score"":5}]",,
3,flagged,needs_uet_review,BC-HNMU-G9-R0284-STT3-AI04,HNMU-G9-R0284-STT3,9,Bài 16: Thực hành: Lập chương trình máy tính,Nhận biết,true,2,4,middle,"[""PRINCIPLE-EXPLANATION"",""PRINCIPLE-FEEDBACK"",""PRINCIPLE-QUESTIONING""]","[""PRINCIPLE-MODELLING"",""PRINCIPLE-PRACTICE""]",feedback_confirmation_only,"{""PRINCIPLE-CHALLENGE"":2,""PRINCIPLE-EXPLANATION"":5,""PRINCIPLE-FEEDBACK"":4,""PRINCIPLE-MODELLING"":3,""PRINCIPLE-PRACTICE"":3,""PRINCIPLE-QUESTIONING"":4}","[{""evidence"":""turn_index 3"",""principle_id"":""PRINCIPLE-FEEDBACK"",""rationale"":""Nhu cầu độc lập: Học sinh vừa đưa ra một nhận định chính xác ở lượt 3 (\""lỗi logic nặng quá\""). Học sinh cần nhận được sự xác nhận, khích lệ từ gia sư rằng nhận định của họ là hoàn toàn đúng để tạo đà cho các phân tích tiếp theo. Nếu bỏ nguyên tắc này: Nếu bỏ qua phản hồi và chuyển ngay sang lý thuyết, gia sư sẽ bỏ lỡ cơ hội củng cố tư duy đúng đắn của học sinh và làm giảm tính tương tác tự nhiên của cuộc thoại."",""requirement_score"":4}]",,
3,flagged,needs_uet_review,BC-HNMU-G9-R0284-STT3-AI06,HNMU-G9-R0284-STT3,9,Bài 16: Thực hành: Lập chương trình máy tính,Nhận biết,true,4,6,middle,"[""PRINCIPLE-EXPLANATION"",""PRINCIPLE-FEEDBACK""]","[""PRINCIPLE-QUESTIONING""]",feedback_confirmation_only,"{""PRINCIPLE-CHALLENGE"":1,""PRINCIPLE-EXPLANATION"":4,""PRINCIPLE-FEEDBACK"":5,""PRINCIPLE-MODELLING"":2,""PRINCIPLE-PRACTICE"":2,""PRINCIPLE-QUESTIONING"":3}","[{""evidence"":""conversation_history (lượt 5)"",""principle_id"":""PRINCIPLE-FEEDBACK"",""rationale"":""Nhu cầu độc lập: Học sinh đã tự đưa ra câu trả lời rất đúng hướng ở lượt 5 (\""Em phải tự nhập thử nhiều con số khác nhau...\""). Học sinh cần được gia sư ghi nhận, xác nhận tính đúng đắn của giải pháp tự thân này và liên kết nó trực tiếp với khái niệm bảng kiểm thử.\n\nNếu bỏ nguyên tắc này: Nếu không phản hồi và đánh giá câu trả lời của học sinh ở lượt 5, phản hồi của gia sư sẽ trở nên đơn thoại, làm mất đi sự khích lệ đối với tư duy tích cực của học sinh và không tận dụng được cầu nối tự nhiên từ ý tưởng của học sinh lên lý thuyết bài học."",""requirement_score"":5}]",,
3,flagged,needs_uet_review,BC-HNMU-G9-R0286-STT5-AI06,HNMU-G9-R0286-STT5,9,Bài 16: Thực hành: Lập chương trình máy tính,Thông hiểu,true,4,6,middle,"[""PRINCIPLE-EXPLANATION"",""PRINCIPLE-FEEDBACK""]","[""PRINCIPLE-QUESTIONING""]",feedback_confirmation_only,"{""PRINCIPLE-CHALLENGE"":1,""PRINCIPLE-EXPLANATION"":5,""PRINCIPLE-FEEDBACK"":4,""PRINCIPLE-MODELLING"":2,""PRINCIPLE-PRACTICE"":2,""PRINCIPLE-QUESTIONING"":3}","[{""evidence"":""turn_index 4 và turn_index 5"",""principle_id"":""PRINCIPLE-FEEDBACK"",""rationale"":""Nhu cầu độc lập: Học sinh vừa đưa ra câu trả lời đúng cho câu hỏi gợi mở của gia sư ở lượt trước và cần được xác nhận tính đúng đắn này để làm tiền đề chuyển sang bước giải thích tiếp theo. Nếu bỏ nguyên tắc này: Gia sư sẽ bỏ qua nỗ lực tư duy của học sinh, khiến mạch hội thoại bị đứt gãy và học sinh không biết câu trả lời của mình về \""ngôi nhà thật\"" đã chính xác chưa."",""requirement_score"":4}]",,
3,flagged,needs_uet_review,BC-HNMU-G9-R0286-STT5-AI08,HNMU-G9-R0286-STT5,9,Bài 16: Thực hành: Lập chương trình máy tính,Thông hiểu,true,6,8,middle,"[""PRINCIPLE-EXPLANATION"",""PRINCIPLE-FEEDBACK""]","[""PRINCIPLE-QUESTIONING""]",feedback_confirmation_only,"{""PRINCIPLE-CHALLENGE"":2,""PRINCIPLE-EXPLANATION"":5,""PRINCIPLE-FEEDBACK"":5,""PRINCIPLE-MODELLING"":1,""PRINCIPLE-PRACTICE"":2,""PRINCIPLE-QUESTIONING"":3}","[{""evidence"":""conversation_history lượt 7: \""Máy tính sẽ chạy ngôi nhà thật, tức là chạy Chương trình ạ.\"""",""principle_id"":""PRINCIPLE-FEEDBACK"",""rationale"":""Nhu cầu độc lập: Học sinh vừa đưa ra một câu trả lời suy luận quan trọng ở lượt 7 để kết nối ẩn dụ ngôi nhà với khái niệm chương trình. Học sinh cần nhận được phản hồi đánh giá ngay lập tức để xác nhận tính chính xác trong tư duy của mình.\nNếu bỏ nguyên tắc này: Phản hồi của gia sư sẽ bỏ qua câu trả lời của học sinh, làm đứt gãy mạch tương tác và khiến học sinh hoang mang không biết kết luận của mình đã đúng hoàn toàn hay chưa."",""requirement_score"":5}]",,
3,flagged,needs_uet_review,BC-HNMU-G9-R0287-STT6-AI10,HNMU-G9-R0287-STT6,9,Bài 16: Thực hành: Lập chương trình máy tính,Thông hiểu,true,8,10,last,"[""PRINCIPLE-EXPLANATION"",""PRINCIPLE-FEEDBACK""]","[""PRINCIPLE-PRACTICE"",""PRINCIPLE-QUESTIONING""]",feedback_confirmation_only,"{""PRINCIPLE-CHALLENGE"":2,""PRINCIPLE-EXPLANATION"":4,""PRINCIPLE-FEEDBACK"":5,""PRINCIPLE-MODELLING"":1,""PRINCIPLE-PRACTICE"":3,""PRINCIPLE-QUESTIONING"":3}","[{""evidence"":""turn_index: 9"",""principle_id"":""PRINCIPLE-FEEDBACK"",""rationale"":""Nhu cầu độc lập: Học sinh vừa đưa ra câu trả lời cho câu hỏi gợi mở ở lượt 8 và cần được xác nhận tính chính xác của câu trả lời đó để củng cố niềm tin vào suy luận của mình. Nếu bỏ nguyên tắc này: Một phản hồi dù có giải thích tốt đến đâu mà không ghi nhận và đánh giá câu trả lời của học sinh sẽ làm đứt gãy mạch tương tác Socratic, khiến học sinh không biết mình đã hiểu đúng hoàn toàn hay chưa."",""requirement_score"":5}]",,
3,flagged,needs_uet_review,BC-HNMU-G9-R0288-STT7-AI06,HNMU-G9-R0288-STT7,9,Bài 16: Thực hành: Lập chương trình máy tính,Thông hiểu,true,4,6,middle,"[""PRINCIPLE-FEEDBACK"",""PRINCIPLE-QUESTIONING""]","[""PRINCIPLE-EXPLANATION""]",feedback_confirmation_only,"{""PRINCIPLE-CHALLENGE"":1,""PRINCIPLE-EXPLANATION"":3,""PRINCIPLE-FEEDBACK"":5,""PRINCIPLE-MODELLING"":1,""PRINCIPLE-PRACTICE"":2,""PRINCIPLE-QUESTIONING"":5}","[{""evidence"":""conversation_history (lượt 5)"",""principle_id"":""PRINCIPLE-FEEDBACK"",""rationale"":""Nhu cầu độc lập: Học sinh vừa đưa ra một nhận định chính xác ở lượt 5 (\""chưa ạ, vì 30 < 40 nên nó tính theo công thức thường\""). Học sinh cần nhận được phản hồi xác nhận ngay lập tức từ gia sư để củng cố rằng lập luận của mình là đúng đắn.\n\nNếu bỏ nguyên tắc này: Phản hồi tiếp theo sẽ bỏ qua câu trả lời của học sinh, khiến học sinh hoang mang không biết suy luận của mình đã chính xác chưa, làm mất đi sự kết nối và động lực trong cuộc hội thoại."",""requirement_score"":5}]",,
3,flagged,needs_uet_review,BC-HNMU-G9-R0288-STT7-AI08,HNMU-G9-R0288-STT7,9,Bài 16: Thực hành: Lập chương trình máy tính,Thông hiểu,true,6,8,last,"[""PRINCIPLE-FEEDBACK"",""PRINCIPLE-QUESTIONING""]","[""PRINCIPLE-EXPLANATION""]",feedback_confirmation_only,"{""PRINCIPLE-CHALLENGE"":2,""PRINCIPLE-EXPLANATION"":3,""PRINCIPLE-FEEDBACK"":5,""PRINCIPLE-MODELLING"":2,""PRINCIPLE-PRACTICE"":2,""PRINCIPLE-QUESTIONING"":4}","[{""evidence"":""conversation_history (lượt 7)"",""principle_id"":""PRINCIPLE-FEEDBACK"",""rationale"":""Nhu cầu độc lập: Học sinh vừa đưa ra một câu trả lời hoàn toàn chính xác ở lượt 7 (\""test bằng tình huống số 3... để ép máy tính chạy vào khối lệnh làm thêm giờ\"") sau chuỗi câu hỏi gợi mở. Học sinh có nhu cầu sư phạm rõ rệt là được ghi nhận và xác nhận tính đúng đắn của suy luận này để củng cố lòng tin. Nếu bỏ nguyên tắc này: Nếu không phản hồi và đánh giá trực tiếp câu trả lời của học sinh, tiến trình Socratic trước đó sẽ bị đứt gãy, học sinh sẽ hoang mang không biết suy luận của mình về tình huống 3 đã thực sự chuẩn xác chưa."",""requirement_score"":5}]",,
3,flagged,needs_uet_review,BC-HNMU-G9-R0289-STT8-AI02,HNMU-G9-R0289-STT8,9,Bài 16: Thực hành: Lập chương trình máy tính,Thông hiểu,false,0,2,first,"[""PRINCIPLE-EXPLANATION"",""PRINCIPLE-FEEDBACK""]","[""PRINCIPLE-QUESTIONING""]",feedback_confirmation_only,"{""PRINCIPLE-CHALLENGE"":1,""PRINCIPLE-EXPLANATION"":5,""PRINCIPLE-FEEDBACK"":4,""PRINCIPLE-MODELLING"":2,""PRINCIPLE-PRACTICE"":2,""PRINCIPLE-QUESTIONING"":3}","[{""evidence"":""student_prompt: \""...làm gì có ai đi làm mà lại bị âm tiền lương?\"""",""principle_id"":""PRINCIPLE-FEEDBACK"",""rationale"":""Nhu cầu độc lập: Học sinh đưa ra một lập luận thực tế rất logic (\""làm gì có ai đi làm mà lại bị âm tiền lương\""). Phản hồi cần ghi nhận và xác nhận tính đúng đắn của lập luận thực tế này trước khi phân tích lỗi tư duy của học sinh trong ngữ cảnh kiểm thử phần mềm.\nNếu bỏ nguyên tắc này: Nếu không phản hồi trực tiếp để làm rõ ranh giới giữa logic thực tế và logic kiểm thử phần mềm mà học sinh đã chỉ ra, học sinh sẽ cảm thấy thắc mắc của mình bị phớt lờ hoặc phản hồi của gia sư không đi đúng trọng tâm câu hỏi."",""requirement_score"":4}]",,
3,flagged,needs_uet_review,BC-HNMU-G9-R0289-STT8-AI06,HNMU-G9-R0289-STT8,9,Bài 16: Thực hành: Lập chương trình máy tính,Thông hiểu,true,4,6,middle,"[""PRINCIPLE-FEEDBACK"",""PRINCIPLE-QUESTIONING""]","[""PRINCIPLE-EXPLANATION""]",feedback_confirmation_only,"{""PRINCIPLE-CHALLENGE"":2,""PRINCIPLE-EXPLANATION"":3,""PRINCIPLE-FEEDBACK"":5,""PRINCIPLE-MODELLING"":2,""PRINCIPLE-PRACTICE"":2,""PRINCIPLE-QUESTIONING"":4}","[{""evidence"":""conversation_history lượt 5: \""Em dùng vòng lặp \""Lặp lại cho đến khi mức lương > 0\"" ạ.\"""",""principle_id"":""PRINCIPLE-FEEDBACK"",""rationale"":""Nhu cầu độc lập: Học sinh đã đề xuất một giải pháp cụ thể ở lượt 5 (\""Em dùng vòng lặp 'Lặp lại cho đến khi mức lương > 0' ạ\"") để giải quyết vấn đề nhập dữ liệu âm. Học sinh có nhu cầu nhận được sự xác nhận, đánh giá về tính chính xác và tính phù hợp của giải pháp này đối với tình huống gỡ lỗi số 6. Nếu bỏ nguyên tắc này: Một phản hồi nếu bỏ qua việc nhận xét câu trả lời cụ thể của học sinh sẽ khiến học sinh hoang mang không biết logic mình đưa ra đã đúng hay chưa, làm giảm hiệu quả tương tác và động lực học tập."",""requirement_score"":5}]",,
3,flagged,needs_uet_review,BC-HNMU-G9-R0289-STT8-AI08,HNMU-G9-R0289-STT8,9,Bài 16: Thực hành: Lập chương trình máy tính,Thông hiểu,true,6,8,last,"[""PRINCIPLE-FEEDBACK""]","[""PRINCIPLE-EXPLANATION"",""PRINCIPLE-QUESTIONING""]",feedback_confirmation_only,"{""PRINCIPLE-CHALLENGE"":2,""PRINCIPLE-EXPLANATION"":3,""PRINCIPLE-FEEDBACK"":5,""PRINCIPLE-MODELLING"":1,""PRINCIPLE-PRACTICE"":2,""PRINCIPLE-QUESTIONING"":3}","[{""evidence"":""conversation_history lượt 7: \""Là để kiểm tra xem cái vòng lặp bẫy lỗi của em có hoạt động tốt không, có chặn được số âm không ạ.\"""",""principle_id"":""PRINCIPLE-FEEDBACK"",""rationale"":""Nhu cầu độc lập: Học sinh đã tự đưa ra câu trả lời hoàn chỉnh và chính xác ở lượt 7 sau chuỗi câu hỏi gợi mở. Học sinh cần được ghi nhận, xác nhận độ chính xác và chuẩn hóa lại thuật ngữ chuyên môn (kiểm thử dữ liệu không hợp lệ) để củng cố niềm tin. Nếu bỏ nguyên tắc này: Phản hồi sẽ không thể hoàn thành chuỗi hội thoại Socratic, khiến học sinh hoang mang không biết câu trả lời của mình đã thực sự đúng và đầy đủ theo yêu cầu của bài học chưa."",""requirement_score"":5}]",,
3,flagged,needs_uet_review,BC-HNMU-G9-R0290-STT9-AI06,HNMU-G9-R0290-STT9,9,Bài 16: Thực hành: Lập chương trình máy tính,Thông hiểu,true,4,6,middle,"[""PRINCIPLE-FEEDBACK"",""PRINCIPLE-QUESTIONING""]","[""PRINCIPLE-EXPLANATION"",""PRINCIPLE-MODELLING""]",feedback_confirmation_only,"{""PRINCIPLE-CHALLENGE"":1,""PRINCIPLE-EXPLANATION"":3,""PRINCIPLE-FEEDBACK"":5,""PRINCIPLE-MODELLING"":3,""PRINCIPLE-PRACTICE"":1,""PRINCIPLE-QUESTIONING"":5}","[{""evidence"":""conversation_history (turn_index 5)"",""principle_id"":""PRINCIPLE-FEEDBACK"",""rationale"":""Nhu cầu độc lập: Học sinh đã trả lời chính xác câu hỏi của gia sư ở lượt trước (\""Là khi biến x nhận giá trị bằng 0.\""). Học sinh cần được xác nhận câu trả lời này là đúng, đồng thời cần được định hướng để kết nối lý thuyết này với lỗi thực tế trong chương trình của mình. Nếu bỏ nguyên tắc này: Phản hồi tiếp theo sẽ bỏ qua câu trả lời của học sinh, không giúp học sinh nhận ra sự liên kết giữa lý thuyết đúng (điều kiện dừng) và lỗi thực tế (code vẫn lặp vô hạn)."",""requirement_score"":5}]",,
3,flagged,needs_uet_review,BC-HNMU-G9-R0290-STT9-AI08,HNMU-G9-R0290-STT9,9,Bài 16: Thực hành: Lập chương trình máy tính,Thông hiểu,true,6,8,middle,"[""PRINCIPLE-FEEDBACK"",""PRINCIPLE-QUESTIONING""]","[""PRINCIPLE-EXPLANATION""]",feedback_confirmation_only;questioning_without_answer_dependency,"{""PRINCIPLE-CHALLENGE"":1,""PRINCIPLE-EXPLANATION"":3,""PRINCIPLE-FEEDBACK"":4,""PRINCIPLE-MODELLING"":2,""PRINCIPLE-PRACTICE"":1,""PRINCIPLE-QUESTIONING"":5}","[{""evidence"":""conversation_history (turn 7)"",""principle_id"":""PRINCIPLE-FEEDBACK"",""rationale"":""Nhu cầu độc lập: Học sinh đã trả lời chính xác câu hỏi gợi mở của gia sư ở lượt 7 rằng biến x lấy giá trị từ số gõ vào bàn phím. Học sinh cần được xác nhận tính đúng đắn của câu trả lời này để có điểm tựa vững chắc trước khi đi đến kết luận cuối cùng. Nếu bỏ nguyên tắc này: Một phản hồi đi thẳng vào câu hỏi tiếp theo mà không xác nhận câu trả lời của học sinh sẽ khiến học sinh hoang mang, không chắc chắn liệu hiểu biết của mình về nguồn gốc giá trị của x đã đúng chưa."",""requirement_score"":4},{""evidence"":""conversation_history (turns 4-7)"",""principle_id"":""PRINCIPLE-QUESTIONING"",""rationale"":""Nhu cầu độc lập: Học sinh đã nắm được hai mảnh ghép logic: điều kiện dừng là x = 0 và x lấy từ bàn phím. Học sinh cần một câu hỏi chốt để tự kết nối hai điều này lại (ví dụ: gõ số mấy để dừng, hoặc kiểm tra xem câu lệnh nhập đã nằm trong vòng lặp chưa) nhằm tự phát hiện ra lỗi logic của mình. Nếu bỏ nguyên tắc này: Gia sư sẽ phải giải thích trực tiếp hoặc chỉ ra lỗi ngay lập tức, làm mất đi cơ hội quý báu để học sinh tự rèn luyện tư duy lập trình và kỹ năng gỡ lỗi (debugging) thông qua phương pháp Socratic đang được áp dụng xuyên suốt."",""requirement_score"":5}]",,
3,flagged,needs_uet_review,BC-HNMU-G9-R0290-STT9-AI10,HNMU-G9-R0290-STT9,9,Bài 16: Thực hành: Lập chương trình máy tính,Thông hiểu,true,8,10,last,"[""PRINCIPLE-FEEDBACK""]","[""PRINCIPLE-PRACTICE"",""PRINCIPLE-QUESTIONING""]",feedback_confirmation_only,"{""PRINCIPLE-CHALLENGE"":1,""PRINCIPLE-EXPLANATION"":2,""PRINCIPLE-FEEDBACK"":5,""PRINCIPLE-MODELLING"":1,""PRINCIPLE-PRACTICE"":3,""PRINCIPLE-QUESTIONING"":3}","[{""evidence"":""conversation_history (turn 9)"",""principle_id"":""PRINCIPLE-FEEDBACK"",""rationale"":""Nhu cầu độc lập: Học sinh đã hoàn thành xuất sắc chuỗi câu hỏi gợi mở và tự đưa ra kết luận chính xác ở lượt 9 (\""Em phải tự gõ số 0 rồi bấm Enter...\""). Họ có nhu cầu nhận được sự xác nhận và khen ngợi rõ ràng từ gia sư để chắc chắn về tư duy của mình. Nếu bỏ nguyên tắc này: Học sinh sẽ bị bỏ lửng mà không biết câu trả lời tự suy luận của mình đã thực sự chính xác hay chưa, làm mất đi tính hoàn thiện và điểm chốt kiến thức của cả cuộc hội thoại."",""requirement_score"":5}]",,
3,flagged,needs_uet_review,BC-HNMU-G9-R0292-STT11-AI04,HNMU-G9-R0292-STT11,9,Bài 16: Thực hành: Lập chương trình máy tính,Vận dụng,true,2,4,middle,"[""PRINCIPLE-FEEDBACK"",""PRINCIPLE-QUESTIONING""]","[""PRINCIPLE-EXPLANATION""]",feedback_confirmation_only,"{""PRINCIPLE-CHALLENGE"":2,""PRINCIPLE-EXPLANATION"":3,""PRINCIPLE-FEEDBACK"":5,""PRINCIPLE-MODELLING"":2,""PRINCIPLE-PRACTICE"":1,""PRINCIPLE-QUESTIONING"":5}","[{""evidence"":""conversation_history lượt 3: 'Thì lệnh \""Nếu... thì...\"" chạy qua rồi sẽ không kiểm tra lại lần 2 được ạ.'"",""principle_id"":""PRINCIPLE-FEEDBACK"",""rationale"":""Nhu cầu độc lập: Học sinh đã tự suy luận đúng về hạn chế của cấu trúc rẽ nhánh ở lượt 3 và cần được xác nhận ngay tính đúng đắn của tư duy này để có động lực và sự tự tin đi tiếp. Nếu bỏ nguyên tắc này: Một phản hồi chỉ tập trung hỏi tiếp hoặc giải thích mà không công nhận câu trả lời của học sinh sẽ khiến học sinh hoang mang, không chắc chắn liệu nhận định của mình đã đúng chưa."",""requirement_score"":5}]",,
3,flagged,needs_uet_review,BC-HNMU-G9-R0292-STT11-AI08,HNMU-G9-R0292-STT11,9,Bài 16: Thực hành: Lập chương trình máy tính,Vận dụng,true,6,8,middle,"[""PRINCIPLE-FEEDBACK"",""PRINCIPLE-QUESTIONING""]","[""PRINCIPLE-EXPLANATION"",""PRINCIPLE-MODELLING""]",feedback_confirmation_only,"{""PRINCIPLE-CHALLENGE"":1,""PRINCIPLE-EXPLANATION"":3,""PRINCIPLE-FEEDBACK"":5,""PRINCIPLE-MODELLING"":3,""PRINCIPLE-PRACTICE"":2,""PRINCIPLE-QUESTIONING"":4}","[{""evidence"":""Lượt 7: \""Cho đến khi n lớn hơn hoặc bằng 0 ạ.\"""",""principle_id"":""PRINCIPLE-FEEDBACK"",""rationale"":""Nhu cầu độc lập: Học sinh vừa đưa ra câu trả lời cho câu hỏi ở lượt trước (\""Cho đến khi n lớn hơn hoặc bằng 0 ạ\""), học sinh có nhu cầu nhận được đánh giá trực tiếp xem tư duy logic về điều kiện dừng này trong Scratch đã chính xác chưa. Nếu bỏ nguyên tắc này: Một phản hồi không xác nhận tính đúng đắn của điều kiện học sinh đưa ra mà đi thẳng vào các bước khác sẽ khiến học sinh hoang mang, không chắc chắn về logic mình vừa xây dựng và làm mất đi sự tự tin để tiếp tục."",""requirement_score"":5}]",,
3,flagged,needs_uet_review,BC-HNMU-G9-R0293-STT12-AI04,HNMU-G9-R0293-STT12,9,Bài 16: Thực hành: Lập chương trình máy tính,Vận dụng,true,2,4,middle,"[""PRINCIPLE-MODELLING"",""PRINCIPLE-FEEDBACK"",""PRINCIPLE-QUESTIONING""]","[""PRINCIPLE-EXPLANATION""]",feedback_confirmation_only;high_score_missing_counterfactual:PRINCIPLE-FEEDBACK;high_score_missing_counterfactual:PRINCIPLE-MODELLING;high_score_missing_counterfactual:PRINCIPLE-QUESTIONING,"{""PRINCIPLE-CHALLENGE"":1,""PRINCIPLE-EXPLANATION"":3,""PRINCIPLE-FEEDBACK"":5,""PRINCIPLE-MODELLING"":4,""PRINCIPLE-PRACTICE"":2,""PRINCIPLE-QUESTIONING"":4}","[{""evidence"":""student_prompt: \""Em không biết ghi ra giấy như thế nào ạ.\"""",""principle_id"":""PRINCIPLE-MODELLING"",""rationale"":""Nhu cầu độc lập: Học sinh gặp khó khăn cụ thể về mặt hình thức trình bày trực quan (\""ghi ra giấy như thế nào\""). Việc làm mẫu cấu trúc của dòng đầu tiên trong bảng trace code (ví dụ: hiển thị các cột Bước, Giá trị nhập, So sánh, Giá trị max) là rất cần thiết để học sinh có khuôn mẫu bắt chước. Nếu bỏ nguyên tắc này, việc chỉ giải thích bằng lời sẽ không giúp học sinh dễ dàng hình dung cách kẻ bảng và ghi chép thực tế."",""requirement_score"":4},{""evidence"":""conversation_history (turn_index: 3): \""Ban đầu max = 0 ạ.\"""",""principle_id"":""PRINCIPLE-FEEDBACK"",""rationale"":""Nhu cầu độc lập: Học sinh đã đưa ra câu trả lời cụ thể cho câu hỏi gợi mở trước đó (\""Ban đầu max = 0 ạ.\""). Học sinh cần nhận được sự xác nhận ngay lập tức rằng câu trả lời này là đúng để có điểm tựa vững chắc đi tiếp. Nếu bỏ nguyên tắc này, phản hồi của gia sư sẽ bỏ qua câu trả lời của học sinh, làm mất đi tính tương tác và khiến học sinh hoang mang không biết mình đã khởi đầu đúng hướng hay chưa."",""requirement_score"":5},{""evidence"":""conversation_history (turn_index: 3) và source_question"",""principle_id"":""PRINCIPLE-QUESTIONING"",""rationale"":""Nhu cầu độc lập: Để học sinh tự rèn luyện tư duy chạy thử thuật toán thay vì chỉ đọc lời giải, gia sư cần đặt câu hỏi gợi mở cho bước tiếp theo (khi nhập số 8 vào). Nếu bỏ nguyên tắc này, gia sư sẽ phải tự mình thực hiện các bước so sánh tiếp theo và đưa ra đáp án, tước đi cơ hội tự suy luận và làm chủ kiến thức của học sinh."",""requirement_score"":4}]",,
3,flagged,needs_uet_review,BC-HNMU-G9-R0293-STT12-AI06,HNMU-G9-R0293-STT12,9,Bài 16: Thực hành: Lập chương trình máy tính,Vận dụng,true,4,6,middle,"[""PRINCIPLE-FEEDBACK"",""PRINCIPLE-QUESTIONING""]","[""PRINCIPLE-MODELLING""]",feedback_confirmation_only,"{""PRINCIPLE-CHALLENGE"":1,""PRINCIPLE-EXPLANATION"":2,""PRINCIPLE-FEEDBACK"":5,""PRINCIPLE-MODELLING"":3,""PRINCIPLE-PRACTICE"":2,""PRINCIPLE-QUESTIONING"":5}","[{""evidence"":""conversation_history (turn_index: 5)"",""principle_id"":""PRINCIPLE-FEEDBACK"",""rationale"":""Nhu cầu độc lập: Học sinh đã tự suy luận ra bước trace đầu tiên (x = 8 thì điều kiện Đúng và max = 8) và cần được xác nhận xem suy luận này đã chính xác và đúng hướng chưa. Nếu bỏ nguyên tắc này: Gia sư nếu bỏ qua việc nhận xét mà hỏi tiếp luôn sẽ khiến học sinh hoang mang, không chắc chắn về độ chính xác trong tư duy của mình để tự tin tiếp tục các bước sau."",""requirement_score"":5}]",,
3,flagged,needs_uet_review,BC-HNMU-G9-R0293-STT12-AI10,HNMU-G9-R0293-STT12,9,Bài 16: Thực hành: Lập chương trình máy tính,Vận dụng,true,8,10,last,"[""PRINCIPLE-MODELLING"",""PRINCIPLE-FEEDBACK"",""PRINCIPLE-QUESTIONING""]","[""PRINCIPLE-EXPLANATION"",""PRINCIPLE-PRACTICE""]",feedback_confirmation_only,"{""PRINCIPLE-CHALLENGE"":1,""PRINCIPLE-EXPLANATION"":3,""PRINCIPLE-FEEDBACK"":5,""PRINCIPLE-MODELLING"":4,""PRINCIPLE-PRACTICE"":3,""PRINCIPLE-QUESTIONING"":5}","[{""evidence"":""conversation_history (turn_index: 9)"",""principle_id"":""PRINCIPLE-FEEDBACK"",""rationale"":""Nhu cầu độc lập: Học sinh vừa đưa ra một câu trả lời hoàn chỉnh và chính xác cho lượt trace số x = 10 ở lượt hội thoại 9. Học sinh cần nhận được phản hồi đánh giá ngay lập tức để xác nhận tư duy của mình là đúng đắn trước khi tiếp tục. Nếu bỏ nguyên tắc này: Việc không nhận xét câu trả lời của học sinh sẽ làm đứt gãy mạch tự tin của họ, khiến học sinh hoang mang không rõ bước cập nhật gạch số 8 để thay bằng 10 của mình đã chuẩn xác hay chưa."",""requirement_score"":5}]",,
3,flagged,needs_uet_review,BC-HNMU-G9-R0294-STT13-AI04,HNMU-G9-R0294-STT13,9,Bài 16: Thực hành: Lập chương trình máy tính,Vận dụng,true,2,4,middle,"[""PRINCIPLE-FEEDBACK"",""PRINCIPLE-QUESTIONING""]","[""PRINCIPLE-EXPLANATION""]",feedback_confirmation_only,"{""PRINCIPLE-CHALLENGE"":2,""PRINCIPLE-EXPLANATION"":3,""PRINCIPLE-FEEDBACK"":5,""PRINCIPLE-MODELLING"":2,""PRINCIPLE-PRACTICE"":1,""PRINCIPLE-QUESTIONING"":5}","[{""evidence"":""conversation_history lượt 3"",""principle_id"":""PRINCIPLE-FEEDBACK"",""rationale"":""Nhu cầu độc lập: Học sinh vừa đưa ra một tình huống kiểm thử cụ thể (\""tinhoc2024\"" với kết quả mong đợi là \""Hợp lệ\""). Học sinh cần nhận được phản hồi đánh giá xem tình huống này đã đúng, chính xác và phù hợp để đưa vào báo cáo gỡ lỗi chưa.\nNếu bỏ nguyên tắc này: Gia sư sẽ bỏ qua câu trả lời của học sinh để hỏi tiếp câu khác hoặc đưa ra đáp án luôn, khiến học sinh không được xác nhận về tính đúng đắn trong tư duy lựa chọn dữ liệu test của mình."",""requirement_score"":5}]",,
3,flagged,needs_uet_review,BC-HNMU-G9-R0294-STT13-AI06,HNMU-G9-R0294-STT13,9,Bài 16: Thực hành: Lập chương trình máy tính,Vận dụng,true,4,6,middle,"[""PRINCIPLE-FEEDBACK"",""PRINCIPLE-QUESTIONING""]","[""PRINCIPLE-EXPLANATION"",""PRINCIPLE-MODELLING""]",feedback_confirmation_only,"{""PRINCIPLE-CHALLENGE"":2,""PRINCIPLE-EXPLANATION"":3,""PRINCIPLE-FEEDBACK"":5,""PRINCIPLE-MODELLING"":3,""PRINCIPLE-PRACTICE"":1,""PRINCIPLE-QUESTIONING"":5}","[{""evidence"":""conversation_history (turn_index 5)"",""principle_id"":""PRINCIPLE-FEEDBACK"",""rationale"":""Nhu cầu độc lập: Học sinh vừa đưa ra phương án cho tình huống test thứ hai (\""mk12\"" với kết quả mong đợi tương ứng) và cần được xác nhận xem tư duy thiết kế test case này đã chính xác và đúng chuẩn kiểm thử hay chưa.\nNếu bỏ nguyên tắc này: Phản hồi tiếp theo sẽ bỏ qua câu trả lời của học sinh ở lượt thoại số 5, khiến học sinh không được củng cố về tính đúng đắn của bước trung gian trước khi tiến hành tình huống cuối cùng."",""requirement_score"":5}]",,
3,flagged,needs_uet_review,BC-HNMU-G9-R0295-STT14-AI06,HNMU-G9-R0295-STT14,9,Bài 16: Thực hành: Lập chương trình máy tính,Vận dụng,true,4,6,middle,"[""PRINCIPLE-FEEDBACK"",""PRINCIPLE-QUESTIONING""]","[""PRINCIPLE-EXPLANATION""]",feedback_confirmation_only,"{""PRINCIPLE-CHALLENGE"":1,""PRINCIPLE-EXPLANATION"":3,""PRINCIPLE-FEEDBACK"":5,""PRINCIPLE-MODELLING"":2,""PRINCIPLE-PRACTICE"":1,""PRINCIPLE-QUESTIONING"":5}","[{""evidence"":""conversation_history (turn 5)"",""principle_id"":""PRINCIPLE-FEEDBACK"",""rationale"":""Nhu cầu độc lập: Học sinh vừa tự thực hiện trace code cho một trường hợp cụ thể và đưa ra câu trả lời chính xác ở lượt 5. Học sinh cần được xác nhận phản hồi này là đúng đắn để củng cố sự tự tin trước khi bước tiếp. Nếu bỏ nguyên tắc này: Phản hồi sẽ bỏ qua nỗ lực tư duy của học sinh, khiến học sinh không chắc chắn liệu kết quả trace code của mình đã chính xác chưa và tại sao nó lại liên quan đến lỗi chương trình."",""requirement_score"":5}]",,
3,flagged,needs_uet_review,BC-HNMU-G9-R0295-STT14-AI10,HNMU-G9-R0295-STT14,9,Bài 16: Thực hành: Lập chương trình máy tính,Vận dụng,true,8,10,last,"[""PRINCIPLE-FEEDBACK"",""PRINCIPLE-QUESTIONING""]",[],feedback_confirmation_only,"{""PRINCIPLE-CHALLENGE"":2,""PRINCIPLE-EXPLANATION"":2,""PRINCIPLE-FEEDBACK"":5,""PRINCIPLE-MODELLING"":2,""PRINCIPLE-PRACTICE"":2,""PRINCIPLE-QUESTIONING"":4}","[{""evidence"":""conversation_history (lượt 9: \""Em phải khởi tạo min bằng một con số thật lớn, ví dụ min = 99999 hoặc 1 triệu...\"")"",""principle_id"":""PRINCIPLE-FEEDBACK"",""rationale"":""Nhu cầu độc lập: Học sinh vừa đề xuất một giải pháp cụ thể cho lỗi khởi tạo biến (min = 99999 hoặc 1 triệu) ở lượt 9 và cần nhận được sự xác nhận, nhận xét ngay lập tức từ gia sư về tính đúng đắn và tính tối ưu của phương án này.\n\nNếu bỏ nguyên tắc này: Một phản hồi chuyển sang câu hỏi hoặc nhiệm vụ khác mà không đánh giá câu trả lời của học sinh sẽ khiến học sinh không chắc chắn liệu cách gán một số cực lớn như vậy có thực sự chuẩn xác và được chấp nhận trong lập trình hay không."",""requirement_score"":5}]",,
3,flagged,needs_uet_review,BC-HNMU-G9-R0297-STT2-AI04,HNMU-G9-R0297-STT2,9,Bài 17: Tin học và thế giới nghề nghiệp,Nhận biết,true,2,4,middle,"[""PRINCIPLE-EXPLANATION"",""PRINCIPLE-FEEDBACK""]","[""PRINCIPLE-QUESTIONING""]",feedback_confirmation_only,"{""PRINCIPLE-CHALLENGE"":1,""PRINCIPLE-EXPLANATION"":5,""PRINCIPLE-FEEDBACK"":5,""PRINCIPLE-MODELLING"":2,""PRINCIPLE-PRACTICE"":1,""PRINCIPLE-QUESTIONING"":3}","[{""evidence"":""conversation_history (turn_index: 3): \""Dùng nền tảng có sẵn sẽ nhanh hơn ạ.\"""",""principle_id"":""PRINCIPLE-FEEDBACK"",""rationale"":""Nhu cầu độc lập: Học sinh vừa đưa ra câu trả lời lựa chọn giải pháp \""Dùng nền tảng có sẵn sẽ nhanh hơn ạ\"" ở lượt hội thoại số 3. Học sinh cần nhận được phản hồi trực tiếp để xác nhận câu trả lời này là hoàn toàn chính xác, từ đó kết nối trực tiếp với khái niệm Tin học ứng dụng.\nNếu bỏ nguyên tắc này: Phản hồi tiếp theo sẽ bỏ qua đóng góp của học sinh, làm mất đi tính tương tác và không tận dụng được tình huống thực tế vừa được xây dựng để làm bàn đạp giải thích kiến thức."",""requirement_score"":5}]",,
3,flagged,needs_uet_review,BC-HNMU-G9-R0297-STT2-AI08,HNMU-G9-R0297-STT2,9,Bài 17: Tin học và thế giới nghề nghiệp,Nhận biết,true,6,8,last,"[""PRINCIPLE-EXPLANATION"",""PRINCIPLE-FEEDBACK""]","[""PRINCIPLE-QUESTIONING""]",feedback_confirmation_only,"{""PRINCIPLE-CHALLENGE"":1,""PRINCIPLE-EXPLANATION"":5,""PRINCIPLE-FEEDBACK"":5,""PRINCIPLE-MODELLING"":2,""PRINCIPLE-PRACTICE"":2,""PRINCIPLE-QUESTIONING"":3}","[{""evidence"":""conversation_history lượt 7: \""Dạ không cần nghiên cứu lí thuyết sâu xa ạ.\"""",""principle_id"":""PRINCIPLE-FEEDBACK"",""rationale"":""Nhu cầu độc lập: Học sinh vừa đưa ra câu trả lời đúng ở lượt 7 (\""Dạ không cần nghiên cứu lí thuyết sâu xa ạ.\"") sau câu hỏi gợi mở của gia sư ở lượt 6. Học sinh cần được xác nhận tính đúng đắn của câu trả lời này để củng cố sự tự tin và liên hệ trực tiếp với nỗi sợ ban đầu của mình.\nNếu bỏ nguyên tắc này: Gia sư sẽ bỏ qua câu trả lời của học sinh, làm đứt gãy mạch hội thoại Socratic đang diễn ra tốt đẹp và khiến học sinh hoang mang không biết suy luận của mình đã đúng hay chưa."",""requirement_score"":5}]",,
3,flagged,needs_uet_review,BC-HNMU-G9-R0298-STT3-AI04,HNMU-G9-R0298-STT3,9,Bài 17: Tin học và thế giới nghề nghiệp,Nhận biết,true,2,4,middle,"[""PRINCIPLE-FEEDBACK"",""PRINCIPLE-QUESTIONING""]","[""PRINCIPLE-EXPLANATION""]",feedback_confirmation_only,"{""PRINCIPLE-CHALLENGE"":2,""PRINCIPLE-EXPLANATION"":3,""PRINCIPLE-FEEDBACK"":5,""PRINCIPLE-MODELLING"":2,""PRINCIPLE-PRACTICE"":2,""PRINCIPLE-QUESTIONING"":5}","[{""evidence"":""conversation_history lượt 3"",""principle_id"":""PRINCIPLE-FEEDBACK"",""rationale"":""Nhu cầu độc lập: Học sinh vừa đưa ra câu trả lời cụ thể 'VNPT' theo câu hỏi gợi ý của gia sư ở lượt trước. Học sinh cần được xác nhận ngay lập tức rằng câu trả lời của mình là chính xác để có thêm tự tin tiếp tục bài học. Nếu bỏ nguyên tắc này: Gia sư sẽ bỏ qua câu trả lời thực tế của học sinh, làm mất đi sự cá nhân hóa và tính liên kết trực tiếp trong cuộc hội thoại."",""requirement_score"":5}]",,
3,flagged,needs_uet_review,BC-HNMU-G9-R0298-STT3-AI08,HNMU-G9-R0298-STT3,9,Bài 17: Tin học và thế giới nghề nghiệp,Nhận biết,true,6,8,last,"[""PRINCIPLE-FEEDBACK""]","[""PRINCIPLE-CHALLENGE"",""PRINCIPLE-EXPLANATION"",""PRINCIPLE-QUESTIONING""]",feedback_confirmation_only,"{""PRINCIPLE-CHALLENGE"":3,""PRINCIPLE-EXPLANATION"":3,""PRINCIPLE-FEEDBACK"":5,""PRINCIPLE-MODELLING"":1,""PRINCIPLE-PRACTICE"":2,""PRINCIPLE-QUESTIONING"":3}","[{""evidence"":""turn_index:3, turn_index:5, turn_index:7, source_question"",""principle_id"":""PRINCIPLE-FEEDBACK"",""rationale"":""Nhu cầu độc lập: Học sinh vừa đưa ra câu trả lời cuối cùng là 'tập đoàn FPT' và trước đó là 'VNPT', 'Viettel'. Học sinh có nhu cầu nhận được phản hồi xác nhận tính chính xác của câu trả lời này, đồng thời cần một sự tổng kết, xâu chuỗi lại toàn bộ danh sách các doanh nghiệp Việt Nam đã tìm được để tạo thành câu trả lời hoàn chỉnh cho câu hỏi nguồn.\nNếu bỏ nguyên tắc này: Nếu không có phản hồi xác nhận và tổng kết, học sinh sẽ không chắc chắn về độ chính xác của câu trả lời cuối cùng, đồng thời các kiến thức thu lượm được qua các lượt gợi ý sẽ bị rời rạc, không được đúc kết lại thành một câu trả lời hoàn chỉnh cho câu hỏi trong sách giáo khoa."",""requirement_score"":5}]",,
3,flagged,needs_uet_review,BC-HNMU-G9-R0299-STT4-AI04,HNMU-G9-R0299-STT4,9,Bài 17: Tin học và thế giới nghề nghiệp,Nhận biết,true,2,4,middle,"[""PRINCIPLE-EXPLANATION"",""PRINCIPLE-FEEDBACK""]","[""PRINCIPLE-QUESTIONING""]",feedback_confirmation_only,"{""PRINCIPLE-CHALLENGE"":2,""PRINCIPLE-EXPLANATION"":5,""PRINCIPLE-FEEDBACK"":5,""PRINCIPLE-MODELLING"":2,""PRINCIPLE-PRACTICE"":2,""PRINCIPLE-QUESTIONING"":3}","[{""evidence"":""turn_index 3"",""principle_id"":""PRINCIPLE-FEEDBACK"",""rationale"":""Nhu cầu độc lập: Học sinh vừa đưa ra một câu trả lời cụ thể ở lượt tương tác trước về đức tính của nữ giới (mắt thẩm mỹ và sự tinh tế), rất cần nhận được sự nhận xét, xác nhận tính đúng đắn từ gia sư để củng cố lập luận của mình. Nếu bỏ nguyên tắc này: Nếu không phản hồi trực tiếp vào ý kiến này của học sinh mà chuyển ngay sang nội dung khác, học sinh sẽ cảm thấy câu trả lời của mình không được tôn trọng, làm đứt gãy mạch hội thoại."",""requirement_score"":5}]",,
3,flagged,needs_uet_review,BC-HNMU-G9-R0299-STT4-AI06,HNMU-G9-R0299-STT4,9,Bài 17: Tin học và thế giới nghề nghiệp,Nhận biết,true,4,6,middle,"[""PRINCIPLE-EXPLANATION"",""PRINCIPLE-FEEDBACK""]","[""PRINCIPLE-QUESTIONING""]",feedback_confirmation_only,"{""PRINCIPLE-CHALLENGE"":2,""PRINCIPLE-EXPLANATION"":5,""PRINCIPLE-FEEDBACK"":5,""PRINCIPLE-MODELLING"":1,""PRINCIPLE-PRACTICE"":1,""PRINCIPLE-QUESTIONING"":3}","[{""evidence"":""turn_index: 5: Con gái thường giao tiếp khéo léo và lắng nghe tốt hơn ạ."",""principle_id"":""PRINCIPLE-FEEDBACK"",""rationale"":""Nhu cầu độc lập: Học sinh vừa đưa ra câu trả lời ở lượt 5 về kỹ năng giao tiếp và lắng nghe của con gái. Học sinh cần nhận được phản hồi đánh giá, xác nhận xem ý kiến đó có đúng đắn và chính xác trong bối cảnh ngành Tin học hay không. Nếu bỏ nguyên tắc này: Gia sư sẽ bỏ qua câu trả lời của học sinh để chuyển sang ý khác, làm mất đi tính tương tác của cuộc đối thoại và không củng cố được niềm tin của học sinh vào những điểm mạnh mà bản thân tự nhận ra."",""requirement_score"":5}]",,
3,flagged,needs_uet_review,BC-HNMU-G9-R0299-STT4-AI08,HNMU-G9-R0299-STT4,9,Bài 17: Tin học và thế giới nghề nghiệp,Nhận biết,true,6,8,last,"[""PRINCIPLE-EXPLANATION"",""PRINCIPLE-FEEDBACK""]","[""PRINCIPLE-QUESTIONING""]",feedback_confirmation_only,"{""PRINCIPLE-CHALLENGE"":2,""PRINCIPLE-EXPLANATION"":4,""PRINCIPLE-FEEDBACK"":5,""PRINCIPLE-MODELLING"":1,""PRINCIPLE-PRACTICE"":2,""PRINCIPLE-QUESTIONING"":3}","[{""evidence"":""conversation_history (lượt 7)"",""principle_id"":""PRINCIPLE-FEEDBACK"",""rationale"":""Nhu cầu độc lập: Học sinh vừa hoàn thành một chuỗi câu hỏi gợi mở (Socratic) và đưa ra câu trả lời cuối cùng ở lượt 7. Học sinh cần nhận được sự xác nhận, đánh giá độ chính xác của câu trả lời này, đồng thời liên kết, đúc kết toàn bộ các mảnh ghép ưu thế (tinh tế, giao tiếp, cẩn thận, chịu áp lực) thành câu trả lời hoàn chỉnh cho băn khoăn ban đầu của mình.\nNếu bỏ nguyên tắc này: Nếu không có sự phản hồi, công nhận và tổng hợp lại từ những gì học sinh đã đóng góp, chuỗi tương tác Socratic trước đó sẽ bị bỏ lửng, học sinh không có được câu trả lời chính thức, đáng tin cậy cho vấn đề của mình."",""requirement_score"":5}]",,
3,flagged,needs_uet_review,BC-HNMU-G9-R0300-STT5-AI04,HNMU-G9-R0300-STT5,9,Bài 17: Tin học và thế giới nghề nghiệp,Thông hiểu,true,2,4,middle,"[""PRINCIPLE-FEEDBACK"",""PRINCIPLE-QUESTIONING""]","[""PRINCIPLE-EXPLANATION""]",feedback_confirmation_only,"{""PRINCIPLE-CHALLENGE"":2,""PRINCIPLE-EXPLANATION"":3,""PRINCIPLE-FEEDBACK"":5,""PRINCIPLE-MODELLING"":1,""PRINCIPLE-PRACTICE"":2,""PRINCIPLE-QUESTIONING"":5}","[{""evidence"":""conversation_history lượt 3"",""principle_id"":""PRINCIPLE-FEEDBACK"",""rationale"":""Nhu cầu độc lập: Học sinh vừa đưa ra một suy luận dựa trên ẩn dụ ở lượt trước (\""Người đó tạo ra cái mới từ lí thuyết, nên giống Khoa học máy tính ạ\""). Học sinh cần được xác nhận xem tư duy phân tích của mình đã đúng hướng hay chưa để tự tin tiếp tục. Nếu bỏ nguyên tắc này: Gia sư bỏ qua câu trả lời của học sinh và chuyển thẳng sang nội dung khác, khiến học sinh hoang mang không biết lập luận của mình có chính xác không và làm đứt gãy mạch tương tác."",""requirement_score"":5}]",,
3,flagged,needs_uet_review,BC-HNMU-G9-R0300-STT5-AI08,HNMU-G9-R0300-STT5,9,Bài 17: Tin học và thế giới nghề nghiệp,Thông hiểu,true,6,8,last,"[""PRINCIPLE-FEEDBACK""]","[""PRINCIPLE-EXPLANATION"",""PRINCIPLE-PRACTICE"",""PRINCIPLE-QUESTIONING""]",feedback_confirmation_only,"{""PRINCIPLE-CHALLENGE"":2,""PRINCIPLE-EXPLANATION"":3,""PRINCIPLE-FEEDBACK"":5,""PRINCIPLE-MODELLING"":1,""PRINCIPLE-PRACTICE"":3,""PRINCIPLE-QUESTIONING"":3}","[{""evidence"":""turn_index: 7"",""principle_id"":""PRINCIPLE-FEEDBACK"",""rationale"":""Nhu cầu độc lập: Học sinh đã tích cực suy luận và tự đưa ra câu trả lời khái quát hóa sự khác biệt cốt lõi ở lượt 7. Học sinh cần được xác nhận ngay lập tức xem sự khái quát hóa của mình đã hoàn toàn chính xác và chuẩn khoa học chưa để chấm dứt sự lẫn lộn ban đầu.\nNếu bỏ nguyên tắc này: Phản hồi của gia sư nếu bỏ qua việc nhận xét và chốt kiến thức dựa trên câu trả lời của học sinh sẽ làm mất đi giá trị của toàn bộ chuỗi câu hỏi gợi mở trước đó, khiến học sinh hoang mang không biết kết luận mình tự rút ra có đúng hay không."",""requirement_score"":5}]",,
3,flagged,needs_uet_review,BC-HNMU-G9-R0301-STT6-AI02,HNMU-G9-R0301-STT6,9,Bài 17: Tin học và thế giới nghề nghiệp,Thông hiểu,false,0,2,first,"[""PRINCIPLE-EXPLANATION"",""PRINCIPLE-FEEDBACK""]","[""PRINCIPLE-MODELLING"",""PRINCIPLE-QUESTIONING""]",feedback_confirmation_only,"{""PRINCIPLE-CHALLENGE"":2,""PRINCIPLE-EXPLANATION"":5,""PRINCIPLE-FEEDBACK"":4,""PRINCIPLE-MODELLING"":3,""PRINCIPLE-PRACTICE"":1,""PRINCIPLE-QUESTIONING"":3}","[{""evidence"":""student_prompt"",""principle_id"":""PRINCIPLE-FEEDBACK"",""rationale"":""Nhu cầu độc lập: Học sinh đã bộc lộ rõ suy nghĩ cá nhân mang tính định kiến (\""học IT ra trường chỉ có thể vào làm ở FPT hay Google\""). Gia sư cần phản hồi trực tiếp vào nhận định này để xác nhận tính hợp lý một phần (đó là các công ty nổi tiếng) nhưng chỉ ra điểm chưa đầy đủ của nó trong bức tranh toàn cảnh của thị trường lao động. Nếu bỏ nguyên tắc này: Phản hồi của gia sư sẽ chỉ là một câu trả lời lý thuyết chung chung mà không liên kết hay giải quyết trực tiếp định kiến thực tế mà học sinh đang gặp phải, làm giảm hiệu quả giáo dục hướng nghiệp."",""requirement_score"":4}]",,
3,flagged,needs_uet_review,BC-HNMU-G9-R0301-STT6-AI04,HNMU-G9-R0301-STT6,9,Bài 17: Tin học và thế giới nghề nghiệp,Thông hiểu,true,2,4,middle,"[""PRINCIPLE-EXPLANATION"",""PRINCIPLE-FEEDBACK""]","[""PRINCIPLE-QUESTIONING""]",feedback_confirmation_only,"{""PRINCIPLE-CHALLENGE"":1,""PRINCIPLE-EXPLANATION"":5,""PRINCIPLE-FEEDBACK"":5,""PRINCIPLE-MODELLING"":1,""PRINCIPLE-PRACTICE"":1,""PRINCIPLE-QUESTIONING"":3}","[{""evidence"":""conversation_history (turn_index 3)"",""principle_id"":""PRINCIPLE-FEEDBACK"",""rationale"":""Nhu cầu độc lập: Học sinh vừa đưa ra câu trả lời \""Dạ là kĩ sư phần mềm ạ\"" cho câu hỏi gợi mở của gia sư. Phản hồi tiếp theo cần phải xác nhận tính đúng đắn của câu trả lời này và liên kết nó với bối cảnh thực tế (họ làm việc cho ngân hàng chứ không phải công ty thuần IT).\nNếu bỏ nguyên tắc này: Cuộc đối thoại sẽ mất đi tính liên kết, câu trả lời của học sinh bị bỏ qua và làm giảm hiệu quả của phương pháp gợi mở đang được áp dụng."",""requirement_score"":5}]",,
3,flagged,needs_uet_review,BC-HNMU-G9-R0302-STT7-AI06,HNMU-G9-R0302-STT7,9,Bài 17: Tin học và thế giới nghề nghiệp,Thông hiểu,true,4,6,middle,"[""PRINCIPLE-EXPLANATION"",""PRINCIPLE-FEEDBACK"",""PRINCIPLE-QUESTIONING""]",[],feedback_confirmation_only,"{""PRINCIPLE-CHALLENGE"":2,""PRINCIPLE-EXPLANATION"":4,""PRINCIPLE-FEEDBACK"":5,""PRINCIPLE-MODELLING"":2,""PRINCIPLE-PRACTICE"":2,""PRINCIPLE-QUESTIONING"":4}","[{""evidence"":""conversation_history (lượt 5)"",""principle_id"":""PRINCIPLE-FEEDBACK"",""rationale"":""Nhu cầu độc lập: Học sinh vừa đưa ra một câu trả lời cụ thể ở lượt 5 (\""Dữ liệu lưu trong máy chủ, họ phải quản trị cơ sở dữ liệu đó ạ\"") sau câu hỏi gợi mở của gia sư. Học sinh cần biết câu trả lời này đã chính xác và đầy đủ chưa để làm điểm tựa tư duy tiếp theo. Nếu bỏ nguyên tắc này: Nếu không phản hồi trực tiếp và xác nhận tính đúng đắn của ý kiến học sinh, cuộc hội thoại sẽ mất đi tính tương tác hai chiều, học sinh sẽ hoang mang không biết suy luận của mình về máy chủ và quản trị cơ sở dữ liệu có đúng hay không."",""requirement_score"":5}]",,
3,flagged,needs_uet_review,BC-HNMU-G9-R0302-STT7-AI08,HNMU-G9-R0302-STT7,9,Bài 17: Tin học và thế giới nghề nghiệp,Thông hiểu,true,6,8,middle,"[""PRINCIPLE-FEEDBACK"",""PRINCIPLE-QUESTIONING""]","[""PRINCIPLE-EXPLANATION""]",feedback_confirmation_only,"{""PRINCIPLE-CHALLENGE"":2,""PRINCIPLE-EXPLANATION"":3,""PRINCIPLE-FEEDBACK"":5,""PRINCIPLE-MODELLING"":1,""PRINCIPLE-PRACTICE"":2,""PRINCIPLE-QUESTIONING"":4}","[{""evidence"":""conversation_history lượt 7: \""Họ phải làm công việc bảo mật hệ thống thông tin ạ.\"""",""principle_id"":""PRINCIPLE-FEEDBACK"",""rationale"":""Nhu cầu độc lập: Học sinh vừa đưa ra câu trả lời đúng trọng tâm ở lượt 7 (\""Họ phải làm công việc bảo mật hệ thống thông tin ạ.\""). Học sinh cần nhận được sự xác nhận chính xác và đánh giá tích cực ngay lập tức từ gia sư để củng cố sự tự tin. Nếu bỏ nguyên tắc này: Một phản hồi chỉ chuyển hướng sang câu hỏi mới hoặc giải thích dài dòng mà không ghi nhận câu trả lời của học sinh sẽ khiến học sinh bị hụt hẫng, không rõ câu trả lời của mình đã đúng hay chưa."",""requirement_score"":5}]",,
3,flagged,needs_uet_review,BC-HNMU-G9-R0303-STT8-AI06,HNMU-G9-R0303-STT8,9,Bài 17: Tin học và thế giới nghề nghiệp,Thông hiểu,true,4,6,middle,"[""PRINCIPLE-EXPLANATION"",""PRINCIPLE-FEEDBACK""]","[""PRINCIPLE-MODELLING"",""PRINCIPLE-QUESTIONING""]",feedback_confirmation_only,"{""PRINCIPLE-CHALLENGE"":2,""PRINCIPLE-EXPLANATION"":5,""PRINCIPLE-FEEDBACK"":5,""PRINCIPLE-MODELLING"":3,""PRINCIPLE-PRACTICE"":1,""PRINCIPLE-QUESTIONING"":3}","[{""evidence"":""conversation_history lượt 5"",""principle_id"":""PRINCIPLE-FEEDBACK"",""rationale"":""Nhu cầu độc lập: Học sinh đã tự suy luận và đưa ra câu trả lời đúng cho nguyên nhân thứ hai của định kiến xã hội. Học sinh cần nhận được sự phản hồi, ghi nhận và đánh giá xác đáng từ gia sư về câu trả lời này để củng cố sự tự tin. Nếu bỏ nguyên tắc này: Nếu không có phản hồi công nhận câu trả lời của học sinh mà đi thẳng sang nội dung mới, mạch đối thoại Socratic trước đó sẽ bị đứt gãy và học sinh không biết mình đã trả lời đúng chưa."",""requirement_score"":5}]",,
3,flagged,needs_uet_review,BC-HNMU-G9-R0303-STT8-AI08,HNMU-G9-R0303-STT8,9,Bài 17: Tin học và thế giới nghề nghiệp,Thông hiểu,true,6,8,last,"[""PRINCIPLE-EXPLANATION"",""PRINCIPLE-FEEDBACK""]","[""PRINCIPLE-QUESTIONING""]",feedback_confirmation_only,"{""PRINCIPLE-CHALLENGE"":2,""PRINCIPLE-EXPLANATION"":4,""PRINCIPLE-FEEDBACK"":5,""PRINCIPLE-MODELLING"":1,""PRINCIPLE-PRACTICE"":2,""PRINCIPLE-QUESTIONING"":3}","[{""evidence"":""conversation_history (lượt 7)"",""principle_id"":""PRINCIPLE-FEEDBACK"",""rationale"":""Nhu cầu độc lập: Học sinh vừa đưa ra câu trả lời cụ thể ở lượt 7 (\""thiết kế đồ họa, sáng tạo nội dung số\""), chứng tỏ học sinh đã tự liên hệ thực tế để phản bác định kiến khô khan. Học sinh cần được xác nhận xem những ví dụ này có chính xác và phù hợp để minh chứng hay không. Nếu bỏ nguyên tắc này: Phản hồi sẽ bỏ qua đóng góp tích cực của học sinh, làm mất đi sự tương tác hai chiều và không giúp học sinh khẳng định được tính đúng đắn trong suy nghĩ của mình."",""requirement_score"":5}]",,
3,flagged,needs_uet_review,BC-HNMU-G9-R0304-STT9-AI04,HNMU-G9-R0304-STT9,9,Bài 17: Tin học và thế giới nghề nghiệp,Thông hiểu,true,2,4,middle,"[""PRINCIPLE-EXPLANATION"",""PRINCIPLE-FEEDBACK""]","[""PRINCIPLE-QUESTIONING""]",feedback_confirmation_only,"{""PRINCIPLE-CHALLENGE"":1,""PRINCIPLE-EXPLANATION"":5,""PRINCIPLE-FEEDBACK"":5,""PRINCIPLE-MODELLING"":2,""PRINCIPLE-PRACTICE"":1,""PRINCIPLE-QUESTIONING"":3}","[{""evidence"":""conversation_history lượt 3: \""Chắc chắn là máy sẽ nhận diện rất kém ạ.\"""",""principle_id"":""PRINCIPLE-FEEDBACK"",""rationale"":""Nhu cầu độc lập: Học sinh vừa đưa ra một phán đoán chính xác (\""máy sẽ nhận diện rất kém\"") cho câu hỏi gợi mở của gia sư. Học sinh cần được xác nhận tính đúng đắn của câu trả lời này để củng cố niềm tin trước khi đi vào kết luận. Nếu bỏ nguyên tắc này: Phản hồi nếu bỏ qua việc nhận xét câu trả lời của học sinh mà chuyển thẳng sang giải thích lý thuyết chung sẽ làm đứt gãy mạch đối thoại, khiến học sinh cảm thấy câu trả lời của mình không có giá trị đóng góp vào bài học."",""requirement_score"":5}]",,
3,flagged,needs_uet_review,BC-HNMU-G9-R0304-STT9-AI06,HNMU-G9-R0304-STT9,9,Bài 17: Tin học và thế giới nghề nghiệp,Thông hiểu,true,4,6,middle,"[""PRINCIPLE-EXPLANATION"",""PRINCIPLE-FEEDBACK""]","[""PRINCIPLE-QUESTIONING""]",feedback_confirmation_only,"{""PRINCIPLE-CHALLENGE"":2,""PRINCIPLE-EXPLANATION"":5,""PRINCIPLE-FEEDBACK"":4,""PRINCIPLE-MODELLING"":1,""PRINCIPLE-PRACTICE"":2,""PRINCIPLE-QUESTIONING"":3}","[{""evidence"":""conversation_history (turn_index: 5)"",""principle_id"":""PRINCIPLE-FEEDBACK"",""rationale"":""Nhu cầu độc lập: Học sinh đã trả lời câu hỏi gợi mở của gia sư ở lượt 5 (\""Bắt buộc phải có sự tham gia của các kĩ sư nữ ạ\""). Học sinh cần được xác nhận xem câu trả lời này đã đúng và đủ chưa để liên kết vào câu hỏi lớn ban đầu.\nNếu bỏ nguyên tắc này: Gia sư sẽ bỏ qua nỗ lực tư duy của học sinh ở lượt trước, làm mất đi tính tương tác hai chiều và sự kết nối logic của cuộc hội thoại."",""requirement_score"":4}]",,
3,flagged,needs_uet_review,BC-HNMU-G9-R0304-STT9-AI08,HNMU-G9-R0304-STT9,9,Bài 17: Tin học và thế giới nghề nghiệp,Thông hiểu,true,6,8,last,"[""PRINCIPLE-EXPLANATION"",""PRINCIPLE-FEEDBACK""]","[""PRINCIPLE-QUESTIONING""]",feedback_confirmation_only,"{""PRINCIPLE-CHALLENGE"":2,""PRINCIPLE-EXPLANATION"":4,""PRINCIPLE-FEEDBACK"":5,""PRINCIPLE-MODELLING"":1,""PRINCIPLE-PRACTICE"":2,""PRINCIPLE-QUESTIONING"":3}","[{""evidence"":""conversation_history (turn 7)"",""principle_id"":""PRINCIPLE-FEEDBACK"",""rationale"":""Nhu cầu độc lập: Học sinh đã trả lời rất chính xác câu hỏi gợi mở của gia sư ở lượt 6. Họ cần nhận được sự xác nhận, đánh giá tích cực và củng cố cho câu trả lời này để tự tin rằng mình đã nắm đúng bản chất vấn đề. Nếu bỏ nguyên tắc này: Phản hồi của gia sư sẽ bỏ qua nỗ lực tư duy của học sinh, khiến học sinh hoang mang không biết câu trả lời của mình đã hoàn thiện và đáp ứng đúng yêu cầu hay chưa."",""requirement_score"":5}]",,
3,flagged,needs_uet_review,BC-HNMU-G9-R0305-STT10-AI06,HNMU-G9-R0305-STT10,9,Bài 17: Tin học và thế giới nghề nghiệp,Thông hiểu,true,4,6,middle,"[""PRINCIPLE-EXPLANATION"",""PRINCIPLE-FEEDBACK""]","[""PRINCIPLE-QUESTIONING""]",feedback_confirmation_only,"{""PRINCIPLE-CHALLENGE"":1,""PRINCIPLE-EXPLANATION"":5,""PRINCIPLE-FEEDBACK"":5,""PRINCIPLE-MODELLING"":1,""PRINCIPLE-PRACTICE"":2,""PRINCIPLE-QUESTIONING"":3}","[{""evidence"":""conversation_history (turn_index: 5): \""Dạ là bà Ada Lovelace, một người phụ nữ ạ.\"""",""principle_id"":""PRINCIPLE-FEEDBACK"",""rationale"":""Nhu cầu độc lập: Học sinh vừa hoàn thành câu trả lời cho câu hỏi gợi mở của gia sư ở lượt trước và cần được xác nhận tính chính xác, đồng thời liên kết câu trả lời đó vào mạch giải quyết thắc mắc chính.\nNếu bỏ nguyên tắc này: Nếu không phản hồi trên câu trả lời của học sinh, gia sư sẽ làm đứt gãy mạch hội thoại tích cực, học sinh không biết câu trả lời đúng của mình có ý nghĩa gì đối với thắc mắc ban đầu của họ."",""requirement_score"":5}]",,
3,flagged,needs_uet_review,BC-HNMU-G9-R0306-STT11-AI06,HNMU-G9-R0306-STT11,9,Bài 17: Tin học và thế giới nghề nghiệp,Vận dụng,true,4,6,middle,"[""PRINCIPLE-FEEDBACK"",""PRINCIPLE-QUESTIONING""]","[""PRINCIPLE-EXPLANATION"",""PRINCIPLE-MODELLING""]",feedback_confirmation_only,"{""PRINCIPLE-CHALLENGE"":2,""PRINCIPLE-EXPLANATION"":3,""PRINCIPLE-FEEDBACK"":5,""PRINCIPLE-MODELLING"":3,""PRINCIPLE-PRACTICE"":2,""PRINCIPLE-QUESTIONING"":5}","[{""evidence"":""conversation_history lượt 5: \""Phải có kĩ thuật viên IT của trường hỗ trợ ạ.\"""",""principle_id"":""PRINCIPLE-FEEDBACK"",""rationale"":""Nhu cầu độc lập: Học sinh vừa đưa ra câu trả lời cụ thể là \""kĩ thuật viên IT của trường hỗ trợ\"". Học sinh cần nhận được phản hồi ngay lập tức để xác nhận câu trả lời này là đúng và giải tỏa sự hoài nghi ban đầu của mình.\nNếu bỏ nguyên tắc này: Nếu không phản hồi và đánh giá tính đúng đắn của câu trả lời này, học sinh sẽ không có điểm tựa vững chắc để tiếp tục suy nghĩ tìm kiếm vị trí công việc thứ hai."",""requirement_score"":5}]",,
3,flagged,needs_uet_review,BC-HNMU-G9-R0306-STT11-AI08,HNMU-G9-R0306-STT11,9,Bài 17: Tin học và thế giới nghề nghiệp,Vận dụng,true,6,8,last,"[""PRINCIPLE-FEEDBACK""]","[""PRINCIPLE-EXPLANATION"",""PRINCIPLE-QUESTIONING""]",feedback_confirmation_only,"{""PRINCIPLE-CHALLENGE"":2,""PRINCIPLE-EXPLANATION"":3,""PRINCIPLE-FEEDBACK"":5,""PRINCIPLE-MODELLING"":1,""PRINCIPLE-PRACTICE"":2,""PRINCIPLE-QUESTIONING"":3}","[{""evidence"":""conversation_history (turn_index: 7)"",""principle_id"":""PRINCIPLE-FEEDBACK"",""rationale"":""Nhu cầu độc lập: Học sinh vừa đưa ra câu trả lời cho vị trí thứ hai (\""Quản trị viên Website\"") và cần được gia sư xác nhận tính chính xác, đồng thời tổng kết lại cả 2 vị trí đã tìm được để hoàn thành trọn vẹn câu hỏi vận dụng. Nếu bỏ nguyên tắc này: Học sinh sẽ không biết câu trả lời của mình đã đúng hoàn toàn hay chưa và tiến trình giải quyết câu hỏi vận dụng ban đầu sẽ bị bỏ lửng mà không có sự chốt kiến thức."",""requirement_score"":5}]",,
3,flagged,needs_uet_review,BC-HNMU-G9-R0307-STT12-AI08,HNMU-G9-R0307-STT12,9,Bài 17: Tin học và thế giới nghề nghiệp,Vận dụng,true,6,8,last,"[""PRINCIPLE-FEEDBACK""]","[""PRINCIPLE-QUESTIONING""]",feedback_confirmation_only,"{""PRINCIPLE-CHALLENGE"":2,""PRINCIPLE-EXPLANATION"":2,""PRINCIPLE-FEEDBACK"":5,""PRINCIPLE-MODELLING"":2,""PRINCIPLE-PRACTICE"":2,""PRINCIPLE-QUESTIONING"":3}","[{""evidence"":""Lượt 7 (student)"",""principle_id"":""PRINCIPLE-FEEDBACK"",""rationale"":""Nhu cầu độc lập: Học sinh vừa tự đưa ra câu trả lời tự nhận thức bản thân (tư duy hình ảnh, nhạy bén mạng xã hội, kỹ năng dựng video) theo yêu cầu giải thích của bài tập. Học sinh cần một phản hồi đánh giá cụ thể từ gia sư để xác nhận xem các lập luận này đã đủ thuyết phục, đúng trọng tâm ngành nghề chưa.\nNếu bỏ nguyên tắc này: Nếu không có phản hồi nhận xét trực tiếp về câu trả lời của học sinh, phản hồi tiếp theo sẽ bỏ qua nỗ lực tự suy luận của em, khiến em không biết lập luận của mình đã hoàn chỉnh để ghi vào bài làm chưa."",""requirement_score"":5}]",,
3,flagged,needs_uet_review,BC-HNMU-G9-R0308-STT13-AI04,HNMU-G9-R0308-STT13,9,Bài 17: Tin học và thế giới nghề nghiệp,Vận dụng,true,2,4,middle,"[""PRINCIPLE-FEEDBACK"",""PRINCIPLE-QUESTIONING""]","[""PRINCIPLE-EXPLANATION"",""PRINCIPLE-MODELLING""]",feedback_confirmation_only,"{""PRINCIPLE-CHALLENGE"":2,""PRINCIPLE-EXPLANATION"":3,""PRINCIPLE-FEEDBACK"":5,""PRINCIPLE-MODELLING"":3,""PRINCIPLE-PRACTICE"":2,""PRINCIPLE-QUESTIONING"":5}","[{""evidence"":""conversation_history lượt 3"",""principle_id"":""PRINCIPLE-FEEDBACK"",""rationale"":""Nhu cầu độc lập: Học sinh đã đưa ra câu trả lời rất thực tế và chính xác về các điểm nghẽn trong việc thu gom rác. Học sinh cần được phản hồi, công nhận tính đúng đắn của các phát hiện này để củng cố sự tự tin trước khi liên hệ chúng với Tin học.\nNếu bỏ nguyên tắc này: Gia sư sẽ bỏ qua câu trả lời của học sinh và chuyển ngay sang kiến thức lý thuyết, làm mất đi tính kết nối thực tế và giảm động lực tương tác của học sinh."",""requirement_score"":5}]",,
3,flagged,needs_uet_review,BC-HNMU-G9-R0308-STT13-AI08,HNMU-G9-R0308-STT13,9,Bài 17: Tin học và thế giới nghề nghiệp,Vận dụng,true,6,8,last,"[""PRINCIPLE-FEEDBACK""]","[""PRINCIPLE-CHALLENGE"",""PRINCIPLE-EXPLANATION"",""PRINCIPLE-QUESTIONING""]",feedback_confirmation_only,"{""PRINCIPLE-CHALLENGE"":3,""PRINCIPLE-EXPLANATION"":3,""PRINCIPLE-FEEDBACK"":5,""PRINCIPLE-MODELLING"":1,""PRINCIPLE-PRACTICE"":2,""PRINCIPLE-QUESTIONING"":3}","[{""evidence"":""conversation_history (lượt 5, 7)"",""principle_id"":""PRINCIPLE-FEEDBACK"",""rationale"":""Nhu cầu độc lập: Học sinh đã tự suy luận và đưa ra câu trả lời rất chính xác ở lượt 7 về thuật toán Trí tuệ nhân tạo sau khi đã trả lời đúng ở lượt 5. Học sinh có nhu cầu nhận được sự đánh giá, xác nhận chất lượng cho hai câu trả lời này để thấy được chúng chính là lời giải đáp cho thắc mắc ban đầu của mình.\nNếu bỏ nguyên tắc này: Nếu không phản hồi đánh giá câu trả lời của học sinh, học sinh sẽ không có sự khẳng định chắc chắn về tính đúng đắn của suy luận mình vừa đưa ra, đồng thời mối liên kết giữa lý thuyết và thực tiễn sẽ không được đúc kết một cách rõ ràng."",""requirement_score"":5}]",,
3,flagged,needs_uet_review,BC-HNMU-G9-R0309-STT14-AI04,HNMU-G9-R0309-STT14,9,Bài 17: Tin học và thế giới nghề nghiệp,Vận dụng,true,2,4,middle,"[""PRINCIPLE-FEEDBACK"",""PRINCIPLE-QUESTIONING""]","[""PRINCIPLE-EXPLANATION"",""PRINCIPLE-MODELLING""]",feedback_confirmation_only,"{""PRINCIPLE-CHALLENGE"":2,""PRINCIPLE-EXPLANATION"":3,""PRINCIPLE-FEEDBACK"":5,""PRINCIPLE-MODELLING"":3,""PRINCIPLE-PRACTICE"":2,""PRINCIPLE-QUESTIONING"":4}","[{""evidence"":""conversation_history (lượt 3)"",""principle_id"":""PRINCIPLE-FEEDBACK"",""rationale"":""Nhu cầu độc lập: Học sinh vừa đưa ra câu trả lời cụ thể là nhân vật Ada Lovelace để chứng minh tố chất logic của nữ giới. Học sinh cần được xác nhận xem lựa chọn nhân vật này đã chính xác và lập luận đã đủ sắc bén chưa.\nNếu bỏ nguyên tắc này: Một phản hồi chỉ đưa thêm kiến thức mới hoặc đặt câu hỏi khác mà không nhận xét, đánh giá tính hiệu quả của nhân vật Ada Lovelace sẽ khiến học sinh hoang mang, không biết hướng đi của mình có đúng đắn hay không."",""requirement_score"":5}]",,
3,flagged,needs_uet_review,BC-HNMU-G9-R0309-STT14-AI08,HNMU-G9-R0309-STT14,9,Bài 17: Tin học và thế giới nghề nghiệp,Vận dụng,true,6,8,last,"[""PRINCIPLE-FEEDBACK"",""PRINCIPLE-QUESTIONING""]","[""PRINCIPLE-MODELLING"",""PRINCIPLE-PRACTICE""]",feedback_confirmation_only,"{""PRINCIPLE-CHALLENGE"":2,""PRINCIPLE-EXPLANATION"":2,""PRINCIPLE-FEEDBACK"":5,""PRINCIPLE-MODELLING"":3,""PRINCIPLE-PRACTICE"":3,""PRINCIPLE-QUESTIONING"":4}","[{""evidence"":""Lượt 7 trong conversation_history"",""principle_id"":""PRINCIPLE-FEEDBACK"",""rationale"":""Nhu cầu độc lập: Học sinh vừa đưa ra câu trả lời chính xác ở lượt 7 về các vị trí PM và BA. Học sinh cần được xác nhận tính đúng đắn này và hiểu rõ các vị trí này đóng vai trò như thế nào trong tổng thể các lập luận sắc bén để thuyết phục người bạn. Nếu bỏ nguyên tắc này: Phản hồi của gia sư sẽ bỏ qua kết quả tự suy luận của học sinh, làm mất đi sự liên kết giữa các câu trả lời đơn lẻ của học sinh với mục tiêu giải quyết tình huống ở student_prompt."",""requirement_score"":5}]",,
4,flagged,needs_uet_review,BC-HNMU-G6-R0042-STT13-AI02,HNMU-G6-R0042-STT13,6,Bài 3. Thông tin trong máy tinh,Vận dụng (Thực hiện thao tác thực tế),false,0,2,first,"[""PRINCIPLE-EXPLANATION"",""PRINCIPLE-MODELLING""]","[""PRINCIPLE-PRACTICE"",""PRINCIPLE-QUESTIONING""]",high_score_modal_conflict:PRINCIPLE-MODELLING,"{""PRINCIPLE-CHALLENGE"":2,""PRINCIPLE-EXPLANATION"":4,""PRINCIPLE-FEEDBACK"":1,""PRINCIPLE-MODELLING"":5,""PRINCIPLE-PRACTICE"":3,""PRINCIPLE-QUESTIONING"":3}","[{""evidence"":""Trường student_prompt: \""Làm sao em biết máy tính của em còn bao nhiêu GB trống ạ?\"" và bloom_level: \""Vận dụng (Thực hiện thao tác thực tế)\"""",""principle_id"":""PRINCIPLE-MODELLING"",""rationale"":""Nhu cầu độc lập: Học sinh đang hỏi về một thao tác thực tế kỹ thuật và cần một quy trình làm mẫu từng bước cụ thể (nhấp chuột vào đâu, chọn mục nào) để có thể bắt chước thực hiện trực tiếp trên máy tính của mình. Nếu bỏ nguyên tắc này: Các giải thích lý thuyết suông hoặc câu hỏi gợi mở sẽ không thể giúp một học sinh lớp 6 biết cách định vị và thao tác chính xác trên hệ điều hành máy tính."",""requirement_score"":5}]",,
4,flagged,needs_uet_review,BC-HNMU-G6-R0044-STT1-AI04,HNMU-G6-R0044-STT1,6,Bài 4. Mạng máy tính,Nhận biết (Biết được khái niệm),true,2,4,middle,"[""PRINCIPLE-EXPLANATION"",""PRINCIPLE-FEEDBACK""]","[""PRINCIPLE-QUESTIONING""]",high_score_modal_conflict:PRINCIPLE-EXPLANATION,"{""PRINCIPLE-CHALLENGE"":2,""PRINCIPLE-EXPLANATION"":5,""PRINCIPLE-FEEDBACK"":5,""PRINCIPLE-MODELLING"":1,""PRINCIPLE-PRACTICE"":2,""PRINCIPLE-QUESTIONING"":3}","[{""evidence"":""student_prompt: 'Thầy ơi, mạng máy tính có phải chỉ là các máy tính nối dây với nhau không ạ?' và gold_answer: 'Là tập hợp các máy tính và thiết bị được kết nối để truyền thông tin cho nhau.'"",""principle_id"":""PRINCIPLE-EXPLANATION"",""rationale"":""Nhu cầu độc lập: Học sinh đang có hiểu lầm giới hạn rằng mạng máy tính chỉ gồm \""máy tính\"" và phải \""nối dây\"". Học sinh cần một lời giải thích rõ ràng về bản chất mạng máy tính bao gồm cả các thiết bị khác (như điện thoại) và có thể kết nối không dây để truyền thông tin. Nếu bỏ nguyên tắc này: Phản hồi sẽ không thể giúp học sinh làm sáng tỏ khái niệm cốt lõi và sửa đổi hiểu lầm ban đầu để đạt được đích học tập trong gold_answer."",""requirement_score"":5}]",,
4,flagged,needs_uet_review,BC-HNMU-G6-R0187-STT4-AI04,HNMU-G6-R0187-STT4,6,Bài 14: Hoàn thiện sổ lưu niệm,Nhận biết (Nêu tên sản phẩm),true,2,4,last,"[""PRINCIPLE-EXPLANATION"",""PRINCIPLE-FEEDBACK""]","[""PRINCIPLE-QUESTIONING""]",high_score_modal_conflict:PRINCIPLE-EXPLANATION,"{""PRINCIPLE-CHALLENGE"":2,""PRINCIPLE-EXPLANATION"":4,""PRINCIPLE-FEEDBACK"":5,""PRINCIPLE-MODELLING"":2,""PRINCIPLE-PRACTICE"":2,""PRINCIPLE-QUESTIONING"":3}","[{""evidence"":""student_prompt: Sau khi làm xong, em sẽ có một cuốn sổ giấy hay là gì ạ?"",""principle_id"":""PRINCIPLE-EXPLANATION"",""rationale"":""Nhu cầu độc lập: Học sinh ban đầu có sự băn khoăn rõ rệt giữa 'sổ giấy' và dạng tồn tại của sản phẩm thực hành. Do đó, cần giải thích ngắn gọn bản chất của 'Sản phẩm số' (là một tệp dữ liệu lưu trên máy tính, có khả năng trình bày, chia sẻ nhanh chóng) để làm rõ thắc mắc này.\nNếu bỏ nguyên tắc này: Học sinh sẽ chỉ biết được thuật ngữ tên gọi mà không hiểu rõ bản chất của sản phẩm mình sắp thực hiện khác biệt như thế nào so với một cuốn sổ giấy truyền thống."",""requirement_score"":4}]",,
4,flagged,needs_uet_review,BC-HNMU-G7-R0039-STT10-AI02,HNMU-G7-R0039-STT10,7,Bài 3. Quản lí dữ liệu trong máy tính,Thông hiểu (Giải thích được lợi ích),false,0,2,first,"[""PRINCIPLE-EXPLANATION"",""PRINCIPLE-FEEDBACK"",""PRINCIPLE-QUESTIONING""]","[""PRINCIPLE-MODELLING"",""PRINCIPLE-PRACTICE""]",high_score_modal_conflict:PRINCIPLE-FEEDBACK,"{""PRINCIPLE-CHALLENGE"":1,""PRINCIPLE-EXPLANATION"":5,""PRINCIPLE-FEEDBACK"":5,""PRINCIPLE-MODELLING"":3,""PRINCIPLE-PRACTICE"":3,""PRINCIPLE-QUESTIONING"":4}","[{""evidence"":""student_prompt: \""Em đặt mật khẩu là \""123456\"" cho dễ nhớ được không thầy AI?\"""",""principle_id"":""PRINCIPLE-FEEDBACK"",""rationale"":""Nhu cầu độc lập: Học sinh đã đưa ra một lựa chọn cụ thể là mật khẩu \""123456\"" và cần một sự đánh giá trực tiếp, rõ ràng về độ an toàn của lựa chọn này.\n\nNếu bỏ nguyên tắc này: Nếu không có phản hồi trực diện để khẳng định mật khẩu \""123456\"" là cực kỳ không an toàn và dễ bị bẻ khóa, học sinh có thể tiếp tục sử dụng nó và đối mặt với nguy cơ mất an toàn thông tin, khiến câu trả lời của AI trở nên chung chung và không giải quyết được thắc mắc thực tế của học sinh."",""requirement_score"":5}]",,
4,flagged,needs_uet_review,BC-HNMU-G7-R0069-STT12-AI04,HNMU-G7-R0069-STT12,7,Bài 5. Ứng xử trên mạng,Vận dụng (Thiết lập biện pháp),true,2,4,middle,"[""PRINCIPLE-FEEDBACK"",""PRINCIPLE-QUESTIONING""]",[],high_score_modal_conflict:PRINCIPLE-FEEDBACK,"{""PRINCIPLE-CHALLENGE"":1,""PRINCIPLE-EXPLANATION"":2,""PRINCIPLE-FEEDBACK"":5,""PRINCIPLE-MODELLING"":2,""PRINCIPLE-PRACTICE"":2,""PRINCIPLE-QUESTIONING"":5}","[{""evidence"":""conversation_history lượt 3: \""Dạ chắc là sau khi em tắm rửa và ăn cơm xong ạ.\"""",""principle_id"":""PRINCIPLE-FEEDBACK"",""rationale"":""Nhu cầu độc lập: Học sinh cần được gia sư nhận xét và đánh giá xem thời điểm \""sau khi tắm rửa và ăn cơm xong\"" mà mình lựa chọn có thực sự là một lựa chọn an toàn và hợp lý để bắt đầu sử dụng điện thoại hay không.\nNếu bỏ nguyên tắc này: Gia sư sẽ bỏ qua câu trả lời của học sinh để chuyển thẳng sang câu hỏi khác, làm mất đi sự tương tác cá nhân hóa và học sinh sẽ không biết lựa chọn của mình có đúng đắn hay cần điều chỉnh gì không."",""requirement_score"":5}]",,
4,flagged,needs_uet_review,BC-HNMU-G7-R0159-STT4-AI02,HNMU-G7-R0159-STT4,7,Bài 12: Định dạng đối tượng trên trang chiếu,Nhận biết (Nêu được),false,0,2,first,"[""PRINCIPLE-EXPLANATION"",""PRINCIPLE-FEEDBACK""]","[""PRINCIPLE-QUESTIONING""]",high_score_modal_conflict:PRINCIPLE-FEEDBACK,"{""PRINCIPLE-CHALLENGE"":1,""PRINCIPLE-EXPLANATION"":5,""PRINCIPLE-FEEDBACK"":4,""PRINCIPLE-MODELLING"":2,""PRINCIPLE-PRACTICE"":1,""PRINCIPLE-QUESTIONING"":3}","[{""evidence"":""student_prompt"",""principle_id"":""PRINCIPLE-FEEDBACK"",""rationale"":""Nhu cầu độc lập: Học sinh đã bày tỏ một quan điểm cá nhân cụ thể về mặt thái độ học tập (\""thao tác chỉnh chữ tốn thời gian quá\"", \""cứ để mặc định chữ đen có được không\""). Gia sư cần phản hồi trực tiếp để ghi nhận rào cản tâm lý này (đồng cảm rằng ban đầu việc định dạng có thể mất chút thời gian) trước khi uốn nắn nhận thức.\nNếu bỏ nguyên tắc này: Nếu bỏ qua việc phản hồi vào ý kiến của học sinh mà chỉ đưa ra lời giải thích lý thuyết khô khan, học sinh sẽ cảm thấy thắc mắc thực tế của mình bị phớt lờ, làm giảm sự gắn kết và lòng tin đối với gia sư AI."",""requirement_score"":4}]",,
4,flagged,needs_uet_review,BC-HNMU-G7-R0208-STT11-AI02,HNMU-G7-R0208-STT11,7,Bài 15. Thuật toán tìm kiếm nhị phân,Vận dụng,false,0,2,first,"[""PRINCIPLE-EXPLANATION"",""PRINCIPLE-QUESTIONING""]","[""PRINCIPLE-MODELLING""]",high_score_modal_conflict:PRINCIPLE-EXPLANATION,"{""PRINCIPLE-CHALLENGE"":2,""PRINCIPLE-EXPLANATION"":5,""PRINCIPLE-FEEDBACK"":1,""PRINCIPLE-MODELLING"":3,""PRINCIPLE-PRACTICE"":2,""PRINCIPLE-QUESTIONING"":4}","[{""evidence"":""student_prompt: \""Em phải trả lời các bước thao tác sao cho giống ngôn ngữ máy tính ạ?\"""",""principle_id"":""PRINCIPLE-EXPLANATION"",""rationale"":""Nhu cầu độc lập: Học sinh đang có sự hiểu nhầm rằng biểu diễn thuật toán trong bài tập vận dụng bắt buộc phải sử dụng ngôn ngữ máy tính phức tạp. Gia sư cần giải thích rõ rằng thuật toán có thể được mô tả bằng ngôn ngữ tự nhiên một cách tuần tự, rõ ràng và máy tính hay con người đều có thể hiểu được.\n\nNếu bỏ nguyên tắc này: Học sinh sẽ tiếp tục hoang mang, bế tắc hoặc cố gắng tìm kiếm các cú pháp lập trình phức tạp không cần thiết, dẫn đến việc không thể hoàn thành bài tập vận dụng theo đúng tiến độ và mức độ lớp 7."",""requirement_score"":5}]",,
4,flagged,needs_uet_review,BC-HNMU-G8-R0169-STT14-AI08,HNMU-G8-R0169-STT14,8,[8b] Làm quen với phần mềm chỉnh sửa ảnh,Vận dụng,true,6,8,middle,"[""PRINCIPLE-FEEDBACK"",""PRINCIPLE-QUESTIONING""]","[""PRINCIPLE-EXPLANATION"",""PRINCIPLE-MODELLING""]",high_score_modal_conflict:PRINCIPLE-FEEDBACK,"{""PRINCIPLE-CHALLENGE"":1,""PRINCIPLE-EXPLANATION"":3,""PRINCIPLE-FEEDBACK"":4,""PRINCIPLE-MODELLING"":3,""PRINCIPLE-PRACTICE"":2,""PRINCIPLE-QUESTIONING"":4}","[{""evidence"":""turn_index: 7, role: student, content: Màu xanh nhạt ạ."",""principle_id"":""PRINCIPLE-FEEDBACK"",""rationale"":""Nhu cầu độc lập: Học sinh đã đưa ra một lựa chọn cụ thể là \""Màu xanh nhạt\"" cho nền thiệp. Học sinh cần nhận được phản hồi xác nhận lựa chọn này là hợp lý và sẵn sàng để chuyển sang bước tiếp theo.\nNếu bỏ nguyên tắc này: Phản hồi của gia sư sẽ trở nên máy móc, bỏ qua ý kiến đóng góp của học sinh và làm mất đi tính tương tác hai chiều trong quá trình thiết kế sản phẩm cá nhân."",""requirement_score"":4}]",,
4,flagged,needs_uet_review,BC-HNMU-G8-R0192-STT9-AI06,HNMU-G8-R0192-STT9,8,"[10b] Thêm văn bản, tạo hiệu ứng cho ảnh",Thông hiểu,true,4,6,middle,"[""PRINCIPLE-EXPLANATION"",""PRINCIPLE-QUESTIONING""]","[""PRINCIPLE-MODELLING"",""PRINCIPLE-FEEDBACK""]",high_score_missing_counterfactual:PRINCIPLE-EXPLANATION;high_score_missing_counterfactual:PRINCIPLE-QUESTIONING,"{""PRINCIPLE-CHALLENGE"":1,""PRINCIPLE-EXPLANATION"":4,""PRINCIPLE-FEEDBACK"":3,""PRINCIPLE-MODELLING"":3,""PRINCIPLE-PRACTICE"":2,""PRINCIPLE-QUESTIONING"":4}","[{""evidence"":""conversation_history (turn 5): A, nó hiện ra \""Gradient\"". Em chọn nó rồi ạ."",""principle_id"":""PRINCIPLE-EXPLANATION"",""rationale"":""Nhu cầu độc lập: Học sinh cần được làm rõ cơ chế hoạt động đặc thù của công cụ Gradient (cần nhấn giữ và kéo thả chuột để tạo dải màu, khác với việc click chuột một lần của Thùng sơn thông thường) để biết cách thao tác trên vùng làm việc. Nếu bỏ nguyên tắc này, học sinh chỉ mới chọn được công cụ mà không hiểu cách nó hoạt động, dẫn đến việc nhấp chuột ngẫu nhiên mà không tạo ra dải màu chuyển sắc như ý muốn."",""requirement_score"":4},{""evidence"":""conversation_history (turn 5): A, nó hiện ra \""Gradient\"". Em chọn nó rồi ạ."",""principle_id"":""PRINCIPLE-QUESTIONING"",""rationale"":""Nhu cầu độc lập: Học sinh cần được kích thích tự thực hiện thao tác kéo chuột thử nghiệm và quan sát trực tiếp kết quả thay đổi màu sắc trên màn hình. Nếu bỏ nguyên tắc này bằng một câu hỏi định hướng hành động (ví dụ: 'Bây giờ em thử kéo một đường trên khung xem dải màu thay đổi thế nào?'), gia sư sẽ phải đưa ra toàn bộ lời giải một cách thụ động, làm giảm tính chủ động khám phá của học sinh."",""requirement_score"":4}]",,
4,flagged,needs_uet_review,BC-HNMU-G8-R0197-STT14-AI06,HNMU-G8-R0197-STT14,8,"[10b] Thêm văn bản, tạo hiệu ứng cho ảnh",Vận dụng,true,4,6,middle,"[""PRINCIPLE-FEEDBACK"",""PRINCIPLE-QUESTIONING""]","[""PRINCIPLE-EXPLANATION""]",high_score_modal_conflict:PRINCIPLE-FEEDBACK,"{""PRINCIPLE-CHALLENGE"":2,""PRINCIPLE-EXPLANATION"":3,""PRINCIPLE-FEEDBACK"":5,""PRINCIPLE-MODELLING"":2,""PRINCIPLE-PRACTICE"":2,""PRINCIPLE-QUESTIONING"":4}","[{""evidence"":""Lượt 5 trong conversation_history"",""principle_id"":""PRINCIPLE-FEEDBACK"",""rationale"":""Nhu cầu độc lập: Học sinh đã đề xuất một phương án xử lý cụ thể là sử dụng Gaussian Blur và \""kéo mờ rịt đi\"". Gia sư cần phản hồi trực tiếp để chỉ ra rằng việc làm mờ quá mức (mờ rịt) có thể làm mất đi hoàn toàn hình ảnh rừng cây, từ đó làm giảm hiệu quả truyền thông của poster bảo vệ môi trường.\nNếu bỏ nguyên tắc này: Phản hồi sẽ bỏ qua việc nhận xét ý định thiết kế chưa hợp lý của học sinh, khiến học sinh dễ thực hiện thao tác cực đoan mà không nhận thức được lỗi thiết kế mới phát sinh."",""requirement_score"":5}]",,
4,flagged,needs_uet_review,BC-HNMU-G8-R0217-STT6-AI04,HNMU-G8-R0217-STT6,8,Bài 12,Thông hiểu (Phân biệt được),true,2,4,middle,"[""PRINCIPLE-EXPLANATION"",""PRINCIPLE-FEEDBACK""]","[""PRINCIPLE-QUESTIONING""]",high_score_modal_conflict:PRINCIPLE-EXPLANATION,"{""PRINCIPLE-CHALLENGE"":1,""PRINCIPLE-EXPLANATION"":5,""PRINCIPLE-FEEDBACK"":5,""PRINCIPLE-MODELLING"":2,""PRINCIPLE-PRACTICE"":2,""PRINCIPLE-QUESTIONING"":3}","[{""evidence"":""student_prompt"",""principle_id"":""PRINCIPLE-EXPLANATION"",""rationale"":""Nhu cầu độc lập: Học sinh đang thắc mắc sự khác nhau giữa hằng và biến vì thấy cả hai đều là những cái tên (định danh). Học sinh cần một lời giải thích tường minh về bản chất lưu trữ giá trị (một bên cố định, một bên có thể thay đổi trong quá trình chạy chương trình) để giải tỏa sự mơ hồ này.\nNếu bỏ nguyên tắc này: Một phản hồi chỉ đưa ra các câu hỏi tiếp theo hoặc ví dụ mà không giải thích bản chất khái niệm sẽ không giúp học sinh chốt được kiến thức cốt lõi và không đạt được mục tiêu \""Thông hiểu\"" của bài học."",""requirement_score"":5}]",,
4,flagged,needs_uet_review,BC-HNMU-G8-R0253-STT14-AI02,HNMU-G8-R0253-STT14,8,Bài 14: Cấu trúc điều khiển,Vận dụng (Chỉnh sửa được sản phẩm số),false,0,2,first,"[""PRINCIPLE-EXPLANATION"",""PRINCIPLE-FEEDBACK"",""PRINCIPLE-QUESTIONING""]","[""PRINCIPLE-MODELLING""]",high_score_modal_conflict:PRINCIPLE-QUESTIONING,"{""PRINCIPLE-CHALLENGE"":2,""PRINCIPLE-EXPLANATION"":4,""PRINCIPLE-FEEDBACK"":5,""PRINCIPLE-MODELLING"":3,""PRINCIPLE-PRACTICE"":2,""PRINCIPLE-QUESTIONING"":4}","[{""evidence"":""bloom_level: \""Vận dụng (Chỉnh sửa được sản phẩm số)\"""",""principle_id"":""PRINCIPLE-QUESTIONING"",""rationale"":""Nhu cầu độc lập: Ở mức nhận thức vận dụng, học sinh cần tự mình tư duy để xây dựng chương trình. Việc đặt câu hỏi gợi mở (ví dụ: hỏi học sinh về các trường hợp có thể xảy ra khi đoán sai) sẽ kích thích tư duy logic của học sinh để tự tìm ra hướng giải quyết. Nếu bỏ nguyên tắc này: Nếu không sử dụng câu hỏi gợi mở mà trực tiếp đưa ra câu trả lời, gia sư sẽ làm mất đi cơ hội tự suy luận và tự giải quyết vấn đề của học sinh, biến hoạt động thực hành thành tiếp thu thụ động."",""requirement_score"":4}]",,
4,flagged,needs_uet_review,BC-HNMU-G8-R0255-STT2-AI02,HNMU-G8-R0255-STT2,8,Bài 15: Gỡ lỗi,Nhận biết (Biết được lợi ích),false,0,2,first,"[""PRINCIPLE-EXPLANATION"",""PRINCIPLE-QUESTIONING""]",[],high_score_missing_counterfactual:PRINCIPLE-EXPLANATION;high_score_missing_counterfactual:PRINCIPLE-QUESTIONING,"{""PRINCIPLE-CHALLENGE"":2,""PRINCIPLE-EXPLANATION"":4,""PRINCIPLE-FEEDBACK"":2,""PRINCIPLE-MODELLING"":2,""PRINCIPLE-PRACTICE"":1,""PRINCIPLE-QUESTIONING"":4}","[{""evidence"":""Trường student_prompt và gold_answer"",""principle_id"":""PRINCIPLE-EXPLANATION"",""rationale"":""Nhu cầu độc lập: Học sinh cần được làm rõ khái niệm và lợi ích cốt lõi của việc chạy thử chương trình (để đảm bảo chương trình chạy đúng như mong đợi) nhằm thay đổi quan điểm muốn nộp bài ngay. Nếu bỏ nguyên tắc này, học sinh sẽ thiếu đi kiến thức nền tảng quan trọng về mục đích của việc gỡ lỗi và chạy thử chương trình."",""requirement_score"":4},{""evidence"":""Trường student_prompt"",""principle_id"":""PRINCIPLE-QUESTIONING"",""rationale"":""Nhu cầu độc lập: Học sinh cần được gợi mở bằng câu hỏi để tự suy ngẫm về những rủi ro có thể xảy ra khi nộp bài mà không chạy thử (ví dụ: code có lỗi tiềm ẩn). Nếu bỏ nguyên tắc này, gia sư sẽ chỉ đưa ra câu trả lời áp đặt một chiều, làm giảm đi tính chủ động và khả năng tự nhận thức của học sinh."",""requirement_score"":4}]",,
4,flagged,needs_uet_review,BC-HNMU-G9-R0093-STT8-AI02,HNMU-G9-R0093-STT8,9,Bài 7: Trình bày thông tin trong trao đổi hợp tác,Hiểu (Giải thích được tầm quan trọng).,false,0,2,first,"[""PRINCIPLE-EXPLANATION"",""PRINCIPLE-FEEDBACK""]","[""PRINCIPLE-QUESTIONING""]",high_score_modal_conflict:PRINCIPLE-FEEDBACK,"{""PRINCIPLE-CHALLENGE"":1,""PRINCIPLE-EXPLANATION"":5,""PRINCIPLE-FEEDBACK"":5,""PRINCIPLE-MODELLING"":2,""PRINCIPLE-PRACTICE"":2,""PRINCIPLE-QUESTIONING"":3}","[{""evidence"":""Trường `student_prompt`: \""Thầy ơi, em lấy cái ảnh bị mờ một chút để minh họa có sao không ạ?\"""",""principle_id"":""PRINCIPLE-FEEDBACK"",""rationale"":""Nhu cầu độc lập: Học sinh đã đưa ra một lựa chọn cụ thể (\""lấy cái ảnh bị mờ một chút\"") và cần một sự nhận xét, đánh giá trực tiếp từ gia sư xem lựa chọn đó có phù hợp hay không. Nếu bỏ nguyên tắc này: Phản hồi của gia sư chỉ tập trung giải thích lý thuyết chung về chất lượng dữ liệu mà bỏ qua việc nhận xét trực tiếp hành vi cụ thể của học sinh, làm giảm tính cá nhân hóa và tính thực tế của bài học."",""requirement_score"":5}]",,
4,flagged,needs_uet_review,BC-HNMU-G9-R0186-STT3-AI02,HNMU-G9-R0186-STT3,9,[9b]: Các chức năng chính của phần mềm làm Video,Nhận biết,false,0,2,first,"[""PRINCIPLE-EXPLANATION"",""PRINCIPLE-QUESTIONING""]","[""PRINCIPLE-MODELLING""]",high_score_modal_conflict:PRINCIPLE-EXPLANATION,"{""PRINCIPLE-CHALLENGE"":1,""PRINCIPLE-EXPLANATION"":4,""PRINCIPLE-FEEDBACK"":1,""PRINCIPLE-MODELLING"":3,""PRINCIPLE-PRACTICE"":2,""PRINCIPLE-QUESTIONING"":4}","[{""evidence"":""Trường 'student_prompt' thể hiện học sinh thiếu kiến thức thao tác: 'chưa biết ấn vào đâu' và 'gold_answer' chỉ ra quy trình kỹ thuật cần giải thích: 'Nháy đúp biểu tượng Video Editor -> Chọn New video project...'"",""principle_id"":""PRINCIPLE-EXPLANATION"",""rationale"":""Nhu cầu độc lập: Học sinh cần được giải thích rõ ràng các bước và vị trí các nút chức năng để có thể tự thao tác khởi động và tạo dự án mới. Nếu bỏ nguyên tắc này: Một phản hồi chỉ đặt câu hỏi hoặc yêu cầu thực hành mà không cung cấp chỉ dẫn/giải thích rõ ràng về mặt thao tác sẽ không giúp học sinh giải quyết được khó khăn hiện tại là không biết ấn vào đâu."",""requirement_score"":4}]",,
4,flagged,needs_uet_review,BC-HNMU-G9-R0253-STT14-AI02,HNMU-G9-R0253-STT14,9,[13b]: Biên tập và xuất video,Vận dụng,false,0,2,first,"[""PRINCIPLE-EXPLANATION"",""PRINCIPLE-QUESTIONING""]","[""PRINCIPLE-MODELLING""]",high_score_modal_conflict:PRINCIPLE-EXPLANATION,"{""PRINCIPLE-CHALLENGE"":1,""PRINCIPLE-EXPLANATION"":5,""PRINCIPLE-FEEDBACK"":1,""PRINCIPLE-MODELLING"":3,""PRINCIPLE-PRACTICE"":1,""PRINCIPLE-QUESTIONING"":4}","[{""evidence"":""student_prompt: \""Nhỡ có lỗi thì sao ạ?\"""",""principle_id"":""PRINCIPLE-EXPLANATION"",""rationale"":""Nhu cầu độc lập: Học sinh đang lo sợ về hậu quả của việc xảy ra lỗi sau khi xuất video mà không biết rằng quy trình này hoàn toàn có thể làm lại được. Việc giải thích cơ chế hoạt động của phần mềm chỉnh sửa (dự án gốc vẫn được lưu, lỗi thì có thể sửa và xuất lại bản mới) là cốt lõi để giải tỏa tâm lý lo sợ. Nếu bỏ nguyên tắc này: Phản hồi dù có đưa ra hướng dẫn kỹ thuật cũng không giải quyết được tận gốc nỗi sợ mơ hồ của học sinh, khiến họ tiếp tục trì hoãn việc bấm nút."",""requirement_score"":5}]",,
5,flagged,needs_uet_review,BC-HNMU-G7-R0026-STT11-AI02,HNMU-G7-R0026-STT11,7,Bài 2. Phần mềm máy tính,Vận dụng (Thực hiện phân loại),false,0,2,first,"[""PRINCIPLE-EXPLANATION"",""PRINCIPLE-MODELLING"",""PRINCIPLE-PRACTICE""]","[""PRINCIPLE-QUESTIONING""]",rare_required_set,"{""PRINCIPLE-CHALLENGE"":1,""PRINCIPLE-EXPLANATION"":5,""PRINCIPLE-FEEDBACK"":2,""PRINCIPLE-MODELLING"":4,""PRINCIPLE-PRACTICE"":5,""PRINCIPLE-QUESTIONING"":3}","[{""evidence"":""student_prompt: \""Thầy ơi, Android là hệ điều hành hay ứng dụng ạ? Em hay dùng nó trên điện thoại.\"""",""principle_id"":""PRINCIPLE-EXPLANATION"",""rationale"":""Nhu cầu độc lập: Học sinh đang có sự băn khoăn và nhầm lẫn thực tế về vai trò của Android khi sử dụng điện thoại. Học sinh cần một lời giải thích rõ ràng, phân biệt được bản chất giữa hệ điều hành (làm nền tảng vận hành) và ứng dụng (chạy trên nền tảng đó để thực hiện tác vụ cụ thể). Nếu bỏ nguyên tắc này: Một phản hồi chỉ đưa ra đáp án trực tiếp mà không giải thích cơ chế hoạt động sẽ khiến học sinh chỉ biết ngọn mà không biết gốc, không thể tự mình phân loại các đối tượng khác trong bài học."",""requirement_score"":5},{""evidence"":""student_prompt: \""Em hay dùng nó trên điện thoại.\"" và grade: 7"",""principle_id"":""PRINCIPLE-MODELLING"",""rationale"":""Nhu cầu độc lập: Với học sinh lớp 7, khái niệm hệ điều hành và phần mềm ứng dụng khá trừu tượng. Học sinh cần một ví dụ làm mẫu trực quan, mô phỏng cách phân biệt dựa trên trải nghiệm thực tế của các em (ví dụ cách iOS vận hành iPhone và cho phép Youtube chạy trên đó) để hiểu quy trình phân loại. Nếu bỏ nguyên tắc này: Một phản hồi chỉ dùng định nghĩa lý thuyết khô khan mà không có mô hình hay ví dụ làm mẫu tương ứng sẽ rất khó để học sinh liên hệ và áp dụng vào thực tế."",""requirement_score"":4},{""evidence"":""source_question: \""Hãy phân loại: Windows, Word, Android, Zalo vào hai nhóm OS và App.\"""",""principle_id"":""PRINCIPLE-PRACTICE"",""rationale"":""Nhu cầu độc lập: Mục tiêu học tập của câu hỏi nguồn là phân loại cả bốn đối tượng (Windows, Word, Android, Zalo). Sau khi giải đáp thắc mắc về Android, học sinh cần được yêu cầu thực hành phân loại các đối tượng còn lại để củng cố kiến thức và rèn luyện kỹ năng độc lập. Nếu bỏ nguyên tắc này: Phản hồi tiếp theo sẽ chỉ dừng lại ở việc cung cấp kiến thức một chiều, học sinh không được tự thực hiện nhiệm vụ phân loại của bài học, khiến gia sư không thể đánh giá được mức độ thành thạo của học sinh."",""requirement_score"":5}]",,
5,flagged,needs_uet_review,BC-HNMU-G7-R0085-STT14-AI02,HNMU-G7-R0085-STT14,7,Bài 6: Làm quen với phần mềm bảng tính,Vận dụng (Xác định lựa chọn phù hợp),false,0,2,first,"[""PRINCIPLE-EXPLANATION"",""PRINCIPLE-PRACTICE""]","[""PRINCIPLE-MODELLING"",""PRINCIPLE-QUESTIONING""]",rare_required_set,"{""PRINCIPLE-CHALLENGE"":1,""PRINCIPLE-EXPLANATION"":5,""PRINCIPLE-FEEDBACK"":1,""PRINCIPLE-MODELLING"":3,""PRINCIPLE-PRACTICE"":4,""PRINCIPLE-QUESTIONING"":3}","[{""evidence"":""student_prompt"",""principle_id"":""PRINCIPLE-EXPLANATION"",""rationale"":""Nhu cầu độc lập: Học sinh cần hiểu quy tắc tổng quát để biểu diễn một vùng dữ liệu (cụm ô) trong công thức thay vì chỉ biết đáp án cho một trường hợp cụ thể. Nếu bỏ nguyên tắc này: Một phản hồi chỉ cung cấp trực tiếp địa chỉ cụm ô \""A1:C3\"" mà không giải thích nguyên lý xác định (ô góc trên bên trái : ô góc dưới bên phải) sẽ khiến học sinh không thể tự áp dụng cho các vùng dữ liệu khác."",""requirement_score"":5},{""evidence"":""student_prompt"",""principle_id"":""PRINCIPLE-PRACTICE"",""rationale"":""Nhu cầu độc lập: Học sinh cần được củng cố ngay quy tắc viết địa chỉ vùng dữ liệu bằng cách tự thực hiện với một ví dụ mới để đảm bảo hiểu bài. Nếu bỏ nguyên tắc này: Nếu không cho học sinh cơ hội thực hành viết địa chỉ cho một cụm ô khác, phản hồi tiếp theo sẽ chỉ dừng lại ở việc truyền thụ kiến thức một chiều mà không kiểm tra được mức độ vận dụng thực tế của học sinh."",""requirement_score"":4}]",,
5,flagged,needs_uet_review,BC-HNMU-G8-R0160-STT5-AI06,HNMU-G8-R0160-STT5,8,[8b] Làm quen với phần mềm chỉnh sửa ảnh,Thông hiểu,true,4,6,middle,"[""PRINCIPLE-EXPLANATION"",""PRINCIPLE-PRACTICE""]","[""PRINCIPLE-QUESTIONING""]",rare_required_set,"{""PRINCIPLE-CHALLENGE"":2,""PRINCIPLE-EXPLANATION"":5,""PRINCIPLE-FEEDBACK"":2,""PRINCIPLE-MODELLING"":2,""PRINCIPLE-PRACTICE"":4,""PRINCIPLE-QUESTIONING"":3}","[{""evidence"":""student_prompt và conversation_history lượt 5: \""Vậy em phải làm sao để thầy mở được?\"""",""principle_id"":""PRINCIPLE-EXPLANATION"",""rationale"":""Nhu cầu độc lập: Học sinh đã nhận ra tệp .xcf không thể mở được trên máy không có GIMP và đang hỏi giải pháp. Họ cần được giải thích về bản chất của lệnh Export (xuất tệp ảnh phổ biến) và sự khác biệt của nó so với lệnh Save (lưu dự án). Nếu bỏ nguyên tắc này: Phản hồi sẽ chỉ mang tính chỉ dẫn thao tác máy móc, học sinh sẽ không hiểu được nguyên lý cốt lõi về sự khác nhau giữa hai lệnh này như mục tiêu của bài học yêu cầu."",""requirement_score"":5},{""evidence"":""student_prompt: \""Thầy ơi, em làm xong rồi, ấn Save rồi gửi cho thầy chấm nhé.\"" và position: \""Luyện tập\"""",""principle_id"":""PRINCIPLE-PRACTICE"",""rationale"":""Nhu cầu độc lập: Học sinh đang thực hiện hoạt động Luyện tập và muốn hoàn thành việc nộp bài cho giáo viên. Họ cần được yêu cầu thực hành ngay việc xuất file ảnh thực tế để gửi đi. Nếu bỏ nguyên tắc này: Học sinh chỉ dừng lại ở việc hiểu lý thuyết về lệnh Export mà không được củng cố kỹ năng thực hành đóng gói sản phẩm để hoàn thành nhiệm vụ học tập của mình."",""requirement_score"":4}]",,
5,flagged,needs_uet_review,BC-HNMU-G9-R0209-STT12-AI04,HNMU-G9-R0209-STT12,9,[10b]: Chuẩn bị dữ liệu và dựng video,Vận dụng,true,2,4,middle,"[""PRINCIPLE-EXPLANATION"",""PRINCIPLE-PRACTICE""]","[""PRINCIPLE-MODELLING"",""PRINCIPLE-FEEDBACK"",""PRINCIPLE-QUESTIONING""]",rare_required_set,"{""PRINCIPLE-CHALLENGE"":1,""PRINCIPLE-EXPLANATION"":4,""PRINCIPLE-FEEDBACK"":3,""PRINCIPLE-MODELLING"":3,""PRINCIPLE-PRACTICE"":5,""PRINCIPLE-QUESTIONING"":3}","[{""evidence"":""student_prompt: \""Em đang có một đống lộn xộn các tệp tải về ở thư mục Downloads. Giờ thao tác thế nào để chuyển vào thư mục dự án ạ?\"""",""principle_id"":""PRINCIPLE-EXPLANATION"",""rationale"":""Nhu cầu độc lập: Học sinh cần hiểu cách nhận biết loại tệp dựa trên phần mở rộng (đuôi tệp như .mp4, .png, .mp3) để phân loại đúng vào 3 thư mục con vừa tạo, cũng như cách thức hoạt động của các lệnh di chuyển tệp. Nếu bỏ nguyên tắc này: Một phản hồi chỉ yêu cầu học sinh tự làm mà không giải thích nguyên lý nhận biết định dạng tệp và cách di chuyển sẽ khiến học sinh bế tắc trước \""đống lộn xộn\"" của mình."",""requirement_score"":4},{""evidence"":""source_question: \""Tạo thư mục và phân loại các tệp dữ liệu đã chuẩn bị vào các thư mục con tương ứng.\"" và bloom_level: \""Vận dụng\"""",""principle_id"":""PRINCIPLE-PRACTICE"",""rationale"":""Nhu cầu độc lập: Học sinh cần trực tiếp thao tác trên chính máy tính của mình đối với các tệp thực tế trong thư mục Downloads để dọn dẹp và hoàn thành nhiệm vụ thực hành phân loại dữ liệu. Nếu bỏ nguyên tắc này: Nếu gia sư chỉ giải thích lý thuyết hoặc làm hộ thông qua ví dụ mà không yêu cầu học sinh tự thực hành di chuyển các tệp của mình, học sinh sẽ không thể đạt được kỹ năng vận dụng thực tế theo yêu cầu của bài học."",""requirement_score"":5}]",,
5,flagged,needs_uet_review,BC-HNMU-G9-R0294-STT13-AI10,HNMU-G9-R0294-STT13,9,Bài 16: Thực hành: Lập chương trình máy tính,Vận dụng,true,8,10,last,"[""PRINCIPLE-PRACTICE""]","[""PRINCIPLE-CHALLENGE"",""PRINCIPLE-FEEDBACK"",""PRINCIPLE-QUESTIONING""]",rare_required_set,"{""PRINCIPLE-CHALLENGE"":3,""PRINCIPLE-EXPLANATION"":1,""PRINCIPLE-FEEDBACK"":3,""PRINCIPLE-MODELLING"":2,""PRINCIPLE-PRACTICE"":5,""PRINCIPLE-QUESTIONING"":3}","[{""evidence"":""student_prompt: \""Em vừa viết xong đoạn code... Để làm báo cáo gỡ lỗi giống Bảng 16.1...\"" và source_question: \""Vận dụng kiến thức gỡ lỗi, em hãy tạo một bộ dữ liệu kiểm thử...\"""",""principle_id"":""PRINCIPLE-PRACTICE"",""rationale"":""Nhu cầu độc lập: Học sinh cần chuyển từ bước thảo luận ý tưởng sang hành động thực hành thực tế, bao gồm việc chạy thử chương trình với các bộ dữ liệu đã chọn và ghi nhận kết quả để hoàn thiện bảng báo cáo gỡ lỗi. Nếu bỏ nguyên tắc này: Học sinh sẽ chỉ dừng lại ở việc liệt kê lý thuyết các tình huống test mà không thực sự thực hiện việc kiểm thử và lập báo cáo gỡ lỗi thực tế trên máy tính, làm mất đi mục tiêu thực hành của bài học."",""requirement_score"":5}]",,
9,control_sample,eligible_without_plan03_review,BC-HNMU-G6-R0057-STT14-AI04,HNMU-G6-R0057-STT14,6,Bài 4. Mạng máy tính,Vận dụng (Giải quyết tình huống),true,2,4,middle,"[""PRINCIPLE-FEEDBACK"",""PRINCIPLE-QUESTIONING""]","[""PRINCIPLE-EXPLANATION""]",stratified_control_sample,"{""PRINCIPLE-CHALLENGE"":2,""PRINCIPLE-EXPLANATION"":3,""PRINCIPLE-FEEDBACK"":5,""PRINCIPLE-MODELLING"":2,""PRINCIPLE-PRACTICE"":1,""PRINCIPLE-QUESTIONING"":4}","[{""evidence"":""conversation_history: [{\""turn_index\"": 3, \""role\"": \""student\"", \""content\"": \""Dạ máy in đang bật đèn xanh ạ.\""}]"",""principle_id"":""PRINCIPLE-FEEDBACK"",""rationale"":""Nhu cầu độc lập: Học sinh đã thực hiện bước kiểm tra đầu tiên theo hướng dẫn của gia sư ở lượt trước và báo cáo kết quả (\""máy in đang bật đèn xanh\""). Học sinh cần nhận được phản hồi xác nhận rằng máy in đã có nguồn điện hoạt động bình thường, từ đó loại trừ nguyên nhân do nguồn điện để chuyển sang bước tiếp theo.\nNếu bỏ nguyên tắc này: Gia sư sẽ bỏ qua thông tin phản hồi của học sinh, làm mất đi sự liên kết trong cuộc hội thoại chẩn đoán lỗi, khiến học sinh hoang mang không biết việc đèn xanh đã đạt yêu cầu chưa."",""requirement_score"":5},{""evidence"":""bloom_level: Vận dụng (Giải quyết tình huống)"",""principle_id"":""PRINCIPLE-QUESTIONING"",""rationale"":""Nhu cầu độc lập: Học sinh đang trong tình huống vận dụng thực tế để giải quyết vấn đề. Học sinh cần được gợi mở thông qua câu hỏi để tự mình kiểm tra các yếu tố tiếp theo (ví dụ: dây cáp mạng kết nối giữa máy in và máy tính/router) thay vì chỉ nhận hướng dẫn một cách thụ động.\nNếu bỏ nguyên tắc này: Gia sư sẽ phải trực tiếp chỉ ra nguyên nhân hoặc đưa ra các bước tiếp theo, làm giảm tính chủ động và cơ hội tự vận dụng kiến thức mạng máy tính để giải quyết vấn đề của học sinh."",""requirement_score"":4}]",,
9,control_sample,eligible_without_plan03_review,BC-HNMU-G6-R0154-STT13-AI02,HNMU-G6-R0154-STT13,6,Bài 11: Định dạng văn bản,Vận dụng (Xác định cấu trúc phù hợp),false,0,2,first,"[""PRINCIPLE-EXPLANATION"",""PRINCIPLE-FEEDBACK""]","[""PRINCIPLE-QUESTIONING""]",stratified_control_sample,"{""PRINCIPLE-CHALLENGE"":1,""PRINCIPLE-EXPLANATION"":5,""PRINCIPLE-FEEDBACK"":5,""PRINCIPLE-MODELLING"":2,""PRINCIPLE-PRACTICE"":1,""PRINCIPLE-QUESTIONING"":3}","[{""evidence"":""student_prompt: \""Thầy ơi, dòng \""Kính gửi\"" trong đơn em để căn phải cho lạ được không ạ?\"" và gold_answer: \""để đảm bảo tính trang trọng và đúng quy chuẩn văn bản hành chính.\"""",""principle_id"":""PRINCIPLE-EXPLANATION"",""rationale"":""Nhu cầu độc lập: Học sinh đang muốn phá cách (\""cho lạ\"") mà chưa hiểu rõ nguyên lý và quy chuẩn trình bày của một văn bản hành chính (cần đảm bảo tính trang trọng, nghiêm túc). Gia sư cần giải thích rõ tại sao dòng \""Kính gửi\"" nên được căn trái hoặc thụt lề thay vì căn phải.\nNếu bỏ nguyên tắc này: Phản hồi sẽ chỉ là lời đồng ý/từ chối áp đặt mà không giúp học sinh hiểu được bản chất và lý do đằng sau các quy chuẩn định dạng văn bản hành chính, khiến học sinh không thể tự áp dụng đúng cho các văn bản khác."",""requirement_score"":5},{""evidence"":""student_prompt: \""Thầy ơi, dòng \""Kính gửi\"" trong đơn em để căn phải cho lạ được không ạ?\"""",""principle_id"":""PRINCIPLE-FEEDBACK"",""rationale"":""Nhu cầu độc lập: Học sinh đã đưa ra một đề xuất định dạng cụ thể (\""để căn phải cho lạ\""). Gia sư cần đánh giá tính phù hợp của đề xuất này đối với loại văn bản \""Đơn xin nghỉ học\"" để học sinh nhận ra lựa chọn đó có hợp lệ hay không.\nNếu bỏ nguyên tắc này: Phản hồi sẽ bỏ qua ý kiến cá nhân của học sinh, không chỉ ra được điểm chưa hợp lý trong suy nghĩ của học sinh để giúp họ điều chỉnh lại hành vi định dạng văn bản thực tế."",""requirement_score"":5}]",,
9,control_sample,eligible_without_plan03_review,BC-HNMU-G7-R0124-STT11-AI04,HNMU-G7-R0124-STT11,7,Bài 9: Trình bày bảng tính,Vận dụng (Định dạng được dữ liệu),true,2,4,last,"[""PRINCIPLE-EXPLANATION"",""PRINCIPLE-QUESTIONING""]","[""PRINCIPLE-FEEDBACK""]",stratified_control_sample,"{""PRINCIPLE-CHALLENGE"":1,""PRINCIPLE-EXPLANATION"":5,""PRINCIPLE-FEEDBACK"":3,""PRINCIPLE-MODELLING"":2,""PRINCIPLE-PRACTICE"":2,""PRINCIPLE-QUESTIONING"":4}","[{""evidence"":""conversation_history (lượt 3): 'Sau đó em muốn nó nằm chính giữa ô thì chọn nút nào trong nhóm Alignment?'"",""principle_id"":""PRINCIPLE-EXPLANATION"",""rationale"":""Nhu cầu độc lập: Học sinh trực tiếp hỏi về một công cụ định dạng cụ thể trong nhóm Alignment để căn giữa ô ('chọn nút nào trong nhóm Alignment?'). Gia sư cần giải thích, chỉ ra và mô tả biểu tượng của nút Center để học sinh nhận diện và thực hiện.\nNếu bỏ nguyên tắc này: Một phản hồi dùng chiến lược khác (như tiếp tục đặt câu hỏi bắt học sinh tự đoán hoặc đưa bài tập mới) sẽ không giải đáp trực tiếp thắc mắc hiện tại của học sinh, gây ức chế và làm gián đoạn tiến trình thực hành."",""requirement_score"":5},{""evidence"":""source_question: 'tô màu nền khác biệt.'"",""principle_id"":""PRINCIPLE-QUESTIONING"",""rationale"":""Nhu cầu độc lập: Sau khi giải quyết xong bước căn giữa, nhiệm vụ nguồn vẫn còn yêu cầu cuối cùng là 'tô màu nền khác biệt'. Học sinh cần được kích hoạt tư duy để tự tìm tòi công cụ tô màu thay vì được chỉ dẫn thụ động.\nNếu bỏ nguyên tắc này: Gia sư sẽ phải giải thích và chỉ ra trực tiếp nút tô màu nền (Fill Color), làm mất đi cơ hội để học sinh tự chủ động khám phá giao diện phần mềm Excel theo đúng tinh thần học đi đôi với hành."",""requirement_score"":4}]",,
9,control_sample,eligible_without_plan03_review,BC-HNMU-G7-R0151-STT10-AI04,HNMU-G7-R0151-STT10,7,Bài 11: Tạo bài trình chiếu,Thông hiểu (Hiểu được),true,2,4,last,"[""PRINCIPLE-FEEDBACK"",""PRINCIPLE-QUESTIONING""]","[""PRINCIPLE-EXPLANATION""]",stratified_control_sample,"{""PRINCIPLE-CHALLENGE"":1,""PRINCIPLE-EXPLANATION"":3,""PRINCIPLE-FEEDBACK"":5,""PRINCIPLE-MODELLING"":1,""PRINCIPLE-PRACTICE"":2,""PRINCIPLE-QUESTIONING"":5}","[{""evidence"":""conversation_history lượt 3"",""principle_id"":""PRINCIPLE-FEEDBACK"",""rationale"":""Nhu cầu độc lập: Học sinh đã tự quan sát và đưa ra câu trả lời rất chính xác ở lượt 3 về đặc điểm của slide Blank. Học sinh cần nhận được sự xác nhận, khen ngợi và làm rõ tính đúng đắn từ gia sư để củng cố niềm tin học tập. Nếu bỏ nguyên tắc này: Phản hồi của gia sư sẽ trở nên áp đặt, thiếu tương tác cá nhân hóa và bỏ qua đóng góp thực tế từ trải nghiệm tự học của học sinh."",""requirement_score"":5},{""evidence"":""conversation_history lượt 3 và gold_answer"",""principle_id"":""PRINCIPLE-QUESTIONING"",""rationale"":""Nhu cầu độc lập: Để đạt được mục tiêu so sánh sự khác biệt, sau khi học sinh đã nêu được đặc điểm của Blank, học sinh cần được định hướng bằng câu hỏi gợi mở tiếp theo về slide \""Title and Content\"" để tự mình chỉ ra điểm khác biệt. Nếu bỏ nguyên tắc này: Gia sư sẽ phải tự cung cấp câu trả lời giải thích một chiều, làm gián đoạn mạch tự suy luận và khám phá kiến thức đang tiến triển rất tốt của học sinh."",""requirement_score"":5}]",,
9,control_sample,eligible_without_plan03_review,BC-HNMU-G8-R0164-STT9-AI02,HNMU-G8-R0164-STT9,8,[8b] Làm quen với phần mềm chỉnh sửa ảnh,Thông hiểu,false,0,2,first,"[""PRINCIPLE-EXPLANATION"",""PRINCIPLE-FEEDBACK""]","[""PRINCIPLE-QUESTIONING""]",stratified_control_sample,"{""PRINCIPLE-CHALLENGE"":1,""PRINCIPLE-EXPLANATION"":5,""PRINCIPLE-FEEDBACK"":4,""PRINCIPLE-MODELLING"":2,""PRINCIPLE-PRACTICE"":2,""PRINCIPLE-QUESTIONING"":3}","[{""evidence"":""gold_answer: 'Hoàn tác, huỷ lệnh vừa làm sai để ảnh quay về trạng thái trước đó.' và student_prompt: 'Em lỡ tay cắt mất một nửa cái ảnh, em phải tắt phần mềm mở lại ạ?'"",""principle_id"":""PRINCIPLE-EXPLANATION"",""rationale"":""Nhu cầu độc lập: Học sinh cần hiểu rõ khái niệm và cơ chế hoạt động của tính năng 'Hoàn tác' (Undo/Ctrl+Z) để không chỉ khắc phục lỗi hiện tại mà còn tự tin sửa lỗi trong các lần chỉnh sửa sau. Nếu bỏ nguyên tắc này: Phản hồi chỉ đưa ra câu lệnh cụ thể (Ctrl+Z) một cách máy móc, khiến học sinh không hiểu bản chất tác dụng của phím tắt này trong phần mềm đồ họa như mục tiêu bài học yêu cầu."",""requirement_score"":5},{""evidence"":""student_prompt: 'Em lỡ tay cắt mất một nửa cái ảnh, em phải tắt phần mềm mở lại ạ?'"",""principle_id"":""PRINCIPLE-FEEDBACK"",""rationale"":""Nhu cầu độc lập: Học sinh đang đưa ra một đề xuất giải quyết sai lầm và tốn thời gian ('tắt phần mềm mở lại'). Gia sư cần phản hồi trực tiếp để chỉ ra rằng giải pháp này không cần thiết và có nguy cơ làm mất dữ liệu chưa lưu. Nếu bỏ nguyên tắc này: Phản hồi sẽ bỏ qua hiểu lầm hiện tại của học sinh, khiến học sinh không nhận thức được sự bất tiện của phương pháp thủ công đó so với việc dùng tính năng hoàn tác."",""requirement_score"":4}]",,
9,control_sample,eligible_without_plan03_review,BC-HNMU-G8-R0267-STT14-AI02,HNMU-G8-R0267-STT14,8,Bài 15: Gỡ lỗi,Vận dụng (Thực hiện nhiệm vụ giáo viên đặt ra),false,0,2,first,"[""PRINCIPLE-MODELLING"",""PRINCIPLE-FEEDBACK"",""PRINCIPLE-QUESTIONING""]","[""PRINCIPLE-CHALLENGE"",""PRINCIPLE-EXPLANATION""]",stratified_control_sample,"{""PRINCIPLE-CHALLENGE"":3,""PRINCIPLE-EXPLANATION"":3,""PRINCIPLE-FEEDBACK"":5,""PRINCIPLE-MODELLING"":4,""PRINCIPLE-PRACTICE"":2,""PRINCIPLE-QUESTIONING"":5}","[{""evidence"":""student_prompt: 'Thầy giúp em lập bảng thử cho bài tính điểm trung bình với.'"",""principle_id"":""PRINCIPLE-MODELLING"",""rationale"":""Nhu cầu độc lập: Học sinh trực tiếp yêu cầu hỗ trợ lập một chiếc \""bảng thử\"", cho thấy họ cần được hướng dẫn trực quan về cấu trúc, các cột và cách trình bày của một bảng kiểm thử chuyên nghiệp. Nếu bỏ nguyên tắc này: Học sinh có thể chỉ liệt kê các con số một cách rời rạc mà không biết cách tổ chức thông tin thành một bảng kiểm thử (gồm dữ liệu vào, kết quả kỳ vọng) theo đúng chuẩn mực của bài học."",""requirement_score"":4},{""evidence"":""student_prompt: 'Em mới nghĩ ra trường hợp nhập 3 điểm 8, 9, 10 ạ.'"",""principle_id"":""PRINCIPLE-FEEDBACK"",""rationale"":""Nhu cầu độc lập: Học sinh đã đưa ra một ý tưởng dữ liệu cụ thể (nhập 3 điểm 8, 9, 10) và cần được xác nhận xem trường hợp này đã đúng chưa, cũng như nó thuộc nhóm dữ liệu kiểm thử nào (dữ liệu thông thường). Nếu bỏ nguyên tắc này: Học sinh sẽ thiếu đi điểm tựa tin cậy về kết quả suy nghĩ ban đầu của mình, không biết trường hợp mình đưa ra có giá trị thế nào để tiếp tục phát triển các trường hợp tiếp theo."",""requirement_score"":5},{""evidence"":""student_prompt: 'Em mới nghĩ ra trường hợp nhập 3 điểm 8, 9, 10 ạ.' đối chiếu với source_question: 'Xây dựng bộ dữ liệu kiểm thử gồm 5 tình huống...'"",""principle_id"":""PRINCIPLE-QUESTIONING"",""rationale"":""Nhu cầu độc lập: Học sinh mới chỉ tìm được 1 trong 5 tình huống theo yêu cầu của bài toán, cần được định hướng bằng câu hỏi gợi mở để tự phát hiện ra các tình huống đặc biệt còn lại (như điểm 0, điểm 10, điểm ngoài khoảng, hoặc nhập chữ). Nếu bỏ nguyên tắc này: Gia sư sẽ phải trực tiếp liệt kê các tình huống còn lại cho học sinh, làm mất đi cơ hội để học sinh tự suy luận, tự phát hiện lỗi – vốn là mục tiêu cốt lõi của bài 'Gỡ lỗi'."",""requirement_score"":5}]",,
9,control_sample,eligible_without_plan03_review,BC-HNMU-G9-R0047-STT4-AI02,HNMU-G9-R0047-STT4,9,Bài 4: Một số vấn đề pháp lý về sử dụng dịch vụ Internet,Nhận biết (Nhận diện được một số thông điệp lừa đảo),false,0,2,first,"[""PRINCIPLE-EXPLANATION"",""PRINCIPLE-QUESTIONING""]","[""PRINCIPLE-MODELLING""]",stratified_control_sample,"{""PRINCIPLE-CHALLENGE"":2,""PRINCIPLE-EXPLANATION"":5,""PRINCIPLE-FEEDBACK"":2,""PRINCIPLE-MODELLING"":3,""PRINCIPLE-PRACTICE"":2,""PRINCIPLE-QUESTIONING"":5}","[{""evidence"":""student_prompt: \""Em nhận được tin nhắn báo trúng thưởng iPhone 15, có phải thật không thầy?\"""",""principle_id"":""PRINCIPLE-EXPLANATION"",""rationale"":""Nhu cầu độc lập: Học sinh cần hiểu rõ lý do và cơ chế tại sao tin nhắn trúng thưởng iPhone 15 lại là lừa đảo dựa trên các dấu hiệu học thuật (quà tặng bất thường, không rõ nguồn gốc). Nếu bỏ nguyên tắc này: Một phản hồi chỉ khẳng định \""không phải thật\"" hoặc yêu cầu học sinh làm bài tập mà không giải thích rõ bản chất sẽ khiến học sinh không hiểu được gốc rễ vấn đề, dễ tiếp tục mắc bẫy trong các tình huống tương tự."",""requirement_score"":5},{""evidence"":""student_prompt: \""Em nhận được tin nhắn báo trúng thưởng iPhone 15, có phải thật không thầy?\"""",""principle_id"":""PRINCIPLE-QUESTIONING"",""rationale"":""Nhu cầu độc lập: Học sinh cần được hướng dẫn để tự rà soát tin nhắn của mình nhằm tìm ra các dấu hiệu lừa đảo cụ thể (như yêu cầu click link lạ, cung cấp thông tin cá nhân, hay chuyển khoản phí). Nếu bỏ nguyên tắc này: Gia sư nếu chỉ giải thích hộ từ đầu đến cuối mà không đặt câu hỏi khơi gợi sẽ làm mất đi cơ hội để học sinh tự chủ động tư duy, phân tích và áp dụng kiến thức lý thuyết vào thực tế."",""requirement_score"":5}]",,
9,control_sample,eligible_without_plan03_review,BC-HNMU-G9-R0218-STT7-AI02,HNMU-G9-R0218-STT7,9,[11b]: Thực hành Dựng video theo kịch bản,Thông hiểu,false,0,2,first,"[""PRINCIPLE-EXPLANATION"",""PRINCIPLE-QUESTIONING""]","[""PRINCIPLE-MODELLING"",""PRINCIPLE-PRACTICE""]",stratified_control_sample,"{""PRINCIPLE-CHALLENGE"":2,""PRINCIPLE-EXPLANATION"":5,""PRINCIPLE-FEEDBACK"":1,""PRINCIPLE-MODELLING"":3,""PRINCIPLE-PRACTICE"":3,""PRINCIPLE-QUESTIONING"":5}","[{""evidence"":""student_prompt, source_question, gold_answer"",""principle_id"":""PRINCIPLE-EXPLANATION"",""rationale"":""Nhu cầu độc lập: Học sinh cần hiểu rõ ý nghĩa và cơ chế hoạt động của lệnh \""Sync your video to the music's beat\"" để biết nó ảnh hưởng thế nào đến video của mình. Nếu bỏ nguyên tắc này: Phản hồi sẽ chỉ trả lời \""có\"" hoặc \""không\"" một cách áp đặt mà không giúp học sinh đạt được mục tiêu bài học là hiểu rõ bản chất của lệnh đồng bộ âm thanh."",""requirement_score"":5},{""evidence"":""student_prompt, lesson"",""principle_id"":""PRINCIPLE-QUESTIONING"",""rationale"":""Nhu cầu độc lập: Việc quyết định tích chọn hay không phụ thuộc hoàn toàn vào ý đồ kịch bản video của học sinh (ví dụ: video cần nhịp điệu nhanh, dồn dập hay video nhẹ nhàng kể chuyện). Gia sư cần đặt câu hỏi tìm hiểu kịch bản hoặc mong muốn của học sinh. Nếu bỏ nguyên tắc này: Gia sư không thể đưa ra lời khuyên cá nhân hóa phù hợp với sản phẩm thực tế của học sinh trong bài thực hành dựng video theo kịch bản."",""requirement_score"":5}]",,
