sample_id,grade,lesson,position,evidence_fragment_id,evidence_material_type,evidence_lesson_title,evidence_page_start,evidence_source_markdown_path,evidence_status,evidence_match_reason,needs_learning_resource_review,consistency_issue_codes
HNMU-G8-R0002-STT1,8,Bài 1. Lược sử công cụ tính toán,"Mục 1, Trang 5 SGK",LM-SGK-TIN8-0001#F0006,SGK,Bài 1. Lược sử công cụ tính toán,5,shared/learning_resources/ocr_text/sgk_tin_hoc_8/tin_8_bai_1/tin_8_bai_1.md,draft,Top-1 từ SQLite FTS theo đáp án SGV và metadata bài học.,false,
HNMU-G8-R0003-STT2,8,Bài 1. Lược sử công cụ tính toán,"Mục 2, Trang 7 SGK",LM-SGK-TIN8-0001#F0011,SGK,Bài 1. Lược sử công cụ tính toán,7,shared/learning_resources/ocr_text/sgk_tin_hoc_8/tin_8_bai_1/tin_8_bai_1.md,draft,Top-1 từ SQLite FTS theo đáp án SGV và metadata bài học.,false,
HNMU-G8-R0004-STT3,8,Bài 1. Lược sử công cụ tính toán,"Mục 1, Trang 6 SGK",LM-SGK-TIN8-0001#F0008,SGK,Bài 1. Lược sử công cụ tính toán,6,shared/learning_resources/ocr_text/sgk_tin_hoc_8/tin_8_bai_1/tin_8_bai_1.md,draft,Top-1 từ SQLite FTS theo đáp án SGV và metadata bài học.,false,
HNMU-G8-R0005-STT4,8,Bài 1. Lược sử công cụ tính toán,"Mục 2, Trang 7 SGK",LM-SGK-TIN8-0001#F0002,SGK,Bài 1. Lược sử công cụ tính toán,5,shared/learning_resources/ocr_text/sgk_tin_hoc_8/tin_8_bai_1/tin_8_bai_1.md,draft,Top-1 từ SQLite FTS theo tên bài học.,false,
HNMU-G8-R0006-STT5,8,Bài 1. Lược sử công cụ tính toán,"Mục 1, Trang 5 SGK",LM-SGK-TIN8-0001#F0002,SGK,Bài 1. Lược sử công cụ tính toán,5,shared/learning_resources/ocr_text/sgk_tin_hoc_8/tin_8_bai_1/tin_8_bai_1.md,draft,Top-1 từ SQLite FTS theo tên bài học.,false,
HNMU-G8-R0007-STT6,8,Bài 1. Lược sử công cụ tính toán,"Mục 3, Trang 9 SGK",LM-SGK-TIN8-0001#F0002,SGK,Bài 1. Lược sử công cụ tính toán,5,shared/learning_resources/ocr_text/sgk_tin_hoc_8/tin_8_bai_1/tin_8_bai_1.md,draft,Top-1 từ SQLite FTS theo tên bài học.,false,
HNMU-G8-R0008-STT7,8,Bài 1. Lược sử công cụ tính toán,Kiến thức bổ sung Trang 23 SGV,LM-SGV-TIN8-4923610683#F0045,SGV,Bài 1. LƯỢC SỬ CÔNG CỤ TÍNH TOÁN,17,shared/learning_resources/ocr_text/sgv_tin_hoc_8/sgv_tin_8_bai_1/sgv_tin_8_bai_1.md,draft,Top-1 từ SQLite FTS theo tên bài học.,false,
HNMU-G8-R0009-STT8,8,Bài 1. Lược sử công cụ tính toán,"Mục 2, Trang 7 SGK",LM-SGK-TIN8-0001#F0002,SGK,Bài 1. Lược sử công cụ tính toán,5,shared/learning_resources/ocr_text/sgk_tin_hoc_8/tin_8_bai_1/tin_8_bai_1.md,draft,Top-1 từ SQLite FTS theo tên bài học.,false,
HNMU-G8-R0010-STT9,8,Bài 1. Lược sử công cụ tính toán,"Mục 2, Trang 6 SGK",LM-SGK-TIN8-0001#F0002,SGK,Bài 1. Lược sử công cụ tính toán,5,shared/learning_resources/ocr_text/sgk_tin_hoc_8/tin_8_bai_1/tin_8_bai_1.md,draft,Top-1 từ SQLite FTS theo tên bài học.,false,
HNMU-G8-R0011-STT10,8,Bài 1. Lược sử công cụ tính toán,"Mục 2, Trang 8 SGK",LM-SGK-TIN8-0001#F0002,SGK,Bài 1. Lược sử công cụ tính toán,5,shared/learning_resources/ocr_text/sgk_tin_hoc_8/tin_8_bai_1/tin_8_bai_1.md,draft,Top-1 từ SQLite FTS theo tên bài học.,false,
HNMU-G8-R0012-STT11,8,Bài 1. Lược sử công cụ tính toán,"Mục 2, Trang 8 SGK",LM-SGK-TIN8-0001#F0012,SGK,Bài 1. Lược sử công cụ tính toán,7,shared/learning_resources/ocr_text/sgk_tin_hoc_8/tin_8_bai_1/tin_8_bai_1.md,draft,Top-1 từ SQLite FTS theo đáp án SGV và metadata bài học.,false,
HNMU-G8-R0013-STT12,8,Bài 1. Lược sử công cụ tính toán,Vận dụng thực tế,LM-SGK-TIN8-0001#F0002,SGK,Bài 1. Lược sử công cụ tính toán,5,shared/learning_resources/ocr_text/sgk_tin_hoc_8/tin_8_bai_1/tin_8_bai_1.md,draft,Top-1 từ SQLite FTS theo tên bài học.,false,
HNMU-G8-R0014-STT13,8,Bài 1. Lược sử công cụ tính toán,"Mục 2, Trang 7 SGK",LM-SGK-TIN8-0001#F0011,SGK,Bài 1. Lược sử công cụ tính toán,7,shared/learning_resources/ocr_text/sgk_tin_hoc_8/tin_8_bai_1/tin_8_bai_1.md,draft,Top-1 từ SQLite FTS theo đáp án SGV và metadata bài học.,false,
HNMU-G8-R0015-STT14,8,Bài 1. Lược sử công cụ tính toán,Dự án học tập,LM-SGK-TIN8-0001#F0002,SGK,Bài 1. Lược sử công cụ tính toán,5,shared/learning_resources/ocr_text/sgk_tin_hoc_8/tin_8_bai_1/tin_8_bai_1.md,draft,Top-1 từ SQLite FTS theo tên bài học.,false,
HNMU-G8-R0016-STT1,8,Bài 2. Thông tin trong môi trường số,"Mục 1.a, Trang 10 SGK",LM-SGK-TIN8-0001#F0027,SGK,Bài 2. Thông tin trong môi trường số,12,shared/learning_resources/ocr_text/sgk_tin_hoc_8/tin_8_bai_2/tin_8_bai_2.md,draft,Top-1 từ SQLite FTS theo câu hỏi và metadata bài học.,false,
HNMU-G8-R0017-STT2,8,Bài 2. Thông tin trong môi trường số,"Mục 1.a, Trang 11 SGK",LM-SGK-TIN8-0001#F0020,SGK,Bài 2. Thông tin trong môi trường số,10,shared/learning_resources/ocr_text/sgk_tin_hoc_8/tin_8_bai_2/tin_8_bai_2.md,draft,Top-1 từ SQLite FTS theo tên bài học.,false,
HNMU-G8-R0018-STT3,8,Bài 2. Thông tin trong môi trường số,"Mục 2, Trang 12 SGK",LM-SGK-TIN8-0001#F0028,SGK,Bài 2. Thông tin trong môi trường số,13,shared/learning_resources/ocr_text/sgk_tin_hoc_8/tin_8_bai_2/tin_8_bai_2.md,draft,Top-1 từ SQLite FTS theo đáp án SGV và metadata bài học.,false,
HNMU-G8-R0019-STT4,8,Bài 2. Thông tin trong môi trường số,"Mục 2, Trang 12- 13 SGK",LM-SGK-TIN8-0001#F0020,SGK,Bài 2. Thông tin trong môi trường số,10,shared/learning_resources/ocr_text/sgk_tin_hoc_8/tin_8_bai_2/tin_8_bai_2.md,draft,Top-1 từ SQLite FTS theo tên bài học.,false,
HNMU-G8-R0020-STT5,8,Bài 2. Thông tin trong môi trường số,Mục 1 Trang 11 SGK,LM-SGK-TIN8-0001#F0020,SGK,Bài 2. Thông tin trong môi trường số,10,shared/learning_resources/ocr_text/sgk_tin_hoc_8/tin_8_bai_2/tin_8_bai_2.md,draft,Top-1 từ SQLite FTS theo tên bài học.,false,
HNMU-G8-R0021-STT6,8,Bài 2. Thông tin trong môi trường số,"Hoạt động 2, Trang 11 SGK",LM-SGK-TIN8-0001#F0020,SGK,Bài 2. Thông tin trong môi trường số,10,shared/learning_resources/ocr_text/sgk_tin_hoc_8/tin_8_bai_2/tin_8_bai_2.md,draft,Top-1 từ SQLite FTS theo tên bài học.,false,
HNMU-G8-R0022-STT7,8,Bài 2. Thông tin trong môi trường số,"Mục 2, Trang 13 SGK",LM-SGK-TIN8-0001#F0020,SGK,Bài 2. Thông tin trong môi trường số,10,shared/learning_resources/ocr_text/sgk_tin_hoc_8/tin_8_bai_2/tin_8_bai_2.md,draft,Top-1 từ SQLite FTS theo tên bài học.,false,
HNMU-G8-R0023-STT8,8,Bài 2. Thông tin trong môi trường số,"Mục 2, Trang 13 SGK",LM-SGK-TIN8-0001#F0020,SGK,Bài 2. Thông tin trong môi trường số,10,shared/learning_resources/ocr_text/sgk_tin_hoc_8/tin_8_bai_2/tin_8_bai_2.md,draft,Top-1 từ SQLite FTS theo tên bài học.,false,
HNMU-G8-R0024-STT9,8,Bài 2. Thông tin trong môi trường số,"Mục 2, Trang 12 SGK",LM-SGK-TIN8-0001#F0020,SGK,Bài 2. Thông tin trong môi trường số,10,shared/learning_resources/ocr_text/sgk_tin_hoc_8/tin_8_bai_2/tin_8_bai_2.md,draft,Top-1 từ SQLite FTS theo tên bài học.,false,
HNMU-G8-R0025-STT10,8,Bài 2. Thông tin trong môi trường số,"Lưu ý, Trang 29 SGV",LM-SGV-TIN8-4923610683#F0083,SGV,Bài 2. THÔNG TIN TRONG MÔI TRƯỜNG SỐ,28,shared/learning_resources/ocr_text/sgv_tin_hoc_8/sgv_tin_8_bai_2/sgv_tin_8_bai_2.md,draft,Top-1 từ SQLite FTS theo tên bài học.,false,
HNMU-G8-R0026-STT11,8,Bài 2. Thông tin trong môi trường số,Tình huống vận dụng,LM-SGV-TIN8-4923610683#F0083,SGV,Bài 2. THÔNG TIN TRONG MÔI TRƯỜNG SỐ,28,shared/learning_resources/ocr_text/sgv_tin_hoc_8/sgv_tin_8_bai_2/sgv_tin_8_bai_2.md,draft,Top-1 từ SQLite FTS theo tên bài học.,false,
HNMU-G8-R0027-STT12,8,Bài 2. Thông tin trong môi trường số,"Luyện tập 2, Trang 13 SGK",LM-SGK-TIN8-0001#F0020,SGK,Bài 2. Thông tin trong môi trường số,10,shared/learning_resources/ocr_text/sgk_tin_hoc_8/tin_8_bai_2/tin_8_bai_2.md,draft,Top-1 từ SQLite FTS theo tên bài học.,false,
HNMU-G8-R0028-STT13,8,Bài 2. Thông tin trong môi trường số,"Vận dụng 1, Trang 13 SGK",LM-SGK-TIN8-0001#F0020,SGK,Bài 2. Thông tin trong môi trường số,10,shared/learning_resources/ocr_text/sgk_tin_hoc_8/tin_8_bai_2/tin_8_bai_2.md,draft,Top-1 từ SQLite FTS theo tên bài học.,false,
HNMU-G8-R0029-STT14,8,Bài 2. Thông tin trong môi trường số,"Vận dụng 3, Trang 13 SGK",LM-SGK-TIN8-0001#F0020,SGK,Bài 2. Thông tin trong môi trường số,10,shared/learning_resources/ocr_text/sgk_tin_hoc_8/tin_8_bai_2/tin_8_bai_2.md,draft,Top-1 từ SQLite FTS theo tên bài học.,false,
HNMU-G8-R0030-STT1,8,Bài 3. Thực hành: Khai thác thông tin số,"Nhiệm vụ 1, Trang 14 SGK",LM-SGK-TIN8-0001#F0035,SGK,Bài 3. Thực hành: Khai thác thông tin số,15,shared/learning_resources/ocr_text/sgk_tin_hoc_8/tin_8_bai_3/tin_8_bai_3.md,draft,Top-1 từ SQLite FTS theo tên bài học.,false,
HNMU-G8-R0031-STT2,8,Bài 3. Thực hành: Khai thác thông tin số,"Nhiệm vụ 2, Trang 16 SGK",LM-SGK-TIN8-0001#F0035,SGK,Bài 3. Thực hành: Khai thác thông tin số,15,shared/learning_resources/ocr_text/sgk_tin_hoc_8/tin_8_bai_3/tin_8_bai_3.md,draft,Top-1 từ SQLite FTS theo tên bài học.,false,
HNMU-G8-R0032-STT3,8,Bài 3. Thực hành: Khai thác thông tin số,"Nhiệm vụ 3, Trang 16-17 SGK",LM-SGK-TIN8-0001#F0035,SGK,Bài 3. Thực hành: Khai thác thông tin số,15,shared/learning_resources/ocr_text/sgk_tin_hoc_8/tin_8_bai_3/tin_8_bai_3.md,draft,Top-1 từ SQLite FTS theo tên bài học.,false,
HNMU-G8-R0033-STT4,8,Bài 3. Thực hành: Khai thác thông tin số,"Nhiệm vụ 1, Trang 14 SGK",LM-SGK-TIN8-0001#F0035,SGK,Bài 3. Thực hành: Khai thác thông tin số,15,shared/learning_resources/ocr_text/sgk_tin_hoc_8/tin_8_bai_3/tin_8_bai_3.md,draft,Top-1 từ SQLite FTS theo tên bài học.,false,
HNMU-G8-R0034-STT5,8,Bài 3. Thực hành: Khai thác thông tin số,"Nhiệm vụ 2, Trang 15 SGK",LM-SGK-TIN8-0001#F0035,SGK,Bài 3. Thực hành: Khai thác thông tin số,15,shared/learning_resources/ocr_text/sgk_tin_hoc_8/tin_8_bai_3/tin_8_bai_3.md,draft,Top-1 từ SQLite FTS theo tên bài học.,false,
HNMU-G8-R0035-STT6,8,Bài 3. Thực hành: Khai thác thông tin số,"Nhiệm vụ 2, Trang 17 SGK",LM-SGK-TIN8-0001#F0035,SGK,Bài 3. Thực hành: Khai thác thông tin số,15,shared/learning_resources/ocr_text/sgk_tin_hoc_8/tin_8_bai_3/tin_8_bai_3.md,draft,Top-1 từ SQLite FTS theo tên bài học.,false,
HNMU-G8-R0036-STT7,8,Bài 3. Thực hành: Khai thác thông tin số,"Luyện tập 1, Trang 17 SGK",LM-SGK-TIN8-0001#F0035,SGK,Bài 3. Thực hành: Khai thác thông tin số,15,shared/learning_resources/ocr_text/sgk_tin_hoc_8/tin_8_bai_3/tin_8_bai_3.md,draft,Top-1 từ SQLite FTS theo tên bài học.,false,
HNMU-G8-R0037-STT8,8,Bài 3. Thực hành: Khai thác thông tin số,Vận dụng thực tế,LM-SGK-TIN8-0001#F0035,SGK,Bài 3. Thực hành: Khai thác thông tin số,15,shared/learning_resources/ocr_text/sgk_tin_hoc_8/tin_8_bai_3/tin_8_bai_3.md,draft,Top-1 từ SQLite FTS theo tên bài học.,false,
HNMU-G8-R0038-STT9,8,Bài 3. Thực hành: Khai thác thông tin số,"Lưu ý, Trang 30 SGV",LM-SGV-TIN8-4923610683#F0096,SGV,Bài 3. THỰC HÀNH: KHAI THÁC THÔNG TIN SỐ,31,shared/learning_resources/ocr_text/sgv_tin_hoc_8/sgv_tin_8_bai_3/sgv_tin_8_bai_3.md,draft,Top-1 từ SQLite FTS theo tên bài học.,false,
HNMU-G8-R0039-STT10,8,Bài 3. Thực hành: Khai thác thông tin số,"Nhiệm vụ 3, Trang 17 SGK",LM-SGK-TIN8-0001#F0035,SGK,Bài 3. Thực hành: Khai thác thông tin số,15,shared/learning_resources/ocr_text/sgk_tin_hoc_8/tin_8_bai_3/tin_8_bai_3.md,draft,Top-1 từ SQLite FTS theo tên bài học.,false,
HNMU-G8-R0040-STT11,8,Bài 3. Thực hành: Khai thác thông tin số,"Nhiệm vụ 1, Bước 2, Trang 15 SGK",LM-SGK-TIN8-0001#F0035,SGK,Bài 3. Thực hành: Khai thác thông tin số,15,shared/learning_resources/ocr_text/sgk_tin_hoc_8/tin_8_bai_3/tin_8_bai_3.md,draft,Top-1 từ SQLite FTS theo tên bài học.,false,
HNMU-G8-R0041-STT12,8,Bài 3. Thực hành: Khai thác thông tin số,"Nhiệm vụ 2, Trang 16 SGK",LM-SGK-TIN8-0001#F0035,SGK,Bài 3. Thực hành: Khai thác thông tin số,15,shared/learning_resources/ocr_text/sgk_tin_hoc_8/tin_8_bai_3/tin_8_bai_3.md,draft,Top-1 từ SQLite FTS theo tên bài học.,false,
HNMU-G8-R0042-STT13,8,Bài 3. Thực hành: Khai thác thông tin số,"Luyện tập 2, Trang 17 SGK",LM-SGK-TIN8-0001#F0048,SGK,Bài 3. Thực hành: Khai thác thông tin số,17,shared/learning_resources/ocr_text/sgk_tin_hoc_8/tin_8_bai_3/tin_8_bai_3.md,draft,Top-1 từ SQLite FTS theo đáp án SGV và metadata bài học.,false,
HNMU-G8-R0043-STT14,8,Bài 3. Thực hành: Khai thác thông tin số,"Vận dụng 1, Trang 17 SGK",LM-SGK-TIN8-0001#F0035,SGK,Bài 3. Thực hành: Khai thác thông tin số,15,shared/learning_resources/ocr_text/sgk_tin_hoc_8/tin_8_bai_3/tin_8_bai_3.md,draft,Top-1 từ SQLite FTS theo tên bài học.,false,
HNMU-G8-R0044-STT1,8,Bài 4. Đạo đức và văn hoá trong sử dụng công nghệ kĩ thuật số,"Mục 1, Trang 18 SGK",LM-SGK-TIN8-0001#F0054,SGK,Bài 4. Đạo đức và văn hoá trong sử dụng công nghệ kĩ thuật số,20,shared/learning_resources/ocr_text/sgk_tin_hoc_8/tin_8_bai_4/tin_8_bai_4.md,draft,Top-1 từ SQLite FTS theo câu hỏi và metadata bài học.,false,
HNMU-G8-R0045-STT2,8,Bài 4. Đạo đức và văn hoá trong sử dụng công nghệ kĩ thuật số,"Mục 2, Trang 19 SGK",LM-SGK-TIN8-0001#F0056,SGK,Bài 4. Đạo đức và văn hoá trong sử dụng công nghệ kĩ thuật số,20,shared/learning_resources/ocr_text/sgk_tin_hoc_8/tin_8_bai_4/tin_8_bai_4.md,draft,Top-1 từ SQLite FTS theo tên bài học.,false,
HNMU-G8-R0046-STT3,8,Bài 4. Đạo đức và văn hoá trong sử dụng công nghệ kĩ thuật số,"Mục 1, Trang 18 SGK",LM-SGK-TIN8-0001#F0056,SGK,Bài 4. Đạo đức và văn hoá trong sử dụng công nghệ kĩ thuật số,20,shared/learning_resources/ocr_text/sgk_tin_hoc_8/tin_8_bai_4/tin_8_bai_4.md,draft,Top-1 từ SQLite FTS theo tên bài học.,false,
HNMU-G8-R0047-STT4,8,Bài 4. Đạo đức và văn hoá trong sử dụng công nghệ kĩ thuật số,"Mục 2, Trang 19-20 SGK",LM-SGK-TIN8-0001#F0056,SGK,Bài 4. Đạo đức và văn hoá trong sử dụng công nghệ kĩ thuật số,20,shared/learning_resources/ocr_text/sgk_tin_hoc_8/tin_8_bai_4/tin_8_bai_4.md,draft,Top-1 từ SQLite FTS theo tên bài học.,false,
HNMU-G8-R0048-STT5,8,Bài 4. Đạo đức và văn hoá trong sử dụng công nghệ kĩ thuật số,"Mục 1, Trang 19 SGK",LM-SGK-TIN8-0001#F0056,SGK,Bài 4. Đạo đức và văn hoá trong sử dụng công nghệ kĩ thuật số,20,shared/learning_resources/ocr_text/sgk_tin_hoc_8/tin_8_bai_4/tin_8_bai_4.md,draft,Top-1 từ SQLite FTS theo tên bài học.,false,
HNMU-G8-R0049-STT6,8,Bài 4. Đạo đức và văn hoá trong sử dụng công nghệ kĩ thuật số,"Mục 2, Trang 19 SGK",LM-SGK-TIN8-0001#F0056,SGK,Bài 4. Đạo đức và văn hoá trong sử dụng công nghệ kĩ thuật số,20,shared/learning_resources/ocr_text/sgk_tin_hoc_8/tin_8_bai_4/tin_8_bai_4.md,draft,Top-1 từ SQLite FTS theo tên bài học.,false,
HNMU-G8-R0050-STT7,8,Bài 4. Đạo đức và văn hoá trong sử dụng công nghệ kĩ thuật số,"Mục 1, Trang 19 SGK",LM-SGK-TIN8-0001#F0056,SGK,Bài 4. Đạo đức và văn hoá trong sử dụng công nghệ kĩ thuật số,20,shared/learning_resources/ocr_text/sgk_tin_hoc_8/tin_8_bai_4/tin_8_bai_4.md,draft,Top-1 từ SQLite FTS theo tên bài học.,false,
HNMU-G8-R0051-STT8,8,Bài 4. Đạo đức và văn hoá trong sử dụng công nghệ kĩ thuật số,"Mục 1, Trang 19 SGK",LM-SGK-TIN8-0001#F0056,SGK,Bài 4. Đạo đức và văn hoá trong sử dụng công nghệ kĩ thuật số,20,shared/learning_resources/ocr_text/sgk_tin_hoc_8/tin_8_bai_4/tin_8_bai_4.md,draft,Top-1 từ SQLite FTS theo tên bài học.,false,
HNMU-G8-R0052-STT9,8,Bài 4. Đạo đức và văn hoá trong sử dụng công nghệ kĩ thuật số,"Mục 1, Trang 18 SGK",LM-SGK-TIN8-0001#F0056,SGK,Bài 4. Đạo đức và văn hoá trong sử dụng công nghệ kĩ thuật số,20,shared/learning_resources/ocr_text/sgk_tin_hoc_8/tin_8_bai_4/tin_8_bai_4.md,draft,Top-1 từ SQLite FTS theo tên bài học.,false,
HNMU-G8-R0053-STT10,8,Bài 4. Đạo đức và văn hoá trong sử dụng công nghệ kĩ thuật số,"Mục 1,Trang 18 SGK",LM-SGK-TIN8-0001#F0056,SGK,Bài 4. Đạo đức và văn hoá trong sử dụng công nghệ kĩ thuật số,20,shared/learning_resources/ocr_text/sgk_tin_hoc_8/tin_8_bai_4/tin_8_bai_4.md,draft,Top-1 từ SQLite FTS theo tên bài học.,false,
HNMU-G8-R0054-STT11,8,Bài 4. Đạo đức và văn hoá trong sử dụng công nghệ kĩ thuật số,Câu hỏi a. Trang 20,LM-SGK-TIN8-0001#F0054,SGK,Bài 4. Đạo đức và văn hoá trong sử dụng công nghệ kĩ thuật số,20,shared/learning_resources/ocr_text/sgk_tin_hoc_8/tin_8_bai_4/tin_8_bai_4.md,draft,Top-1 từ SQLite FTS theo câu hỏi và metadata bài học.,false,
HNMU-G8-R0055-STT12,8,Bài 4. Đạo đức và văn hoá trong sử dụng công nghệ kĩ thuật số,Vận dụng thực tế,LM-SGK-TIN8-0001#F0056,SGK,Bài 4. Đạo đức và văn hoá trong sử dụng công nghệ kĩ thuật số,20,shared/learning_resources/ocr_text/sgk_tin_hoc_8/tin_8_bai_4/tin_8_bai_4.md,draft,Top-1 từ SQLite FTS theo tên bài học.,false,
HNMU-G8-R0056-STT13,8,Bài 4. Đạo đức và văn hoá trong sử dụng công nghệ kĩ thuật số,Tình huống ứng dụng,LM-SGK-TIN8-0001#F0056,SGK,Bài 4. Đạo đức và văn hoá trong sử dụng công nghệ kĩ thuật số,20,shared/learning_resources/ocr_text/sgk_tin_hoc_8/tin_8_bai_4/tin_8_bai_4.md,draft,Top-1 từ SQLite FTS theo tên bài học.,false,
HNMU-G8-R0057-STT14,8,Bài 4. Đạo đức và văn hoá trong sử dụng công nghệ kĩ thuật số,Dự án học tập,LM-SGK-TIN8-0001#F0056,SGK,Bài 4. Đạo đức và văn hoá trong sử dụng công nghệ kĩ thuật số,20,shared/learning_resources/ocr_text/sgk_tin_hoc_8/tin_8_bai_4/tin_8_bai_4.md,draft,Top-1 từ SQLite FTS theo tên bài học.,false,
HNMU-G8-R0058-STT1,8,Bài 5: Sử dụng bảng tính giải quyết bài toán thực tế,"Mục 1, Trang 22 SGK",LM-SGK-TIN8-0001#F0062,SGK,Bài 5. Sử dụng bảng tính giải quyết bài toán thực tế,22,shared/learning_resources/ocr_text/sgk_tin_hoc_8/tin_8_bai_5/tin_8_bai_5.md,draft,Top-1 từ SQLite FTS theo câu hỏi và metadata bài học.,false,
HNMU-G8-R0059-STT2,8,Bài 5: Sử dụng bảng tính giải quyết bài toán thực tế,"Mục 2, Trang 23 SGK",LM-SGK-TIN8-0001#F0065,SGK,Bài 5. Sử dụng bảng tính giải quyết bài toán thực tế,23,shared/learning_resources/ocr_text/sgk_tin_hoc_8/tin_8_bai_5/tin_8_bai_5.md,draft,Top-1 từ SQLite FTS theo đáp án SGV và metadata bài học.,false,
HNMU-G8-R0060-STT3,8,Bài 5: Sử dụng bảng tính giải quyết bài toán thực tế,"Mục 2, Trang 23 SGK",LM-SGK-TIN8-0001#F0074,SGK,Bài 5. Sử dụng bảng tính giải quyết bài toán thực tế,25,shared/learning_resources/ocr_text/sgk_tin_hoc_8/tin_8_bai_5/tin_8_bai_5.md,draft,Top-1 từ SQLite FTS theo đáp án SGV và metadata bài học.,false,
HNMU-G8-R0061-STT4,8,Bài 5: Sử dụng bảng tính giải quyết bài toán thực tế,"Mục 2, Trang 23 SGK",LM-SGK-TIN8-0001#F0086,SGK,Bài 5. Sử dụng bảng tính giải quyết bài toán thực tế,26,shared/learning_resources/ocr_text/sgk_tin_hoc_8/tin_8_bai_5/tin_8_bai_5.md,draft,Top-1 từ SQLite FTS theo tên bài học.,false,
HNMU-G8-R0062-STT5,8,Bài 5: Sử dụng bảng tính giải quyết bài toán thực tế,"Mục 1, Trang 22 SGK",LM-SGK-TIN8-0001#F0065,SGK,Bài 5. Sử dụng bảng tính giải quyết bài toán thực tế,23,shared/learning_resources/ocr_text/sgk_tin_hoc_8/tin_8_bai_5/tin_8_bai_5.md,draft,Top-1 từ SQLite FTS theo câu hỏi và metadata bài học.,false,
HNMU-G8-R0063-STT6,8,Bài 5: Sử dụng bảng tính giải quyết bài toán thực tế,"Mục 2, Trang 23 SGK",LM-SGK-TIN8-0001#F0065,SGK,Bài 5. Sử dụng bảng tính giải quyết bài toán thực tế,23,shared/learning_resources/ocr_text/sgk_tin_hoc_8/tin_8_bai_5/tin_8_bai_5.md,draft,Top-1 từ SQLite FTS theo đáp án SGV và metadata bài học.,false,
HNMU-G8-R0064-STT7,8,Bài 5: Sử dụng bảng tính giải quyết bài toán thực tế,"Mục 2, Trang 23 SGK",LM-SGK-TIN8-0001#F0086,SGK,Bài 5. Sử dụng bảng tính giải quyết bài toán thực tế,26,shared/learning_resources/ocr_text/sgk_tin_hoc_8/tin_8_bai_5/tin_8_bai_5.md,draft,Top-1 từ SQLite FTS theo tên bài học.,false,
HNMU-G8-R0065-STT8,8,Bài 5: Sử dụng bảng tính giải quyết bài toán thực tế,"Luyện tập 2, Trang 26 SGK",LM-SGK-TIN8-0001#F0086,SGK,Bài 5. Sử dụng bảng tính giải quyết bài toán thực tế,26,shared/learning_resources/ocr_text/sgk_tin_hoc_8/tin_8_bai_5/tin_8_bai_5.md,draft,Top-1 từ SQLite FTS theo tên bài học.,false,
HNMU-G8-R0066-STT9,8,Bài 5: Sử dụng bảng tính giải quyết bài toán thực tế,"Mục 1, Trang 22 SGK",LM-SGK-TIN8-0001#F0086,SGK,Bài 5. Sử dụng bảng tính giải quyết bài toán thực tế,26,shared/learning_resources/ocr_text/sgk_tin_hoc_8/tin_8_bai_5/tin_8_bai_5.md,draft,Top-1 từ SQLite FTS theo tên bài học.,false,
HNMU-G8-R0067-STT10,8,Bài 5: Sử dụng bảng tính giải quyết bài toán thực tế,"Mục 1, Trang 22 SGK",LM-SGK-TIN8-0001#F0086,SGK,Bài 5. Sử dụng bảng tính giải quyết bài toán thực tế,26,shared/learning_resources/ocr_text/sgk_tin_hoc_8/tin_8_bai_5/tin_8_bai_5.md,draft,Top-1 từ SQLite FTS theo tên bài học.,false,
HNMU-G8-R0068-STT11,8,Bài 5: Sử dụng bảng tính giải quyết bài toán thực tế,"Nhiệm vụ 1, Trang 23 SGK",LM-SGK-TIN8-0001#F0086,SGK,Bài 5. Sử dụng bảng tính giải quyết bài toán thực tế,26,shared/learning_resources/ocr_text/sgk_tin_hoc_8/tin_8_bai_5/tin_8_bai_5.md,draft,Top-1 từ SQLite FTS theo tên bài học.,false,
HNMU-G8-R0069-STT12,8,Bài 5: Sử dụng bảng tính giải quyết bài toán thực tế,"Luyện tập 2f, Trang 26 SGK",LM-SGK-TIN8-0001#F0075,SGK,Bài 5. Sử dụng bảng tính giải quyết bài toán thực tế,25,shared/learning_resources/ocr_text/sgk_tin_hoc_8/tin_8_bai_5/tin_8_bai_5.md,draft,Top-1 từ SQLite FTS theo đáp án SGV và metadata bài học.,false,
HNMU-G8-R0070-STT13,8,Bài 5: Sử dụng bảng tính giải quyết bài toán thực tế,"Luyện tập 2, Trang 26 SGK",LM-SGK-TIN8-0001#F0086,SGK,Bài 5. Sử dụng bảng tính giải quyết bài toán thực tế,26,shared/learning_resources/ocr_text/sgk_tin_hoc_8/tin_8_bai_5/tin_8_bai_5.md,draft,Top-1 từ SQLite FTS theo tên bài học.,false,
HNMU-G8-R0071-STT14,8,Bài 5: Sử dụng bảng tính giải quyết bài toán thực tế,"Vận dụng, Trang 26 SGK",LM-SGK-TIN8-0001#F0086,SGK,Bài 5. Sử dụng bảng tính giải quyết bài toán thực tế,26,shared/learning_resources/ocr_text/sgk_tin_hoc_8/tin_8_bai_5/tin_8_bai_5.md,draft,Top-1 từ SQLite FTS theo tên bài học.,false,
HNMU-G8-R0072-STT1,8,Bài 6. Săp xếp và lọc dữ liệu,"Mục 2, Trang 28 SGK",LM-SGK-TIN8-0001#F0088,SGK,Bài 6. Sắp xếp và lọc dữ liệu,27,shared/learning_resources/ocr_text/sgk_tin_hoc_8/tin_8_bai_6/tin_8_bai_6.md,draft,Fallback trực tiếp theo grade + lesson_key + material_type nếu có.,false,
HNMU-G8-R0073-STT2,8,Bài 6. Săp xếp và lọc dữ liệu,"Mục 3, Trang 29 SGK",LM-SGK-TIN8-0001#F0088,SGK,Bài 6. Sắp xếp và lọc dữ liệu,27,shared/learning_resources/ocr_text/sgk_tin_hoc_8/tin_8_bai_6/tin_8_bai_6.md,draft,Fallback trực tiếp theo grade + lesson_key + material_type nếu có.,false,
HNMU-G8-R0074-STT3,8,Bài 6. Săp xếp và lọc dữ liệu,"Hình 6.3, Trang 28 SGK",LM-SGK-TIN8-0001#F0088,SGK,Bài 6. Sắp xếp và lọc dữ liệu,27,shared/learning_resources/ocr_text/sgk_tin_hoc_8/tin_8_bai_6/tin_8_bai_6.md,draft,Fallback trực tiếp theo grade + lesson_key + material_type nếu có.,false,
HNMU-G8-R0075-STT4,8,Bài 6. Săp xếp và lọc dữ liệu,"Mục 2, Trang 30 SGK",LM-SGK-TIN8-0001#F0088,SGK,Bài 6. Sắp xếp và lọc dữ liệu,27,shared/learning_resources/ocr_text/sgk_tin_hoc_8/tin_8_bai_6/tin_8_bai_6.md,draft,Fallback trực tiếp theo grade + lesson_key + material_type nếu có.,false,
HNMU-G8-R0076-STT5,8,Bài 6. Săp xếp và lọc dữ liệu,"Hoạt động 1, Trang 27 SGK",LM-SGK-TIN8-0001#F0088,SGK,Bài 6. Sắp xếp và lọc dữ liệu,27,shared/learning_resources/ocr_text/sgk_tin_hoc_8/tin_8_bai_6/tin_8_bai_6.md,draft,Fallback trực tiếp theo grade + lesson_key + material_type nếu có.,false,
HNMU-G8-R0077-STT6,8,Bài 6. Săp xếp và lọc dữ liệu,"Mục 2, Trang 29 SGK",LM-SGK-TIN8-0001#F0088,SGK,Bài 6. Sắp xếp và lọc dữ liệu,27,shared/learning_resources/ocr_text/sgk_tin_hoc_8/tin_8_bai_6/tin_8_bai_6.md,draft,Fallback trực tiếp theo grade + lesson_key + material_type nếu có.,false,
HNMU-G8-R0078-STT7,8,Bài 6. Săp xếp và lọc dữ liệu,"Mục 3, Trang 30 SGK",LM-SGK-TIN8-0001#F0088,SGK,Bài 6. Sắp xếp và lọc dữ liệu,27,shared/learning_resources/ocr_text/sgk_tin_hoc_8/tin_8_bai_6/tin_8_bai_6.md,draft,Fallback trực tiếp theo grade + lesson_key + material_type nếu có.,false,
HNMU-G8-R0079-STT8,8,Bài 6. Săp xếp và lọc dữ liệu,"Mục 3, Trang 30 SGK",LM-SGK-TIN8-0001#F0088,SGK,Bài 6. Sắp xếp và lọc dữ liệu,27,shared/learning_resources/ocr_text/sgk_tin_hoc_8/tin_8_bai_6/tin_8_bai_6.md,draft,Fallback trực tiếp theo grade + lesson_key + material_type nếu có.,false,
HNMU-G8-R0080-STT9,8,Bài 6. Săp xếp và lọc dữ liệu,"Mục 2, Trang 29 SGK",LM-SGK-TIN8-0001#F0088,SGK,Bài 6. Sắp xếp và lọc dữ liệu,27,shared/learning_resources/ocr_text/sgk_tin_hoc_8/tin_8_bai_6/tin_8_bai_6.md,draft,Fallback trực tiếp theo grade + lesson_key + material_type nếu có.,false,
HNMU-G8-R0081-STT10,8,Bài 6. Săp xếp và lọc dữ liệu,"Mục 3, Trang 30 SGK",LM-SGK-TIN8-0001#F0088,SGK,Bài 6. Sắp xếp và lọc dữ liệu,27,shared/learning_resources/ocr_text/sgk_tin_hoc_8/tin_8_bai_6/tin_8_bai_6.md,draft,Fallback trực tiếp theo grade + lesson_key + material_type nếu có.,false,
HNMU-G8-R0082-STT11,8,Bài 6. Săp xếp và lọc dữ liệu,"Luyện tập (b), Trang 31 SGK",LM-SGK-TIN8-0001#F0088,SGK,Bài 6. Sắp xếp và lọc dữ liệu,27,shared/learning_resources/ocr_text/sgk_tin_hoc_8/tin_8_bai_6/tin_8_bai_6.md,draft,Fallback trực tiếp theo grade + lesson_key + material_type nếu có.,false,
HNMU-G8-R0083-STT12,8,Bài 6. Săp xếp và lọc dữ liệu,"Luyện tập (d), Trang 31 SGK",LM-SGK-TIN8-0001#F0088,SGK,Bài 6. Sắp xếp và lọc dữ liệu,27,shared/learning_resources/ocr_text/sgk_tin_hoc_8/tin_8_bai_6/tin_8_bai_6.md,draft,Fallback trực tiếp theo grade + lesson_key + material_type nếu có.,false,
HNMU-G8-R0084-STT13,8,Bài 6. Săp xếp và lọc dữ liệu,"Luyện tập (c), Trang 31 SGK",LM-SGK-TIN8-0001#F0113,SGK,Bài 6. Sắp xếp và lọc dữ liệu,31,shared/learning_resources/ocr_text/sgk_tin_hoc_8/tin_8_bai_6/tin_8_bai_6.md,draft,Top-1 từ SQLite FTS theo câu hỏi và metadata bài học.,false,
HNMU-G8-R0085-STT14,8,Bài 6. Săp xếp và lọc dữ liệu,"Vận dụng, Trang 31 SGK",LM-SGK-TIN8-0001#F0116,SGK,Bài 6. Sắp xếp và lọc dữ liệu,31,shared/learning_resources/ocr_text/sgk_tin_hoc_8/tin_8_bai_6/tin_8_bai_6.md,draft,Top-1 từ SQLite FTS theo câu hỏi và metadata bài học.,false,
HNMU-G8-R0086-STT1,8,Bài 7. Trình bày dữ liệu bằng biểu đồ,"Mục 1, Trang 33 SGK",LM-SGK-TIN8-0001#F0120,SGK,Bài 7. Trình bày dữ liệu bằng biểu đồ,32,shared/learning_resources/ocr_text/sgk_tin_hoc_8/tin_8_bai_7/tin_8_bai_7.md,draft,Top-1 từ SQLite FTS theo đáp án SGV và metadata bài học.,false,
HNMU-G8-R0087-STT2,8,Bài 7. Trình bày dữ liệu bằng biểu đồ,"Mục 1, Trang 32-33 SGK",LM-SGK-TIN8-0001#F0119,SGK,Bài 7. Trình bày dữ liệu bằng biểu đồ,32,shared/learning_resources/ocr_text/sgk_tin_hoc_8/tin_8_bai_7/tin_8_bai_7.md,draft,Top-1 từ SQLite FTS theo tên bài học.,false,
HNMU-G8-R0088-STT3,8,Bài 7. Trình bày dữ liệu bằng biểu đồ,"Mục 1, Trang 32 SGK",LM-SGK-TIN8-0001#F0120,SGK,Bài 7. Trình bày dữ liệu bằng biểu đồ,32,shared/learning_resources/ocr_text/sgk_tin_hoc_8/tin_8_bai_7/tin_8_bai_7.md,draft,Top-1 từ SQLite FTS theo đáp án SGV và metadata bài học.,false,
HNMU-G8-R0089-STT4,8,Bài 7. Trình bày dữ liệu bằng biểu đồ,"Mục 1, Trang 33 SGK",LM-SGK-TIN8-0001#F0119,SGK,Bài 7. Trình bày dữ liệu bằng biểu đồ,32,shared/learning_resources/ocr_text/sgk_tin_hoc_8/tin_8_bai_7/tin_8_bai_7.md,draft,Top-1 từ SQLite FTS theo tên bài học.,false,
HNMU-G8-R0090-STT5,8,Bài 7. Trình bày dữ liệu bằng biểu đồ,"Hoạt động 1, Trang 32 SGK",LM-SGK-TIN8-0001#F0119,SGK,Bài 7. Trình bày dữ liệu bằng biểu đồ,32,shared/learning_resources/ocr_text/sgk_tin_hoc_8/tin_8_bai_7/tin_8_bai_7.md,draft,Top-1 từ SQLite FTS theo tên bài học.,false,
HNMU-G8-R0091-STT6,8,Bài 7. Trình bày dữ liệu bằng biểu đồ,"Mục 1, Trang 33 SGK",LM-SGK-TIN8-0001#F0119,SGK,Bài 7. Trình bày dữ liệu bằng biểu đồ,32,shared/learning_resources/ocr_text/sgk_tin_hoc_8/tin_8_bai_7/tin_8_bai_7.md,draft,Top-1 từ SQLite FTS theo tên bài học.,false,
HNMU-G8-R0092-STT7,8,Bài 7. Trình bày dữ liệu bằng biểu đồ,"Lưu ý, Trang 35 SGK",LM-SGK-TIN8-0001#F0119,SGK,Bài 7. Trình bày dữ liệu bằng biểu đồ,32,shared/learning_resources/ocr_text/sgk_tin_hoc_8/tin_8_bai_7/tin_8_bai_7.md,draft,Top-1 từ SQLite FTS theo tên bài học.,false,
HNMU-G8-R0093-STT8,8,Bài 7. Trình bày dữ liệu bằng biểu đồ,"Hình 7.2, Trang 32 SGK",LM-SGK-TIN8-0001#F0119,SGK,Bài 7. Trình bày dữ liệu bằng biểu đồ,32,shared/learning_resources/ocr_text/sgk_tin_hoc_8/tin_8_bai_7/tin_8_bai_7.md,draft,Top-1 từ SQLite FTS theo tên bài học.,false,
HNMU-G8-R0094-STT9,8,Bài 7. Trình bày dữ liệu bằng biểu đồ,"Kiến thức mới, Trang 32",LM-SGK-TIN8-0001#F0119,SGK,Bài 7. Trình bày dữ liệu bằng biểu đồ,32,shared/learning_resources/ocr_text/sgk_tin_hoc_8/tin_8_bai_7/tin_8_bai_7.md,draft,Top-1 từ SQLite FTS theo tên bài học.,false,
HNMU-G8-R0095-STT10,8,Bài 7. Trình bày dữ liệu bằng biểu đồ,"Mục 1, Trang 32 SGK",LM-SGK-TIN8-0001#F0119,SGK,Bài 7. Trình bày dữ liệu bằng biểu đồ,32,shared/learning_resources/ocr_text/sgk_tin_hoc_8/tin_8_bai_7/tin_8_bai_7.md,draft,Top-1 từ SQLite FTS theo tên bài học.,false,
HNMU-G8-R0096-STT11,8,Bài 7. Trình bày dữ liệu bằng biểu đồ,"Luyện tập 1.a, Trang 35",LM-SGK-TIN8-0001#F0122,SGK,Bài 7. Trình bày dữ liệu bằng biểu đồ,33,shared/learning_resources/ocr_text/sgk_tin_hoc_8/tin_8_bai_7/tin_8_bai_7.md,draft,Top-1 từ SQLite FTS theo đáp án SGV và metadata bài học.,false,
HNMU-G8-R0097-STT12,8,Bài 7. Trình bày dữ liệu bằng biểu đồ,"Luyện tập 1.b, Trang 35",LM-SGK-TIN8-0001#F0119,SGK,Bài 7. Trình bày dữ liệu bằng biểu đồ,32,shared/learning_resources/ocr_text/sgk_tin_hoc_8/tin_8_bai_7/tin_8_bai_7.md,draft,Top-1 từ SQLite FTS theo tên bài học.,false,
HNMU-G8-R0098-STT13,8,Bài 7. Trình bày dữ liệu bằng biểu đồ,"Luyện tập 2, Trang 35 SGK",LM-SGK-TIN8-0001#F0119,SGK,Bài 7. Trình bày dữ liệu bằng biểu đồ,32,shared/learning_resources/ocr_text/sgk_tin_hoc_8/tin_8_bai_7/tin_8_bai_7.md,draft,Top-1 từ SQLite FTS theo tên bài học.,false,
HNMU-G8-R0099-STT14,8,Bài 7. Trình bày dữ liệu bằng biểu đồ,"Vận dụng, Trang 35 SGK",LM-SGK-TIN8-0001#F0119,SGK,Bài 7. Trình bày dữ liệu bằng biểu đồ,32,shared/learning_resources/ocr_text/sgk_tin_hoc_8/tin_8_bai_7/tin_8_bai_7.md,draft,Top-1 từ SQLite FTS theo tên bài học.,false,
HNMU-G8-R0100-STT1,8,Bài 8a. Làm việc với danh sách dạng liệt kê và hình ảnh trong văn bản,"Mục 1. Danh sách dạng liệt kê (Trang 36, SGK)",LM-SGK-TIN8-0001#F0135,SGK,Bài 8A. Làm việc với danh sách dạng liệt kê và hình ảnh trong văn bản,36,shared/learning_resources/ocr_text/sgk_tin_hoc_8/tin_8_bai_8a/tin_8_bai_8a.md,draft,Top-1 từ SQLite FTS theo tên bài học.,false,
HNMU-G8-R0101-STT2,8,Bài 8a. Làm việc với danh sách dạng liệt kê và hình ảnh trong văn bản,"Hoạt động 1 (Trang 36, SGK)",LM-SGK-TIN8-0001#F0135,SGK,Bài 8A. Làm việc với danh sách dạng liệt kê và hình ảnh trong văn bản,36,shared/learning_resources/ocr_text/sgk_tin_hoc_8/tin_8_bai_8a/tin_8_bai_8a.md,draft,Top-1 từ SQLite FTS theo tên bài học.,false,
HNMU-G8-R0102-STT3,8,Bài 8a. Làm việc với danh sách dạng liệt kê và hình ảnh trong văn bản,"Mục 2. Làm việc với hình ảnh minh hoạ (Trang 38, SGK)",LM-SGK-TIN8-0001#F0135,SGK,Bài 8A. Làm việc với danh sách dạng liệt kê và hình ảnh trong văn bản,36,shared/learning_resources/ocr_text/sgk_tin_hoc_8/tin_8_bai_8a/tin_8_bai_8a.md,draft,Top-1 từ SQLite FTS theo tên bài học.,false,
HNMU-G8-R0103-STT4,8,Bài 8a. Làm việc với danh sách dạng liệt kê và hình ảnh trong văn bản,"Mục 2. Vẽ hình đồ hoạ (Trang 38, SGK)",LM-SGK-TIN8-0001#F0135,SGK,Bài 8A. Làm việc với danh sách dạng liệt kê và hình ảnh trong văn bản,36,shared/learning_resources/ocr_text/sgk_tin_hoc_8/tin_8_bai_8a/tin_8_bai_8a.md,draft,Top-1 từ SQLite FTS theo tên bài học.,false,
HNMU-G8-R0104-STT5,8,Bài 8a. Làm việc với danh sách dạng liệt kê và hình ảnh trong văn bản,"Câu hỏi Củng cố (Trang 38, SGK)",LM-SGK-TIN8-0001#F0135,SGK,Bài 8A. Làm việc với danh sách dạng liệt kê và hình ảnh trong văn bản,36,shared/learning_resources/ocr_text/sgk_tin_hoc_8/tin_8_bai_8a/tin_8_bai_8a.md,draft,Top-1 từ SQLite FTS theo tên bài học.,false,
HNMU-G8-R0105-STT6,8,Bài 8a. Làm việc với danh sách dạng liệt kê và hình ảnh trong văn bản,"Mục 1. Danh sách dạng liệt kê (Trang 36, SGK - Câu hỏi sinh thêm)",LM-SGK-TIN8-0001#F0135,SGK,Bài 8A. Làm việc với danh sách dạng liệt kê và hình ảnh trong văn bản,36,shared/learning_resources/ocr_text/sgk_tin_hoc_8/tin_8_bai_8a/tin_8_bai_8a.md,draft,Top-1 từ SQLite FTS theo tên bài học.,false,
HNMU-G8-R0106-STT7,8,Bài 8a. Làm việc với danh sách dạng liệt kê và hình ảnh trong văn bản,"Mục 2. Nhiệm vụ 2 (Trang 40, SGK)",LM-SGK-TIN8-0001#F0135,SGK,Bài 8A. Làm việc với danh sách dạng liệt kê và hình ảnh trong văn bản,36,shared/learning_resources/ocr_text/sgk_tin_hoc_8/tin_8_bai_8a/tin_8_bai_8a.md,draft,Top-1 từ SQLite FTS theo tên bài học.,false,
HNMU-G8-R0107-STT8,8,Bài 8a. Làm việc với danh sách dạng liệt kê và hình ảnh trong văn bản,"Mục 2. Nhiệm vụ 2 (Trang 40, SGK)",LM-SGK-TIN8-0001#F0135,SGK,Bài 8A. Làm việc với danh sách dạng liệt kê và hình ảnh trong văn bản,36,shared/learning_resources/ocr_text/sgk_tin_hoc_8/tin_8_bai_8a/tin_8_bai_8a.md,draft,Top-1 từ SQLite FTS theo tên bài học.,false,
HNMU-G8-R0108-STT9,8,Bài 8a. Làm việc với danh sách dạng liệt kê và hình ảnh trong văn bản,"Mục 1. Danh sách dạng liệt kê (Trang 36, SGK - Câu hỏi sinh thêm)",LM-SGK-TIN8-0001#F0135,SGK,Bài 8A. Làm việc với danh sách dạng liệt kê và hình ảnh trong văn bản,36,shared/learning_resources/ocr_text/sgk_tin_hoc_8/tin_8_bai_8a/tin_8_bai_8a.md,draft,Top-1 từ SQLite FTS theo tên bài học.,false,
HNMU-G8-R0109-STT10,8,Bài 8a. Làm việc với danh sách dạng liệt kê và hình ảnh trong văn bản,"Hoạt động 2 (Trang 38, SGK)",LM-SGK-TIN8-0001#F0135,SGK,Bài 8A. Làm việc với danh sách dạng liệt kê và hình ảnh trong văn bản,36,shared/learning_resources/ocr_text/sgk_tin_hoc_8/tin_8_bai_8a/tin_8_bai_8a.md,draft,Top-1 từ SQLite FTS theo tên bài học.,false,
HNMU-G8-R0110-STT11,8,Bài 8a. Làm việc với danh sách dạng liệt kê và hình ảnh trong văn bản,"Mục 2. Nhiệm vụ 2 (Trang 40, SGK)",LM-SGK-TIN8-0001#F0135,SGK,Bài 8A. Làm việc với danh sách dạng liệt kê và hình ảnh trong văn bản,36,shared/learning_resources/ocr_text/sgk_tin_hoc_8/tin_8_bai_8a/tin_8_bai_8a.md,draft,Top-1 từ SQLite FTS theo tên bài học.,false,
HNMU-G8-R0111-STT12,8,Bài 8a. Làm việc với danh sách dạng liệt kê và hình ảnh trong văn bản,"Luyện tập (Trang 38, SGK - Câu hỏi sinh thêm)",LM-SGK-TIN8-0001#F0135,SGK,Bài 8A. Làm việc với danh sách dạng liệt kê và hình ảnh trong văn bản,36,shared/learning_resources/ocr_text/sgk_tin_hoc_8/tin_8_bai_8a/tin_8_bai_8a.md,draft,Top-1 từ SQLite FTS theo tên bài học.,false,
HNMU-G8-R0112-STT13,8,Bài 8a. Làm việc với danh sách dạng liệt kê và hình ảnh trong văn bản,"Mục 2. Làm việc với hình ảnh (Trang 38, SGK - Câu hỏi sinh thêm)",LM-SGK-TIN8-0001#F0135,SGK,Bài 8A. Làm việc với danh sách dạng liệt kê và hình ảnh trong văn bản,36,shared/learning_resources/ocr_text/sgk_tin_hoc_8/tin_8_bai_8a/tin_8_bai_8a.md,draft,Top-1 từ SQLite FTS theo tên bài học.,false,
HNMU-G8-R0113-STT14,8,Bài 8a. Làm việc với danh sách dạng liệt kê và hình ảnh trong văn bản,"Mục 1. Nhiệm vụ 1 (Trang 40, SGK)",LM-SGK-TIN8-0001#F0135,SGK,Bài 8A. Làm việc với danh sách dạng liệt kê và hình ảnh trong văn bản,36,shared/learning_resources/ocr_text/sgk_tin_hoc_8/tin_8_bai_8a/tin_8_bai_8a.md,draft,Top-1 từ SQLite FTS theo tên bài học.,false,
HNMU-G8-R0114-STT1,8,"Bài 9a. Tạo đầu trang, chân trang và đánh số trang","Mục 1 (Trang 54, SGV)",LM-SGV-TIN8-4923610683#F0217,SGV,"Bài 9A. TẠO ĐẦU TRANG, CHÂN TRANG CHO VĂN BẢN",53,shared/learning_resources/ocr_text/sgv_tin_hoc_8/sgv_tin_8_bai_9a/sgv_tin_8_bai_9a.md,draft,Top-1 từ SQLite FTS theo tên bài học.,false,
HNMU-G8-R0115-STT2,8,"Bài 9a. Tạo đầu trang, chân trang và đánh số trang","Mục 2 (Trang 55, SGV)",LM-SGV-TIN8-4923610683#F0217,SGV,"Bài 9A. TẠO ĐẦU TRANG, CHÂN TRANG CHO VĂN BẢN",53,shared/learning_resources/ocr_text/sgv_tin_hoc_8/sgv_tin_8_bai_9a/sgv_tin_8_bai_9a.md,draft,Top-1 từ SQLite FTS theo tên bài học.,false,
HNMU-G8-R0116-STT3,8,"Bài 9a. Tạo đầu trang, chân trang và đánh số trang","Mục 1 (Trang 54, SGV)",LM-SGV-TIN8-4923610683#F0217,SGV,"Bài 9A. TẠO ĐẦU TRANG, CHÂN TRANG CHO VĂN BẢN",53,shared/learning_resources/ocr_text/sgv_tin_hoc_8/sgv_tin_8_bai_9a/sgv_tin_8_bai_9a.md,draft,Top-1 từ SQLite FTS theo tên bài học.,false,
HNMU-G8-R0117-STT4,8,"Bài 9a. Tạo đầu trang, chân trang và đánh số trang","Mục 1 (Trang 54, SGV)",LM-SGV-TIN8-4923610683#F0217,SGV,"Bài 9A. TẠO ĐẦU TRANG, CHÂN TRANG CHO VĂN BẢN",53,shared/learning_resources/ocr_text/sgv_tin_hoc_8/sgv_tin_8_bai_9a/sgv_tin_8_bai_9a.md,draft,Top-1 từ SQLite FTS theo tên bài học.,false,
HNMU-G8-R0118-STT5,8,"Bài 9a. Tạo đầu trang, chân trang và đánh số trang","Hoạt động 1 (Trang 54, SGV)",LM-SGV-TIN8-4923610683#F0217,SGV,"Bài 9A. TẠO ĐẦU TRANG, CHÂN TRANG CHO VĂN BẢN",53,shared/learning_resources/ocr_text/sgv_tin_hoc_8/sgv_tin_8_bai_9a/sgv_tin_8_bai_9a.md,draft,Top-1 từ SQLite FTS theo tên bài học.,false,
HNMU-G8-R0119-STT6,8,"Bài 9a. Tạo đầu trang, chân trang và đánh số trang","Hoạt động 2 (Trang 55, SGV)",LM-SGV-TIN8-4923610683#F0217,SGV,"Bài 9A. TẠO ĐẦU TRANG, CHÂN TRANG CHO VĂN BẢN",53,shared/learning_resources/ocr_text/sgv_tin_hoc_8/sgv_tin_8_bai_9a/sgv_tin_8_bai_9a.md,draft,Top-1 từ SQLite FTS theo tên bài học.,false,
HNMU-G8-R0120-STT7,8,"Bài 9a. Tạo đầu trang, chân trang và đánh số trang","Hoạt động 2 (Trang 55, SGV)",LM-SGV-TIN8-4923610683#F0217,SGV,"Bài 9A. TẠO ĐẦU TRANG, CHÂN TRANG CHO VĂN BẢN",53,shared/learning_resources/ocr_text/sgv_tin_hoc_8/sgv_tin_8_bai_9a/sgv_tin_8_bai_9a.md,draft,Top-1 từ SQLite FTS theo tên bài học.,false,
HNMU-G8-R0121-STT8,8,"Bài 9a. Tạo đầu trang, chân trang và đánh số trang","Mục 3. Thực hành (Trang 55, SGV)",LM-SGV-TIN8-4923610683#F0217,SGV,"Bài 9A. TẠO ĐẦU TRANG, CHÂN TRANG CHO VĂN BẢN",53,shared/learning_resources/ocr_text/sgv_tin_hoc_8/sgv_tin_8_bai_9a/sgv_tin_8_bai_9a.md,draft,Top-1 từ SQLite FTS theo tên bài học.,false,
HNMU-G8-R0122-STT9,8,"Bài 9a. Tạo đầu trang, chân trang và đánh số trang","Hoạt động 1 (Trang 54, SGV)",LM-SGV-TIN8-4923610683#F0217,SGV,"Bài 9A. TẠO ĐẦU TRANG, CHÂN TRANG CHO VĂN BẢN",53,shared/learning_resources/ocr_text/sgv_tin_hoc_8/sgv_tin_8_bai_9a/sgv_tin_8_bai_9a.md,draft,Top-1 từ SQLite FTS theo tên bài học.,false,
HNMU-G8-R0123-STT10,8,"Bài 9a. Tạo đầu trang, chân trang và đánh số trang","Mục 1 (Trang 54, SGV)",LM-SGV-TIN8-4923610683#F0217,SGV,"Bài 9A. TẠO ĐẦU TRANG, CHÂN TRANG CHO VĂN BẢN",53,shared/learning_resources/ocr_text/sgv_tin_hoc_8/sgv_tin_8_bai_9a/sgv_tin_8_bai_9a.md,draft,Top-1 từ SQLite FTS theo tên bài học.,false,
HNMU-G8-R0124-STT11,8,"Bài 9a. Tạo đầu trang, chân trang và đánh số trang","Mục 3. Thực hành (Trang 55, SGV)",LM-SGV-TIN8-4923610683#F0217,SGV,"Bài 9A. TẠO ĐẦU TRANG, CHÂN TRANG CHO VĂN BẢN",53,shared/learning_resources/ocr_text/sgv_tin_hoc_8/sgv_tin_8_bai_9a/sgv_tin_8_bai_9a.md,draft,Top-1 từ SQLite FTS theo tên bài học.,false,
HNMU-G8-R0125-STT12,8,"Bài 9a. Tạo đầu trang, chân trang và đánh số trang","Hoạt động vận dụng (Trang 55, SGV)",LM-SGV-TIN8-4923610683#F0217,SGV,"Bài 9A. TẠO ĐẦU TRANG, CHÂN TRANG CHO VĂN BẢN",53,shared/learning_resources/ocr_text/sgv_tin_hoc_8/sgv_tin_8_bai_9a/sgv_tin_8_bai_9a.md,draft,Top-1 từ SQLite FTS theo tên bài học.,false,
HNMU-G8-R0126-STT13,8,"Bài 9a. Tạo đầu trang, chân trang và đánh số trang","Hoạt động luyện tập (Trang 55, SGV)",LM-SGV-TIN8-4923610683#F0217,SGV,"Bài 9A. TẠO ĐẦU TRANG, CHÂN TRANG CHO VĂN BẢN",53,shared/learning_resources/ocr_text/sgv_tin_hoc_8/sgv_tin_8_bai_9a/sgv_tin_8_bai_9a.md,draft,Top-1 từ SQLite FTS theo tên bài học.,false,
HNMU-G8-R0127-STT14,8,"Bài 9a. Tạo đầu trang, chân trang và đánh số trang","Hoạt động vận dụng (Trang 55, SGV - Bổ sung tình huống)",LM-SGV-TIN8-4923610683#F0217,SGV,"Bài 9A. TẠO ĐẦU TRANG, CHÂN TRANG CHO VĂN BẢN",53,shared/learning_resources/ocr_text/sgv_tin_hoc_8/sgv_tin_8_bai_9a/sgv_tin_8_bai_9a.md,draft,Top-1 từ SQLite FTS theo tên bài học.,false,
HNMU-G8-R0128-STT1,8,Bài 10a. Định dạng nâng cao cho trang chiếu,"Mục 1 (Trang 57, SGK)",LM-SGK-TIN8-0001#F0211,SGK,Bài 10A. Định dạng nâng cao cho trang chiếu,48,shared/learning_resources/ocr_text/sgk_tin_hoc_8/tin_8_bai_10a/tin_8_bai_10a.md,draft,Top-1 từ SQLite FTS theo tên bài học.,false,
HNMU-G8-R0129-STT2,8,Bài 10a. Định dạng nâng cao cho trang chiếu,"Mục 2 (Trang 58, SGK)",LM-SGK-TIN8-0001#F0211,SGK,Bài 10A. Định dạng nâng cao cho trang chiếu,48,shared/learning_resources/ocr_text/sgk_tin_hoc_8/tin_8_bai_10a/tin_8_bai_10a.md,draft,Top-1 từ SQLite FTS theo tên bài học.,false,
HNMU-G8-R0130-STT3,8,Bài 10a. Định dạng nâng cao cho trang chiếu,"Mục 2 (Trang 58, SGK)",LM-SGK-TIN8-0001#F0211,SGK,Bài 10A. Định dạng nâng cao cho trang chiếu,48,shared/learning_resources/ocr_text/sgk_tin_hoc_8/tin_8_bai_10a/tin_8_bai_10a.md,draft,Top-1 từ SQLite FTS theo tên bài học.,false,
HNMU-G8-R0131-STT4,8,Bài 10a. Định dạng nâng cao cho trang chiếu,"Mục 2 (Trang 58, SGK)",LM-SGK-TIN8-0001#F0211,SGK,Bài 10A. Định dạng nâng cao cho trang chiếu,48,shared/learning_resources/ocr_text/sgk_tin_hoc_8/tin_8_bai_10a/tin_8_bai_10a.md,draft,Top-1 từ SQLite FTS theo tên bài học.,false,
HNMU-G8-R0132-STT5,8,Bài 10a. Định dạng nâng cao cho trang chiếu,"Mục 1 (Trang 57, SGK)",LM-SGK-TIN8-0001#F0211,SGK,Bài 10A. Định dạng nâng cao cho trang chiếu,48,shared/learning_resources/ocr_text/sgk_tin_hoc_8/tin_8_bai_10a/tin_8_bai_10a.md,draft,Top-1 từ SQLite FTS theo tên bài học.,false,
HNMU-G8-R0133-STT6,8,Bài 10a. Định dạng nâng cao cho trang chiếu,"Mục 1 (Trang 57, SGK - Bổ sung tình huống)",LM-SGK-TIN8-0001#F0211,SGK,Bài 10A. Định dạng nâng cao cho trang chiếu,48,shared/learning_resources/ocr_text/sgk_tin_hoc_8/tin_8_bai_10a/tin_8_bai_10a.md,draft,Top-1 từ SQLite FTS theo tên bài học.,false,
HNMU-G8-R0134-STT7,8,Bài 10a. Định dạng nâng cao cho trang chiếu,"Mục 2 (Trang 58, SGK)",LM-SGK-TIN8-0001#F0211,SGK,Bài 10A. Định dạng nâng cao cho trang chiếu,48,shared/learning_resources/ocr_text/sgk_tin_hoc_8/tin_8_bai_10a/tin_8_bai_10a.md,draft,Top-1 từ SQLite FTS theo tên bài học.,false,
HNMU-G8-R0135-STT8,8,Bài 10a. Định dạng nâng cao cho trang chiếu,"Mục 2 (Trang 58, SGK)",LM-SGK-TIN8-0001#F0211,SGK,Bài 10A. Định dạng nâng cao cho trang chiếu,48,shared/learning_resources/ocr_text/sgk_tin_hoc_8/tin_8_bai_10a/tin_8_bai_10a.md,draft,Top-1 từ SQLite FTS theo tên bài học.,false,
HNMU-G8-R0136-STT9,8,Bài 10a. Định dạng nâng cao cho trang chiếu,"Mục 2 (Trang 58, SGK)",LM-SGK-TIN8-0001#F0211,SGK,Bài 10A. Định dạng nâng cao cho trang chiếu,48,shared/learning_resources/ocr_text/sgk_tin_hoc_8/tin_8_bai_10a/tin_8_bai_10a.md,draft,Top-1 từ SQLite FTS theo tên bài học.,false,
HNMU-G8-R0137-STT10,8,Bài 10a. Định dạng nâng cao cho trang chiếu,"Mục 1 (Trang 57, SGK)",LM-SGK-TIN8-0001#F0211,SGK,Bài 10A. Định dạng nâng cao cho trang chiếu,48,shared/learning_resources/ocr_text/sgk_tin_hoc_8/tin_8_bai_10a/tin_8_bai_10a.md,draft,Top-1 từ SQLite FTS theo tên bài học.,false,
HNMU-G8-R0138-STT11,8,Bài 10a. Định dạng nâng cao cho trang chiếu,"Mục 2. Thực hành (Trang 58, SGK)",LM-SGK-TIN8-0001#F0211,SGK,Bài 10A. Định dạng nâng cao cho trang chiếu,48,shared/learning_resources/ocr_text/sgk_tin_hoc_8/tin_8_bai_10a/tin_8_bai_10a.md,draft,Top-1 từ SQLite FTS theo tên bài học.,false,
HNMU-G8-R0139-STT12,8,Bài 10a. Định dạng nâng cao cho trang chiếu,"Mục 1 (Trang 57, SGK)",LM-SGK-TIN8-0001#F0211,SGK,Bài 10A. Định dạng nâng cao cho trang chiếu,48,shared/learning_resources/ocr_text/sgk_tin_hoc_8/tin_8_bai_10a/tin_8_bai_10a.md,draft,Top-1 từ SQLite FTS theo tên bài học.,false,
HNMU-G8-R0140-STT13,8,Bài 10a. Định dạng nâng cao cho trang chiếu,"Mục 3. Thực hành (Trang 58, SGK)",LM-SGK-TIN8-0001#F0211,SGK,Bài 10A. Định dạng nâng cao cho trang chiếu,48,shared/learning_resources/ocr_text/sgk_tin_hoc_8/tin_8_bai_10a/tin_8_bai_10a.md,draft,Top-1 từ SQLite FTS theo tên bài học.,false,
HNMU-G8-R0141-STT14,8,Bài 10a. Định dạng nâng cao cho trang chiếu,"Mục 2 (Trang 58, SGK - Bổ sung tình huống)",LM-SGK-TIN8-0001#F0211,SGK,Bài 10A. Định dạng nâng cao cho trang chiếu,48,shared/learning_resources/ocr_text/sgk_tin_hoc_8/tin_8_bai_10a/tin_8_bai_10a.md,draft,Top-1 từ SQLite FTS theo tên bài học.,false,
HNMU-G8-R0142-STT1,8,Bài 11a. Sử dụng bản mẫu tạo bài trình chiếu,"Mục 1 (Trang 51, SGK)",LM-SGK-TIN8-0001#F0233,SGK,Bài 11A. Sử dụng bản mẫu tạo bài trình chiếu,51,shared/learning_resources/ocr_text/sgk_tin_hoc_8/tin_8_bai_11a/tin_8_bai_11a.md,draft,Top-1 từ SQLite FTS theo đáp án SGV và metadata bài học.,false,
HNMU-G8-R0143-STT2,8,Bài 11a. Sử dụng bản mẫu tạo bài trình chiếu,"Mục 1 (Trang 51, SGK)",LM-SGK-TIN8-0001#F0234,SGK,Bài 11A. Sử dụng bản mẫu tạo bài trình chiếu,52,shared/learning_resources/ocr_text/sgk_tin_hoc_8/tin_8_bai_11a/tin_8_bai_11a.md,draft,Top-1 từ SQLite FTS theo đáp án SGV và metadata bài học.,false,
HNMU-G8-R0144-STT3,8,Bài 11a. Sử dụng bản mẫu tạo bài trình chiếu,"Mục 1 (Trang 51, SGK)",LM-SGK-TIN8-0001#F0236,SGK,Bài 11A. Sử dụng bản mẫu tạo bài trình chiếu,53,shared/learning_resources/ocr_text/sgk_tin_hoc_8/tin_8_bai_11a/tin_8_bai_11a.md,draft,Top-1 từ SQLite FTS theo tên bài học.,false,
HNMU-G8-R0145-STT4,8,Bài 11a. Sử dụng bản mẫu tạo bài trình chiếu,"Câu hỏi củng cố (Trang 63, SGV)",LM-SGV-TIN8-4923610683#F0284,SGV,Bài 11A. SỬ DỤNG BẢN MẪU TẠO BÀI TRÌNH CHIẾU,63,shared/learning_resources/ocr_text/sgv_tin_hoc_8/sgv_tin_8_bai_11a/sgv_tin_8_bai_11a.md,draft,Top-1 từ SQLite FTS theo đáp án SGV và metadata bài học.,false,
HNMU-G8-R0146-STT5,8,Bài 11a. Sử dụng bản mẫu tạo bài trình chiếu,"Hoạt động 1 (Trang 51, SGK)",LM-SGK-TIN8-0001#F0236,SGK,Bài 11A. Sử dụng bản mẫu tạo bài trình chiếu,53,shared/learning_resources/ocr_text/sgk_tin_hoc_8/tin_8_bai_11a/tin_8_bai_11a.md,draft,Top-1 từ SQLite FTS theo tên bài học.,false,
HNMU-G8-R0147-STT6,8,Bài 11a. Sử dụng bản mẫu tạo bài trình chiếu,"Mục 1 (Trang 51, SGK - Phân tích sâu)",LM-SGK-TIN8-0001#F0236,SGK,Bài 11A. Sử dụng bản mẫu tạo bài trình chiếu,53,shared/learning_resources/ocr_text/sgk_tin_hoc_8/tin_8_bai_11a/tin_8_bai_11a.md,draft,Top-1 từ SQLite FTS theo tên bài học.,false,
HNMU-G8-R0148-STT7,8,Bài 11a. Sử dụng bản mẫu tạo bài trình chiếu,"Kiến thức mới (Trang 62, SGV)",LM-SGV-TIN8-4923610683#F0288,SGV,Bài 11A. SỬ DỤNG BẢN MẪU TẠO BÀI TRÌNH CHIẾU,64,shared/learning_resources/ocr_text/sgv_tin_hoc_8/sgv_tin_8_bai_11a/sgv_tin_8_bai_11a.md,draft,Top-1 từ SQLite FTS theo tên bài học.,false,
HNMU-G8-R0149-STT8,8,Bài 11a. Sử dụng bản mẫu tạo bài trình chiếu,"Luyện tập (Trang 63, SGV)",LM-SGV-TIN8-4923610683#F0288,SGV,Bài 11A. SỬ DỤNG BẢN MẪU TẠO BÀI TRÌNH CHIẾU,64,shared/learning_resources/ocr_text/sgv_tin_hoc_8/sgv_tin_8_bai_11a/sgv_tin_8_bai_11a.md,draft,Top-1 từ SQLite FTS theo tên bài học.,false,
HNMU-G8-R0150-STT9,8,Bài 11a. Sử dụng bản mẫu tạo bài trình chiếu,"Luyện tập (Trang 63, SGV)",LM-SGV-TIN8-4923610683#F0288,SGV,Bài 11A. SỬ DỤNG BẢN MẪU TẠO BÀI TRÌNH CHIẾU,64,shared/learning_resources/ocr_text/sgv_tin_hoc_8/sgv_tin_8_bai_11a/sgv_tin_8_bai_11a.md,draft,Top-1 từ SQLite FTS theo tên bài học.,false,
HNMU-G8-R0151-STT10,8,Bài 11a. Sử dụng bản mẫu tạo bài trình chiếu,"Vận dụng (Trang 63, SGV - Tình huống bổ sung)",LM-SGV-TIN8-4923610683#F0288,SGV,Bài 11A. SỬ DỤNG BẢN MẪU TẠO BÀI TRÌNH CHIẾU,64,shared/learning_resources/ocr_text/sgv_tin_hoc_8/sgv_tin_8_bai_11a/sgv_tin_8_bai_11a.md,draft,Top-1 từ SQLite FTS theo tên bài học.,false,
HNMU-G8-R0152-STT11,8,Bài 11a. Sử dụng bản mẫu tạo bài trình chiếu,"Mục 1 (Trang 51, SGK)",LM-SGK-TIN8-0001#F0236,SGK,Bài 11A. Sử dụng bản mẫu tạo bài trình chiếu,53,shared/learning_resources/ocr_text/sgk_tin_hoc_8/tin_8_bai_11a/tin_8_bai_11a.md,draft,Top-1 từ SQLite FTS theo tên bài học.,false,
HNMU-G8-R0153-STT12,8,Bài 11a. Sử dụng bản mẫu tạo bài trình chiếu,"Mục 2. Thực hành (Trang 51, SGK)",LM-SGK-TIN8-0001#F0236,SGK,Bài 11A. Sử dụng bản mẫu tạo bài trình chiếu,53,shared/learning_resources/ocr_text/sgk_tin_hoc_8/tin_8_bai_11a/tin_8_bai_11a.md,draft,Top-1 từ SQLite FTS theo tên bài học.,false,
HNMU-G8-R0154-STT13,8,Bài 11a. Sử dụng bản mẫu tạo bài trình chiếu,"Hoạt động Vận dụng (Trang 63, SGV)",LM-SGV-TIN8-4923610683#F0288,SGV,Bài 11A. SỬ DỤNG BẢN MẪU TẠO BÀI TRÌNH CHIẾU,64,shared/learning_resources/ocr_text/sgv_tin_hoc_8/sgv_tin_8_bai_11a/sgv_tin_8_bai_11a.md,draft,Top-1 từ SQLite FTS theo tên bài học.,false,
HNMU-G8-R0155-STT14,8,Bài 11a. Sử dụng bản mẫu tạo bài trình chiếu,"Thực hành (Trang 63, SGV)",LM-SGV-TIN8-4923610683#F0288,SGV,Bài 11A. SỬ DỤNG BẢN MẪU TẠO BÀI TRÌNH CHIẾU,64,shared/learning_resources/ocr_text/sgv_tin_hoc_8/sgv_tin_8_bai_11a/sgv_tin_8_bai_11a.md,draft,Top-1 từ SQLite FTS theo tên bài học.,false,
HNMU-G8-R0156-STT1,8,[8b] Làm quen với phần mềm chỉnh sửa ảnh,Mở đầu / Khám phá,LM-SGK-TIN8-0001#F0168,SGK,Bài 8B. Phần mềm chỉnh sửa ảnh,60,shared/learning_resources/ocr_text/sgk_tin_hoc_8/tin_8_bai_8b/tin_8_bai_8b.md,draft,Top-1 từ SQLite FTS theo đáp án SGV và metadata bài học.,false,
HNMU-G8-R0157-STT2,8,[8b] Làm quen với phần mềm chỉnh sửa ảnh,Mục 1. Kiến thức mới,LM-SGK-TIN8-0001#F0166,SGK,Bài 8B. Phần mềm chỉnh sửa ảnh,60,shared/learning_resources/ocr_text/sgk_tin_hoc_8/tin_8_bai_8b/tin_8_bai_8b.md,draft,Top-1 từ SQLite FTS theo tên bài học.,false,
HNMU-G8-R0158-STT3,8,[8b] Làm quen với phần mềm chỉnh sửa ảnh,Mục 2. Lưu và xuất tệp,LM-SGK-TIN8-0001#F0174,SGK,Bài 8B. Phần mềm chỉnh sửa ảnh,61,shared/learning_resources/ocr_text/sgk_tin_hoc_8/tin_8_bai_8b/tin_8_bai_8b.md,draft,Top-1 từ SQLite FTS theo đáp án SGV và metadata bài học.,false,
HNMU-G8-R0159-STT4,8,[8b] Làm quen với phần mềm chỉnh sửa ảnh,Mục 3. Công cụ chọn,LM-SGK-TIN8-0001#F0173,SGK,Bài 8B. Phần mềm chỉnh sửa ảnh,61,shared/learning_resources/ocr_text/sgk_tin_hoc_8/tin_8_bai_8b/tin_8_bai_8b.md,draft,Top-1 từ SQLite FTS theo đáp án SGV và metadata bài học.,false,
HNMU-G8-R0160-STT5,8,[8b] Làm quen với phần mềm chỉnh sửa ảnh,Luyện tập,LM-SGK-TIN8-0001#F0166,SGK,Bài 8B. Phần mềm chỉnh sửa ảnh,60,shared/learning_resources/ocr_text/sgk_tin_hoc_8/tin_8_bai_8b/tin_8_bai_8b.md,draft,Top-1 từ SQLite FTS theo tên bài học.,false,
HNMU-G8-R0161-STT6,8,[8b] Làm quen với phần mềm chỉnh sửa ảnh,Mục 1. Khám phá,LM-SGK-TIN8-0001#F0166,SGK,Bài 8B. Phần mềm chỉnh sửa ảnh,60,shared/learning_resources/ocr_text/sgk_tin_hoc_8/tin_8_bai_8b/tin_8_bai_8b.md,draft,Top-1 từ SQLite FTS theo tên bài học.,false,
HNMU-G8-R0162-STT7,8,[8b] Làm quen với phần mềm chỉnh sửa ảnh,Câu hỏi củng cố,LM-SGK-TIN8-0001#F0166,SGK,Bài 8B. Phần mềm chỉnh sửa ảnh,60,shared/learning_resources/ocr_text/sgk_tin_hoc_8/tin_8_bai_8b/tin_8_bai_8b.md,draft,Top-1 từ SQLite FTS theo tên bài học.,false,
HNMU-G8-R0163-STT8,8,[8b] Làm quen với phần mềm chỉnh sửa ảnh,Mục 1. Kiến thức mới,LM-SGK-TIN8-0001#F0166,SGK,Bài 8B. Phần mềm chỉnh sửa ảnh,60,shared/learning_resources/ocr_text/sgk_tin_hoc_8/tin_8_bai_8b/tin_8_bai_8b.md,draft,Top-1 từ SQLite FTS theo tên bài học.,false,
HNMU-G8-R0164-STT9,8,[8b] Làm quen với phần mềm chỉnh sửa ảnh,Luyện tập,LM-SGK-TIN8-0001#F0166,SGK,Bài 8B. Phần mềm chỉnh sửa ảnh,60,shared/learning_resources/ocr_text/sgk_tin_hoc_8/tin_8_bai_8b/tin_8_bai_8b.md,draft,Top-1 từ SQLite FTS theo tên bài học.,false,
HNMU-G8-R0165-STT10,8,[8b] Làm quen với phần mềm chỉnh sửa ảnh,Mục 4. Công cụ cắt,LM-SGK-TIN8-0001#F0166,SGK,Bài 8B. Phần mềm chỉnh sửa ảnh,60,shared/learning_resources/ocr_text/sgk_tin_hoc_8/tin_8_bai_8b/tin_8_bai_8b.md,draft,Top-1 từ SQLite FTS theo tên bài học.,false,
HNMU-G8-R0166-STT11,8,[8b] Làm quen với phần mềm chỉnh sửa ảnh,Vận dụng,LM-SGK-TIN8-0001#F0166,SGK,Bài 8B. Phần mềm chỉnh sửa ảnh,60,shared/learning_resources/ocr_text/sgk_tin_hoc_8/tin_8_bai_8b/tin_8_bai_8b.md,draft,Top-1 từ SQLite FTS theo tên bài học.,false,
HNMU-G8-R0167-STT12,8,[8b] Làm quen với phần mềm chỉnh sửa ảnh,Thực hành,LM-SGK-TIN8-0001#F0166,SGK,Bài 8B. Phần mềm chỉnh sửa ảnh,60,shared/learning_resources/ocr_text/sgk_tin_hoc_8/tin_8_bai_8b/tin_8_bai_8b.md,draft,Top-1 từ SQLite FTS theo tên bài học.,false,
HNMU-G8-R0168-STT13,8,[8b] Làm quen với phần mềm chỉnh sửa ảnh,Vận dụng,LM-SGK-TIN8-0001#F0166,SGK,Bài 8B. Phần mềm chỉnh sửa ảnh,60,shared/learning_resources/ocr_text/sgk_tin_hoc_8/tin_8_bai_8b/tin_8_bai_8b.md,draft,Top-1 từ SQLite FTS theo tên bài học.,false,
HNMU-G8-R0169-STT14,8,[8b] Làm quen với phần mềm chỉnh sửa ảnh,Thực hành tổng hợp,LM-SGK-TIN8-0001#F0166,SGK,Bài 8B. Phần mềm chỉnh sửa ảnh,60,shared/learning_resources/ocr_text/sgk_tin_hoc_8/tin_8_bai_8b/tin_8_bai_8b.md,draft,Top-1 từ SQLite FTS theo tên bài học.,false,
HNMU-G8-R0170-STT1,8,"[9b] Thay đổi khung hình, kích thước ảnh",Mục 1. Khám phá (Trang 58),LM-SGK-TIN8-0001#F0198,SGK,"Bài 9B. Thay đổi khung hình, kích thước ảnh",65,shared/learning_resources/ocr_text/sgk_tin_hoc_8/tin_8_bai_9b/tin_8_bai_9b.md,draft,Top-1 từ SQLite FTS theo tên bài học.,false,
HNMU-G8-R0171-STT2,8,"[9b] Thay đổi khung hình, kích thước ảnh",Mục 2. Khám phá (Trang 60),LM-SGK-TIN8-0001#F0198,SGK,"Bài 9B. Thay đổi khung hình, kích thước ảnh",65,shared/learning_resources/ocr_text/sgk_tin_hoc_8/tin_8_bai_9b/tin_8_bai_9b.md,draft,Top-1 từ SQLite FTS theo tên bài học.,false,
HNMU-G8-R0172-STT3,8,"[9b] Thay đổi khung hình, kích thước ảnh",Mục 3. Khám phá (Trang 61),LM-SGK-TIN8-0001#F0198,SGK,"Bài 9B. Thay đổi khung hình, kích thước ảnh",65,shared/learning_resources/ocr_text/sgk_tin_hoc_8/tin_8_bai_9b/tin_8_bai_9b.md,draft,Top-1 từ SQLite FTS theo tên bài học.,false,
HNMU-G8-R0173-STT4,8,"[9b] Thay đổi khung hình, kích thước ảnh",Luyện tập (Trang 62),LM-SGK-TIN8-0001#F0198,SGK,"Bài 9B. Thay đổi khung hình, kích thước ảnh",65,shared/learning_resources/ocr_text/sgk_tin_hoc_8/tin_8_bai_9b/tin_8_bai_9b.md,draft,Top-1 từ SQLite FTS theo tên bài học.,false,
HNMU-G8-R0174-STT5,8,"[9b] Thay đổi khung hình, kích thước ảnh",Mục 1. Kiến thức mới,LM-SGK-TIN8-0001#F0198,SGK,"Bài 9B. Thay đổi khung hình, kích thước ảnh",65,shared/learning_resources/ocr_text/sgk_tin_hoc_8/tin_8_bai_9b/tin_8_bai_9b.md,draft,Top-1 từ SQLite FTS theo tên bài học.,false,
HNMU-G8-R0175-STT6,8,"[9b] Thay đổi khung hình, kích thước ảnh",Thực hành (Trang 59),LM-SGK-TIN8-0001#F0198,SGK,"Bài 9B. Thay đổi khung hình, kích thước ảnh",65,shared/learning_resources/ocr_text/sgk_tin_hoc_8/tin_8_bai_9b/tin_8_bai_9b.md,draft,Top-1 từ SQLite FTS theo tên bài học.,false,
HNMU-G8-R0176-STT7,8,"[9b] Thay đổi khung hình, kích thước ảnh",Mục 2. Kiến thức mới (Trang 60),LM-SGK-TIN8-0001#F0198,SGK,"Bài 9B. Thay đổi khung hình, kích thước ảnh",65,shared/learning_resources/ocr_text/sgk_tin_hoc_8/tin_8_bai_9b/tin_8_bai_9b.md,draft,Top-1 từ SQLite FTS theo tên bài học.,false,
HNMU-G8-R0177-STT8,8,"[9b] Thay đổi khung hình, kích thước ảnh",Mục 2. Kiến thức mới (Trang 60),LM-SGK-TIN8-0001#F0198,SGK,"Bài 9B. Thay đổi khung hình, kích thước ảnh",65,shared/learning_resources/ocr_text/sgk_tin_hoc_8/tin_8_bai_9b/tin_8_bai_9b.md,draft,Top-1 từ SQLite FTS theo tên bài học.,false,
HNMU-G8-R0178-STT9,8,"[9b] Thay đổi khung hình, kích thước ảnh",Mục 3. Khám phá (Trang 61),LM-SGK-TIN8-0001#F0198,SGK,"Bài 9B. Thay đổi khung hình, kích thước ảnh",65,shared/learning_resources/ocr_text/sgk_tin_hoc_8/tin_8_bai_9b/tin_8_bai_9b.md,draft,Top-1 từ SQLite FTS theo tên bài học.,false,
HNMU-G8-R0179-STT10,8,"[9b] Thay đổi khung hình, kích thước ảnh",Luyện tập (Trang 62),LM-SGK-TIN8-0001#F0198,SGK,"Bài 9B. Thay đổi khung hình, kích thước ảnh",65,shared/learning_resources/ocr_text/sgk_tin_hoc_8/tin_8_bai_9b/tin_8_bai_9b.md,draft,Top-1 từ SQLite FTS theo tên bài học.,false,
HNMU-G8-R0180-STT11,8,"[9b] Thay đổi khung hình, kích thước ảnh",Vận dụng (Trang 62),LM-SGK-TIN8-0001#F0198,SGK,"Bài 9B. Thay đổi khung hình, kích thước ảnh",65,shared/learning_resources/ocr_text/sgk_tin_hoc_8/tin_8_bai_9b/tin_8_bai_9b.md,draft,Top-1 từ SQLite FTS theo tên bài học.,false,
HNMU-G8-R0181-STT12,8,"[9b] Thay đổi khung hình, kích thước ảnh",Thực hành tổng hợp,LM-SGK-TIN8-0001#F0198,SGK,"Bài 9B. Thay đổi khung hình, kích thước ảnh",65,shared/learning_resources/ocr_text/sgk_tin_hoc_8/tin_8_bai_9b/tin_8_bai_9b.md,draft,Top-1 từ SQLite FTS theo tên bài học.,false,
HNMU-G8-R0182-STT13,8,"[9b] Thay đổi khung hình, kích thước ảnh",Vận dụng,LM-SGK-TIN8-0001#F0198,SGK,"Bài 9B. Thay đổi khung hình, kích thước ảnh",65,shared/learning_resources/ocr_text/sgk_tin_hoc_8/tin_8_bai_9b/tin_8_bai_9b.md,draft,Top-1 từ SQLite FTS theo tên bài học.,false,
HNMU-G8-R0183-STT14,8,"[9b] Thay đổi khung hình, kích thước ảnh",Thực hành tổng hợp,LM-SGK-TIN8-0001#F0198,SGK,"Bài 9B. Thay đổi khung hình, kích thước ảnh",65,shared/learning_resources/ocr_text/sgk_tin_hoc_8/tin_8_bai_9b/tin_8_bai_9b.md,draft,Top-1 từ SQLite FTS theo tên bài học.,false,
HNMU-G8-R0184-STT1,8,"[10b] Thêm văn bản, tạo hiệu ứng cho ảnh",Mục 1. Thêm văn bản (Trang 66),LM-SGK-TIN8-0001#F0221,SGK,"Bài 10B. Thêm văn bản, tạo hiệu ứng cho ảnh",66,shared/learning_resources/ocr_text/sgk_tin_hoc_8/tin_8_bai_10b/tin_8_bai_10b.md,draft,Top-1 từ SQLite FTS theo tên bài học.,false,
HNMU-G8-R0185-STT2,8,"[10b] Thêm văn bản, tạo hiệu ứng cho ảnh",Mục 2. Tạo hiệu ứng (Trang 67),LM-SGK-TIN8-0001#F0221,SGK,"Bài 10B. Thêm văn bản, tạo hiệu ứng cho ảnh",66,shared/learning_resources/ocr_text/sgk_tin_hoc_8/tin_8_bai_10b/tin_8_bai_10b.md,draft,Top-1 từ SQLite FTS theo tên bài học.,false,
HNMU-G8-R0186-STT3,8,"[10b] Thêm văn bản, tạo hiệu ứng cho ảnh",Thực hành: Tạo khung viền cho ảnh (Trang 68),LM-SGK-TIN8-0001#F0221,SGK,"Bài 10B. Thêm văn bản, tạo hiệu ứng cho ảnh",66,shared/learning_resources/ocr_text/sgk_tin_hoc_8/tin_8_bai_10b/tin_8_bai_10b.md,draft,Top-1 từ SQLite FTS theo tên bài học.,false,
HNMU-G8-R0187-STT4,8,"[10b] Thêm văn bản, tạo hiệu ứng cho ảnh",Mục 2. Tạo hiệu ứng (Trang 67),LM-SGK-TIN8-0001#F0221,SGK,"Bài 10B. Thêm văn bản, tạo hiệu ứng cho ảnh",66,shared/learning_resources/ocr_text/sgk_tin_hoc_8/tin_8_bai_10b/tin_8_bai_10b.md,draft,Top-1 từ SQLite FTS theo tên bài học.,false,
HNMU-G8-R0188-STT5,8,"[10b] Thêm văn bản, tạo hiệu ứng cho ảnh",Mục 1. Thêm văn bản (Trang 66),LM-SGK-TIN8-0001#F0221,SGK,"Bài 10B. Thêm văn bản, tạo hiệu ứng cho ảnh",66,shared/learning_resources/ocr_text/sgk_tin_hoc_8/tin_8_bai_10b/tin_8_bai_10b.md,draft,Top-1 từ SQLite FTS theo tên bài học.,false,
HNMU-G8-R0189-STT6,8,"[10b] Thêm văn bản, tạo hiệu ứng cho ảnh",Thực hành: Tạo khung viền (Trang 68),LM-SGK-TIN8-0001#F0221,SGK,"Bài 10B. Thêm văn bản, tạo hiệu ứng cho ảnh",66,shared/learning_resources/ocr_text/sgk_tin_hoc_8/tin_8_bai_10b/tin_8_bai_10b.md,draft,Top-1 từ SQLite FTS theo tên bài học.,false,
HNMU-G8-R0190-STT7,8,"[10b] Thêm văn bản, tạo hiệu ứng cho ảnh",Mục 2. Tạo hiệu ứng (Trang 67),LM-SGK-TIN8-0001#F0221,SGK,"Bài 10B. Thêm văn bản, tạo hiệu ứng cho ảnh",66,shared/learning_resources/ocr_text/sgk_tin_hoc_8/tin_8_bai_10b/tin_8_bai_10b.md,draft,Top-1 từ SQLite FTS theo tên bài học.,false,
HNMU-G8-R0191-STT8,8,"[10b] Thêm văn bản, tạo hiệu ứng cho ảnh",Mục 2. Tạo hiệu ứng (Trang 67),LM-SGK-TIN8-0001#F0221,SGK,"Bài 10B. Thêm văn bản, tạo hiệu ứng cho ảnh",66,shared/learning_resources/ocr_text/sgk_tin_hoc_8/tin_8_bai_10b/tin_8_bai_10b.md,draft,Top-1 từ SQLite FTS theo tên bài học.,false,
HNMU-G8-R0192-STT9,8,"[10b] Thêm văn bản, tạo hiệu ứng cho ảnh",Thực hành: Tạo khung viền (Trang 68),LM-SGK-TIN8-0001#F0221,SGK,"Bài 10B. Thêm văn bản, tạo hiệu ứng cho ảnh",66,shared/learning_resources/ocr_text/sgk_tin_hoc_8/tin_8_bai_10b/tin_8_bai_10b.md,draft,Top-1 từ SQLite FTS theo tên bài học.,false,
HNMU-G8-R0193-STT10,8,"[10b] Thêm văn bản, tạo hiệu ứng cho ảnh",Thực hành: Tạo khung viền (Trang 68),LM-SGK-TIN8-0001#F0221,SGK,"Bài 10B. Thêm văn bản, tạo hiệu ứng cho ảnh",66,shared/learning_resources/ocr_text/sgk_tin_hoc_8/tin_8_bai_10b/tin_8_bai_10b.md,draft,Top-1 từ SQLite FTS theo tên bài học.,false,
HNMU-G8-R0194-STT11,8,"[10b] Thêm văn bản, tạo hiệu ứng cho ảnh",Vận dụng (Trang 69),LM-SGK-TIN8-0001#F0221,SGK,"Bài 10B. Thêm văn bản, tạo hiệu ứng cho ảnh",66,shared/learning_resources/ocr_text/sgk_tin_hoc_8/tin_8_bai_10b/tin_8_bai_10b.md,draft,Top-1 từ SQLite FTS theo tên bài học.,false,
HNMU-G8-R0195-STT12,8,"[10b] Thêm văn bản, tạo hiệu ứng cho ảnh",Vận dụng (Trang 69),LM-SGK-TIN8-0001#F0221,SGK,"Bài 10B. Thêm văn bản, tạo hiệu ứng cho ảnh",66,shared/learning_resources/ocr_text/sgk_tin_hoc_8/tin_8_bai_10b/tin_8_bai_10b.md,draft,Top-1 từ SQLite FTS theo tên bài học.,false,
HNMU-G8-R0196-STT13,8,"[10b] Thêm văn bản, tạo hiệu ứng cho ảnh",Thực hành (Trang 68),LM-SGK-TIN8-0001#F0221,SGK,"Bài 10B. Thêm văn bản, tạo hiệu ứng cho ảnh",66,shared/learning_resources/ocr_text/sgk_tin_hoc_8/tin_8_bai_10b/tin_8_bai_10b.md,draft,Top-1 từ SQLite FTS theo tên bài học.,false,
HNMU-G8-R0197-STT14,8,"[10b] Thêm văn bản, tạo hiệu ứng cho ảnh",Vận dụng (Trang 69),LM-SGK-TIN8-0001#F0221,SGK,"Bài 10B. Thêm văn bản, tạo hiệu ứng cho ảnh",66,shared/learning_resources/ocr_text/sgk_tin_hoc_8/tin_8_bai_10b/tin_8_bai_10b.md,draft,Top-1 từ SQLite FTS theo tên bài học.,false,
HNMU-G8-R0198-STT1,8,[11b] Thực hành tổng hợp,Bước 3. Ghép ảnh vào tờ rơi (Trang 72),LM-SGV-TIN8-4923610683#F0302,SGV,Bài 11B. THỰC HÀNH TỔNG HỢP,77,shared/learning_resources/ocr_text/sgv_tin_hoc_8/sgv_tin_8_bai_11b/sgv_tin_8_bai_11b.md,draft,Top-1 từ SQLite FTS theo tên bài học.,false,
HNMU-G8-R0199-STT2,8,[11b] Thực hành tổng hợp,Bước 3. Ghép ảnh vào tờ rơi (Trang 72),LM-SGV-TIN8-4923610683#F0302,SGV,Bài 11B. THỰC HÀNH TỔNG HỢP,77,shared/learning_resources/ocr_text/sgv_tin_hoc_8/sgv_tin_8_bai_11b/sgv_tin_8_bai_11b.md,draft,Top-1 từ SQLite FTS theo tên bài học.,false,
HNMU-G8-R0200-STT3,8,[11b] Thực hành tổng hợp,Bước 2. Tạo khung viền (Trang 71),LM-SGV-TIN8-4923610683#F0302,SGV,Bài 11B. THỰC HÀNH TỔNG HỢP,77,shared/learning_resources/ocr_text/sgv_tin_hoc_8/sgv_tin_8_bai_11b/sgv_tin_8_bai_11b.md,draft,Top-1 từ SQLite FTS theo tên bài học.,false,
HNMU-G8-R0201-STT4,8,[11b] Thực hành tổng hợp,Bước 2. Tạo khung viền (Trang 71),LM-SGK-TIN8-0001#F0246,SGK,Bài 11B. Thực hành tổng hợp,71,shared/learning_resources/ocr_text/sgk_tin_hoc_8/tin_8_bai_11b/tin_8_bai_11b.md,draft,Top-1 từ SQLite FTS theo đáp án SGV và metadata bài học.,false,
HNMU-G8-R0202-STT5,8,[11b] Thực hành tổng hợp,Bước 2. Tạo khung viền (Trang 70),LM-SGV-TIN8-4923610683#F0302,SGV,Bài 11B. THỰC HÀNH TỔNG HỢP,77,shared/learning_resources/ocr_text/sgv_tin_hoc_8/sgv_tin_8_bai_11b/sgv_tin_8_bai_11b.md,draft,Top-1 từ SQLite FTS theo tên bài học.,false,
HNMU-G8-R0203-STT6,8,[11b] Thực hành tổng hợp,Bước 2. Tạo khung viền (Trang 71),LM-SGV-TIN8-4923610683#F0302,SGV,Bài 11B. THỰC HÀNH TỔNG HỢP,77,shared/learning_resources/ocr_text/sgv_tin_hoc_8/sgv_tin_8_bai_11b/sgv_tin_8_bai_11b.md,draft,Top-1 từ SQLite FTS theo tên bài học.,false,
HNMU-G8-R0204-STT7,8,[11b] Thực hành tổng hợp,Bước 3. Ghép ảnh vào tờ rơi (Trang 72),LM-SGV-TIN8-4923610683#F0302,SGV,Bài 11B. THỰC HÀNH TỔNG HỢP,77,shared/learning_resources/ocr_text/sgv_tin_hoc_8/sgv_tin_8_bai_11b/sgv_tin_8_bai_11b.md,draft,Top-1 từ SQLite FTS theo tên bài học.,false,
HNMU-G8-R0205-STT8,8,[11b] Thực hành tổng hợp,Bước 3. Ghép ảnh vào tờ rơi (Trang 72),LM-SGV-TIN8-4923610683#F0302,SGV,Bài 11B. THỰC HÀNH TỔNG HỢP,77,shared/learning_resources/ocr_text/sgv_tin_hoc_8/sgv_tin_8_bai_11b/sgv_tin_8_bai_11b.md,draft,Top-1 từ SQLite FTS theo tên bài học.,false,
HNMU-G8-R0206-STT9,8,[11b] Thực hành tổng hợp,Bước 4. Hoàn thiện sản phẩm (Trang 72),LM-SGV-TIN8-4923610683#F0302,SGV,Bài 11B. THỰC HÀNH TỔNG HỢP,77,shared/learning_resources/ocr_text/sgv_tin_hoc_8/sgv_tin_8_bai_11b/sgv_tin_8_bai_11b.md,draft,Top-1 từ SQLite FTS theo tên bài học.,false,
HNMU-G8-R0207-STT10,8,[11b] Thực hành tổng hợp,Bước 4. Hoàn thiện và lưu sản phẩm (Trang 72),LM-SGV-TIN8-4923610683#F0302,SGV,Bài 11B. THỰC HÀNH TỔNG HỢP,77,shared/learning_resources/ocr_text/sgv_tin_hoc_8/sgv_tin_8_bai_11b/sgv_tin_8_bai_11b.md,draft,Top-1 từ SQLite FTS theo tên bài học.,false,
HNMU-G8-R0208-STT11,8,[11b] Thực hành tổng hợp,Bước 2. Tạo khung viền (Trang 71),LM-SGV-TIN8-4923610683#F0302,SGV,Bài 11B. THỰC HÀNH TỔNG HỢP,77,shared/learning_resources/ocr_text/sgv_tin_hoc_8/sgv_tin_8_bai_11b/sgv_tin_8_bai_11b.md,draft,Top-1 từ SQLite FTS theo tên bài học.,false,
HNMU-G8-R0209-STT12,8,[11b] Thực hành tổng hợp,Bước 3. Ghép ảnh vào tờ rơi (Trang 72),LM-SGV-TIN8-4923610683#F0302,SGV,Bài 11B. THỰC HÀNH TỔNG HỢP,77,shared/learning_resources/ocr_text/sgv_tin_hoc_8/sgv_tin_8_bai_11b/sgv_tin_8_bai_11b.md,draft,Top-1 từ SQLite FTS theo tên bài học.,false,
HNMU-G8-R0210-STT13,8,[11b] Thực hành tổng hợp,Bước 3. Ghép ảnh vào tờ rơi (Trang 72),LM-SGV-TIN8-4923610683#F0302,SGV,Bài 11B. THỰC HÀNH TỔNG HỢP,77,shared/learning_resources/ocr_text/sgv_tin_hoc_8/sgv_tin_8_bai_11b/sgv_tin_8_bai_11b.md,draft,Top-1 từ SQLite FTS theo tên bài học.,false,
HNMU-G8-R0211-STT14,8,[11b] Thực hành tổng hợp,Toàn bộ bài thực hành (Trang 70-72),LM-SGV-TIN8-4923610683#F0302,SGV,Bài 11B. THỰC HÀNH TỔNG HỢP,77,shared/learning_resources/ocr_text/sgv_tin_hoc_8/sgv_tin_8_bai_11b/sgv_tin_8_bai_11b.md,draft,Top-1 từ SQLite FTS theo tên bài học.,false,
HNMU-G8-R0212-STT1,8,Bài 12,Mục 1. Kiến thức mới (Tr. 71 SGK),LM-SGK-TIN8-0001#F0251,SGK,Bài 12. Từ thuật toán đến chương trình,73,shared/learning_resources/ocr_text/sgk_tin_hoc_8/tin_8_bai_12/tin_8_bai_12.md,draft,Top-1 từ SQLite FTS theo câu hỏi và metadata bài học.,false,
HNMU-G8-R0213-STT2,8,Bài 12,Mục 2. Kiến thức mới (Tr. 72 SGK),LM-SGK-TIN8-0001#F0257,SGK,Bài 12. Từ thuật toán đến chương trình,75,shared/learning_resources/ocr_text/sgk_tin_hoc_8/tin_8_bai_12/tin_8_bai_12.md,draft,Top-1 từ SQLite FTS theo tên bài học.,false,
HNMU-G8-R0214-STT3,8,Bài 12,Hoạt động 1 (Tr. 71 SGK),LM-SGK-TIN8-0001#F0257,SGK,Bài 12. Từ thuật toán đến chương trình,75,shared/learning_resources/ocr_text/sgk_tin_hoc_8/tin_8_bai_12/tin_8_bai_12.md,draft,Top-1 từ SQLite FTS theo tên bài học.,false,
HNMU-G8-R0215-STT4,8,Bài 12,Mục 2. Thực hành (Tr. 73 SGK),LM-SGK-TIN8-0001#F0257,SGK,Bài 12. Từ thuật toán đến chương trình,75,shared/learning_resources/ocr_text/sgk_tin_hoc_8/tin_8_bai_12/tin_8_bai_12.md,draft,Top-1 từ SQLite FTS theo tên bài học.,false,
HNMU-G8-R0216-STT5,8,Bài 12,Mục 1. Kiến thức mới (Tr. 71 SGK),LM-SGK-TIN8-0001#F0257,SGK,Bài 12. Từ thuật toán đến chương trình,75,shared/learning_resources/ocr_text/sgk_tin_hoc_8/tin_8_bai_12/tin_8_bai_12.md,draft,Top-1 từ SQLite FTS theo tên bài học.,false,
HNMU-G8-R0217-STT6,8,Bài 12,Mục 2. Kiến thức mới (Tr. 72 SGK),LM-SGK-TIN8-0001#F0257,SGK,Bài 12. Từ thuật toán đến chương trình,75,shared/learning_resources/ocr_text/sgk_tin_hoc_8/tin_8_bai_12/tin_8_bai_12.md,draft,Top-1 từ SQLite FTS theo tên bài học.,false,
HNMU-G8-R0218-STT7,8,Bài 12,Hình 12.4 (Tr. 75 SGK),LM-SGK-TIN8-0001#F0257,SGK,Bài 12. Từ thuật toán đến chương trình,75,shared/learning_resources/ocr_text/sgk_tin_hoc_8/tin_8_bai_12/tin_8_bai_12.md,draft,Top-1 từ SQLite FTS theo tên bài học.,false,
HNMU-G8-R0219-STT8,8,Bài 12,Câu hỏi 2 (Tr. 72 SGK),LM-SGK-TIN8-0001#F0257,SGK,Bài 12. Từ thuật toán đến chương trình,75,shared/learning_resources/ocr_text/sgk_tin_hoc_8/tin_8_bai_12/tin_8_bai_12.md,draft,Top-1 từ SQLite FTS theo tên bài học.,false,
HNMU-G8-R0220-STT9,8,Bài 12,Hoạt động 2 (Tr. 72 SGK),LM-SGK-TIN8-0001#F0257,SGK,Bài 12. Từ thuật toán đến chương trình,75,shared/learning_resources/ocr_text/sgk_tin_hoc_8/tin_8_bai_12/tin_8_bai_12.md,draft,Top-1 từ SQLite FTS theo tên bài học.,false,
HNMU-G8-R0221-STT10,8,Bài 12,Luyện tập 3 (Tr. 75 SGK),LM-SGK-TIN8-0001#F0257,SGK,Bài 12. Từ thuật toán đến chương trình,75,shared/learning_resources/ocr_text/sgk_tin_hoc_8/tin_8_bai_12/tin_8_bai_12.md,draft,Top-1 từ SQLite FTS theo tên bài học.,false,
HNMU-G8-R0222-STT11,8,Bài 12,Luyện tập 1 (Tr. 75 SGK),LM-SGK-TIN8-0001#F0258,SGK,Bài 12. Từ thuật toán đến chương trình,75,shared/learning_resources/ocr_text/sgk_tin_hoc_8/tin_8_bai_12/tin_8_bai_12.md,draft,Top-1 từ SQLite FTS theo câu hỏi và metadata bài học.,false,
HNMU-G8-R0223-STT12,8,Bài 12,Nhiệm vụ 1 (Tr. 73 SGK),LM-SGK-TIN8-0001#F0257,SGK,Bài 12. Từ thuật toán đến chương trình,75,shared/learning_resources/ocr_text/sgk_tin_hoc_8/tin_8_bai_12/tin_8_bai_12.md,draft,Top-1 từ SQLite FTS theo tên bài học.,false,
HNMU-G8-R0224-STT13,8,Bài 12,Luyện tập 2 (Tr. 75 SGK),LM-SGK-TIN8-0001#F0257,SGK,Bài 12. Từ thuật toán đến chương trình,75,shared/learning_resources/ocr_text/sgk_tin_hoc_8/tin_8_bai_12/tin_8_bai_12.md,draft,Top-1 từ SQLite FTS theo tên bài học.,false,
HNMU-G8-R0225-STT14,8,Bài 12,Vận dụng (Tr. 75 SGK),LM-SGK-TIN8-0001#F0257,SGK,Bài 12. Từ thuật toán đến chương trình,75,shared/learning_resources/ocr_text/sgk_tin_hoc_8/tin_8_bai_12/tin_8_bai_12.md,draft,Top-1 từ SQLite FTS theo tên bài học.,false,
HNMU-G8-R0226-STT1,8,Bài 13: Biểu diễn dữ liệu,Mục 1. Kiến thức mới (Tr. 76),LM-SGK-TIN8-0001#F0264,SGK,Bài 13. Biểu diễn dữ liệu,76,shared/learning_resources/ocr_text/sgk_tin_hoc_8/tin_8_bai_13/tin_8_bai_13.md,draft,Top-1 từ SQLite FTS theo đáp án SGV và metadata bài học.,false,
HNMU-G8-R0227-STT2,8,Bài 13: Biểu diễn dữ liệu,Mục 1. Hoạt động 1 (Tr. 76),LM-SGK-TIN8-0001#F0268,SGK,Bài 13. Biểu diễn dữ liệu,77,shared/learning_resources/ocr_text/sgk_tin_hoc_8/tin_8_bai_13/tin_8_bai_13.md,draft,Top-1 từ SQLite FTS theo đáp án SGV và metadata bài học.,false,
HNMU-G8-R0228-STT3,8,Bài 13: Biểu diễn dữ liệu,Mục 2. Các phép toán (Tr. 77),LM-SGV-TIN8-4923610683#F0333,SGV,Bài 13. BIỂU DIỄN DỮ LIỆU,85,shared/learning_resources/ocr_text/sgv_tin_hoc_8/sgv_tin_8_bai_13/sgv_tin_8_bai_13.md,draft,Top-1 từ SQLite FTS theo tên bài học.,false,
HNMU-G8-R0229-STT4,8,Bài 13: Biểu diễn dữ liệu,Hình 13.1 (Tr. 77),LM-SGK-TIN8-0001#F0270,SGK,Bài 13. Biểu diễn dữ liệu,77,shared/learning_resources/ocr_text/sgk_tin_hoc_8/tin_8_bai_13/tin_8_bai_13.md,draft,Top-1 từ SQLite FTS theo đáp án SGV và metadata bài học.,false,
HNMU-G8-R0230-STT5,8,Bài 13: Biểu diễn dữ liệu,Mục 1. Kiến thức mới (Tr. 76),LM-SGV-TIN8-4923610683#F0333,SGV,Bài 13. BIỂU DIỄN DỮ LIỆU,85,shared/learning_resources/ocr_text/sgv_tin_hoc_8/sgv_tin_8_bai_13/sgv_tin_8_bai_13.md,draft,Top-1 từ SQLite FTS theo tên bài học.,false,
HNMU-G8-R0231-STT6,8,Bài 13: Biểu diễn dữ liệu,Mục 2. Các phép toán (Tr. 77),LM-SGV-TIN8-4923610683#F0333,SGV,Bài 13. BIỂU DIỄN DỮ LIỆU,85,shared/learning_resources/ocr_text/sgv_tin_hoc_8/sgv_tin_8_bai_13/sgv_tin_8_bai_13.md,draft,Top-1 từ SQLite FTS theo tên bài học.,false,
HNMU-G8-R0232-STT7,8,Bài 13: Biểu diễn dữ liệu,Mục 2. Phép toán (Tr. 77),LM-SGV-TIN8-4923610683#F0333,SGV,Bài 13. BIỂU DIỄN DỮ LIỆU,85,shared/learning_resources/ocr_text/sgv_tin_hoc_8/sgv_tin_8_bai_13/sgv_tin_8_bai_13.md,draft,Top-1 từ SQLite FTS theo tên bài học.,false,
HNMU-G8-R0233-STT8,8,Bài 13: Biểu diễn dữ liệu,Mục 2. Lưu ý (SGV Tr. 85),LM-SGV-TIN8-4923610683#F0333,SGV,Bài 13. BIỂU DIỄN DỮ LIỆU,85,shared/learning_resources/ocr_text/sgv_tin_hoc_8/sgv_tin_8_bai_13/sgv_tin_8_bai_13.md,draft,Top-1 từ SQLite FTS theo tên bài học.,false,
HNMU-G8-R0234-STT9,8,Bài 13: Biểu diễn dữ liệu,Câu hỏi 2 (Tr. 77),LM-SGV-TIN8-4923610683#F0333,SGV,Bài 13. BIỂU DIỄN DỮ LIỆU,85,shared/learning_resources/ocr_text/sgv_tin_hoc_8/sgv_tin_8_bai_13/sgv_tin_8_bai_13.md,draft,Top-1 từ SQLite FTS theo tên bài học.,false,
HNMU-G8-R0235-STT10,8,Bài 13: Biểu diễn dữ liệu,Hình 13.1 (Tr. 77),LM-SGV-TIN8-4923610683#F0333,SGV,Bài 13. BIỂU DIỄN DỮ LIỆU,85,shared/learning_resources/ocr_text/sgv_tin_hoc_8/sgv_tin_8_bai_13/sgv_tin_8_bai_13.md,draft,Top-1 từ SQLite FTS theo tên bài học.,false,
HNMU-G8-R0236-STT11,8,Bài 13: Biểu diễn dữ liệu,Luyện tập (Tr. 79),LM-SGV-TIN8-4923610683#F0333,SGV,Bài 13. BIỂU DIỄN DỮ LIỆU,85,shared/learning_resources/ocr_text/sgv_tin_hoc_8/sgv_tin_8_bai_13/sgv_tin_8_bai_13.md,draft,Top-1 từ SQLite FTS theo tên bài học.,false,
HNMU-G8-R0237-STT12,8,Bài 13: Biểu diễn dữ liệu,Hoạt động 1 (Tr. 76),LM-SGV-TIN8-4923610683#F0333,SGV,Bài 13. BIỂU DIỄN DỮ LIỆU,85,shared/learning_resources/ocr_text/sgv_tin_hoc_8/sgv_tin_8_bai_13/sgv_tin_8_bai_13.md,draft,Top-1 từ SQLite FTS theo tên bài học.,false,
HNMU-G8-R0238-STT13,8,Bài 13: Biểu diễn dữ liệu,Thực hành (Tr. 78),LM-SGV-TIN8-4923610683#F0333,SGV,Bài 13. BIỂU DIỄN DỮ LIỆU,85,shared/learning_resources/ocr_text/sgv_tin_hoc_8/sgv_tin_8_bai_13/sgv_tin_8_bai_13.md,draft,Top-1 từ SQLite FTS theo tên bài học.,false,
HNMU-G8-R0239-STT14,8,Bài 13: Biểu diễn dữ liệu,Vận dụng (Tr. 79),LM-SGV-TIN8-4923610683#F0333,SGV,Bài 13. BIỂU DIỄN DỮ LIỆU,85,shared/learning_resources/ocr_text/sgv_tin_hoc_8/sgv_tin_8_bai_13/sgv_tin_8_bai_13.md,draft,Top-1 từ SQLite FTS theo tên bài học.,false,
HNMU-G8-R0240-STT1,8,Bài 14: Cấu trúc điều khiển,Mục 1. Cấu trúc tuần tự (Tr. 80 SGK),LM-SGK-TIN8-0001#F0281,SGK,Bài 14. Cấu trúc điều khiển,81,shared/learning_resources/ocr_text/sgk_tin_hoc_8/tin_8_bai_14/tin_8_bai_14.md,draft,Top-1 từ SQLite FTS theo tên bài học.,false,
HNMU-G8-R0241-STT2,8,Bài 14: Cấu trúc điều khiển,Mục 1. Cấu trúc rẽ nhánh (Tr. 81 SGK),LM-SGK-TIN8-0001#F0282,SGK,Bài 14. Cấu trúc điều khiển,81,shared/learning_resources/ocr_text/sgk_tin_hoc_8/tin_8_bai_14/tin_8_bai_14.md,draft,Top-1 từ SQLite FTS theo đáp án SGV và metadata bài học.,false,
HNMU-G8-R0242-STT3,8,Bài 14: Cấu trúc điều khiển,Mục 1. Cấu trúc lặp (Tr. 84 SGK),LM-SGK-TIN8-0001#F0281,SGK,Bài 14. Cấu trúc điều khiển,81,shared/learning_resources/ocr_text/sgk_tin_hoc_8/tin_8_bai_14/tin_8_bai_14.md,draft,Top-1 từ SQLite FTS theo tên bài học.,false,
HNMU-G8-R0243-STT4,8,Bài 14: Cấu trúc điều khiển,Hoạt động 1. Đoán số (Tr. 80 SGK),LM-SGK-TIN8-0001#F0281,SGK,Bài 14. Cấu trúc điều khiển,81,shared/learning_resources/ocr_text/sgk_tin_hoc_8/tin_8_bai_14/tin_8_bai_14.md,draft,Top-1 từ SQLite FTS theo tên bài học.,false,
HNMU-G8-R0244-STT5,8,Bài 14: Cấu trúc điều khiển,Mục 1. Hoạt động 1 (Tr. 80 SGK),LM-SGK-TIN8-0001#F0281,SGK,Bài 14. Cấu trúc điều khiển,81,shared/learning_resources/ocr_text/sgk_tin_hoc_8/tin_8_bai_14/tin_8_bai_14.md,draft,Top-1 từ SQLite FTS theo tên bài học.,false,
HNMU-G8-R0245-STT6,8,Bài 14: Cấu trúc điều khiển,Hình 14.2 (Tr. 81 SGK),LM-SGK-TIN8-0001#F0281,SGK,Bài 14. Cấu trúc điều khiển,81,shared/learning_resources/ocr_text/sgk_tin_hoc_8/tin_8_bai_14/tin_8_bai_14.md,draft,Top-1 từ SQLite FTS theo tên bài học.,false,
HNMU-G8-R0246-STT7,8,Bài 14: Cấu trúc điều khiển,Câu hỏi 2 (Tr. 81 SGK),LM-SGK-TIN8-0001#F0281,SGK,Bài 14. Cấu trúc điều khiển,81,shared/learning_resources/ocr_text/sgk_tin_hoc_8/tin_8_bai_14/tin_8_bai_14.md,draft,Top-1 từ SQLite FTS theo tên bài học.,false,
HNMU-G8-R0247-STT8,8,Bài 14: Cấu trúc điều khiển,Hình 14.1 (Tr. 80 SGK),LM-SGK-TIN8-0001#F0281,SGK,Bài 14. Cấu trúc điều khiển,81,shared/learning_resources/ocr_text/sgk_tin_hoc_8/tin_8_bai_14/tin_8_bai_14.md,draft,Top-1 từ SQLite FTS theo tên bài học.,false,
HNMU-G8-R0248-STT9,8,Bài 14: Cấu trúc điều khiển,Mục 1. Cấu trúc lặp (Tr. 84 SGK),LM-SGK-TIN8-0001#F0281,SGK,Bài 14. Cấu trúc điều khiển,81,shared/learning_resources/ocr_text/sgk_tin_hoc_8/tin_8_bai_14/tin_8_bai_14.md,draft,Top-1 từ SQLite FTS theo tên bài học.,false,
HNMU-G8-R0249-STT10,8,Bài 14: Cấu trúc điều khiển,Câu hỏi (Tr. 83 SGK),LM-SGK-TIN8-0001#F0283,SGK,Bài 14. Cấu trúc điều khiển,82,shared/learning_resources/ocr_text/sgk_tin_hoc_8/tin_8_bai_14/tin_8_bai_14.md,draft,Top-1 từ SQLite FTS theo câu hỏi và metadata bài học.,false,
HNMU-G8-R0250-STT11,8,Bài 14: Cấu trúc điều khiển,Vận dụng 1 (Tr. 81 SGK),LM-SGK-TIN8-0001#F0281,SGK,Bài 14. Cấu trúc điều khiển,81,shared/learning_resources/ocr_text/sgk_tin_hoc_8/tin_8_bai_14/tin_8_bai_14.md,draft,Top-1 từ SQLite FTS theo tên bài học.,false,
HNMU-G8-R0251-STT12,8,Bài 14: Cấu trúc điều khiển,Vận dụng 2 (Tr. 81 SGK),LM-SGK-TIN8-0001#F0281,SGK,Bài 14. Cấu trúc điều khiển,81,shared/learning_resources/ocr_text/sgk_tin_hoc_8/tin_8_bai_14/tin_8_bai_14.md,draft,Top-1 từ SQLite FTS theo tên bài học.,false,
HNMU-G8-R0252-STT13,8,Bài 14: Cấu trúc điều khiển,Bảng 14.1 (Tr. 84 SGK),LM-SGK-TIN8-0001#F0281,SGK,Bài 14. Cấu trúc điều khiển,81,shared/learning_resources/ocr_text/sgk_tin_hoc_8/tin_8_bai_14/tin_8_bai_14.md,draft,Top-1 từ SQLite FTS theo tên bài học.,false,
HNMU-G8-R0253-STT14,8,Bài 14: Cấu trúc điều khiển,Thực hành (Tr. 83-84 SGK),LM-SGK-TIN8-0001#F0281,SGK,Bài 14. Cấu trúc điều khiển,81,shared/learning_resources/ocr_text/sgk_tin_hoc_8/tin_8_bai_14/tin_8_bai_14.md,draft,Top-1 từ SQLite FTS theo tên bài học.,false,
HNMU-G8-R0254-STT1,8,Bài 15: Gỡ lỗi,Mục 1. Kiến thức mới (Tr. 85 SGK),LM-SGK-TIN8-0001#F0299,SGK,Bài 15. Gỡ lỗi,89,shared/learning_resources/ocr_text/sgk_tin_hoc_8/tin_8_bai_15/tin_8_bai_15.md,draft,Top-1 từ SQLite FTS theo tên bài học.,false,
HNMU-G8-R0255-STT2,8,Bài 15: Gỡ lỗi,Mục 1. Hoạt động 1 (Tr. 85 SGK),LM-SGK-TIN8-0001#F0299,SGK,Bài 15. Gỡ lỗi,89,shared/learning_resources/ocr_text/sgk_tin_hoc_8/tin_8_bai_15/tin_8_bai_15.md,draft,Top-1 từ SQLite FTS theo tên bài học.,false,
HNMU-G8-R0256-STT3,8,Bài 15: Gỡ lỗi,Mục 2. Phân loại lỗi (Tr. 86 SGK),LM-SGK-TIN8-0001#F0299,SGK,Bài 15. Gỡ lỗi,89,shared/learning_resources/ocr_text/sgk_tin_hoc_8/tin_8_bai_15/tin_8_bai_15.md,draft,Top-1 từ SQLite FTS theo tên bài học.,false,
HNMU-G8-R0257-STT4,8,Bài 15: Gỡ lỗi,Hình 15.2 (Tr. 86 SGK),LM-SGK-TIN8-0001#F0299,SGK,Bài 15. Gỡ lỗi,89,shared/learning_resources/ocr_text/sgk_tin_hoc_8/tin_8_bai_15/tin_8_bai_15.md,draft,Top-1 từ SQLite FTS theo tên bài học.,false,
HNMU-G8-R0258-STT5,8,Bài 15: Gỡ lỗi,Mục 1. Kiến thức mới (Tr. 85 SGK),LM-SGK-TIN8-0001#F0299,SGK,Bài 15. Gỡ lỗi,89,shared/learning_resources/ocr_text/sgk_tin_hoc_8/tin_8_bai_15/tin_8_bai_15.md,draft,Top-1 từ SQLite FTS theo tên bài học.,false,
HNMU-G8-R0259-STT6,8,Bài 15: Gỡ lỗi,Mục 1. Lưu ý (Tr. 85 SGK),LM-SGK-TIN8-0001#F0299,SGK,Bài 15. Gỡ lỗi,89,shared/learning_resources/ocr_text/sgk_tin_hoc_8/tin_8_bai_15/tin_8_bai_15.md,draft,Top-1 từ SQLite FTS theo tên bài học.,false,
HNMU-G8-R0260-STT7,8,Bài 15: Gỡ lỗi,Hoạt động 1 (Tr. 85 SGK),LM-SGK-TIN8-0001#F0299,SGK,Bài 15. Gỡ lỗi,89,shared/learning_resources/ocr_text/sgk_tin_hoc_8/tin_8_bai_15/tin_8_bai_15.md,draft,Top-1 từ SQLite FTS theo tên bài học.,false,
HNMU-G8-R0261-STT8,8,Bài 15: Gỡ lỗi,Hình 15.1 (Tr. 85 SGK),LM-SGK-TIN8-0001#F0299,SGK,Bài 15. Gỡ lỗi,89,shared/learning_resources/ocr_text/sgk_tin_hoc_8/tin_8_bai_15/tin_8_bai_15.md,draft,Top-1 từ SQLite FTS theo tên bài học.,false,
HNMU-G8-R0262-STT9,8,Bài 15: Gỡ lỗi,Mục 2. b (Tr. 86 SGK),LM-SGK-TIN8-0001#F0299,SGK,Bài 15. Gỡ lỗi,89,shared/learning_resources/ocr_text/sgk_tin_hoc_8/tin_8_bai_15/tin_8_bai_15.md,draft,Top-1 từ SQLite FTS theo tên bài học.,false,
HNMU-G8-R0263-STT10,8,Bài 15: Gỡ lỗi,Câu hỏi 2 (Tr. 86 SGK),LM-SGK-TIN8-0001#F0299,SGK,Bài 15. Gỡ lỗi,89,shared/learning_resources/ocr_text/sgk_tin_hoc_8/tin_8_bai_15/tin_8_bai_15.md,draft,Top-1 từ SQLite FTS theo tên bài học.,false,
HNMU-G8-R0264-STT11,8,Bài 15: Gỡ lỗi,Hoạt động 2 (Tr. 86 SGK),LM-SGK-TIN8-0001#F0299,SGK,Bài 15. Gỡ lỗi,89,shared/learning_resources/ocr_text/sgk_tin_hoc_8/tin_8_bai_15/tin_8_bai_15.md,draft,Top-1 từ SQLite FTS theo tên bài học.,false,
HNMU-G8-R0265-STT12,8,Bài 15: Gỡ lỗi,Bảng 16.2 (Tr. 86 SGK),LM-SGK-TIN8-0001#F0299,SGK,Bài 15. Gỡ lỗi,89,shared/learning_resources/ocr_text/sgk_tin_hoc_8/tin_8_bai_15/tin_8_bai_15.md,draft,Top-1 từ SQLite FTS theo tên bài học.,false,
HNMU-G8-R0266-STT13,8,Bài 15: Gỡ lỗi,Luyện tập 2 (Tr. 86 SGK),LM-SGK-TIN8-0001#F0299,SGK,Bài 15. Gỡ lỗi,89,shared/learning_resources/ocr_text/sgk_tin_hoc_8/tin_8_bai_15/tin_8_bai_15.md,draft,Top-1 từ SQLite FTS theo tên bài học.,false,
HNMU-G8-R0267-STT14,8,Bài 15: Gỡ lỗi,Vận dụng (Tr. 86 SGK),LM-SGK-TIN8-0001#F0299,SGK,Bài 15. Gỡ lỗi,89,shared/learning_resources/ocr_text/sgk_tin_hoc_8/tin_8_bai_15/tin_8_bai_15.md,draft,Top-1 từ SQLite FTS theo tên bài học.,false,
HNMU-G8-R0268-STT1,8,Bài 16,Mục 1 (Tr. 89 SGK),LM-SGK-TIN8-0001#F0312,SGK,Bài 16. Tin học với nghề nghiệp,93,shared/learning_resources/ocr_text/sgk_tin_hoc_8/tin_8_bai_16/tin_8_bai_16.md,draft,Top-1 từ SQLite FTS theo tên bài học.,false,
HNMU-G8-R0269-STT2,8,Bài 16,Mục 1 (Tr. 87 SGK),LM-SGK-TIN8-0001#F0312,SGK,Bài 16. Tin học với nghề nghiệp,93,shared/learning_resources/ocr_text/sgk_tin_hoc_8/tin_8_bai_16/tin_8_bai_16.md,draft,Top-1 từ SQLite FTS theo tên bài học.,false,
HNMU-G8-R0270-STT3,8,Bài 16,Mục 2 (Tr. 90 SGK),LM-SGK-TIN8-0001#F0313,SGK,Bài 16. Tin học với nghề nghiệp,94,shared/learning_resources/ocr_text/sgk_tin_hoc_8/tin_8_bai_16/tin_8_bai_16.md,draft,Top-1 từ SQLite FTS theo đáp án SGV và metadata bài học.,false,
HNMU-G8-R0271-STT4,8,Bài 16,Câu hỏi 1 (Tr. 89 SGK),LM-SGK-TIN8-0001#F0312,SGK,Bài 16. Tin học với nghề nghiệp,93,shared/learning_resources/ocr_text/sgk_tin_hoc_8/tin_8_bai_16/tin_8_bai_16.md,draft,Top-1 từ SQLite FTS theo tên bài học.,false,
HNMU-G8-R0272-STT5,8,Bài 16,Mục 2 (Tr. 89 SGK),LM-SGK-TIN8-0001#F0312,SGK,Bài 16. Tin học với nghề nghiệp,93,shared/learning_resources/ocr_text/sgk_tin_hoc_8/tin_8_bai_16/tin_8_bai_16.md,draft,Top-1 từ SQLite FTS theo tên bài học.,false,
HNMU-G8-R0273-STT6,8,Bài 16,Mục 1 (Tr. 89 SGK),LM-SGK-TIN8-0001#F0312,SGK,Bài 16. Tin học với nghề nghiệp,93,shared/learning_resources/ocr_text/sgk_tin_hoc_8/tin_8_bai_16/tin_8_bai_16.md,draft,Top-1 từ SQLite FTS theo tên bài học.,false,
HNMU-G8-R0274-STT7,8,Bài 16,Mục 2 (Tr. 90 SGK),LM-SGK-TIN8-0001#F0312,SGK,Bài 16. Tin học với nghề nghiệp,93,shared/learning_resources/ocr_text/sgk_tin_hoc_8/tin_8_bai_16/tin_8_bai_16.md,draft,Top-1 từ SQLite FTS theo tên bài học.,false,
HNMU-G8-R0275-STT8,8,Bài 16,Mục 1 (Tr. 87 SGK),LM-SGK-TIN8-0001#F0312,SGK,Bài 16. Tin học với nghề nghiệp,93,shared/learning_resources/ocr_text/sgk_tin_hoc_8/tin_8_bai_16/tin_8_bai_16.md,draft,Top-1 từ SQLite FTS theo tên bài học.,false,
HNMU-G8-R0276-STT9,8,Bài 16,Luyện tập 2 (Tr. 90 SGK),LM-SGK-TIN8-0001#F0312,SGK,Bài 16. Tin học với nghề nghiệp,93,shared/learning_resources/ocr_text/sgk_tin_hoc_8/tin_8_bai_16/tin_8_bai_16.md,draft,Top-1 từ SQLite FTS theo tên bài học.,false,
HNMU-G8-R0277-STT10,8,Bài 16,Mục 1 (Tr. 87 SGK),LM-SGK-TIN8-0001#F0312,SGK,Bài 16. Tin học với nghề nghiệp,93,shared/learning_resources/ocr_text/sgk_tin_hoc_8/tin_8_bai_16/tin_8_bai_16.md,draft,Top-1 từ SQLite FTS theo tên bài học.,false,
HNMU-G8-R0278-STT11,8,Bài 16,Vận dụng 1 (Tr. 90 SGK),LM-SGK-TIN8-0001#F0312,SGK,Bài 16. Tin học với nghề nghiệp,93,shared/learning_resources/ocr_text/sgk_tin_hoc_8/tin_8_bai_16/tin_8_bai_16.md,draft,Top-1 từ SQLite FTS theo tên bài học.,false,
HNMU-G8-R0279-STT12,8,Bài 16,Hoạt động 2 (Tr. 89 SGK),LM-SGK-TIN8-0001#F0312,SGK,Bài 16. Tin học với nghề nghiệp,93,shared/learning_resources/ocr_text/sgk_tin_hoc_8/tin_8_bai_16/tin_8_bai_16.md,draft,Top-1 từ SQLite FTS theo tên bài học.,false,
HNMU-G8-R0280-STT13,8,Bài 16,Luyện tập 1 (Tr. 90 SGK),LM-SGK-TIN8-0001#F0312,SGK,Bài 16. Tin học với nghề nghiệp,93,shared/learning_resources/ocr_text/sgk_tin_hoc_8/tin_8_bai_16/tin_8_bai_16.md,draft,Top-1 từ SQLite FTS theo tên bài học.,false,
HNMU-G8-R0281-STT14,8,Bài 16,Mục 3 (Tr. 99 SGV),LM-SGV-TIN8-4923610683#F0386,SGV,Bài 16. TIN HỌC VỚI NGHỀ NGHIỆP,97,shared/learning_resources/ocr_text/sgv_tin_hoc_8/sgv_tin_8_bai_16/sgv_tin_8_bai_16.md,draft,Top-1 từ SQLite FTS theo tên bài học.,false,
HNMU-G9-R0002-STT1,9,Bài 1: Thế giới kĩ thuật số,Mục 1. Thế giới kĩ thuật số (Tr. 5 SGK),LM-SGK-TIN9-0001#F0009,SGK,Bài 1. Thế giới kĩ thuật số,7,shared/learning_resources/ocr_text/sgk_tin_hoc_9/tin_9_bai_1/tin_9_bai_1.md,draft,Top-1 từ SQLite FTS theo tên bài học.,false,
HNMU-G9-R0003-STT2,9,Bài 1: Thế giới kĩ thuật số,Mục 2. Ứng dụng (Tr. 6 SGK),LM-SGK-TIN9-0001#F0008,SGK,Bài 1. Thế giới kĩ thuật số,7,shared/learning_resources/ocr_text/sgk_tin_hoc_9/tin_9_bai_1/tin_9_bai_1.md,draft,Top-1 từ SQLite FTS theo đáp án SGV và metadata bài học.,false,
HNMU-G9-R0004-STT3,9,Bài 1: Thế giới kĩ thuật số,Mục 3. Tác động (Tr. 7 SGK),LM-SGK-TIN9-0001#F0004,SGK,Bài 1. Thế giới kĩ thuật số,6,shared/learning_resources/ocr_text/sgk_tin_hoc_9/tin_9_bai_1/tin_9_bai_1.md,draft,Top-1 từ SQLite FTS theo đáp án SGV và metadata bài học.,false,
HNMU-G9-R0005-STT4,9,Bài 1: Thế giới kĩ thuật số,Mục 1. Kiến thức mới (Tr. 5 SGK),LM-SGK-TIN9-0001#F0002,SGK,Bài 1. Thế giới kĩ thuật số,5,shared/learning_resources/ocr_text/sgk_tin_hoc_9/tin_9_bai_1/tin_9_bai_1.md,draft,Top-1 từ SQLite FTS theo đáp án SGV và metadata bài học.,false,
HNMU-G9-R0006-STT5,9,Bài 1: Thế giới kĩ thuật số,Vận dụng (Tr. 8 SGK),LM-SGK-TIN9-0001#F0009,SGK,Bài 1. Thế giới kĩ thuật số,7,shared/learning_resources/ocr_text/sgk_tin_hoc_9/tin_9_bai_1/tin_9_bai_1.md,draft,Top-1 từ SQLite FTS theo tên bài học.,false,
HNMU-G9-R0007-STT6,9,Bài 1: Thế giới kĩ thuật số,Mục 2. b (Tr. 7 SGK),LM-SGK-TIN9-0001#F0009,SGK,Bài 1. Thế giới kĩ thuật số,7,shared/learning_resources/ocr_text/sgk_tin_hoc_9/tin_9_bai_1/tin_9_bai_1.md,draft,Top-1 từ SQLite FTS theo tên bài học.,false,
HNMU-G9-R0008-STT7,9,Bài 1: Thế giới kĩ thuật số,Câu hỏi 2 (Tr. 19 SGV),LM-SGV-TIN9-4923777498#F0052,SGV,Bài 1. THẾ GIỚI KỸ THUẬT SỐ,19,shared/learning_resources/ocr_text/sgv_tin_hoc_9/sgv_tin_9_bai_1/sgv_tin_9_bai_1.md,draft,Top-1 từ SQLite FTS theo tên bài học.,false,
HNMU-G9-R0009-STT8,9,Bài 1: Thế giới kĩ thuật số,Mục 3 (Tr. 8 SGK),LM-SGK-TIN9-0001#F0009,SGK,Bài 1. Thế giới kĩ thuật số,7,shared/learning_resources/ocr_text/sgk_tin_hoc_9/tin_9_bai_1/tin_9_bai_1.md,draft,Top-1 từ SQLite FTS theo tên bài học.,false,
HNMU-G9-R0010-STT9,9,Bài 1: Thế giới kĩ thuật số,Câu hỏi (Tr. 20 SGV),LM-SGV-TIN9-4923777498#F0052,SGV,Bài 1. THẾ GIỚI KỸ THUẬT SỐ,19,shared/learning_resources/ocr_text/sgv_tin_hoc_9/sgv_tin_9_bai_1/sgv_tin_9_bai_1.md,draft,Top-1 từ SQLite FTS theo tên bài học.,false,
HNMU-G9-R0011-STT10,9,Bài 1: Thế giới kĩ thuật số,Hình 1.4 (Tr. 7 SGK),LM-SGK-TIN9-0001#F0009,SGK,Bài 1. Thế giới kĩ thuật số,7,shared/learning_resources/ocr_text/sgk_tin_hoc_9/tin_9_bai_1/tin_9_bai_1.md,draft,Top-1 từ SQLite FTS theo tên bài học.,false,
HNMU-G9-R0012-STT11,9,Bài 1: Thế giới kĩ thuật số,Luyện tập 1 (Tr. 8 SGK),LM-SGK-TIN9-0001#F0009,SGK,Bài 1. Thế giới kĩ thuật số,7,shared/learning_resources/ocr_text/sgk_tin_hoc_9/tin_9_bai_1/tin_9_bai_1.md,draft,Top-1 từ SQLite FTS theo tên bài học.,false,
HNMU-G9-R0013-STT12,9,Bài 1: Thế giới kĩ thuật số,Luyện tập 2 (Tr. 8 SGK),LM-SGK-TIN9-0001#F0011,SGK,Bài 1. Thế giới kĩ thuật số,8,shared/learning_resources/ocr_text/sgk_tin_hoc_9/tin_9_bai_1/tin_9_bai_1.md,draft,Top-1 từ SQLite FTS theo câu hỏi và metadata bài học.,false,
HNMU-G9-R0014-STT13,9,Bài 1: Thế giới kĩ thuật số,Câu hỏi a (Tr. 8 SGK),LM-SGK-TIN9-0001#F0009,SGK,Bài 1. Thế giới kĩ thuật số,7,shared/learning_resources/ocr_text/sgk_tin_hoc_9/tin_9_bai_1/tin_9_bai_1.md,draft,Top-1 từ SQLite FTS theo tên bài học.,false,
HNMU-G9-R0015-STT14,9,Bài 1: Thế giới kĩ thuật số,Vận dụng (Tr. 8 SGK),LM-SGK-TIN9-0001#F0009,SGK,Bài 1. Thế giới kĩ thuật số,7,shared/learning_resources/ocr_text/sgk_tin_hoc_9/tin_9_bai_1/tin_9_bai_1.md,draft,Top-1 từ SQLite FTS theo tên bài học.,false,
HNMU-G9-R0016-STT1,9,Bài 2: Thông tin trong giải quyết vấn đề,Mục 1. Chất lượng thông tin (Tr. 9 SGK),LM-SGK-TIN9-0001#F0016,SGK,Bài 2. Thông tin trong giải quyết vấn đề,10,shared/learning_resources/ocr_text/sgk_tin_hoc_9/tin_9_bai_2/tin_9_bai_2.md,draft,Top-1 từ SQLite FTS theo tên bài học.,false,
HNMU-G9-R0017-STT2,9,Bài 2: Thông tin trong giải quyết vấn đề,Mục 1. a (Tr. 9 SGK),LM-SGK-TIN9-0001#F0017,SGK,Bài 2. Thông tin trong giải quyết vấn đề,11,shared/learning_resources/ocr_text/sgk_tin_hoc_9/tin_9_bai_2/tin_9_bai_2.md,draft,Top-1 từ SQLite FTS theo câu hỏi và metadata bài học.,false,
HNMU-G9-R0018-STT3,9,Bài 2: Thông tin trong giải quyết vấn đề,Mục 1. c (Tr. 9 SGK),LM-SGK-TIN9-0001#F0015,SGK,Bài 2. Thông tin trong giải quyết vấn đề,10,shared/learning_resources/ocr_text/sgk_tin_hoc_9/tin_9_bai_2/tin_9_bai_2.md,draft,Top-1 từ SQLite FTS theo câu hỏi và metadata bài học.,false,
HNMU-G9-R0019-STT4,9,Bài 2: Thông tin trong giải quyết vấn đề,Mục 1. d (Tr. 9 SGK),LM-SGK-TIN9-0001#F0015,SGK,Bài 2. Thông tin trong giải quyết vấn đề,10,shared/learning_resources/ocr_text/sgk_tin_hoc_9/tin_9_bai_2/tin_9_bai_2.md,draft,Top-1 từ SQLite FTS theo câu hỏi và metadata bài học.,false,
HNMU-G9-R0020-STT5,9,Bài 2: Thông tin trong giải quyết vấn đề,Mục 1. Kiến thức mới (Tr. 9 SGK),LM-SGK-TIN9-0001#F0016,SGK,Bài 2. Thông tin trong giải quyết vấn đề,10,shared/learning_resources/ocr_text/sgk_tin_hoc_9/tin_9_bai_2/tin_9_bai_2.md,draft,Top-1 từ SQLite FTS theo tên bài học.,false,
HNMU-G9-R0021-STT6,9,Bài 2: Thông tin trong giải quyết vấn đề,Mục 2 (Tr. 11 SGK),LM-SGK-TIN9-0001#F0016,SGK,Bài 2. Thông tin trong giải quyết vấn đề,10,shared/learning_resources/ocr_text/sgk_tin_hoc_9/tin_9_bai_2/tin_9_bai_2.md,draft,Top-1 từ SQLite FTS theo tên bài học.,false,
HNMU-G9-R0022-STT7,9,Bài 2: Thông tin trong giải quyết vấn đề,Mục 1. b (Tr. 9 SGK),LM-SGK-TIN9-0001#F0016,SGK,Bài 2. Thông tin trong giải quyết vấn đề,10,shared/learning_resources/ocr_text/sgk_tin_hoc_9/tin_9_bai_2/tin_9_bai_2.md,draft,Top-1 từ SQLite FTS theo tên bài học.,false,
HNMU-G9-R0023-STT8,9,Bài 2: Thông tin trong giải quyết vấn đề,Mục 2 (Tr. 11 SGK),LM-SGK-TIN9-0001#F0015,SGK,Bài 2. Thông tin trong giải quyết vấn đề,10,shared/learning_resources/ocr_text/sgk_tin_hoc_9/tin_9_bai_2/tin_9_bai_2.md,draft,Top-1 từ SQLite FTS theo đáp án SGV và metadata bài học.,false,
HNMU-G9-R0024-STT9,9,Bài 2: Thông tin trong giải quyết vấn đề,Câu hỏi 2 (Tr. 13 SGK),LM-SGK-TIN9-0001#F0016,SGK,Bài 2. Thông tin trong giải quyết vấn đề,10,shared/learning_resources/ocr_text/sgk_tin_hoc_9/tin_9_bai_2/tin_9_bai_2.md,draft,Top-1 từ SQLite FTS theo tên bài học.,false,
HNMU-G9-R0025-STT10,9,Bài 2: Thông tin trong giải quyết vấn đề,Luyện tập (Tr. 11 SGK),LM-SGK-TIN9-0001#F0016,SGK,Bài 2. Thông tin trong giải quyết vấn đề,10,shared/learning_resources/ocr_text/sgk_tin_hoc_9/tin_9_bai_2/tin_9_bai_2.md,draft,Top-1 từ SQLite FTS theo tên bài học.,false,
HNMU-G9-R0026-STT11,9,Bài 2: Thông tin trong giải quyết vấn đề,Câu hỏi c (Tr. 11 SGK),LM-SGK-TIN9-0001#F0016,SGK,Bài 2. Thông tin trong giải quyết vấn đề,10,shared/learning_resources/ocr_text/sgk_tin_hoc_9/tin_9_bai_2/tin_9_bai_2.md,draft,Top-1 từ SQLite FTS theo tên bài học.,false,
HNMU-G9-R0027-STT12,9,Bài 2: Thông tin trong giải quyết vấn đề,Nhiệm vụ 1 (Tr. 12 SGK),LM-SGK-TIN9-0001#F0016,SGK,Bài 2. Thông tin trong giải quyết vấn đề,10,shared/learning_resources/ocr_text/sgk_tin_hoc_9/tin_9_bai_2/tin_9_bai_2.md,draft,Top-1 từ SQLite FTS theo tên bài học.,false,
HNMU-G9-R0028-STT13,9,Bài 2: Thông tin trong giải quyết vấn đề,Nhiệm vụ 2 (Tr. 14 SGK),LM-SGK-TIN9-0001#F0016,SGK,Bài 2. Thông tin trong giải quyết vấn đề,10,shared/learning_resources/ocr_text/sgk_tin_hoc_9/tin_9_bai_2/tin_9_bai_2.md,draft,Top-1 từ SQLite FTS theo tên bài học.,false,
HNMU-G9-R0029-STT14,9,Bài 2: Thông tin trong giải quyết vấn đề,Vận dụng (Tr. 14 SGK),LM-SGK-TIN9-0001#F0016,SGK,Bài 2. Thông tin trong giải quyết vấn đề,10,shared/learning_resources/ocr_text/sgk_tin_hoc_9/tin_9_bai_2/tin_9_bai_2.md,draft,Top-1 từ SQLite FTS theo tên bài học.,false,
HNMU-G9-R0030-STT1,9,Bài 3: Thực hành: Đánh giá chất lượng thông tin,Mục 1. a (Tr. 9 SGK),LM-SGK-TIN9-0001#F0028,SGK,Bài 3. Thực hành: Đánh giá chất lượng thông tin,14,shared/learning_resources/ocr_text/sgk_tin_hoc_9/tin_9_bai_3/tin_9_bai_3.md,draft,Top-1 từ SQLite FTS theo đáp án SGV và metadata bài học.,false,
HNMU-G9-R0031-STT2,9,Bài 3: Thực hành: Đánh giá chất lượng thông tin,Mục 1. a (Tr. 9 SGK),LM-SGK-TIN9-0001#F0020,SGK,Bài 3. Thực hành: Đánh giá chất lượng thông tin,12,shared/learning_resources/ocr_text/sgk_tin_hoc_9/tin_9_bai_3/tin_9_bai_3.md,draft,Top-1 từ SQLite FTS theo tên bài học.,false,
HNMU-G9-R0032-STT3,9,Bài 3: Thực hành: Đánh giá chất lượng thông tin,Mục 1. c (Tr. 10 SGK),LM-SGK-TIN9-0001#F0020,SGK,Bài 3. Thực hành: Đánh giá chất lượng thông tin,12,shared/learning_resources/ocr_text/sgk_tin_hoc_9/tin_9_bai_3/tin_9_bai_3.md,draft,Top-1 từ SQLite FTS theo tên bài học.,false,
HNMU-G9-R0033-STT4,9,Bài 3: Thực hành: Đánh giá chất lượng thông tin,Mục 2 (Tr. 13 SGK),LM-SGK-TIN9-0001#F0020,SGK,Bài 3. Thực hành: Đánh giá chất lượng thông tin,12,shared/learning_resources/ocr_text/sgk_tin_hoc_9/tin_9_bai_3/tin_9_bai_3.md,draft,Top-1 từ SQLite FTS theo tên bài học.,false,
HNMU-G9-R0034-STT5,9,Bài 3: Thực hành: Đánh giá chất lượng thông tin,Mục 2 (Tr. 11 SGK),LM-SGK-TIN9-0001#F0020,SGK,Bài 3. Thực hành: Đánh giá chất lượng thông tin,12,shared/learning_resources/ocr_text/sgk_tin_hoc_9/tin_9_bai_3/tin_9_bai_3.md,draft,Top-1 từ SQLite FTS theo tên bài học.,false,
HNMU-G9-R0035-STT6,9,Bài 3: Thực hành: Đánh giá chất lượng thông tin,Mục 2 (Tr. 11 SGK),LM-SGK-TIN9-0001#F0020,SGK,Bài 3. Thực hành: Đánh giá chất lượng thông tin,12,shared/learning_resources/ocr_text/sgk_tin_hoc_9/tin_9_bai_3/tin_9_bai_3.md,draft,Top-1 từ SQLite FTS theo tên bài học.,false,
HNMU-G9-R0036-STT7,9,Bài 3: Thực hành: Đánh giá chất lượng thông tin,Mục 1. b (Tr. 9 SGK),LM-SGK-TIN9-0001#F0020,SGK,Bài 3. Thực hành: Đánh giá chất lượng thông tin,12,shared/learning_resources/ocr_text/sgk_tin_hoc_9/tin_9_bai_3/tin_9_bai_3.md,draft,Top-1 từ SQLite FTS theo tên bài học.,false,
HNMU-G9-R0037-STT8,9,Bài 3: Thực hành: Đánh giá chất lượng thông tin,Hoạt động 1 (Tr. 12 SGK),LM-SGK-TIN9-0001#F0020,SGK,Bài 3. Thực hành: Đánh giá chất lượng thông tin,12,shared/learning_resources/ocr_text/sgk_tin_hoc_9/tin_9_bai_3/tin_9_bai_3.md,draft,Top-1 từ SQLite FTS theo tên bài học.,false,
HNMU-G9-R0038-STT9,9,Bài 3: Thực hành: Đánh giá chất lượng thông tin,Câu hỏi 2 (Tr. 13 SGK),LM-SGK-TIN9-0001#F0020,SGK,Bài 3. Thực hành: Đánh giá chất lượng thông tin,12,shared/learning_resources/ocr_text/sgk_tin_hoc_9/tin_9_bai_3/tin_9_bai_3.md,draft,Top-1 từ SQLite FTS theo tên bài học.,false,
HNMU-G9-R0039-STT10,9,Bài 3: Thực hành: Đánh giá chất lượng thông tin,SGV Tr. 27,LM-SGV-TIN9-4923777498#F0095,SGV,Bài 3. THỰC HÀNH: ĐÁNH GIÁ CHẤT LƯỢNG THÔNG TIN,29,shared/learning_resources/ocr_text/sgv_tin_hoc_9/sgv_tin_9_bai_3/sgv_tin_9_bai_3.md,draft,Top-1 từ SQLite FTS theo tên bài học.,false,
HNMU-G9-R0040-STT11,9,Bài 3: Thực hành: Đánh giá chất lượng thông tin,Vận dụng (Tr. 11 SGK),LM-SGK-TIN9-0001#F0020,SGK,Bài 3. Thực hành: Đánh giá chất lượng thông tin,12,shared/learning_resources/ocr_text/sgk_tin_hoc_9/tin_9_bai_3/tin_9_bai_3.md,draft,Top-1 từ SQLite FTS theo tên bài học.,false,
HNMU-G9-R0041-STT12,9,Bài 3: Thực hành: Đánh giá chất lượng thông tin,Nhiệm vụ 1 (Tr. 12 SGK),LM-SGK-TIN9-0001#F0020,SGK,Bài 3. Thực hành: Đánh giá chất lượng thông tin,12,shared/learning_resources/ocr_text/sgk_tin_hoc_9/tin_9_bai_3/tin_9_bai_3.md,draft,Top-1 từ SQLite FTS theo tên bài học.,false,
HNMU-G9-R0042-STT13,9,Bài 3: Thực hành: Đánh giá chất lượng thông tin,Nhiệm vụ 2 (Tr. 14 SGK),LM-SGK-TIN9-0001#F0020,SGK,Bài 3. Thực hành: Đánh giá chất lượng thông tin,12,shared/learning_resources/ocr_text/sgk_tin_hoc_9/tin_9_bai_3/tin_9_bai_3.md,draft,Top-1 từ SQLite FTS theo tên bài học.,false,
HNMU-G9-R0043-STT14,9,Bài 3: Thực hành: Đánh giá chất lượng thông tin,Vận dụng (Tr. 14 SGK),LM-SGK-TIN9-0001#F0020,SGK,Bài 3. Thực hành: Đánh giá chất lượng thông tin,12,shared/learning_resources/ocr_text/sgk_tin_hoc_9/tin_9_bai_3/tin_9_bai_3.md,draft,Top-1 từ SQLite FTS theo tên bài học.,false,
HNMU-G9-R0044-STT1,9,Bài 4: Một số vấn đề pháp lý về sử dụng dịch vụ Internet,Mục 1. a (Tr. 15 SGK),LM-SGK-TIN9-0001#F0038,SGK,Bài 4. Một số vấn đề pháp lí về sử dụng dịch vụ Internet,18,shared/learning_resources/ocr_text/sgk_tin_hoc_9/tin_9_bai_4/tin_9_bai_4.md,draft,Top-1 từ SQLite FTS theo đáp án SGV và metadata bài học.,false,
HNMU-G9-R0045-STT2,9,Bài 4: Một số vấn đề pháp lý về sử dụng dịch vụ Internet,Mục 1. b (Tr. 16 SGK),LM-SGK-TIN9-0001#F0035,SGK,Bài 4. Một số vấn đề pháp lí về sử dụng dịch vụ Internet,17,shared/learning_resources/ocr_text/sgk_tin_hoc_9/tin_9_bai_4/tin_9_bai_4.md,draft,Top-1 từ SQLite FTS theo tên bài học.,false,
HNMU-G9-R0046-STT3,9,Bài 4: Một số vấn đề pháp lý về sử dụng dịch vụ Internet,Mục 2. a (Tr. 17 SGK),LM-SGK-TIN9-0001#F0035,SGK,Bài 4. Một số vấn đề pháp lí về sử dụng dịch vụ Internet,17,shared/learning_resources/ocr_text/sgk_tin_hoc_9/tin_9_bai_4/tin_9_bai_4.md,draft,Top-1 từ SQLite FTS theo tên bài học.,false,
HNMU-G9-R0047-STT4,9,Bài 4: Một số vấn đề pháp lý về sử dụng dịch vụ Internet,Hoạt động 3 (Tr. 18 SGK),LM-SGK-TIN9-0001#F0035,SGK,Bài 4. Một số vấn đề pháp lí về sử dụng dịch vụ Internet,17,shared/learning_resources/ocr_text/sgk_tin_hoc_9/tin_9_bai_4/tin_9_bai_4.md,draft,Top-1 từ SQLite FTS theo tên bài học.,false,
HNMU-G9-R0048-STT5,9,Bài 4: Một số vấn đề pháp lý về sử dụng dịch vụ Internet,Mục 2. b (Tr. 17 SGK),LM-SGK-TIN9-0001#F0035,SGK,Bài 4. Một số vấn đề pháp lí về sử dụng dịch vụ Internet,17,shared/learning_resources/ocr_text/sgk_tin_hoc_9/tin_9_bai_4/tin_9_bai_4.md,draft,Top-1 từ SQLite FTS theo tên bài học.,false,
HNMU-G9-R0049-STT6,9,Bài 4: Một số vấn đề pháp lý về sử dụng dịch vụ Internet,Hoạt động 1 (Tr. 15 SGK),LM-SGK-TIN9-0001#F0035,SGK,Bài 4. Một số vấn đề pháp lí về sử dụng dịch vụ Internet,17,shared/learning_resources/ocr_text/sgk_tin_hoc_9/tin_9_bai_4/tin_9_bai_4.md,draft,Top-1 từ SQLite FTS theo tên bài học.,false,
HNMU-G9-R0050-STT7,9,Bài 4: Một số vấn đề pháp lý về sử dụng dịch vụ Internet,Câu hỏi 1 (Tr. 17 SGK),LM-SGK-TIN9-0001#F0035,SGK,Bài 4. Một số vấn đề pháp lí về sử dụng dịch vụ Internet,17,shared/learning_resources/ocr_text/sgk_tin_hoc_9/tin_9_bai_4/tin_9_bai_4.md,draft,Top-1 từ SQLite FTS theo tên bài học.,false,
HNMU-G9-R0051-STT8,9,Bài 4: Một số vấn đề pháp lý về sử dụng dịch vụ Internet,Mục 2 (Tr. 17 SGK),LM-SGK-TIN9-0001#F0035,SGK,Bài 4. Một số vấn đề pháp lí về sử dụng dịch vụ Internet,17,shared/learning_resources/ocr_text/sgk_tin_hoc_9/tin_9_bai_4/tin_9_bai_4.md,draft,Top-1 từ SQLite FTS theo tên bài học.,false,
HNMU-G9-R0052-STT9,9,Bài 4: Một số vấn đề pháp lý về sử dụng dịch vụ Internet,Hình 4.2 (Tr. 16 SGK),LM-SGK-TIN9-0001#F0035,SGK,Bài 4. Một số vấn đề pháp lí về sử dụng dịch vụ Internet,17,shared/learning_resources/ocr_text/sgk_tin_hoc_9/tin_9_bai_4/tin_9_bai_4.md,draft,Top-1 từ SQLite FTS theo tên bài học.,false,
HNMU-G9-R0053-STT10,9,Bài 4: Một số vấn đề pháp lý về sử dụng dịch vụ Internet,Câu hỏi 2 (Tr. 17 SGK),LM-SGK-TIN9-0001#F0035,SGK,Bài 4. Một số vấn đề pháp lí về sử dụng dịch vụ Internet,17,shared/learning_resources/ocr_text/sgk_tin_hoc_9/tin_9_bai_4/tin_9_bai_4.md,draft,Top-1 từ SQLite FTS theo tên bài học.,false,
HNMU-G9-R0054-STT11,9,Bài 4: Một số vấn đề pháp lý về sử dụng dịch vụ Internet,Luyện tập 2 (Tr. 19 SGK),LM-SGK-TIN9-0001#F0035,SGK,Bài 4. Một số vấn đề pháp lí về sử dụng dịch vụ Internet,17,shared/learning_resources/ocr_text/sgk_tin_hoc_9/tin_9_bai_4/tin_9_bai_4.md,draft,Top-1 từ SQLite FTS theo tên bài học.,false,
HNMU-G9-R0055-STT12,9,Bài 4: Một số vấn đề pháp lý về sử dụng dịch vụ Internet,Vận dụng (Tr. 19 SGK),LM-SGK-TIN9-0001#F0035,SGK,Bài 4. Một số vấn đề pháp lí về sử dụng dịch vụ Internet,17,shared/learning_resources/ocr_text/sgk_tin_hoc_9/tin_9_bai_4/tin_9_bai_4.md,draft,Top-1 từ SQLite FTS theo tên bài học.,false,
HNMU-G9-R0056-STT13,9,Bài 4: Một số vấn đề pháp lý về sử dụng dịch vụ Internet,SGV Tr. 32,LM-SGV-TIN9-4923777498#F0107,SGV,Bài 4. MỘT SỐ VẤN ĐỀ PHÁP LÝ VỀ SỬ DỤNG DỊCH VỤ INTERNET,31,shared/learning_resources/ocr_text/sgv_tin_hoc_9/sgv_tin_9_bai_4/sgv_tin_9_bai_4.md,draft,Top-1 từ SQLite FTS theo tên bài học.,false,
HNMU-G9-R0057-STT14,9,Bài 4: Một số vấn đề pháp lý về sử dụng dịch vụ Internet,Vận dụng (Tr. 19 SGK),LM-SGK-TIN9-0001#F0035,SGK,Bài 4. Một số vấn đề pháp lí về sử dụng dịch vụ Internet,17,shared/learning_resources/ocr_text/sgk_tin_hoc_9/tin_9_bai_4/tin_9_bai_4.md,draft,Top-1 từ SQLite FTS theo tên bài học.,false,
HNMU-G9-R0058-STT1,9,Bài 5: Tìm hiểu phần mềm mô phỏng,Mục 1 (Tr. 20 SGK),LM-SGK-TIN9-0001#F0043,SGK,Bài 5. Tìm hiểu phần mềm mô phỏng,20,shared/learning_resources/ocr_text/sgk_tin_hoc_9/tin_9_bai_5/tin_9_bai_5.md,draft,Top-1 từ SQLite FTS theo câu hỏi và metadata bài học.,false,
HNMU-G9-R0059-STT2,9,Bài 5: Tìm hiểu phần mềm mô phỏng,Mục 1 (Tr. 20 SGK),LM-SGK-TIN9-0001#F0045,SGK,Bài 5. Tìm hiểu phần mềm mô phỏng,21,shared/learning_resources/ocr_text/sgk_tin_hoc_9/tin_9_bai_5/tin_9_bai_5.md,draft,Top-1 từ SQLite FTS theo tên bài học.,false,
HNMU-G9-R0060-STT3,9,Bài 5: Tìm hiểu phần mềm mô phỏng,Mục 1 (Tr. 20 SGK),LM-SGK-TIN9-0001#F0045,SGK,Bài 5. Tìm hiểu phần mềm mô phỏng,21,shared/learning_resources/ocr_text/sgk_tin_hoc_9/tin_9_bai_5/tin_9_bai_5.md,draft,Top-1 từ SQLite FTS theo tên bài học.,false,
HNMU-G9-R0061-STT4,9,Bài 5: Tìm hiểu phần mềm mô phỏng,Hoạt động 2 (Tr. 21 SGK),LM-SGK-TIN9-0001#F0045,SGK,Bài 5. Tìm hiểu phần mềm mô phỏng,21,shared/learning_resources/ocr_text/sgk_tin_hoc_9/tin_9_bai_5/tin_9_bai_5.md,draft,Top-1 từ SQLite FTS theo tên bài học.,false,
HNMU-G9-R0062-STT5,9,Bài 5: Tìm hiểu phần mềm mô phỏng,Mục 1 (Tr. 20 SGK),LM-SGK-TIN9-0001#F0045,SGK,Bài 5. Tìm hiểu phần mềm mô phỏng,21,shared/learning_resources/ocr_text/sgk_tin_hoc_9/tin_9_bai_5/tin_9_bai_5.md,draft,Top-1 từ SQLite FTS theo tên bài học.,false,
HNMU-G9-R0063-STT6,9,Bài 5: Tìm hiểu phần mềm mô phỏng,Mục 1 (Tr. 20 SGK),LM-SGK-TIN9-0001#F0045,SGK,Bài 5. Tìm hiểu phần mềm mô phỏng,21,shared/learning_resources/ocr_text/sgk_tin_hoc_9/tin_9_bai_5/tin_9_bai_5.md,draft,Top-1 từ SQLite FTS theo tên bài học.,false,
HNMU-G9-R0064-STT7,9,Bài 5: Tìm hiểu phần mềm mô phỏng,Câu hỏi 2 (Tr. 21 SGK),LM-SGK-TIN9-0001#F0045,SGK,Bài 5. Tìm hiểu phần mềm mô phỏng,21,shared/learning_resources/ocr_text/sgk_tin_hoc_9/tin_9_bai_5/tin_9_bai_5.md,draft,Top-1 từ SQLite FTS theo tên bài học.,false,
HNMU-G9-R0065-STT8,9,Bài 5: Tìm hiểu phần mềm mô phỏng,Mục 2 (Tr. 21 SGK),LM-SGK-TIN9-0001#F0045,SGK,Bài 5. Tìm hiểu phần mềm mô phỏng,21,shared/learning_resources/ocr_text/sgk_tin_hoc_9/tin_9_bai_5/tin_9_bai_5.md,draft,Top-1 từ SQLite FTS theo tên bài học.,false,
HNMU-G9-R0066-STT9,9,Bài 5: Tìm hiểu phần mềm mô phỏng,Mục 1 (Tr. 20 SGK),LM-SGK-TIN9-0001#F0045,SGK,Bài 5. Tìm hiểu phần mềm mô phỏng,21,shared/learning_resources/ocr_text/sgk_tin_hoc_9/tin_9_bai_5/tin_9_bai_5.md,draft,Top-1 từ SQLite FTS theo tên bài học.,false,
HNMU-G9-R0067-STT10,9,Bài 5: Tìm hiểu phần mềm mô phỏng,Mục 1 (SGV Tr. 36),LM-SGV-TIN9-4923777498#F0128,SGV,Bài 5. TÌM HIỂU PHẦN MỀM MÔ PHỎNG,35,shared/learning_resources/ocr_text/sgv_tin_hoc_9/sgv_tin_9_bai_5/sgv_tin_9_bai_5.md,draft,Top-1 từ SQLite FTS theo tên bài học.,false,
HNMU-G9-R0068-STT11,9,Bài 5: Tìm hiểu phần mềm mô phỏng,Luyện tập (Tr. 22 SGK),LM-SGK-TIN9-0001#F0045,SGK,Bài 5. Tìm hiểu phần mềm mô phỏng,21,shared/learning_resources/ocr_text/sgk_tin_hoc_9/tin_9_bai_5/tin_9_bai_5.md,draft,Top-1 từ SQLite FTS theo tên bài học.,false,
HNMU-G9-R0069-STT12,9,Bài 5: Tìm hiểu phần mềm mô phỏng,Vận dụng (Tr. 22 SGK),LM-SGK-TIN9-0001#F0045,SGK,Bài 5. Tìm hiểu phần mềm mô phỏng,21,shared/learning_resources/ocr_text/sgk_tin_hoc_9/tin_9_bai_5/tin_9_bai_5.md,draft,Top-1 từ SQLite FTS theo tên bài học.,false,
HNMU-G9-R0070-STT13,9,Bài 5: Tìm hiểu phần mềm mô phỏng,SGV Tr. 43,LM-SGV-TIN9-4923777498#F0128,SGV,Bài 5. TÌM HIỂU PHẦN MỀM MÔ PHỎNG,35,shared/learning_resources/ocr_text/sgv_tin_hoc_9/sgv_tin_9_bai_5/sgv_tin_9_bai_5.md,draft,Top-1 từ SQLite FTS theo tên bài học.,false,
HNMU-G9-R0071-STT14,9,Bài 5: Tìm hiểu phần mềm mô phỏng,Vận dụng (Tr. 22 SGK),LM-SGK-TIN9-0001#F0045,SGK,Bài 5. Tìm hiểu phần mềm mô phỏng,21,shared/learning_resources/ocr_text/sgk_tin_hoc_9/tin_9_bai_5/tin_9_bai_5.md,draft,Top-1 từ SQLite FTS theo tên bài học.,false,
HNMU-G9-R0072-STT1,9,Bài 6: Thực hành: Khai thác phần mềm mô phỏng,Hoạt động 1 (Tr. 23 SGK),LM-SGK-TIN9-0001#F0049,SGK,Bài 6. Thực hành: Khai thác phần mềm mô phỏng,23,shared/learning_resources/ocr_text/sgk_tin_hoc_9/tin_9_bai_6/tin_9_bai_6.md,draft,Top-1 từ SQLite FTS theo tên bài học.,false,
HNMU-G9-R0073-STT2,9,Bài 6: Thực hành: Khai thác phần mềm mô phỏng,Nhiệm vụ 2 (Tr. 25 SGK),LM-SGK-TIN9-0001#F0049,SGK,Bài 6. Thực hành: Khai thác phần mềm mô phỏng,23,shared/learning_resources/ocr_text/sgk_tin_hoc_9/tin_9_bai_6/tin_9_bai_6.md,draft,Top-1 từ SQLite FTS theo tên bài học.,false,
HNMU-G9-R0074-STT3,9,Bài 6: Thực hành: Khai thác phần mềm mô phỏng,Mục 2. b (Tr. 25 SGK),LM-SGK-TIN9-0001#F0049,SGK,Bài 6. Thực hành: Khai thác phần mềm mô phỏng,23,shared/learning_resources/ocr_text/sgk_tin_hoc_9/tin_9_bai_6/tin_9_bai_6.md,draft,Top-1 từ SQLite FTS theo tên bài học.,false,
HNMU-G9-R0075-STT4,9,Bài 6: Thực hành: Khai thác phần mềm mô phỏng,Hoạt động 1 (Tr. 23 SGK),LM-SGK-TIN9-0001#F0049,SGK,Bài 6. Thực hành: Khai thác phần mềm mô phỏng,23,shared/learning_resources/ocr_text/sgk_tin_hoc_9/tin_9_bai_6/tin_9_bai_6.md,draft,Top-1 từ SQLite FTS theo tên bài học.,false,
HNMU-G9-R0076-STT5,9,Bài 6: Thực hành: Khai thác phần mềm mô phỏng,Nhiệm vụ 1 (Tr. 23 SGK),LM-SGK-TIN9-0001#F0049,SGK,Bài 6. Thực hành: Khai thác phần mềm mô phỏng,23,shared/learning_resources/ocr_text/sgk_tin_hoc_9/tin_9_bai_6/tin_9_bai_6.md,draft,Top-1 từ SQLite FTS theo tên bài học.,false,
HNMU-G9-R0077-STT6,9,Bài 6: Thực hành: Khai thác phần mềm mô phỏng,Hoạt động 2 (Tr. 25 SGK),LM-SGK-TIN9-0001#F0049,SGK,Bài 6. Thực hành: Khai thác phần mềm mô phỏng,23,shared/learning_resources/ocr_text/sgk_tin_hoc_9/tin_9_bai_6/tin_9_bai_6.md,draft,Top-1 từ SQLite FTS theo tên bài học.,false,
HNMU-G9-R0078-STT7,9,Bài 6: Thực hành: Khai thác phần mềm mô phỏng,Nhiệm vụ 1 (Tr. 23 SGK),LM-SGK-TIN9-0001#F0049,SGK,Bài 6. Thực hành: Khai thác phần mềm mô phỏng,23,shared/learning_resources/ocr_text/sgk_tin_hoc_9/tin_9_bai_6/tin_9_bai_6.md,draft,Top-1 từ SQLite FTS theo tên bài học.,false,
HNMU-G9-R0079-STT8,9,Bài 6: Thực hành: Khai thác phần mềm mô phỏng,Nhiệm vụ 2 (Tr. 25 SGK),LM-SGK-TIN9-0001#F0049,SGK,Bài 6. Thực hành: Khai thác phần mềm mô phỏng,23,shared/learning_resources/ocr_text/sgk_tin_hoc_9/tin_9_bai_6/tin_9_bai_6.md,draft,Top-1 từ SQLite FTS theo tên bài học.,false,
HNMU-G9-R0080-STT9,9,Bài 6: Thực hành: Khai thác phần mềm mô phỏng,SGV Tr. 27,LM-SGV-TIN9-4923777498#F0149,SGV,Bài 6. THỰC HÀNH: KHAI THÁC PHẦN MỀM MÔ PHỎNG,39,shared/learning_resources/ocr_text/sgv_tin_hoc_9/sgv_tin_9_bai_6/sgv_tin_9_bai_6.md,draft,Top-1 từ SQLite FTS theo tên bài học.,false,
HNMU-G9-R0081-STT10,9,Bài 6: Thực hành: Khai thác phần mềm mô phỏng,Nhiệm vụ 1 (Tr. 24 SGK),LM-SGK-TIN9-0001#F0049,SGK,Bài 6. Thực hành: Khai thác phần mềm mô phỏng,23,shared/learning_resources/ocr_text/sgk_tin_hoc_9/tin_9_bai_6/tin_9_bai_6.md,draft,Top-1 từ SQLite FTS theo tên bài học.,false,
HNMU-G9-R0082-STT11,9,Bài 6: Thực hành: Khai thác phần mềm mô phỏng,Luyện tập (Tr. 26 SGK),LM-SGK-TIN9-0001#F0049,SGK,Bài 6. Thực hành: Khai thác phần mềm mô phỏng,23,shared/learning_resources/ocr_text/sgk_tin_hoc_9/tin_9_bai_6/tin_9_bai_6.md,draft,Top-1 từ SQLite FTS theo tên bài học.,false,
HNMU-G9-R0083-STT12,9,Bài 6: Thực hành: Khai thác phần mềm mô phỏng,Vận dụng (Tr. 26 SGK),LM-SGK-TIN9-0001#F0049,SGK,Bài 6. Thực hành: Khai thác phần mềm mô phỏng,23,shared/learning_resources/ocr_text/sgk_tin_hoc_9/tin_9_bai_6/tin_9_bai_6.md,draft,Top-1 từ SQLite FTS theo tên bài học.,false,
HNMU-G9-R0084-STT13,9,Bài 6: Thực hành: Khai thác phần mềm mô phỏng,Nhiệm vụ 2 (Tr. 25 SGK),LM-SGK-TIN9-0001#F0049,SGK,Bài 6. Thực hành: Khai thác phần mềm mô phỏng,23,shared/learning_resources/ocr_text/sgk_tin_hoc_9/tin_9_bai_6/tin_9_bai_6.md,draft,Top-1 từ SQLite FTS theo tên bài học.,false,
HNMU-G9-R0085-STT14,9,Bài 6: Thực hành: Khai thác phần mềm mô phỏng,Nhiệm vụ 1 (Tr. 24 SGK),LM-SGK-TIN9-0001#F0049,SGK,Bài 6. Thực hành: Khai thác phần mềm mô phỏng,23,shared/learning_resources/ocr_text/sgk_tin_hoc_9/tin_9_bai_6/tin_9_bai_6.md,draft,Top-1 từ SQLite FTS theo tên bài học.,false,
HNMU-G9-R0086-STT1,9,Bài 7: Trình bày thông tin trong trao đổi hợp tác,Mục 1 (Tr. 27 SGK),LM-SGK-TIN9-0001#F0069,SGK,Bài 7. Trình bày thông tin trong trao đổi và hợp tác,27,shared/learning_resources/ocr_text/sgk_tin_hoc_9/tin_9_bai_7/tin_9_bai_7.md,draft,Top-1 từ SQLite FTS theo đáp án SGV và metadata bài học.,false,
HNMU-G9-R0087-STT2,9,Bài 7: Trình bày thông tin trong trao đổi hợp tác,Mục 1 (Tr. 27 SGK),LM-SGK-TIN9-0001#F0069,SGK,Bài 7. Trình bày thông tin trong trao đổi và hợp tác,27,shared/learning_resources/ocr_text/sgk_tin_hoc_9/tin_9_bai_7/tin_9_bai_7.md,draft,Top-1 từ SQLite FTS theo đáp án SGV và metadata bài học.,false,
HNMU-G9-R0088-STT3,9,Bài 7: Trình bày thông tin trong trao đổi hợp tác,Hoạt động 1 (Tr. 27 SGK),LM-SGK-TIN9-0001#F0073,SGK,Bài 7. Trình bày thông tin trong trao đổi và hợp tác,29,shared/learning_resources/ocr_text/sgk_tin_hoc_9/tin_9_bai_7/tin_9_bai_7.md,draft,Top-1 từ SQLite FTS theo câu hỏi và metadata bài học.,false,
HNMU-G9-R0089-STT4,9,Bài 7: Trình bày thông tin trong trao đổi hợp tác,Mục 1 (Tr. 28 SGK),LM-SGK-TIN9-0001#F0067,SGK,Bài 7. Trình bày thông tin trong trao đổi và hợp tác,27,shared/learning_resources/ocr_text/sgk_tin_hoc_9/tin_9_bai_7/tin_9_bai_7.md,draft,Top-1 từ SQLite FTS theo tên bài học.,false,
HNMU-G9-R0090-STT5,9,Bài 7: Trình bày thông tin trong trao đổi hợp tác,Mục 1 (Tr. 27 SGK),LM-SGK-TIN9-0001#F0067,SGK,Bài 7. Trình bày thông tin trong trao đổi và hợp tác,27,shared/learning_resources/ocr_text/sgk_tin_hoc_9/tin_9_bai_7/tin_9_bai_7.md,draft,Top-1 từ SQLite FTS theo tên bài học.,false,
HNMU-G9-R0091-STT6,9,Bài 7: Trình bày thông tin trong trao đổi hợp tác,Hoạt động 1 (Tr. 27 SGK),LM-SGK-TIN9-0001#F0067,SGK,Bài 7. Trình bày thông tin trong trao đổi và hợp tác,27,shared/learning_resources/ocr_text/sgk_tin_hoc_9/tin_9_bai_7/tin_9_bai_7.md,draft,Top-1 từ SQLite FTS theo tên bài học.,false,
HNMU-G9-R0092-STT7,9,Bài 7: Trình bày thông tin trong trao đổi hợp tác,Mục 1 (Tr. 28 SGK),LM-SGK-TIN9-0001#F0067,SGK,Bài 7. Trình bày thông tin trong trao đổi và hợp tác,27,shared/learning_resources/ocr_text/sgk_tin_hoc_9/tin_9_bai_7/tin_9_bai_7.md,draft,Top-1 từ SQLite FTS theo tên bài học.,false,
HNMU-G9-R0093-STT8,9,Bài 7: Trình bày thông tin trong trao đổi hợp tác,Mục 1 (Tr. 28 SGK),LM-SGK-TIN9-0001#F0067,SGK,Bài 7. Trình bày thông tin trong trao đổi và hợp tác,27,shared/learning_resources/ocr_text/sgk_tin_hoc_9/tin_9_bai_7/tin_9_bai_7.md,draft,Top-1 từ SQLite FTS theo tên bài học.,false,
HNMU-G9-R0094-STT9,9,Bài 7: Trình bày thông tin trong trao đổi hợp tác,Mục 1 (Tr. 28 SGK),LM-SGK-TIN9-0001#F0067,SGK,Bài 7. Trình bày thông tin trong trao đổi và hợp tác,27,shared/learning_resources/ocr_text/sgk_tin_hoc_9/tin_9_bai_7/tin_9_bai_7.md,draft,Top-1 từ SQLite FTS theo tên bài học.,false,
HNMU-G9-R0095-STT10,9,Bài 7: Trình bày thông tin trong trao đổi hợp tác,SGV Tr. 44,LM-SGV-TIN9-4923777498#F0171,SGV,Bài 7. TRÌNH BÀY THÔNG TIN TRONG TRAO ĐỔI VÀ HỢP TÁC,43,shared/learning_resources/ocr_text/sgv_tin_hoc_9/sgv_tin_9_bai_7/sgv_tin_9_bai_7.md,draft,Top-1 từ SQLite FTS theo tên bài học.,false,
HNMU-G9-R0096-STT11,9,Bài 7: Trình bày thông tin trong trao đổi hợp tác,Luyện tập (Tr. 29 SGK),LM-SGK-TIN9-0001#F0067,SGK,Bài 7. Trình bày thông tin trong trao đổi và hợp tác,27,shared/learning_resources/ocr_text/sgk_tin_hoc_9/tin_9_bai_7/tin_9_bai_7.md,draft,Top-1 từ SQLite FTS theo tên bài học.,false,
HNMU-G9-R0097-STT12,9,Bài 7: Trình bày thông tin trong trao đổi hợp tác,Vận dụng (Tr. 29 SGK),LM-SGK-TIN9-0001#F0067,SGK,Bài 7. Trình bày thông tin trong trao đổi và hợp tác,27,shared/learning_resources/ocr_text/sgk_tin_hoc_9/tin_9_bai_7/tin_9_bai_7.md,draft,Top-1 từ SQLite FTS theo tên bài học.,false,
HNMU-G9-R0098-STT13,9,Bài 7: Trình bày thông tin trong trao đổi hợp tác,Vận dụng (Tr. 29 SGK),LM-SGK-TIN9-0001#F0067,SGK,Bài 7. Trình bày thông tin trong trao đổi và hợp tác,27,shared/learning_resources/ocr_text/sgk_tin_hoc_9/tin_9_bai_7/tin_9_bai_7.md,draft,Top-1 từ SQLite FTS theo tên bài học.,false,
HNMU-G9-R0099-STT14,9,Bài 7: Trình bày thông tin trong trao đổi hợp tác,Thực hành (Tr. 30 SGK),LM-SGK-TIN9-0001#F0067,SGK,Bài 7. Trình bày thông tin trong trao đổi và hợp tác,27,shared/learning_resources/ocr_text/sgk_tin_hoc_9/tin_9_bai_7/tin_9_bai_7.md,draft,Top-1 từ SQLite FTS theo tên bài học.,false,
HNMU-G9-R0100-STT1,9,Bài 8: Sử dụng công cụ trực quan trình bày thông tin trong trao đổi và hợp tác,"Mục đích, yêu cầu (Tr. 30 SGK/Tr. 46 SGV)",LM-SGV-TIN9-4923777498#F0185,SGV,Bài 8. THỰC HÀNH: SỬ DỤNG CÔNG CỤ TRỰC QUAN TRÌNH BÀY THÔNG TIN TRONG TRAO ĐỔI VÀ HỢP TÁC,46,shared/learning_resources/ocr_text/sgv_tin_hoc_9/sgv_tin_9_bai_8/sgv_tin_9_bai_8.md,draft,Top-1 từ SQLite FTS theo tên bài học.,false,
HNMU-G9-R0101-STT2,9,Bài 8: Sử dụng công cụ trực quan trình bày thông tin trong trao đổi và hợp tác,Nhiệm vụ 2 (Tr. 31 SGK/Tr. 47 SGV),LM-SGV-TIN9-4923777498#F0185,SGV,Bài 8. THỰC HÀNH: SỬ DỤNG CÔNG CỤ TRỰC QUAN TRÌNH BÀY THÔNG TIN TRONG TRAO ĐỔI VÀ HỢP TÁC,46,shared/learning_resources/ocr_text/sgv_tin_hoc_9/sgv_tin_9_bai_8/sgv_tin_9_bai_8.md,draft,Top-1 từ SQLite FTS theo tên bài học.,false,
HNMU-G9-R0102-STT3,9,Bài 8: Sử dụng công cụ trực quan trình bày thông tin trong trao đổi và hợp tác,Nhiệm vụ 1 (Tr. 31 SGK),LM-SGK-TIN9-0001#F0075,SGK,Bài 8. Thực hành: Sử dụng công cụ trực quan trình bày thông tin trong trao đổi và hợp tác,30,shared/learning_resources/ocr_text/sgk_tin_hoc_9/tin_9_bai_8/tin_9_bai_8.md,draft,Top-1 từ SQLite FTS theo tên bài học.,false,
HNMU-G9-R0103-STT4,9,Bài 8: Sử dụng công cụ trực quan trình bày thông tin trong trao đổi và hợp tác,Mục 2 (Tr. 28 SGK),LM-SGK-TIN9-0001#F0075,SGK,Bài 8. Thực hành: Sử dụng công cụ trực quan trình bày thông tin trong trao đổi và hợp tác,30,shared/learning_resources/ocr_text/sgk_tin_hoc_9/tin_9_bai_8/tin_9_bai_8.md,draft,Top-1 từ SQLite FTS theo đáp án SGV và metadata bài học.,false,
HNMU-G9-R0104-STT5,9,Bài 8: Sử dụng công cụ trực quan trình bày thông tin trong trao đổi và hợp tác,Chuẩn bị (Tr. 46 SGV),LM-SGV-TIN9-4923777498#F0185,SGV,Bài 8. THỰC HÀNH: SỬ DỤNG CÔNG CỤ TRỰC QUAN TRÌNH BÀY THÔNG TIN TRONG TRAO ĐỔI VÀ HỢP TÁC,46,shared/learning_resources/ocr_text/sgv_tin_hoc_9/sgv_tin_9_bai_8/sgv_tin_9_bai_8.md,draft,Top-1 từ SQLite FTS theo tên bài học.,false,
HNMU-G9-R0105-STT6,9,Bài 8: Sử dụng công cụ trực quan trình bày thông tin trong trao đổi và hợp tác,Hoạt động khởi động (Tr. 46 SGV),LM-SGV-TIN9-4923777498#F0185,SGV,Bài 8. THỰC HÀNH: SỬ DỤNG CÔNG CỤ TRỰC QUAN TRÌNH BÀY THÔNG TIN TRONG TRAO ĐỔI VÀ HỢP TÁC,46,shared/learning_resources/ocr_text/sgv_tin_hoc_9/sgv_tin_9_bai_8/sgv_tin_9_bai_8.md,draft,Top-1 từ SQLite FTS theo tên bài học.,false,
HNMU-G9-R0106-STT7,9,Bài 8: Sử dụng công cụ trực quan trình bày thông tin trong trao đổi và hợp tác,Lưu ý (Tr. 46 SGV),LM-SGV-TIN9-4923777498#F0185,SGV,Bài 8. THỰC HÀNH: SỬ DỤNG CÔNG CỤ TRỰC QUAN TRÌNH BÀY THÔNG TIN TRONG TRAO ĐỔI VÀ HỢP TÁC,46,shared/learning_resources/ocr_text/sgv_tin_hoc_9/sgv_tin_9_bai_8/sgv_tin_9_bai_8.md,draft,Top-1 từ SQLite FTS theo tên bài học.,false,
HNMU-G9-R0107-STT8,9,Bài 8: Sử dụng công cụ trực quan trình bày thông tin trong trao đổi và hợp tác,Nhiệm vụ 1 (Tr. 30 SGK),LM-SGK-TIN9-0001#F0075,SGK,Bài 8. Thực hành: Sử dụng công cụ trực quan trình bày thông tin trong trao đổi và hợp tác,30,shared/learning_resources/ocr_text/sgk_tin_hoc_9/tin_9_bai_8/tin_9_bai_8.md,draft,Top-1 từ SQLite FTS theo tên bài học.,false,
HNMU-G9-R0108-STT9,9,Bài 8: Sử dụng công cụ trực quan trình bày thông tin trong trao đổi và hợp tác,Mục 1 (Tr. 28 SGK),LM-SGK-TIN9-0001#F0075,SGK,Bài 8. Thực hành: Sử dụng công cụ trực quan trình bày thông tin trong trao đổi và hợp tác,30,shared/learning_resources/ocr_text/sgk_tin_hoc_9/tin_9_bai_8/tin_9_bai_8.md,draft,Top-1 từ SQLite FTS theo tên bài học.,false,
HNMU-G9-R0109-STT10,9,Bài 8: Sử dụng công cụ trực quan trình bày thông tin trong trao đổi và hợp tác,Nhiệm vụ 2 (Tr. 47 SGV),LM-SGV-TIN9-4923777498#F0185,SGV,Bài 8. THỰC HÀNH: SỬ DỤNG CÔNG CỤ TRỰC QUAN TRÌNH BÀY THÔNG TIN TRONG TRAO ĐỔI VÀ HỢP TÁC,46,shared/learning_resources/ocr_text/sgv_tin_hoc_9/sgv_tin_9_bai_8/sgv_tin_9_bai_8.md,draft,Top-1 từ SQLite FTS theo tên bài học.,false,
HNMU-G9-R0110-STT11,9,Bài 8: Sử dụng công cụ trực quan trình bày thông tin trong trao đổi và hợp tác,Luyện tập (Tr. 29 SGK),LM-SGK-TIN9-0001#F0075,SGK,Bài 8. Thực hành: Sử dụng công cụ trực quan trình bày thông tin trong trao đổi và hợp tác,30,shared/learning_resources/ocr_text/sgk_tin_hoc_9/tin_9_bai_8/tin_9_bai_8.md,draft,Top-1 từ SQLite FTS theo tên bài học.,false,
HNMU-G9-R0111-STT12,9,Bài 8: Sử dụng công cụ trực quan trình bày thông tin trong trao đổi và hợp tác,Nhiệm vụ 1 (Tr. 31 SGK),LM-SGK-TIN9-0001#F0075,SGK,Bài 8. Thực hành: Sử dụng công cụ trực quan trình bày thông tin trong trao đổi và hợp tác,30,shared/learning_resources/ocr_text/sgk_tin_hoc_9/tin_9_bai_8/tin_9_bai_8.md,draft,Top-1 từ SQLite FTS theo tên bài học.,false,
HNMU-G9-R0112-STT13,9,Bài 8: Sử dụng công cụ trực quan trình bày thông tin trong trao đổi và hợp tác,Nhiệm vụ 3 (Tr. 32 SGK),LM-SGK-TIN9-0001#F0075,SGK,Bài 8. Thực hành: Sử dụng công cụ trực quan trình bày thông tin trong trao đổi và hợp tác,30,shared/learning_resources/ocr_text/sgk_tin_hoc_9/tin_9_bai_8/tin_9_bai_8.md,draft,Top-1 từ SQLite FTS theo tên bài học.,false,
HNMU-G9-R0113-STT14,9,Bài 8: Sử dụng công cụ trực quan trình bày thông tin trong trao đổi và hợp tác,Vận dụng (Tr. 29 SGK),LM-SGK-TIN9-0001#F0075,SGK,Bài 8. Thực hành: Sử dụng công cụ trực quan trình bày thông tin trong trao đổi và hợp tác,30,shared/learning_resources/ocr_text/sgk_tin_hoc_9/tin_9_bai_8/tin_9_bai_8.md,draft,Top-1 từ SQLite FTS theo tên bài học.,false,
HNMU-G9-R0114-STT1,9,Bài 9a: Sử dụng công cụ xác thực dữ liệu,"Mục 1, Trang 35-36 SGK",LM-SGK-TIN9-0001#F0095,SGK,Bài 9A. Sử dụng công cụ xác thực dữ liệu,35,shared/learning_resources/ocr_text/sgk_tin_hoc_9/tin_9_bai_9a/tin_9_bai_9a.md,draft,Top-1 từ SQLite FTS theo tên bài học.,false,
HNMU-G9-R0115-STT2,9,Bài 9a: Sử dụng công cụ xác thực dữ liệu,"Mục 1, Trang 36 SGK",LM-SGK-TIN9-0001#F0113,SGK,Bài 9A. Sử dụng công cụ xác thực dữ liệu,38,shared/learning_resources/ocr_text/sgk_tin_hoc_9/tin_9_bai_9a/tin_9_bai_9a.md,draft,Top-1 từ SQLite FTS theo đáp án SGV và metadata bài học.,false,
HNMU-G9-R0116-STT3,9,Bài 9a: Sử dụng công cụ xác thực dữ liệu,"Hoạt động 1, Trang 34 SGK",LM-SGK-TIN9-0001#F0095,SGK,Bài 9A. Sử dụng công cụ xác thực dữ liệu,35,shared/learning_resources/ocr_text/sgk_tin_hoc_9/tin_9_bai_9a/tin_9_bai_9a.md,draft,Top-1 từ SQLite FTS theo tên bài học.,false,
HNMU-G9-R0117-STT4,9,Bài 9a: Sử dụng công cụ xác thực dữ liệu,"Mục 1, Trang 38 SGK",LM-SGK-TIN9-0001#F0095,SGK,Bài 9A. Sử dụng công cụ xác thực dữ liệu,35,shared/learning_resources/ocr_text/sgk_tin_hoc_9/tin_9_bai_9a/tin_9_bai_9a.md,draft,Top-1 từ SQLite FTS theo tên bài học.,false,
HNMU-G9-R0118-STT5,9,Bài 9a: Sử dụng công cụ xác thực dữ liệu,"Mục 1, Trang 34 SGK",LM-SGK-TIN9-0001#F0095,SGK,Bài 9A. Sử dụng công cụ xác thực dữ liệu,35,shared/learning_resources/ocr_text/sgk_tin_hoc_9/tin_9_bai_9a/tin_9_bai_9a.md,draft,Top-1 từ SQLite FTS theo tên bài học.,false,
HNMU-G9-R0119-STT6,9,Bài 9a: Sử dụng công cụ xác thực dữ liệu,"Mục 1.b, Trang 35 SGK",LM-SGK-TIN9-0001#F0095,SGK,Bài 9A. Sử dụng công cụ xác thực dữ liệu,35,shared/learning_resources/ocr_text/sgk_tin_hoc_9/tin_9_bai_9a/tin_9_bai_9a.md,draft,Top-1 từ SQLite FTS theo tên bài học.,false,
HNMU-G9-R0120-STT7,9,Bài 9a: Sử dụng công cụ xác thực dữ liệu,"Mục 2.b, Trang 39 SGK",LM-SGK-TIN9-0001#F0095,SGK,Bài 9A. Sử dụng công cụ xác thực dữ liệu,35,shared/learning_resources/ocr_text/sgk_tin_hoc_9/tin_9_bai_9a/tin_9_bai_9a.md,draft,Top-1 từ SQLite FTS theo tên bài học.,false,
HNMU-G9-R0121-STT8,9,Bài 9a: Sử dụng công cụ xác thực dữ liệu,"Mục 1.b, Trang 36 SGK",LM-SGK-TIN9-0001#F0095,SGK,Bài 9A. Sử dụng công cụ xác thực dữ liệu,35,shared/learning_resources/ocr_text/sgk_tin_hoc_9/tin_9_bai_9a/tin_9_bai_9a.md,draft,Top-1 từ SQLite FTS theo tên bài học.,false,
HNMU-G9-R0122-STT9,9,Bài 9a: Sử dụng công cụ xác thực dữ liệu,"Hoạt động 1, Trang 34 SGK",LM-SGK-TIN9-0001#F0095,SGK,Bài 9A. Sử dụng công cụ xác thực dữ liệu,35,shared/learning_resources/ocr_text/sgk_tin_hoc_9/tin_9_bai_9a/tin_9_bai_9a.md,draft,Top-1 từ SQLite FTS theo tên bài học.,false,
HNMU-G9-R0123-STT10,9,Bài 9a: Sử dụng công cụ xác thực dữ liệu,Lưu ý,LM-SGK-TIN9-0001#F0095,SGK,Bài 9A. Sử dụng công cụ xác thực dữ liệu,35,shared/learning_resources/ocr_text/sgk_tin_hoc_9/tin_9_bai_9a/tin_9_bai_9a.md,draft,Top-1 từ SQLite FTS theo tên bài học.,false,
HNMU-G9-R0124-STT11,9,Bài 9a: Sử dụng công cụ xác thực dữ liệu,"Thực hành, Trang 38 SGK",LM-SGK-TIN9-0001#F0095,SGK,Bài 9A. Sử dụng công cụ xác thực dữ liệu,35,shared/learning_resources/ocr_text/sgk_tin_hoc_9/tin_9_bai_9a/tin_9_bai_9a.md,draft,Top-1 từ SQLite FTS theo tên bài học.,false,
HNMU-G9-R0125-STT12,9,Bài 9a: Sử dụng công cụ xác thực dữ liệu,"Thực hành, Trang 38 SGK",LM-SGK-TIN9-0001#F0095,SGK,Bài 9A. Sử dụng công cụ xác thực dữ liệu,35,shared/learning_resources/ocr_text/sgk_tin_hoc_9/tin_9_bai_9a/tin_9_bai_9a.md,draft,Top-1 từ SQLite FTS theo tên bài học.,false,
HNMU-G9-R0126-STT13,9,Bài 9a: Sử dụng công cụ xác thực dữ liệu,"Thực hành, Trang 39 SGK",LM-SGK-TIN9-0001#F0095,SGK,Bài 9A. Sử dụng công cụ xác thực dữ liệu,35,shared/learning_resources/ocr_text/sgk_tin_hoc_9/tin_9_bai_9a/tin_9_bai_9a.md,draft,Top-1 từ SQLite FTS theo tên bài học.,false,
HNMU-G9-R0127-STT14,9,Bài 9a: Sử dụng công cụ xác thực dữ liệu,"Vận dụng, Trang 40 SGK",LM-SGK-TIN9-0001#F0095,SGK,Bài 9A. Sử dụng công cụ xác thực dữ liệu,35,shared/learning_resources/ocr_text/sgk_tin_hoc_9/tin_9_bai_9a/tin_9_bai_9a.md,draft,Top-1 từ SQLite FTS theo tên bài học.,false,
HNMU-G9-R0128-STT1,9,10a. Sử dụng hàm Countif,"Mục 1, Trang 42 SGK",LM-SGK-TIN9-0001#F0141,SGK,Bài 10A. Sử dụng hàm COUNTIF,42,shared/learning_resources/ocr_text/sgk_tin_hoc_9/tin_9_bai_10a/tin_9_bai_10a.md,draft,Top-1 từ SQLite FTS theo tên bài học.,false,
HNMU-G9-R0129-STT2,9,10a. Sử dụng hàm Countif,"Mục 1, Trang 42 SGK",LM-SGK-TIN9-0001#F0141,SGK,Bài 10A. Sử dụng hàm COUNTIF,42,shared/learning_resources/ocr_text/sgk_tin_hoc_9/tin_9_bai_10a/tin_9_bai_10a.md,draft,Top-1 từ SQLite FTS theo tên bài học.,false,
HNMU-G9-R0130-STT3,9,10a. Sử dụng hàm Countif,"Mục 1, Trang 42 SGK",LM-SGK-TIN9-0001#F0141,SGK,Bài 10A. Sử dụng hàm COUNTIF,42,shared/learning_resources/ocr_text/sgk_tin_hoc_9/tin_9_bai_10a/tin_9_bai_10a.md,draft,Top-1 từ SQLite FTS theo tên bài học.,false,
HNMU-G9-R0131-STT4,9,10a. Sử dụng hàm Countif,"Mục 1, Trang 42 SGK",LM-SGK-TIN9-0001#F0141,SGK,Bài 10A. Sử dụng hàm COUNTIF,42,shared/learning_resources/ocr_text/sgk_tin_hoc_9/tin_9_bai_10a/tin_9_bai_10a.md,draft,Top-1 từ SQLite FTS theo tên bài học.,false,
HNMU-G9-R0132-STT5,9,10a. Sử dụng hàm Countif,"Mục 1, Trang 41 SGK",LM-SGK-TIN9-0001#F0141,SGK,Bài 10A. Sử dụng hàm COUNTIF,42,shared/learning_resources/ocr_text/sgk_tin_hoc_9/tin_9_bai_10a/tin_9_bai_10a.md,draft,Top-1 từ SQLite FTS theo tên bài học.,false,
HNMU-G9-R0133-STT6,9,10a. Sử dụng hàm Countif,"Hình 10a.1, Trang 41 SGK",LM-SGK-TIN9-0001#F0141,SGK,Bài 10A. Sử dụng hàm COUNTIF,42,shared/learning_resources/ocr_text/sgk_tin_hoc_9/tin_9_bai_10a/tin_9_bai_10a.md,draft,Top-1 từ SQLite FTS theo tên bài học.,false,
HNMU-G9-R0134-STT7,9,10a. Sử dụng hàm Countif,"Câu hỏi, Trang 43 SGK",LM-SGK-TIN9-0001#F0141,SGK,Bài 10A. Sử dụng hàm COUNTIF,42,shared/learning_resources/ocr_text/sgk_tin_hoc_9/tin_9_bai_10a/tin_9_bai_10a.md,draft,Top-1 từ SQLite FTS theo tên bài học.,false,
HNMU-G9-R0135-STT8,9,10a. Sử dụng hàm Countif,"Mục 2, Trang 43 SGK",LM-SGK-TIN9-0001#F0141,SGK,Bài 10A. Sử dụng hàm COUNTIF,42,shared/learning_resources/ocr_text/sgk_tin_hoc_9/tin_9_bai_10a/tin_9_bai_10a.md,draft,Top-1 từ SQLite FTS theo tên bài học.,false,
HNMU-G9-R0136-STT9,9,10a. Sử dụng hàm Countif,"Mục 1, Trang 42 SGK",LM-SGK-TIN9-0001#F0141,SGK,Bài 10A. Sử dụng hàm COUNTIF,42,shared/learning_resources/ocr_text/sgk_tin_hoc_9/tin_9_bai_10a/tin_9_bai_10a.md,draft,Top-1 từ SQLite FTS theo tên bài học.,false,
HNMU-G9-R0137-STT10,9,10a. Sử dụng hàm Countif,"Mục 1, Trang 42 SGK",LM-SGK-TIN9-0001#F0141,SGK,Bài 10A. Sử dụng hàm COUNTIF,42,shared/learning_resources/ocr_text/sgk_tin_hoc_9/tin_9_bai_10a/tin_9_bai_10a.md,draft,Top-1 từ SQLite FTS theo tên bài học.,false,
HNMU-G9-R0138-STT11,9,10a. Sử dụng hàm Countif,"Luyện tập 2, Trang 44 SGK",LM-SGK-TIN9-0001#F0141,SGK,Bài 10A. Sử dụng hàm COUNTIF,42,shared/learning_resources/ocr_text/sgk_tin_hoc_9/tin_9_bai_10a/tin_9_bai_10a.md,draft,Top-1 từ SQLite FTS theo tên bài học.,false,
HNMU-G9-R0139-STT12,9,10a. Sử dụng hàm Countif,"Luyện tập 2, Trang 42 SGK",LM-SGK-TIN9-0001#F0141,SGK,Bài 10A. Sử dụng hàm COUNTIF,42,shared/learning_resources/ocr_text/sgk_tin_hoc_9/tin_9_bai_10a/tin_9_bai_10a.md,draft,Top-1 từ SQLite FTS theo tên bài học.,false,
HNMU-G9-R0140-STT13,9,10a. Sử dụng hàm Countif,"Thực hành, Trang 43 SGK",LM-SGK-TIN9-0001#F0141,SGK,Bài 10A. Sử dụng hàm COUNTIF,42,shared/learning_resources/ocr_text/sgk_tin_hoc_9/tin_9_bai_10a/tin_9_bai_10a.md,draft,Top-1 từ SQLite FTS theo tên bài học.,false,
HNMU-G9-R0141-STT14,9,10a. Sử dụng hàm Countif,"Vận dụng, Trang 44 SGK",LM-SGK-TIN9-0001#F0158,SGK,Bài 10A. Sử dụng hàm COUNTIF,44,shared/learning_resources/ocr_text/sgk_tin_hoc_9/tin_9_bai_10a/tin_9_bai_10a.md,draft,Top-1 từ SQLite FTS theo câu hỏi và metadata bài học.,false,
HNMU-G9-R0142-STT1,9,11a. Sử dụng hàm Sumif,"Mục 1, Trang 45 SGK",LM-SGK-TIN9-0001#F0179,SGK,Bài 11A. Sử dụng hàm SUMIF,46,shared/learning_resources/ocr_text/sgk_tin_hoc_9/tin_9_bai_11a/tin_9_bai_11a.md,draft,Top-1 từ SQLite FTS theo tên bài học.,false,
HNMU-G9-R0143-STT2,9,11a. Sử dụng hàm Sumif,"Mục 1, Trang 45 SGK",LM-SGK-TIN9-0001#F0183,SGK,Bài 11A. Sử dụng hàm SUMIF,46,shared/learning_resources/ocr_text/sgk_tin_hoc_9/tin_9_bai_11a/tin_9_bai_11a.md,draft,Top-1 từ SQLite FTS theo đáp án SGV và metadata bài học.,false,
HNMU-G9-R0144-STT3,9,11a. Sử dụng hàm Sumif,"Mục 1, Trang 4 SGK",LM-SGK-TIN9-0001#F0179,SGK,Bài 11A. Sử dụng hàm SUMIF,46,shared/learning_resources/ocr_text/sgk_tin_hoc_9/tin_9_bai_11a/tin_9_bai_11a.md,draft,Top-1 từ SQLite FTS theo tên bài học.,false,
HNMU-G9-R0145-STT4,9,11a. Sử dụng hàm Sumif,"Mục 1, Trang 46 SGK",LM-SGK-TIN9-0001#F0179,SGK,Bài 11A. Sử dụng hàm SUMIF,46,shared/learning_resources/ocr_text/sgk_tin_hoc_9/tin_9_bai_11a/tin_9_bai_11a.md,draft,Top-1 từ SQLite FTS theo tên bài học.,false,
HNMU-G9-R0146-STT5,9,11a. Sử dụng hàm Sumif,"Mục 1, Trang 4 SGK",LM-SGK-TIN9-0001#F0179,SGK,Bài 11A. Sử dụng hàm SUMIF,46,shared/learning_resources/ocr_text/sgk_tin_hoc_9/tin_9_bai_11a/tin_9_bai_11a.md,draft,Top-1 từ SQLite FTS theo tên bài học.,false,
HNMU-G9-R0147-STT6,9,11a. Sử dụng hàm Sumif,"Mục 1, Trang 46 SGK",LM-SGK-TIN9-0001#F0179,SGK,Bài 11A. Sử dụng hàm SUMIF,46,shared/learning_resources/ocr_text/sgk_tin_hoc_9/tin_9_bai_11a/tin_9_bai_11a.md,draft,Top-1 từ SQLite FTS theo tên bài học.,false,
HNMU-G9-R0148-STT7,9,11a. Sử dụng hàm Sumif,"Hình 11a.2, Trang 45 SGK",LM-SGK-TIN9-0001#F0179,SGK,Bài 11A. Sử dụng hàm SUMIF,46,shared/learning_resources/ocr_text/sgk_tin_hoc_9/tin_9_bai_11a/tin_9_bai_11a.md,draft,Top-1 từ SQLite FTS theo tên bài học.,false,
HNMU-G9-R0149-STT8,9,11a. Sử dụng hàm Sumif,"Hình 11a.1, Trang 46 SGK",LM-SGK-TIN9-0001#F0179,SGK,Bài 11A. Sử dụng hàm SUMIF,46,shared/learning_resources/ocr_text/sgk_tin_hoc_9/tin_9_bai_11a/tin_9_bai_11a.md,draft,Top-1 từ SQLite FTS theo tên bài học.,false,
HNMU-G9-R0150-STT9,9,11a. Sử dụng hàm Sumif,"Mục 2.a, Trang 47 SGK",LM-SGK-TIN9-0001#F0179,SGK,Bài 11A. Sử dụng hàm SUMIF,46,shared/learning_resources/ocr_text/sgk_tin_hoc_9/tin_9_bai_11a/tin_9_bai_11a.md,draft,Top-1 từ SQLite FTS theo tên bài học.,false,
HNMU-G9-R0151-STT10,9,11a. Sử dụng hàm Sumif,"Mục 1, Trang 4 SGK",LM-SGK-TIN9-0001#F0179,SGK,Bài 11A. Sử dụng hàm SUMIF,46,shared/learning_resources/ocr_text/sgk_tin_hoc_9/tin_9_bai_11a/tin_9_bai_11a.md,draft,Top-1 từ SQLite FTS theo tên bài học.,false,
HNMU-G9-R0152-STT11,9,11a. Sử dụng hàm Sumif,"Thực hành, Trang 47 SGK",LM-SGK-TIN9-0001#F0188,SGK,Bài 11A. Sử dụng hàm SUMIF,47,shared/learning_resources/ocr_text/sgk_tin_hoc_9/tin_9_bai_11a/tin_9_bai_11a.md,draft,Top-1 từ SQLite FTS theo đáp án SGV và metadata bài học.,false,
HNMU-G9-R0153-STT12,9,11a. Sử dụng hàm Sumif,"Thực hành, Trang 47 SGK",LM-SGK-TIN9-0001#F0179,SGK,Bài 11A. Sử dụng hàm SUMIF,46,shared/learning_resources/ocr_text/sgk_tin_hoc_9/tin_9_bai_11a/tin_9_bai_11a.md,draft,Top-1 từ SQLite FTS theo tên bài học.,false,
HNMU-G9-R0154-STT13,9,11a. Sử dụng hàm Sumif,"Thực hành, Trang 47 SGK",LM-SGK-TIN9-0001#F0179,SGK,Bài 11A. Sử dụng hàm SUMIF,46,shared/learning_resources/ocr_text/sgk_tin_hoc_9/tin_9_bai_11a/tin_9_bai_11a.md,draft,Top-1 từ SQLite FTS theo tên bài học.,false,
HNMU-G9-R0155-STT14,9,11a. Sử dụng hàm Sumif,"Vận dụng, Trang 47 SGK",LM-SGK-TIN9-0001#F0179,SGK,Bài 11A. Sử dụng hàm SUMIF,46,shared/learning_resources/ocr_text/sgk_tin_hoc_9/tin_9_bai_11a/tin_9_bai_11a.md,draft,Top-1 từ SQLite FTS theo tên bài học.,false,
HNMU-G9-R0156-STT1,9,Bài 12a: Sử dụng hàm IF,"Mục 1, Trang 49 SGK",LM-SGK-TIN9-0001#F0209,SGK,Bài 12A. Sử dụng hàm IF,50,shared/learning_resources/ocr_text/sgk_tin_hoc_9/tin_9_bai_12a/tin_9_bai_12a.md,draft,Top-1 từ SQLite FTS theo tên bài học.,false,
HNMU-G9-R0157-STT2,9,Bài 12a: Sử dụng hàm IF,"Mục 1, Trang 49 SGK",LM-SGK-TIN9-0001#F0208,SGK,Bài 12A. Sử dụng hàm IF,49,shared/learning_resources/ocr_text/sgk_tin_hoc_9/tin_9_bai_12a/tin_9_bai_12a.md,draft,Top-1 từ SQLite FTS theo đáp án SGV và metadata bài học.,false,
HNMU-G9-R0158-STT3,9,Bài 12a: Sử dụng hàm IF,"Mục 1, Trang 49 SGK",LM-SGK-TIN9-0001#F0209,SGK,Bài 12A. Sử dụng hàm IF,50,shared/learning_resources/ocr_text/sgk_tin_hoc_9/tin_9_bai_12a/tin_9_bai_12a.md,draft,Top-1 từ SQLite FTS theo tên bài học.,false,
HNMU-G9-R0159-STT4,9,Bài 12a: Sử dụng hàm IF,"Mục 1, Trang 49 SGK",LM-SGK-TIN9-0001#F0208,SGK,Bài 12A. Sử dụng hàm IF,49,shared/learning_resources/ocr_text/sgk_tin_hoc_9/tin_9_bai_12a/tin_9_bai_12a.md,draft,Top-1 từ SQLite FTS theo đáp án SGV và metadata bài học.,false,
HNMU-G9-R0160-STT5,9,Bài 12a: Sử dụng hàm IF,"Mục 1, Trang 49 SGK",LM-SGK-TIN9-0001#F0209,SGK,Bài 12A. Sử dụng hàm IF,50,shared/learning_resources/ocr_text/sgk_tin_hoc_9/tin_9_bai_12a/tin_9_bai_12a.md,draft,Top-1 từ SQLite FTS theo tên bài học.,false,
HNMU-G9-R0161-STT6,9,Bài 12a: Sử dụng hàm IF,"Mục 1, Trang 49 SGK",LM-SGK-TIN9-0001#F0209,SGK,Bài 12A. Sử dụng hàm IF,50,shared/learning_resources/ocr_text/sgk_tin_hoc_9/tin_9_bai_12a/tin_9_bai_12a.md,draft,Top-1 từ SQLite FTS theo tên bài học.,false,
HNMU-G9-R0162-STT7,9,Bài 12a: Sử dụng hàm IF,"Mục 1, Trang 49 SGK",LM-SGK-TIN9-0001#F0209,SGK,Bài 12A. Sử dụng hàm IF,50,shared/learning_resources/ocr_text/sgk_tin_hoc_9/tin_9_bai_12a/tin_9_bai_12a.md,draft,Top-1 từ SQLite FTS theo tên bài học.,false,
HNMU-G9-R0163-STT8,9,Bài 12a: Sử dụng hàm IF,"Mục 2, Trang 51 SGK",LM-SGK-TIN9-0001#F0209,SGK,Bài 12A. Sử dụng hàm IF,50,shared/learning_resources/ocr_text/sgk_tin_hoc_9/tin_9_bai_12a/tin_9_bai_12a.md,draft,Top-1 từ SQLite FTS theo tên bài học.,false,
HNMU-G9-R0164-STT9,9,Bài 12a: Sử dụng hàm IF,"Mục 1, Trang 49 SGK",LM-SGK-TIN9-0001#F0209,SGK,Bài 12A. Sử dụng hàm IF,50,shared/learning_resources/ocr_text/sgk_tin_hoc_9/tin_9_bai_12a/tin_9_bai_12a.md,draft,Top-1 từ SQLite FTS theo tên bài học.,false,
HNMU-G9-R0165-STT10,9,Bài 12a: Sử dụng hàm IF,"Hoạt động 1, Trang 48 SGK",LM-SGK-TIN9-0001#F0209,SGK,Bài 12A. Sử dụng hàm IF,50,shared/learning_resources/ocr_text/sgk_tin_hoc_9/tin_9_bai_12a/tin_9_bai_12a.md,draft,Top-1 từ SQLite FTS theo tên bài học.,false,
HNMU-G9-R0166-STT11,9,Bài 12a: Sử dụng hàm IF,"Luyện tập 1c, Trang 51 SGK",LM-SGK-TIN9-0001#F0209,SGK,Bài 12A. Sử dụng hàm IF,50,shared/learning_resources/ocr_text/sgk_tin_hoc_9/tin_9_bai_12a/tin_9_bai_12a.md,draft,Top-1 từ SQLite FTS theo tên bài học.,false,
HNMU-G9-R0167-STT12,9,Bài 12a: Sử dụng hàm IF,"Luyện tập 1c (nâng cao), Trang 51 SGK",LM-SGK-TIN9-0001#F0209,SGK,Bài 12A. Sử dụng hàm IF,50,shared/learning_resources/ocr_text/sgk_tin_hoc_9/tin_9_bai_12a/tin_9_bai_12a.md,draft,Top-1 từ SQLite FTS theo tên bài học.,false,
HNMU-G9-R0168-STT13,9,Bài 12a: Sử dụng hàm IF,"Vận dụng 1, Trang 51 SGK",LM-SGK-TIN9-0001#F0207,SGK,Bài 12A. Sử dụng hàm IF,49,shared/learning_resources/ocr_text/sgk_tin_hoc_9/tin_9_bai_12a/tin_9_bai_12a.md,draft,Top-1 từ SQLite FTS theo đáp án SGV và metadata bài học.,false,
HNMU-G9-R0169-STT14,9,Bài 12a: Sử dụng hàm IF,"Vận dụng, Trang 50 SGK",LM-SGK-TIN9-0001#F0209,SGK,Bài 12A. Sử dụng hàm IF,50,shared/learning_resources/ocr_text/sgk_tin_hoc_9/tin_9_bai_12a/tin_9_bai_12a.md,draft,Top-1 từ SQLite FTS theo tên bài học.,false,
HNMU-G9-R0170-STT1,9,Bài 13a: Hoàn thiện bảng tính quản lí tài chính gia đình,"Mục 1, Trang 52 SGK",LM-SGK-TIN9-0001#F0241,SGK,Bài 13A. Hoàn thiện bảng tính quản lí tài chính gia đình,53,shared/learning_resources/ocr_text/sgk_tin_hoc_9/tin_9_bai_13a/tin_9_bai_13a.md,draft,Top-1 từ SQLite FTS theo tên bài học.,false,
HNMU-G9-R0171-STT2,9,Bài 13a: Hoàn thiện bảng tính quản lí tài chính gia đình,"Mục 1, Trang 53 SGK",LM-SGK-TIN9-0001#F0241,SGK,Bài 13A. Hoàn thiện bảng tính quản lí tài chính gia đình,53,shared/learning_resources/ocr_text/sgk_tin_hoc_9/tin_9_bai_13a/tin_9_bai_13a.md,draft,Top-1 từ SQLite FTS theo tên bài học.,false,
HNMU-G9-R0172-STT3,9,Bài 13a: Hoàn thiện bảng tính quản lí tài chính gia đình,"Hình 12a.1, Trang 48 SGK",LM-SGK-TIN9-0001#F0241,SGK,Bài 13A. Hoàn thiện bảng tính quản lí tài chính gia đình,53,shared/learning_resources/ocr_text/sgk_tin_hoc_9/tin_9_bai_13a/tin_9_bai_13a.md,draft,Top-1 từ SQLite FTS theo tên bài học.,false,
HNMU-G9-R0173-STT4,9,Bài 13a: Hoàn thiện bảng tính quản lí tài chính gia đình,"Câu hỏi 1, Trang 53 SGK",LM-SGK-TIN9-0001#F0241,SGK,Bài 13A. Hoàn thiện bảng tính quản lí tài chính gia đình,53,shared/learning_resources/ocr_text/sgk_tin_hoc_9/tin_9_bai_13a/tin_9_bai_13a.md,draft,Top-1 từ SQLite FTS theo tên bài học.,false,
HNMU-G9-R0174-STT5,9,Bài 13a: Hoàn thiện bảng tính quản lí tài chính gia đình,"Mục 1, Trang 53 SGK",LM-SGK-TIN9-0001#F0241,SGK,Bài 13A. Hoàn thiện bảng tính quản lí tài chính gia đình,53,shared/learning_resources/ocr_text/sgk_tin_hoc_9/tin_9_bai_13a/tin_9_bai_13a.md,draft,Top-1 từ SQLite FTS theo tên bài học.,false,
HNMU-G9-R0175-STT6,9,Bài 13a: Hoàn thiện bảng tính quản lí tài chính gia đình,"Mục 1, Trang 53 SGK",LM-SGK-TIN9-0001#F0241,SGK,Bài 13A. Hoàn thiện bảng tính quản lí tài chính gia đình,53,shared/learning_resources/ocr_text/sgk_tin_hoc_9/tin_9_bai_13a/tin_9_bai_13a.md,draft,Top-1 từ SQLite FTS theo tên bài học.,false,
HNMU-G9-R0176-STT7,9,Bài 13a: Hoàn thiện bảng tính quản lí tài chính gia đình,"Mục 1, Trang 52 SGK",LM-SGK-TIN9-0001#F0241,SGK,Bài 13A. Hoàn thiện bảng tính quản lí tài chính gia đình,53,shared/learning_resources/ocr_text/sgk_tin_hoc_9/tin_9_bai_13a/tin_9_bai_13a.md,draft,Top-1 từ SQLite FTS theo tên bài học.,false,
HNMU-G9-R0177-STT8,9,Bài 13a: Hoàn thiện bảng tính quản lí tài chính gia đình,"Câu hỏi 1, Trang 53 SGK",LM-SGK-TIN9-0001#F0241,SGK,Bài 13A. Hoàn thiện bảng tính quản lí tài chính gia đình,53,shared/learning_resources/ocr_text/sgk_tin_hoc_9/tin_9_bai_13a/tin_9_bai_13a.md,draft,Top-1 từ SQLite FTS theo tên bài học.,false,
HNMU-G9-R0178-STT9,9,Bài 13a: Hoàn thiện bảng tính quản lí tài chính gia đình,"Hoạt động 1, Trang 52 SGK",LM-SGK-TIN9-0001#F0241,SGK,Bài 13A. Hoàn thiện bảng tính quản lí tài chính gia đình,53,shared/learning_resources/ocr_text/sgk_tin_hoc_9/tin_9_bai_13a/tin_9_bai_13a.md,draft,Top-1 từ SQLite FTS theo tên bài học.,false,
HNMU-G9-R0179-STT10,9,Bài 13a: Hoàn thiện bảng tính quản lí tài chính gia đình,Kết nối tri thức,LM-SGK-TIN9-0001#F0241,SGK,Bài 13A. Hoàn thiện bảng tính quản lí tài chính gia đình,53,shared/learning_resources/ocr_text/sgk_tin_hoc_9/tin_9_bai_13a/tin_9_bai_13a.md,draft,Top-1 từ SQLite FTS theo tên bài học.,false,
HNMU-G9-R0180-STT11,9,Bài 13a: Hoàn thiện bảng tính quản lí tài chính gia đình,"Thực hành, Trang 53 SGK",LM-SGK-TIN9-0001#F0241,SGK,Bài 13A. Hoàn thiện bảng tính quản lí tài chính gia đình,53,shared/learning_resources/ocr_text/sgk_tin_hoc_9/tin_9_bai_13a/tin_9_bai_13a.md,draft,Top-1 từ SQLite FTS theo tên bài học.,false,
HNMU-G9-R0181-STT12,9,Bài 13a: Hoàn thiện bảng tính quản lí tài chính gia đình,"Thwch hành, Trang 53 SGK",LM-SGK-TIN9-0001#F0241,SGK,Bài 13A. Hoàn thiện bảng tính quản lí tài chính gia đình,53,shared/learning_resources/ocr_text/sgk_tin_hoc_9/tin_9_bai_13a/tin_9_bai_13a.md,draft,Top-1 từ SQLite FTS theo tên bài học.,false,
HNMU-G9-R0182-STT13,9,Bài 13a: Hoàn thiện bảng tính quản lí tài chính gia đình,"Vận dụng, Trang 54 SGK",LM-SGK-TIN9-0001#F0241,SGK,Bài 13A. Hoàn thiện bảng tính quản lí tài chính gia đình,53,shared/learning_resources/ocr_text/sgk_tin_hoc_9/tin_9_bai_13a/tin_9_bai_13a.md,draft,Top-1 từ SQLite FTS theo tên bài học.,false,
HNMU-G9-R0183-STT14,9,Bài 13a: Hoàn thiện bảng tính quản lí tài chính gia đình,Dự án học tập,LM-SGK-TIN9-0001#F0241,SGK,Bài 13A. Hoàn thiện bảng tính quản lí tài chính gia đình,53,shared/learning_resources/ocr_text/sgk_tin_hoc_9/tin_9_bai_13a/tin_9_bai_13a.md,draft,Top-1 từ SQLite FTS theo tên bài học.,false,
HNMU-G9-R0184-STT1,9,[9b]: Các chức năng chính của phần mềm làm Video,Mục 1 (Tr. 55),LM-SGV-TIN9-4923777498#F0209,SGV,Bài 9B. CÁC CHỨC NĂNG CHÍNH CỦA PHẦN MỀM LÀM VIDEO,63,shared/learning_resources/ocr_text/sgv_tin_hoc_9/sgv_tin_9_bai_9b/sgv_tin_9_bai_9b.md,draft,Top-1 từ SQLite FTS theo câu hỏi và metadata bài học.,false,
HNMU-G9-R0185-STT2,9,[9b]: Các chức năng chính của phần mềm làm Video,Câu hỏi Mục 2 (Tr. 57),LM-SGK-TIN9-0001#F0130,SGK,Bài 9B. Các chức năng chính của phần mềm làm video,58,shared/learning_resources/ocr_text/sgk_tin_hoc_9/tin_9_bai_9b/tin_9_bai_9b.md,draft,Top-1 từ SQLite FTS theo tên bài học.,false,
HNMU-G9-R0186-STT3,9,[9b]: Các chức năng chính của phần mềm làm Video,Mục 3a (Tr. 57),LM-SGK-TIN9-0001#F0129,SGK,Bài 9B. Các chức năng chính của phần mềm làm video,57,shared/learning_resources/ocr_text/sgk_tin_hoc_9/tin_9_bai_9b/tin_9_bai_9b.md,draft,Top-1 từ SQLite FTS theo đáp án SGV và metadata bài học.,false,
HNMU-G9-R0187-STT4,9,[9b]: Các chức năng chính của phần mềm làm Video,Mục 3b (Tr. 58),LM-SGK-TIN9-0001#F0130,SGK,Bài 9B. Các chức năng chính của phần mềm làm video,58,shared/learning_resources/ocr_text/sgk_tin_hoc_9/tin_9_bai_9b/tin_9_bai_9b.md,draft,Top-1 từ SQLite FTS theo tên bài học.,false,
HNMU-G9-R0188-STT5,9,[9b]: Các chức năng chính của phần mềm làm Video,HĐ 1 (Tr. 55),LM-SGK-TIN9-0001#F0130,SGK,Bài 9B. Các chức năng chính của phần mềm làm video,58,shared/learning_resources/ocr_text/sgk_tin_hoc_9/tin_9_bai_9b/tin_9_bai_9b.md,draft,Top-1 từ SQLite FTS theo tên bài học.,false,
HNMU-G9-R0189-STT6,9,[9b]: Các chức năng chính của phần mềm làm Video,"Mục 3b, c (Tr. 58)",LM-SGK-TIN9-0001#F0130,SGK,Bài 9B. Các chức năng chính của phần mềm làm video,58,shared/learning_resources/ocr_text/sgk_tin_hoc_9/tin_9_bai_9b/tin_9_bai_9b.md,draft,Top-1 từ SQLite FTS theo tên bài học.,false,
HNMU-G9-R0190-STT7,9,[9b]: Các chức năng chính của phần mềm làm Video,Mục 3c (Tr. 58),LM-SGK-TIN9-0001#F0130,SGK,Bài 9B. Các chức năng chính của phần mềm làm video,58,shared/learning_resources/ocr_text/sgk_tin_hoc_9/tin_9_bai_9b/tin_9_bai_9b.md,draft,Top-1 từ SQLite FTS theo tên bài học.,false,
HNMU-G9-R0191-STT8,9,[9b]: Các chức năng chính của phần mềm làm Video,Mục 3d (Tr. 58-59),LM-SGK-TIN9-0001#F0130,SGK,Bài 9B. Các chức năng chính của phần mềm làm video,58,shared/learning_resources/ocr_text/sgk_tin_hoc_9/tin_9_bai_9b/tin_9_bai_9b.md,draft,Top-1 từ SQLite FTS theo tên bài học.,false,
HNMU-G9-R0192-STT9,9,[9b]: Các chức năng chính của phần mềm làm Video,Mục 3c (Tr. 58),LM-SGK-TIN9-0001#F0130,SGK,Bài 9B. Các chức năng chính của phần mềm làm video,58,shared/learning_resources/ocr_text/sgk_tin_hoc_9/tin_9_bai_9b/tin_9_bai_9b.md,draft,Top-1 từ SQLite FTS theo tên bài học.,false,
HNMU-G9-R0193-STT10,9,[9b]: Các chức năng chính của phần mềm làm Video,Sinh thêm (Tr. 57),LM-SGK-TIN9-0001#F0130,SGK,Bài 9B. Các chức năng chính của phần mềm làm video,58,shared/learning_resources/ocr_text/sgk_tin_hoc_9/tin_9_bai_9b/tin_9_bai_9b.md,draft,Top-1 từ SQLite FTS theo tên bài học.,false,
HNMU-G9-R0194-STT11,9,[9b]: Các chức năng chính của phần mềm làm Video,Luyện tập (Tr. 59),LM-SGK-TIN9-0001#F0130,SGK,Bài 9B. Các chức năng chính của phần mềm làm video,58,shared/learning_resources/ocr_text/sgk_tin_hoc_9/tin_9_bai_9b/tin_9_bai_9b.md,draft,Top-1 từ SQLite FTS theo tên bài học.,false,
HNMU-G9-R0195-STT12,9,[9b]: Các chức năng chính của phần mềm làm Video,Luyện tập (Tr. 59),LM-SGK-TIN9-0001#F0130,SGK,Bài 9B. Các chức năng chính của phần mềm làm video,58,shared/learning_resources/ocr_text/sgk_tin_hoc_9/tin_9_bai_9b/tin_9_bai_9b.md,draft,Top-1 từ SQLite FTS theo tên bài học.,false,
HNMU-G9-R0196-STT13,9,[9b]: Các chức năng chính của phần mềm làm Video,Vận dụng (Tr. 59),LM-SGK-TIN9-0001#F0136,SGK,Bài 9B. Các chức năng chính của phần mềm làm video,59,shared/learning_resources/ocr_text/sgk_tin_hoc_9/tin_9_bai_9b/tin_9_bai_9b.md,draft,Top-1 từ SQLite FTS theo câu hỏi và metadata bài học.,false,
HNMU-G9-R0197-STT14,9,[9b]: Các chức năng chính của phần mềm làm Video,Vận dụng (Tr. 59),LM-SGK-TIN9-0001#F0130,SGK,Bài 9B. Các chức năng chính của phần mềm làm video,58,shared/learning_resources/ocr_text/sgk_tin_hoc_9/tin_9_bai_9b/tin_9_bai_9b.md,draft,Top-1 từ SQLite FTS theo tên bài học.,false,
HNMU-G9-R0198-STT1,9,[10b]: Chuẩn bị dữ liệu và dựng video,Mục 1 (Tr. 60),LM-SGV-TIN9-4923777498#F0253,SGV,Bài 10B. CHUẨN BỊ DỮ LIỆU VÀ DỰNG VIDEO,70,shared/learning_resources/ocr_text/sgv_tin_hoc_9/sgv_tin_9_bai_10b/sgv_tin_9_bai_10b.md,draft,Top-1 từ SQLite FTS theo đáp án SGV và metadata bài học.,false,
HNMU-G9-R0199-STT2,9,[10b]: Chuẩn bị dữ liệu và dựng video,Mục 1 (Tr. 60),LM-SGV-TIN9-4923777498#F0252,SGV,Bài 10B. CHUẨN BỊ DỮ LIỆU VÀ DỰNG VIDEO,70,shared/learning_resources/ocr_text/sgv_tin_hoc_9/sgv_tin_9_bai_10b/sgv_tin_9_bai_10b.md,draft,Top-1 từ SQLite FTS theo câu hỏi và metadata bài học.,false,
HNMU-G9-R0200-STT3,9,[10b]: Chuẩn bị dữ liệu và dựng video,Mục 2a (Tr. 61),LM-SGV-TIN9-4923777498#F0247,SGV,Bài 10B. CHUẨN BỊ DỮ LIỆU VÀ DỰNG VIDEO,69,shared/learning_resources/ocr_text/sgv_tin_hoc_9/sgv_tin_9_bai_10b/sgv_tin_9_bai_10b.md,draft,Top-1 từ SQLite FTS theo tên bài học.,false,
HNMU-G9-R0201-STT4,9,[10b]: Chuẩn bị dữ liệu và dựng video,Mục 2b (Tr. 62),LM-SGV-TIN9-4923777498#F0247,SGV,Bài 10B. CHUẨN BỊ DỮ LIỆU VÀ DỰNG VIDEO,69,shared/learning_resources/ocr_text/sgv_tin_hoc_9/sgv_tin_9_bai_10b/sgv_tin_9_bai_10b.md,draft,Top-1 từ SQLite FTS theo tên bài học.,false,
HNMU-G9-R0202-STT5,9,[10b]: Chuẩn bị dữ liệu và dựng video,Mục 1 (Tr. 60),LM-SGV-TIN9-4923777498#F0247,SGV,Bài 10B. CHUẨN BỊ DỮ LIỆU VÀ DỰNG VIDEO,69,shared/learning_resources/ocr_text/sgv_tin_hoc_9/sgv_tin_9_bai_10b/sgv_tin_9_bai_10b.md,draft,Top-1 từ SQLite FTS theo tên bài học.,false,
HNMU-G9-R0203-STT6,9,[10b]: Chuẩn bị dữ liệu và dựng video,Mục 1 (Tr. 60),LM-SGV-TIN9-4923777498#F0247,SGV,Bài 10B. CHUẨN BỊ DỮ LIỆU VÀ DỰNG VIDEO,69,shared/learning_resources/ocr_text/sgv_tin_hoc_9/sgv_tin_9_bai_10b/sgv_tin_9_bai_10b.md,draft,Top-1 từ SQLite FTS theo tên bài học.,false,
HNMU-G9-R0204-STT7,9,[10b]: Chuẩn bị dữ liệu và dựng video,Mục 2a (Tr. 61),LM-SGV-TIN9-4923777498#F0247,SGV,Bài 10B. CHUẨN BỊ DỮ LIỆU VÀ DỰNG VIDEO,69,shared/learning_resources/ocr_text/sgv_tin_hoc_9/sgv_tin_9_bai_10b/sgv_tin_9_bai_10b.md,draft,Top-1 từ SQLite FTS theo tên bài học.,false,
HNMU-G9-R0205-STT8,9,[10b]: Chuẩn bị dữ liệu và dựng video,Mục 2b (Tr. 62),LM-SGV-TIN9-4923777498#F0247,SGV,Bài 10B. CHUẨN BỊ DỮ LIỆU VÀ DỰNG VIDEO,69,shared/learning_resources/ocr_text/sgv_tin_hoc_9/sgv_tin_9_bai_10b/sgv_tin_9_bai_10b.md,draft,Top-1 từ SQLite FTS theo tên bài học.,false,
HNMU-G9-R0206-STT9,9,[10b]: Chuẩn bị dữ liệu và dựng video,Mục 2b (Tr. 62),LM-SGV-TIN9-4923777498#F0247,SGV,Bài 10B. CHUẨN BỊ DỮ LIỆU VÀ DỰNG VIDEO,69,shared/learning_resources/ocr_text/sgv_tin_hoc_9/sgv_tin_9_bai_10b/sgv_tin_9_bai_10b.md,draft,Top-1 từ SQLite FTS theo tên bài học.,false,
HNMU-G9-R0207-STT10,9,[10b]: Chuẩn bị dữ liệu và dựng video,Câu hỏi (Tr. 61),LM-SGK-TIN9-0001#F0162,SGK,Bài 10B. Chuẩn bị dữ liệu và dựng video,61,shared/learning_resources/ocr_text/sgk_tin_hoc_9/tin_9_bai_10b/tin_9_bai_10b.md,draft,Top-1 từ SQLite FTS theo đáp án SGV và metadata bài học.,false,
HNMU-G9-R0208-STT11,9,[10b]: Chuẩn bị dữ liệu và dựng video,Thực hành (Tr. 61),LM-SGV-TIN9-4923777498#F0247,SGV,Bài 10B. CHUẨN BỊ DỮ LIỆU VÀ DỰNG VIDEO,69,shared/learning_resources/ocr_text/sgv_tin_hoc_9/sgv_tin_9_bai_10b/sgv_tin_9_bai_10b.md,draft,Top-1 từ SQLite FTS theo tên bài học.,false,
HNMU-G9-R0209-STT12,9,[10b]: Chuẩn bị dữ liệu và dựng video,Thực hành (Tr. 61),LM-SGV-TIN9-4923777498#F0247,SGV,Bài 10B. CHUẨN BỊ DỮ LIỆU VÀ DỰNG VIDEO,69,shared/learning_resources/ocr_text/sgv_tin_hoc_9/sgv_tin_9_bai_10b/sgv_tin_9_bai_10b.md,draft,Top-1 từ SQLite FTS theo tên bài học.,false,
HNMU-G9-R0210-STT13,9,[10b]: Chuẩn bị dữ liệu và dựng video,Thực hành (Tr. 62),LM-SGV-TIN9-4923777498#F0247,SGV,Bài 10B. CHUẨN BỊ DỮ LIỆU VÀ DỰNG VIDEO,69,shared/learning_resources/ocr_text/sgv_tin_hoc_9/sgv_tin_9_bai_10b/sgv_tin_9_bai_10b.md,draft,Top-1 từ SQLite FTS theo tên bài học.,false,
HNMU-G9-R0211-STT14,9,[10b]: Chuẩn bị dữ liệu và dựng video,Thực hành (Tr. 62),LM-SGV-TIN9-4923777498#F0247,SGV,Bài 10B. CHUẨN BỊ DỮ LIỆU VÀ DỰNG VIDEO,69,shared/learning_resources/ocr_text/sgv_tin_hoc_9/sgv_tin_9_bai_10b/sgv_tin_9_bai_10b.md,draft,Top-1 từ SQLite FTS theo tên bài học.,false,
HNMU-G9-R0212-STT1,9,[11b]: Thực hành Dựng video theo kịch bản,Mục 1 (Tr. 65),LM-SGV-TIN9-4923777498#F0274,SGV,Bài 11B. THỰC HÀNH: DỰNG VIDEO THEO KỊCH BẢN,73,shared/learning_resources/ocr_text/sgv_tin_hoc_9/sgv_tin_9_bai_11b/sgv_tin_9_bai_11b.md,draft,Top-1 từ SQLite FTS theo tên bài học.,false,
HNMU-G9-R0213-STT2,9,[11b]: Thực hành Dựng video theo kịch bản,Mục 2 (Tr. 66),LM-SGV-TIN9-4923777498#F0274,SGV,Bài 11B. THỰC HÀNH: DỰNG VIDEO THEO KỊCH BẢN,73,shared/learning_resources/ocr_text/sgv_tin_hoc_9/sgv_tin_9_bai_11b/sgv_tin_9_bai_11b.md,draft,Top-1 từ SQLite FTS theo tên bài học.,false,
HNMU-G9-R0214-STT3,9,[11b]: Thực hành Dựng video theo kịch bản,Mục 3 (Tr. 67),LM-SGV-TIN9-4923777498#F0274,SGV,Bài 11B. THỰC HÀNH: DỰNG VIDEO THEO KỊCH BẢN,73,shared/learning_resources/ocr_text/sgv_tin_hoc_9/sgv_tin_9_bai_11b/sgv_tin_9_bai_11b.md,draft,Top-1 từ SQLite FTS theo tên bài học.,false,
HNMU-G9-R0215-STT4,9,[11b]: Thực hành Dựng video theo kịch bản,Mục 4 (Tr. 67),LM-SGV-TIN9-4923777498#F0274,SGV,Bài 11B. THỰC HÀNH: DỰNG VIDEO THEO KỊCH BẢN,73,shared/learning_resources/ocr_text/sgv_tin_hoc_9/sgv_tin_9_bai_11b/sgv_tin_9_bai_11b.md,draft,Top-1 từ SQLite FTS theo tên bài học.,false,
HNMU-G9-R0216-STT5,9,[11b]: Thực hành Dựng video theo kịch bản,Mục 1 (Tr. 65),LM-SGV-TIN9-4923777498#F0274,SGV,Bài 11B. THỰC HÀNH: DỰNG VIDEO THEO KỊCH BẢN,73,shared/learning_resources/ocr_text/sgv_tin_hoc_9/sgv_tin_9_bai_11b/sgv_tin_9_bai_11b.md,draft,Top-1 từ SQLite FTS theo tên bài học.,false,
HNMU-G9-R0217-STT6,9,[11b]: Thực hành Dựng video theo kịch bản,Mục 3 (Tr. 67),LM-SGV-TIN9-4923777498#F0274,SGV,Bài 11B. THỰC HÀNH: DỰNG VIDEO THEO KỊCH BẢN,73,shared/learning_resources/ocr_text/sgv_tin_hoc_9/sgv_tin_9_bai_11b/sgv_tin_9_bai_11b.md,draft,Top-1 từ SQLite FTS theo tên bài học.,false,
HNMU-G9-R0218-STT7,9,[11b]: Thực hành Dựng video theo kịch bản,Mục 3 (Tr. 67),LM-SGV-TIN9-4923777498#F0274,SGV,Bài 11B. THỰC HÀNH: DỰNG VIDEO THEO KỊCH BẢN,73,shared/learning_resources/ocr_text/sgv_tin_hoc_9/sgv_tin_9_bai_11b/sgv_tin_9_bai_11b.md,draft,Top-1 từ SQLite FTS theo tên bài học.,false,
HNMU-G9-R0219-STT8,9,[11b]: Thực hành Dựng video theo kịch bản,Mục 4 (Tr. 68),LM-SGV-TIN9-4923777498#F0274,SGV,Bài 11B. THỰC HÀNH: DỰNG VIDEO THEO KỊCH BẢN,73,shared/learning_resources/ocr_text/sgv_tin_hoc_9/sgv_tin_9_bai_11b/sgv_tin_9_bai_11b.md,draft,Top-1 từ SQLite FTS theo tên bài học.,false,
HNMU-G9-R0220-STT9,9,[11b]: Thực hành Dựng video theo kịch bản,Mục 2 (Tr. 66),LM-SGV-TIN9-4923777498#F0274,SGV,Bài 11B. THỰC HÀNH: DỰNG VIDEO THEO KỊCH BẢN,73,shared/learning_resources/ocr_text/sgv_tin_hoc_9/sgv_tin_9_bai_11b/sgv_tin_9_bai_11b.md,draft,Top-1 từ SQLite FTS theo tên bài học.,false,
HNMU-G9-R0221-STT10,9,[11b]: Thực hành Dựng video theo kịch bản,Mục 1 (Tr. 65),LM-SGV-TIN9-4923777498#F0274,SGV,Bài 11B. THỰC HÀNH: DỰNG VIDEO THEO KỊCH BẢN,73,shared/learning_resources/ocr_text/sgv_tin_hoc_9/sgv_tin_9_bai_11b/sgv_tin_9_bai_11b.md,draft,Top-1 từ SQLite FTS theo tên bài học.,false,
HNMU-G9-R0222-STT11,9,[11b]: Thực hành Dựng video theo kịch bản,Thực hành 1 (Tr. 65),LM-SGV-TIN9-4923777498#F0274,SGV,Bài 11B. THỰC HÀNH: DỰNG VIDEO THEO KỊCH BẢN,73,shared/learning_resources/ocr_text/sgv_tin_hoc_9/sgv_tin_9_bai_11b/sgv_tin_9_bai_11b.md,draft,Top-1 từ SQLite FTS theo tên bài học.,false,
HNMU-G9-R0223-STT12,9,[11b]: Thực hành Dựng video theo kịch bản,Thực hành 2 (Tr. 66),LM-SGV-TIN9-4923777498#F0274,SGV,Bài 11B. THỰC HÀNH: DỰNG VIDEO THEO KỊCH BẢN,73,shared/learning_resources/ocr_text/sgv_tin_hoc_9/sgv_tin_9_bai_11b/sgv_tin_9_bai_11b.md,draft,Top-1 từ SQLite FTS theo tên bài học.,false,
HNMU-G9-R0224-STT13,9,[11b]: Thực hành Dựng video theo kịch bản,Thực hành 4 (Tr. 67),LM-SGV-TIN9-4923777498#F0274,SGV,Bài 11B. THỰC HÀNH: DỰNG VIDEO THEO KỊCH BẢN,73,shared/learning_resources/ocr_text/sgv_tin_hoc_9/sgv_tin_9_bai_11b/sgv_tin_9_bai_11b.md,draft,Top-1 từ SQLite FTS theo tên bài học.,false,
HNMU-G9-R0225-STT14,9,[11b]: Thực hành Dựng video theo kịch bản,Vận dụng (Tr. 68),LM-SGV-TIN9-4923777498#F0274,SGV,Bài 11B. THỰC HÀNH: DỰNG VIDEO THEO KỊCH BẢN,73,shared/learning_resources/ocr_text/sgv_tin_hoc_9/sgv_tin_9_bai_11b/sgv_tin_9_bai_11b.md,draft,Top-1 từ SQLite FTS theo tên bài học.,false,
HNMU-G9-R0226-STT1,9,[12b]: Hoàn thành việc dựng video,Mục 1 (Tr. 69),LM-SGV-TIN9-4923777498#F0299,SGV,Bài 12B. HOÀN THIÊN VIỆC DỰNG VIDEO,75,shared/learning_resources/ocr_text/sgv_tin_hoc_9/sgv_tin_9_bai_12b/sgv_tin_9_bai_12b.md,draft,Top-1 từ SQLite FTS theo tên bài học.,false,
HNMU-G9-R0227-STT2,9,[12b]: Hoàn thành việc dựng video,Mục 2 (Tr. 71),LM-SGV-TIN9-4923777498#F0299,SGV,Bài 12B. HOÀN THIÊN VIỆC DỰNG VIDEO,75,shared/learning_resources/ocr_text/sgv_tin_hoc_9/sgv_tin_9_bai_12b/sgv_tin_9_bai_12b.md,draft,Top-1 từ SQLite FTS theo tên bài học.,false,
HNMU-G9-R0228-STT3,9,[12b]: Hoàn thành việc dựng video,Mục 1 (Tr. 69),LM-SGK-TIN9-0001#F0223,SGK,Bài 12B. Hoàn thành việc dựng video,,shared/learning_resources/ocr_text/sgk_tin_hoc_9/tin_9_bai_12b/tin_9_bai_12b.md,draft,Top-1 từ SQLite FTS theo đáp án SGV và metadata bài học.,false,
HNMU-G9-R0229-STT4,9,[12b]: Hoàn thành việc dựng video,Mục 2 (Tr. 72),LM-SGV-TIN9-4923777498#F0299,SGV,Bài 12B. HOÀN THIÊN VIỆC DỰNG VIDEO,75,shared/learning_resources/ocr_text/sgv_tin_hoc_9/sgv_tin_9_bai_12b/sgv_tin_9_bai_12b.md,draft,Top-1 từ SQLite FTS theo tên bài học.,false,
HNMU-G9-R0230-STT5,9,[12b]: Hoàn thành việc dựng video,Mục 1 (Tr. 69),LM-SGV-TIN9-4923777498#F0299,SGV,Bài 12B. HOÀN THIÊN VIỆC DỰNG VIDEO,75,shared/learning_resources/ocr_text/sgv_tin_hoc_9/sgv_tin_9_bai_12b/sgv_tin_9_bai_12b.md,draft,Top-1 từ SQLite FTS theo tên bài học.,false,
HNMU-G9-R0231-STT6,9,[12b]: Hoàn thành việc dựng video,Mục 2 (Tr. 70),LM-SGV-TIN9-4923777498#F0299,SGV,Bài 12B. HOÀN THIÊN VIỆC DỰNG VIDEO,75,shared/learning_resources/ocr_text/sgv_tin_hoc_9/sgv_tin_9_bai_12b/sgv_tin_9_bai_12b.md,draft,Top-1 từ SQLite FTS theo tên bài học.,false,
HNMU-G9-R0232-STT7,9,[12b]: Hoàn thành việc dựng video,Sinh thêm (Tr. 70),LM-SGV-TIN9-4923777498#F0299,SGV,Bài 12B. HOÀN THIÊN VIỆC DỰNG VIDEO,75,shared/learning_resources/ocr_text/sgv_tin_hoc_9/sgv_tin_9_bai_12b/sgv_tin_9_bai_12b.md,draft,Top-1 từ SQLite FTS theo tên bài học.,false,
HNMU-G9-R0233-STT8,9,[12b]: Hoàn thành việc dựng video,Mục 2 (Tr. 71),LM-SGV-TIN9-4923777498#F0299,SGV,Bài 12B. HOÀN THIÊN VIỆC DỰNG VIDEO,75,shared/learning_resources/ocr_text/sgv_tin_hoc_9/sgv_tin_9_bai_12b/sgv_tin_9_bai_12b.md,draft,Top-1 từ SQLite FTS theo tên bài học.,false,
HNMU-G9-R0234-STT9,9,[12b]: Hoàn thành việc dựng video,Mục 2 (Tr. 72),LM-SGV-TIN9-4923777498#F0299,SGV,Bài 12B. HOÀN THIÊN VIỆC DỰNG VIDEO,75,shared/learning_resources/ocr_text/sgv_tin_hoc_9/sgv_tin_9_bai_12b/sgv_tin_9_bai_12b.md,draft,Top-1 từ SQLite FTS theo tên bài học.,false,
HNMU-G9-R0235-STT10,9,[12b]: Hoàn thành việc dựng video,Thực hành (Tr. 70),LM-SGV-TIN9-4923777498#F0299,SGV,Bài 12B. HOÀN THIÊN VIỆC DỰNG VIDEO,75,shared/learning_resources/ocr_text/sgv_tin_hoc_9/sgv_tin_9_bai_12b/sgv_tin_9_bai_12b.md,draft,Top-1 từ SQLite FTS theo tên bài học.,false,
HNMU-G9-R0236-STT11,9,[12b]: Hoàn thành việc dựng video,Thực hành (Tr. 71),LM-SGV-TIN9-4923777498#F0299,SGV,Bài 12B. HOÀN THIÊN VIỆC DỰNG VIDEO,75,shared/learning_resources/ocr_text/sgv_tin_hoc_9/sgv_tin_9_bai_12b/sgv_tin_9_bai_12b.md,draft,Top-1 từ SQLite FTS theo tên bài học.,false,
HNMU-G9-R0237-STT12,9,[12b]: Hoàn thành việc dựng video,Thực hành (Tr. 72),LM-SGV-TIN9-4923777498#F0299,SGV,Bài 12B. HOÀN THIÊN VIỆC DỰNG VIDEO,75,shared/learning_resources/ocr_text/sgv_tin_hoc_9/sgv_tin_9_bai_12b/sgv_tin_9_bai_12b.md,draft,Top-1 từ SQLite FTS theo tên bài học.,false,
HNMU-G9-R0238-STT13,9,[12b]: Hoàn thành việc dựng video,Thực hành (Tr. 72),LM-SGV-TIN9-4923777498#F0299,SGV,Bài 12B. HOÀN THIÊN VIỆC DỰNG VIDEO,75,shared/learning_resources/ocr_text/sgv_tin_hoc_9/sgv_tin_9_bai_12b/sgv_tin_9_bai_12b.md,draft,Top-1 từ SQLite FTS theo tên bài học.,false,
HNMU-G9-R0239-STT14,9,[12b]: Hoàn thành việc dựng video,Vận dụng (Tr. 72),LM-SGV-TIN9-4923777498#F0299,SGV,Bài 12B. HOÀN THIÊN VIỆC DỰNG VIDEO,75,shared/learning_resources/ocr_text/sgv_tin_hoc_9/sgv_tin_9_bai_12b/sgv_tin_9_bai_12b.md,draft,Top-1 từ SQLite FTS theo tên bài học.,false,
HNMU-G9-R0240-STT1,9,[13b]: Biên tập và xuất video,Mục 2 (Tr. 74),LM-SGV-TIN9-4923777498#F0327,SGV,Bài 13B. BIÊN TẬP VÀ XUẤT VIDEO,79,shared/learning_resources/ocr_text/sgv_tin_hoc_9/sgv_tin_9_bai_13b/sgv_tin_9_bai_13b.md,draft,Top-1 từ SQLite FTS theo tên bài học.,false,
HNMU-G9-R0241-STT2,9,[13b]: Biên tập và xuất video,Mục 2 (Tr. 74),LM-SGV-TIN9-4923777498#F0327,SGV,Bài 13B. BIÊN TẬP VÀ XUẤT VIDEO,79,shared/learning_resources/ocr_text/sgv_tin_hoc_9/sgv_tin_9_bai_13b/sgv_tin_9_bai_13b.md,draft,Top-1 từ SQLite FTS theo tên bài học.,false,
HNMU-G9-R0242-STT3,9,[13b]: Biên tập và xuất video,Mục 2 (Tr. 74),LM-SGV-TIN9-4923777498#F0327,SGV,Bài 13B. BIÊN TẬP VÀ XUẤT VIDEO,79,shared/learning_resources/ocr_text/sgv_tin_hoc_9/sgv_tin_9_bai_13b/sgv_tin_9_bai_13b.md,draft,Top-1 từ SQLite FTS theo tên bài học.,false,
HNMU-G9-R0243-STT4,9,[13b]: Biên tập và xuất video,Mục 1 (Tr. 73),LM-SGV-TIN9-4923777498#F0327,SGV,Bài 13B. BIÊN TẬP VÀ XUẤT VIDEO,79,shared/learning_resources/ocr_text/sgv_tin_hoc_9/sgv_tin_9_bai_13b/sgv_tin_9_bai_13b.md,draft,Top-1 từ SQLite FTS theo tên bài học.,false,
HNMU-G9-R0244-STT5,9,[13b]: Biên tập và xuất video,"Mục 1, 2 (Tr. 73, 74)",LM-SGV-TIN9-4923777498#F0327,SGV,Bài 13B. BIÊN TẬP VÀ XUẤT VIDEO,79,shared/learning_resources/ocr_text/sgv_tin_hoc_9/sgv_tin_9_bai_13b/sgv_tin_9_bai_13b.md,draft,Top-1 từ SQLite FTS theo tên bài học.,false,
HNMU-G9-R0245-STT6,9,[13b]: Biên tập và xuất video,Mục 2 (Tr. 74),LM-SGV-TIN9-4923777498#F0327,SGV,Bài 13B. BIÊN TẬP VÀ XUẤT VIDEO,79,shared/learning_resources/ocr_text/sgv_tin_hoc_9/sgv_tin_9_bai_13b/sgv_tin_9_bai_13b.md,draft,Top-1 từ SQLite FTS theo tên bài học.,false,
HNMU-G9-R0246-STT7,9,[13b]: Biên tập và xuất video,Sinh thêm,LM-SGV-TIN9-4923777498#F0327,SGV,Bài 13B. BIÊN TẬP VÀ XUẤT VIDEO,79,shared/learning_resources/ocr_text/sgv_tin_hoc_9/sgv_tin_9_bai_13b/sgv_tin_9_bai_13b.md,draft,Top-1 từ SQLite FTS theo tên bài học.,false,
HNMU-G9-R0247-STT8,9,[13b]: Biên tập và xuất video,Mục 2 (Tr. 74),LM-SGV-TIN9-4923777498#F0327,SGV,Bài 13B. BIÊN TẬP VÀ XUẤT VIDEO,79,shared/learning_resources/ocr_text/sgv_tin_hoc_9/sgv_tin_9_bai_13b/sgv_tin_9_bai_13b.md,draft,Top-1 từ SQLite FTS theo tên bài học.,false,
HNMU-G9-R0248-STT9,9,[13b]: Biên tập và xuất video,Mục 2 (Tr. 74),LM-SGV-TIN9-4923777498#F0327,SGV,Bài 13B. BIÊN TẬP VÀ XUẤT VIDEO,79,shared/learning_resources/ocr_text/sgv_tin_hoc_9/sgv_tin_9_bai_13b/sgv_tin_9_bai_13b.md,draft,Top-1 từ SQLite FTS theo tên bài học.,false,
HNMU-G9-R0249-STT10,9,[13b]: Biên tập và xuất video,Sinh thêm,LM-SGV-TIN9-4923777498#F0327,SGV,Bài 13B. BIÊN TẬP VÀ XUẤT VIDEO,79,shared/learning_resources/ocr_text/sgv_tin_hoc_9/sgv_tin_9_bai_13b/sgv_tin_9_bai_13b.md,draft,Top-1 từ SQLite FTS theo tên bài học.,false,
HNMU-G9-R0250-STT11,9,[13b]: Biên tập và xuất video,Thực hành (Tr. 74),LM-SGV-TIN9-4923777498#F0327,SGV,Bài 13B. BIÊN TẬP VÀ XUẤT VIDEO,79,shared/learning_resources/ocr_text/sgv_tin_hoc_9/sgv_tin_9_bai_13b/sgv_tin_9_bai_13b.md,draft,Top-1 từ SQLite FTS theo tên bài học.,false,
HNMU-G9-R0251-STT12,9,[13b]: Biên tập và xuất video,Thực hành (Tr. 75),LM-SGV-TIN9-4923777498#F0327,SGV,Bài 13B. BIÊN TẬP VÀ XUẤT VIDEO,79,shared/learning_resources/ocr_text/sgv_tin_hoc_9/sgv_tin_9_bai_13b/sgv_tin_9_bai_13b.md,draft,Top-1 từ SQLite FTS theo tên bài học.,false,
HNMU-G9-R0252-STT13,9,[13b]: Biên tập và xuất video,Luyện tập (Tr. 75),LM-SGV-TIN9-4923777498#F0327,SGV,Bài 13B. BIÊN TẬP VÀ XUẤT VIDEO,79,shared/learning_resources/ocr_text/sgv_tin_hoc_9/sgv_tin_9_bai_13b/sgv_tin_9_bai_13b.md,draft,Top-1 từ SQLite FTS theo tên bài học.,false,
HNMU-G9-R0253-STT14,9,[13b]: Biên tập và xuất video,Vận dụng (Tr. 75),LM-SGV-TIN9-4923777498#F0327,SGV,Bài 13B. BIÊN TẬP VÀ XUẤT VIDEO,79,shared/learning_resources/ocr_text/sgv_tin_hoc_9/sgv_tin_9_bai_13b/sgv_tin_9_bai_13b.md,draft,Top-1 từ SQLite FTS theo tên bài học.,false,
HNMU-G9-R0254-STT1,9,Bài 14: Giải quyết vấn đề,"Mục 1, trang 76",LM-SGV-TIN9-4923777498#F0350,SGV,Bài 14. GIẢI QUYẾT VẤN ĐỀ,83,shared/learning_resources/ocr_text/sgv_tin_hoc_9/sgv_tin_9_bai_14/sgv_tin_9_bai_14.md,draft,Top-1 từ SQLite FTS theo đáp án SGV và metadata bài học.,false,
HNMU-G9-R0255-STT2,9,Bài 14: Giải quyết vấn đề,"Mục 1, trang 76",LM-SGK-TIN9-0001#F0258,SGK,Bài 14. Giải quyết vấn đề,76,shared/learning_resources/ocr_text/sgk_tin_hoc_9/tin_9_bai_14/tin_9_bai_14.md,draft,Top-1 từ SQLite FTS theo đáp án SGV và metadata bài học.,false,
HNMU-G9-R0256-STT3,9,Bài 14: Giải quyết vấn đề,"Mục 1, trang 76",LM-SGV-TIN9-4923777498#F0342,SGV,Bài 14. GIẢI QUYẾT VẤN ĐỀ,82,shared/learning_resources/ocr_text/sgv_tin_hoc_9/sgv_tin_9_bai_14/sgv_tin_9_bai_14.md,draft,Top-1 từ SQLite FTS theo tên bài học.,false,
HNMU-G9-R0257-STT4,9,Bài 14: Giải quyết vấn đề,Câu hỏi mở rộng kiến thức,LM-SGV-TIN9-4923777498#F0342,SGV,Bài 14. GIẢI QUYẾT VẤN ĐỀ,82,shared/learning_resources/ocr_text/sgv_tin_hoc_9/sgv_tin_9_bai_14/sgv_tin_9_bai_14.md,draft,Top-1 từ SQLite FTS theo tên bài học.,false,
HNMU-G9-R0258-STT5,9,Bài 14: Giải quyết vấn đề,"Mục 1, trang 76",LM-SGV-TIN9-4923777498#F0342,SGV,Bài 14. GIẢI QUYẾT VẤN ĐỀ,82,shared/learning_resources/ocr_text/sgv_tin_hoc_9/sgv_tin_9_bai_14/sgv_tin_9_bai_14.md,draft,Top-1 từ SQLite FTS theo tên bài học.,false,
HNMU-G9-R0259-STT6,9,Bài 14: Giải quyết vấn đề,"Hoạt động 1, trang 76",LM-SGV-TIN9-4923777498#F0342,SGV,Bài 14. GIẢI QUYẾT VẤN ĐỀ,82,shared/learning_resources/ocr_text/sgv_tin_hoc_9/sgv_tin_9_bai_14/sgv_tin_9_bai_14.md,draft,Top-1 từ SQLite FTS theo tên bài học.,false,
HNMU-G9-R0260-STT7,9,Bài 14: Giải quyết vấn đề,"Mục 1, câu hỏi sinh thêm",LM-SGV-TIN9-4923777498#F0342,SGV,Bài 14. GIẢI QUYẾT VẤN ĐỀ,82,shared/learning_resources/ocr_text/sgv_tin_hoc_9/sgv_tin_9_bai_14/sgv_tin_9_bai_14.md,draft,Top-1 từ SQLite FTS theo tên bài học.,false,
HNMU-G9-R0261-STT8,9,Bài 14: Giải quyết vấn đề,"Hoạt động 1, trang 76",LM-SGV-TIN9-4923777498#F0342,SGV,Bài 14. GIẢI QUYẾT VẤN ĐỀ,82,shared/learning_resources/ocr_text/sgv_tin_hoc_9/sgv_tin_9_bai_14/sgv_tin_9_bai_14.md,draft,Top-1 từ SQLite FTS theo tên bài học.,false,
HNMU-G9-R0262-STT9,9,Bài 14: Giải quyết vấn đề,"Mục 1, luyện tập (sinh thêm)",LM-SGV-TIN9-4923777498#F0342,SGV,Bài 14. GIẢI QUYẾT VẤN ĐỀ,82,shared/learning_resources/ocr_text/sgv_tin_hoc_9/sgv_tin_9_bai_14/sgv_tin_9_bai_14.md,draft,Top-1 từ SQLite FTS theo tên bài học.,false,
HNMU-G9-R0263-STT10,9,Bài 14: Giải quyết vấn đề,"Vận dụng, trang 76 (sinh thêm)",LM-SGV-TIN9-4923777498#F0342,SGV,Bài 14. GIẢI QUYẾT VẤN ĐỀ,82,shared/learning_resources/ocr_text/sgv_tin_hoc_9/sgv_tin_9_bai_14/sgv_tin_9_bai_14.md,draft,Top-1 từ SQLite FTS theo tên bài học.,false,
HNMU-G9-R0264-STT11,9,Bài 14: Giải quyết vấn đề,"Phần Vận dụng, trang 82",LM-SGV-TIN9-4923777498#F0342,SGV,Bài 14. GIẢI QUYẾT VẤN ĐỀ,82,shared/learning_resources/ocr_text/sgv_tin_hoc_9/sgv_tin_9_bai_14/sgv_tin_9_bai_14.md,draft,Top-1 từ SQLite FTS theo tên bài học.,false,
HNMU-G9-R0265-STT12,9,Bài 14: Giải quyết vấn đề,Vận dụng (sinh thêm),LM-SGV-TIN9-4923777498#F0342,SGV,Bài 14. GIẢI QUYẾT VẤN ĐỀ,82,shared/learning_resources/ocr_text/sgv_tin_hoc_9/sgv_tin_9_bai_14/sgv_tin_9_bai_14.md,draft,Top-1 từ SQLite FTS theo tên bài học.,false,
HNMU-G9-R0266-STT13,9,Bài 14: Giải quyết vấn đề,Vận dụng (sinh thêm),LM-SGV-TIN9-4923777498#F0342,SGV,Bài 14. GIẢI QUYẾT VẤN ĐỀ,82,shared/learning_resources/ocr_text/sgv_tin_hoc_9/sgv_tin_9_bai_14/sgv_tin_9_bai_14.md,draft,Top-1 từ SQLite FTS theo tên bài học.,false,
HNMU-G9-R0267-STT14,9,Bài 14: Giải quyết vấn đề,"Phần Vận dụng, trang 82",LM-SGV-TIN9-4923777498#F0342,SGV,Bài 14. GIẢI QUYẾT VẤN ĐỀ,82,shared/learning_resources/ocr_text/sgv_tin_hoc_9/sgv_tin_9_bai_14/sgv_tin_9_bai_14.md,draft,Top-1 từ SQLite FTS theo tên bài học.,false,
HNMU-G9-R0268-STT1,9,Bài 15: Bài toán tin học,"Mục 1, trang 80",LM-SGV-TIN9-4923777498#F0365,SGV,Bài 15. BÀI TOÁN TIN HỌC,88,shared/learning_resources/ocr_text/sgv_tin_hoc_9/sgv_tin_9_bai_15/sgv_tin_9_bai_15.md,draft,Top-1 từ SQLite FTS theo đáp án SGV và metadata bài học.,false,
HNMU-G9-R0269-STT2,9,Bài 15: Bài toán tin học,"Câu hỏi củng cố, trang 80",LM-SGK-TIN9-0001#F0267,SGK,Bài 15. Bài toán tin học,80,shared/learning_resources/ocr_text/sgk_tin_hoc_9/tin_9_bai_15/tin_9_bai_15.md,draft,Top-1 từ SQLite FTS theo đáp án SGV và metadata bài học.,false,
HNMU-G9-R0270-STT3,9,Bài 15: Bài toán tin học,"Mục 2, trang 80, 81",LM-SGK-TIN9-0001#F0270,SGK,Bài 15. Bài toán tin học,82,shared/learning_resources/ocr_text/sgk_tin_hoc_9/tin_9_bai_15/tin_9_bai_15.md,draft,Top-1 từ SQLite FTS theo đáp án SGV và metadata bài học.,false,
HNMU-G9-R0271-STT4,9,Bài 15: Bài toán tin học,"Mục 2 (sinh thêm), trang 80",LM-SGV-TIN9-4923777498#F0381,SGV,Bài 15. BÀI TOÁN TIN HỌC,92,shared/learning_resources/ocr_text/sgv_tin_hoc_9/sgv_tin_9_bai_15/sgv_tin_9_bai_15.md,draft,Top-1 từ SQLite FTS theo tên bài học.,false,
HNMU-G9-R0272-STT5,9,Bài 15: Bài toán tin học,"Hoạt động 1, trang 79",LM-SGV-TIN9-4923777498#F0381,SGV,Bài 15. BÀI TOÁN TIN HỌC,92,shared/learning_resources/ocr_text/sgv_tin_hoc_9/sgv_tin_9_bai_15/sgv_tin_9_bai_15.md,draft,Top-1 từ SQLite FTS theo tên bài học.,false,
HNMU-G9-R0273-STT6,9,Bài 15: Bài toán tin học,"Mục 1 (sinh thêm), trang 80",LM-SGV-TIN9-4923777498#F0381,SGV,Bài 15. BÀI TOÁN TIN HỌC,92,shared/learning_resources/ocr_text/sgv_tin_hoc_9/sgv_tin_9_bai_15/sgv_tin_9_bai_15.md,draft,Top-1 từ SQLite FTS theo tên bài học.,false,
HNMU-G9-R0274-STT7,9,Bài 15: Bài toán tin học,"Mục 2, trang 80",LM-SGV-TIN9-4923777498#F0381,SGV,Bài 15. BÀI TOÁN TIN HỌC,92,shared/learning_resources/ocr_text/sgv_tin_hoc_9/sgv_tin_9_bai_15/sgv_tin_9_bai_15.md,draft,Top-1 từ SQLite FTS theo tên bài học.,false,
HNMU-G9-R0275-STT8,9,Bài 15: Bài toán tin học,"Mục 2, trang 81",LM-SGV-TIN9-4923777498#F0381,SGV,Bài 15. BÀI TOÁN TIN HỌC,92,shared/learning_resources/ocr_text/sgv_tin_hoc_9/sgv_tin_9_bai_15/sgv_tin_9_bai_15.md,draft,Top-1 từ SQLite FTS theo tên bài học.,false,
HNMU-G9-R0276-STT9,9,Bài 15: Bài toán tin học,"Mục 1 (sinh thêm), trang 80",LM-SGV-TIN9-4923777498#F0381,SGV,Bài 15. BÀI TOÁN TIN HỌC,92,shared/learning_resources/ocr_text/sgv_tin_hoc_9/sgv_tin_9_bai_15/sgv_tin_9_bai_15.md,draft,Top-1 từ SQLite FTS theo tên bài học.,false,
HNMU-G9-R0277-STT10,9,Bài 15: Bài toán tin học,"Hoạt động 3, trang 81 - 82",LM-SGK-TIN9-0001#F0269,SGK,Bài 15. Bài toán tin học,81,shared/learning_resources/ocr_text/sgk_tin_hoc_9/tin_9_bai_15/tin_9_bai_15.md,draft,Top-1 từ SQLite FTS theo câu hỏi và metadata bài học.,false,
HNMU-G9-R0278-STT11,9,Bài 15: Bài toán tin học,"Câu hỏi, trang 80",LM-SGK-TIN9-0001#F0267,SGK,Bài 15. Bài toán tin học,80,shared/learning_resources/ocr_text/sgk_tin_hoc_9/tin_9_bai_15/tin_9_bai_15.md,draft,Top-1 từ SQLite FTS theo câu hỏi và metadata bài học.,false,
HNMU-G9-R0279-STT12,9,Bài 15: Bài toán tin học,"Vận dụng 1, trang 82",LM-SGV-TIN9-4923777498#F0381,SGV,Bài 15. BÀI TOÁN TIN HỌC,92,shared/learning_resources/ocr_text/sgv_tin_hoc_9/sgv_tin_9_bai_15/sgv_tin_9_bai_15.md,draft,Top-1 từ SQLite FTS theo tên bài học.,false,
HNMU-G9-R0280-STT13,9,Bài 15: Bài toán tin học,Luyện tập (sinh thêm),LM-SGV-TIN9-4923777498#F0381,SGV,Bài 15. BÀI TOÁN TIN HỌC,92,shared/learning_resources/ocr_text/sgv_tin_hoc_9/sgv_tin_9_bai_15/sgv_tin_9_bai_15.md,draft,Top-1 từ SQLite FTS theo tên bài học.,false,
HNMU-G9-R0281-STT14,9,Bài 15: Bài toán tin học,"Mục 1 (Ví dụ 2), trang 80",LM-SGV-TIN9-4923777498#F0381,SGV,Bài 15. BÀI TOÁN TIN HỌC,92,shared/learning_resources/ocr_text/sgv_tin_hoc_9/sgv_tin_9_bai_15/sgv_tin_9_bai_15.md,draft,Top-1 từ SQLite FTS theo tên bài học.,false,
HNMU-G9-R0282-STT1,9,Bài 16: Thực hành: Lập chương trình máy tính,"Mục tiêu bài học, trang 83",LM-SGK-TIN9-0001#F0273,SGK,Bài 16. Thực hành: Lập chương trình máy tính,83,shared/learning_resources/ocr_text/sgk_tin_hoc_9/tin_9_bai_16/tin_9_bai_16.md,draft,Top-1 từ SQLite FTS theo tên bài học.,false,
HNMU-G9-R0283-STT2,9,Bài 16: Thực hành: Lập chương trình máy tính,"Nhiệm vụ 1, trang 83",LM-SGK-TIN9-0001#F0273,SGK,Bài 16. Thực hành: Lập chương trình máy tính,83,shared/learning_resources/ocr_text/sgk_tin_hoc_9/tin_9_bai_16/tin_9_bai_16.md,draft,Top-1 từ SQLite FTS theo tên bài học.,false,
HNMU-G9-R0284-STT3,9,Bài 16: Thực hành: Lập chương trình máy tính,"Mục 1.b Gỡ lỗi, trang 84",LM-SGK-TIN9-0001#F0273,SGK,Bài 16. Thực hành: Lập chương trình máy tính,83,shared/learning_resources/ocr_text/sgk_tin_hoc_9/tin_9_bai_16/tin_9_bai_16.md,draft,Top-1 từ SQLite FTS theo tên bài học.,false,
HNMU-G9-R0285-STT4,9,Bài 16: Thực hành: Lập chương trình máy tính,"Nhiệm vụ 2, trang 86",LM-SGK-TIN9-0001#F0273,SGK,Bài 16. Thực hành: Lập chương trình máy tính,83,shared/learning_resources/ocr_text/sgk_tin_hoc_9/tin_9_bai_16/tin_9_bai_16.md,draft,Top-1 từ SQLite FTS theo tên bài học.,false,
HNMU-G9-R0286-STT5,9,Bài 16: Thực hành: Lập chương trình máy tính,"Mục tiêu bài học, trang 83",LM-SGK-TIN9-0001#F0273,SGK,Bài 16. Thực hành: Lập chương trình máy tính,83,shared/learning_resources/ocr_text/sgk_tin_hoc_9/tin_9_bai_16/tin_9_bai_16.md,draft,Top-1 từ SQLite FTS theo tên bài học.,false,
HNMU-G9-R0287-STT6,9,Bài 16: Thực hành: Lập chương trình máy tính,"Hướng dẫn Nhiệm vụ 1, trang 83",LM-SGK-TIN9-0001#F0273,SGK,Bài 16. Thực hành: Lập chương trình máy tính,83,shared/learning_resources/ocr_text/sgk_tin_hoc_9/tin_9_bai_16/tin_9_bai_16.md,draft,Top-1 từ SQLite FTS theo tên bài học.,false,
HNMU-G9-R0288-STT7,9,Bài 16: Thực hành: Lập chương trình máy tính,"Bảng 16.1 (Gỡ lỗi), trang 84",LM-SGK-TIN9-0001#F0273,SGK,Bài 16. Thực hành: Lập chương trình máy tính,83,shared/learning_resources/ocr_text/sgk_tin_hoc_9/tin_9_bai_16/tin_9_bai_16.md,draft,Top-1 từ SQLite FTS theo tên bài học.,false,
HNMU-G9-R0289-STT8,9,Bài 16: Thực hành: Lập chương trình máy tính,"Bảng 16.1 (Gỡ lỗi), trang 84",LM-SGK-TIN9-0001#F0273,SGK,Bài 16. Thực hành: Lập chương trình máy tính,83,shared/learning_resources/ocr_text/sgk_tin_hoc_9/tin_9_bai_16/tin_9_bai_16.md,draft,Top-1 từ SQLite FTS theo tên bài học.,false,
HNMU-G9-R0290-STT9,9,Bài 16: Thực hành: Lập chương trình máy tính,"Nhiệm vụ 2, trang 86",LM-SGK-TIN9-0001#F0273,SGK,Bài 16. Thực hành: Lập chương trình máy tính,83,shared/learning_resources/ocr_text/sgk_tin_hoc_9/tin_9_bai_16/tin_9_bai_16.md,draft,Top-1 từ SQLite FTS theo tên bài học.,false,
HNMU-G9-R0291-STT10,9,Bài 16: Thực hành: Lập chương trình máy tính,"Nhiệm vụ 2, trang 86",LM-SGK-TIN9-0001#F0273,SGK,Bài 16. Thực hành: Lập chương trình máy tính,83,shared/learning_resources/ocr_text/sgk_tin_hoc_9/tin_9_bai_16/tin_9_bai_16.md,draft,Top-1 từ SQLite FTS theo tên bài học.,false,
HNMU-G9-R0292-STT11,9,Bài 16: Thực hành: Lập chương trình máy tính,"Nhiệm vụ 1, trang 83",LM-SGK-TIN9-0001#F0273,SGK,Bài 16. Thực hành: Lập chương trình máy tính,83,shared/learning_resources/ocr_text/sgk_tin_hoc_9/tin_9_bai_16/tin_9_bai_16.md,draft,Top-1 từ SQLite FTS theo tên bài học.,false,
HNMU-G9-R0293-STT12,9,Bài 16: Thực hành: Lập chương trình máy tính,"Nhiệm vụ 2 (Bảng 16.2), trang 86",LM-SGK-TIN9-0001#F0273,SGK,Bài 16. Thực hành: Lập chương trình máy tính,83,shared/learning_resources/ocr_text/sgk_tin_hoc_9/tin_9_bai_16/tin_9_bai_16.md,draft,Top-1 từ SQLite FTS theo tên bài học.,false,
HNMU-G9-R0294-STT13,9,Bài 16: Thực hành: Lập chương trình máy tính,"Gỡ lỗi (Vận dụng mở rộng), trang 84",LM-SGK-TIN9-0001#F0273,SGK,Bài 16. Thực hành: Lập chương trình máy tính,83,shared/learning_resources/ocr_text/sgk_tin_hoc_9/tin_9_bai_16/tin_9_bai_16.md,draft,Top-1 từ SQLite FTS theo tên bài học.,false,
HNMU-G9-R0295-STT14,9,Bài 16: Thực hành: Lập chương trình máy tính,"Vận dụng, trang 86",LM-SGK-TIN9-0001#F0273,SGK,Bài 16. Thực hành: Lập chương trình máy tính,83,shared/learning_resources/ocr_text/sgk_tin_hoc_9/tin_9_bai_16/tin_9_bai_16.md,draft,Top-1 từ SQLite FTS theo tên bài học.,false,
HNMU-G9-R0296-STT1,9,Bài 17: Tin học và thế giới nghề nghiệp,"Mục 1, trang 87, 88",LM-SGK-TIN9-0001#F0288,SGK,Bài 17. Tin học và thế giới nghề nghiệp,87,shared/learning_resources/ocr_text/sgk_tin_hoc_9/tin_9_bai_17/tin_9_bai_17.md,draft,Top-1 từ SQLite FTS theo câu hỏi và metadata bài học.,false,
HNMU-G9-R0297-STT2,9,Bài 17: Tin học và thế giới nghề nghiệp,"Mục 1, trang 88",LM-SGV-TIN9-4923777498#F0402,SGV,Bài 17. TIN HỌC VÀ THẾ GIỚI NGHỀ NGHIỆP,96,shared/learning_resources/ocr_text/sgv_tin_hoc_9/sgv_tin_9_bai_17/sgv_tin_9_bai_17.md,draft,Top-1 từ SQLite FTS theo câu hỏi và metadata bài học.,false,
HNMU-G9-R0298-STT3,9,Bài 17: Tin học và thế giới nghề nghiệp,"Mục 2, trang 88",LM-SGV-TIN9-4923777498#F0410,SGV,Bài 17. TIN HỌC VÀ THẾ GIỚI NGHỀ NGHIỆP,98,shared/learning_resources/ocr_text/sgv_tin_hoc_9/sgv_tin_9_bai_17/sgv_tin_9_bai_17.md,draft,Top-1 từ SQLite FTS theo đáp án SGV và metadata bài học.,false,
HNMU-G9-R0299-STT4,9,Bài 17: Tin học và thế giới nghề nghiệp,"Mục 3, trang 89",LM-SGK-TIN9-0001#F0294,SGK,Bài 17. Tin học và thế giới nghề nghiệp,90,shared/learning_resources/ocr_text/sgk_tin_hoc_9/tin_9_bai_17/tin_9_bai_17.md,draft,Top-1 từ SQLite FTS theo đáp án SGV và metadata bài học.,false,
HNMU-G9-R0300-STT5,9,Bài 17: Tin học và thế giới nghề nghiệp,"Mục 1, trang 87, 88",LM-SGV-TIN9-4923777498#F0401,SGV,Bài 17. TIN HỌC VÀ THẾ GIỚI NGHỀ NGHIỆP,96,shared/learning_resources/ocr_text/sgv_tin_hoc_9/sgv_tin_9_bai_17/sgv_tin_9_bai_17.md,draft,Top-1 từ SQLite FTS theo tên bài học.,false,
HNMU-G9-R0301-STT6,9,Bài 17: Tin học và thế giới nghề nghiệp,"Mục 2, trang 88, 89",LM-SGV-TIN9-4923777498#F0401,SGV,Bài 17. TIN HỌC VÀ THẾ GIỚI NGHỀ NGHIỆP,96,shared/learning_resources/ocr_text/sgv_tin_hoc_9/sgv_tin_9_bai_17/sgv_tin_9_bai_17.md,draft,Top-1 từ SQLite FTS theo tên bài học.,false,
HNMU-G9-R0302-STT7,9,Bài 17: Tin học và thế giới nghề nghiệp,"Mục 2, trang 88",LM-SGV-TIN9-4923777498#F0401,SGV,Bài 17. TIN HỌC VÀ THẾ GIỚI NGHỀ NGHIỆP,96,shared/learning_resources/ocr_text/sgv_tin_hoc_9/sgv_tin_9_bai_17/sgv_tin_9_bai_17.md,draft,Top-1 từ SQLite FTS theo tên bài học.,false,
HNMU-G9-R0303-STT8,9,Bài 17: Tin học và thế giới nghề nghiệp,"Mục 3, trang 89, 90",LM-SGV-TIN9-4923777498#F0401,SGV,Bài 17. TIN HỌC VÀ THẾ GIỚI NGHỀ NGHIỆP,96,shared/learning_resources/ocr_text/sgv_tin_hoc_9/sgv_tin_9_bai_17/sgv_tin_9_bai_17.md,draft,Top-1 từ SQLite FTS theo tên bài học.,false,
HNMU-G9-R0304-STT9,9,Bài 17: Tin học và thế giới nghề nghiệp,"Mục 3, trang 89",LM-SGV-TIN9-4923777498#F0401,SGV,Bài 17. TIN HỌC VÀ THẾ GIỚI NGHỀ NGHIỆP,96,shared/learning_resources/ocr_text/sgv_tin_hoc_9/sgv_tin_9_bai_17/sgv_tin_9_bai_17.md,draft,Top-1 từ SQLite FTS theo tên bài học.,false,
HNMU-G9-R0305-STT10,9,Bài 17: Tin học và thế giới nghề nghiệp,"Mục 3, trang 89",LM-SGV-TIN9-4923777498#F0401,SGV,Bài 17. TIN HỌC VÀ THẾ GIỚI NGHỀ NGHIỆP,96,shared/learning_resources/ocr_text/sgv_tin_hoc_9/sgv_tin_9_bai_17/sgv_tin_9_bai_17.md,draft,Top-1 từ SQLite FTS theo tên bài học.,false,
HNMU-G9-R0306-STT11,9,Bài 17: Tin học và thế giới nghề nghiệp,"Vận dụng, trang 90",LM-SGV-TIN9-4923777498#F0401,SGV,Bài 17. TIN HỌC VÀ THẾ GIỚI NGHỀ NGHIỆP,96,shared/learning_resources/ocr_text/sgv_tin_hoc_9/sgv_tin_9_bai_17/sgv_tin_9_bai_17.md,draft,Top-1 từ SQLite FTS theo tên bài học.,false,
HNMU-G9-R0307-STT12,9,Bài 17: Tin học và thế giới nghề nghiệp,"Luyện tập, trang 90",LM-SGV-TIN9-4923777498#F0401,SGV,Bài 17. TIN HỌC VÀ THẾ GIỚI NGHỀ NGHIỆP,96,shared/learning_resources/ocr_text/sgv_tin_hoc_9/sgv_tin_9_bai_17/sgv_tin_9_bai_17.md,draft,Top-1 từ SQLite FTS theo tên bài học.,false,
HNMU-G9-R0308-STT13,9,Bài 17: Tin học và thế giới nghề nghiệp,Vận dụng (sinh thêm),LM-SGV-TIN9-4923777498#F0401,SGV,Bài 17. TIN HỌC VÀ THẾ GIỚI NGHỀ NGHIỆP,96,shared/learning_resources/ocr_text/sgv_tin_hoc_9/sgv_tin_9_bai_17/sgv_tin_9_bai_17.md,draft,Top-1 từ SQLite FTS theo tên bài học.,false,
HNMU-G9-R0309-STT14,9,Bài 17: Tin học và thế giới nghề nghiệp,"Vận dụng, trang 90 (sinh thêm)",LM-SGV-TIN9-4923777498#F0401,SGV,Bài 17. TIN HỌC VÀ THẾ GIỚI NGHỀ NGHIỆP,96,shared/learning_resources/ocr_text/sgv_tin_hoc_9/sgv_tin_9_bai_17/sgv_tin_9_bai_17.md,draft,Top-1 từ SQLite FTS theo tên bài học.,false,
