resource_batch_id,source_type,grade,source_path,shared_path,sha256,file_size_bytes,registered_date,processing_status,notes
20260715_sgk_shared_copy,SGK,6,experiments/20260705_215045/source_scope/raw_page_images/SGK_TIN6/page_0001.png,shared/learning_resources/raw_page_images/sgk/tin_hoc_6/page_0001.png,4deb97fee1851ed715495c8f4425403924218ee7fd4e7af38f229914d7bbccb8,2018257,2026-07-15,copied,Ảnh SGK copy từ experiment 20260705; learning_material_id=LM-SGK-TIN6-0001; OCR Markdown v0 do Nguyên gửi đã được đăng ký trong ocr_text_manifest.csv và được dùng để build fragment/index truy xuất ở trạng thái draft; ảnh gốc vẫn là nguồn truy vết theo trang; chưa HNMU/UET xác nhận.
20260715_sgk_shared_copy,SGK,6,experiments/20260705_215045/source_scope/raw_page_images/SGK_TIN6/page_0002.png,shared/learning_resources/raw_page_images/sgk/tin_hoc_6/page_0002.png,bd3fdd2e56d739f5f8c8286486a7916803f6ff53441303d795ebf8ead056b8fa,181953,2026-07-15,copied,Ảnh SGK copy từ experiment 20260705; learning_material_id=LM-SGK-TIN6-0001; OCR Markdown v0 do Nguyên gửi đã được đăng ký trong ocr_text_manifest.csv và được dùng để build fragment/index truy xuất ở trạng thái draft; ảnh gốc vẫn là nguồn truy vết theo trang; chưa HNMU/UET xác nhận.
20260715_sgk_shared_copy,SGK,6,experiments/20260705_215045/source_scope/raw_page_images/SGK_TIN6/page_0003.png,shared/learning_resources/raw_page_images/sgk/tin_hoc_6/page_0003.png,1b97dbe883dd301e8bc08e2d2db77bf605597ceb611c470960d93146b8390bc4,618869,2026-07-15,copied,Ảnh SGK copy từ experiment 20260705; learning_material_id=LM-SGK-TIN6-0001; OCR Markdown v0 do Nguyên gửi đã được đăng ký trong ocr_text_manifest.csv và được dùng để build fragment/index truy xuất ở trạng thái draft; ảnh gốc vẫn là nguồn truy vết theo trang; chưa HNMU/UET xác nhận.
20260715_sgk_shared_copy,SGK,6,experiments/20260705_215045/source_scope/raw_page_images/SGK_TIN6/page_0004.png,shared/learning_resources/raw_page_images/sgk/tin_hoc_6/page_0004.png,913c576c2e12165a631feb5d02692968082c66cc6f42e46711cfad9d67f92192,588713,2026-07-15,copied,Ảnh SGK copy từ experiment 20260705; learning_material_id=LM-SGK-TIN6-0001; OCR Markdown v0 do Nguyên gửi đã được đăng ký trong ocr_text_manifest.csv và được dùng để build fragment/index truy xuất ở trạng thái draft; ảnh gốc vẫn là nguồn truy vết theo trang; chưa HNMU/UET xác nhận.
20260715_sgk_shared_copy,SGK,6,experiments/20260705_215045/source_scope/raw_page_images/SGK_TIN6/page_0005.png,shared/learning_resources/raw_page_images/sgk/tin_hoc_6/page_0005.png,15c4b7fd7762ba9e64a17ad3967d222f1489f109f3d5a8713a8e5a31d02c71d1,489581,2026-07-15,copied,Ảnh SGK copy từ experiment 20260705; learning_material_id=LM-SGK-TIN6-0001; OCR Markdown v0 do Nguyên gửi đã được đăng ký trong ocr_text_manifest.csv và được dùng để build fragment/index truy xuất ở trạng thái draft; ảnh gốc vẫn là nguồn truy vết theo trang; chưa HNMU/UET xác nhận.
20260715_sgk_shared_copy,SGK,6,experiments/20260705_215045/source_scope/raw_page_images/SGK_TIN6/page_0006.png,shared/learning_resources/raw_page_images/sgk/tin_hoc_6/page_0006.png,3ccc06c556f3bc696ef6d4200369fb37306fc30f702bfd6c6c47eff96a1b0e14,726805,2026-07-15,copied,Ảnh SGK copy từ experiment 20260705; learning_material_id=LM-SGK-TIN6-0001; OCR Markdown v0 do Nguyên gửi đã được đăng ký trong ocr_text_manifest.csv và được dùng để build fragment/index truy xuất ở trạng thái draft; ảnh gốc vẫn là nguồn truy vết theo trang; chưa HNMU/UET xác nhận.
20260715_sgk_shared_copy,SGK,6,experiments/20260705_215045/source_scope/raw_page_images/SGK_TIN6/page_0007.png,shared/learning_resources/raw_page_images/sgk/tin_hoc_6/page_0007.png,d9606df1cf9c0cb701949acfcd6a886d1d257129a13ce07a004c71a985d9b708,1124621,2026-07-15,copied,Ảnh SGK copy từ experiment 20260705; learning_material_id=LM-SGK-TIN6-0001; OCR Markdown v0 do Nguyên gửi đã được đăng ký trong ocr_text_manifest.csv và được dùng để build fragment/index truy xuất ở trạng thái draft; ảnh gốc vẫn là nguồn truy vết theo trang; chưa HNMU/UET xác nhận.
20260715_sgk_shared_copy,SGK,6,experiments/20260705_215045/source_scope/raw_page_images/SGK_TIN6/page_0008.png,shared/learning_resources/raw_page_images/sgk/tin_hoc_6/page_0008.png,382ab2ee157415eea8aa2c76c4e04b58e21591490c34ae64f7d5e6f57ae18f52,608763,2026-07-15,copied,Ảnh SGK copy từ experiment 20260705; learning_material_id=LM-SGK-TIN6-0001; OCR Markdown v0 do Nguyên gửi đã được đăng ký trong ocr_text_manifest.csv và được dùng để build fragment/index truy xuất ở trạng thái draft; ảnh gốc vẫn là nguồn truy vết theo trang; chưa HNMU/UET xác nhận.
20260715_sgk_shared_copy,SGK,6,experiments/20260705_215045/source_scope/raw_page_images/SGK_TIN6/page_0009.png,shared/learning_resources/raw_page_images/sgk/tin_hoc_6/page_0009.png,0840c14a0fa2b7082a0b4894731805fcd78ec9b39bc12d2a313e54ae240afc06,634184,2026-07-15,copied,Ảnh SGK copy từ experiment 20260705; learning_material_id=LM-SGK-TIN6-0001; OCR Markdown v0 do Nguyên gửi đã được đăng ký trong ocr_text_manifest.csv và được dùng để build fragment/index truy xuất ở trạng thái draft; ảnh gốc vẫn là nguồn truy vết theo trang; chưa HNMU/UET xác nhận.
20260715_sgk_shared_copy,SGK,6,experiments/20260705_215045/source_scope/raw_page_images/SGK_TIN6/page_0010.png,shared/learning_resources/raw_page_images/sgk/tin_hoc_6/page_0010.png,7c71d3b4deef9295716938b889a7f1fbd2c1cd7effdd08f421be76273bc6bf9f,605193,2026-07-15,copied,Ảnh SGK copy từ experiment 20260705; learning_material_id=LM-SGK-TIN6-0001; OCR Markdown v0 do Nguyên gửi đã được đăng ký trong ocr_text_manifest.csv và được dùng để build fragment/index truy xuất ở trạng thái draft; ảnh gốc vẫn là nguồn truy vết theo trang; chưa HNMU/UET xác nhận.
20260715_sgk_shared_copy,SGK,6,experiments/20260705_215045/source_scope/raw_page_images/SGK_TIN6/page_0011.png,shared/learning_resources/raw_page_images/sgk/tin_hoc_6/page_0011.png,7b5a73e027865fe86f8438b9bb3471c2668d645117e15bf7f0a454247bb3b500,525140,2026-07-15,copied,Ảnh SGK copy từ experiment 20260705; learning_material_id=LM-SGK-TIN6-0001; OCR Markdown v0 do Nguyên gửi đã được đăng ký trong ocr_text_manifest.csv và được dùng để build fragment/index truy xuất ở trạng thái draft; ảnh gốc vẫn là nguồn truy vết theo trang; chưa HNMU/UET xác nhận.
20260715_sgk_shared_copy,SGK,6,experiments/20260705_215045/source_scope/raw_page_images/SGK_TIN6/page_0012.png,shared/learning_resources/raw_page_images/sgk/tin_hoc_6/page_0012.png,4f240b1736a8304a431544d782c92167c4095de3dd61875ab43afb725372c2be,747156,2026-07-15,copied,Ảnh SGK copy từ experiment 20260705; learning_material_id=LM-SGK-TIN6-0001; OCR Markdown v0 do Nguyên gửi đã được đăng ký trong ocr_text_manifest.csv và được dùng để build fragment/index truy xuất ở trạng thái draft; ảnh gốc vẫn là nguồn truy vết theo trang; chưa HNMU/UET xác nhận.
20260715_sgk_shared_copy,SGK,6,experiments/20260705_215045/source_scope/raw_page_images/SGK_TIN6/page_0013.png,shared/learning_resources/raw_page_images/sgk/tin_hoc_6/page_0013.png,3673b98fa8a9862d716f1dfceabfd59dd4305915c9493d81dc505b749a66b6e8,679335,2026-07-15,copied,Ảnh SGK copy từ experiment 20260705; learning_material_id=LM-SGK-TIN6-0001; OCR Markdown v0 do Nguyên gửi đã được đăng ký trong ocr_text_manifest.csv và được dùng để build fragment/index truy xuất ở trạng thái draft; ảnh gốc vẫn là nguồn truy vết theo trang; chưa HNMU/UET xác nhận.
20260715_sgk_shared_copy,SGK,6,experiments/20260705_215045/source_scope/raw_page_images/SGK_TIN6/page_0014.png,shared/learning_resources/raw_page_images/sgk/tin_hoc_6/page_0014.png,15eb5aca4bd4287f8c27c3a0b04215d9cd7a28d8ec3d9a818c8f7c2d099f0f7b,890093,2026-07-15,copied,Ảnh SGK copy từ experiment 20260705; learning_material_id=LM-SGK-TIN6-0001; OCR Markdown v0 do Nguyên gửi đã được đăng ký trong ocr_text_manifest.csv và được dùng để build fragment/index truy xuất ở trạng thái draft; ảnh gốc vẫn là nguồn truy vết theo trang; chưa HNMU/UET xác nhận.
20260715_sgk_shared_copy,SGK,6,experiments/20260705_215045/source_scope/raw_page_images/SGK_TIN6/page_0015.png,shared/learning_resources/raw_page_images/sgk/tin_hoc_6/page_0015.png,0490159276e0963b23a7473fa2a4fb9e16149e0a144865ba182dc5fbc86870d4,647402,2026-07-15,copied,Ảnh SGK copy từ experiment 20260705; learning_material_id=LM-SGK-TIN6-0001; OCR Markdown v0 do Nguyên gửi đã được đăng ký trong ocr_text_manifest.csv và được dùng để build fragment/index truy xuất ở trạng thái draft; ảnh gốc vẫn là nguồn truy vết theo trang; chưa HNMU/UET xác nhận.
20260715_sgk_shared_copy,SGK,6,experiments/20260705_215045/source_scope/raw_page_images/SGK_TIN6/page_0016.png,shared/learning_resources/raw_page_images/sgk/tin_hoc_6/page_0016.png,9ef8fd976f59f28e3d12068f923b4e941a451fa25608e5271f7be1862eefe91f,559861,2026-07-15,copied,Ảnh SGK copy từ experiment 20260705; learning_material_id=LM-SGK-TIN6-0001; OCR Markdown v0 do Nguyên gửi đã được đăng ký trong ocr_text_manifest.csv và được dùng để build fragment/index truy xuất ở trạng thái draft; ảnh gốc vẫn là nguồn truy vết theo trang; chưa HNMU/UET xác nhận.
20260715_sgk_shared_copy,SGK,6,experiments/20260705_215045/source_scope/raw_page_images/SGK_TIN6/page_0017.png,shared/learning_resources/raw_page_images/sgk/tin_hoc_6/page_0017.png,7b204632c13d8be5d275f4adbbcbfaf8adb901c1ca8ffe765c230c8c94314207,525861,2026-07-15,copied,Ảnh SGK copy từ experiment 20260705; learning_material_id=LM-SGK-TIN6-0001; OCR Markdown v0 do Nguyên gửi đã được đăng ký trong ocr_text_manifest.csv và được dùng để build fragment/index truy xuất ở trạng thái draft; ảnh gốc vẫn là nguồn truy vết theo trang; chưa HNMU/UET xác nhận.
20260715_sgk_shared_copy,SGK,6,experiments/20260705_215045/source_scope/raw_page_images/SGK_TIN6/page_0018.png,shared/learning_resources/raw_page_images/sgk/tin_hoc_6/page_0018.png,55e75203f9c3525a84d04be98fc0267427e6c1b7fc6337db18ddb0437c23802d,707090,2026-07-15,copied,Ảnh SGK copy từ experiment 20260705; learning_material_id=LM-SGK-TIN6-0001; OCR Markdown v0 do Nguyên gửi đã được đăng ký trong ocr_text_manifest.csv và được dùng để build fragment/index truy xuất ở trạng thái draft; ảnh gốc vẫn là nguồn truy vết theo trang; chưa HNMU/UET xác nhận.
20260715_sgk_shared_copy,SGK,6,experiments/20260705_215045/source_scope/raw_page_images/SGK_TIN6/page_0019.png,shared/learning_resources/raw_page_images/sgk/tin_hoc_6/page_0019.png,fa7fbf897ea2d3130377ffa1537eef8305464ad13ab01c1ce3c4fe106d85853d,713043,2026-07-15,copied,Ảnh SGK copy từ experiment 20260705; learning_material_id=LM-SGK-TIN6-0001; OCR Markdown v0 do Nguyên gửi đã được đăng ký trong ocr_text_manifest.csv và được dùng để build fragment/index truy xuất ở trạng thái draft; ảnh gốc vẫn là nguồn truy vết theo trang; chưa HNMU/UET xác nhận.
20260715_sgk_shared_copy,SGK,6,experiments/20260705_215045/source_scope/raw_page_images/SGK_TIN6/page_0020.png,shared/learning_resources/raw_page_images/sgk/tin_hoc_6/page_0020.png,dfa1b64e0734446c53699b91ddd23dbb8bdf3b1de2fb11ec732bbe0aac9c5268,726704,2026-07-15,copied,Ảnh SGK copy từ experiment 20260705; learning_material_id=LM-SGK-TIN6-0001; OCR Markdown v0 do Nguyên gửi đã được đăng ký trong ocr_text_manifest.csv và được dùng để build fragment/index truy xuất ở trạng thái draft; ảnh gốc vẫn là nguồn truy vết theo trang; chưa HNMU/UET xác nhận.
20260715_sgk_shared_copy,SGK,6,experiments/20260705_215045/source_scope/raw_page_images/SGK_TIN6/page_0021.png,shared/learning_resources/raw_page_images/sgk/tin_hoc_6/page_0021.png,a3412ca674d495fab4e049253762b4a460e0feca7ea1c254be7a7977691ea7a9,626143,2026-07-15,copied,Ảnh SGK copy từ experiment 20260705; learning_material_id=LM-SGK-TIN6-0001; OCR Markdown v0 do Nguyên gửi đã được đăng ký trong ocr_text_manifest.csv và được dùng để build fragment/index truy xuất ở trạng thái draft; ảnh gốc vẫn là nguồn truy vết theo trang; chưa HNMU/UET xác nhận.
20260715_sgk_shared_copy,SGK,6,experiments/20260705_215045/source_scope/raw_page_images/SGK_TIN6/page_0022.png,shared/learning_resources/raw_page_images/sgk/tin_hoc_6/page_0022.png,51d09af7d6bb1effbde4d99d4de5879278995d89255c155c4d3f196f5666545e,994056,2026-07-15,copied,Ảnh SGK copy từ experiment 20260705; learning_material_id=LM-SGK-TIN6-0001; OCR Markdown v0 do Nguyên gửi đã được đăng ký trong ocr_text_manifest.csv và được dùng để build fragment/index truy xuất ở trạng thái draft; ảnh gốc vẫn là nguồn truy vết theo trang; chưa HNMU/UET xác nhận.
20260715_sgk_shared_copy,SGK,6,experiments/20260705_215045/source_scope/raw_page_images/SGK_TIN6/page_0023.png,shared/learning_resources/raw_page_images/sgk/tin_hoc_6/page_0023.png,4add90c6e738384bd3716467ba3fae82b893ef22af229dfece51b9d0aae6eecb,720703,2026-07-15,copied,Ảnh SGK copy từ experiment 20260705; learning_material_id=LM-SGK-TIN6-0001; OCR Markdown v0 do Nguyên gửi đã được đăng ký trong ocr_text_manifest.csv và được dùng để build fragment/index truy xuất ở trạng thái draft; ảnh gốc vẫn là nguồn truy vết theo trang; chưa HNMU/UET xác nhận.
20260715_sgk_shared_copy,SGK,6,experiments/20260705_215045/source_scope/raw_page_images/SGK_TIN6/page_0024.png,shared/learning_resources/raw_page_images/sgk/tin_hoc_6/page_0024.png,59a44e237f61bdd7dbe0ad189ed0975c55c5daaeb4c23599a55ecc98cf78855a,739316,2026-07-15,copied,Ảnh SGK copy từ experiment 20260705; learning_material_id=LM-SGK-TIN6-0001; OCR Markdown v0 do Nguyên gửi đã được đăng ký trong ocr_text_manifest.csv và được dùng để build fragment/index truy xuất ở trạng thái draft; ảnh gốc vẫn là nguồn truy vết theo trang; chưa HNMU/UET xác nhận.
20260715_sgk_shared_copy,SGK,6,experiments/20260705_215045/source_scope/raw_page_images/SGK_TIN6/page_0025.png,shared/learning_resources/raw_page_images/sgk/tin_hoc_6/page_0025.png,17c2a78bdc6043614d87853b576246db3d84b0b864dfaf0831d25f96aef544ee,766908,2026-07-15,copied,Ảnh SGK copy từ experiment 20260705; learning_material_id=LM-SGK-TIN6-0001; OCR Markdown v0 do Nguyên gửi đã được đăng ký trong ocr_text_manifest.csv và được dùng để build fragment/index truy xuất ở trạng thái draft; ảnh gốc vẫn là nguồn truy vết theo trang; chưa HNMU/UET xác nhận.
20260715_sgk_shared_copy,SGK,6,experiments/20260705_215045/source_scope/raw_page_images/SGK_TIN6/page_0026.png,shared/learning_resources/raw_page_images/sgk/tin_hoc_6/page_0026.png,e5f0dfcc3af91a64b2930c79c6d6f756317e7afd5a76ac40029398ced1b93086,672083,2026-07-15,copied,Ảnh SGK copy từ experiment 20260705; learning_material_id=LM-SGK-TIN6-0001; OCR Markdown v0 do Nguyên gửi đã được đăng ký trong ocr_text_manifest.csv và được dùng để build fragment/index truy xuất ở trạng thái draft; ảnh gốc vẫn là nguồn truy vết theo trang; chưa HNMU/UET xác nhận.
20260715_sgk_shared_copy,SGK,6,experiments/20260705_215045/source_scope/raw_page_images/SGK_TIN6/page_0027.png,shared/learning_resources/raw_page_images/sgk/tin_hoc_6/page_0027.png,c196a412955c15283f113d89ca6aec75e995e752ff8aab5401ba57f54125185e,926188,2026-07-15,copied,Ảnh SGK copy từ experiment 20260705; learning_material_id=LM-SGK-TIN6-0001; OCR Markdown v0 do Nguyên gửi đã được đăng ký trong ocr_text_manifest.csv và được dùng để build fragment/index truy xuất ở trạng thái draft; ảnh gốc vẫn là nguồn truy vết theo trang; chưa HNMU/UET xác nhận.
20260715_sgk_shared_copy,SGK,6,experiments/20260705_215045/source_scope/raw_page_images/SGK_TIN6/page_0028.png,shared/learning_resources/raw_page_images/sgk/tin_hoc_6/page_0028.png,0966cebd750b113bfa6eecaf63c4542d8d95a0bb784bf9667eeaae9c7ae6be7f,403646,2026-07-15,copied,Ảnh SGK copy từ experiment 20260705; learning_material_id=LM-SGK-TIN6-0001; OCR Markdown v0 do Nguyên gửi đã được đăng ký trong ocr_text_manifest.csv và được dùng để build fragment/index truy xuất ở trạng thái draft; ảnh gốc vẫn là nguồn truy vết theo trang; chưa HNMU/UET xác nhận.
20260715_sgk_shared_copy,SGK,6,experiments/20260705_215045/source_scope/raw_page_images/SGK_TIN6/page_0029.png,shared/learning_resources/raw_page_images/sgk/tin_hoc_6/page_0029.png,1d410f7010d8e903dbf57baaee66f753e168206c3b01fc03cbddb7d40e373c4c,951021,2026-07-15,copied,Ảnh SGK copy từ experiment 20260705; learning_material_id=LM-SGK-TIN6-0001; OCR Markdown v0 do Nguyên gửi đã được đăng ký trong ocr_text_manifest.csv và được dùng để build fragment/index truy xuất ở trạng thái draft; ảnh gốc vẫn là nguồn truy vết theo trang; chưa HNMU/UET xác nhận.
20260715_sgk_shared_copy,SGK,6,experiments/20260705_215045/source_scope/raw_page_images/SGK_TIN6/page_0030.png,shared/learning_resources/raw_page_images/sgk/tin_hoc_6/page_0030.png,464fa184bcae45d61f3c97c5bf1ca4c5345bcef315073b971010493b19147469,734204,2026-07-15,copied,Ảnh SGK copy từ experiment 20260705; learning_material_id=LM-SGK-TIN6-0001; OCR Markdown v0 do Nguyên gửi đã được đăng ký trong ocr_text_manifest.csv và được dùng để build fragment/index truy xuất ở trạng thái draft; ảnh gốc vẫn là nguồn truy vết theo trang; chưa HNMU/UET xác nhận.
20260715_sgk_shared_copy,SGK,6,experiments/20260705_215045/source_scope/raw_page_images/SGK_TIN6/page_0031.png,shared/learning_resources/raw_page_images/sgk/tin_hoc_6/page_0031.png,53f79fb01a45d7a74a897de1a278882dbbfcf54a2a173eda3308237689d1647c,540598,2026-07-15,copied,Ảnh SGK copy từ experiment 20260705; learning_material_id=LM-SGK-TIN6-0001; OCR Markdown v0 do Nguyên gửi đã được đăng ký trong ocr_text_manifest.csv và được dùng để build fragment/index truy xuất ở trạng thái draft; ảnh gốc vẫn là nguồn truy vết theo trang; chưa HNMU/UET xác nhận.
20260715_sgk_shared_copy,SGK,6,experiments/20260705_215045/source_scope/raw_page_images/SGK_TIN6/page_0032.png,shared/learning_resources/raw_page_images/sgk/tin_hoc_6/page_0032.png,5bacad8316d166d3402386c86145a144dd44f81b11ab2ce0acd198291e43faa3,505636,2026-07-15,copied,Ảnh SGK copy từ experiment 20260705; learning_material_id=LM-SGK-TIN6-0001; OCR Markdown v0 do Nguyên gửi đã được đăng ký trong ocr_text_manifest.csv và được dùng để build fragment/index truy xuất ở trạng thái draft; ảnh gốc vẫn là nguồn truy vết theo trang; chưa HNMU/UET xác nhận.
20260715_sgk_shared_copy,SGK,6,experiments/20260705_215045/source_scope/raw_page_images/SGK_TIN6/page_0033.png,shared/learning_resources/raw_page_images/sgk/tin_hoc_6/page_0033.png,c3d8b14116dc568709df0283c2c516b14409e6fe622ca0dc04d6d9c4d760f068,628317,2026-07-15,copied,Ảnh SGK copy từ experiment 20260705; learning_material_id=LM-SGK-TIN6-0001; OCR Markdown v0 do Nguyên gửi đã được đăng ký trong ocr_text_manifest.csv và được dùng để build fragment/index truy xuất ở trạng thái draft; ảnh gốc vẫn là nguồn truy vết theo trang; chưa HNMU/UET xác nhận.
20260715_sgk_shared_copy,SGK,6,experiments/20260705_215045/source_scope/raw_page_images/SGK_TIN6/page_0034.png,shared/learning_resources/raw_page_images/sgk/tin_hoc_6/page_0034.png,92f6ab52106eb42bbdd2c4baf286a86ff60b4b2a881aa3e199ba75ba6881359c,751202,2026-07-15,copied,Ảnh SGK copy từ experiment 20260705; learning_material_id=LM-SGK-TIN6-0001; OCR Markdown v0 do Nguyên gửi đã được đăng ký trong ocr_text_manifest.csv và được dùng để build fragment/index truy xuất ở trạng thái draft; ảnh gốc vẫn là nguồn truy vết theo trang; chưa HNMU/UET xác nhận.
20260715_sgk_shared_copy,SGK,6,experiments/20260705_215045/source_scope/raw_page_images/SGK_TIN6/page_0035.png,shared/learning_resources/raw_page_images/sgk/tin_hoc_6/page_0035.png,d474a31ed47a52400beb466951fd35699f6e2e8d51e44c98a2ecd74df2131f44,685606,2026-07-15,copied,Ảnh SGK copy từ experiment 20260705; learning_material_id=LM-SGK-TIN6-0001; OCR Markdown v0 do Nguyên gửi đã được đăng ký trong ocr_text_manifest.csv và được dùng để build fragment/index truy xuất ở trạng thái draft; ảnh gốc vẫn là nguồn truy vết theo trang; chưa HNMU/UET xác nhận.
20260715_sgk_shared_copy,SGK,6,experiments/20260705_215045/source_scope/raw_page_images/SGK_TIN6/page_0036.png,shared/learning_resources/raw_page_images/sgk/tin_hoc_6/page_0036.png,53310045103cf13e46500e428b03753286274f5d0be63dbbeb2cd17cd2eafa50,517436,2026-07-15,copied,Ảnh SGK copy từ experiment 20260705; learning_material_id=LM-SGK-TIN6-0001; OCR Markdown v0 do Nguyên gửi đã được đăng ký trong ocr_text_manifest.csv và được dùng để build fragment/index truy xuất ở trạng thái draft; ảnh gốc vẫn là nguồn truy vết theo trang; chưa HNMU/UET xác nhận.
20260715_sgk_shared_copy,SGK,6,experiments/20260705_215045/source_scope/raw_page_images/SGK_TIN6/page_0037.png,shared/learning_resources/raw_page_images/sgk/tin_hoc_6/page_0037.png,a8e93cef586136f079f614edb812c5574384ba6ae5c182fb257e89c2e2d1ba8d,506853,2026-07-15,copied,Ảnh SGK copy từ experiment 20260705; learning_material_id=LM-SGK-TIN6-0001; OCR Markdown v0 do Nguyên gửi đã được đăng ký trong ocr_text_manifest.csv và được dùng để build fragment/index truy xuất ở trạng thái draft; ảnh gốc vẫn là nguồn truy vết theo trang; chưa HNMU/UET xác nhận.
20260715_sgk_shared_copy,SGK,6,experiments/20260705_215045/source_scope/raw_page_images/SGK_TIN6/page_0038.png,shared/learning_resources/raw_page_images/sgk/tin_hoc_6/page_0038.png,a9f7f738e326386980e32888a82c834957f86e31a86d2916586c1b8a45fc9dd2,817536,2026-07-15,copied,Ảnh SGK copy từ experiment 20260705; learning_material_id=LM-SGK-TIN6-0001; OCR Markdown v0 do Nguyên gửi đã được đăng ký trong ocr_text_manifest.csv và được dùng để build fragment/index truy xuất ở trạng thái draft; ảnh gốc vẫn là nguồn truy vết theo trang; chưa HNMU/UET xác nhận.
20260715_sgk_shared_copy,SGK,6,experiments/20260705_215045/source_scope/raw_page_images/SGK_TIN6/page_0039.png,shared/learning_resources/raw_page_images/sgk/tin_hoc_6/page_0039.png,bbd7eeb576c3c2c7211029039ded4cdedc07b5ca6a13dc4df1cecdb4ca23d91f,777466,2026-07-15,copied,Ảnh SGK copy từ experiment 20260705; learning_material_id=LM-SGK-TIN6-0001; OCR Markdown v0 do Nguyên gửi đã được đăng ký trong ocr_text_manifest.csv và được dùng để build fragment/index truy xuất ở trạng thái draft; ảnh gốc vẫn là nguồn truy vết theo trang; chưa HNMU/UET xác nhận.
20260715_sgk_shared_copy,SGK,6,experiments/20260705_215045/source_scope/raw_page_images/SGK_TIN6/page_0040.png,shared/learning_resources/raw_page_images/sgk/tin_hoc_6/page_0040.png,bd5b3374cdb82379df25811e535f934f254eb6a34d21cf07f67c31e7ace6fee1,775955,2026-07-15,copied,Ảnh SGK copy từ experiment 20260705; learning_material_id=LM-SGK-TIN6-0001; OCR Markdown v0 do Nguyên gửi đã được đăng ký trong ocr_text_manifest.csv và được dùng để build fragment/index truy xuất ở trạng thái draft; ảnh gốc vẫn là nguồn truy vết theo trang; chưa HNMU/UET xác nhận.
20260715_sgk_shared_copy,SGK,6,experiments/20260705_215045/source_scope/raw_page_images/SGK_TIN6/page_0041.png,shared/learning_resources/raw_page_images/sgk/tin_hoc_6/page_0041.png,5d09bda36d8dadfe3ca15a92858aed610c280a0584c0f0d73825b381036c6d75,739160,2026-07-15,copied,Ảnh SGK copy từ experiment 20260705; learning_material_id=LM-SGK-TIN6-0001; OCR Markdown v0 do Nguyên gửi đã được đăng ký trong ocr_text_manifest.csv và được dùng để build fragment/index truy xuất ở trạng thái draft; ảnh gốc vẫn là nguồn truy vết theo trang; chưa HNMU/UET xác nhận.
20260715_sgk_shared_copy,SGK,6,experiments/20260705_215045/source_scope/raw_page_images/SGK_TIN6/page_0042.png,shared/learning_resources/raw_page_images/sgk/tin_hoc_6/page_0042.png,4876d50802936d40bc893d6fe0f45e8db60420281c2283b4bb2f7dd73642ce6b,714868,2026-07-15,copied,Ảnh SGK copy từ experiment 20260705; learning_material_id=LM-SGK-TIN6-0001; OCR Markdown v0 do Nguyên gửi đã được đăng ký trong ocr_text_manifest.csv và được dùng để build fragment/index truy xuất ở trạng thái draft; ảnh gốc vẫn là nguồn truy vết theo trang; chưa HNMU/UET xác nhận.
20260715_sgk_shared_copy,SGK,6,experiments/20260705_215045/source_scope/raw_page_images/SGK_TIN6/page_0043.png,shared/learning_resources/raw_page_images/sgk/tin_hoc_6/page_0043.png,dd124b2f2bc03d44dae705387ea5eed373a9f9a1a5122b47d30558c85ea63927,811613,2026-07-15,copied,Ảnh SGK copy từ experiment 20260705; learning_material_id=LM-SGK-TIN6-0001; OCR Markdown v0 do Nguyên gửi đã được đăng ký trong ocr_text_manifest.csv và được dùng để build fragment/index truy xuất ở trạng thái draft; ảnh gốc vẫn là nguồn truy vết theo trang; chưa HNMU/UET xác nhận.
20260715_sgk_shared_copy,SGK,6,experiments/20260705_215045/source_scope/raw_page_images/SGK_TIN6/page_0044.png,shared/learning_resources/raw_page_images/sgk/tin_hoc_6/page_0044.png,fae50cdccaedcfe888c5b783f8075ed5c093b6770c586f9da0f10f953566cfa7,611664,2026-07-15,copied,Ảnh SGK copy từ experiment 20260705; learning_material_id=LM-SGK-TIN6-0001; OCR Markdown v0 do Nguyên gửi đã được đăng ký trong ocr_text_manifest.csv và được dùng để build fragment/index truy xuất ở trạng thái draft; ảnh gốc vẫn là nguồn truy vết theo trang; chưa HNMU/UET xác nhận.
20260715_sgk_shared_copy,SGK,6,experiments/20260705_215045/source_scope/raw_page_images/SGK_TIN6/page_0045.png,shared/learning_resources/raw_page_images/sgk/tin_hoc_6/page_0045.png,2933f41d3572eb4ba4297a81106433feae0e7213b55f4f4bb1589522fd7334dd,699469,2026-07-15,copied,Ảnh SGK copy từ experiment 20260705; learning_material_id=LM-SGK-TIN6-0001; OCR Markdown v0 do Nguyên gửi đã được đăng ký trong ocr_text_manifest.csv và được dùng để build fragment/index truy xuất ở trạng thái draft; ảnh gốc vẫn là nguồn truy vết theo trang; chưa HNMU/UET xác nhận.
20260715_sgk_shared_copy,SGK,6,experiments/20260705_215045/source_scope/raw_page_images/SGK_TIN6/page_0046.png,shared/learning_resources/raw_page_images/sgk/tin_hoc_6/page_0046.png,d33165d2245ac36086fac9ed7abd0d0b34be500bc0cdc55d2d836a3905f21379,779451,2026-07-15,copied,Ảnh SGK copy từ experiment 20260705; learning_material_id=LM-SGK-TIN6-0001; OCR Markdown v0 do Nguyên gửi đã được đăng ký trong ocr_text_manifest.csv và được dùng để build fragment/index truy xuất ở trạng thái draft; ảnh gốc vẫn là nguồn truy vết theo trang; chưa HNMU/UET xác nhận.
20260715_sgk_shared_copy,SGK,6,experiments/20260705_215045/source_scope/raw_page_images/SGK_TIN6/page_0047.png,shared/learning_resources/raw_page_images/sgk/tin_hoc_6/page_0047.png,f5c3ab9f49b48a61a28a0dc77a27c555f0e74423d9c9e1fee7d467f10fd068ab,615068,2026-07-15,copied,Ảnh SGK copy từ experiment 20260705; learning_material_id=LM-SGK-TIN6-0001; OCR Markdown v0 do Nguyên gửi đã được đăng ký trong ocr_text_manifest.csv và được dùng để build fragment/index truy xuất ở trạng thái draft; ảnh gốc vẫn là nguồn truy vết theo trang; chưa HNMU/UET xác nhận.
20260715_sgk_shared_copy,SGK,6,experiments/20260705_215045/source_scope/raw_page_images/SGK_TIN6/page_0048.png,shared/learning_resources/raw_page_images/sgk/tin_hoc_6/page_0048.png,6db4c2a04dd892835db430bab7d5606e36baf8c578317ec5a48bb70a27893cef,814981,2026-07-15,copied,Ảnh SGK copy từ experiment 20260705; learning_material_id=LM-SGK-TIN6-0001; OCR Markdown v0 do Nguyên gửi đã được đăng ký trong ocr_text_manifest.csv và được dùng để build fragment/index truy xuất ở trạng thái draft; ảnh gốc vẫn là nguồn truy vết theo trang; chưa HNMU/UET xác nhận.
20260715_sgk_shared_copy,SGK,6,experiments/20260705_215045/source_scope/raw_page_images/SGK_TIN6/page_0049.png,shared/learning_resources/raw_page_images/sgk/tin_hoc_6/page_0049.png,005f8846e0e2b84f883d79c878f9abf4be22ff743a30f96ab41cab6491395d67,667031,2026-07-15,copied,Ảnh SGK copy từ experiment 20260705; learning_material_id=LM-SGK-TIN6-0001; OCR Markdown v0 do Nguyên gửi đã được đăng ký trong ocr_text_manifest.csv và được dùng để build fragment/index truy xuất ở trạng thái draft; ảnh gốc vẫn là nguồn truy vết theo trang; chưa HNMU/UET xác nhận.
20260715_sgk_shared_copy,SGK,6,experiments/20260705_215045/source_scope/raw_page_images/SGK_TIN6/page_0050.png,shared/learning_resources/raw_page_images/sgk/tin_hoc_6/page_0050.png,e8af201d3ebeae94319138119621b77e326b46e657dd7f6b7baf81ce67650cc2,837374,2026-07-15,copied,Ảnh SGK copy từ experiment 20260705; learning_material_id=LM-SGK-TIN6-0001; OCR Markdown v0 do Nguyên gửi đã được đăng ký trong ocr_text_manifest.csv và được dùng để build fragment/index truy xuất ở trạng thái draft; ảnh gốc vẫn là nguồn truy vết theo trang; chưa HNMU/UET xác nhận.
20260715_sgk_shared_copy,SGK,6,experiments/20260705_215045/source_scope/raw_page_images/SGK_TIN6/page_0051.png,shared/learning_resources/raw_page_images/sgk/tin_hoc_6/page_0051.png,df6cc795aebcb43a0e8a0b5d8751e687e416af1703a6afa836ffa5c0316c2f37,490723,2026-07-15,copied,Ảnh SGK copy từ experiment 20260705; learning_material_id=LM-SGK-TIN6-0001; OCR Markdown v0 do Nguyên gửi đã được đăng ký trong ocr_text_manifest.csv và được dùng để build fragment/index truy xuất ở trạng thái draft; ảnh gốc vẫn là nguồn truy vết theo trang; chưa HNMU/UET xác nhận.
20260715_sgk_shared_copy,SGK,6,experiments/20260705_215045/source_scope/raw_page_images/SGK_TIN6/page_0052.png,shared/learning_resources/raw_page_images/sgk/tin_hoc_6/page_0052.png,9b902ebde7e3b0cb034c1265f17a59fc11e776996dee5343c686e736221efe84,623319,2026-07-15,copied,Ảnh SGK copy từ experiment 20260705; learning_material_id=LM-SGK-TIN6-0001; OCR Markdown v0 do Nguyên gửi đã được đăng ký trong ocr_text_manifest.csv và được dùng để build fragment/index truy xuất ở trạng thái draft; ảnh gốc vẫn là nguồn truy vết theo trang; chưa HNMU/UET xác nhận.
20260715_sgk_shared_copy,SGK,6,experiments/20260705_215045/source_scope/raw_page_images/SGK_TIN6/page_0053.png,shared/learning_resources/raw_page_images/sgk/tin_hoc_6/page_0053.png,21d962efe6e7fcba1ebd58cb9a72fccd4622b8453488abe0e64e6b17c5a26848,503502,2026-07-15,copied,Ảnh SGK copy từ experiment 20260705; learning_material_id=LM-SGK-TIN6-0001; OCR Markdown v0 do Nguyên gửi đã được đăng ký trong ocr_text_manifest.csv và được dùng để build fragment/index truy xuất ở trạng thái draft; ảnh gốc vẫn là nguồn truy vết theo trang; chưa HNMU/UET xác nhận.
20260715_sgk_shared_copy,SGK,6,experiments/20260705_215045/source_scope/raw_page_images/SGK_TIN6/page_0054.png,shared/learning_resources/raw_page_images/sgk/tin_hoc_6/page_0054.png,ea78e08f3095d555267f5567b8a499acdb9d97c74838458645ca2683183dd493,630011,2026-07-15,copied,Ảnh SGK copy từ experiment 20260705; learning_material_id=LM-SGK-TIN6-0001; OCR Markdown v0 do Nguyên gửi đã được đăng ký trong ocr_text_manifest.csv và được dùng để build fragment/index truy xuất ở trạng thái draft; ảnh gốc vẫn là nguồn truy vết theo trang; chưa HNMU/UET xác nhận.
20260715_sgk_shared_copy,SGK,6,experiments/20260705_215045/source_scope/raw_page_images/SGK_TIN6/page_0055.png,shared/learning_resources/raw_page_images/sgk/tin_hoc_6/page_0055.png,157d238c333026ff948bb1f8030244a9b82720ce063cc9548ea977761a17cafa,739508,2026-07-15,copied,Ảnh SGK copy từ experiment 20260705; learning_material_id=LM-SGK-TIN6-0001; OCR Markdown v0 do Nguyên gửi đã được đăng ký trong ocr_text_manifest.csv và được dùng để build fragment/index truy xuất ở trạng thái draft; ảnh gốc vẫn là nguồn truy vết theo trang; chưa HNMU/UET xác nhận.
20260715_sgk_shared_copy,SGK,6,experiments/20260705_215045/source_scope/raw_page_images/SGK_TIN6/page_0056.png,shared/learning_resources/raw_page_images/sgk/tin_hoc_6/page_0056.png,da96d0f8ba40fb97c42b0fdc8ea86667c08a63d1670270a187d36431e3599f51,934068,2026-07-15,copied,Ảnh SGK copy từ experiment 20260705; learning_material_id=LM-SGK-TIN6-0001; OCR Markdown v0 do Nguyên gửi đã được đăng ký trong ocr_text_manifest.csv và được dùng để build fragment/index truy xuất ở trạng thái draft; ảnh gốc vẫn là nguồn truy vết theo trang; chưa HNMU/UET xác nhận.
20260715_sgk_shared_copy,SGK,6,experiments/20260705_215045/source_scope/raw_page_images/SGK_TIN6/page_0057.png,shared/learning_resources/raw_page_images/sgk/tin_hoc_6/page_0057.png,ce4cc55e00e7558876c2c297a1490b03740a028330f5bdf371f2ac8d177caa08,352808,2026-07-15,copied,Ảnh SGK copy từ experiment 20260705; learning_material_id=LM-SGK-TIN6-0001; OCR Markdown v0 do Nguyên gửi đã được đăng ký trong ocr_text_manifest.csv và được dùng để build fragment/index truy xuất ở trạng thái draft; ảnh gốc vẫn là nguồn truy vết theo trang; chưa HNMU/UET xác nhận.
20260715_sgk_shared_copy,SGK,6,experiments/20260705_215045/source_scope/raw_page_images/SGK_TIN6/page_0058.png,shared/learning_resources/raw_page_images/sgk/tin_hoc_6/page_0058.png,ac2a638238fc8eea36fc510a09b0ed844ef0bbdc8516057518a58c11c9a9a944,616033,2026-07-15,copied,Ảnh SGK copy từ experiment 20260705; learning_material_id=LM-SGK-TIN6-0001; OCR Markdown v0 do Nguyên gửi đã được đăng ký trong ocr_text_manifest.csv và được dùng để build fragment/index truy xuất ở trạng thái draft; ảnh gốc vẫn là nguồn truy vết theo trang; chưa HNMU/UET xác nhận.
20260715_sgk_shared_copy,SGK,6,experiments/20260705_215045/source_scope/raw_page_images/SGK_TIN6/page_0059.png,shared/learning_resources/raw_page_images/sgk/tin_hoc_6/page_0059.png,cd69230c844ac4e8d512553eddaca470efb37139fd814afa069a4e37a4fdba27,741602,2026-07-15,copied,Ảnh SGK copy từ experiment 20260705; learning_material_id=LM-SGK-TIN6-0001; OCR Markdown v0 do Nguyên gửi đã được đăng ký trong ocr_text_manifest.csv và được dùng để build fragment/index truy xuất ở trạng thái draft; ảnh gốc vẫn là nguồn truy vết theo trang; chưa HNMU/UET xác nhận.
20260715_sgk_shared_copy,SGK,6,experiments/20260705_215045/source_scope/raw_page_images/SGK_TIN6/page_0060.png,shared/learning_resources/raw_page_images/sgk/tin_hoc_6/page_0060.png,3b6c091fdf6b7d281e7ddc8239e6b3dd66da984175fed2f7bcb87a9d81d6aad0,628536,2026-07-15,copied,Ảnh SGK copy từ experiment 20260705; learning_material_id=LM-SGK-TIN6-0001; OCR Markdown v0 do Nguyên gửi đã được đăng ký trong ocr_text_manifest.csv và được dùng để build fragment/index truy xuất ở trạng thái draft; ảnh gốc vẫn là nguồn truy vết theo trang; chưa HNMU/UET xác nhận.
20260715_sgk_shared_copy,SGK,6,experiments/20260705_215045/source_scope/raw_page_images/SGK_TIN6/page_0061.png,shared/learning_resources/raw_page_images/sgk/tin_hoc_6/page_0061.png,e29286cb6478000c59ef4f243862a51998ad8e4e41ec04c2575d6a0483a76367,484672,2026-07-15,copied,Ảnh SGK copy từ experiment 20260705; learning_material_id=LM-SGK-TIN6-0001; OCR Markdown v0 do Nguyên gửi đã được đăng ký trong ocr_text_manifest.csv và được dùng để build fragment/index truy xuất ở trạng thái draft; ảnh gốc vẫn là nguồn truy vết theo trang; chưa HNMU/UET xác nhận.
20260715_sgk_shared_copy,SGK,6,experiments/20260705_215045/source_scope/raw_page_images/SGK_TIN6/page_0062.png,shared/learning_resources/raw_page_images/sgk/tin_hoc_6/page_0062.png,35d29cc7cd58c267fbd758ef6c86da464f0f09b31c8c301804f8acf1ea1a6b2f,900415,2026-07-15,copied,Ảnh SGK copy từ experiment 20260705; learning_material_id=LM-SGK-TIN6-0001; OCR Markdown v0 do Nguyên gửi đã được đăng ký trong ocr_text_manifest.csv và được dùng để build fragment/index truy xuất ở trạng thái draft; ảnh gốc vẫn là nguồn truy vết theo trang; chưa HNMU/UET xác nhận.
20260715_sgk_shared_copy,SGK,6,experiments/20260705_215045/source_scope/raw_page_images/SGK_TIN6/page_0063.png,shared/learning_resources/raw_page_images/sgk/tin_hoc_6/page_0063.png,49a5b5733373519b6738bb998631119942dd8b1238402a468ffd5f8c8e18fd36,588595,2026-07-15,copied,Ảnh SGK copy từ experiment 20260705; learning_material_id=LM-SGK-TIN6-0001; OCR Markdown v0 do Nguyên gửi đã được đăng ký trong ocr_text_manifest.csv và được dùng để build fragment/index truy xuất ở trạng thái draft; ảnh gốc vẫn là nguồn truy vết theo trang; chưa HNMU/UET xác nhận.
20260715_sgk_shared_copy,SGK,6,experiments/20260705_215045/source_scope/raw_page_images/SGK_TIN6/page_0064.png,shared/learning_resources/raw_page_images/sgk/tin_hoc_6/page_0064.png,65280df26194d8a8a2f4304bbb276cb2d4b2419eca2a9342c2834e71100b57a8,597528,2026-07-15,copied,Ảnh SGK copy từ experiment 20260705; learning_material_id=LM-SGK-TIN6-0001; OCR Markdown v0 do Nguyên gửi đã được đăng ký trong ocr_text_manifest.csv và được dùng để build fragment/index truy xuất ở trạng thái draft; ảnh gốc vẫn là nguồn truy vết theo trang; chưa HNMU/UET xác nhận.
20260715_sgk_shared_copy,SGK,6,experiments/20260705_215045/source_scope/raw_page_images/SGK_TIN6/page_0065.png,shared/learning_resources/raw_page_images/sgk/tin_hoc_6/page_0065.png,fc16e4c30258cb144af28221db6865978c936666b901ec182282bade5bbe2c06,778512,2026-07-15,copied,Ảnh SGK copy từ experiment 20260705; learning_material_id=LM-SGK-TIN6-0001; OCR Markdown v0 do Nguyên gửi đã được đăng ký trong ocr_text_manifest.csv và được dùng để build fragment/index truy xuất ở trạng thái draft; ảnh gốc vẫn là nguồn truy vết theo trang; chưa HNMU/UET xác nhận.
20260715_sgk_shared_copy,SGK,6,experiments/20260705_215045/source_scope/raw_page_images/SGK_TIN6/page_0066.png,shared/learning_resources/raw_page_images/sgk/tin_hoc_6/page_0066.png,b90338844a28c70eca4f5bf9db23b0eb2e3bd4618ff7f696bf74ef412a10cd46,685037,2026-07-15,copied,Ảnh SGK copy từ experiment 20260705; learning_material_id=LM-SGK-TIN6-0001; OCR Markdown v0 do Nguyên gửi đã được đăng ký trong ocr_text_manifest.csv và được dùng để build fragment/index truy xuất ở trạng thái draft; ảnh gốc vẫn là nguồn truy vết theo trang; chưa HNMU/UET xác nhận.
20260715_sgk_shared_copy,SGK,6,experiments/20260705_215045/source_scope/raw_page_images/SGK_TIN6/page_0067.png,shared/learning_resources/raw_page_images/sgk/tin_hoc_6/page_0067.png,1ba4ffe8c5018126729749e57bc14997a4b1023173b082b9c51f64602627bf83,549237,2026-07-15,copied,Ảnh SGK copy từ experiment 20260705; learning_material_id=LM-SGK-TIN6-0001; OCR Markdown v0 do Nguyên gửi đã được đăng ký trong ocr_text_manifest.csv và được dùng để build fragment/index truy xuất ở trạng thái draft; ảnh gốc vẫn là nguồn truy vết theo trang; chưa HNMU/UET xác nhận.
20260715_sgk_shared_copy,SGK,6,experiments/20260705_215045/source_scope/raw_page_images/SGK_TIN6/page_0068.png,shared/learning_resources/raw_page_images/sgk/tin_hoc_6/page_0068.png,46670885d9e76b9680c12a1cee38f9e66b8bb43e20a25ad974e22514616cc0b5,658158,2026-07-15,copied,Ảnh SGK copy từ experiment 20260705; learning_material_id=LM-SGK-TIN6-0001; OCR Markdown v0 do Nguyên gửi đã được đăng ký trong ocr_text_manifest.csv và được dùng để build fragment/index truy xuất ở trạng thái draft; ảnh gốc vẫn là nguồn truy vết theo trang; chưa HNMU/UET xác nhận.
20260715_sgk_shared_copy,SGK,6,experiments/20260705_215045/source_scope/raw_page_images/SGK_TIN6/page_0069.png,shared/learning_resources/raw_page_images/sgk/tin_hoc_6/page_0069.png,5a92caa1d31aaa28742025c63676466fe244d56371684ff14da916afae354aa0,818083,2026-07-15,copied,Ảnh SGK copy từ experiment 20260705; learning_material_id=LM-SGK-TIN6-0001; OCR Markdown v0 do Nguyên gửi đã được đăng ký trong ocr_text_manifest.csv và được dùng để build fragment/index truy xuất ở trạng thái draft; ảnh gốc vẫn là nguồn truy vết theo trang; chưa HNMU/UET xác nhận.
20260715_sgk_shared_copy,SGK,6,experiments/20260705_215045/source_scope/raw_page_images/SGK_TIN6/page_0070.png,shared/learning_resources/raw_page_images/sgk/tin_hoc_6/page_0070.png,460e918a57a885fd023b77069a7a0a97109fe04ed4f28c941e5945f50ab5ab02,708087,2026-07-15,copied,Ảnh SGK copy từ experiment 20260705; learning_material_id=LM-SGK-TIN6-0001; OCR Markdown v0 do Nguyên gửi đã được đăng ký trong ocr_text_manifest.csv và được dùng để build fragment/index truy xuất ở trạng thái draft; ảnh gốc vẫn là nguồn truy vết theo trang; chưa HNMU/UET xác nhận.
20260715_sgk_shared_copy,SGK,6,experiments/20260705_215045/source_scope/raw_page_images/SGK_TIN6/page_0071.png,shared/learning_resources/raw_page_images/sgk/tin_hoc_6/page_0071.png,b4edaeed402c2811726d74279655083f3eaf5fabd603c238ab99381a96d353e4,535262,2026-07-15,copied,Ảnh SGK copy từ experiment 20260705; learning_material_id=LM-SGK-TIN6-0001; OCR Markdown v0 do Nguyên gửi đã được đăng ký trong ocr_text_manifest.csv và được dùng để build fragment/index truy xuất ở trạng thái draft; ảnh gốc vẫn là nguồn truy vết theo trang; chưa HNMU/UET xác nhận.
20260715_sgk_shared_copy,SGK,6,experiments/20260705_215045/source_scope/raw_page_images/SGK_TIN6/page_0072.png,shared/learning_resources/raw_page_images/sgk/tin_hoc_6/page_0072.png,d4c6b39eb9b855a6e4fcbb2c47149dfa4dd67360ded19f2be2bd51f8cb61d37b,693423,2026-07-15,copied,Ảnh SGK copy từ experiment 20260705; learning_material_id=LM-SGK-TIN6-0001; OCR Markdown v0 do Nguyên gửi đã được đăng ký trong ocr_text_manifest.csv và được dùng để build fragment/index truy xuất ở trạng thái draft; ảnh gốc vẫn là nguồn truy vết theo trang; chưa HNMU/UET xác nhận.
20260715_sgk_shared_copy,SGK,6,experiments/20260705_215045/source_scope/raw_page_images/SGK_TIN6/page_0073.png,shared/learning_resources/raw_page_images/sgk/tin_hoc_6/page_0073.png,f44eb9cbc068e6da653b98ac0a5b6e2f84a1797bf3e1f77683136af013cf9efe,707578,2026-07-15,copied,Ảnh SGK copy từ experiment 20260705; learning_material_id=LM-SGK-TIN6-0001; OCR Markdown v0 do Nguyên gửi đã được đăng ký trong ocr_text_manifest.csv và được dùng để build fragment/index truy xuất ở trạng thái draft; ảnh gốc vẫn là nguồn truy vết theo trang; chưa HNMU/UET xác nhận.
20260715_sgk_shared_copy,SGK,6,experiments/20260705_215045/source_scope/raw_page_images/SGK_TIN6/page_0074.png,shared/learning_resources/raw_page_images/sgk/tin_hoc_6/page_0074.png,81f242057bb8c3b9e83087e6b8f5869d9c194f39def1f18f4c2be0575e8a5a2a,432439,2026-07-15,copied,Ảnh SGK copy từ experiment 20260705; learning_material_id=LM-SGK-TIN6-0001; OCR Markdown v0 do Nguyên gửi đã được đăng ký trong ocr_text_manifest.csv và được dùng để build fragment/index truy xuất ở trạng thái draft; ảnh gốc vẫn là nguồn truy vết theo trang; chưa HNMU/UET xác nhận.
20260715_sgk_shared_copy,SGK,6,experiments/20260705_215045/source_scope/raw_page_images/SGK_TIN6/page_0075.png,shared/learning_resources/raw_page_images/sgk/tin_hoc_6/page_0075.png,df4bd2690567a0b5aec2af2e58ccb9bd1532c617ac8d09e2bb58f38677453c3d,617745,2026-07-15,copied,Ảnh SGK copy từ experiment 20260705; learning_material_id=LM-SGK-TIN6-0001; OCR Markdown v0 do Nguyên gửi đã được đăng ký trong ocr_text_manifest.csv và được dùng để build fragment/index truy xuất ở trạng thái draft; ảnh gốc vẫn là nguồn truy vết theo trang; chưa HNMU/UET xác nhận.
20260715_sgk_shared_copy,SGK,6,experiments/20260705_215045/source_scope/raw_page_images/SGK_TIN6/page_0076.png,shared/learning_resources/raw_page_images/sgk/tin_hoc_6/page_0076.png,b8621b55597516bc25e4d375d5678e25b39514a6d657ba118c0f1d12c7d8e50e,891667,2026-07-15,copied,Ảnh SGK copy từ experiment 20260705; learning_material_id=LM-SGK-TIN6-0001; OCR Markdown v0 do Nguyên gửi đã được đăng ký trong ocr_text_manifest.csv và được dùng để build fragment/index truy xuất ở trạng thái draft; ảnh gốc vẫn là nguồn truy vết theo trang; chưa HNMU/UET xác nhận.
20260715_sgk_shared_copy,SGK,6,experiments/20260705_215045/source_scope/raw_page_images/SGK_TIN6/page_0077.png,shared/learning_resources/raw_page_images/sgk/tin_hoc_6/page_0077.png,88501f7cbf2e5d89d04ed2bd9546a0995ffd91ecfd5fb84d97e713f6e39780fc,253814,2026-07-15,copied,Ảnh SGK copy từ experiment 20260705; learning_material_id=LM-SGK-TIN6-0001; OCR Markdown v0 do Nguyên gửi đã được đăng ký trong ocr_text_manifest.csv và được dùng để build fragment/index truy xuất ở trạng thái draft; ảnh gốc vẫn là nguồn truy vết theo trang; chưa HNMU/UET xác nhận.
20260715_sgk_shared_copy,SGK,6,experiments/20260705_215045/source_scope/raw_page_images/SGK_TIN6/page_0078.png,shared/learning_resources/raw_page_images/sgk/tin_hoc_6/page_0078.png,5a70c9b794bf4d10d155f3878d2a2f4c1b528eaff3e06e0a4c87ab5d27df7f38,715628,2026-07-15,copied,Ảnh SGK copy từ experiment 20260705; learning_material_id=LM-SGK-TIN6-0001; OCR Markdown v0 do Nguyên gửi đã được đăng ký trong ocr_text_manifest.csv và được dùng để build fragment/index truy xuất ở trạng thái draft; ảnh gốc vẫn là nguồn truy vết theo trang; chưa HNMU/UET xác nhận.
20260715_sgk_shared_copy,SGK,7,experiments/20260705_215045/source_scope/raw_page_images/SGK_TIN7/page_0001.png,shared/learning_resources/raw_page_images/sgk/tin_hoc_7/page_0001.png,26104be9660eddb8b742e4cfd8053c32fe708cd2fa690a898dd5944538a3454b,1776361,2026-07-15,copied,Ảnh SGK copy từ experiment 20260705; learning_material_id=LM-SGK-TIN7-0001; OCR Markdown v0 do Nguyên gửi đã được đăng ký trong ocr_text_manifest.csv và được dùng để build fragment/index truy xuất ở trạng thái draft; ảnh gốc vẫn là nguồn truy vết theo trang; chưa HNMU/UET xác nhận.
20260715_sgk_shared_copy,SGK,7,experiments/20260705_215045/source_scope/raw_page_images/SGK_TIN7/page_0002.png,shared/learning_resources/raw_page_images/sgk/tin_hoc_7/page_0002.png,4bf7bdfcf909fc35d9041bc17a4cd8e3f5628f16ef34180ecd3247a00e96db06,173215,2026-07-15,copied,Ảnh SGK copy từ experiment 20260705; learning_material_id=LM-SGK-TIN7-0001; OCR Markdown v0 do Nguyên gửi đã được đăng ký trong ocr_text_manifest.csv và được dùng để build fragment/index truy xuất ở trạng thái draft; ảnh gốc vẫn là nguồn truy vết theo trang; chưa HNMU/UET xác nhận.
20260715_sgk_shared_copy,SGK,7,experiments/20260705_215045/source_scope/raw_page_images/SGK_TIN7/page_0003.png,shared/learning_resources/raw_page_images/sgk/tin_hoc_7/page_0003.png,2e56171cbdc903d12065e1bac6703926fa52867c44659836b1ec6d75db15984d,577506,2026-07-15,copied,Ảnh SGK copy từ experiment 20260705; learning_material_id=LM-SGK-TIN7-0001; OCR Markdown v0 do Nguyên gửi đã được đăng ký trong ocr_text_manifest.csv và được dùng để build fragment/index truy xuất ở trạng thái draft; ảnh gốc vẫn là nguồn truy vết theo trang; chưa HNMU/UET xác nhận.
20260715_sgk_shared_copy,SGK,7,experiments/20260705_215045/source_scope/raw_page_images/SGK_TIN7/page_0004.png,shared/learning_resources/raw_page_images/sgk/tin_hoc_7/page_0004.png,342158aa9a5fefebef4ed064fee2cc5aca2afb7dbb14e8b9b020f606231f8061,590624,2026-07-15,copied,Ảnh SGK copy từ experiment 20260705; learning_material_id=LM-SGK-TIN7-0001; OCR Markdown v0 do Nguyên gửi đã được đăng ký trong ocr_text_manifest.csv và được dùng để build fragment/index truy xuất ở trạng thái draft; ảnh gốc vẫn là nguồn truy vết theo trang; chưa HNMU/UET xác nhận.
20260715_sgk_shared_copy,SGK,7,experiments/20260705_215045/source_scope/raw_page_images/SGK_TIN7/page_0005.png,shared/learning_resources/raw_page_images/sgk/tin_hoc_7/page_0005.png,5a7ec766afe07a42fe9770fae4ef6f05752371121f83c807fa5e6c702d8d99d5,459935,2026-07-15,copied,Ảnh SGK copy từ experiment 20260705; learning_material_id=LM-SGK-TIN7-0001; OCR Markdown v0 do Nguyên gửi đã được đăng ký trong ocr_text_manifest.csv và được dùng để build fragment/index truy xuất ở trạng thái draft; ảnh gốc vẫn là nguồn truy vết theo trang; chưa HNMU/UET xác nhận.
20260715_sgk_shared_copy,SGK,7,experiments/20260705_215045/source_scope/raw_page_images/SGK_TIN7/page_0006.png,shared/learning_resources/raw_page_images/sgk/tin_hoc_7/page_0006.png,7acdaa6ca581d63e477191e9f8accdb53ef98eb542c74e7fda7a8eba496c1a55,633140,2026-07-15,copied,Ảnh SGK copy từ experiment 20260705; learning_material_id=LM-SGK-TIN7-0001; OCR Markdown v0 do Nguyên gửi đã được đăng ký trong ocr_text_manifest.csv và được dùng để build fragment/index truy xuất ở trạng thái draft; ảnh gốc vẫn là nguồn truy vết theo trang; chưa HNMU/UET xác nhận.
20260715_sgk_shared_copy,SGK,7,experiments/20260705_215045/source_scope/raw_page_images/SGK_TIN7/page_0007.png,shared/learning_resources/raw_page_images/sgk/tin_hoc_7/page_0007.png,894bd01c3ca8453775c766421f854b85d088b6c243234dd06b27e614122ae432,603160,2026-07-15,copied,Ảnh SGK copy từ experiment 20260705; learning_material_id=LM-SGK-TIN7-0001; OCR Markdown v0 do Nguyên gửi đã được đăng ký trong ocr_text_manifest.csv và được dùng để build fragment/index truy xuất ở trạng thái draft; ảnh gốc vẫn là nguồn truy vết theo trang; chưa HNMU/UET xác nhận.
20260715_sgk_shared_copy,SGK,7,experiments/20260705_215045/source_scope/raw_page_images/SGK_TIN7/page_0008.png,shared/learning_resources/raw_page_images/sgk/tin_hoc_7/page_0008.png,55b2f8ac946102651071321eff8c5664b224774c0c1aba66e9f29b9aa854eb13,626578,2026-07-15,copied,Ảnh SGK copy từ experiment 20260705; learning_material_id=LM-SGK-TIN7-0001; OCR Markdown v0 do Nguyên gửi đã được đăng ký trong ocr_text_manifest.csv và được dùng để build fragment/index truy xuất ở trạng thái draft; ảnh gốc vẫn là nguồn truy vết theo trang; chưa HNMU/UET xác nhận.
20260715_sgk_shared_copy,SGK,7,experiments/20260705_215045/source_scope/raw_page_images/SGK_TIN7/page_0009.png,shared/learning_resources/raw_page_images/sgk/tin_hoc_7/page_0009.png,e982d3436196425b0b2f7b38a08cb124cca7682c0711d3b341ee88dcb8ce5136,904945,2026-07-15,copied,Ảnh SGK copy từ experiment 20260705; learning_material_id=LM-SGK-TIN7-0001; OCR Markdown v0 do Nguyên gửi đã được đăng ký trong ocr_text_manifest.csv và được dùng để build fragment/index truy xuất ở trạng thái draft; ảnh gốc vẫn là nguồn truy vết theo trang; chưa HNMU/UET xác nhận.
20260715_sgk_shared_copy,SGK,7,experiments/20260705_215045/source_scope/raw_page_images/SGK_TIN7/page_0010.png,shared/learning_resources/raw_page_images/sgk/tin_hoc_7/page_0010.png,cee1db612231be8b9f7fef16326c3954bfd6a91c629613cbd266c5869194a2cc,674590,2026-07-15,copied,Ảnh SGK copy từ experiment 20260705; learning_material_id=LM-SGK-TIN7-0001; OCR Markdown v0 do Nguyên gửi đã được đăng ký trong ocr_text_manifest.csv và được dùng để build fragment/index truy xuất ở trạng thái draft; ảnh gốc vẫn là nguồn truy vết theo trang; chưa HNMU/UET xác nhận.
20260715_sgk_shared_copy,SGK,7,experiments/20260705_215045/source_scope/raw_page_images/SGK_TIN7/page_0011.png,shared/learning_resources/raw_page_images/sgk/tin_hoc_7/page_0011.png,bece1fcd224fbffd9b08555dde9b066f7e657e1c42564b363165c439381b7653,718125,2026-07-15,copied,Ảnh SGK copy từ experiment 20260705; learning_material_id=LM-SGK-TIN7-0001; OCR Markdown v0 do Nguyên gửi đã được đăng ký trong ocr_text_manifest.csv và được dùng để build fragment/index truy xuất ở trạng thái draft; ảnh gốc vẫn là nguồn truy vết theo trang; chưa HNMU/UET xác nhận.
20260715_sgk_shared_copy,SGK,7,experiments/20260705_215045/source_scope/raw_page_images/SGK_TIN7/page_0012.png,shared/learning_resources/raw_page_images/sgk/tin_hoc_7/page_0012.png,0906353ef8d220f875ce5da86ebbf97438efa11499c17f54dab9ed5e8404193a,795965,2026-07-15,copied,Ảnh SGK copy từ experiment 20260705; learning_material_id=LM-SGK-TIN7-0001; OCR Markdown v0 do Nguyên gửi đã được đăng ký trong ocr_text_manifest.csv và được dùng để build fragment/index truy xuất ở trạng thái draft; ảnh gốc vẫn là nguồn truy vết theo trang; chưa HNMU/UET xác nhận.
20260715_sgk_shared_copy,SGK,7,experiments/20260705_215045/source_scope/raw_page_images/SGK_TIN7/page_0013.png,shared/learning_resources/raw_page_images/sgk/tin_hoc_7/page_0013.png,77418f3d92f04cd4031056815ac1aea66ba81cc261e35cfa9a4576fe515e0469,838635,2026-07-15,copied,Ảnh SGK copy từ experiment 20260705; learning_material_id=LM-SGK-TIN7-0001; OCR Markdown v0 do Nguyên gửi đã được đăng ký trong ocr_text_manifest.csv và được dùng để build fragment/index truy xuất ở trạng thái draft; ảnh gốc vẫn là nguồn truy vết theo trang; chưa HNMU/UET xác nhận.
20260715_sgk_shared_copy,SGK,7,experiments/20260705_215045/source_scope/raw_page_images/SGK_TIN7/page_0014.png,shared/learning_resources/raw_page_images/sgk/tin_hoc_7/page_0014.png,0849fe8328555efa2422c06a71699c2bccd57fcd4e4b40f22c7b717db409e81f,671923,2026-07-15,copied,Ảnh SGK copy từ experiment 20260705; learning_material_id=LM-SGK-TIN7-0001; OCR Markdown v0 do Nguyên gửi đã được đăng ký trong ocr_text_manifest.csv và được dùng để build fragment/index truy xuất ở trạng thái draft; ảnh gốc vẫn là nguồn truy vết theo trang; chưa HNMU/UET xác nhận.
20260715_sgk_shared_copy,SGK,7,experiments/20260705_215045/source_scope/raw_page_images/SGK_TIN7/page_0015.png,shared/learning_resources/raw_page_images/sgk/tin_hoc_7/page_0015.png,b2b694861407a20cae84f43c7dcba38cdcd5069c7ad75461c9e1d5b198a65d2f,717401,2026-07-15,copied,Ảnh SGK copy từ experiment 20260705; learning_material_id=LM-SGK-TIN7-0001; OCR Markdown v0 do Nguyên gửi đã được đăng ký trong ocr_text_manifest.csv và được dùng để build fragment/index truy xuất ở trạng thái draft; ảnh gốc vẫn là nguồn truy vết theo trang; chưa HNMU/UET xác nhận.
20260715_sgk_shared_copy,SGK,7,experiments/20260705_215045/source_scope/raw_page_images/SGK_TIN7/page_0016.png,shared/learning_resources/raw_page_images/sgk/tin_hoc_7/page_0016.png,f1363f215bacfcb93edea3ca3ed748ba9d920764bd212b92cf0aa7a91e5060db,652110,2026-07-15,copied,Ảnh SGK copy từ experiment 20260705; learning_material_id=LM-SGK-TIN7-0001; OCR Markdown v0 do Nguyên gửi đã được đăng ký trong ocr_text_manifest.csv và được dùng để build fragment/index truy xuất ở trạng thái draft; ảnh gốc vẫn là nguồn truy vết theo trang; chưa HNMU/UET xác nhận.
20260715_sgk_shared_copy,SGK,7,experiments/20260705_215045/source_scope/raw_page_images/SGK_TIN7/page_0017.png,shared/learning_resources/raw_page_images/sgk/tin_hoc_7/page_0017.png,079fe183b62e77f82be7be644dac2532cce9be5ecc4abf592f7c2a94abe3ec7d,745043,2026-07-15,copied,Ảnh SGK copy từ experiment 20260705; learning_material_id=LM-SGK-TIN7-0001; OCR Markdown v0 do Nguyên gửi đã được đăng ký trong ocr_text_manifest.csv và được dùng để build fragment/index truy xuất ở trạng thái draft; ảnh gốc vẫn là nguồn truy vết theo trang; chưa HNMU/UET xác nhận.
20260715_sgk_shared_copy,SGK,7,experiments/20260705_215045/source_scope/raw_page_images/SGK_TIN7/page_0018.png,shared/learning_resources/raw_page_images/sgk/tin_hoc_7/page_0018.png,0cf3ec8df449c96dc87f176bc9e7140d9dc3c44afbe66aca29a2e9bca33af18b,449945,2026-07-15,copied,Ảnh SGK copy từ experiment 20260705; learning_material_id=LM-SGK-TIN7-0001; OCR Markdown v0 do Nguyên gửi đã được đăng ký trong ocr_text_manifest.csv và được dùng để build fragment/index truy xuất ở trạng thái draft; ảnh gốc vẫn là nguồn truy vết theo trang; chưa HNMU/UET xác nhận.
20260715_sgk_shared_copy,SGK,7,experiments/20260705_215045/source_scope/raw_page_images/SGK_TIN7/page_0019.png,shared/learning_resources/raw_page_images/sgk/tin_hoc_7/page_0019.png,a71d0a6675ac698c31d5641ee37aa7693d54998625371cfee06f1d09df20da7d,689357,2026-07-15,copied,Ảnh SGK copy từ experiment 20260705; learning_material_id=LM-SGK-TIN7-0001; OCR Markdown v0 do Nguyên gửi đã được đăng ký trong ocr_text_manifest.csv và được dùng để build fragment/index truy xuất ở trạng thái draft; ảnh gốc vẫn là nguồn truy vết theo trang; chưa HNMU/UET xác nhận.
20260715_sgk_shared_copy,SGK,7,experiments/20260705_215045/source_scope/raw_page_images/SGK_TIN7/page_0020.png,shared/learning_resources/raw_page_images/sgk/tin_hoc_7/page_0020.png,3f324188157ac195410fca5bbd7ed1225361782472257dcfc76b9cc7154740af,850461,2026-07-15,copied,Ảnh SGK copy từ experiment 20260705; learning_material_id=LM-SGK-TIN7-0001; OCR Markdown v0 do Nguyên gửi đã được đăng ký trong ocr_text_manifest.csv và được dùng để build fragment/index truy xuất ở trạng thái draft; ảnh gốc vẫn là nguồn truy vết theo trang; chưa HNMU/UET xác nhận.
20260715_sgk_shared_copy,SGK,7,experiments/20260705_215045/source_scope/raw_page_images/SGK_TIN7/page_0021.png,shared/learning_resources/raw_page_images/sgk/tin_hoc_7/page_0021.png,ceb4b6eeb04cfbf274095f8a5c5269639ded32d61ab287ef292de9bcb48ac369,663754,2026-07-15,copied,Ảnh SGK copy từ experiment 20260705; learning_material_id=LM-SGK-TIN7-0001; OCR Markdown v0 do Nguyên gửi đã được đăng ký trong ocr_text_manifest.csv và được dùng để build fragment/index truy xuất ở trạng thái draft; ảnh gốc vẫn là nguồn truy vết theo trang; chưa HNMU/UET xác nhận.
20260715_sgk_shared_copy,SGK,7,experiments/20260705_215045/source_scope/raw_page_images/SGK_TIN7/page_0022.png,shared/learning_resources/raw_page_images/sgk/tin_hoc_7/page_0022.png,0bbdc6b89891bdf80d09d92d0f7cde582c1ae9b9a3d80cfb50852b0313098876,519512,2026-07-15,copied,Ảnh SGK copy từ experiment 20260705; learning_material_id=LM-SGK-TIN7-0001; OCR Markdown v0 do Nguyên gửi đã được đăng ký trong ocr_text_manifest.csv và được dùng để build fragment/index truy xuất ở trạng thái draft; ảnh gốc vẫn là nguồn truy vết theo trang; chưa HNMU/UET xác nhận.
20260715_sgk_shared_copy,SGK,7,experiments/20260705_215045/source_scope/raw_page_images/SGK_TIN7/page_0023.png,shared/learning_resources/raw_page_images/sgk/tin_hoc_7/page_0023.png,2a693ece5b6f87500c7a4a35de54ee61057e268ab33a98c12ad5337668f37330,486082,2026-07-15,copied,Ảnh SGK copy từ experiment 20260705; learning_material_id=LM-SGK-TIN7-0001; OCR Markdown v0 do Nguyên gửi đã được đăng ký trong ocr_text_manifest.csv và được dùng để build fragment/index truy xuất ở trạng thái draft; ảnh gốc vẫn là nguồn truy vết theo trang; chưa HNMU/UET xác nhận.
20260715_sgk_shared_copy,SGK,7,experiments/20260705_215045/source_scope/raw_page_images/SGK_TIN7/page_0024.png,shared/learning_resources/raw_page_images/sgk/tin_hoc_7/page_0024.png,de441ac0990e8a6b617fda4e664439dc9903391e24a8324a3293cc0613cd0414,774604,2026-07-15,copied,Ảnh SGK copy từ experiment 20260705; learning_material_id=LM-SGK-TIN7-0001; OCR Markdown v0 do Nguyên gửi đã được đăng ký trong ocr_text_manifest.csv và được dùng để build fragment/index truy xuất ở trạng thái draft; ảnh gốc vẫn là nguồn truy vết theo trang; chưa HNMU/UET xác nhận.
20260715_sgk_shared_copy,SGK,7,experiments/20260705_215045/source_scope/raw_page_images/SGK_TIN7/page_0025.png,shared/learning_resources/raw_page_images/sgk/tin_hoc_7/page_0025.png,16ed482c8482a3c38b3bc7e1efe7490363006baaca605471dc154e60e488040c,704152,2026-07-15,copied,Ảnh SGK copy từ experiment 20260705; learning_material_id=LM-SGK-TIN7-0001; OCR Markdown v0 do Nguyên gửi đã được đăng ký trong ocr_text_manifest.csv và được dùng để build fragment/index truy xuất ở trạng thái draft; ảnh gốc vẫn là nguồn truy vết theo trang; chưa HNMU/UET xác nhận.
20260715_sgk_shared_copy,SGK,7,experiments/20260705_215045/source_scope/raw_page_images/SGK_TIN7/page_0026.png,shared/learning_resources/raw_page_images/sgk/tin_hoc_7/page_0026.png,712b4c6b5d5e60c22a6fa51c1d29dc889d37bef7e369713490bfa87eabd867b9,850465,2026-07-15,copied,Ảnh SGK copy từ experiment 20260705; learning_material_id=LM-SGK-TIN7-0001; OCR Markdown v0 do Nguyên gửi đã được đăng ký trong ocr_text_manifest.csv và được dùng để build fragment/index truy xuất ở trạng thái draft; ảnh gốc vẫn là nguồn truy vết theo trang; chưa HNMU/UET xác nhận.
20260715_sgk_shared_copy,SGK,7,experiments/20260705_215045/source_scope/raw_page_images/SGK_TIN7/page_0027.png,shared/learning_resources/raw_page_images/sgk/tin_hoc_7/page_0027.png,a22b06c2ebae0b8629418c5e2726e5b64056707d4a21bedb85797a268ddf0075,798685,2026-07-15,copied,Ảnh SGK copy từ experiment 20260705; learning_material_id=LM-SGK-TIN7-0001; OCR Markdown v0 do Nguyên gửi đã được đăng ký trong ocr_text_manifest.csv và được dùng để build fragment/index truy xuất ở trạng thái draft; ảnh gốc vẫn là nguồn truy vết theo trang; chưa HNMU/UET xác nhận.
20260715_sgk_shared_copy,SGK,7,experiments/20260705_215045/source_scope/raw_page_images/SGK_TIN7/page_0028.png,shared/learning_resources/raw_page_images/sgk/tin_hoc_7/page_0028.png,79ce00eebd0f5a8922a60403308a78c8f8688c6537dabac98725502712d9a2f4,639662,2026-07-15,copied,Ảnh SGK copy từ experiment 20260705; learning_material_id=LM-SGK-TIN7-0001; OCR Markdown v0 do Nguyên gửi đã được đăng ký trong ocr_text_manifest.csv và được dùng để build fragment/index truy xuất ở trạng thái draft; ảnh gốc vẫn là nguồn truy vết theo trang; chưa HNMU/UET xác nhận.
20260715_sgk_shared_copy,SGK,7,experiments/20260705_215045/source_scope/raw_page_images/SGK_TIN7/page_0029.png,shared/learning_resources/raw_page_images/sgk/tin_hoc_7/page_0029.png,79cd6f1eb8ff21244c71622e810c867e9fc8fbb5f3a2cdb3a650e26bcae93c07,620907,2026-07-15,copied,Ảnh SGK copy từ experiment 20260705; learning_material_id=LM-SGK-TIN7-0001; OCR Markdown v0 do Nguyên gửi đã được đăng ký trong ocr_text_manifest.csv và được dùng để build fragment/index truy xuất ở trạng thái draft; ảnh gốc vẫn là nguồn truy vết theo trang; chưa HNMU/UET xác nhận.
20260715_sgk_shared_copy,SGK,7,experiments/20260705_215045/source_scope/raw_page_images/SGK_TIN7/page_0030.png,shared/learning_resources/raw_page_images/sgk/tin_hoc_7/page_0030.png,4bfe53418918f76a2c3615437f7c3705be847c63d9121ba67ee4ba91c6bcaa11,683167,2026-07-15,copied,Ảnh SGK copy từ experiment 20260705; learning_material_id=LM-SGK-TIN7-0001; OCR Markdown v0 do Nguyên gửi đã được đăng ký trong ocr_text_manifest.csv và được dùng để build fragment/index truy xuất ở trạng thái draft; ảnh gốc vẫn là nguồn truy vết theo trang; chưa HNMU/UET xác nhận.
20260715_sgk_shared_copy,SGK,7,experiments/20260705_215045/source_scope/raw_page_images/SGK_TIN7/page_0031.png,shared/learning_resources/raw_page_images/sgk/tin_hoc_7/page_0031.png,4b4aa77453be4f47a68a295e9e99cc591b59155b8c4bf67a37d4386caf206eed,506874,2026-07-15,copied,Ảnh SGK copy từ experiment 20260705; learning_material_id=LM-SGK-TIN7-0001; OCR Markdown v0 do Nguyên gửi đã được đăng ký trong ocr_text_manifest.csv và được dùng để build fragment/index truy xuất ở trạng thái draft; ảnh gốc vẫn là nguồn truy vết theo trang; chưa HNMU/UET xác nhận.
20260715_sgk_shared_copy,SGK,7,experiments/20260705_215045/source_scope/raw_page_images/SGK_TIN7/page_0032.png,shared/learning_resources/raw_page_images/sgk/tin_hoc_7/page_0032.png,0591835b8ae69b8492004e64dd54d326a7833dcd1001c339f87cc97e4bfadab5,627810,2026-07-15,copied,Ảnh SGK copy từ experiment 20260705; learning_material_id=LM-SGK-TIN7-0001; OCR Markdown v0 do Nguyên gửi đã được đăng ký trong ocr_text_manifest.csv và được dùng để build fragment/index truy xuất ở trạng thái draft; ảnh gốc vẫn là nguồn truy vết theo trang; chưa HNMU/UET xác nhận.
20260715_sgk_shared_copy,SGK,7,experiments/20260705_215045/source_scope/raw_page_images/SGK_TIN7/page_0033.png,shared/learning_resources/raw_page_images/sgk/tin_hoc_7/page_0033.png,de7f2c9930db4f0a0b3ac87a492bd44befedc6e454effb548322fdfd3bde996a,792147,2026-07-15,copied,Ảnh SGK copy từ experiment 20260705; learning_material_id=LM-SGK-TIN7-0001; OCR Markdown v0 do Nguyên gửi đã được đăng ký trong ocr_text_manifest.csv và được dùng để build fragment/index truy xuất ở trạng thái draft; ảnh gốc vẫn là nguồn truy vết theo trang; chưa HNMU/UET xác nhận.
20260715_sgk_shared_copy,SGK,7,experiments/20260705_215045/source_scope/raw_page_images/SGK_TIN7/page_0034.png,shared/learning_resources/raw_page_images/sgk/tin_hoc_7/page_0034.png,7cdb619458f1033b60dec893d53187e4c445d0e4ecf0b76aefc497d9ddb6104c,524098,2026-07-15,copied,Ảnh SGK copy từ experiment 20260705; learning_material_id=LM-SGK-TIN7-0001; OCR Markdown v0 do Nguyên gửi đã được đăng ký trong ocr_text_manifest.csv và được dùng để build fragment/index truy xuất ở trạng thái draft; ảnh gốc vẫn là nguồn truy vết theo trang; chưa HNMU/UET xác nhận.
20260715_sgk_shared_copy,SGK,7,experiments/20260705_215045/source_scope/raw_page_images/SGK_TIN7/page_0035.png,shared/learning_resources/raw_page_images/sgk/tin_hoc_7/page_0035.png,88b93f8fbc1c65725d03e8c3e5ca9792f4680da70e94b82a12e4a6a8f749ee97,1049279,2026-07-15,copied,Ảnh SGK copy từ experiment 20260705; learning_material_id=LM-SGK-TIN7-0001; OCR Markdown v0 do Nguyên gửi đã được đăng ký trong ocr_text_manifest.csv và được dùng để build fragment/index truy xuất ở trạng thái draft; ảnh gốc vẫn là nguồn truy vết theo trang; chưa HNMU/UET xác nhận.
20260715_sgk_shared_copy,SGK,7,experiments/20260705_215045/source_scope/raw_page_images/SGK_TIN7/page_0036.png,shared/learning_resources/raw_page_images/sgk/tin_hoc_7/page_0036.png,7a1bc85334231bbcea25d4bf143bf02a8d03e165a0d8a66c8894335267aef903,820570,2026-07-15,copied,Ảnh SGK copy từ experiment 20260705; learning_material_id=LM-SGK-TIN7-0001; OCR Markdown v0 do Nguyên gửi đã được đăng ký trong ocr_text_manifest.csv và được dùng để build fragment/index truy xuất ở trạng thái draft; ảnh gốc vẫn là nguồn truy vết theo trang; chưa HNMU/UET xác nhận.
20260715_sgk_shared_copy,SGK,7,experiments/20260705_215045/source_scope/raw_page_images/SGK_TIN7/page_0037.png,shared/learning_resources/raw_page_images/sgk/tin_hoc_7/page_0037.png,b3f89fa39bd74e681ee7b91a9028b703b7a35bd21266c2222081de40922b7696,675817,2026-07-15,copied,Ảnh SGK copy từ experiment 20260705; learning_material_id=LM-SGK-TIN7-0001; OCR Markdown v0 do Nguyên gửi đã được đăng ký trong ocr_text_manifest.csv và được dùng để build fragment/index truy xuất ở trạng thái draft; ảnh gốc vẫn là nguồn truy vết theo trang; chưa HNMU/UET xác nhận.
20260715_sgk_shared_copy,SGK,7,experiments/20260705_215045/source_scope/raw_page_images/SGK_TIN7/page_0038.png,shared/learning_resources/raw_page_images/sgk/tin_hoc_7/page_0038.png,b10df38628496fbc4b62d9923e5b198c7fc25b1fe644cd62262fe47df8a434f3,653149,2026-07-15,copied,Ảnh SGK copy từ experiment 20260705; learning_material_id=LM-SGK-TIN7-0001; OCR Markdown v0 do Nguyên gửi đã được đăng ký trong ocr_text_manifest.csv và được dùng để build fragment/index truy xuất ở trạng thái draft; ảnh gốc vẫn là nguồn truy vết theo trang; chưa HNMU/UET xác nhận.
20260715_sgk_shared_copy,SGK,7,experiments/20260705_215045/source_scope/raw_page_images/SGK_TIN7/page_0039.png,shared/learning_resources/raw_page_images/sgk/tin_hoc_7/page_0039.png,955fdc3c742af14f28feedbdbb2e47886380472bfcf4d99e8259a34c1cd8403a,565673,2026-07-15,copied,Ảnh SGK copy từ experiment 20260705; learning_material_id=LM-SGK-TIN7-0001; OCR Markdown v0 do Nguyên gửi đã được đăng ký trong ocr_text_manifest.csv và được dùng để build fragment/index truy xuất ở trạng thái draft; ảnh gốc vẫn là nguồn truy vết theo trang; chưa HNMU/UET xác nhận.
20260715_sgk_shared_copy,SGK,7,experiments/20260705_215045/source_scope/raw_page_images/SGK_TIN7/page_0040.png,shared/learning_resources/raw_page_images/sgk/tin_hoc_7/page_0040.png,ab4bf025b164c59306d02d31767c49a009ddd9d5941911e20710065be63d0a82,781610,2026-07-15,copied,Ảnh SGK copy từ experiment 20260705; learning_material_id=LM-SGK-TIN7-0001; OCR Markdown v0 do Nguyên gửi đã được đăng ký trong ocr_text_manifest.csv và được dùng để build fragment/index truy xuất ở trạng thái draft; ảnh gốc vẫn là nguồn truy vết theo trang; chưa HNMU/UET xác nhận.
20260715_sgk_shared_copy,SGK,7,experiments/20260705_215045/source_scope/raw_page_images/SGK_TIN7/page_0041.png,shared/learning_resources/raw_page_images/sgk/tin_hoc_7/page_0041.png,3e449c743d488bffdaa81c77f72da4ce1159730b27b628a512ff26d52388491f,527915,2026-07-15,copied,Ảnh SGK copy từ experiment 20260705; learning_material_id=LM-SGK-TIN7-0001; OCR Markdown v0 do Nguyên gửi đã được đăng ký trong ocr_text_manifest.csv và được dùng để build fragment/index truy xuất ở trạng thái draft; ảnh gốc vẫn là nguồn truy vết theo trang; chưa HNMU/UET xác nhận.
20260715_sgk_shared_copy,SGK,7,experiments/20260705_215045/source_scope/raw_page_images/SGK_TIN7/page_0042.png,shared/learning_resources/raw_page_images/sgk/tin_hoc_7/page_0042.png,35b132e374abf9032981d599f9e1777ad67e74a145ad54463754394945344bba,757443,2026-07-15,copied,Ảnh SGK copy từ experiment 20260705; learning_material_id=LM-SGK-TIN7-0001; OCR Markdown v0 do Nguyên gửi đã được đăng ký trong ocr_text_manifest.csv và được dùng để build fragment/index truy xuất ở trạng thái draft; ảnh gốc vẫn là nguồn truy vết theo trang; chưa HNMU/UET xác nhận.
20260715_sgk_shared_copy,SGK,7,experiments/20260705_215045/source_scope/raw_page_images/SGK_TIN7/page_0043.png,shared/learning_resources/raw_page_images/sgk/tin_hoc_7/page_0043.png,e1c581cb430e749d4ad282a427a2a4a2da457c66417d363475a2a0acbd45e5e3,637045,2026-07-15,copied,Ảnh SGK copy từ experiment 20260705; learning_material_id=LM-SGK-TIN7-0001; OCR Markdown v0 do Nguyên gửi đã được đăng ký trong ocr_text_manifest.csv và được dùng để build fragment/index truy xuất ở trạng thái draft; ảnh gốc vẫn là nguồn truy vết theo trang; chưa HNMU/UET xác nhận.
20260715_sgk_shared_copy,SGK,7,experiments/20260705_215045/source_scope/raw_page_images/SGK_TIN7/page_0044.png,shared/learning_resources/raw_page_images/sgk/tin_hoc_7/page_0044.png,eb1a9feec6524459e56b7ce0524530ae2a6839863bd10d7b7e8001130f714130,861854,2026-07-15,copied,Ảnh SGK copy từ experiment 20260705; learning_material_id=LM-SGK-TIN7-0001; OCR Markdown v0 do Nguyên gửi đã được đăng ký trong ocr_text_manifest.csv và được dùng để build fragment/index truy xuất ở trạng thái draft; ảnh gốc vẫn là nguồn truy vết theo trang; chưa HNMU/UET xác nhận.
20260715_sgk_shared_copy,SGK,7,experiments/20260705_215045/source_scope/raw_page_images/SGK_TIN7/page_0045.png,shared/learning_resources/raw_page_images/sgk/tin_hoc_7/page_0045.png,c52a96747a72b4fa4449ca88d245732b45241a807785188478ff565655207004,550611,2026-07-15,copied,Ảnh SGK copy từ experiment 20260705; learning_material_id=LM-SGK-TIN7-0001; OCR Markdown v0 do Nguyên gửi đã được đăng ký trong ocr_text_manifest.csv và được dùng để build fragment/index truy xuất ở trạng thái draft; ảnh gốc vẫn là nguồn truy vết theo trang; chưa HNMU/UET xác nhận.
20260715_sgk_shared_copy,SGK,7,experiments/20260705_215045/source_scope/raw_page_images/SGK_TIN7/page_0046.png,shared/learning_resources/raw_page_images/sgk/tin_hoc_7/page_0046.png,5bcd868c0d825f6e5512eaad4f3f09d2d40f5a4aca34868130a368e193d1eaac,667632,2026-07-15,copied,Ảnh SGK copy từ experiment 20260705; learning_material_id=LM-SGK-TIN7-0001; OCR Markdown v0 do Nguyên gửi đã được đăng ký trong ocr_text_manifest.csv và được dùng để build fragment/index truy xuất ở trạng thái draft; ảnh gốc vẫn là nguồn truy vết theo trang; chưa HNMU/UET xác nhận.
20260715_sgk_shared_copy,SGK,7,experiments/20260705_215045/source_scope/raw_page_images/SGK_TIN7/page_0047.png,shared/learning_resources/raw_page_images/sgk/tin_hoc_7/page_0047.png,5d43426cd108e690e95db0357e2b1a7f0f6989b3a894f3a79dfda0018124e19f,599538,2026-07-15,copied,Ảnh SGK copy từ experiment 20260705; learning_material_id=LM-SGK-TIN7-0001; OCR Markdown v0 do Nguyên gửi đã được đăng ký trong ocr_text_manifest.csv và được dùng để build fragment/index truy xuất ở trạng thái draft; ảnh gốc vẫn là nguồn truy vết theo trang; chưa HNMU/UET xác nhận.
20260715_sgk_shared_copy,SGK,7,experiments/20260705_215045/source_scope/raw_page_images/SGK_TIN7/page_0048.png,shared/learning_resources/raw_page_images/sgk/tin_hoc_7/page_0048.png,a5fa0887dbfe1cffe280edee3cfd8833cb4e7084ce48db4ca773f5a33d629c75,541139,2026-07-15,copied,Ảnh SGK copy từ experiment 20260705; learning_material_id=LM-SGK-TIN7-0001; OCR Markdown v0 do Nguyên gửi đã được đăng ký trong ocr_text_manifest.csv và được dùng để build fragment/index truy xuất ở trạng thái draft; ảnh gốc vẫn là nguồn truy vết theo trang; chưa HNMU/UET xác nhận.
20260715_sgk_shared_copy,SGK,7,experiments/20260705_215045/source_scope/raw_page_images/SGK_TIN7/page_0049.png,shared/learning_resources/raw_page_images/sgk/tin_hoc_7/page_0049.png,6f2249d4110f20f591af26666dae48ed35cbf2f076966e13e4e08f1257fa848f,606468,2026-07-15,copied,Ảnh SGK copy từ experiment 20260705; learning_material_id=LM-SGK-TIN7-0001; OCR Markdown v0 do Nguyên gửi đã được đăng ký trong ocr_text_manifest.csv và được dùng để build fragment/index truy xuất ở trạng thái draft; ảnh gốc vẫn là nguồn truy vết theo trang; chưa HNMU/UET xác nhận.
20260715_sgk_shared_copy,SGK,7,experiments/20260705_215045/source_scope/raw_page_images/SGK_TIN7/page_0050.png,shared/learning_resources/raw_page_images/sgk/tin_hoc_7/page_0050.png,82ec0c478b13d7de2f97cc81cb2b6fa92970260846737763aab99309b948f25c,683365,2026-07-15,copied,Ảnh SGK copy từ experiment 20260705; learning_material_id=LM-SGK-TIN7-0001; OCR Markdown v0 do Nguyên gửi đã được đăng ký trong ocr_text_manifest.csv và được dùng để build fragment/index truy xuất ở trạng thái draft; ảnh gốc vẫn là nguồn truy vết theo trang; chưa HNMU/UET xác nhận.
20260715_sgk_shared_copy,SGK,7,experiments/20260705_215045/source_scope/raw_page_images/SGK_TIN7/page_0051.png,shared/learning_resources/raw_page_images/sgk/tin_hoc_7/page_0051.png,c4d4a3a61c0a7f25528b1c2b81c643195dc00ea248c54708114f842dd3586d6a,754088,2026-07-15,copied,Ảnh SGK copy từ experiment 20260705; learning_material_id=LM-SGK-TIN7-0001; OCR Markdown v0 do Nguyên gửi đã được đăng ký trong ocr_text_manifest.csv và được dùng để build fragment/index truy xuất ở trạng thái draft; ảnh gốc vẫn là nguồn truy vết theo trang; chưa HNMU/UET xác nhận.
20260715_sgk_shared_copy,SGK,7,experiments/20260705_215045/source_scope/raw_page_images/SGK_TIN7/page_0052.png,shared/learning_resources/raw_page_images/sgk/tin_hoc_7/page_0052.png,71df11b113db7e42451277ff4d97c78cc6c77aade601cb2271f3539854217754,645205,2026-07-15,copied,Ảnh SGK copy từ experiment 20260705; learning_material_id=LM-SGK-TIN7-0001; OCR Markdown v0 do Nguyên gửi đã được đăng ký trong ocr_text_manifest.csv và được dùng để build fragment/index truy xuất ở trạng thái draft; ảnh gốc vẫn là nguồn truy vết theo trang; chưa HNMU/UET xác nhận.
20260715_sgk_shared_copy,SGK,7,experiments/20260705_215045/source_scope/raw_page_images/SGK_TIN7/page_0053.png,shared/learning_resources/raw_page_images/sgk/tin_hoc_7/page_0053.png,1fd508e4c7664561208dbc999f6ce5ab2222301579543b9bd37bbf044b6450c7,530906,2026-07-15,copied,Ảnh SGK copy từ experiment 20260705; learning_material_id=LM-SGK-TIN7-0001; OCR Markdown v0 do Nguyên gửi đã được đăng ký trong ocr_text_manifest.csv và được dùng để build fragment/index truy xuất ở trạng thái draft; ảnh gốc vẫn là nguồn truy vết theo trang; chưa HNMU/UET xác nhận.
20260715_sgk_shared_copy,SGK,7,experiments/20260705_215045/source_scope/raw_page_images/SGK_TIN7/page_0054.png,shared/learning_resources/raw_page_images/sgk/tin_hoc_7/page_0054.png,cb9eb6b4fc0ba461bd7aca776dceec1725fa98d5811bfe5baf991a10d7fd903d,563090,2026-07-15,copied,Ảnh SGK copy từ experiment 20260705; learning_material_id=LM-SGK-TIN7-0001; OCR Markdown v0 do Nguyên gửi đã được đăng ký trong ocr_text_manifest.csv và được dùng để build fragment/index truy xuất ở trạng thái draft; ảnh gốc vẫn là nguồn truy vết theo trang; chưa HNMU/UET xác nhận.
20260715_sgk_shared_copy,SGK,7,experiments/20260705_215045/source_scope/raw_page_images/SGK_TIN7/page_0055.png,shared/learning_resources/raw_page_images/sgk/tin_hoc_7/page_0055.png,57b4702a2a92bd79a354f76e2792fd4848943fde7e1bd822ac747f5b54f4f0d4,919348,2026-07-15,copied,Ảnh SGK copy từ experiment 20260705; learning_material_id=LM-SGK-TIN7-0001; OCR Markdown v0 do Nguyên gửi đã được đăng ký trong ocr_text_manifest.csv và được dùng để build fragment/index truy xuất ở trạng thái draft; ảnh gốc vẫn là nguồn truy vết theo trang; chưa HNMU/UET xác nhận.
20260715_sgk_shared_copy,SGK,7,experiments/20260705_215045/source_scope/raw_page_images/SGK_TIN7/page_0056.png,shared/learning_resources/raw_page_images/sgk/tin_hoc_7/page_0056.png,3039725f7140618d03415a73b767531782a5d0598b35fa8cb5772eb601bc698f,708665,2026-07-15,copied,Ảnh SGK copy từ experiment 20260705; learning_material_id=LM-SGK-TIN7-0001; OCR Markdown v0 do Nguyên gửi đã được đăng ký trong ocr_text_manifest.csv và được dùng để build fragment/index truy xuất ở trạng thái draft; ảnh gốc vẫn là nguồn truy vết theo trang; chưa HNMU/UET xác nhận.
20260715_sgk_shared_copy,SGK,7,experiments/20260705_215045/source_scope/raw_page_images/SGK_TIN7/page_0057.png,shared/learning_resources/raw_page_images/sgk/tin_hoc_7/page_0057.png,ccb962532bd576ec64ab663f96f30a352eab9eb608872e0e67c9a4225d046e5a,1109376,2026-07-15,copied,Ảnh SGK copy từ experiment 20260705; learning_material_id=LM-SGK-TIN7-0001; OCR Markdown v0 do Nguyên gửi đã được đăng ký trong ocr_text_manifest.csv và được dùng để build fragment/index truy xuất ở trạng thái draft; ảnh gốc vẫn là nguồn truy vết theo trang; chưa HNMU/UET xác nhận.
20260715_sgk_shared_copy,SGK,7,experiments/20260705_215045/source_scope/raw_page_images/SGK_TIN7/page_0058.png,shared/learning_resources/raw_page_images/sgk/tin_hoc_7/page_0058.png,a29f2ac4219693f89178e212ed309a86a730095201810a6f71328f5beb461c2a,665949,2026-07-15,copied,Ảnh SGK copy từ experiment 20260705; learning_material_id=LM-SGK-TIN7-0001; OCR Markdown v0 do Nguyên gửi đã được đăng ký trong ocr_text_manifest.csv và được dùng để build fragment/index truy xuất ở trạng thái draft; ảnh gốc vẫn là nguồn truy vết theo trang; chưa HNMU/UET xác nhận.
20260715_sgk_shared_copy,SGK,7,experiments/20260705_215045/source_scope/raw_page_images/SGK_TIN7/page_0059.png,shared/learning_resources/raw_page_images/sgk/tin_hoc_7/page_0059.png,dd9622b89545cbe8091ad5366598322f48117580cf1c58f7d55f1c15e388012d,442898,2026-07-15,copied,Ảnh SGK copy từ experiment 20260705; learning_material_id=LM-SGK-TIN7-0001; OCR Markdown v0 do Nguyên gửi đã được đăng ký trong ocr_text_manifest.csv và được dùng để build fragment/index truy xuất ở trạng thái draft; ảnh gốc vẫn là nguồn truy vết theo trang; chưa HNMU/UET xác nhận.
20260715_sgk_shared_copy,SGK,7,experiments/20260705_215045/source_scope/raw_page_images/SGK_TIN7/page_0060.png,shared/learning_resources/raw_page_images/sgk/tin_hoc_7/page_0060.png,63ac76391ac8fa57f04ac8b4ad6a581868c1c9f666fab5db426193ee3f931826,411171,2026-07-15,copied,Ảnh SGK copy từ experiment 20260705; learning_material_id=LM-SGK-TIN7-0001; OCR Markdown v0 do Nguyên gửi đã được đăng ký trong ocr_text_manifest.csv và được dùng để build fragment/index truy xuất ở trạng thái draft; ảnh gốc vẫn là nguồn truy vết theo trang; chưa HNMU/UET xác nhận.
20260715_sgk_shared_copy,SGK,7,experiments/20260705_215045/source_scope/raw_page_images/SGK_TIN7/page_0061.png,shared/learning_resources/raw_page_images/sgk/tin_hoc_7/page_0061.png,6debcc83711db818b424c444eee00af8d552c6c5c8033eb7208c81a53ed3ae98,467187,2026-07-15,copied,Ảnh SGK copy từ experiment 20260705; learning_material_id=LM-SGK-TIN7-0001; OCR Markdown v0 do Nguyên gửi đã được đăng ký trong ocr_text_manifest.csv và được dùng để build fragment/index truy xuất ở trạng thái draft; ảnh gốc vẫn là nguồn truy vết theo trang; chưa HNMU/UET xác nhận.
20260715_sgk_shared_copy,SGK,7,experiments/20260705_215045/source_scope/raw_page_images/SGK_TIN7/page_0062.png,shared/learning_resources/raw_page_images/sgk/tin_hoc_7/page_0062.png,a3bfb73304cfb6f553898364ae121cc40019f66f2668de82916630f1be98fe29,684324,2026-07-15,copied,Ảnh SGK copy từ experiment 20260705; learning_material_id=LM-SGK-TIN7-0001; OCR Markdown v0 do Nguyên gửi đã được đăng ký trong ocr_text_manifest.csv và được dùng để build fragment/index truy xuất ở trạng thái draft; ảnh gốc vẫn là nguồn truy vết theo trang; chưa HNMU/UET xác nhận.
20260715_sgk_shared_copy,SGK,7,experiments/20260705_215045/source_scope/raw_page_images/SGK_TIN7/page_0063.png,shared/learning_resources/raw_page_images/sgk/tin_hoc_7/page_0063.png,3ee32252e11f86d2c713ddd6ec4c9a519cac81fc30d7ba52170470a3d3de8537,656629,2026-07-15,copied,Ảnh SGK copy từ experiment 20260705; learning_material_id=LM-SGK-TIN7-0001; OCR Markdown v0 do Nguyên gửi đã được đăng ký trong ocr_text_manifest.csv và được dùng để build fragment/index truy xuất ở trạng thái draft; ảnh gốc vẫn là nguồn truy vết theo trang; chưa HNMU/UET xác nhận.
20260715_sgk_shared_copy,SGK,7,experiments/20260705_215045/source_scope/raw_page_images/SGK_TIN7/page_0064.png,shared/learning_resources/raw_page_images/sgk/tin_hoc_7/page_0064.png,528e7f2375299aec705a962de4b13a2fed7a9ffc3236239cbc93fa220aab0a34,801415,2026-07-15,copied,Ảnh SGK copy từ experiment 20260705; learning_material_id=LM-SGK-TIN7-0001; OCR Markdown v0 do Nguyên gửi đã được đăng ký trong ocr_text_manifest.csv và được dùng để build fragment/index truy xuất ở trạng thái draft; ảnh gốc vẫn là nguồn truy vết theo trang; chưa HNMU/UET xác nhận.
20260715_sgk_shared_copy,SGK,7,experiments/20260705_215045/source_scope/raw_page_images/SGK_TIN7/page_0065.png,shared/learning_resources/raw_page_images/sgk/tin_hoc_7/page_0065.png,ce1b249c00fac965525c83ba19a8c710a6f610c9dfd13adb5bf2ace7aee744aa,427053,2026-07-15,copied,Ảnh SGK copy từ experiment 20260705; learning_material_id=LM-SGK-TIN7-0001; OCR Markdown v0 do Nguyên gửi đã được đăng ký trong ocr_text_manifest.csv và được dùng để build fragment/index truy xuất ở trạng thái draft; ảnh gốc vẫn là nguồn truy vết theo trang; chưa HNMU/UET xác nhận.
20260715_sgk_shared_copy,SGK,7,experiments/20260705_215045/source_scope/raw_page_images/SGK_TIN7/page_0066.png,shared/learning_resources/raw_page_images/sgk/tin_hoc_7/page_0066.png,af416f0c542957cb332041b50e6be943ccac24969a8b9ac0caee9ca1e083029d,644581,2026-07-15,copied,Ảnh SGK copy từ experiment 20260705; learning_material_id=LM-SGK-TIN7-0001; OCR Markdown v0 do Nguyên gửi đã được đăng ký trong ocr_text_manifest.csv và được dùng để build fragment/index truy xuất ở trạng thái draft; ảnh gốc vẫn là nguồn truy vết theo trang; chưa HNMU/UET xác nhận.
20260715_sgk_shared_copy,SGK,7,experiments/20260705_215045/source_scope/raw_page_images/SGK_TIN7/page_0067.png,shared/learning_resources/raw_page_images/sgk/tin_hoc_7/page_0067.png,d49a69322b1efaa4545c19a061bb8a44ae71f8be8d6e2b1c19d20fbb3531cd26,543261,2026-07-15,copied,Ảnh SGK copy từ experiment 20260705; learning_material_id=LM-SGK-TIN7-0001; OCR Markdown v0 do Nguyên gửi đã được đăng ký trong ocr_text_manifest.csv và được dùng để build fragment/index truy xuất ở trạng thái draft; ảnh gốc vẫn là nguồn truy vết theo trang; chưa HNMU/UET xác nhận.
20260715_sgk_shared_copy,SGK,7,experiments/20260705_215045/source_scope/raw_page_images/SGK_TIN7/page_0068.png,shared/learning_resources/raw_page_images/sgk/tin_hoc_7/page_0068.png,8709f0f055927c6b5791f96f2f27248e2c49a5dc0c2945e597694d63e39ca28e,539984,2026-07-15,copied,Ảnh SGK copy từ experiment 20260705; learning_material_id=LM-SGK-TIN7-0001; OCR Markdown v0 do Nguyên gửi đã được đăng ký trong ocr_text_manifest.csv và được dùng để build fragment/index truy xuất ở trạng thái draft; ảnh gốc vẫn là nguồn truy vết theo trang; chưa HNMU/UET xác nhận.
20260715_sgk_shared_copy,SGK,7,experiments/20260705_215045/source_scope/raw_page_images/SGK_TIN7/page_0069.png,shared/learning_resources/raw_page_images/sgk/tin_hoc_7/page_0069.png,068c3365dfde8b50dcdeaa69ac5ccb3a2b9c735f6f661d1e9da4fc94047cfcc7,635498,2026-07-15,copied,Ảnh SGK copy từ experiment 20260705; learning_material_id=LM-SGK-TIN7-0001; OCR Markdown v0 do Nguyên gửi đã được đăng ký trong ocr_text_manifest.csv và được dùng để build fragment/index truy xuất ở trạng thái draft; ảnh gốc vẫn là nguồn truy vết theo trang; chưa HNMU/UET xác nhận.
20260715_sgk_shared_copy,SGK,7,experiments/20260705_215045/source_scope/raw_page_images/SGK_TIN7/page_0070.png,shared/learning_resources/raw_page_images/sgk/tin_hoc_7/page_0070.png,327b50313ffef30a7eea2f8d934b9ebab88db3ad5b65faf877893ad002707f7b,737705,2026-07-15,copied,Ảnh SGK copy từ experiment 20260705; learning_material_id=LM-SGK-TIN7-0001; OCR Markdown v0 do Nguyên gửi đã được đăng ký trong ocr_text_manifest.csv và được dùng để build fragment/index truy xuất ở trạng thái draft; ảnh gốc vẫn là nguồn truy vết theo trang; chưa HNMU/UET xác nhận.
20260715_sgk_shared_copy,SGK,7,experiments/20260705_215045/source_scope/raw_page_images/SGK_TIN7/page_0071.png,shared/learning_resources/raw_page_images/sgk/tin_hoc_7/page_0071.png,0454a032fd986c62a0797f8cc36e9bc9ebb61657bf795ae32596ca8130b5314d,561734,2026-07-15,copied,Ảnh SGK copy từ experiment 20260705; learning_material_id=LM-SGK-TIN7-0001; OCR Markdown v0 do Nguyên gửi đã được đăng ký trong ocr_text_manifest.csv và được dùng để build fragment/index truy xuất ở trạng thái draft; ảnh gốc vẫn là nguồn truy vết theo trang; chưa HNMU/UET xác nhận.
20260715_sgk_shared_copy,SGK,7,experiments/20260705_215045/source_scope/raw_page_images/SGK_TIN7/page_0072.png,shared/learning_resources/raw_page_images/sgk/tin_hoc_7/page_0072.png,e54afb5a46cbd665d98fa8c989b917241e818f05931a57b246534362c92ff8c9,703910,2026-07-15,copied,Ảnh SGK copy từ experiment 20260705; learning_material_id=LM-SGK-TIN7-0001; OCR Markdown v0 do Nguyên gửi đã được đăng ký trong ocr_text_manifest.csv và được dùng để build fragment/index truy xuất ở trạng thái draft; ảnh gốc vẫn là nguồn truy vết theo trang; chưa HNMU/UET xác nhận.
20260715_sgk_shared_copy,SGK,7,experiments/20260705_215045/source_scope/raw_page_images/SGK_TIN7/page_0073.png,shared/learning_resources/raw_page_images/sgk/tin_hoc_7/page_0073.png,5181e666b60182588289c8a7a6f3a33b700d3f94a3e1a1c0d49371ce0e13a4b8,492447,2026-07-15,copied,Ảnh SGK copy từ experiment 20260705; learning_material_id=LM-SGK-TIN7-0001; OCR Markdown v0 do Nguyên gửi đã được đăng ký trong ocr_text_manifest.csv và được dùng để build fragment/index truy xuất ở trạng thái draft; ảnh gốc vẫn là nguồn truy vết theo trang; chưa HNMU/UET xác nhận.
20260715_sgk_shared_copy,SGK,7,experiments/20260705_215045/source_scope/raw_page_images/SGK_TIN7/page_0074.png,shared/learning_resources/raw_page_images/sgk/tin_hoc_7/page_0074.png,0e48bf7408b295f438a6a1c54d5afecd6a4c0987b4e041036625d47d298422a4,660333,2026-07-15,copied,Ảnh SGK copy từ experiment 20260705; learning_material_id=LM-SGK-TIN7-0001; OCR Markdown v0 do Nguyên gửi đã được đăng ký trong ocr_text_manifest.csv và được dùng để build fragment/index truy xuất ở trạng thái draft; ảnh gốc vẫn là nguồn truy vết theo trang; chưa HNMU/UET xác nhận.
20260715_sgk_shared_copy,SGK,7,experiments/20260705_215045/source_scope/raw_page_images/SGK_TIN7/page_0075.png,shared/learning_resources/raw_page_images/sgk/tin_hoc_7/page_0075.png,e5b8ecbbea6757b92592aa2c958e351150b0d46573dd8b55c4925f8298c3ba2e,620243,2026-07-15,copied,Ảnh SGK copy từ experiment 20260705; learning_material_id=LM-SGK-TIN7-0001; OCR Markdown v0 do Nguyên gửi đã được đăng ký trong ocr_text_manifest.csv và được dùng để build fragment/index truy xuất ở trạng thái draft; ảnh gốc vẫn là nguồn truy vết theo trang; chưa HNMU/UET xác nhận.
20260715_sgk_shared_copy,SGK,7,experiments/20260705_215045/source_scope/raw_page_images/SGK_TIN7/page_0076.png,shared/learning_resources/raw_page_images/sgk/tin_hoc_7/page_0076.png,40abd8ee4ec363809d7a4c48386f43966f8ecbbd644f5317382176723989025d,376911,2026-07-15,copied,Ảnh SGK copy từ experiment 20260705; learning_material_id=LM-SGK-TIN7-0001; OCR Markdown v0 do Nguyên gửi đã được đăng ký trong ocr_text_manifest.csv và được dùng để build fragment/index truy xuất ở trạng thái draft; ảnh gốc vẫn là nguồn truy vết theo trang; chưa HNMU/UET xác nhận.
20260715_sgk_shared_copy,SGK,7,experiments/20260705_215045/source_scope/raw_page_images/SGK_TIN7/page_0077.png,shared/learning_resources/raw_page_images/sgk/tin_hoc_7/page_0077.png,b13791b223c449254f13c934836d3f236e7574f4756f522eedda78a1daa3b677,762737,2026-07-15,copied,Ảnh SGK copy từ experiment 20260705; learning_material_id=LM-SGK-TIN7-0001; OCR Markdown v0 do Nguyên gửi đã được đăng ký trong ocr_text_manifest.csv và được dùng để build fragment/index truy xuất ở trạng thái draft; ảnh gốc vẫn là nguồn truy vết theo trang; chưa HNMU/UET xác nhận.
20260715_sgk_shared_copy,SGK,7,experiments/20260705_215045/source_scope/raw_page_images/SGK_TIN7/page_0078.png,shared/learning_resources/raw_page_images/sgk/tin_hoc_7/page_0078.png,18b98ec3fe5852689a22e66b9a4231a50185618871336d4058314a61b47bc62c,600994,2026-07-15,copied,Ảnh SGK copy từ experiment 20260705; learning_material_id=LM-SGK-TIN7-0001; OCR Markdown v0 do Nguyên gửi đã được đăng ký trong ocr_text_manifest.csv và được dùng để build fragment/index truy xuất ở trạng thái draft; ảnh gốc vẫn là nguồn truy vết theo trang; chưa HNMU/UET xác nhận.
20260715_sgk_shared_copy,SGK,7,experiments/20260705_215045/source_scope/raw_page_images/SGK_TIN7/page_0079.png,shared/learning_resources/raw_page_images/sgk/tin_hoc_7/page_0079.png,7c0139442ce4f20d3be55b97f2a8301efde09a97accdaff87d49119b1a47a1ed,743142,2026-07-15,copied,Ảnh SGK copy từ experiment 20260705; learning_material_id=LM-SGK-TIN7-0001; OCR Markdown v0 do Nguyên gửi đã được đăng ký trong ocr_text_manifest.csv và được dùng để build fragment/index truy xuất ở trạng thái draft; ảnh gốc vẫn là nguồn truy vết theo trang; chưa HNMU/UET xác nhận.
20260715_sgk_shared_copy,SGK,7,experiments/20260705_215045/source_scope/raw_page_images/SGK_TIN7/page_0080.png,shared/learning_resources/raw_page_images/sgk/tin_hoc_7/page_0080.png,e531df1c9cd61e236586541bbd67d2cecda6ab93f84dba8a5615fde182d9ed27,409131,2026-07-15,copied,Ảnh SGK copy từ experiment 20260705; learning_material_id=LM-SGK-TIN7-0001; OCR Markdown v0 do Nguyên gửi đã được đăng ký trong ocr_text_manifest.csv và được dùng để build fragment/index truy xuất ở trạng thái draft; ảnh gốc vẫn là nguồn truy vết theo trang; chưa HNMU/UET xác nhận.
20260715_sgk_shared_copy,SGK,7,experiments/20260705_215045/source_scope/raw_page_images/SGK_TIN7/page_0081.png,shared/learning_resources/raw_page_images/sgk/tin_hoc_7/page_0081.png,c573098e7ab0d20aac904c516086b3717ecadc910a12e17fefbd72315d643cdf,690790,2026-07-15,copied,Ảnh SGK copy từ experiment 20260705; learning_material_id=LM-SGK-TIN7-0001; OCR Markdown v0 do Nguyên gửi đã được đăng ký trong ocr_text_manifest.csv và được dùng để build fragment/index truy xuất ở trạng thái draft; ảnh gốc vẫn là nguồn truy vết theo trang; chưa HNMU/UET xác nhận.
20260715_sgk_shared_copy,SGK,7,experiments/20260705_215045/source_scope/raw_page_images/SGK_TIN7/page_0082.png,shared/learning_resources/raw_page_images/sgk/tin_hoc_7/page_0082.png,425a7178980c1f1171eef37cd4e0614c93c8d1e2881585c1353dae489b95ebd2,577074,2026-07-15,copied,Ảnh SGK copy từ experiment 20260705; learning_material_id=LM-SGK-TIN7-0001; OCR Markdown v0 do Nguyên gửi đã được đăng ký trong ocr_text_manifest.csv và được dùng để build fragment/index truy xuất ở trạng thái draft; ảnh gốc vẫn là nguồn truy vết theo trang; chưa HNMU/UET xác nhận.
20260715_sgk_shared_copy,SGK,7,experiments/20260705_215045/source_scope/raw_page_images/SGK_TIN7/page_0083.png,shared/learning_resources/raw_page_images/sgk/tin_hoc_7/page_0083.png,ef3d908a7c0ecc468dd756ba3da8c8a1112d2fb86a057ab558caafd9de57067a,753648,2026-07-15,copied,Ảnh SGK copy từ experiment 20260705; learning_material_id=LM-SGK-TIN7-0001; OCR Markdown v0 do Nguyên gửi đã được đăng ký trong ocr_text_manifest.csv và được dùng để build fragment/index truy xuất ở trạng thái draft; ảnh gốc vẫn là nguồn truy vết theo trang; chưa HNMU/UET xác nhận.
20260715_sgk_shared_copy,SGK,7,experiments/20260705_215045/source_scope/raw_page_images/SGK_TIN7/page_0084.png,shared/learning_resources/raw_page_images/sgk/tin_hoc_7/page_0084.png,fef191fc0a6295662c725cb473c66cb6b61c247da44c6a468f7847922f28a4b1,602745,2026-07-15,copied,Ảnh SGK copy từ experiment 20260705; learning_material_id=LM-SGK-TIN7-0001; OCR Markdown v0 do Nguyên gửi đã được đăng ký trong ocr_text_manifest.csv và được dùng để build fragment/index truy xuất ở trạng thái draft; ảnh gốc vẫn là nguồn truy vết theo trang; chưa HNMU/UET xác nhận.
20260715_sgk_shared_copy,SGK,7,experiments/20260705_215045/source_scope/raw_page_images/SGK_TIN7/page_0085.png,shared/learning_resources/raw_page_images/sgk/tin_hoc_7/page_0085.png,f4dd6a856e3de9c9636b13f2d99c78c4a5e62b260b89935a849c9059ce921f4a,253743,2026-07-15,copied,Ảnh SGK copy từ experiment 20260705; learning_material_id=LM-SGK-TIN7-0001; OCR Markdown v0 do Nguyên gửi đã được đăng ký trong ocr_text_manifest.csv và được dùng để build fragment/index truy xuất ở trạng thái draft; ảnh gốc vẫn là nguồn truy vết theo trang; chưa HNMU/UET xác nhận.
20260715_sgk_shared_copy,SGK,7,experiments/20260705_215045/source_scope/raw_page_images/SGK_TIN7/page_0086.png,shared/learning_resources/raw_page_images/sgk/tin_hoc_7/page_0086.png,08478491bee2e1e52e16bd3d32b27dac0e4196fadd2b75aa44d7d225e8c0399a,732412,2026-07-15,copied,Ảnh SGK copy từ experiment 20260705; learning_material_id=LM-SGK-TIN7-0001; OCR Markdown v0 do Nguyên gửi đã được đăng ký trong ocr_text_manifest.csv và được dùng để build fragment/index truy xuất ở trạng thái draft; ảnh gốc vẫn là nguồn truy vết theo trang; chưa HNMU/UET xác nhận.
20260715_sgk_shared_copy,SGK,8,experiments/20260705_215045/source_scope/raw_page_images/SGK_TIN8/page_0001.png,shared/learning_resources/raw_page_images/sgk/tin_hoc_8/page_0001.png,230bde7aef64205e204b66f307b59234ad2d4354ffc45e240fa652b152662a1e,1381528,2026-07-15,copied,Ảnh SGK copy từ experiment 20260705; learning_material_id=LM-SGK-TIN8-0001; OCR Markdown v0 do Nguyên gửi đã được đăng ký trong ocr_text_manifest.csv và được dùng để build fragment/index truy xuất ở trạng thái draft; ảnh gốc vẫn là nguồn truy vết theo trang; chưa HNMU/UET xác nhận.
20260715_sgk_shared_copy,SGK,8,experiments/20260705_215045/source_scope/raw_page_images/SGK_TIN8/page_0002.png,shared/learning_resources/raw_page_images/sgk/tin_hoc_8/page_0002.png,7741b57bb4358c1946af8aec02fda119ffd9c1469b4c02ee9e15708a03198e84,179883,2026-07-15,copied,Ảnh SGK copy từ experiment 20260705; learning_material_id=LM-SGK-TIN8-0001; OCR Markdown v0 do Nguyên gửi đã được đăng ký trong ocr_text_manifest.csv và được dùng để build fragment/index truy xuất ở trạng thái draft; ảnh gốc vẫn là nguồn truy vết theo trang; chưa HNMU/UET xác nhận.
20260715_sgk_shared_copy,SGK,8,experiments/20260705_215045/source_scope/raw_page_images/SGK_TIN8/page_0003.png,shared/learning_resources/raw_page_images/sgk/tin_hoc_8/page_0003.png,7f169aaba39504f2d47d7d348b2375a06d74a4eff004098e7b295e7900169526,644151,2026-07-15,copied,Ảnh SGK copy từ experiment 20260705; learning_material_id=LM-SGK-TIN8-0001; OCR Markdown v0 do Nguyên gửi đã được đăng ký trong ocr_text_manifest.csv và được dùng để build fragment/index truy xuất ở trạng thái draft; ảnh gốc vẫn là nguồn truy vết theo trang; chưa HNMU/UET xác nhận.
20260715_sgk_shared_copy,SGK,8,experiments/20260705_215045/source_scope/raw_page_images/SGK_TIN8/page_0004.png,shared/learning_resources/raw_page_images/sgk/tin_hoc_8/page_0004.png,127acb7940c29226ab24ff6018defeaa5527d18989e3568a5d37b51e7313a5a4,555605,2026-07-15,copied,Ảnh SGK copy từ experiment 20260705; learning_material_id=LM-SGK-TIN8-0001; OCR Markdown v0 do Nguyên gửi đã được đăng ký trong ocr_text_manifest.csv và được dùng để build fragment/index truy xuất ở trạng thái draft; ảnh gốc vẫn là nguồn truy vết theo trang; chưa HNMU/UET xác nhận.
20260715_sgk_shared_copy,SGK,8,experiments/20260705_215045/source_scope/raw_page_images/SGK_TIN8/page_0005.png,shared/learning_resources/raw_page_images/sgk/tin_hoc_8/page_0005.png,b4a3cd54637cf818709eb7d49477e7631d060b834d6463128ad37749f74486cd,519401,2026-07-15,copied,Ảnh SGK copy từ experiment 20260705; learning_material_id=LM-SGK-TIN8-0001; OCR Markdown v0 do Nguyên gửi đã được đăng ký trong ocr_text_manifest.csv và được dùng để build fragment/index truy xuất ở trạng thái draft; ảnh gốc vẫn là nguồn truy vết theo trang; chưa HNMU/UET xác nhận.
20260715_sgk_shared_copy,SGK,8,experiments/20260705_215045/source_scope/raw_page_images/SGK_TIN8/page_0006.png,shared/learning_resources/raw_page_images/sgk/tin_hoc_8/page_0006.png,9fd5c98e097a95aa46087240488c34c0ce06a946a5f45a7501faf406acd065c4,752745,2026-07-15,copied,Ảnh SGK copy từ experiment 20260705; learning_material_id=LM-SGK-TIN8-0001; OCR Markdown v0 do Nguyên gửi đã được đăng ký trong ocr_text_manifest.csv và được dùng để build fragment/index truy xuất ở trạng thái draft; ảnh gốc vẫn là nguồn truy vết theo trang; chưa HNMU/UET xác nhận.
20260715_sgk_shared_copy,SGK,8,experiments/20260705_215045/source_scope/raw_page_images/SGK_TIN8/page_0007.png,shared/learning_resources/raw_page_images/sgk/tin_hoc_8/page_0007.png,4011432abfa352c2936437982957df68adb7bc7fa28ebe4549d80b5e5cddd789,724033,2026-07-15,copied,Ảnh SGK copy từ experiment 20260705; learning_material_id=LM-SGK-TIN8-0001; OCR Markdown v0 do Nguyên gửi đã được đăng ký trong ocr_text_manifest.csv và được dùng để build fragment/index truy xuất ở trạng thái draft; ảnh gốc vẫn là nguồn truy vết theo trang; chưa HNMU/UET xác nhận.
20260715_sgk_shared_copy,SGK,8,experiments/20260705_215045/source_scope/raw_page_images/SGK_TIN8/page_0008.png,shared/learning_resources/raw_page_images/sgk/tin_hoc_8/page_0008.png,3c4b324d33e4b8ff05d27f5f34b907ca847b8558b48ddd76b9a4f76c0570f439,760472,2026-07-15,copied,Ảnh SGK copy từ experiment 20260705; learning_material_id=LM-SGK-TIN8-0001; OCR Markdown v0 do Nguyên gửi đã được đăng ký trong ocr_text_manifest.csv và được dùng để build fragment/index truy xuất ở trạng thái draft; ảnh gốc vẫn là nguồn truy vết theo trang; chưa HNMU/UET xác nhận.
20260715_sgk_shared_copy,SGK,8,experiments/20260705_215045/source_scope/raw_page_images/SGK_TIN8/page_0009.png,shared/learning_resources/raw_page_images/sgk/tin_hoc_8/page_0009.png,44b547ecce5b32c4ceb49bea6b193f05ef8ef8e219868e1da2f351c1e81dc6bf,714219,2026-07-15,copied,Ảnh SGK copy từ experiment 20260705; learning_material_id=LM-SGK-TIN8-0001; OCR Markdown v0 do Nguyên gửi đã được đăng ký trong ocr_text_manifest.csv và được dùng để build fragment/index truy xuất ở trạng thái draft; ảnh gốc vẫn là nguồn truy vết theo trang; chưa HNMU/UET xác nhận.
20260715_sgk_shared_copy,SGK,8,experiments/20260705_215045/source_scope/raw_page_images/SGK_TIN8/page_0010.png,shared/learning_resources/raw_page_images/sgk/tin_hoc_8/page_0010.png,6a5c7888e777bf16dcdb0c143d0d003a6de859bddf07c2ebd3f32c44cdf64cbb,688819,2026-07-15,copied,Ảnh SGK copy từ experiment 20260705; learning_material_id=LM-SGK-TIN8-0001; OCR Markdown v0 do Nguyên gửi đã được đăng ký trong ocr_text_manifest.csv và được dùng để build fragment/index truy xuất ở trạng thái draft; ảnh gốc vẫn là nguồn truy vết theo trang; chưa HNMU/UET xác nhận.
20260715_sgk_shared_copy,SGK,8,experiments/20260705_215045/source_scope/raw_page_images/SGK_TIN8/page_0011.png,shared/learning_resources/raw_page_images/sgk/tin_hoc_8/page_0011.png,cba71ed9612cfcf724cde2b7f2c324b6040c232a101b2529608266e99dd77b11,701249,2026-07-15,copied,Ảnh SGK copy từ experiment 20260705; learning_material_id=LM-SGK-TIN8-0001; OCR Markdown v0 do Nguyên gửi đã được đăng ký trong ocr_text_manifest.csv và được dùng để build fragment/index truy xuất ở trạng thái draft; ảnh gốc vẫn là nguồn truy vết theo trang; chưa HNMU/UET xác nhận.
20260715_sgk_shared_copy,SGK,8,experiments/20260705_215045/source_scope/raw_page_images/SGK_TIN8/page_0012.png,shared/learning_resources/raw_page_images/sgk/tin_hoc_8/page_0012.png,95e4938f00097c2e6e3d92d172ed5b297773ea7e23462a9e3ac5eb788b5fefe2,676444,2026-07-15,copied,Ảnh SGK copy từ experiment 20260705; learning_material_id=LM-SGK-TIN8-0001; OCR Markdown v0 do Nguyên gửi đã được đăng ký trong ocr_text_manifest.csv và được dùng để build fragment/index truy xuất ở trạng thái draft; ảnh gốc vẫn là nguồn truy vết theo trang; chưa HNMU/UET xác nhận.
20260715_sgk_shared_copy,SGK,8,experiments/20260705_215045/source_scope/raw_page_images/SGK_TIN8/page_0013.png,shared/learning_resources/raw_page_images/sgk/tin_hoc_8/page_0013.png,8682a6bc1d001e26fdf1d822596899896cc2a510dea41e8fb01b5585fedb1ebb,742658,2026-07-15,copied,Ảnh SGK copy từ experiment 20260705; learning_material_id=LM-SGK-TIN8-0001; OCR Markdown v0 do Nguyên gửi đã được đăng ký trong ocr_text_manifest.csv và được dùng để build fragment/index truy xuất ở trạng thái draft; ảnh gốc vẫn là nguồn truy vết theo trang; chưa HNMU/UET xác nhận.
20260715_sgk_shared_copy,SGK,8,experiments/20260705_215045/source_scope/raw_page_images/SGK_TIN8/page_0014.png,shared/learning_resources/raw_page_images/sgk/tin_hoc_8/page_0014.png,93ca84e3b120d22eeb2b51c154a581efec2adb5a15e858f6419392c403ceac84,554067,2026-07-15,copied,Ảnh SGK copy từ experiment 20260705; learning_material_id=LM-SGK-TIN8-0001; OCR Markdown v0 do Nguyên gửi đã được đăng ký trong ocr_text_manifest.csv và được dùng để build fragment/index truy xuất ở trạng thái draft; ảnh gốc vẫn là nguồn truy vết theo trang; chưa HNMU/UET xác nhận.
20260715_sgk_shared_copy,SGK,8,experiments/20260705_215045/source_scope/raw_page_images/SGK_TIN8/page_0015.png,shared/learning_resources/raw_page_images/sgk/tin_hoc_8/page_0015.png,4f5a03592ff2600c54bd706bb6bde4e4e32916e02174f9cca7fa58d967d7f89d,624420,2026-07-15,copied,Ảnh SGK copy từ experiment 20260705; learning_material_id=LM-SGK-TIN8-0001; OCR Markdown v0 do Nguyên gửi đã được đăng ký trong ocr_text_manifest.csv và được dùng để build fragment/index truy xuất ở trạng thái draft; ảnh gốc vẫn là nguồn truy vết theo trang; chưa HNMU/UET xác nhận.
20260715_sgk_shared_copy,SGK,8,experiments/20260705_215045/source_scope/raw_page_images/SGK_TIN8/page_0016.png,shared/learning_resources/raw_page_images/sgk/tin_hoc_8/page_0016.png,8c05fcc39e8e72723184bf938cdadd62a6dacae9ad61aba986076e37bf46ec64,538423,2026-07-15,copied,Ảnh SGK copy từ experiment 20260705; learning_material_id=LM-SGK-TIN8-0001; OCR Markdown v0 do Nguyên gửi đã được đăng ký trong ocr_text_manifest.csv và được dùng để build fragment/index truy xuất ở trạng thái draft; ảnh gốc vẫn là nguồn truy vết theo trang; chưa HNMU/UET xác nhận.
20260715_sgk_shared_copy,SGK,8,experiments/20260705_215045/source_scope/raw_page_images/SGK_TIN8/page_0017.png,shared/learning_resources/raw_page_images/sgk/tin_hoc_8/page_0017.png,c56009f2b331cc762b69ce7e3c3a2154245627b17efccac5bb081af9f9af61a0,461655,2026-07-15,copied,Ảnh SGK copy từ experiment 20260705; learning_material_id=LM-SGK-TIN8-0001; OCR Markdown v0 do Nguyên gửi đã được đăng ký trong ocr_text_manifest.csv và được dùng để build fragment/index truy xuất ở trạng thái draft; ảnh gốc vẫn là nguồn truy vết theo trang; chưa HNMU/UET xác nhận.
20260715_sgk_shared_copy,SGK,8,experiments/20260705_215045/source_scope/raw_page_images/SGK_TIN8/page_0018.png,shared/learning_resources/raw_page_images/sgk/tin_hoc_8/page_0018.png,02754ae7c37fddec991221a91c0ae74d49e772b292c1fc73eb641d342782e67b,412393,2026-07-15,copied,Ảnh SGK copy từ experiment 20260705; learning_material_id=LM-SGK-TIN8-0001; OCR Markdown v0 do Nguyên gửi đã được đăng ký trong ocr_text_manifest.csv và được dùng để build fragment/index truy xuất ở trạng thái draft; ảnh gốc vẫn là nguồn truy vết theo trang; chưa HNMU/UET xác nhận.
20260715_sgk_shared_copy,SGK,8,experiments/20260705_215045/source_scope/raw_page_images/SGK_TIN8/page_0019.png,shared/learning_resources/raw_page_images/sgk/tin_hoc_8/page_0019.png,0b36359836fe1ec32e789e28b933e16ba0e04e83323454b27a6aabbe6bacfa23,1125822,2026-07-15,copied,Ảnh SGK copy từ experiment 20260705; learning_material_id=LM-SGK-TIN8-0001; OCR Markdown v0 do Nguyên gửi đã được đăng ký trong ocr_text_manifest.csv và được dùng để build fragment/index truy xuất ở trạng thái draft; ảnh gốc vẫn là nguồn truy vết theo trang; chưa HNMU/UET xác nhận.
20260715_sgk_shared_copy,SGK,8,experiments/20260705_215045/source_scope/raw_page_images/SGK_TIN8/page_0020.png,shared/learning_resources/raw_page_images/sgk/tin_hoc_8/page_0020.png,f4575abdc0e56c26ba803fe6edb99342cb9a164eb0f9f77dc1fc5af3599131b8,749940,2026-07-15,copied,Ảnh SGK copy từ experiment 20260705; learning_material_id=LM-SGK-TIN8-0001; OCR Markdown v0 do Nguyên gửi đã được đăng ký trong ocr_text_manifest.csv và được dùng để build fragment/index truy xuất ở trạng thái draft; ảnh gốc vẫn là nguồn truy vết theo trang; chưa HNMU/UET xác nhận.
20260715_sgk_shared_copy,SGK,8,experiments/20260705_215045/source_scope/raw_page_images/SGK_TIN8/page_0021.png,shared/learning_resources/raw_page_images/sgk/tin_hoc_8/page_0021.png,5059096f4b512fa1db40e5c6199a28ec5f10c6b55a10d61337fc9be3820e14cd,707288,2026-07-15,copied,Ảnh SGK copy từ experiment 20260705; learning_material_id=LM-SGK-TIN8-0001; OCR Markdown v0 do Nguyên gửi đã được đăng ký trong ocr_text_manifest.csv và được dùng để build fragment/index truy xuất ở trạng thái draft; ảnh gốc vẫn là nguồn truy vết theo trang; chưa HNMU/UET xác nhận.
20260715_sgk_shared_copy,SGK,8,experiments/20260705_215045/source_scope/raw_page_images/SGK_TIN8/page_0022.png,shared/learning_resources/raw_page_images/sgk/tin_hoc_8/page_0022.png,09a5a6f63a5d4cc99fcbe3bec884e2aa635f0508a8ec92d23b528620e2ab5f9a,626121,2026-07-15,copied,Ảnh SGK copy từ experiment 20260705; learning_material_id=LM-SGK-TIN8-0001; OCR Markdown v0 do Nguyên gửi đã được đăng ký trong ocr_text_manifest.csv và được dùng để build fragment/index truy xuất ở trạng thái draft; ảnh gốc vẫn là nguồn truy vết theo trang; chưa HNMU/UET xác nhận.
20260715_sgk_shared_copy,SGK,8,experiments/20260705_215045/source_scope/raw_page_images/SGK_TIN8/page_0023.png,shared/learning_resources/raw_page_images/sgk/tin_hoc_8/page_0023.png,aee53ffcb0feab04dfdd84905f1d1ecde3958a8e34484f19d5c9189083d27e07,735600,2026-07-15,copied,Ảnh SGK copy từ experiment 20260705; learning_material_id=LM-SGK-TIN8-0001; OCR Markdown v0 do Nguyên gửi đã được đăng ký trong ocr_text_manifest.csv và được dùng để build fragment/index truy xuất ở trạng thái draft; ảnh gốc vẫn là nguồn truy vết theo trang; chưa HNMU/UET xác nhận.
20260715_sgk_shared_copy,SGK,8,experiments/20260705_215045/source_scope/raw_page_images/SGK_TIN8/page_0024.png,shared/learning_resources/raw_page_images/sgk/tin_hoc_8/page_0024.png,1b9318a3b4df283a1d693c6e5a7d6dadeae9e889d88dea46eb0be432a6fba877,775012,2026-07-15,copied,Ảnh SGK copy từ experiment 20260705; learning_material_id=LM-SGK-TIN8-0001; OCR Markdown v0 do Nguyên gửi đã được đăng ký trong ocr_text_manifest.csv và được dùng để build fragment/index truy xuất ở trạng thái draft; ảnh gốc vẫn là nguồn truy vết theo trang; chưa HNMU/UET xác nhận.
20260715_sgk_shared_copy,SGK,8,experiments/20260705_215045/source_scope/raw_page_images/SGK_TIN8/page_0025.png,shared/learning_resources/raw_page_images/sgk/tin_hoc_8/page_0025.png,de8a1ba51b281166e93468ba66391c9e111ea08288d9672c5f2d7ff83926c5cb,553508,2026-07-15,copied,Ảnh SGK copy từ experiment 20260705; learning_material_id=LM-SGK-TIN8-0001; OCR Markdown v0 do Nguyên gửi đã được đăng ký trong ocr_text_manifest.csv và được dùng để build fragment/index truy xuất ở trạng thái draft; ảnh gốc vẫn là nguồn truy vết theo trang; chưa HNMU/UET xác nhận.
20260715_sgk_shared_copy,SGK,8,experiments/20260705_215045/source_scope/raw_page_images/SGK_TIN8/page_0026.png,shared/learning_resources/raw_page_images/sgk/tin_hoc_8/page_0026.png,ecfe777361e5d430792e98916699d2e79110056d5f9e1c2974d0f41aa7e4d2ea,635370,2026-07-15,copied,Ảnh SGK copy từ experiment 20260705; learning_material_id=LM-SGK-TIN8-0001; OCR Markdown v0 do Nguyên gửi đã được đăng ký trong ocr_text_manifest.csv và được dùng để build fragment/index truy xuất ở trạng thái draft; ảnh gốc vẫn là nguồn truy vết theo trang; chưa HNMU/UET xác nhận.
20260715_sgk_shared_copy,SGK,8,experiments/20260705_215045/source_scope/raw_page_images/SGK_TIN8/page_0027.png,shared/learning_resources/raw_page_images/sgk/tin_hoc_8/page_0027.png,65ad10a357ba5f51fec5f9b1fa01b12eca9283a485268716a754a21fcbcb1a59,562601,2026-07-15,copied,Ảnh SGK copy từ experiment 20260705; learning_material_id=LM-SGK-TIN8-0001; OCR Markdown v0 do Nguyên gửi đã được đăng ký trong ocr_text_manifest.csv và được dùng để build fragment/index truy xuất ở trạng thái draft; ảnh gốc vẫn là nguồn truy vết theo trang; chưa HNMU/UET xác nhận.
20260715_sgk_shared_copy,SGK,8,experiments/20260705_215045/source_scope/raw_page_images/SGK_TIN8/page_0028.png,shared/learning_resources/raw_page_images/sgk/tin_hoc_8/page_0028.png,4ee55e80682ab9d1ccecce2cb035efc495017a09c5672a9b841e29cc053391a5,686985,2026-07-15,copied,Ảnh SGK copy từ experiment 20260705; learning_material_id=LM-SGK-TIN8-0001; OCR Markdown v0 do Nguyên gửi đã được đăng ký trong ocr_text_manifest.csv và được dùng để build fragment/index truy xuất ở trạng thái draft; ảnh gốc vẫn là nguồn truy vết theo trang; chưa HNMU/UET xác nhận.
20260715_sgk_shared_copy,SGK,8,experiments/20260705_215045/source_scope/raw_page_images/SGK_TIN8/page_0029.png,shared/learning_resources/raw_page_images/sgk/tin_hoc_8/page_0029.png,80ae819183c87195c6ef305607824e3bc50dfdf88220131babc8be928565c15a,672064,2026-07-15,copied,Ảnh SGK copy từ experiment 20260705; learning_material_id=LM-SGK-TIN8-0001; OCR Markdown v0 do Nguyên gửi đã được đăng ký trong ocr_text_manifest.csv và được dùng để build fragment/index truy xuất ở trạng thái draft; ảnh gốc vẫn là nguồn truy vết theo trang; chưa HNMU/UET xác nhận.
20260715_sgk_shared_copy,SGK,8,experiments/20260705_215045/source_scope/raw_page_images/SGK_TIN8/page_0030.png,shared/learning_resources/raw_page_images/sgk/tin_hoc_8/page_0030.png,e74f1b6524953b2cd350dc539254d480e8a562810a7f5af4cccb061d12e34682,590400,2026-07-15,copied,Ảnh SGK copy từ experiment 20260705; learning_material_id=LM-SGK-TIN8-0001; OCR Markdown v0 do Nguyên gửi đã được đăng ký trong ocr_text_manifest.csv và được dùng để build fragment/index truy xuất ở trạng thái draft; ảnh gốc vẫn là nguồn truy vết theo trang; chưa HNMU/UET xác nhận.
20260715_sgk_shared_copy,SGK,8,experiments/20260705_215045/source_scope/raw_page_images/SGK_TIN8/page_0031.png,shared/learning_resources/raw_page_images/sgk/tin_hoc_8/page_0031.png,aa0afd9703d84010f7a688a1e3b723d91e6a1752f6c575e622d50515d7fccc76,898256,2026-07-15,copied,Ảnh SGK copy từ experiment 20260705; learning_material_id=LM-SGK-TIN8-0001; OCR Markdown v0 do Nguyên gửi đã được đăng ký trong ocr_text_manifest.csv và được dùng để build fragment/index truy xuất ở trạng thái draft; ảnh gốc vẫn là nguồn truy vết theo trang; chưa HNMU/UET xác nhận.
20260715_sgk_shared_copy,SGK,8,experiments/20260705_215045/source_scope/raw_page_images/SGK_TIN8/page_0032.png,shared/learning_resources/raw_page_images/sgk/tin_hoc_8/page_0032.png,66cd09d32a8aabad2dd080286b8c3db303180d28ae83da0fc5a14c17f4471602,627071,2026-07-15,copied,Ảnh SGK copy từ experiment 20260705; learning_material_id=LM-SGK-TIN8-0001; OCR Markdown v0 do Nguyên gửi đã được đăng ký trong ocr_text_manifest.csv và được dùng để build fragment/index truy xuất ở trạng thái draft; ảnh gốc vẫn là nguồn truy vết theo trang; chưa HNMU/UET xác nhận.
20260715_sgk_shared_copy,SGK,8,experiments/20260705_215045/source_scope/raw_page_images/SGK_TIN8/page_0033.png,shared/learning_resources/raw_page_images/sgk/tin_hoc_8/page_0033.png,996e0cd1297339527e3a507a7438eb5c61bed203254101b4b99e257b413ff829,518925,2026-07-15,copied,Ảnh SGK copy từ experiment 20260705; learning_material_id=LM-SGK-TIN8-0001; OCR Markdown v0 do Nguyên gửi đã được đăng ký trong ocr_text_manifest.csv và được dùng để build fragment/index truy xuất ở trạng thái draft; ảnh gốc vẫn là nguồn truy vết theo trang; chưa HNMU/UET xác nhận.
20260715_sgk_shared_copy,SGK,8,experiments/20260705_215045/source_scope/raw_page_images/SGK_TIN8/page_0034.png,shared/learning_resources/raw_page_images/sgk/tin_hoc_8/page_0034.png,c52b8077b422041986472809ea970dd4b3124c84b2286dff16a93b7a803a5096,578880,2026-07-15,copied,Ảnh SGK copy từ experiment 20260705; learning_material_id=LM-SGK-TIN8-0001; OCR Markdown v0 do Nguyên gửi đã được đăng ký trong ocr_text_manifest.csv và được dùng để build fragment/index truy xuất ở trạng thái draft; ảnh gốc vẫn là nguồn truy vết theo trang; chưa HNMU/UET xác nhận.
20260715_sgk_shared_copy,SGK,8,experiments/20260705_215045/source_scope/raw_page_images/SGK_TIN8/page_0035.png,shared/learning_resources/raw_page_images/sgk/tin_hoc_8/page_0035.png,ff14821afe149c75ab2408e79439a63a27d22be256e8a600193d0330c7267090,422491,2026-07-15,copied,Ảnh SGK copy từ experiment 20260705; learning_material_id=LM-SGK-TIN8-0001; OCR Markdown v0 do Nguyên gửi đã được đăng ký trong ocr_text_manifest.csv và được dùng để build fragment/index truy xuất ở trạng thái draft; ảnh gốc vẫn là nguồn truy vết theo trang; chưa HNMU/UET xác nhận.
20260715_sgk_shared_copy,SGK,8,experiments/20260705_215045/source_scope/raw_page_images/SGK_TIN8/page_0036.png,shared/learning_resources/raw_page_images/sgk/tin_hoc_8/page_0036.png,5f1b9b1209a7faf7d93beefe2c24645591060b0cf72ffd9911581bfd214b98bb,519710,2026-07-15,copied,Ảnh SGK copy từ experiment 20260705; learning_material_id=LM-SGK-TIN8-0001; OCR Markdown v0 do Nguyên gửi đã được đăng ký trong ocr_text_manifest.csv và được dùng để build fragment/index truy xuất ở trạng thái draft; ảnh gốc vẫn là nguồn truy vết theo trang; chưa HNMU/UET xác nhận.
20260715_sgk_shared_copy,SGK,8,experiments/20260705_215045/source_scope/raw_page_images/SGK_TIN8/page_0037.png,shared/learning_resources/raw_page_images/sgk/tin_hoc_8/page_0037.png,04493b2cfb7eb4bcac6c0aa32faf8109b63e81adb0181c3fd01f4f9154f633a8,597709,2026-07-15,copied,Ảnh SGK copy từ experiment 20260705; learning_material_id=LM-SGK-TIN8-0001; OCR Markdown v0 do Nguyên gửi đã được đăng ký trong ocr_text_manifest.csv và được dùng để build fragment/index truy xuất ở trạng thái draft; ảnh gốc vẫn là nguồn truy vết theo trang; chưa HNMU/UET xác nhận.
20260715_sgk_shared_copy,SGK,8,experiments/20260705_215045/source_scope/raw_page_images/SGK_TIN8/page_0038.png,shared/learning_resources/raw_page_images/sgk/tin_hoc_8/page_0038.png,ce14aedc3247a1f2176a51872404f94e921f1f182392033afdf74f1079241dbb,919368,2026-07-15,copied,Ảnh SGK copy từ experiment 20260705; learning_material_id=LM-SGK-TIN8-0001; OCR Markdown v0 do Nguyên gửi đã được đăng ký trong ocr_text_manifest.csv và được dùng để build fragment/index truy xuất ở trạng thái draft; ảnh gốc vẫn là nguồn truy vết theo trang; chưa HNMU/UET xác nhận.
20260715_sgk_shared_copy,SGK,8,experiments/20260705_215045/source_scope/raw_page_images/SGK_TIN8/page_0039.png,shared/learning_resources/raw_page_images/sgk/tin_hoc_8/page_0039.png,a3001d85ed82edb313f1883b4e66cafe986b7b5f0fe210456d925e075a3d6fc1,629926,2026-07-15,copied,Ảnh SGK copy từ experiment 20260705; learning_material_id=LM-SGK-TIN8-0001; OCR Markdown v0 do Nguyên gửi đã được đăng ký trong ocr_text_manifest.csv và được dùng để build fragment/index truy xuất ở trạng thái draft; ảnh gốc vẫn là nguồn truy vết theo trang; chưa HNMU/UET xác nhận.
20260715_sgk_shared_copy,SGK,8,experiments/20260705_215045/source_scope/raw_page_images/SGK_TIN8/page_0040.png,shared/learning_resources/raw_page_images/sgk/tin_hoc_8/page_0040.png,2a3cf7deb9854d4e75120d7e12a1cc2fc583c9954c5110bdbe944fa7bc535761,599707,2026-07-15,copied,Ảnh SGK copy từ experiment 20260705; learning_material_id=LM-SGK-TIN8-0001; OCR Markdown v0 do Nguyên gửi đã được đăng ký trong ocr_text_manifest.csv và được dùng để build fragment/index truy xuất ở trạng thái draft; ảnh gốc vẫn là nguồn truy vết theo trang; chưa HNMU/UET xác nhận.
20260715_sgk_shared_copy,SGK,8,experiments/20260705_215045/source_scope/raw_page_images/SGK_TIN8/page_0041.png,shared/learning_resources/raw_page_images/sgk/tin_hoc_8/page_0041.png,60c44b35aa9c7d8d005229686c9c6215e8df2777bb2d512fda47c8360befcf1b,592892,2026-07-15,copied,Ảnh SGK copy từ experiment 20260705; learning_material_id=LM-SGK-TIN8-0001; OCR Markdown v0 do Nguyên gửi đã được đăng ký trong ocr_text_manifest.csv và được dùng để build fragment/index truy xuất ở trạng thái draft; ảnh gốc vẫn là nguồn truy vết theo trang; chưa HNMU/UET xác nhận.
20260715_sgk_shared_copy,SGK,8,experiments/20260705_215045/source_scope/raw_page_images/SGK_TIN8/page_0042.png,shared/learning_resources/raw_page_images/sgk/tin_hoc_8/page_0042.png,bc964230f64f9949f1ee43b65f0b648199ea59f6fb41d93382182c3f1f5e8efa,581048,2026-07-15,copied,Ảnh SGK copy từ experiment 20260705; learning_material_id=LM-SGK-TIN8-0001; OCR Markdown v0 do Nguyên gửi đã được đăng ký trong ocr_text_manifest.csv và được dùng để build fragment/index truy xuất ở trạng thái draft; ảnh gốc vẫn là nguồn truy vết theo trang; chưa HNMU/UET xác nhận.
20260715_sgk_shared_copy,SGK,8,experiments/20260705_215045/source_scope/raw_page_images/SGK_TIN8/page_0043.png,shared/learning_resources/raw_page_images/sgk/tin_hoc_8/page_0043.png,f56cbae2c4ed6d6a807f9bb167a00bd7584c9964f75b0f73d8dbca5700cc1cb3,724779,2026-07-15,copied,Ảnh SGK copy từ experiment 20260705; learning_material_id=LM-SGK-TIN8-0001; OCR Markdown v0 do Nguyên gửi đã được đăng ký trong ocr_text_manifest.csv và được dùng để build fragment/index truy xuất ở trạng thái draft; ảnh gốc vẫn là nguồn truy vết theo trang; chưa HNMU/UET xác nhận.
20260715_sgk_shared_copy,SGK,8,experiments/20260705_215045/source_scope/raw_page_images/SGK_TIN8/page_0044.png,shared/learning_resources/raw_page_images/sgk/tin_hoc_8/page_0044.png,498e39c755eb7d136d5aa576ff35d465e079b10e4600767b60b8eeed63541092,681121,2026-07-15,copied,Ảnh SGK copy từ experiment 20260705; learning_material_id=LM-SGK-TIN8-0001; OCR Markdown v0 do Nguyên gửi đã được đăng ký trong ocr_text_manifest.csv và được dùng để build fragment/index truy xuất ở trạng thái draft; ảnh gốc vẫn là nguồn truy vết theo trang; chưa HNMU/UET xác nhận.
20260715_sgk_shared_copy,SGK,8,experiments/20260705_215045/source_scope/raw_page_images/SGK_TIN8/page_0045.png,shared/learning_resources/raw_page_images/sgk/tin_hoc_8/page_0045.png,29cfbcf37d9d0bb7d18c47ecf463a55487b7ca287a4ce6c4c35c55c33d444208,480073,2026-07-15,copied,Ảnh SGK copy từ experiment 20260705; learning_material_id=LM-SGK-TIN8-0001; OCR Markdown v0 do Nguyên gửi đã được đăng ký trong ocr_text_manifest.csv và được dùng để build fragment/index truy xuất ở trạng thái draft; ảnh gốc vẫn là nguồn truy vết theo trang; chưa HNMU/UET xác nhận.
20260715_sgk_shared_copy,SGK,8,experiments/20260705_215045/source_scope/raw_page_images/SGK_TIN8/page_0046.png,shared/learning_resources/raw_page_images/sgk/tin_hoc_8/page_0046.png,879248323270058d2dd4461d2bbce3ff721cdafa934dec2a189eea8d55a91a1f,407566,2026-07-15,copied,Ảnh SGK copy từ experiment 20260705; learning_material_id=LM-SGK-TIN8-0001; OCR Markdown v0 do Nguyên gửi đã được đăng ký trong ocr_text_manifest.csv và được dùng để build fragment/index truy xuất ở trạng thái draft; ảnh gốc vẫn là nguồn truy vết theo trang; chưa HNMU/UET xác nhận.
20260715_sgk_shared_copy,SGK,8,experiments/20260705_215045/source_scope/raw_page_images/SGK_TIN8/page_0047.png,shared/learning_resources/raw_page_images/sgk/tin_hoc_8/page_0047.png,bbdc8b269e7ca46c0244bc96e9c1e6a96b340639bae041a3966ed49d52271d61,1089649,2026-07-15,copied,Ảnh SGK copy từ experiment 20260705; learning_material_id=LM-SGK-TIN8-0001; OCR Markdown v0 do Nguyên gửi đã được đăng ký trong ocr_text_manifest.csv và được dùng để build fragment/index truy xuất ở trạng thái draft; ảnh gốc vẫn là nguồn truy vết theo trang; chưa HNMU/UET xác nhận.
20260715_sgk_shared_copy,SGK,8,experiments/20260705_215045/source_scope/raw_page_images/SGK_TIN8/page_0048.png,shared/learning_resources/raw_page_images/sgk/tin_hoc_8/page_0048.png,2aab41e8bfefc8096711868b8d3e8febf7ef996a1b9fbbc432a09df7bdc47708,708775,2026-07-15,copied,Ảnh SGK copy từ experiment 20260705; learning_material_id=LM-SGK-TIN8-0001; OCR Markdown v0 do Nguyên gửi đã được đăng ký trong ocr_text_manifest.csv và được dùng để build fragment/index truy xuất ở trạng thái draft; ảnh gốc vẫn là nguồn truy vết theo trang; chưa HNMU/UET xác nhận.
20260715_sgk_shared_copy,SGK,8,experiments/20260705_215045/source_scope/raw_page_images/SGK_TIN8/page_0049.png,shared/learning_resources/raw_page_images/sgk/tin_hoc_8/page_0049.png,7b4573d1e0b39c0655ea93d17db0fc9943d8471fa7ec353cc958e7136eaaa0c7,887863,2026-07-15,copied,Ảnh SGK copy từ experiment 20260705; learning_material_id=LM-SGK-TIN8-0001; OCR Markdown v0 do Nguyên gửi đã được đăng ký trong ocr_text_manifest.csv và được dùng để build fragment/index truy xuất ở trạng thái draft; ảnh gốc vẫn là nguồn truy vết theo trang; chưa HNMU/UET xác nhận.
20260715_sgk_shared_copy,SGK,8,experiments/20260705_215045/source_scope/raw_page_images/SGK_TIN8/page_0050.png,shared/learning_resources/raw_page_images/sgk/tin_hoc_8/page_0050.png,d02477660082101aadc9d2d3fbdf33fc1f0554df7703804ce38cf740d15902b2,440245,2026-07-15,copied,Ảnh SGK copy từ experiment 20260705; learning_material_id=LM-SGK-TIN8-0001; OCR Markdown v0 do Nguyên gửi đã được đăng ký trong ocr_text_manifest.csv và được dùng để build fragment/index truy xuất ở trạng thái draft; ảnh gốc vẫn là nguồn truy vết theo trang; chưa HNMU/UET xác nhận.
20260715_sgk_shared_copy,SGK,8,experiments/20260705_215045/source_scope/raw_page_images/SGK_TIN8/page_0051.png,shared/learning_resources/raw_page_images/sgk/tin_hoc_8/page_0051.png,5264879c6b4d107cf6bac8a25fccf6c68cda9978b993d8752cdddc6f0de29a02,600728,2026-07-15,copied,Ảnh SGK copy từ experiment 20260705; learning_material_id=LM-SGK-TIN8-0001; OCR Markdown v0 do Nguyên gửi đã được đăng ký trong ocr_text_manifest.csv và được dùng để build fragment/index truy xuất ở trạng thái draft; ảnh gốc vẫn là nguồn truy vết theo trang; chưa HNMU/UET xác nhận.
20260715_sgk_shared_copy,SGK,8,experiments/20260705_215045/source_scope/raw_page_images/SGK_TIN8/page_0052.png,shared/learning_resources/raw_page_images/sgk/tin_hoc_8/page_0052.png,81d6430055e34768993e6edcb3baa6a1879fae3fa44f20f1a3da7956565e92b9,745066,2026-07-15,copied,Ảnh SGK copy từ experiment 20260705; learning_material_id=LM-SGK-TIN8-0001; OCR Markdown v0 do Nguyên gửi đã được đăng ký trong ocr_text_manifest.csv và được dùng để build fragment/index truy xuất ở trạng thái draft; ảnh gốc vẫn là nguồn truy vết theo trang; chưa HNMU/UET xác nhận.
20260715_sgk_shared_copy,SGK,8,experiments/20260705_215045/source_scope/raw_page_images/SGK_TIN8/page_0053.png,shared/learning_resources/raw_page_images/sgk/tin_hoc_8/page_0053.png,dd2907f4b35bae8d6ded5da16bb1e5ebcb56fb5597b21ba1df1451e6fa30d55b,1000116,2026-07-15,copied,Ảnh SGK copy từ experiment 20260705; learning_material_id=LM-SGK-TIN8-0001; OCR Markdown v0 do Nguyên gửi đã được đăng ký trong ocr_text_manifest.csv và được dùng để build fragment/index truy xuất ở trạng thái draft; ảnh gốc vẫn là nguồn truy vết theo trang; chưa HNMU/UET xác nhận.
20260715_sgk_shared_copy,SGK,8,experiments/20260705_215045/source_scope/raw_page_images/SGK_TIN8/page_0054.png,shared/learning_resources/raw_page_images/sgk/tin_hoc_8/page_0054.png,4faa583208fb3b898a5344d88bbf16f14a52fd55291f9b67fe1ac1a2a8a8c8c5,583305,2026-07-15,copied,Ảnh SGK copy từ experiment 20260705; learning_material_id=LM-SGK-TIN8-0001; OCR Markdown v0 do Nguyên gửi đã được đăng ký trong ocr_text_manifest.csv và được dùng để build fragment/index truy xuất ở trạng thái draft; ảnh gốc vẫn là nguồn truy vết theo trang; chưa HNMU/UET xác nhận.
20260715_sgk_shared_copy,SGK,8,experiments/20260705_215045/source_scope/raw_page_images/SGK_TIN8/page_0055.png,shared/learning_resources/raw_page_images/sgk/tin_hoc_8/page_0055.png,8ad3bf128e6c294b8ae0a3a151453ea612a1b61cc76a09ff85a93ac487a6b63b,604936,2026-07-15,copied,Ảnh SGK copy từ experiment 20260705; learning_material_id=LM-SGK-TIN8-0001; OCR Markdown v0 do Nguyên gửi đã được đăng ký trong ocr_text_manifest.csv và được dùng để build fragment/index truy xuất ở trạng thái draft; ảnh gốc vẫn là nguồn truy vết theo trang; chưa HNMU/UET xác nhận.
20260715_sgk_shared_copy,SGK,8,experiments/20260705_215045/source_scope/raw_page_images/SGK_TIN8/page_0056.png,shared/learning_resources/raw_page_images/sgk/tin_hoc_8/page_0056.png,e03163a97b7e594c49cddbecaaa768a470fdb8995f5c1bd06307eb7d6eb75912,527261,2026-07-15,copied,Ảnh SGK copy từ experiment 20260705; learning_material_id=LM-SGK-TIN8-0001; OCR Markdown v0 do Nguyên gửi đã được đăng ký trong ocr_text_manifest.csv và được dùng để build fragment/index truy xuất ở trạng thái draft; ảnh gốc vẫn là nguồn truy vết theo trang; chưa HNMU/UET xác nhận.
20260715_sgk_shared_copy,SGK,8,experiments/20260705_215045/source_scope/raw_page_images/SGK_TIN8/page_0057.png,shared/learning_resources/raw_page_images/sgk/tin_hoc_8/page_0057.png,8f6daac29c5a7e7c364964df7e740995a9147ce122892c28254cfe46a4db4a71,579667,2026-07-15,copied,Ảnh SGK copy từ experiment 20260705; learning_material_id=LM-SGK-TIN8-0001; OCR Markdown v0 do Nguyên gửi đã được đăng ký trong ocr_text_manifest.csv và được dùng để build fragment/index truy xuất ở trạng thái draft; ảnh gốc vẫn là nguồn truy vết theo trang; chưa HNMU/UET xác nhận.
20260715_sgk_shared_copy,SGK,8,experiments/20260705_215045/source_scope/raw_page_images/SGK_TIN8/page_0058.png,shared/learning_resources/raw_page_images/sgk/tin_hoc_8/page_0058.png,47929923d52bb0f639e4503f705e956515e57159e71a0d77d98d7e96acc51adf,994532,2026-07-15,copied,Ảnh SGK copy từ experiment 20260705; learning_material_id=LM-SGK-TIN8-0001; OCR Markdown v0 do Nguyên gửi đã được đăng ký trong ocr_text_manifest.csv và được dùng để build fragment/index truy xuất ở trạng thái draft; ảnh gốc vẫn là nguồn truy vết theo trang; chưa HNMU/UET xác nhận.
20260715_sgk_shared_copy,SGK,8,experiments/20260705_215045/source_scope/raw_page_images/SGK_TIN8/page_0059.png,shared/learning_resources/raw_page_images/sgk/tin_hoc_8/page_0059.png,d3b1afbbbefc7127be895601569e20c8f6bbf057545b913e7adaaa2d59c9a9b7,753497,2026-07-15,copied,Ảnh SGK copy từ experiment 20260705; learning_material_id=LM-SGK-TIN8-0001; OCR Markdown v0 do Nguyên gửi đã được đăng ký trong ocr_text_manifest.csv và được dùng để build fragment/index truy xuất ở trạng thái draft; ảnh gốc vẫn là nguồn truy vết theo trang; chưa HNMU/UET xác nhận.
20260715_sgk_shared_copy,SGK,8,experiments/20260705_215045/source_scope/raw_page_images/SGK_TIN8/page_0060.png,shared/learning_resources/raw_page_images/sgk/tin_hoc_8/page_0060.png,923c043401af05cc574b4c175fa6afd91d72bb702ba7ba9e974bb60fce8d0342,733962,2026-07-15,copied,Ảnh SGK copy từ experiment 20260705; learning_material_id=LM-SGK-TIN8-0001; OCR Markdown v0 do Nguyên gửi đã được đăng ký trong ocr_text_manifest.csv và được dùng để build fragment/index truy xuất ở trạng thái draft; ảnh gốc vẫn là nguồn truy vết theo trang; chưa HNMU/UET xác nhận.
20260715_sgk_shared_copy,SGK,8,experiments/20260705_215045/source_scope/raw_page_images/SGK_TIN8/page_0061.png,shared/learning_resources/raw_page_images/sgk/tin_hoc_8/page_0061.png,4171fa80cfcd9fa4d639e29fd66d6616f713b1c938f2001107d336742ca4fb9a,806502,2026-07-15,copied,Ảnh SGK copy từ experiment 20260705; learning_material_id=LM-SGK-TIN8-0001; OCR Markdown v0 do Nguyên gửi đã được đăng ký trong ocr_text_manifest.csv và được dùng để build fragment/index truy xuất ở trạng thái draft; ảnh gốc vẫn là nguồn truy vết theo trang; chưa HNMU/UET xác nhận.
20260715_sgk_shared_copy,SGK,8,experiments/20260705_215045/source_scope/raw_page_images/SGK_TIN8/page_0062.png,shared/learning_resources/raw_page_images/sgk/tin_hoc_8/page_0062.png,212b15d833e70fd3ac09af7b9f19d2f00de1c0105adb9254423a5f0c036067bb,610491,2026-07-15,copied,Ảnh SGK copy từ experiment 20260705; learning_material_id=LM-SGK-TIN8-0001; OCR Markdown v0 do Nguyên gửi đã được đăng ký trong ocr_text_manifest.csv và được dùng để build fragment/index truy xuất ở trạng thái draft; ảnh gốc vẫn là nguồn truy vết theo trang; chưa HNMU/UET xác nhận.
20260715_sgk_shared_copy,SGK,8,experiments/20260705_215045/source_scope/raw_page_images/SGK_TIN8/page_0063.png,shared/learning_resources/raw_page_images/sgk/tin_hoc_8/page_0063.png,113b448889a74175826356a17896654a6643b50d5f384c340975ed1df0a8d3a8,1005291,2026-07-15,copied,Ảnh SGK copy từ experiment 20260705; learning_material_id=LM-SGK-TIN8-0001; OCR Markdown v0 do Nguyên gửi đã được đăng ký trong ocr_text_manifest.csv và được dùng để build fragment/index truy xuất ở trạng thái draft; ảnh gốc vẫn là nguồn truy vết theo trang; chưa HNMU/UET xác nhận.
20260715_sgk_shared_copy,SGK,8,experiments/20260705_215045/source_scope/raw_page_images/SGK_TIN8/page_0064.png,shared/learning_resources/raw_page_images/sgk/tin_hoc_8/page_0064.png,6d69b6338f2d6939af6092c26da8bf6195485aaaaaeddd8d0aa206a6339fb9df,861741,2026-07-15,copied,Ảnh SGK copy từ experiment 20260705; learning_material_id=LM-SGK-TIN8-0001; OCR Markdown v0 do Nguyên gửi đã được đăng ký trong ocr_text_manifest.csv và được dùng để build fragment/index truy xuất ở trạng thái draft; ảnh gốc vẫn là nguồn truy vết theo trang; chưa HNMU/UET xác nhận.
20260715_sgk_shared_copy,SGK,8,experiments/20260705_215045/source_scope/raw_page_images/SGK_TIN8/page_0065.png,shared/learning_resources/raw_page_images/sgk/tin_hoc_8/page_0065.png,be9a3cf82c0e91c1c1aa8fe919c83a21531fb9886e231c0818b7b89482476717,689444,2026-07-15,copied,Ảnh SGK copy từ experiment 20260705; learning_material_id=LM-SGK-TIN8-0001; OCR Markdown v0 do Nguyên gửi đã được đăng ký trong ocr_text_manifest.csv và được dùng để build fragment/index truy xuất ở trạng thái draft; ảnh gốc vẫn là nguồn truy vết theo trang; chưa HNMU/UET xác nhận.
20260715_sgk_shared_copy,SGK,8,experiments/20260705_215045/source_scope/raw_page_images/SGK_TIN8/page_0066.png,shared/learning_resources/raw_page_images/sgk/tin_hoc_8/page_0066.png,c15763d88bffde438c17d73d34e08b206cd289e51e15443564494fe1e3cdb566,706729,2026-07-15,copied,Ảnh SGK copy từ experiment 20260705; learning_material_id=LM-SGK-TIN8-0001; OCR Markdown v0 do Nguyên gửi đã được đăng ký trong ocr_text_manifest.csv và được dùng để build fragment/index truy xuất ở trạng thái draft; ảnh gốc vẫn là nguồn truy vết theo trang; chưa HNMU/UET xác nhận.
20260715_sgk_shared_copy,SGK,8,experiments/20260705_215045/source_scope/raw_page_images/SGK_TIN8/page_0067.png,shared/learning_resources/raw_page_images/sgk/tin_hoc_8/page_0067.png,2210ca9a8410008ba094f3835cc035e2d7a07b28cf677620fa997146dfd8c68a,838759,2026-07-15,copied,Ảnh SGK copy từ experiment 20260705; learning_material_id=LM-SGK-TIN8-0001; OCR Markdown v0 do Nguyên gửi đã được đăng ký trong ocr_text_manifest.csv và được dùng để build fragment/index truy xuất ở trạng thái draft; ảnh gốc vẫn là nguồn truy vết theo trang; chưa HNMU/UET xác nhận.
20260715_sgk_shared_copy,SGK,8,experiments/20260705_215045/source_scope/raw_page_images/SGK_TIN8/page_0068.png,shared/learning_resources/raw_page_images/sgk/tin_hoc_8/page_0068.png,11c7bb2e274a1c9a66ff10cbf5f0733dd88d39cb63ccba9f7ec90fde0f009033,907179,2026-07-15,copied,Ảnh SGK copy từ experiment 20260705; learning_material_id=LM-SGK-TIN8-0001; OCR Markdown v0 do Nguyên gửi đã được đăng ký trong ocr_text_manifest.csv và được dùng để build fragment/index truy xuất ở trạng thái draft; ảnh gốc vẫn là nguồn truy vết theo trang; chưa HNMU/UET xác nhận.
20260715_sgk_shared_copy,SGK,8,experiments/20260705_215045/source_scope/raw_page_images/SGK_TIN8/page_0069.png,shared/learning_resources/raw_page_images/sgk/tin_hoc_8/page_0069.png,c4d91bb716106de3941ca9838f487601782f7da326ce6e5cfc940e04b185bc78,876862,2026-07-15,copied,Ảnh SGK copy từ experiment 20260705; learning_material_id=LM-SGK-TIN8-0001; OCR Markdown v0 do Nguyên gửi đã được đăng ký trong ocr_text_manifest.csv và được dùng để build fragment/index truy xuất ở trạng thái draft; ảnh gốc vẫn là nguồn truy vết theo trang; chưa HNMU/UET xác nhận.
20260715_sgk_shared_copy,SGK,8,experiments/20260705_215045/source_scope/raw_page_images/SGK_TIN8/page_0070.png,shared/learning_resources/raw_page_images/sgk/tin_hoc_8/page_0070.png,265f7cffcb43c1e72413d449025d0adec8e265d5a96fab3bd002d98a6bed66bb,968130,2026-07-15,copied,Ảnh SGK copy từ experiment 20260705; learning_material_id=LM-SGK-TIN8-0001; OCR Markdown v0 do Nguyên gửi đã được đăng ký trong ocr_text_manifest.csv và được dùng để build fragment/index truy xuất ở trạng thái draft; ảnh gốc vẫn là nguồn truy vết theo trang; chưa HNMU/UET xác nhận.
20260715_sgk_shared_copy,SGK,8,experiments/20260705_215045/source_scope/raw_page_images/SGK_TIN8/page_0071.png,shared/learning_resources/raw_page_images/sgk/tin_hoc_8/page_0071.png,e0fa32529bade3941994ae1c1d68c44d24ca0b2bf8d528e544221dd90fb7c1d7,710137,2026-07-15,copied,Ảnh SGK copy từ experiment 20260705; learning_material_id=LM-SGK-TIN8-0001; OCR Markdown v0 do Nguyên gửi đã được đăng ký trong ocr_text_manifest.csv và được dùng để build fragment/index truy xuất ở trạng thái draft; ảnh gốc vẫn là nguồn truy vết theo trang; chưa HNMU/UET xác nhận.
20260715_sgk_shared_copy,SGK,8,experiments/20260705_215045/source_scope/raw_page_images/SGK_TIN8/page_0072.png,shared/learning_resources/raw_page_images/sgk/tin_hoc_8/page_0072.png,4fa28b63692c0230533a696533ded90d6fad53f0f5ae6aeb82d9293e6efeeda1,659895,2026-07-15,copied,Ảnh SGK copy từ experiment 20260705; learning_material_id=LM-SGK-TIN8-0001; OCR Markdown v0 do Nguyên gửi đã được đăng ký trong ocr_text_manifest.csv và được dùng để build fragment/index truy xuất ở trạng thái draft; ảnh gốc vẫn là nguồn truy vết theo trang; chưa HNMU/UET xác nhận.
20260715_sgk_shared_copy,SGK,8,experiments/20260705_215045/source_scope/raw_page_images/SGK_TIN8/page_0073.png,shared/learning_resources/raw_page_images/sgk/tin_hoc_8/page_0073.png,ca2cbebd62c115e913348566183ca6c7defadb9ff183b3a21f420aea10696788,698681,2026-07-15,copied,Ảnh SGK copy từ experiment 20260705; learning_material_id=LM-SGK-TIN8-0001; OCR Markdown v0 do Nguyên gửi đã được đăng ký trong ocr_text_manifest.csv và được dùng để build fragment/index truy xuất ở trạng thái draft; ảnh gốc vẫn là nguồn truy vết theo trang; chưa HNMU/UET xác nhận.
20260715_sgk_shared_copy,SGK,8,experiments/20260705_215045/source_scope/raw_page_images/SGK_TIN8/page_0074.png,shared/learning_resources/raw_page_images/sgk/tin_hoc_8/page_0074.png,d8202b9451941a3aad32881d3dad877687a8b32748c819f635f460ae32d52ee3,586302,2026-07-15,copied,Ảnh SGK copy từ experiment 20260705; learning_material_id=LM-SGK-TIN8-0001; OCR Markdown v0 do Nguyên gửi đã được đăng ký trong ocr_text_manifest.csv và được dùng để build fragment/index truy xuất ở trạng thái draft; ảnh gốc vẫn là nguồn truy vết theo trang; chưa HNMU/UET xác nhận.
20260715_sgk_shared_copy,SGK,8,experiments/20260705_215045/source_scope/raw_page_images/SGK_TIN8/page_0075.png,shared/learning_resources/raw_page_images/sgk/tin_hoc_8/page_0075.png,0c74383e1eab01c22e99a12cff41215a40a7eaa7c8080fcc2659f612dd468540,596812,2026-07-15,copied,Ảnh SGK copy từ experiment 20260705; learning_material_id=LM-SGK-TIN8-0001; OCR Markdown v0 do Nguyên gửi đã được đăng ký trong ocr_text_manifest.csv và được dùng để build fragment/index truy xuất ở trạng thái draft; ảnh gốc vẫn là nguồn truy vết theo trang; chưa HNMU/UET xác nhận.
20260715_sgk_shared_copy,SGK,8,experiments/20260705_215045/source_scope/raw_page_images/SGK_TIN8/page_0076.png,shared/learning_resources/raw_page_images/sgk/tin_hoc_8/page_0076.png,bcf84738d3534223fe69c8509fa2684c8acf8354bf4eb747cbd2a97b2a508238,601379,2026-07-15,copied,Ảnh SGK copy từ experiment 20260705; learning_material_id=LM-SGK-TIN8-0001; OCR Markdown v0 do Nguyên gửi đã được đăng ký trong ocr_text_manifest.csv và được dùng để build fragment/index truy xuất ở trạng thái draft; ảnh gốc vẫn là nguồn truy vết theo trang; chưa HNMU/UET xác nhận.
20260715_sgk_shared_copy,SGK,8,experiments/20260705_215045/source_scope/raw_page_images/SGK_TIN8/page_0077.png,shared/learning_resources/raw_page_images/sgk/tin_hoc_8/page_0077.png,3209610610cbd5135f657568350f9d43dfc8c451d7a63a090566b0056c0b624c,804444,2026-07-15,copied,Ảnh SGK copy từ experiment 20260705; learning_material_id=LM-SGK-TIN8-0001; OCR Markdown v0 do Nguyên gửi đã được đăng ký trong ocr_text_manifest.csv và được dùng để build fragment/index truy xuất ở trạng thái draft; ảnh gốc vẫn là nguồn truy vết theo trang; chưa HNMU/UET xác nhận.
20260715_sgk_shared_copy,SGK,8,experiments/20260705_215045/source_scope/raw_page_images/SGK_TIN8/page_0078.png,shared/learning_resources/raw_page_images/sgk/tin_hoc_8/page_0078.png,462ccbf3c8246509e61df1f8f2d3ced5315daf706061b7f331d875db99c1ed7d,971555,2026-07-15,copied,Ảnh SGK copy từ experiment 20260705; learning_material_id=LM-SGK-TIN8-0001; OCR Markdown v0 do Nguyên gửi đã được đăng ký trong ocr_text_manifest.csv và được dùng để build fragment/index truy xuất ở trạng thái draft; ảnh gốc vẫn là nguồn truy vết theo trang; chưa HNMU/UET xác nhận.
20260715_sgk_shared_copy,SGK,8,experiments/20260705_215045/source_scope/raw_page_images/SGK_TIN8/page_0079.png,shared/learning_resources/raw_page_images/sgk/tin_hoc_8/page_0079.png,cedd20cb263c14d8c43619ba9fb3c1b3bdf04156ae88fd941811d0a1e20f2374,1015087,2026-07-15,copied,Ảnh SGK copy từ experiment 20260705; learning_material_id=LM-SGK-TIN8-0001; OCR Markdown v0 do Nguyên gửi đã được đăng ký trong ocr_text_manifest.csv và được dùng để build fragment/index truy xuất ở trạng thái draft; ảnh gốc vẫn là nguồn truy vết theo trang; chưa HNMU/UET xác nhận.
20260715_sgk_shared_copy,SGK,8,experiments/20260705_215045/source_scope/raw_page_images/SGK_TIN8/page_0080.png,shared/learning_resources/raw_page_images/sgk/tin_hoc_8/page_0080.png,e81694709aad111b6c2f4599c5f15afb4f1099c917126ce25b1d0f3e6324c930,799673,2026-07-15,copied,Ảnh SGK copy từ experiment 20260705; learning_material_id=LM-SGK-TIN8-0001; OCR Markdown v0 do Nguyên gửi đã được đăng ký trong ocr_text_manifest.csv và được dùng để build fragment/index truy xuất ở trạng thái draft; ảnh gốc vẫn là nguồn truy vết theo trang; chưa HNMU/UET xác nhận.
20260715_sgk_shared_copy,SGK,8,experiments/20260705_215045/source_scope/raw_page_images/SGK_TIN8/page_0081.png,shared/learning_resources/raw_page_images/sgk/tin_hoc_8/page_0081.png,a815556324e6bc7a9f5f458ee045532e01d6b2a9028439fc79e23bf322096ee3,656250,2026-07-15,copied,Ảnh SGK copy từ experiment 20260705; learning_material_id=LM-SGK-TIN8-0001; OCR Markdown v0 do Nguyên gửi đã được đăng ký trong ocr_text_manifest.csv và được dùng để build fragment/index truy xuất ở trạng thái draft; ảnh gốc vẫn là nguồn truy vết theo trang; chưa HNMU/UET xác nhận.
20260715_sgk_shared_copy,SGK,8,experiments/20260705_215045/source_scope/raw_page_images/SGK_TIN8/page_0082.png,shared/learning_resources/raw_page_images/sgk/tin_hoc_8/page_0082.png,a62e8067ffa724afa7dd828152ccd0ebba13f1a34e4e6f94434324980904469b,938705,2026-07-15,copied,Ảnh SGK copy từ experiment 20260705; learning_material_id=LM-SGK-TIN8-0001; OCR Markdown v0 do Nguyên gửi đã được đăng ký trong ocr_text_manifest.csv và được dùng để build fragment/index truy xuất ở trạng thái draft; ảnh gốc vẫn là nguồn truy vết theo trang; chưa HNMU/UET xác nhận.
20260715_sgk_shared_copy,SGK,8,experiments/20260705_215045/source_scope/raw_page_images/SGK_TIN8/page_0083.png,shared/learning_resources/raw_page_images/sgk/tin_hoc_8/page_0083.png,fc44fb7f5a6977621b2f67e680cdd031fb3685be737396f9c76c712438332640,664642,2026-07-15,copied,Ảnh SGK copy từ experiment 20260705; learning_material_id=LM-SGK-TIN8-0001; OCR Markdown v0 do Nguyên gửi đã được đăng ký trong ocr_text_manifest.csv và được dùng để build fragment/index truy xuất ở trạng thái draft; ảnh gốc vẫn là nguồn truy vết theo trang; chưa HNMU/UET xác nhận.
20260715_sgk_shared_copy,SGK,8,experiments/20260705_215045/source_scope/raw_page_images/SGK_TIN8/page_0084.png,shared/learning_resources/raw_page_images/sgk/tin_hoc_8/page_0084.png,5e1c6eb8b171b6d4383e0a174e187184ab3b6b90791ab1caa9a4aa58cccba494,505916,2026-07-15,copied,Ảnh SGK copy từ experiment 20260705; learning_material_id=LM-SGK-TIN8-0001; OCR Markdown v0 do Nguyên gửi đã được đăng ký trong ocr_text_manifest.csv và được dùng để build fragment/index truy xuất ở trạng thái draft; ảnh gốc vẫn là nguồn truy vết theo trang; chưa HNMU/UET xác nhận.
20260715_sgk_shared_copy,SGK,8,experiments/20260705_215045/source_scope/raw_page_images/SGK_TIN8/page_0085.png,shared/learning_resources/raw_page_images/sgk/tin_hoc_8/page_0085.png,2c08c092448db32485e810ba5609b400354d916e3968ee7817883188117ac7ec,545773,2026-07-15,copied,Ảnh SGK copy từ experiment 20260705; learning_material_id=LM-SGK-TIN8-0001; OCR Markdown v0 do Nguyên gửi đã được đăng ký trong ocr_text_manifest.csv và được dùng để build fragment/index truy xuất ở trạng thái draft; ảnh gốc vẫn là nguồn truy vết theo trang; chưa HNMU/UET xác nhận.
20260715_sgk_shared_copy,SGK,8,experiments/20260705_215045/source_scope/raw_page_images/SGK_TIN8/page_0086.png,shared/learning_resources/raw_page_images/sgk/tin_hoc_8/page_0086.png,6591b6733427cbe39e3a82ec4d2e201f756bbbe6a1bcd25c5e8719cc6b06342c,854293,2026-07-15,copied,Ảnh SGK copy từ experiment 20260705; learning_material_id=LM-SGK-TIN8-0001; OCR Markdown v0 do Nguyên gửi đã được đăng ký trong ocr_text_manifest.csv và được dùng để build fragment/index truy xuất ở trạng thái draft; ảnh gốc vẫn là nguồn truy vết theo trang; chưa HNMU/UET xác nhận.
20260715_sgk_shared_copy,SGK,8,experiments/20260705_215045/source_scope/raw_page_images/SGK_TIN8/page_0087.png,shared/learning_resources/raw_page_images/sgk/tin_hoc_8/page_0087.png,18be3ff452056fe1c58f02cbba932380cb4aca9732fe636510470a74efbc634c,666108,2026-07-15,copied,Ảnh SGK copy từ experiment 20260705; learning_material_id=LM-SGK-TIN8-0001; OCR Markdown v0 do Nguyên gửi đã được đăng ký trong ocr_text_manifest.csv và được dùng để build fragment/index truy xuất ở trạng thái draft; ảnh gốc vẫn là nguồn truy vết theo trang; chưa HNMU/UET xác nhận.
20260715_sgk_shared_copy,SGK,8,experiments/20260705_215045/source_scope/raw_page_images/SGK_TIN8/page_0088.png,shared/learning_resources/raw_page_images/sgk/tin_hoc_8/page_0088.png,f41c035f3ea1a5a11e4a6719617e04ff54d1fdd09c51fcdbfe27a7b74b07e9bb,682112,2026-07-15,copied,Ảnh SGK copy từ experiment 20260705; learning_material_id=LM-SGK-TIN8-0001; OCR Markdown v0 do Nguyên gửi đã được đăng ký trong ocr_text_manifest.csv và được dùng để build fragment/index truy xuất ở trạng thái draft; ảnh gốc vẫn là nguồn truy vết theo trang; chưa HNMU/UET xác nhận.
20260715_sgk_shared_copy,SGK,8,experiments/20260705_215045/source_scope/raw_page_images/SGK_TIN8/page_0089.png,shared/learning_resources/raw_page_images/sgk/tin_hoc_8/page_0089.png,47e3c5c3961ea0b94a880ce9788a7c84fb151cb8a32273ba624b35569a83019c,1018813,2026-07-15,copied,Ảnh SGK copy từ experiment 20260705; learning_material_id=LM-SGK-TIN8-0001; OCR Markdown v0 do Nguyên gửi đã được đăng ký trong ocr_text_manifest.csv và được dùng để build fragment/index truy xuất ở trạng thái draft; ảnh gốc vẫn là nguồn truy vết theo trang; chưa HNMU/UET xác nhận.
20260715_sgk_shared_copy,SGK,8,experiments/20260705_215045/source_scope/raw_page_images/SGK_TIN8/page_0090.png,shared/learning_resources/raw_page_images/sgk/tin_hoc_8/page_0090.png,1343e624732f7eda572b0b012bda31926ad76e7b00e2dbe6d88b41ced861c6ec,662941,2026-07-15,copied,Ảnh SGK copy từ experiment 20260705; learning_material_id=LM-SGK-TIN8-0001; OCR Markdown v0 do Nguyên gửi đã được đăng ký trong ocr_text_manifest.csv và được dùng để build fragment/index truy xuất ở trạng thái draft; ảnh gốc vẫn là nguồn truy vết theo trang; chưa HNMU/UET xác nhận.
20260715_sgk_shared_copy,SGK,8,experiments/20260705_215045/source_scope/raw_page_images/SGK_TIN8/page_0091.png,shared/learning_resources/raw_page_images/sgk/tin_hoc_8/page_0091.png,693996fd48ccfb9cb6798a99bc197e12bd5bca8a252f92ebdeddc6b3b8bcbf59,736678,2026-07-15,copied,Ảnh SGK copy từ experiment 20260705; learning_material_id=LM-SGK-TIN8-0001; OCR Markdown v0 do Nguyên gửi đã được đăng ký trong ocr_text_manifest.csv và được dùng để build fragment/index truy xuất ở trạng thái draft; ảnh gốc vẫn là nguồn truy vết theo trang; chưa HNMU/UET xác nhận.
20260715_sgk_shared_copy,SGK,8,experiments/20260705_215045/source_scope/raw_page_images/SGK_TIN8/page_0092.png,shared/learning_resources/raw_page_images/sgk/tin_hoc_8/page_0092.png,65055874bb49da8c2587eecde605e094e949e129905ccccce835d80713358d4b,650660,2026-07-15,copied,Ảnh SGK copy từ experiment 20260705; learning_material_id=LM-SGK-TIN8-0001; OCR Markdown v0 do Nguyên gửi đã được đăng ký trong ocr_text_manifest.csv và được dùng để build fragment/index truy xuất ở trạng thái draft; ảnh gốc vẫn là nguồn truy vết theo trang; chưa HNMU/UET xác nhận.
20260715_sgk_shared_copy,SGK,8,experiments/20260705_215045/source_scope/raw_page_images/SGK_TIN8/page_0093.png,shared/learning_resources/raw_page_images/sgk/tin_hoc_8/page_0093.png,18f034e009824837aca44f0574ae92cc6fa523f11cf454ce59cf52ef6fa5c45a,757117,2026-07-15,copied,Ảnh SGK copy từ experiment 20260705; learning_material_id=LM-SGK-TIN8-0001; OCR Markdown v0 do Nguyên gửi đã được đăng ký trong ocr_text_manifest.csv và được dùng để build fragment/index truy xuất ở trạng thái draft; ảnh gốc vẫn là nguồn truy vết theo trang; chưa HNMU/UET xác nhận.
20260715_sgk_shared_copy,SGK,8,experiments/20260705_215045/source_scope/raw_page_images/SGK_TIN8/page_0094.png,shared/learning_resources/raw_page_images/sgk/tin_hoc_8/page_0094.png,c977e450690ebcc612014b088ac77cc87e920c8d7c3c65f715cd12d9fec725f9,711305,2026-07-15,copied,Ảnh SGK copy từ experiment 20260705; learning_material_id=LM-SGK-TIN8-0001; OCR Markdown v0 do Nguyên gửi đã được đăng ký trong ocr_text_manifest.csv và được dùng để build fragment/index truy xuất ở trạng thái draft; ảnh gốc vẫn là nguồn truy vết theo trang; chưa HNMU/UET xác nhận.
20260715_sgk_shared_copy,SGK,8,experiments/20260705_215045/source_scope/raw_page_images/SGK_TIN8/page_0095.png,shared/learning_resources/raw_page_images/sgk/tin_hoc_8/page_0095.png,6c02282dcac5e50b563577d6ca0d570af9c8d3fee78ca4ffaaaaa14f14be33f8,885873,2026-07-15,copied,Ảnh SGK copy từ experiment 20260705; learning_material_id=LM-SGK-TIN8-0001; OCR Markdown v0 do Nguyên gửi đã được đăng ký trong ocr_text_manifest.csv và được dùng để build fragment/index truy xuất ở trạng thái draft; ảnh gốc vẫn là nguồn truy vết theo trang; chưa HNMU/UET xác nhận.
20260715_sgk_shared_copy,SGK,8,experiments/20260705_215045/source_scope/raw_page_images/SGK_TIN8/page_0096.png,shared/learning_resources/raw_page_images/sgk/tin_hoc_8/page_0096.png,069cddb085f6c4754d1832ebf4bc51c714d8af129354c6e735eaa107e3380dda,753735,2026-07-15,copied,Ảnh SGK copy từ experiment 20260705; learning_material_id=LM-SGK-TIN8-0001; OCR Markdown v0 do Nguyên gửi đã được đăng ký trong ocr_text_manifest.csv và được dùng để build fragment/index truy xuất ở trạng thái draft; ảnh gốc vẫn là nguồn truy vết theo trang; chưa HNMU/UET xác nhận.
20260715_sgk_shared_copy,SGK,8,experiments/20260705_215045/source_scope/raw_page_images/SGK_TIN8/page_0097.png,shared/learning_resources/raw_page_images/sgk/tin_hoc_8/page_0097.png,5e4ba128c7d2eb79c14520c8b82ab37838814ca4bc4b58835c362f1e39a45cc0,250203,2026-07-15,copied,Ảnh SGK copy từ experiment 20260705; learning_material_id=LM-SGK-TIN8-0001; OCR Markdown v0 do Nguyên gửi đã được đăng ký trong ocr_text_manifest.csv và được dùng để build fragment/index truy xuất ở trạng thái draft; ảnh gốc vẫn là nguồn truy vết theo trang; chưa HNMU/UET xác nhận.
20260715_sgk_shared_copy,SGK,8,experiments/20260705_215045/source_scope/raw_page_images/SGK_TIN8/page_0098.png,shared/learning_resources/raw_page_images/sgk/tin_hoc_8/page_0098.png,915bf1e67edfae789f3c73d01913eca25596d88ddf9cbb0ffdee65abdb1b0dd2,743973,2026-07-15,copied,Ảnh SGK copy từ experiment 20260705; learning_material_id=LM-SGK-TIN8-0001; OCR Markdown v0 do Nguyên gửi đã được đăng ký trong ocr_text_manifest.csv và được dùng để build fragment/index truy xuất ở trạng thái draft; ảnh gốc vẫn là nguồn truy vết theo trang; chưa HNMU/UET xác nhận.
20260715_sgk_shared_copy,SGK,9,experiments/20260705_215045/source_scope/raw_page_images/SGK_TIN9/page_0001.png,shared/learning_resources/raw_page_images/sgk/tin_hoc_9/page_0001.png,48b33bbff8646155db3283fa1799a6578b10e946542752363171a86bb94ab577,1435102,2026-07-15,copied,Ảnh SGK copy từ experiment 20260705; learning_material_id=LM-SGK-TIN9-0001; OCR Markdown v0 do Nguyên gửi đã được đăng ký trong ocr_text_manifest.csv và được dùng để build fragment/index truy xuất ở trạng thái draft; ảnh gốc vẫn là nguồn truy vết theo trang; chưa HNMU/UET xác nhận.
20260715_sgk_shared_copy,SGK,9,experiments/20260705_215045/source_scope/raw_page_images/SGK_TIN9/page_0002.png,shared/learning_resources/raw_page_images/sgk/tin_hoc_9/page_0002.png,40e1e3790c2caf778e5b7810c787dad3992a072c76eb19c57e0e5142e9849a7e,169595,2026-07-15,copied,Ảnh SGK copy từ experiment 20260705; learning_material_id=LM-SGK-TIN9-0001; OCR Markdown v0 do Nguyên gửi đã được đăng ký trong ocr_text_manifest.csv và được dùng để build fragment/index truy xuất ở trạng thái draft; ảnh gốc vẫn là nguồn truy vết theo trang; chưa HNMU/UET xác nhận.
20260715_sgk_shared_copy,SGK,9,experiments/20260705_215045/source_scope/raw_page_images/SGK_TIN9/page_0003.png,shared/learning_resources/raw_page_images/sgk/tin_hoc_9/page_0003.png,cacdf5f30901f5211cacd7e084f8798e9d35708e65ee6993776464f31e3733a9,643213,2026-07-15,copied,Ảnh SGK copy từ experiment 20260705; learning_material_id=LM-SGK-TIN9-0001; OCR Markdown v0 do Nguyên gửi đã được đăng ký trong ocr_text_manifest.csv và được dùng để build fragment/index truy xuất ở trạng thái draft; ảnh gốc vẫn là nguồn truy vết theo trang; chưa HNMU/UET xác nhận.
20260715_sgk_shared_copy,SGK,9,experiments/20260705_215045/source_scope/raw_page_images/SGK_TIN9/page_0004.png,shared/learning_resources/raw_page_images/sgk/tin_hoc_9/page_0004.png,8841895b4718c2dedf8c6375459e76b77b57036db9fe625064a8e558dbfa6bd6,530570,2026-07-15,copied,Ảnh SGK copy từ experiment 20260705; learning_material_id=LM-SGK-TIN9-0001; OCR Markdown v0 do Nguyên gửi đã được đăng ký trong ocr_text_manifest.csv và được dùng để build fragment/index truy xuất ở trạng thái draft; ảnh gốc vẫn là nguồn truy vết theo trang; chưa HNMU/UET xác nhận.
20260715_sgk_shared_copy,SGK,9,experiments/20260705_215045/source_scope/raw_page_images/SGK_TIN9/page_0005.png,shared/learning_resources/raw_page_images/sgk/tin_hoc_9/page_0005.png,6090e94b5ac829fdce9d2f9b3365fcd8a24cf7e2a71e7831fad4214b877d54fb,558707,2026-07-15,copied,Ảnh SGK copy từ experiment 20260705; learning_material_id=LM-SGK-TIN9-0001; OCR Markdown v0 do Nguyên gửi đã được đăng ký trong ocr_text_manifest.csv và được dùng để build fragment/index truy xuất ở trạng thái draft; ảnh gốc vẫn là nguồn truy vết theo trang; chưa HNMU/UET xác nhận.
20260715_sgk_shared_copy,SGK,9,experiments/20260705_215045/source_scope/raw_page_images/SGK_TIN9/page_0006.png,shared/learning_resources/raw_page_images/sgk/tin_hoc_9/page_0006.png,d5148ad4feee09e94053d9295c0120e608f2c5dd2961a5dcd9a1e19c105987d0,742889,2026-07-15,copied,Ảnh SGK copy từ experiment 20260705; learning_material_id=LM-SGK-TIN9-0001; OCR Markdown v0 do Nguyên gửi đã được đăng ký trong ocr_text_manifest.csv và được dùng để build fragment/index truy xuất ở trạng thái draft; ảnh gốc vẫn là nguồn truy vết theo trang; chưa HNMU/UET xác nhận.
20260715_sgk_shared_copy,SGK,9,experiments/20260705_215045/source_scope/raw_page_images/SGK_TIN9/page_0007.png,shared/learning_resources/raw_page_images/sgk/tin_hoc_9/page_0007.png,384123fa3ac3a77da32327c922dc5e936ad27b3b4068e460188821fd2abb305c,852580,2026-07-15,copied,Ảnh SGK copy từ experiment 20260705; learning_material_id=LM-SGK-TIN9-0001; OCR Markdown v0 do Nguyên gửi đã được đăng ký trong ocr_text_manifest.csv và được dùng để build fragment/index truy xuất ở trạng thái draft; ảnh gốc vẫn là nguồn truy vết theo trang; chưa HNMU/UET xác nhận.
20260715_sgk_shared_copy,SGK,9,experiments/20260705_215045/source_scope/raw_page_images/SGK_TIN9/page_0008.png,shared/learning_resources/raw_page_images/sgk/tin_hoc_9/page_0008.png,dd0ae61844bc3cea1d28eb2c88c029bc6b3507db86e46db1bf9f4b85c926fcb7,713466,2026-07-15,copied,Ảnh SGK copy từ experiment 20260705; learning_material_id=LM-SGK-TIN9-0001; OCR Markdown v0 do Nguyên gửi đã được đăng ký trong ocr_text_manifest.csv và được dùng để build fragment/index truy xuất ở trạng thái draft; ảnh gốc vẫn là nguồn truy vết theo trang; chưa HNMU/UET xác nhận.
20260715_sgk_shared_copy,SGK,9,experiments/20260705_215045/source_scope/raw_page_images/SGK_TIN9/page_0009.png,shared/learning_resources/raw_page_images/sgk/tin_hoc_9/page_0009.png,1b176eaaf6a4f55825561ba134d556e4a87fafe74a7855171d7194cbdf582468,666402,2026-07-15,copied,Ảnh SGK copy từ experiment 20260705; learning_material_id=LM-SGK-TIN9-0001; OCR Markdown v0 do Nguyên gửi đã được đăng ký trong ocr_text_manifest.csv và được dùng để build fragment/index truy xuất ở trạng thái draft; ảnh gốc vẫn là nguồn truy vết theo trang; chưa HNMU/UET xác nhận.
20260715_sgk_shared_copy,SGK,9,experiments/20260705_215045/source_scope/raw_page_images/SGK_TIN9/page_0010.png,shared/learning_resources/raw_page_images/sgk/tin_hoc_9/page_0010.png,e18e06db5fd93b2dee7966c421513016c5633bf34f06e806ff55801642ed833a,798216,2026-07-15,copied,Ảnh SGK copy từ experiment 20260705; learning_material_id=LM-SGK-TIN9-0001; OCR Markdown v0 do Nguyên gửi đã được đăng ký trong ocr_text_manifest.csv và được dùng để build fragment/index truy xuất ở trạng thái draft; ảnh gốc vẫn là nguồn truy vết theo trang; chưa HNMU/UET xác nhận.
20260715_sgk_shared_copy,SGK,9,experiments/20260705_215045/source_scope/raw_page_images/SGK_TIN9/page_0011.png,shared/learning_resources/raw_page_images/sgk/tin_hoc_9/page_0011.png,bb07fcf34c0d94020213165158f3c16c892b4e1c269fa028268544ec3c057032,806409,2026-07-15,copied,Ảnh SGK copy từ experiment 20260705; learning_material_id=LM-SGK-TIN9-0001; OCR Markdown v0 do Nguyên gửi đã được đăng ký trong ocr_text_manifest.csv và được dùng để build fragment/index truy xuất ở trạng thái draft; ảnh gốc vẫn là nguồn truy vết theo trang; chưa HNMU/UET xác nhận.
20260715_sgk_shared_copy,SGK,9,experiments/20260705_215045/source_scope/raw_page_images/SGK_TIN9/page_0012.png,shared/learning_resources/raw_page_images/sgk/tin_hoc_9/page_0012.png,a68b05af9d15df2d8d73ae957f659bf2c13502412dbd3daa4e7e90ed97641ec5,625388,2026-07-15,copied,Ảnh SGK copy từ experiment 20260705; learning_material_id=LM-SGK-TIN9-0001; OCR Markdown v0 do Nguyên gửi đã được đăng ký trong ocr_text_manifest.csv và được dùng để build fragment/index truy xuất ở trạng thái draft; ảnh gốc vẫn là nguồn truy vết theo trang; chưa HNMU/UET xác nhận.
20260715_sgk_shared_copy,SGK,9,experiments/20260705_215045/source_scope/raw_page_images/SGK_TIN9/page_0013.png,shared/learning_resources/raw_page_images/sgk/tin_hoc_9/page_0013.png,bb6586eae352deb039eb26fa58afee49a8b8afb7a0b082ab48e7a015a324277a,571037,2026-07-15,copied,Ảnh SGK copy từ experiment 20260705; learning_material_id=LM-SGK-TIN9-0001; OCR Markdown v0 do Nguyên gửi đã được đăng ký trong ocr_text_manifest.csv và được dùng để build fragment/index truy xuất ở trạng thái draft; ảnh gốc vẫn là nguồn truy vết theo trang; chưa HNMU/UET xác nhận.
20260715_sgk_shared_copy,SGK,9,experiments/20260705_215045/source_scope/raw_page_images/SGK_TIN9/page_0014.png,shared/learning_resources/raw_page_images/sgk/tin_hoc_9/page_0014.png,a5f504d2cc2807efe06602978dd00bc41bbde5e43dba026a81ac5931b6abf4a5,512305,2026-07-15,copied,Ảnh SGK copy từ experiment 20260705; learning_material_id=LM-SGK-TIN9-0001; OCR Markdown v0 do Nguyên gửi đã được đăng ký trong ocr_text_manifest.csv và được dùng để build fragment/index truy xuất ở trạng thái draft; ảnh gốc vẫn là nguồn truy vết theo trang; chưa HNMU/UET xác nhận.
20260715_sgk_shared_copy,SGK,9,experiments/20260705_215045/source_scope/raw_page_images/SGK_TIN9/page_0015.png,shared/learning_resources/raw_page_images/sgk/tin_hoc_9/page_0015.png,bb113936527f08fceb48ad598dbf84df6aac3b8cb7c35e0d186afb00caabea47,508535,2026-07-15,copied,Ảnh SGK copy từ experiment 20260705; learning_material_id=LM-SGK-TIN9-0001; OCR Markdown v0 do Nguyên gửi đã được đăng ký trong ocr_text_manifest.csv và được dùng để build fragment/index truy xuất ở trạng thái draft; ảnh gốc vẫn là nguồn truy vết theo trang; chưa HNMU/UET xác nhận.
20260715_sgk_shared_copy,SGK,9,experiments/20260705_215045/source_scope/raw_page_images/SGK_TIN9/page_0016.png,shared/learning_resources/raw_page_images/sgk/tin_hoc_9/page_0016.png,3990f15d59cc132993cee311e7af4af002fee1992d1ff70aac507b89361a5fd2,806918,2026-07-15,copied,Ảnh SGK copy từ experiment 20260705; learning_material_id=LM-SGK-TIN9-0001; OCR Markdown v0 do Nguyên gửi đã được đăng ký trong ocr_text_manifest.csv và được dùng để build fragment/index truy xuất ở trạng thái draft; ảnh gốc vẫn là nguồn truy vết theo trang; chưa HNMU/UET xác nhận.
20260715_sgk_shared_copy,SGK,9,experiments/20260705_215045/source_scope/raw_page_images/SGK_TIN9/page_0017.png,shared/learning_resources/raw_page_images/sgk/tin_hoc_9/page_0017.png,bdaf67f6713ab29e6884cfe43262a2192df5abaf6ade8ea00bcf00b46265609b,783862,2026-07-15,copied,Ảnh SGK copy từ experiment 20260705; learning_material_id=LM-SGK-TIN9-0001; OCR Markdown v0 do Nguyên gửi đã được đăng ký trong ocr_text_manifest.csv và được dùng để build fragment/index truy xuất ở trạng thái draft; ảnh gốc vẫn là nguồn truy vết theo trang; chưa HNMU/UET xác nhận.
20260715_sgk_shared_copy,SGK,9,experiments/20260705_215045/source_scope/raw_page_images/SGK_TIN9/page_0018.png,shared/learning_resources/raw_page_images/sgk/tin_hoc_9/page_0018.png,aca49ee81f62c881648345ef766e547766e31612cb6b7e9f1c720f452e96ccbb,618732,2026-07-15,copied,Ảnh SGK copy từ experiment 20260705; learning_material_id=LM-SGK-TIN9-0001; OCR Markdown v0 do Nguyên gửi đã được đăng ký trong ocr_text_manifest.csv và được dùng để build fragment/index truy xuất ở trạng thái draft; ảnh gốc vẫn là nguồn truy vết theo trang; chưa HNMU/UET xác nhận.
20260715_sgk_shared_copy,SGK,9,experiments/20260705_215045/source_scope/raw_page_images/SGK_TIN9/page_0019.png,shared/learning_resources/raw_page_images/sgk/tin_hoc_9/page_0019.png,82ccfa39bf6213ddeb123108a3646b59df98402e630c0d4e5d6b0de0c4f326e8,765580,2026-07-15,copied,Ảnh SGK copy từ experiment 20260705; learning_material_id=LM-SGK-TIN9-0001; OCR Markdown v0 do Nguyên gửi đã được đăng ký trong ocr_text_manifest.csv và được dùng để build fragment/index truy xuất ở trạng thái draft; ảnh gốc vẫn là nguồn truy vết theo trang; chưa HNMU/UET xác nhận.
20260715_sgk_shared_copy,SGK,9,experiments/20260705_215045/source_scope/raw_page_images/SGK_TIN9/page_0020.png,shared/learning_resources/raw_page_images/sgk/tin_hoc_9/page_0020.png,b81d252f54445bfdfd22dde416579fc53c6710e12ace5c5ec7b64c5e2bb1c430,815009,2026-07-15,copied,Ảnh SGK copy từ experiment 20260705; learning_material_id=LM-SGK-TIN9-0001; OCR Markdown v0 do Nguyên gửi đã được đăng ký trong ocr_text_manifest.csv và được dùng để build fragment/index truy xuất ở trạng thái draft; ảnh gốc vẫn là nguồn truy vết theo trang; chưa HNMU/UET xác nhận.
20260715_sgk_shared_copy,SGK,9,experiments/20260705_215045/source_scope/raw_page_images/SGK_TIN9/page_0021.png,shared/learning_resources/raw_page_images/sgk/tin_hoc_9/page_0021.png,ec7b7a5f72c630d61fb906809f86ef552021438391960187a22dae0b315d7867,680312,2026-07-15,copied,Ảnh SGK copy từ experiment 20260705; learning_material_id=LM-SGK-TIN9-0001; OCR Markdown v0 do Nguyên gửi đã được đăng ký trong ocr_text_manifest.csv và được dùng để build fragment/index truy xuất ở trạng thái draft; ảnh gốc vẫn là nguồn truy vết theo trang; chưa HNMU/UET xác nhận.
20260715_sgk_shared_copy,SGK,9,experiments/20260705_215045/source_scope/raw_page_images/SGK_TIN9/page_0022.png,shared/learning_resources/raw_page_images/sgk/tin_hoc_9/page_0022.png,b2a3e04c9299d6e7f56b7b93a25c81b67a5a2b3d14147253275419833fa8fa81,705692,2026-07-15,copied,Ảnh SGK copy từ experiment 20260705; learning_material_id=LM-SGK-TIN9-0001; OCR Markdown v0 do Nguyên gửi đã được đăng ký trong ocr_text_manifest.csv và được dùng để build fragment/index truy xuất ở trạng thái draft; ảnh gốc vẫn là nguồn truy vết theo trang; chưa HNMU/UET xác nhận.
20260715_sgk_shared_copy,SGK,9,experiments/20260705_215045/source_scope/raw_page_images/SGK_TIN9/page_0023.png,shared/learning_resources/raw_page_images/sgk/tin_hoc_9/page_0023.png,e0670c47892b770c6289aa2be4a03e74edea534b2a94f9187b239a89df3cd346,528055,2026-07-15,copied,Ảnh SGK copy từ experiment 20260705; learning_material_id=LM-SGK-TIN9-0001; OCR Markdown v0 do Nguyên gửi đã được đăng ký trong ocr_text_manifest.csv và được dùng để build fragment/index truy xuất ở trạng thái draft; ảnh gốc vẫn là nguồn truy vết theo trang; chưa HNMU/UET xác nhận.
20260715_sgk_shared_copy,SGK,9,experiments/20260705_215045/source_scope/raw_page_images/SGK_TIN9/page_0024.png,shared/learning_resources/raw_page_images/sgk/tin_hoc_9/page_0024.png,4f6307a08f7f57927bc866e91d39a1b19114dea626746d12639673d4dbc7d2b8,685788,2026-07-15,copied,Ảnh SGK copy từ experiment 20260705; learning_material_id=LM-SGK-TIN9-0001; OCR Markdown v0 do Nguyên gửi đã được đăng ký trong ocr_text_manifest.csv và được dùng để build fragment/index truy xuất ở trạng thái draft; ảnh gốc vẫn là nguồn truy vết theo trang; chưa HNMU/UET xác nhận.
20260715_sgk_shared_copy,SGK,9,experiments/20260705_215045/source_scope/raw_page_images/SGK_TIN9/page_0025.png,shared/learning_resources/raw_page_images/sgk/tin_hoc_9/page_0025.png,ba1f676f469215f64624dc55e7d32aebfc62b9dd9d6767b9f7e9b8edf7b0f48f,516281,2026-07-15,copied,Ảnh SGK copy từ experiment 20260705; learning_material_id=LM-SGK-TIN9-0001; OCR Markdown v0 do Nguyên gửi đã được đăng ký trong ocr_text_manifest.csv và được dùng để build fragment/index truy xuất ở trạng thái draft; ảnh gốc vẫn là nguồn truy vết theo trang; chưa HNMU/UET xác nhận.
20260715_sgk_shared_copy,SGK,9,experiments/20260705_215045/source_scope/raw_page_images/SGK_TIN9/page_0026.png,shared/learning_resources/raw_page_images/sgk/tin_hoc_9/page_0026.png,742568b84fb0ad5b517d3f45f949c02d02b6b0cc6a2be35d365a9d1a6f2ad394,496029,2026-07-15,copied,Ảnh SGK copy từ experiment 20260705; learning_material_id=LM-SGK-TIN9-0001; OCR Markdown v0 do Nguyên gửi đã được đăng ký trong ocr_text_manifest.csv và được dùng để build fragment/index truy xuất ở trạng thái draft; ảnh gốc vẫn là nguồn truy vết theo trang; chưa HNMU/UET xác nhận.
20260715_sgk_shared_copy,SGK,9,experiments/20260705_215045/source_scope/raw_page_images/SGK_TIN9/page_0027.png,shared/learning_resources/raw_page_images/sgk/tin_hoc_9/page_0027.png,e24bff7ba0ed6d8d225f95d089e522e632bb015db73eebe3e5b47573f756490d,515698,2026-07-15,copied,Ảnh SGK copy từ experiment 20260705; learning_material_id=LM-SGK-TIN9-0001; OCR Markdown v0 do Nguyên gửi đã được đăng ký trong ocr_text_manifest.csv và được dùng để build fragment/index truy xuất ở trạng thái draft; ảnh gốc vẫn là nguồn truy vết theo trang; chưa HNMU/UET xác nhận.
20260715_sgk_shared_copy,SGK,9,experiments/20260705_215045/source_scope/raw_page_images/SGK_TIN9/page_0028.png,shared/learning_resources/raw_page_images/sgk/tin_hoc_9/page_0028.png,5f957aa53b4e0beee0531ee5c425d058f8b53fc0a37b0ee6d4e8be69968022ab,713312,2026-07-15,copied,Ảnh SGK copy từ experiment 20260705; learning_material_id=LM-SGK-TIN9-0001; OCR Markdown v0 do Nguyên gửi đã được đăng ký trong ocr_text_manifest.csv và được dùng để build fragment/index truy xuất ở trạng thái draft; ảnh gốc vẫn là nguồn truy vết theo trang; chưa HNMU/UET xác nhận.
20260715_sgk_shared_copy,SGK,9,experiments/20260705_215045/source_scope/raw_page_images/SGK_TIN9/page_0029.png,shared/learning_resources/raw_page_images/sgk/tin_hoc_9/page_0029.png,da8864e75644b188d804d146a92bd96f22a2b0c59cdd3c9d8658e5607377d5c2,857107,2026-07-15,copied,Ảnh SGK copy từ experiment 20260705; learning_material_id=LM-SGK-TIN9-0001; OCR Markdown v0 do Nguyên gửi đã được đăng ký trong ocr_text_manifest.csv và được dùng để build fragment/index truy xuất ở trạng thái draft; ảnh gốc vẫn là nguồn truy vết theo trang; chưa HNMU/UET xác nhận.
20260715_sgk_shared_copy,SGK,9,experiments/20260705_215045/source_scope/raw_page_images/SGK_TIN9/page_0030.png,shared/learning_resources/raw_page_images/sgk/tin_hoc_9/page_0030.png,db7f450fff51bcb576cc42dcab88f4271638c452a5c94fad3b9a73f5ab49b7d5,515016,2026-07-15,copied,Ảnh SGK copy từ experiment 20260705; learning_material_id=LM-SGK-TIN9-0001; OCR Markdown v0 do Nguyên gửi đã được đăng ký trong ocr_text_manifest.csv và được dùng để build fragment/index truy xuất ở trạng thái draft; ảnh gốc vẫn là nguồn truy vết theo trang; chưa HNMU/UET xác nhận.
20260715_sgk_shared_copy,SGK,9,experiments/20260705_215045/source_scope/raw_page_images/SGK_TIN9/page_0031.png,shared/learning_resources/raw_page_images/sgk/tin_hoc_9/page_0031.png,84ec4fd28c1b1e17e354e578835cd4cfc17d21fbd09b4ffa58a906e2fec7ed06,766232,2026-07-15,copied,Ảnh SGK copy từ experiment 20260705; learning_material_id=LM-SGK-TIN9-0001; OCR Markdown v0 do Nguyên gửi đã được đăng ký trong ocr_text_manifest.csv và được dùng để build fragment/index truy xuất ở trạng thái draft; ảnh gốc vẫn là nguồn truy vết theo trang; chưa HNMU/UET xác nhận.
20260715_sgk_shared_copy,SGK,9,experiments/20260705_215045/source_scope/raw_page_images/SGK_TIN9/page_0032.png,shared/learning_resources/raw_page_images/sgk/tin_hoc_9/page_0032.png,5b13e70734a1cb50b37483f51f186d558fc0b462650fd2d2fa1a6367061a39da,429797,2026-07-15,copied,Ảnh SGK copy từ experiment 20260705; learning_material_id=LM-SGK-TIN9-0001; OCR Markdown v0 do Nguyên gửi đã được đăng ký trong ocr_text_manifest.csv và được dùng để build fragment/index truy xuất ở trạng thái draft; ảnh gốc vẫn là nguồn truy vết theo trang; chưa HNMU/UET xác nhận.
20260715_sgk_shared_copy,SGK,9,experiments/20260705_215045/source_scope/raw_page_images/SGK_TIN9/page_0033.png,shared/learning_resources/raw_page_images/sgk/tin_hoc_9/page_0033.png,abb638d572b84de08823fdd16e4ce0fa52455b2c353d74229547a7e633f7394e,422950,2026-07-15,copied,Ảnh SGK copy từ experiment 20260705; learning_material_id=LM-SGK-TIN9-0001; OCR Markdown v0 do Nguyên gửi đã được đăng ký trong ocr_text_manifest.csv và được dùng để build fragment/index truy xuất ở trạng thái draft; ảnh gốc vẫn là nguồn truy vết theo trang; chưa HNMU/UET xác nhận.
20260715_sgk_shared_copy,SGK,9,experiments/20260705_215045/source_scope/raw_page_images/SGK_TIN9/page_0034.png,shared/learning_resources/raw_page_images/sgk/tin_hoc_9/page_0034.png,22e690d0a0d23236079e7d180923299c01608c45e094658bd6df3fbcd054de91,455010,2026-07-15,copied,Ảnh SGK copy từ experiment 20260705; learning_material_id=LM-SGK-TIN9-0001; OCR Markdown v0 do Nguyên gửi đã được đăng ký trong ocr_text_manifest.csv và được dùng để build fragment/index truy xuất ở trạng thái draft; ảnh gốc vẫn là nguồn truy vết theo trang; chưa HNMU/UET xác nhận.
20260715_sgk_shared_copy,SGK,9,experiments/20260705_215045/source_scope/raw_page_images/SGK_TIN9/page_0035.png,shared/learning_resources/raw_page_images/sgk/tin_hoc_9/page_0035.png,78929054bae2326f8388fa2a3d04cc0c2656e3ee0ccec606220348fd2b181683,690953,2026-07-15,copied,Ảnh SGK copy từ experiment 20260705; learning_material_id=LM-SGK-TIN9-0001; OCR Markdown v0 do Nguyên gửi đã được đăng ký trong ocr_text_manifest.csv và được dùng để build fragment/index truy xuất ở trạng thái draft; ảnh gốc vẫn là nguồn truy vết theo trang; chưa HNMU/UET xác nhận.
20260715_sgk_shared_copy,SGK,9,experiments/20260705_215045/source_scope/raw_page_images/SGK_TIN9/page_0036.png,shared/learning_resources/raw_page_images/sgk/tin_hoc_9/page_0036.png,b7cce439d12d423e5a2695b9b796334660d11f45c1c9639d2d7a2f206f90fa67,579036,2026-07-15,copied,Ảnh SGK copy từ experiment 20260705; learning_material_id=LM-SGK-TIN9-0001; OCR Markdown v0 do Nguyên gửi đã được đăng ký trong ocr_text_manifest.csv và được dùng để build fragment/index truy xuất ở trạng thái draft; ảnh gốc vẫn là nguồn truy vết theo trang; chưa HNMU/UET xác nhận.
20260715_sgk_shared_copy,SGK,9,experiments/20260705_215045/source_scope/raw_page_images/SGK_TIN9/page_0037.png,shared/learning_resources/raw_page_images/sgk/tin_hoc_9/page_0037.png,5ee33e9ef663d1df72ca51202c23e8d60fe3efb1bbb81e663df4aed13b6c01b2,468533,2026-07-15,copied,Ảnh SGK copy từ experiment 20260705; learning_material_id=LM-SGK-TIN9-0001; OCR Markdown v0 do Nguyên gửi đã được đăng ký trong ocr_text_manifest.csv và được dùng để build fragment/index truy xuất ở trạng thái draft; ảnh gốc vẫn là nguồn truy vết theo trang; chưa HNMU/UET xác nhận.
20260715_sgk_shared_copy,SGK,9,experiments/20260705_215045/source_scope/raw_page_images/SGK_TIN9/page_0038.png,shared/learning_resources/raw_page_images/sgk/tin_hoc_9/page_0038.png,1dff9e38a60de9161c0a06c6ea3bd17f790dc5f0085d4293046a569be0e210df,555975,2026-07-15,copied,Ảnh SGK copy từ experiment 20260705; learning_material_id=LM-SGK-TIN9-0001; OCR Markdown v0 do Nguyên gửi đã được đăng ký trong ocr_text_manifest.csv và được dùng để build fragment/index truy xuất ở trạng thái draft; ảnh gốc vẫn là nguồn truy vết theo trang; chưa HNMU/UET xác nhận.
20260715_sgk_shared_copy,SGK,9,experiments/20260705_215045/source_scope/raw_page_images/SGK_TIN9/page_0039.png,shared/learning_resources/raw_page_images/sgk/tin_hoc_9/page_0039.png,d89084a5be06a6814e6ee6c5c4a3b456e9197d74e7543a99b0790b75afaedc89,472458,2026-07-15,copied,Ảnh SGK copy từ experiment 20260705; learning_material_id=LM-SGK-TIN9-0001; OCR Markdown v0 do Nguyên gửi đã được đăng ký trong ocr_text_manifest.csv và được dùng để build fragment/index truy xuất ở trạng thái draft; ảnh gốc vẫn là nguồn truy vết theo trang; chưa HNMU/UET xác nhận.
20260715_sgk_shared_copy,SGK,9,experiments/20260705_215045/source_scope/raw_page_images/SGK_TIN9/page_0040.png,shared/learning_resources/raw_page_images/sgk/tin_hoc_9/page_0040.png,001c09a838012cbc2eca02dcffaed29a3f2ff8fe3129a2ab25e07f250c835bbc,323620,2026-07-15,copied,Ảnh SGK copy từ experiment 20260705; learning_material_id=LM-SGK-TIN9-0001; OCR Markdown v0 do Nguyên gửi đã được đăng ký trong ocr_text_manifest.csv và được dùng để build fragment/index truy xuất ở trạng thái draft; ảnh gốc vẫn là nguồn truy vết theo trang; chưa HNMU/UET xác nhận.
20260715_sgk_shared_copy,SGK,9,experiments/20260705_215045/source_scope/raw_page_images/SGK_TIN9/page_0041.png,shared/learning_resources/raw_page_images/sgk/tin_hoc_9/page_0041.png,847dbc70c91556d61c743df6909d9a784e06f0120e5ec8f50861a2bf4d04c04c,536468,2026-07-15,copied,Ảnh SGK copy từ experiment 20260705; learning_material_id=LM-SGK-TIN9-0001; OCR Markdown v0 do Nguyên gửi đã được đăng ký trong ocr_text_manifest.csv và được dùng để build fragment/index truy xuất ở trạng thái draft; ảnh gốc vẫn là nguồn truy vết theo trang; chưa HNMU/UET xác nhận.
20260715_sgk_shared_copy,SGK,9,experiments/20260705_215045/source_scope/raw_page_images/SGK_TIN9/page_0042.png,shared/learning_resources/raw_page_images/sgk/tin_hoc_9/page_0042.png,d6bcc36809c294595d4413f5b7ab7b0184bd3f7278a8831c396b3d832a00e682,591742,2026-07-15,copied,Ảnh SGK copy từ experiment 20260705; learning_material_id=LM-SGK-TIN9-0001; OCR Markdown v0 do Nguyên gửi đã được đăng ký trong ocr_text_manifest.csv và được dùng để build fragment/index truy xuất ở trạng thái draft; ảnh gốc vẫn là nguồn truy vết theo trang; chưa HNMU/UET xác nhận.
20260715_sgk_shared_copy,SGK,9,experiments/20260705_215045/source_scope/raw_page_images/SGK_TIN9/page_0043.png,shared/learning_resources/raw_page_images/sgk/tin_hoc_9/page_0043.png,f5ea245ca75311586d13f6aa4c6ff74e82d95eb86682e94dc367fe74184f49ff,636334,2026-07-15,copied,Ảnh SGK copy từ experiment 20260705; learning_material_id=LM-SGK-TIN9-0001; OCR Markdown v0 do Nguyên gửi đã được đăng ký trong ocr_text_manifest.csv và được dùng để build fragment/index truy xuất ở trạng thái draft; ảnh gốc vẫn là nguồn truy vết theo trang; chưa HNMU/UET xác nhận.
20260715_sgk_shared_copy,SGK,9,experiments/20260705_215045/source_scope/raw_page_images/SGK_TIN9/page_0044.png,shared/learning_resources/raw_page_images/sgk/tin_hoc_9/page_0044.png,3ec833bba52aa0a4acefc646e6e5ca56a82d77eb8e4256d39442f27fd2086c3f,719151,2026-07-15,copied,Ảnh SGK copy từ experiment 20260705; learning_material_id=LM-SGK-TIN9-0001; OCR Markdown v0 do Nguyên gửi đã được đăng ký trong ocr_text_manifest.csv và được dùng để build fragment/index truy xuất ở trạng thái draft; ảnh gốc vẫn là nguồn truy vết theo trang; chưa HNMU/UET xác nhận.
20260715_sgk_shared_copy,SGK,9,experiments/20260705_215045/source_scope/raw_page_images/SGK_TIN9/page_0045.png,shared/learning_resources/raw_page_images/sgk/tin_hoc_9/page_0045.png,407fd28b94fd515701c6d1dcc6a8f071ffed158adf9719ce1bc5f7ee0605cb00,493103,2026-07-15,copied,Ảnh SGK copy từ experiment 20260705; learning_material_id=LM-SGK-TIN9-0001; OCR Markdown v0 do Nguyên gửi đã được đăng ký trong ocr_text_manifest.csv và được dùng để build fragment/index truy xuất ở trạng thái draft; ảnh gốc vẫn là nguồn truy vết theo trang; chưa HNMU/UET xác nhận.
20260715_sgk_shared_copy,SGK,9,experiments/20260705_215045/source_scope/raw_page_images/SGK_TIN9/page_0046.png,shared/learning_resources/raw_page_images/sgk/tin_hoc_9/page_0046.png,5b9d592d5f796d020076dc762219fb99527b92b4ae5ef71e34f9389d1203e785,649297,2026-07-15,copied,Ảnh SGK copy từ experiment 20260705; learning_material_id=LM-SGK-TIN9-0001; OCR Markdown v0 do Nguyên gửi đã được đăng ký trong ocr_text_manifest.csv và được dùng để build fragment/index truy xuất ở trạng thái draft; ảnh gốc vẫn là nguồn truy vết theo trang; chưa HNMU/UET xác nhận.
20260715_sgk_shared_copy,SGK,9,experiments/20260705_215045/source_scope/raw_page_images/SGK_TIN9/page_0047.png,shared/learning_resources/raw_page_images/sgk/tin_hoc_9/page_0047.png,87f7e3a65f22444d56e5af81ea15cb6a619d28220364024b798d34ffa31ac60b,711213,2026-07-15,copied,Ảnh SGK copy từ experiment 20260705; learning_material_id=LM-SGK-TIN9-0001; OCR Markdown v0 do Nguyên gửi đã được đăng ký trong ocr_text_manifest.csv và được dùng để build fragment/index truy xuất ở trạng thái draft; ảnh gốc vẫn là nguồn truy vết theo trang; chưa HNMU/UET xác nhận.
20260715_sgk_shared_copy,SGK,9,experiments/20260705_215045/source_scope/raw_page_images/SGK_TIN9/page_0048.png,shared/learning_resources/raw_page_images/sgk/tin_hoc_9/page_0048.png,a5e6242b73ef6f599120143862dcdd1d59a121ae78046948ddc0fd3a8b1ea821,634418,2026-07-15,copied,Ảnh SGK copy từ experiment 20260705; learning_material_id=LM-SGK-TIN9-0001; OCR Markdown v0 do Nguyên gửi đã được đăng ký trong ocr_text_manifest.csv và được dùng để build fragment/index truy xuất ở trạng thái draft; ảnh gốc vẫn là nguồn truy vết theo trang; chưa HNMU/UET xác nhận.
20260715_sgk_shared_copy,SGK,9,experiments/20260705_215045/source_scope/raw_page_images/SGK_TIN9/page_0049.png,shared/learning_resources/raw_page_images/sgk/tin_hoc_9/page_0049.png,5be2cf49418084b0c9b5110668e445eb1a113ec443e53c2c3f319475a56ceaf5,769872,2026-07-15,copied,Ảnh SGK copy từ experiment 20260705; learning_material_id=LM-SGK-TIN9-0001; OCR Markdown v0 do Nguyên gửi đã được đăng ký trong ocr_text_manifest.csv và được dùng để build fragment/index truy xuất ở trạng thái draft; ảnh gốc vẫn là nguồn truy vết theo trang; chưa HNMU/UET xác nhận.
20260715_sgk_shared_copy,SGK,9,experiments/20260705_215045/source_scope/raw_page_images/SGK_TIN9/page_0050.png,shared/learning_resources/raw_page_images/sgk/tin_hoc_9/page_0050.png,bb317ff97927c679ea45ea9e0d9fc0e151d2434dcd193bae3dda2423995407d4,733929,2026-07-15,copied,Ảnh SGK copy từ experiment 20260705; learning_material_id=LM-SGK-TIN9-0001; OCR Markdown v0 do Nguyên gửi đã được đăng ký trong ocr_text_manifest.csv và được dùng để build fragment/index truy xuất ở trạng thái draft; ảnh gốc vẫn là nguồn truy vết theo trang; chưa HNMU/UET xác nhận.
20260715_sgk_shared_copy,SGK,9,experiments/20260705_215045/source_scope/raw_page_images/SGK_TIN9/page_0051.png,shared/learning_resources/raw_page_images/sgk/tin_hoc_9/page_0051.png,78eaa6539d3427ed79185c3ef71a3d71ba8dc809171a06f2f80712ef2af1ffbe,511184,2026-07-15,copied,Ảnh SGK copy từ experiment 20260705; learning_material_id=LM-SGK-TIN9-0001; OCR Markdown v0 do Nguyên gửi đã được đăng ký trong ocr_text_manifest.csv và được dùng để build fragment/index truy xuất ở trạng thái draft; ảnh gốc vẫn là nguồn truy vết theo trang; chưa HNMU/UET xác nhận.
20260715_sgk_shared_copy,SGK,9,experiments/20260705_215045/source_scope/raw_page_images/SGK_TIN9/page_0052.png,shared/learning_resources/raw_page_images/sgk/tin_hoc_9/page_0052.png,7c668274a0908cc544af3a7ba712c128513db57f9b83bf8110815c36fded84fd,648951,2026-07-15,copied,Ảnh SGK copy từ experiment 20260705; learning_material_id=LM-SGK-TIN9-0001; OCR Markdown v0 do Nguyên gửi đã được đăng ký trong ocr_text_manifest.csv và được dùng để build fragment/index truy xuất ở trạng thái draft; ảnh gốc vẫn là nguồn truy vết theo trang; chưa HNMU/UET xác nhận.
20260715_sgk_shared_copy,SGK,9,experiments/20260705_215045/source_scope/raw_page_images/SGK_TIN9/page_0053.png,shared/learning_resources/raw_page_images/sgk/tin_hoc_9/page_0053.png,e08855daf1747cda1457e50dd2ce890a7d1d8a0b05b21472c6559c55a01dcd2c,754465,2026-07-15,copied,Ảnh SGK copy từ experiment 20260705; learning_material_id=LM-SGK-TIN9-0001; OCR Markdown v0 do Nguyên gửi đã được đăng ký trong ocr_text_manifest.csv và được dùng để build fragment/index truy xuất ở trạng thái draft; ảnh gốc vẫn là nguồn truy vết theo trang; chưa HNMU/UET xác nhận.
20260715_sgk_shared_copy,SGK,9,experiments/20260705_215045/source_scope/raw_page_images/SGK_TIN9/page_0054.png,shared/learning_resources/raw_page_images/sgk/tin_hoc_9/page_0054.png,452fc8b8d1152daf8dad93f46aeeb017ce4a262a0d0453db6c9182a4b366f677,843631,2026-07-15,copied,Ảnh SGK copy từ experiment 20260705; learning_material_id=LM-SGK-TIN9-0001; OCR Markdown v0 do Nguyên gửi đã được đăng ký trong ocr_text_manifest.csv và được dùng để build fragment/index truy xuất ở trạng thái draft; ảnh gốc vẫn là nguồn truy vết theo trang; chưa HNMU/UET xác nhận.
20260715_sgk_shared_copy,SGK,9,experiments/20260705_215045/source_scope/raw_page_images/SGK_TIN9/page_0055.png,shared/learning_resources/raw_page_images/sgk/tin_hoc_9/page_0055.png,64c2266ed50823f1eab8f2f0cf4e73651f30f1657e5bcdd167e1f5cf74e391b2,580696,2026-07-15,copied,Ảnh SGK copy từ experiment 20260705; learning_material_id=LM-SGK-TIN9-0001; OCR Markdown v0 do Nguyên gửi đã được đăng ký trong ocr_text_manifest.csv và được dùng để build fragment/index truy xuất ở trạng thái draft; ảnh gốc vẫn là nguồn truy vết theo trang; chưa HNMU/UET xác nhận.
20260715_sgk_shared_copy,SGK,9,experiments/20260705_215045/source_scope/raw_page_images/SGK_TIN9/page_0056.png,shared/learning_resources/raw_page_images/sgk/tin_hoc_9/page_0056.png,0047839b10eb064ca78405e9a4db2e887498e88630120dfb4bbb7e2cce5026b7,873387,2026-07-15,copied,Ảnh SGK copy từ experiment 20260705; learning_material_id=LM-SGK-TIN9-0001; OCR Markdown v0 do Nguyên gửi đã được đăng ký trong ocr_text_manifest.csv và được dùng để build fragment/index truy xuất ở trạng thái draft; ảnh gốc vẫn là nguồn truy vết theo trang; chưa HNMU/UET xác nhận.
20260715_sgk_shared_copy,SGK,9,experiments/20260705_215045/source_scope/raw_page_images/SGK_TIN9/page_0057.png,shared/learning_resources/raw_page_images/sgk/tin_hoc_9/page_0057.png,be638dbdb39000ececaea8b297ed8df9f857b038a5d74f89427fee1123a591be,640261,2026-07-15,copied,Ảnh SGK copy từ experiment 20260705; learning_material_id=LM-SGK-TIN9-0001; OCR Markdown v0 do Nguyên gửi đã được đăng ký trong ocr_text_manifest.csv và được dùng để build fragment/index truy xuất ở trạng thái draft; ảnh gốc vẫn là nguồn truy vết theo trang; chưa HNMU/UET xác nhận.
20260715_sgk_shared_copy,SGK,9,experiments/20260705_215045/source_scope/raw_page_images/SGK_TIN9/page_0058.png,shared/learning_resources/raw_page_images/sgk/tin_hoc_9/page_0058.png,1911089112b6bc67647f9f456b661571347f848089e52bb43ac3c915ca708ffa,449844,2026-07-15,copied,Ảnh SGK copy từ experiment 20260705; learning_material_id=LM-SGK-TIN9-0001; OCR Markdown v0 do Nguyên gửi đã được đăng ký trong ocr_text_manifest.csv và được dùng để build fragment/index truy xuất ở trạng thái draft; ảnh gốc vẫn là nguồn truy vết theo trang; chưa HNMU/UET xác nhận.
20260715_sgk_shared_copy,SGK,9,experiments/20260705_215045/source_scope/raw_page_images/SGK_TIN9/page_0059.png,shared/learning_resources/raw_page_images/sgk/tin_hoc_9/page_0059.png,2fd1ad3ac69c9fe556e19cfe2eedf26c146afb1f327670c5284fd7a972aff186,424162,2026-07-15,copied,Ảnh SGK copy từ experiment 20260705; learning_material_id=LM-SGK-TIN9-0001; OCR Markdown v0 do Nguyên gửi đã được đăng ký trong ocr_text_manifest.csv và được dùng để build fragment/index truy xuất ở trạng thái draft; ảnh gốc vẫn là nguồn truy vết theo trang; chưa HNMU/UET xác nhận.
20260715_sgk_shared_copy,SGK,9,experiments/20260705_215045/source_scope/raw_page_images/SGK_TIN9/page_0060.png,shared/learning_resources/raw_page_images/sgk/tin_hoc_9/page_0060.png,c9047843100f15e8b085d62ce29b120ad0fa7831ffe50898cf120395dfc70772,486558,2026-07-15,copied,Ảnh SGK copy từ experiment 20260705; learning_material_id=LM-SGK-TIN9-0001; OCR Markdown v0 do Nguyên gửi đã được đăng ký trong ocr_text_manifest.csv và được dùng để build fragment/index truy xuất ở trạng thái draft; ảnh gốc vẫn là nguồn truy vết theo trang; chưa HNMU/UET xác nhận.
20260715_sgk_shared_copy,SGK,9,experiments/20260705_215045/source_scope/raw_page_images/SGK_TIN9/page_0061.png,shared/learning_resources/raw_page_images/sgk/tin_hoc_9/page_0061.png,235519595f472f178c9a7590d01039632d3cc5a954f4c18d3b8b0c821375fc1a,775728,2026-07-15,copied,Ảnh SGK copy từ experiment 20260705; learning_material_id=LM-SGK-TIN9-0001; OCR Markdown v0 do Nguyên gửi đã được đăng ký trong ocr_text_manifest.csv và được dùng để build fragment/index truy xuất ở trạng thái draft; ảnh gốc vẫn là nguồn truy vết theo trang; chưa HNMU/UET xác nhận.
20260715_sgk_shared_copy,SGK,9,experiments/20260705_215045/source_scope/raw_page_images/SGK_TIN9/page_0062.png,shared/learning_resources/raw_page_images/sgk/tin_hoc_9/page_0062.png,2ec8a9a309641da99e328dc02d2bc381672549bea59781e2ccdebd170ce2faa2,676049,2026-07-15,copied,Ảnh SGK copy từ experiment 20260705; learning_material_id=LM-SGK-TIN9-0001; OCR Markdown v0 do Nguyên gửi đã được đăng ký trong ocr_text_manifest.csv và được dùng để build fragment/index truy xuất ở trạng thái draft; ảnh gốc vẫn là nguồn truy vết theo trang; chưa HNMU/UET xác nhận.
20260715_sgk_shared_copy,SGK,9,experiments/20260705_215045/source_scope/raw_page_images/SGK_TIN9/page_0063.png,shared/learning_resources/raw_page_images/sgk/tin_hoc_9/page_0063.png,bace9c0e2f398584debc7b644e06b27c56a0bb4b996ab1d991a3acce42e77b95,648182,2026-07-15,copied,Ảnh SGK copy từ experiment 20260705; learning_material_id=LM-SGK-TIN9-0001; OCR Markdown v0 do Nguyên gửi đã được đăng ký trong ocr_text_manifest.csv và được dùng để build fragment/index truy xuất ở trạng thái draft; ảnh gốc vẫn là nguồn truy vết theo trang; chưa HNMU/UET xác nhận.
20260715_sgk_shared_copy,SGK,9,experiments/20260705_215045/source_scope/raw_page_images/SGK_TIN9/page_0064.png,shared/learning_resources/raw_page_images/sgk/tin_hoc_9/page_0064.png,54d31e4ddf864b017746fb1143e6895464cb97abad2701b08630821e91a1f02d,793228,2026-07-15,copied,Ảnh SGK copy từ experiment 20260705; learning_material_id=LM-SGK-TIN9-0001; OCR Markdown v0 do Nguyên gửi đã được đăng ký trong ocr_text_manifest.csv và được dùng để build fragment/index truy xuất ở trạng thái draft; ảnh gốc vẫn là nguồn truy vết theo trang; chưa HNMU/UET xác nhận.
20260715_sgk_shared_copy,SGK,9,experiments/20260705_215045/source_scope/raw_page_images/SGK_TIN9/page_0065.png,shared/learning_resources/raw_page_images/sgk/tin_hoc_9/page_0065.png,e03246762622c502c31a3a6bc656d98c223a3f87a2872f0365a14396bc202c43,905515,2026-07-15,copied,Ảnh SGK copy từ experiment 20260705; learning_material_id=LM-SGK-TIN9-0001; OCR Markdown v0 do Nguyên gửi đã được đăng ký trong ocr_text_manifest.csv và được dùng để build fragment/index truy xuất ở trạng thái draft; ảnh gốc vẫn là nguồn truy vết theo trang; chưa HNMU/UET xác nhận.
20260715_sgk_shared_copy,SGK,9,experiments/20260705_215045/source_scope/raw_page_images/SGK_TIN9/page_0066.png,shared/learning_resources/raw_page_images/sgk/tin_hoc_9/page_0066.png,06ae46ab54ac07d9d31e71568bc6cf4d815cc4c8ac48720f8f712fc5eb1e14db,810027,2026-07-15,copied,Ảnh SGK copy từ experiment 20260705; learning_material_id=LM-SGK-TIN9-0001; OCR Markdown v0 do Nguyên gửi đã được đăng ký trong ocr_text_manifest.csv và được dùng để build fragment/index truy xuất ở trạng thái draft; ảnh gốc vẫn là nguồn truy vết theo trang; chưa HNMU/UET xác nhận.
20260715_sgk_shared_copy,SGK,9,experiments/20260705_215045/source_scope/raw_page_images/SGK_TIN9/page_0067.png,shared/learning_resources/raw_page_images/sgk/tin_hoc_9/page_0067.png,e631a1c9a3d1a2747e576bd7fb0e7bb40aad481b3a509df43782fc774b7226ca,803295,2026-07-15,copied,Ảnh SGK copy từ experiment 20260705; learning_material_id=LM-SGK-TIN9-0001; OCR Markdown v0 do Nguyên gửi đã được đăng ký trong ocr_text_manifest.csv và được dùng để build fragment/index truy xuất ở trạng thái draft; ảnh gốc vẫn là nguồn truy vết theo trang; chưa HNMU/UET xác nhận.
20260715_sgk_shared_copy,SGK,9,experiments/20260705_215045/source_scope/raw_page_images/SGK_TIN9/page_0068.png,shared/learning_resources/raw_page_images/sgk/tin_hoc_9/page_0068.png,e7de1365acf4c712031284fc1cd2596d918ab6203e19f05f3bcd07dd92391105,430609,2026-07-15,copied,Ảnh SGK copy từ experiment 20260705; learning_material_id=LM-SGK-TIN9-0001; OCR Markdown v0 do Nguyên gửi đã được đăng ký trong ocr_text_manifest.csv và được dùng để build fragment/index truy xuất ở trạng thái draft; ảnh gốc vẫn là nguồn truy vết theo trang; chưa HNMU/UET xác nhận.
20260715_sgk_shared_copy,SGK,9,experiments/20260705_215045/source_scope/raw_page_images/SGK_TIN9/page_0069.png,shared/learning_resources/raw_page_images/sgk/tin_hoc_9/page_0069.png,3e2a07d40cbf3dbea28113e768325591f72495eb5800a646beb59e4886cede3b,558301,2026-07-15,copied,Ảnh SGK copy từ experiment 20260705; learning_material_id=LM-SGK-TIN9-0001; OCR Markdown v0 do Nguyên gửi đã được đăng ký trong ocr_text_manifest.csv và được dùng để build fragment/index truy xuất ở trạng thái draft; ảnh gốc vẫn là nguồn truy vết theo trang; chưa HNMU/UET xác nhận.
20260715_sgk_shared_copy,SGK,9,experiments/20260705_215045/source_scope/raw_page_images/SGK_TIN9/page_0070.png,shared/learning_resources/raw_page_images/sgk/tin_hoc_9/page_0070.png,0399bce45e909246550b4119cd19db3c8195c9aff91d4e4d6f1b14b8bec4d49e,665845,2026-07-15,copied,Ảnh SGK copy từ experiment 20260705; learning_material_id=LM-SGK-TIN9-0001; OCR Markdown v0 do Nguyên gửi đã được đăng ký trong ocr_text_manifest.csv và được dùng để build fragment/index truy xuất ở trạng thái draft; ảnh gốc vẫn là nguồn truy vết theo trang; chưa HNMU/UET xác nhận.
20260715_sgk_shared_copy,SGK,9,experiments/20260705_215045/source_scope/raw_page_images/SGK_TIN9/page_0071.png,shared/learning_resources/raw_page_images/sgk/tin_hoc_9/page_0071.png,8f0ac5ed3944174eaddaed3063ca1a5f2eebee09c71a733eeaeae4b0dd0f21a2,557565,2026-07-15,copied,Ảnh SGK copy từ experiment 20260705; learning_material_id=LM-SGK-TIN9-0001; OCR Markdown v0 do Nguyên gửi đã được đăng ký trong ocr_text_manifest.csv và được dùng để build fragment/index truy xuất ở trạng thái draft; ảnh gốc vẫn là nguồn truy vết theo trang; chưa HNMU/UET xác nhận.
20260715_sgk_shared_copy,SGK,9,experiments/20260705_215045/source_scope/raw_page_images/SGK_TIN9/page_0072.png,shared/learning_resources/raw_page_images/sgk/tin_hoc_9/page_0072.png,a6fbd908d3c0cafcdc7b8f21b5bcee0600478ce56f76927ac1817614f741ed39,595896,2026-07-15,copied,Ảnh SGK copy từ experiment 20260705; learning_material_id=LM-SGK-TIN9-0001; OCR Markdown v0 do Nguyên gửi đã được đăng ký trong ocr_text_manifest.csv và được dùng để build fragment/index truy xuất ở trạng thái draft; ảnh gốc vẫn là nguồn truy vết theo trang; chưa HNMU/UET xác nhận.
20260715_sgk_shared_copy,SGK,9,experiments/20260705_215045/source_scope/raw_page_images/SGK_TIN9/page_0073.png,shared/learning_resources/raw_page_images/sgk/tin_hoc_9/page_0073.png,49a4ddc64f744521e4356661f48341aa468825634a87664eefe1d7a94bb00027,573253,2026-07-15,copied,Ảnh SGK copy từ experiment 20260705; learning_material_id=LM-SGK-TIN9-0001; OCR Markdown v0 do Nguyên gửi đã được đăng ký trong ocr_text_manifest.csv và được dùng để build fragment/index truy xuất ở trạng thái draft; ảnh gốc vẫn là nguồn truy vết theo trang; chưa HNMU/UET xác nhận.
20260715_sgk_shared_copy,SGK,9,experiments/20260705_215045/source_scope/raw_page_images/SGK_TIN9/page_0074.png,shared/learning_resources/raw_page_images/sgk/tin_hoc_9/page_0074.png,6608ccef3113548a9b1a967739a4fdf93752d76784a315821e0474be2cbd3ec2,750827,2026-07-15,copied,Ảnh SGK copy từ experiment 20260705; learning_material_id=LM-SGK-TIN9-0001; OCR Markdown v0 do Nguyên gửi đã được đăng ký trong ocr_text_manifest.csv và được dùng để build fragment/index truy xuất ở trạng thái draft; ảnh gốc vẫn là nguồn truy vết theo trang; chưa HNMU/UET xác nhận.
20260715_sgk_shared_copy,SGK,9,experiments/20260705_215045/source_scope/raw_page_images/SGK_TIN9/page_0075.png,shared/learning_resources/raw_page_images/sgk/tin_hoc_9/page_0075.png,16c55aef034f877114a1537e41c51b5e544656761dd42c11b637e4c436e18425,623853,2026-07-15,copied,Ảnh SGK copy từ experiment 20260705; learning_material_id=LM-SGK-TIN9-0001; OCR Markdown v0 do Nguyên gửi đã được đăng ký trong ocr_text_manifest.csv và được dùng để build fragment/index truy xuất ở trạng thái draft; ảnh gốc vẫn là nguồn truy vết theo trang; chưa HNMU/UET xác nhận.
20260715_sgk_shared_copy,SGK,9,experiments/20260705_215045/source_scope/raw_page_images/SGK_TIN9/page_0076.png,shared/learning_resources/raw_page_images/sgk/tin_hoc_9/page_0076.png,08ccb020829ca8e83f5c8c8cccd083d77c32240c9923938446b3eb915e331bd8,511667,2026-07-15,copied,Ảnh SGK copy từ experiment 20260705; learning_material_id=LM-SGK-TIN9-0001; OCR Markdown v0 do Nguyên gửi đã được đăng ký trong ocr_text_manifest.csv và được dùng để build fragment/index truy xuất ở trạng thái draft; ảnh gốc vẫn là nguồn truy vết theo trang; chưa HNMU/UET xác nhận.
20260715_sgk_shared_copy,SGK,9,experiments/20260705_215045/source_scope/raw_page_images/SGK_TIN9/page_0077.png,shared/learning_resources/raw_page_images/sgk/tin_hoc_9/page_0077.png,1a529a124b8bc1d7f11445c0c6be01c974720776445a684ce6aa272ecef0fca9,741135,2026-07-15,copied,Ảnh SGK copy từ experiment 20260705; learning_material_id=LM-SGK-TIN9-0001; OCR Markdown v0 do Nguyên gửi đã được đăng ký trong ocr_text_manifest.csv và được dùng để build fragment/index truy xuất ở trạng thái draft; ảnh gốc vẫn là nguồn truy vết theo trang; chưa HNMU/UET xác nhận.
20260715_sgk_shared_copy,SGK,9,experiments/20260705_215045/source_scope/raw_page_images/SGK_TIN9/page_0078.png,shared/learning_resources/raw_page_images/sgk/tin_hoc_9/page_0078.png,d381280affc640b47cee3af712ca55848d22cb4e9eb9b91d4dfdbee80f42e757,612598,2026-07-15,copied,Ảnh SGK copy từ experiment 20260705; learning_material_id=LM-SGK-TIN9-0001; OCR Markdown v0 do Nguyên gửi đã được đăng ký trong ocr_text_manifest.csv và được dùng để build fragment/index truy xuất ở trạng thái draft; ảnh gốc vẫn là nguồn truy vết theo trang; chưa HNMU/UET xác nhận.
20260715_sgk_shared_copy,SGK,9,experiments/20260705_215045/source_scope/raw_page_images/SGK_TIN9/page_0079.png,shared/learning_resources/raw_page_images/sgk/tin_hoc_9/page_0079.png,79a91df42f519030f316573a71348c34be21fc9c98dd49431a3862d370930039,496865,2026-07-15,copied,Ảnh SGK copy từ experiment 20260705; learning_material_id=LM-SGK-TIN9-0001; OCR Markdown v0 do Nguyên gửi đã được đăng ký trong ocr_text_manifest.csv và được dùng để build fragment/index truy xuất ở trạng thái draft; ảnh gốc vẫn là nguồn truy vết theo trang; chưa HNMU/UET xác nhận.
20260715_sgk_shared_copy,SGK,9,experiments/20260705_215045/source_scope/raw_page_images/SGK_TIN9/page_0080.png,shared/learning_resources/raw_page_images/sgk/tin_hoc_9/page_0080.png,dce7f5e74aa63d7181b254d86f66a8a05cdbd8f06f3e0be9306421bf2e15a842,747886,2026-07-15,copied,Ảnh SGK copy từ experiment 20260705; learning_material_id=LM-SGK-TIN9-0001; OCR Markdown v0 do Nguyên gửi đã được đăng ký trong ocr_text_manifest.csv và được dùng để build fragment/index truy xuất ở trạng thái draft; ảnh gốc vẫn là nguồn truy vết theo trang; chưa HNMU/UET xác nhận.
20260715_sgk_shared_copy,SGK,9,experiments/20260705_215045/source_scope/raw_page_images/SGK_TIN9/page_0081.png,shared/learning_resources/raw_page_images/sgk/tin_hoc_9/page_0081.png,c66ae69b23ae1dda3bb9d15029b40c87dd9b7119ec8b85acac88720267652366,697035,2026-07-15,copied,Ảnh SGK copy từ experiment 20260705; learning_material_id=LM-SGK-TIN9-0001; OCR Markdown v0 do Nguyên gửi đã được đăng ký trong ocr_text_manifest.csv và được dùng để build fragment/index truy xuất ở trạng thái draft; ảnh gốc vẫn là nguồn truy vết theo trang; chưa HNMU/UET xác nhận.
20260715_sgk_shared_copy,SGK,9,experiments/20260705_215045/source_scope/raw_page_images/SGK_TIN9/page_0082.png,shared/learning_resources/raw_page_images/sgk/tin_hoc_9/page_0082.png,43671699d882d530ff3322cdae55ab1437ffb7c5437075b0a5e87e1f25c327b5,702486,2026-07-15,copied,Ảnh SGK copy từ experiment 20260705; learning_material_id=LM-SGK-TIN9-0001; OCR Markdown v0 do Nguyên gửi đã được đăng ký trong ocr_text_manifest.csv và được dùng để build fragment/index truy xuất ở trạng thái draft; ảnh gốc vẫn là nguồn truy vết theo trang; chưa HNMU/UET xác nhận.
20260715_sgk_shared_copy,SGK,9,experiments/20260705_215045/source_scope/raw_page_images/SGK_TIN9/page_0083.png,shared/learning_resources/raw_page_images/sgk/tin_hoc_9/page_0083.png,b2b99c2ccce92bb43beebfe5428518793009332a9559c36c3269663ed863c63d,579306,2026-07-15,copied,Ảnh SGK copy từ experiment 20260705; learning_material_id=LM-SGK-TIN9-0001; OCR Markdown v0 do Nguyên gửi đã được đăng ký trong ocr_text_manifest.csv và được dùng để build fragment/index truy xuất ở trạng thái draft; ảnh gốc vẫn là nguồn truy vết theo trang; chưa HNMU/UET xác nhận.
20260715_sgk_shared_copy,SGK,9,experiments/20260705_215045/source_scope/raw_page_images/SGK_TIN9/page_0084.png,shared/learning_resources/raw_page_images/sgk/tin_hoc_9/page_0084.png,126805ed21fac197428522afbfcb1974643583d1df3fbb6e013093ccbf406c61,673758,2026-07-15,copied,Ảnh SGK copy từ experiment 20260705; learning_material_id=LM-SGK-TIN9-0001; OCR Markdown v0 do Nguyên gửi đã được đăng ký trong ocr_text_manifest.csv và được dùng để build fragment/index truy xuất ở trạng thái draft; ảnh gốc vẫn là nguồn truy vết theo trang; chưa HNMU/UET xác nhận.
20260715_sgk_shared_copy,SGK,9,experiments/20260705_215045/source_scope/raw_page_images/SGK_TIN9/page_0085.png,shared/learning_resources/raw_page_images/sgk/tin_hoc_9/page_0085.png,28a60b4dcee271691d430bb6d2d5ccb8e6e4c8a314e768ed549bc77837c3c615,593529,2026-07-15,copied,Ảnh SGK copy từ experiment 20260705; learning_material_id=LM-SGK-TIN9-0001; OCR Markdown v0 do Nguyên gửi đã được đăng ký trong ocr_text_manifest.csv và được dùng để build fragment/index truy xuất ở trạng thái draft; ảnh gốc vẫn là nguồn truy vết theo trang; chưa HNMU/UET xác nhận.
20260715_sgk_shared_copy,SGK,9,experiments/20260705_215045/source_scope/raw_page_images/SGK_TIN9/page_0086.png,shared/learning_resources/raw_page_images/sgk/tin_hoc_9/page_0086.png,9a7e43d8d010f1be8406fc992d156cbd5e7fbdc57ddfd0f529212b1b21d1852b,495588,2026-07-15,copied,Ảnh SGK copy từ experiment 20260705; learning_material_id=LM-SGK-TIN9-0001; OCR Markdown v0 do Nguyên gửi đã được đăng ký trong ocr_text_manifest.csv và được dùng để build fragment/index truy xuất ở trạng thái draft; ảnh gốc vẫn là nguồn truy vết theo trang; chưa HNMU/UET xác nhận.
20260715_sgk_shared_copy,SGK,9,experiments/20260705_215045/source_scope/raw_page_images/SGK_TIN9/page_0087.png,shared/learning_resources/raw_page_images/sgk/tin_hoc_9/page_0087.png,d576c3ea29aebfb45fbb279c6f3912dd2cf515818d91a16f992523ad097d13c4,447167,2026-07-15,copied,Ảnh SGK copy từ experiment 20260705; learning_material_id=LM-SGK-TIN9-0001; OCR Markdown v0 do Nguyên gửi đã được đăng ký trong ocr_text_manifest.csv và được dùng để build fragment/index truy xuất ở trạng thái draft; ảnh gốc vẫn là nguồn truy vết theo trang; chưa HNMU/UET xác nhận.
20260715_sgk_shared_copy,SGK,9,experiments/20260705_215045/source_scope/raw_page_images/SGK_TIN9/page_0088.png,shared/learning_resources/raw_page_images/sgk/tin_hoc_9/page_0088.png,7a9dc171e17cf687c97454ac6f8ebc652c8a7e1ffa02153ed08c41267da115e3,701151,2026-07-15,copied,Ảnh SGK copy từ experiment 20260705; learning_material_id=LM-SGK-TIN9-0001; OCR Markdown v0 do Nguyên gửi đã được đăng ký trong ocr_text_manifest.csv và được dùng để build fragment/index truy xuất ở trạng thái draft; ảnh gốc vẫn là nguồn truy vết theo trang; chưa HNMU/UET xác nhận.
20260715_sgk_shared_copy,SGK,9,experiments/20260705_215045/source_scope/raw_page_images/SGK_TIN9/page_0089.png,shared/learning_resources/raw_page_images/sgk/tin_hoc_9/page_0089.png,e17a05bd3267c9f4e22a895606b4292fa2711b1aa834f95325b8ccb03345c349,823892,2026-07-15,copied,Ảnh SGK copy từ experiment 20260705; learning_material_id=LM-SGK-TIN9-0001; OCR Markdown v0 do Nguyên gửi đã được đăng ký trong ocr_text_manifest.csv và được dùng để build fragment/index truy xuất ở trạng thái draft; ảnh gốc vẫn là nguồn truy vết theo trang; chưa HNMU/UET xác nhận.
20260715_sgk_shared_copy,SGK,9,experiments/20260705_215045/source_scope/raw_page_images/SGK_TIN9/page_0090.png,shared/learning_resources/raw_page_images/sgk/tin_hoc_9/page_0090.png,9a0b21fedd3e69006dbaebbbe360c9730148009a52b8000fc2ea5dfd93888123,677938,2026-07-15,copied,Ảnh SGK copy từ experiment 20260705; learning_material_id=LM-SGK-TIN9-0001; OCR Markdown v0 do Nguyên gửi đã được đăng ký trong ocr_text_manifest.csv và được dùng để build fragment/index truy xuất ở trạng thái draft; ảnh gốc vẫn là nguồn truy vết theo trang; chưa HNMU/UET xác nhận.
20260715_sgk_shared_copy,SGK,9,experiments/20260705_215045/source_scope/raw_page_images/SGK_TIN9/page_0091.png,shared/learning_resources/raw_page_images/sgk/tin_hoc_9/page_0091.png,2a118d284f9e4f2e8172152484b1cdb07f12318ad27658ffa27538601e5427f2,701407,2026-07-15,copied,Ảnh SGK copy từ experiment 20260705; learning_material_id=LM-SGK-TIN9-0001; OCR Markdown v0 do Nguyên gửi đã được đăng ký trong ocr_text_manifest.csv và được dùng để build fragment/index truy xuất ở trạng thái draft; ảnh gốc vẫn là nguồn truy vết theo trang; chưa HNMU/UET xác nhận.
20260715_sgk_shared_copy,SGK,9,experiments/20260705_215045/source_scope/raw_page_images/SGK_TIN9/page_0092.png,shared/learning_resources/raw_page_images/sgk/tin_hoc_9/page_0092.png,ee99dbc4e82021c1fc775f5a1fd6f01fce8ce8b48d6bc6ec281abb5b57e1aa10,692211,2026-07-15,copied,Ảnh SGK copy từ experiment 20260705; learning_material_id=LM-SGK-TIN9-0001; OCR Markdown v0 do Nguyên gửi đã được đăng ký trong ocr_text_manifest.csv và được dùng để build fragment/index truy xuất ở trạng thái draft; ảnh gốc vẫn là nguồn truy vết theo trang; chưa HNMU/UET xác nhận.
20260715_sgk_shared_copy,SGK,9,experiments/20260705_215045/source_scope/raw_page_images/SGK_TIN9/page_0093.png,shared/learning_resources/raw_page_images/sgk/tin_hoc_9/page_0093.png,bc10b316915a98c7b65bc248a7ac9963431937d9700e8b2104462462931f0f40,279540,2026-07-15,copied,Ảnh SGK copy từ experiment 20260705; learning_material_id=LM-SGK-TIN9-0001; OCR Markdown v0 do Nguyên gửi đã được đăng ký trong ocr_text_manifest.csv và được dùng để build fragment/index truy xuất ở trạng thái draft; ảnh gốc vẫn là nguồn truy vết theo trang; chưa HNMU/UET xác nhận.
20260715_sgk_shared_copy,SGK,9,experiments/20260705_215045/source_scope/raw_page_images/SGK_TIN9/page_0094.png,shared/learning_resources/raw_page_images/sgk/tin_hoc_9/page_0094.png,539d3ffa0e971e68c64e9a1be0d587b821d0fab77348f201a0964e7948626988,748614,2026-07-15,copied,Ảnh SGK copy từ experiment 20260705; learning_material_id=LM-SGK-TIN9-0001; OCR Markdown v0 do Nguyên gửi đã được đăng ký trong ocr_text_manifest.csv và được dùng để build fragment/index truy xuất ở trạng thái draft; ảnh gốc vẫn là nguồn truy vết theo trang; chưa HNMU/UET xác nhận.
20260715_sgv_crawl,SGV,6,https://cdn3.olm.vn/upload/taphuan/2026/0527/4918798731-page-1-1779892904504.png,shared/learning_resources/raw_page_images/sgv/tin_hoc_6/page_0001.png,0381cde12aaea77717022b29307d568b1a7b04def9645c7ff8cec7d76067040f,1090707,2026-07-15,downloaded,Ảnh SGV crawl từ taphuan/nxbgd CDN; learning_material_id=LM-SGV-TIN6-4918798731; OCR Markdown v0 do Nguyên gửi đã được đăng ký trong ocr_text_manifest.csv và được dùng để build fragment/index truy xuất ở trạng thái draft; ảnh gốc vẫn là nguồn truy vết theo trang; chưa HNMU/UET xác nhận.
20260715_sgv_crawl,SGV,6,https://cdn3.olm.vn/upload/taphuan/2026/0527/4918798731-page-2-1779892904766.png,shared/learning_resources/raw_page_images/sgv/tin_hoc_6/page_0002.png,050304eb4478b0bc76b290d05af504b024d545d2e5a274ca304738f9d070a0cf,179473,2026-07-15,downloaded,Ảnh SGV crawl từ taphuan/nxbgd CDN; learning_material_id=LM-SGV-TIN6-4918798731; OCR Markdown v0 do Nguyên gửi đã được đăng ký trong ocr_text_manifest.csv và được dùng để build fragment/index truy xuất ở trạng thái draft; ảnh gốc vẫn là nguồn truy vết theo trang; chưa HNMU/UET xác nhận.
20260715_sgv_crawl,SGV,6,https://cdn3.olm.vn/upload/taphuan/2026/0527/4918798731-page-3-1779892905025.png,shared/learning_resources/raw_page_images/sgv/tin_hoc_6/page_0003.png,a257661c48b9f78094948ac5fba1db976bf5666463a535b78d268a7269dfa93a,79686,2026-07-15,downloaded,Ảnh SGV crawl từ taphuan/nxbgd CDN; learning_material_id=LM-SGV-TIN6-4918798731; OCR Markdown v0 do Nguyên gửi đã được đăng ký trong ocr_text_manifest.csv và được dùng để build fragment/index truy xuất ở trạng thái draft; ảnh gốc vẫn là nguồn truy vết theo trang; chưa HNMU/UET xác nhận.
20260715_sgv_crawl,SGV,6,https://cdn3.olm.vn/upload/taphuan/2026/0527/4918798731-page-4-1779892905324.png,shared/learning_resources/raw_page_images/sgv/tin_hoc_6/page_0004.png,e5bb3160ddec9b44b040377c43082b3ccfecacd9a427323c2941d43685270c61,412870,2026-07-15,downloaded,Ảnh SGV crawl từ taphuan/nxbgd CDN; learning_material_id=LM-SGV-TIN6-4918798731; OCR Markdown v0 do Nguyên gửi đã được đăng ký trong ocr_text_manifest.csv và được dùng để build fragment/index truy xuất ở trạng thái draft; ảnh gốc vẫn là nguồn truy vết theo trang; chưa HNMU/UET xác nhận.
20260715_sgv_crawl,SGV,6,https://cdn3.olm.vn/upload/taphuan/2026/0527/4918798731-page-5-1779892905610.png,shared/learning_resources/raw_page_images/sgv/tin_hoc_6/page_0005.png,df767ba30af4e294883b502c08249d25cb6852143c1ac99b748f1fe85bca4bec,469350,2026-07-15,downloaded,Ảnh SGV crawl từ taphuan/nxbgd CDN; learning_material_id=LM-SGV-TIN6-4918798731; OCR Markdown v0 do Nguyên gửi đã được đăng ký trong ocr_text_manifest.csv và được dùng để build fragment/index truy xuất ở trạng thái draft; ảnh gốc vẫn là nguồn truy vết theo trang; chưa HNMU/UET xác nhận.
20260715_sgv_crawl,SGV,6,https://cdn3.olm.vn/upload/taphuan/2026/0527/4918798731-page-6-1779892905901.png,shared/learning_resources/raw_page_images/sgv/tin_hoc_6/page_0006.png,064fe6ea21825ecbb838ee0611adda1605fbfe6d08f726ccd2894f2d62d4a76d,540391,2026-07-15,downloaded,Ảnh SGV crawl từ taphuan/nxbgd CDN; learning_material_id=LM-SGV-TIN6-4918798731; OCR Markdown v0 do Nguyên gửi đã được đăng ký trong ocr_text_manifest.csv và được dùng để build fragment/index truy xuất ở trạng thái draft; ảnh gốc vẫn là nguồn truy vết theo trang; chưa HNMU/UET xác nhận.
20260715_sgv_crawl,SGV,6,https://cdn3.olm.vn/upload/taphuan/2026/0527/4918798731-page-7-1779892906197.png,shared/learning_resources/raw_page_images/sgv/tin_hoc_6/page_0007.png,0d728db639316476f0217014c6f2a49dc45a472655f3e2a7ab85857d6eeaae85,460747,2026-07-15,downloaded,Ảnh SGV crawl từ taphuan/nxbgd CDN; learning_material_id=LM-SGV-TIN6-4918798731; OCR Markdown v0 do Nguyên gửi đã được đăng ký trong ocr_text_manifest.csv và được dùng để build fragment/index truy xuất ở trạng thái draft; ảnh gốc vẫn là nguồn truy vết theo trang; chưa HNMU/UET xác nhận.
20260715_sgv_crawl,SGV,6,https://cdn3.olm.vn/upload/taphuan/2026/0527/4918798731-page-8-1779892906514.png,shared/learning_resources/raw_page_images/sgv/tin_hoc_6/page_0008.png,98692d9796d8165481ff766b85a2614d448de9d5fdd2df95b3c919ac376dc369,650337,2026-07-15,downloaded,Ảnh SGV crawl từ taphuan/nxbgd CDN; learning_material_id=LM-SGV-TIN6-4918798731; OCR Markdown v0 do Nguyên gửi đã được đăng ký trong ocr_text_manifest.csv và được dùng để build fragment/index truy xuất ở trạng thái draft; ảnh gốc vẫn là nguồn truy vết theo trang; chưa HNMU/UET xác nhận.
20260715_sgv_crawl,SGV,6,https://cdn3.olm.vn/upload/taphuan/2026/0527/4918798731-page-9-1779892907609.png,shared/learning_resources/raw_page_images/sgv/tin_hoc_6/page_0009.png,ea97d0ada6a9711d32ab74f55f39da73838a5e3dc395c64cb38d5aa5268508f5,636827,2026-07-15,downloaded,Ảnh SGV crawl từ taphuan/nxbgd CDN; learning_material_id=LM-SGV-TIN6-4918798731; OCR Markdown v0 do Nguyên gửi đã được đăng ký trong ocr_text_manifest.csv và được dùng để build fragment/index truy xuất ở trạng thái draft; ảnh gốc vẫn là nguồn truy vết theo trang; chưa HNMU/UET xác nhận.
20260715_sgv_crawl,SGV,6,https://cdn3.olm.vn/upload/taphuan/2026/0527/4918798731-page-10-1779892908338.png,shared/learning_resources/raw_page_images/sgv/tin_hoc_6/page_0010.png,14cf137ea125ed74398deabd16c0697aa2db2e8c8d2c8312e7aa02ffdcc80381,574223,2026-07-15,downloaded,Ảnh SGV crawl từ taphuan/nxbgd CDN; learning_material_id=LM-SGV-TIN6-4918798731; OCR Markdown v0 do Nguyên gửi đã được đăng ký trong ocr_text_manifest.csv và được dùng để build fragment/index truy xuất ở trạng thái draft; ảnh gốc vẫn là nguồn truy vết theo trang; chưa HNMU/UET xác nhận.
20260715_sgv_crawl,SGV,6,https://cdn3.olm.vn/upload/taphuan/2026/0527/4918798731-page-11-1779892908647.png,shared/learning_resources/raw_page_images/sgv/tin_hoc_6/page_0011.png,5caf45751e821c6674effcac9728f43b7afb45ab54387f9be1f0c7709fffa8f5,419274,2026-07-15,downloaded,Ảnh SGV crawl từ taphuan/nxbgd CDN; learning_material_id=LM-SGV-TIN6-4918798731; OCR Markdown v0 do Nguyên gửi đã được đăng ký trong ocr_text_manifest.csv và được dùng để build fragment/index truy xuất ở trạng thái draft; ảnh gốc vẫn là nguồn truy vết theo trang; chưa HNMU/UET xác nhận.
20260715_sgv_crawl,SGV,6,https://cdn3.olm.vn/upload/taphuan/2026/0527/4918798731-page-12-1779892908977.png,shared/learning_resources/raw_page_images/sgv/tin_hoc_6/page_0012.png,39055aaefd288d2664fd594397a9bb1168017bf69c787ef350428de4bee5e3bd,618356,2026-07-15,downloaded,Ảnh SGV crawl từ taphuan/nxbgd CDN; learning_material_id=LM-SGV-TIN6-4918798731; OCR Markdown v0 do Nguyên gửi đã được đăng ký trong ocr_text_manifest.csv và được dùng để build fragment/index truy xuất ở trạng thái draft; ảnh gốc vẫn là nguồn truy vết theo trang; chưa HNMU/UET xác nhận.
20260715_sgv_crawl,SGV,6,https://cdn3.olm.vn/upload/taphuan/2026/0527/4918798731-page-13-1779892909318.png,shared/learning_resources/raw_page_images/sgv/tin_hoc_6/page_0013.png,27ae25da83198de4877847026c35afd182ab490ed19dba0dd531769000e79a11,632881,2026-07-15,downloaded,Ảnh SGV crawl từ taphuan/nxbgd CDN; learning_material_id=LM-SGV-TIN6-4918798731; OCR Markdown v0 do Nguyên gửi đã được đăng ký trong ocr_text_manifest.csv và được dùng để build fragment/index truy xuất ở trạng thái draft; ảnh gốc vẫn là nguồn truy vết theo trang; chưa HNMU/UET xác nhận.
20260715_sgv_crawl,SGV,6,https://cdn3.olm.vn/upload/taphuan/2026/0527/4918798731-page-14-1779892909712.png,shared/learning_resources/raw_page_images/sgv/tin_hoc_6/page_0014.png,4c09df69fe1dd9f0cda73a161a18ff82bf6a5d899e81554fc133289988a69883,413981,2026-07-15,downloaded,Ảnh SGV crawl từ taphuan/nxbgd CDN; learning_material_id=LM-SGV-TIN6-4918798731; OCR Markdown v0 do Nguyên gửi đã được đăng ký trong ocr_text_manifest.csv và được dùng để build fragment/index truy xuất ở trạng thái draft; ảnh gốc vẫn là nguồn truy vết theo trang; chưa HNMU/UET xác nhận.
20260715_sgv_crawl,SGV,6,https://cdn3.olm.vn/upload/taphuan/2026/0527/4918798731-page-15-1779892910257.png,shared/learning_resources/raw_page_images/sgv/tin_hoc_6/page_0015.png,feb911c7b261264b1bae14d38b5ee568ed51a0999205c6138a9747074028b68e,636728,2026-07-15,downloaded,Ảnh SGV crawl từ taphuan/nxbgd CDN; learning_material_id=LM-SGV-TIN6-4918798731; OCR Markdown v0 do Nguyên gửi đã được đăng ký trong ocr_text_manifest.csv và được dùng để build fragment/index truy xuất ở trạng thái draft; ảnh gốc vẫn là nguồn truy vết theo trang; chưa HNMU/UET xác nhận.
20260715_sgv_crawl,SGV,6,https://cdn3.olm.vn/upload/taphuan/2026/0527/4918798731-page-16-1779892910541.png,shared/learning_resources/raw_page_images/sgv/tin_hoc_6/page_0016.png,39718b2c034272474f5b17a26021b904ef1e037a99d4bb327949ce9146ca5f91,553301,2026-07-15,downloaded,Ảnh SGV crawl từ taphuan/nxbgd CDN; learning_material_id=LM-SGV-TIN6-4918798731; OCR Markdown v0 do Nguyên gửi đã được đăng ký trong ocr_text_manifest.csv và được dùng để build fragment/index truy xuất ở trạng thái draft; ảnh gốc vẫn là nguồn truy vết theo trang; chưa HNMU/UET xác nhận.
20260715_sgv_crawl,SGV,6,https://cdn3.olm.vn/upload/taphuan/2026/0527/4918798731-page-17-1779892910825.png,shared/learning_resources/raw_page_images/sgv/tin_hoc_6/page_0017.png,252c71affd1cd1ba5b5e6122f6f7dd3862c36e74e056cdd29dba149f4c4383bf,555097,2026-07-15,downloaded,Ảnh SGV crawl từ taphuan/nxbgd CDN; learning_material_id=LM-SGV-TIN6-4918798731; OCR Markdown v0 do Nguyên gửi đã được đăng ký trong ocr_text_manifest.csv và được dùng để build fragment/index truy xuất ở trạng thái draft; ảnh gốc vẫn là nguồn truy vết theo trang; chưa HNMU/UET xác nhận.
20260715_sgv_crawl,SGV,6,https://cdn3.olm.vn/upload/taphuan/2026/0527/4918798731-page-18-1779892911100.png,shared/learning_resources/raw_page_images/sgv/tin_hoc_6/page_0018.png,89c40e891bd641ec3681a7b645789983212978d1c0b7dec22e2fc871006fa2ad,463590,2026-07-15,downloaded,Ảnh SGV crawl từ taphuan/nxbgd CDN; learning_material_id=LM-SGV-TIN6-4918798731; OCR Markdown v0 do Nguyên gửi đã được đăng ký trong ocr_text_manifest.csv và được dùng để build fragment/index truy xuất ở trạng thái draft; ảnh gốc vẫn là nguồn truy vết theo trang; chưa HNMU/UET xác nhận.
20260715_sgv_crawl,SGV,6,https://cdn3.olm.vn/upload/taphuan/2026/0527/4918798731-page-19-1779892911380.png,shared/learning_resources/raw_page_images/sgv/tin_hoc_6/page_0019.png,ffb95c28b6783f629a70b518285bf0fe3c1e9bcb330da091d118b13d0b19ffa3,543458,2026-07-15,downloaded,Ảnh SGV crawl từ taphuan/nxbgd CDN; learning_material_id=LM-SGV-TIN6-4918798731; OCR Markdown v0 do Nguyên gửi đã được đăng ký trong ocr_text_manifest.csv và được dùng để build fragment/index truy xuất ở trạng thái draft; ảnh gốc vẫn là nguồn truy vết theo trang; chưa HNMU/UET xác nhận.
20260715_sgv_crawl,SGV,6,https://cdn3.olm.vn/upload/taphuan/2026/0527/4918798731-page-20-1779892911678.png,shared/learning_resources/raw_page_images/sgv/tin_hoc_6/page_0020.png,ef3528a4c50c57add78227f2408b6b226e77a2fdbd9a981bcf09c82dbbc6e604,361232,2026-07-15,downloaded,Ảnh SGV crawl từ taphuan/nxbgd CDN; learning_material_id=LM-SGV-TIN6-4918798731; OCR Markdown v0 do Nguyên gửi đã được đăng ký trong ocr_text_manifest.csv và được dùng để build fragment/index truy xuất ở trạng thái draft; ảnh gốc vẫn là nguồn truy vết theo trang; chưa HNMU/UET xác nhận.
20260715_sgv_crawl,SGV,6,https://cdn3.olm.vn/upload/taphuan/2026/0527/4918798731-page-21-1779892911991.png,shared/learning_resources/raw_page_images/sgv/tin_hoc_6/page_0021.png,3127a8ca7a06584e5b4ff07a91f90aeafa695bf9ac1d19a4a7096f8e0573e174,458803,2026-07-15,downloaded,Ảnh SGV crawl từ taphuan/nxbgd CDN; learning_material_id=LM-SGV-TIN6-4918798731; OCR Markdown v0 do Nguyên gửi đã được đăng ký trong ocr_text_manifest.csv và được dùng để build fragment/index truy xuất ở trạng thái draft; ảnh gốc vẫn là nguồn truy vết theo trang; chưa HNMU/UET xác nhận.
20260715_sgv_crawl,SGV,6,https://cdn3.olm.vn/upload/taphuan/2026/0527/4918798731-page-22-1779892912287.png,shared/learning_resources/raw_page_images/sgv/tin_hoc_6/page_0022.png,c7c615c2aacd748594cf21855908c9cb9afeb7869ed12bcd912c2e66f317da3d,523378,2026-07-15,downloaded,Ảnh SGV crawl từ taphuan/nxbgd CDN; learning_material_id=LM-SGV-TIN6-4918798731; OCR Markdown v0 do Nguyên gửi đã được đăng ký trong ocr_text_manifest.csv và được dùng để build fragment/index truy xuất ở trạng thái draft; ảnh gốc vẫn là nguồn truy vết theo trang; chưa HNMU/UET xác nhận.
20260715_sgv_crawl,SGV,6,https://cdn3.olm.vn/upload/taphuan/2026/0527/4918798731-page-23-1779892912594.png,shared/learning_resources/raw_page_images/sgv/tin_hoc_6/page_0023.png,3fca28a453199f1f9ba394a535b5a0788005a2b24363b892bd3273d87c73b50a,492785,2026-07-15,downloaded,Ảnh SGV crawl từ taphuan/nxbgd CDN; learning_material_id=LM-SGV-TIN6-4918798731; OCR Markdown v0 do Nguyên gửi đã được đăng ký trong ocr_text_manifest.csv và được dùng để build fragment/index truy xuất ở trạng thái draft; ảnh gốc vẫn là nguồn truy vết theo trang; chưa HNMU/UET xác nhận.
20260715_sgv_crawl,SGV,6,https://cdn3.olm.vn/upload/taphuan/2026/0527/4918798731-page-24-1779892912908.png,shared/learning_resources/raw_page_images/sgv/tin_hoc_6/page_0024.png,37d3a2bbfb34b664d6ef87a0293821d08d5a1c8a71715d09c0a34f5016172935,549744,2026-07-15,downloaded,Ảnh SGV crawl từ taphuan/nxbgd CDN; learning_material_id=LM-SGV-TIN6-4918798731; OCR Markdown v0 do Nguyên gửi đã được đăng ký trong ocr_text_manifest.csv và được dùng để build fragment/index truy xuất ở trạng thái draft; ảnh gốc vẫn là nguồn truy vết theo trang; chưa HNMU/UET xác nhận.
20260715_sgv_crawl,SGV,6,https://cdn3.olm.vn/upload/taphuan/2026/0527/4918798731-page-25-1779892913218.png,shared/learning_resources/raw_page_images/sgv/tin_hoc_6/page_0025.png,95f80ee8405953abb1fb7688bcaade20f81100ea09fac551daa63c2a97560757,528360,2026-07-15,downloaded,Ảnh SGV crawl từ taphuan/nxbgd CDN; learning_material_id=LM-SGV-TIN6-4918798731; OCR Markdown v0 do Nguyên gửi đã được đăng ký trong ocr_text_manifest.csv và được dùng để build fragment/index truy xuất ở trạng thái draft; ảnh gốc vẫn là nguồn truy vết theo trang; chưa HNMU/UET xác nhận.
20260715_sgv_crawl,SGV,6,https://cdn3.olm.vn/upload/taphuan/2026/0527/4918798731-page-26-1779892913520.png,shared/learning_resources/raw_page_images/sgv/tin_hoc_6/page_0026.png,d59bd439fa3f693f78bc9ac00768c23d2f521bb3f481732815141a5442f4c5f0,425161,2026-07-15,downloaded,Ảnh SGV crawl từ taphuan/nxbgd CDN; learning_material_id=LM-SGV-TIN6-4918798731; OCR Markdown v0 do Nguyên gửi đã được đăng ký trong ocr_text_manifest.csv và được dùng để build fragment/index truy xuất ở trạng thái draft; ảnh gốc vẫn là nguồn truy vết theo trang; chưa HNMU/UET xác nhận.
20260715_sgv_crawl,SGV,6,https://cdn3.olm.vn/upload/taphuan/2026/0527/4918798731-page-27-1779892913869.png,shared/learning_resources/raw_page_images/sgv/tin_hoc_6/page_0027.png,d435449da00efc178be50ded533920e8fbcb3b24b3799f69cbfe779e9199e62a,538400,2026-07-15,downloaded,Ảnh SGV crawl từ taphuan/nxbgd CDN; learning_material_id=LM-SGV-TIN6-4918798731; OCR Markdown v0 do Nguyên gửi đã được đăng ký trong ocr_text_manifest.csv và được dùng để build fragment/index truy xuất ở trạng thái draft; ảnh gốc vẫn là nguồn truy vết theo trang; chưa HNMU/UET xác nhận.
20260715_sgv_crawl,SGV,6,https://cdn3.olm.vn/upload/taphuan/2026/0527/4918798731-page-28-1779892914172.png,shared/learning_resources/raw_page_images/sgv/tin_hoc_6/page_0028.png,fccc940edbb332a2f8c5ccac4a84a7097895bff34d4423d3093cef514be8c07d,471410,2026-07-15,downloaded,Ảnh SGV crawl từ taphuan/nxbgd CDN; learning_material_id=LM-SGV-TIN6-4918798731; OCR Markdown v0 do Nguyên gửi đã được đăng ký trong ocr_text_manifest.csv và được dùng để build fragment/index truy xuất ở trạng thái draft; ảnh gốc vẫn là nguồn truy vết theo trang; chưa HNMU/UET xác nhận.
20260715_sgv_crawl,SGV,6,https://cdn3.olm.vn/upload/taphuan/2026/0527/4918798731-page-29-1779892914476.png,shared/learning_resources/raw_page_images/sgv/tin_hoc_6/page_0029.png,60cb1d272c5cf1164bebd901dba5e40621200054cc98ab8e43db1daeddeee2c0,476554,2026-07-15,downloaded,Ảnh SGV crawl từ taphuan/nxbgd CDN; learning_material_id=LM-SGV-TIN6-4918798731; OCR Markdown v0 do Nguyên gửi đã được đăng ký trong ocr_text_manifest.csv và được dùng để build fragment/index truy xuất ở trạng thái draft; ảnh gốc vẫn là nguồn truy vết theo trang; chưa HNMU/UET xác nhận.
20260715_sgv_crawl,SGV,6,https://cdn3.olm.vn/upload/taphuan/2026/0527/4918798731-page-30-1779892914788.png,shared/learning_resources/raw_page_images/sgv/tin_hoc_6/page_0030.png,fba63095c62b5ce27ab66463267fdfc1fdc196024cacb6fcd9804ba2a2ba3552,395156,2026-07-15,downloaded,Ảnh SGV crawl từ taphuan/nxbgd CDN; learning_material_id=LM-SGV-TIN6-4918798731; OCR Markdown v0 do Nguyên gửi đã được đăng ký trong ocr_text_manifest.csv và được dùng để build fragment/index truy xuất ở trạng thái draft; ảnh gốc vẫn là nguồn truy vết theo trang; chưa HNMU/UET xác nhận.
20260715_sgv_crawl,SGV,6,https://cdn3.olm.vn/upload/taphuan/2026/0527/4918798731-page-31-1779892915837.png,shared/learning_resources/raw_page_images/sgv/tin_hoc_6/page_0031.png,28604974cb0bb092c70fcf3909fed7bbfa4c35fb86f0768510c28573a44f4f30,824389,2026-07-15,downloaded,Ảnh SGV crawl từ taphuan/nxbgd CDN; learning_material_id=LM-SGV-TIN6-4918798731; OCR Markdown v0 do Nguyên gửi đã được đăng ký trong ocr_text_manifest.csv và được dùng để build fragment/index truy xuất ở trạng thái draft; ảnh gốc vẫn là nguồn truy vết theo trang; chưa HNMU/UET xác nhận.
20260715_sgv_crawl,SGV,6,https://cdn3.olm.vn/upload/taphuan/2026/0527/4918798731-page-32-1779892916114.png,shared/learning_resources/raw_page_images/sgv/tin_hoc_6/page_0032.png,e47c9ac5a81f2a6079e0c68887235db8323641b80e13e9a6382f0bf551148771,327752,2026-07-15,downloaded,Ảnh SGV crawl từ taphuan/nxbgd CDN; learning_material_id=LM-SGV-TIN6-4918798731; OCR Markdown v0 do Nguyên gửi đã được đăng ký trong ocr_text_manifest.csv và được dùng để build fragment/index truy xuất ở trạng thái draft; ảnh gốc vẫn là nguồn truy vết theo trang; chưa HNMU/UET xác nhận.
20260715_sgv_crawl,SGV,6,https://cdn3.olm.vn/upload/taphuan/2026/0527/4918798731-page-33-1779892916400.png,shared/learning_resources/raw_page_images/sgv/tin_hoc_6/page_0033.png,dcf5c1e7805b029c62910db3e80d0af154317d62a8b5a11e1431c602b9d2616a,511704,2026-07-15,downloaded,Ảnh SGV crawl từ taphuan/nxbgd CDN; learning_material_id=LM-SGV-TIN6-4918798731; OCR Markdown v0 do Nguyên gửi đã được đăng ký trong ocr_text_manifest.csv và được dùng để build fragment/index truy xuất ở trạng thái draft; ảnh gốc vẫn là nguồn truy vết theo trang; chưa HNMU/UET xác nhận.
20260715_sgv_crawl,SGV,6,https://cdn3.olm.vn/upload/taphuan/2026/0527/4918798731-page-34-1779892916696.png,shared/learning_resources/raw_page_images/sgv/tin_hoc_6/page_0034.png,9391f6770ed47728cbbcb39272f20fb5b4d90c19bc37ee7660705646661a40a2,496801,2026-07-15,downloaded,Ảnh SGV crawl từ taphuan/nxbgd CDN; learning_material_id=LM-SGV-TIN6-4918798731; OCR Markdown v0 do Nguyên gửi đã được đăng ký trong ocr_text_manifest.csv và được dùng để build fragment/index truy xuất ở trạng thái draft; ảnh gốc vẫn là nguồn truy vết theo trang; chưa HNMU/UET xác nhận.
20260715_sgv_crawl,SGV,6,https://cdn3.olm.vn/upload/taphuan/2026/0527/4918798731-page-35-1779892916981.png,shared/learning_resources/raw_page_images/sgv/tin_hoc_6/page_0035.png,8c3aca8706f28572b5eda336337ece297e1303e1044008db42a96ed35d757657,555671,2026-07-15,downloaded,Ảnh SGV crawl từ taphuan/nxbgd CDN; learning_material_id=LM-SGV-TIN6-4918798731; OCR Markdown v0 do Nguyên gửi đã được đăng ký trong ocr_text_manifest.csv và được dùng để build fragment/index truy xuất ở trạng thái draft; ảnh gốc vẫn là nguồn truy vết theo trang; chưa HNMU/UET xác nhận.
20260715_sgv_crawl,SGV,6,https://cdn3.olm.vn/upload/taphuan/2026/0527/4918798731-page-36-1779892917269.png,shared/learning_resources/raw_page_images/sgv/tin_hoc_6/page_0036.png,580131a79c419899592441cb2c96a347d5ae3f493f30e6d15ec92d5ca529a7ab,368182,2026-07-15,downloaded,Ảnh SGV crawl từ taphuan/nxbgd CDN; learning_material_id=LM-SGV-TIN6-4918798731; OCR Markdown v0 do Nguyên gửi đã được đăng ký trong ocr_text_manifest.csv và được dùng để build fragment/index truy xuất ở trạng thái draft; ảnh gốc vẫn là nguồn truy vết theo trang; chưa HNMU/UET xác nhận.
20260715_sgv_crawl,SGV,6,https://cdn3.olm.vn/upload/taphuan/2026/0527/4918798731-page-37-1779892917569.png,shared/learning_resources/raw_page_images/sgv/tin_hoc_6/page_0037.png,dd257c648b3c0cd45e6c7f68be84bd8a3a275f797cd5bd30c53ea357a5664a11,510316,2026-07-15,downloaded,Ảnh SGV crawl từ taphuan/nxbgd CDN; learning_material_id=LM-SGV-TIN6-4918798731; OCR Markdown v0 do Nguyên gửi đã được đăng ký trong ocr_text_manifest.csv và được dùng để build fragment/index truy xuất ở trạng thái draft; ảnh gốc vẫn là nguồn truy vết theo trang; chưa HNMU/UET xác nhận.
20260715_sgv_crawl,SGV,6,https://cdn3.olm.vn/upload/taphuan/2026/0527/4918798731-page-38-1779892917861.png,shared/learning_resources/raw_page_images/sgv/tin_hoc_6/page_0038.png,9ea6da85a8507d407e7e6c3d0bf8eca147bbfc9b40b9b14160462d69f53c0d30,608877,2026-07-15,downloaded,Ảnh SGV crawl từ taphuan/nxbgd CDN; learning_material_id=LM-SGV-TIN6-4918798731; OCR Markdown v0 do Nguyên gửi đã được đăng ký trong ocr_text_manifest.csv và được dùng để build fragment/index truy xuất ở trạng thái draft; ảnh gốc vẫn là nguồn truy vết theo trang; chưa HNMU/UET xác nhận.
20260715_sgv_crawl,SGV,6,https://cdn3.olm.vn/upload/taphuan/2026/0527/4918798731-page-39-1779892918162.png,shared/learning_resources/raw_page_images/sgv/tin_hoc_6/page_0039.png,13eeb5be29ce2f7da5e56c5d0fdc0e0e2203632a55918e7949a9610f0de393ae,519955,2026-07-15,downloaded,Ảnh SGV crawl từ taphuan/nxbgd CDN; learning_material_id=LM-SGV-TIN6-4918798731; OCR Markdown v0 do Nguyên gửi đã được đăng ký trong ocr_text_manifest.csv và được dùng để build fragment/index truy xuất ở trạng thái draft; ảnh gốc vẫn là nguồn truy vết theo trang; chưa HNMU/UET xác nhận.
20260715_sgv_crawl,SGV,6,https://cdn3.olm.vn/upload/taphuan/2026/0527/4918798731-page-40-1779892918500.png,shared/learning_resources/raw_page_images/sgv/tin_hoc_6/page_0040.png,05ea9c0b72af37b2c283c926c1bccda11b53ffb33411e0b0dec986ca7aba64c7,667339,2026-07-15,downloaded,Ảnh SGV crawl từ taphuan/nxbgd CDN; learning_material_id=LM-SGV-TIN6-4918798731; OCR Markdown v0 do Nguyên gửi đã được đăng ký trong ocr_text_manifest.csv và được dùng để build fragment/index truy xuất ở trạng thái draft; ảnh gốc vẫn là nguồn truy vết theo trang; chưa HNMU/UET xác nhận.
20260715_sgv_crawl,SGV,6,https://cdn3.olm.vn/upload/taphuan/2026/0527/4918798731-page-41-1779892918793.png,shared/learning_resources/raw_page_images/sgv/tin_hoc_6/page_0041.png,697a8b8a22fc945c4968416158e86c5b098cc7017b37ac09bd1ed7d7e5527ea8,331941,2026-07-15,downloaded,Ảnh SGV crawl từ taphuan/nxbgd CDN; learning_material_id=LM-SGV-TIN6-4918798731; OCR Markdown v0 do Nguyên gửi đã được đăng ký trong ocr_text_manifest.csv và được dùng để build fragment/index truy xuất ở trạng thái draft; ảnh gốc vẫn là nguồn truy vết theo trang; chưa HNMU/UET xác nhận.
20260715_sgv_crawl,SGV,6,https://cdn3.olm.vn/upload/taphuan/2026/0527/4918798731-page-42-1779892919126.png,shared/learning_resources/raw_page_images/sgv/tin_hoc_6/page_0042.png,ca1eb847370abeb567ca866e4d7fe816bb354042b6a46f9a4f2d16f102620c75,499906,2026-07-15,downloaded,Ảnh SGV crawl từ taphuan/nxbgd CDN; learning_material_id=LM-SGV-TIN6-4918798731; OCR Markdown v0 do Nguyên gửi đã được đăng ký trong ocr_text_manifest.csv và được dùng để build fragment/index truy xuất ở trạng thái draft; ảnh gốc vẫn là nguồn truy vết theo trang; chưa HNMU/UET xác nhận.
20260715_sgv_crawl,SGV,6,https://cdn3.olm.vn/upload/taphuan/2026/0527/4918798731-page-43-1779892919476.png,shared/learning_resources/raw_page_images/sgv/tin_hoc_6/page_0043.png,76d4aa02012c0452d7737282f35d72e455e07a85f3e557f3b5b5479c42980fc0,545250,2026-07-15,downloaded,Ảnh SGV crawl từ taphuan/nxbgd CDN; learning_material_id=LM-SGV-TIN6-4918798731; OCR Markdown v0 do Nguyên gửi đã được đăng ký trong ocr_text_manifest.csv và được dùng để build fragment/index truy xuất ở trạng thái draft; ảnh gốc vẫn là nguồn truy vết theo trang; chưa HNMU/UET xác nhận.
20260715_sgv_crawl,SGV,6,https://cdn3.olm.vn/upload/taphuan/2026/0527/4918798731-page-44-1779892919767.png,shared/learning_resources/raw_page_images/sgv/tin_hoc_6/page_0044.png,d91c97f18bb1b5560628073b9fb729f3e99046b59d7ddbe098250447430f59a2,518440,2026-07-15,downloaded,Ảnh SGV crawl từ taphuan/nxbgd CDN; learning_material_id=LM-SGV-TIN6-4918798731; OCR Markdown v0 do Nguyên gửi đã được đăng ký trong ocr_text_manifest.csv và được dùng để build fragment/index truy xuất ở trạng thái draft; ảnh gốc vẫn là nguồn truy vết theo trang; chưa HNMU/UET xác nhận.
20260715_sgv_crawl,SGV,6,https://cdn3.olm.vn/upload/taphuan/2026/0527/4918798731-page-45-1779892920068.png,shared/learning_resources/raw_page_images/sgv/tin_hoc_6/page_0045.png,db9e9af5357f7e4015dcc26789127d11f4685b86a2c505696d98e132c9a7711f,431438,2026-07-15,downloaded,Ảnh SGV crawl từ taphuan/nxbgd CDN; learning_material_id=LM-SGV-TIN6-4918798731; OCR Markdown v0 do Nguyên gửi đã được đăng ký trong ocr_text_manifest.csv và được dùng để build fragment/index truy xuất ở trạng thái draft; ảnh gốc vẫn là nguồn truy vết theo trang; chưa HNMU/UET xác nhận.
20260715_sgv_crawl,SGV,6,https://cdn3.olm.vn/upload/taphuan/2026/0527/4918798731-page-46-1779892920369.png,shared/learning_resources/raw_page_images/sgv/tin_hoc_6/page_0046.png,c052b69ba86cff460ff6996d67c31f05426426d7284937f9cea8096b8c7a03cc,490101,2026-07-15,downloaded,Ảnh SGV crawl từ taphuan/nxbgd CDN; learning_material_id=LM-SGV-TIN6-4918798731; OCR Markdown v0 do Nguyên gửi đã được đăng ký trong ocr_text_manifest.csv và được dùng để build fragment/index truy xuất ở trạng thái draft; ảnh gốc vẫn là nguồn truy vết theo trang; chưa HNMU/UET xác nhận.
20260715_sgv_crawl,SGV,6,https://cdn3.olm.vn/upload/taphuan/2026/0527/4918798731-page-47-1779892920672.png,shared/learning_resources/raw_page_images/sgv/tin_hoc_6/page_0047.png,362c59753500ab7ce3723b3417af655a05a8c5ef8658e6fd8a4494d82b603fea,481289,2026-07-15,downloaded,Ảnh SGV crawl từ taphuan/nxbgd CDN; learning_material_id=LM-SGV-TIN6-4918798731; OCR Markdown v0 do Nguyên gửi đã được đăng ký trong ocr_text_manifest.csv và được dùng để build fragment/index truy xuất ở trạng thái draft; ảnh gốc vẫn là nguồn truy vết theo trang; chưa HNMU/UET xác nhận.
20260715_sgv_crawl,SGV,6,https://cdn3.olm.vn/upload/taphuan/2026/0527/4918798731-page-48-1779892920983.png,shared/learning_resources/raw_page_images/sgv/tin_hoc_6/page_0048.png,79a076fe5341d0a0541e62d230cce5c1f24615d4f121e00cb57c961dbc215859,463609,2026-07-15,downloaded,Ảnh SGV crawl từ taphuan/nxbgd CDN; learning_material_id=LM-SGV-TIN6-4918798731; OCR Markdown v0 do Nguyên gửi đã được đăng ký trong ocr_text_manifest.csv và được dùng để build fragment/index truy xuất ở trạng thái draft; ảnh gốc vẫn là nguồn truy vết theo trang; chưa HNMU/UET xác nhận.
20260715_sgv_crawl,SGV,6,https://cdn3.olm.vn/upload/taphuan/2026/0527/4918798731-page-49-1779892921467.png,shared/learning_resources/raw_page_images/sgv/tin_hoc_6/page_0049.png,c3daabed3a3b60b2ba4966b2b95bf318583095c0e5eeeec4713a43ced2bc346a,303455,2026-07-15,downloaded,Ảnh SGV crawl từ taphuan/nxbgd CDN; learning_material_id=LM-SGV-TIN6-4918798731; OCR Markdown v0 do Nguyên gửi đã được đăng ký trong ocr_text_manifest.csv và được dùng để build fragment/index truy xuất ở trạng thái draft; ảnh gốc vẫn là nguồn truy vết theo trang; chưa HNMU/UET xác nhận.
20260715_sgv_crawl,SGV,6,https://cdn3.olm.vn/upload/taphuan/2026/0527/4918798731-page-50-1779892921769.png,shared/learning_resources/raw_page_images/sgv/tin_hoc_6/page_0050.png,8addaa707a5f78cd458751694a43a1c03a3d6201201bac57ac6ce2a55206b639,390567,2026-07-15,downloaded,Ảnh SGV crawl từ taphuan/nxbgd CDN; learning_material_id=LM-SGV-TIN6-4918798731; OCR Markdown v0 do Nguyên gửi đã được đăng ký trong ocr_text_manifest.csv và được dùng để build fragment/index truy xuất ở trạng thái draft; ảnh gốc vẫn là nguồn truy vết theo trang; chưa HNMU/UET xác nhận.
20260715_sgv_crawl,SGV,6,https://cdn3.olm.vn/upload/taphuan/2026/0527/4918798731-page-51-1779892922096.png,shared/learning_resources/raw_page_images/sgv/tin_hoc_6/page_0051.png,a2aeb5dd7f28d9d0d31d9063eb91ea0c37ddf17bbd7967ca2d8a54413811caf2,555216,2026-07-15,downloaded,Ảnh SGV crawl từ taphuan/nxbgd CDN; learning_material_id=LM-SGV-TIN6-4918798731; OCR Markdown v0 do Nguyên gửi đã được đăng ký trong ocr_text_manifest.csv và được dùng để build fragment/index truy xuất ở trạng thái draft; ảnh gốc vẫn là nguồn truy vết theo trang; chưa HNMU/UET xác nhận.
20260715_sgv_crawl,SGV,6,https://cdn3.olm.vn/upload/taphuan/2026/0527/4918798731-page-52-1779892922414.png,shared/learning_resources/raw_page_images/sgv/tin_hoc_6/page_0052.png,68bae86a41b5fce27c057fae8d603178f6b4614cf30406696ea774937215ff04,782774,2026-07-15,downloaded,Ảnh SGV crawl từ taphuan/nxbgd CDN; learning_material_id=LM-SGV-TIN6-4918798731; OCR Markdown v0 do Nguyên gửi đã được đăng ký trong ocr_text_manifest.csv và được dùng để build fragment/index truy xuất ở trạng thái draft; ảnh gốc vẫn là nguồn truy vết theo trang; chưa HNMU/UET xác nhận.
20260715_sgv_crawl,SGV,6,https://cdn3.olm.vn/upload/taphuan/2026/0527/4918798731-page-53-1779892922752.png,shared/learning_resources/raw_page_images/sgv/tin_hoc_6/page_0053.png,22358b0004c37e58add3d20a8eb58e102930abdc129eb7069ddb8ac43c071328,487211,2026-07-15,downloaded,Ảnh SGV crawl từ taphuan/nxbgd CDN; learning_material_id=LM-SGV-TIN6-4918798731; OCR Markdown v0 do Nguyên gửi đã được đăng ký trong ocr_text_manifest.csv và được dùng để build fragment/index truy xuất ở trạng thái draft; ảnh gốc vẫn là nguồn truy vết theo trang; chưa HNMU/UET xác nhận.
20260715_sgv_crawl,SGV,6,https://cdn3.olm.vn/upload/taphuan/2026/0527/4918798731-page-54-1779892923089.png,shared/learning_resources/raw_page_images/sgv/tin_hoc_6/page_0054.png,e4385a6fb322bb8bc362070a38ca7ce54d2bdf24968a2da1b681cd5976369a64,305772,2026-07-15,downloaded,Ảnh SGV crawl từ taphuan/nxbgd CDN; learning_material_id=LM-SGV-TIN6-4918798731; OCR Markdown v0 do Nguyên gửi đã được đăng ký trong ocr_text_manifest.csv và được dùng để build fragment/index truy xuất ở trạng thái draft; ảnh gốc vẫn là nguồn truy vết theo trang; chưa HNMU/UET xác nhận.
20260715_sgv_crawl,SGV,6,https://cdn3.olm.vn/upload/taphuan/2026/0527/4918798731-page-55-1779892923384.png,shared/learning_resources/raw_page_images/sgv/tin_hoc_6/page_0055.png,f443516f71ac8bb3bc441b2c9a97d092dd22592cac5c96485f8f18c1ec62a8fb,522265,2026-07-15,downloaded,Ảnh SGV crawl từ taphuan/nxbgd CDN; learning_material_id=LM-SGV-TIN6-4918798731; OCR Markdown v0 do Nguyên gửi đã được đăng ký trong ocr_text_manifest.csv và được dùng để build fragment/index truy xuất ở trạng thái draft; ảnh gốc vẫn là nguồn truy vết theo trang; chưa HNMU/UET xác nhận.
20260715_sgv_crawl,SGV,6,https://cdn3.olm.vn/upload/taphuan/2026/0527/4918798731-page-56-1779892923677.png,shared/learning_resources/raw_page_images/sgv/tin_hoc_6/page_0056.png,eb8a1c1581ca881aebaad0230993434d933c60058a8c14925c29c1ab56f0b6d0,550679,2026-07-15,downloaded,Ảnh SGV crawl từ taphuan/nxbgd CDN; learning_material_id=LM-SGV-TIN6-4918798731; OCR Markdown v0 do Nguyên gửi đã được đăng ký trong ocr_text_manifest.csv và được dùng để build fragment/index truy xuất ở trạng thái draft; ảnh gốc vẫn là nguồn truy vết theo trang; chưa HNMU/UET xác nhận.
20260715_sgv_crawl,SGV,6,https://cdn3.olm.vn/upload/taphuan/2026/0527/4918798731-page-57-1779892924003.png,shared/learning_resources/raw_page_images/sgv/tin_hoc_6/page_0057.png,b89d7b1025f682322796f595d7373f9247d76bfd0e28a574cc63dbe09595d645,569017,2026-07-15,downloaded,Ảnh SGV crawl từ taphuan/nxbgd CDN; learning_material_id=LM-SGV-TIN6-4918798731; OCR Markdown v0 do Nguyên gửi đã được đăng ký trong ocr_text_manifest.csv và được dùng để build fragment/index truy xuất ở trạng thái draft; ảnh gốc vẫn là nguồn truy vết theo trang; chưa HNMU/UET xác nhận.
20260715_sgv_crawl,SGV,6,https://cdn3.olm.vn/upload/taphuan/2026/0527/4918798731-page-58-1779892924301.png,shared/learning_resources/raw_page_images/sgv/tin_hoc_6/page_0058.png,8b42843f511536a88e1e24586a31680bf92228f2c3c2b635a21a181f63511c9d,512668,2026-07-15,downloaded,Ảnh SGV crawl từ taphuan/nxbgd CDN; learning_material_id=LM-SGV-TIN6-4918798731; OCR Markdown v0 do Nguyên gửi đã được đăng ký trong ocr_text_manifest.csv và được dùng để build fragment/index truy xuất ở trạng thái draft; ảnh gốc vẫn là nguồn truy vết theo trang; chưa HNMU/UET xác nhận.
20260715_sgv_crawl,SGV,6,https://cdn3.olm.vn/upload/taphuan/2026/0527/4918798731-page-59-1779892924604.png,shared/learning_resources/raw_page_images/sgv/tin_hoc_6/page_0059.png,e89275d312cde1d6240c376b4c6448e04b2902690dd9b12ce58293fec2ad4515,491933,2026-07-15,downloaded,Ảnh SGV crawl từ taphuan/nxbgd CDN; learning_material_id=LM-SGV-TIN6-4918798731; OCR Markdown v0 do Nguyên gửi đã được đăng ký trong ocr_text_manifest.csv và được dùng để build fragment/index truy xuất ở trạng thái draft; ảnh gốc vẫn là nguồn truy vết theo trang; chưa HNMU/UET xác nhận.
20260715_sgv_crawl,SGV,6,https://cdn3.olm.vn/upload/taphuan/2026/0527/4918798731-page-60-1779892924908.png,shared/learning_resources/raw_page_images/sgv/tin_hoc_6/page_0060.png,8a553505d2249c5b8a16f9b80c9accfdb0addf4b27927775594c25cefccc89e7,506034,2026-07-15,downloaded,Ảnh SGV crawl từ taphuan/nxbgd CDN; learning_material_id=LM-SGV-TIN6-4918798731; OCR Markdown v0 do Nguyên gửi đã được đăng ký trong ocr_text_manifest.csv và được dùng để build fragment/index truy xuất ở trạng thái draft; ảnh gốc vẫn là nguồn truy vết theo trang; chưa HNMU/UET xác nhận.
20260715_sgv_crawl,SGV,6,https://cdn3.olm.vn/upload/taphuan/2026/0527/4918798731-page-61-1779892925224.png,shared/learning_resources/raw_page_images/sgv/tin_hoc_6/page_0061.png,b473beeb1c40e1b332c267b3dff99c98f2ff60493183abc149f465b469d4d98b,404222,2026-07-15,downloaded,Ảnh SGV crawl từ taphuan/nxbgd CDN; learning_material_id=LM-SGV-TIN6-4918798731; OCR Markdown v0 do Nguyên gửi đã được đăng ký trong ocr_text_manifest.csv và được dùng để build fragment/index truy xuất ở trạng thái draft; ảnh gốc vẫn là nguồn truy vết theo trang; chưa HNMU/UET xác nhận.
20260715_sgv_crawl,SGV,6,https://cdn3.olm.vn/upload/taphuan/2026/0527/4918798731-page-62-1779892925537.png,shared/learning_resources/raw_page_images/sgv/tin_hoc_6/page_0062.png,4368e10946d91c87889ba8fa8d3392a0f8ed19527f0070572b6a80708f11db34,535269,2026-07-15,downloaded,Ảnh SGV crawl từ taphuan/nxbgd CDN; learning_material_id=LM-SGV-TIN6-4918798731; OCR Markdown v0 do Nguyên gửi đã được đăng ký trong ocr_text_manifest.csv và được dùng để build fragment/index truy xuất ở trạng thái draft; ảnh gốc vẫn là nguồn truy vết theo trang; chưa HNMU/UET xác nhận.
20260715_sgv_crawl,SGV,6,https://cdn3.olm.vn/upload/taphuan/2026/0527/4918798731-page-63-1779892925868.png,shared/learning_resources/raw_page_images/sgv/tin_hoc_6/page_0063.png,f02c5b9c85a8a5a45aa584d29a70204b50354835bf53b0eb83608718dc5ad60b,556902,2026-07-15,downloaded,Ảnh SGV crawl từ taphuan/nxbgd CDN; learning_material_id=LM-SGV-TIN6-4918798731; OCR Markdown v0 do Nguyên gửi đã được đăng ký trong ocr_text_manifest.csv và được dùng để build fragment/index truy xuất ở trạng thái draft; ảnh gốc vẫn là nguồn truy vết theo trang; chưa HNMU/UET xác nhận.
20260715_sgv_crawl,SGV,6,https://cdn3.olm.vn/upload/taphuan/2026/0527/4918798731-page-64-1779892926157.png,shared/learning_resources/raw_page_images/sgv/tin_hoc_6/page_0064.png,63fd84852bad85fbe38c003d6eac98f999a958cf9af50361f4508147aea5d3e1,521012,2026-07-15,downloaded,Ảnh SGV crawl từ taphuan/nxbgd CDN; learning_material_id=LM-SGV-TIN6-4918798731; OCR Markdown v0 do Nguyên gửi đã được đăng ký trong ocr_text_manifest.csv và được dùng để build fragment/index truy xuất ở trạng thái draft; ảnh gốc vẫn là nguồn truy vết theo trang; chưa HNMU/UET xác nhận.
20260715_sgv_crawl,SGV,6,https://cdn3.olm.vn/upload/taphuan/2026/0527/4918798731-page-65-1779892926440.png,shared/learning_resources/raw_page_images/sgv/tin_hoc_6/page_0065.png,c993b913befc4b670d75770eb0d23fd0cf1ac83bf3c5c6719e46e0b94da945d7,468311,2026-07-15,downloaded,Ảnh SGV crawl từ taphuan/nxbgd CDN; learning_material_id=LM-SGV-TIN6-4918798731; OCR Markdown v0 do Nguyên gửi đã được đăng ký trong ocr_text_manifest.csv và được dùng để build fragment/index truy xuất ở trạng thái draft; ảnh gốc vẫn là nguồn truy vết theo trang; chưa HNMU/UET xác nhận.
20260715_sgv_crawl,SGV,6,https://cdn3.olm.vn/upload/taphuan/2026/0527/4918798731-page-66-1779892926736.png,shared/learning_resources/raw_page_images/sgv/tin_hoc_6/page_0066.png,d7fcc5b1824116be5ddd67d17158f3b7648146316ee91dd7a36d960001d09460,464139,2026-07-15,downloaded,Ảnh SGV crawl từ taphuan/nxbgd CDN; learning_material_id=LM-SGV-TIN6-4918798731; OCR Markdown v0 do Nguyên gửi đã được đăng ký trong ocr_text_manifest.csv và được dùng để build fragment/index truy xuất ở trạng thái draft; ảnh gốc vẫn là nguồn truy vết theo trang; chưa HNMU/UET xác nhận.
20260715_sgv_crawl,SGV,6,https://cdn3.olm.vn/upload/taphuan/2026/0527/4918798731-page-67-1779892927060.png,shared/learning_resources/raw_page_images/sgv/tin_hoc_6/page_0067.png,29707744ba8e6eee83b2b6c36c801a80db356acd98ccb75ee3c589a4c2cffba7,411718,2026-07-15,downloaded,Ảnh SGV crawl từ taphuan/nxbgd CDN; learning_material_id=LM-SGV-TIN6-4918798731; OCR Markdown v0 do Nguyên gửi đã được đăng ký trong ocr_text_manifest.csv và được dùng để build fragment/index truy xuất ở trạng thái draft; ảnh gốc vẫn là nguồn truy vết theo trang; chưa HNMU/UET xác nhận.
20260715_sgv_crawl,SGV,6,https://cdn3.olm.vn/upload/taphuan/2026/0527/4918798731-page-68-1779892927610.png,shared/learning_resources/raw_page_images/sgv/tin_hoc_6/page_0068.png,bdd7cc0afef5687b76aac1feff24163fe353a0b6d52dbfe8b4fc35999891d8fd,413063,2026-07-15,downloaded,Ảnh SGV crawl từ taphuan/nxbgd CDN; learning_material_id=LM-SGV-TIN6-4918798731; OCR Markdown v0 do Nguyên gửi đã được đăng ký trong ocr_text_manifest.csv và được dùng để build fragment/index truy xuất ở trạng thái draft; ảnh gốc vẫn là nguồn truy vết theo trang; chưa HNMU/UET xác nhận.
20260715_sgv_crawl,SGV,6,https://cdn3.olm.vn/upload/taphuan/2026/0527/4918798731-page-69-1779892928296.png,shared/learning_resources/raw_page_images/sgv/tin_hoc_6/page_0069.png,b7738be2d880ae9e69e7d497068c8e5940f92d85531a60c1767086da963b40d8,659386,2026-07-15,downloaded,Ảnh SGV crawl từ taphuan/nxbgd CDN; learning_material_id=LM-SGV-TIN6-4918798731; OCR Markdown v0 do Nguyên gửi đã được đăng ký trong ocr_text_manifest.csv và được dùng để build fragment/index truy xuất ở trạng thái draft; ảnh gốc vẫn là nguồn truy vết theo trang; chưa HNMU/UET xác nhận.
20260715_sgv_crawl,SGV,6,https://cdn3.olm.vn/upload/taphuan/2026/0527/4918798731-page-70-1779892928572.png,shared/learning_resources/raw_page_images/sgv/tin_hoc_6/page_0070.png,d4ec7f9b644575da57f5948831c3142426d444e60ca3f453f50907a272d5c94e,392735,2026-07-15,downloaded,Ảnh SGV crawl từ taphuan/nxbgd CDN; learning_material_id=LM-SGV-TIN6-4918798731; OCR Markdown v0 do Nguyên gửi đã được đăng ký trong ocr_text_manifest.csv và được dùng để build fragment/index truy xuất ở trạng thái draft; ảnh gốc vẫn là nguồn truy vết theo trang; chưa HNMU/UET xác nhận.
20260715_sgv_crawl,SGV,6,https://cdn3.olm.vn/upload/taphuan/2026/0527/4918798731-page-71-1779892928861.png,shared/learning_resources/raw_page_images/sgv/tin_hoc_6/page_0071.png,1678574745dd2bdd2f1426c4eb6963839dbd0b295be0b68566fc4900c04b1511,660807,2026-07-15,downloaded,Ảnh SGV crawl từ taphuan/nxbgd CDN; learning_material_id=LM-SGV-TIN6-4918798731; OCR Markdown v0 do Nguyên gửi đã được đăng ký trong ocr_text_manifest.csv và được dùng để build fragment/index truy xuất ở trạng thái draft; ảnh gốc vẫn là nguồn truy vết theo trang; chưa HNMU/UET xác nhận.
20260715_sgv_crawl,SGV,6,https://cdn3.olm.vn/upload/taphuan/2026/0527/4918798731-page-72-1779892929203.png,shared/learning_resources/raw_page_images/sgv/tin_hoc_6/page_0072.png,488876f6ce4a1b1c92aa39f9b587cc000f9f8269dd2b91a63cc6e391580ec0a8,392216,2026-07-15,downloaded,Ảnh SGV crawl từ taphuan/nxbgd CDN; learning_material_id=LM-SGV-TIN6-4918798731; OCR Markdown v0 do Nguyên gửi đã được đăng ký trong ocr_text_manifest.csv và được dùng để build fragment/index truy xuất ở trạng thái draft; ảnh gốc vẫn là nguồn truy vết theo trang; chưa HNMU/UET xác nhận.
20260715_sgv_crawl,SGV,6,https://cdn3.olm.vn/upload/taphuan/2026/0527/4918798731-page-73-1779892929535.png,shared/learning_resources/raw_page_images/sgv/tin_hoc_6/page_0073.png,d03e1365ce707e580698f275978177fb3b1c544e3dcb3c8892c16ce518f00b72,818277,2026-07-15,downloaded,Ảnh SGV crawl từ taphuan/nxbgd CDN; learning_material_id=LM-SGV-TIN6-4918798731; OCR Markdown v0 do Nguyên gửi đã được đăng ký trong ocr_text_manifest.csv và được dùng để build fragment/index truy xuất ở trạng thái draft; ảnh gốc vẫn là nguồn truy vết theo trang; chưa HNMU/UET xác nhận.
20260715_sgv_crawl,SGV,6,https://cdn3.olm.vn/upload/taphuan/2026/0527/4918798731-page-74-1779892929824.png,shared/learning_resources/raw_page_images/sgv/tin_hoc_6/page_0074.png,a3c9c853c0dc39daac246d968375593108f9e20f8ff80da9a1f9d420c2ab68a5,532653,2026-07-15,downloaded,Ảnh SGV crawl từ taphuan/nxbgd CDN; learning_material_id=LM-SGV-TIN6-4918798731; OCR Markdown v0 do Nguyên gửi đã được đăng ký trong ocr_text_manifest.csv và được dùng để build fragment/index truy xuất ở trạng thái draft; ảnh gốc vẫn là nguồn truy vết theo trang; chưa HNMU/UET xác nhận.
20260715_sgv_crawl,SGV,6,https://cdn3.olm.vn/upload/taphuan/2026/0527/4918798731-page-75-1779892930120.png,shared/learning_resources/raw_page_images/sgv/tin_hoc_6/page_0075.png,51e5df0ccce41c57a6bbc89dbe0dab9b6c1a621dcc61264e0fcee4c80a9b0cca,488035,2026-07-15,downloaded,Ảnh SGV crawl từ taphuan/nxbgd CDN; learning_material_id=LM-SGV-TIN6-4918798731; OCR Markdown v0 do Nguyên gửi đã được đăng ký trong ocr_text_manifest.csv và được dùng để build fragment/index truy xuất ở trạng thái draft; ảnh gốc vẫn là nguồn truy vết theo trang; chưa HNMU/UET xác nhận.
20260715_sgv_crawl,SGV,6,https://cdn3.olm.vn/upload/taphuan/2026/0527/4918798731-page-76-1779892930375.png,shared/learning_resources/raw_page_images/sgv/tin_hoc_6/page_0076.png,afc45e7aa457a6f43719123247e52c163084f151c04698eeeacc87bed2e843fa,242324,2026-07-15,downloaded,Ảnh SGV crawl từ taphuan/nxbgd CDN; learning_material_id=LM-SGV-TIN6-4918798731; OCR Markdown v0 do Nguyên gửi đã được đăng ký trong ocr_text_manifest.csv và được dùng để build fragment/index truy xuất ở trạng thái draft; ảnh gốc vẫn là nguồn truy vết theo trang; chưa HNMU/UET xác nhận.
20260715_sgv_crawl,SGV,6,https://cdn3.olm.vn/upload/taphuan/2026/0527/4918798731-page-77-1779892930657.png,shared/learning_resources/raw_page_images/sgv/tin_hoc_6/page_0077.png,433cd2627f4756a1930996d043e9705e271f65c988c13b2fa35ae2bedafd2ed1,685175,2026-07-15,downloaded,Ảnh SGV crawl từ taphuan/nxbgd CDN; learning_material_id=LM-SGV-TIN6-4918798731; OCR Markdown v0 do Nguyên gửi đã được đăng ký trong ocr_text_manifest.csv và được dùng để build fragment/index truy xuất ở trạng thái draft; ảnh gốc vẫn là nguồn truy vết theo trang; chưa HNMU/UET xác nhận.
20260715_sgv_crawl,SGV,6,https://cdn3.olm.vn/upload/taphuan/2026/0527/4918798731-page-78-1779892930974.png,shared/learning_resources/raw_page_images/sgv/tin_hoc_6/page_0078.png,35420f8748a3a04fd1c7b4100262716c8d995319a8ee449f2451e8b6d747454f,450802,2026-07-15,downloaded,Ảnh SGV crawl từ taphuan/nxbgd CDN; learning_material_id=LM-SGV-TIN6-4918798731; OCR Markdown v0 do Nguyên gửi đã được đăng ký trong ocr_text_manifest.csv và được dùng để build fragment/index truy xuất ở trạng thái draft; ảnh gốc vẫn là nguồn truy vết theo trang; chưa HNMU/UET xác nhận.
20260715_sgv_crawl,SGV,6,https://cdn3.olm.vn/upload/taphuan/2026/0527/4918798731-page-79-1779892931269.png,shared/learning_resources/raw_page_images/sgv/tin_hoc_6/page_0079.png,e0eb72306797ef526852b17de653e98cbccd90f84df2e87b1d37fae3f35d03af,468382,2026-07-15,downloaded,Ảnh SGV crawl từ taphuan/nxbgd CDN; learning_material_id=LM-SGV-TIN6-4918798731; OCR Markdown v0 do Nguyên gửi đã được đăng ký trong ocr_text_manifest.csv và được dùng để build fragment/index truy xuất ở trạng thái draft; ảnh gốc vẫn là nguồn truy vết theo trang; chưa HNMU/UET xác nhận.
20260715_sgv_crawl,SGV,6,https://cdn3.olm.vn/upload/taphuan/2026/0527/4918798731-page-80-1779892931542.png,shared/learning_resources/raw_page_images/sgv/tin_hoc_6/page_0080.png,9c775ea4deb78b7e394700bef90875952e940aca87416ab94e8f23379a16b9ab,188723,2026-07-15,downloaded,Ảnh SGV crawl từ taphuan/nxbgd CDN; learning_material_id=LM-SGV-TIN6-4918798731; OCR Markdown v0 do Nguyên gửi đã được đăng ký trong ocr_text_manifest.csv và được dùng để build fragment/index truy xuất ở trạng thái draft; ảnh gốc vẫn là nguồn truy vết theo trang; chưa HNMU/UET xác nhận.
20260715_sgv_crawl,SGV,6,https://cdn3.olm.vn/upload/taphuan/2026/0527/4918798731-page-81-1779892931836.png,shared/learning_resources/raw_page_images/sgv/tin_hoc_6/page_0081.png,2c5a884cd08bd8d925520e4e1348a43aac87c15c1d8af59efe8109a7a19c9f85,291356,2026-07-15,downloaded,Ảnh SGV crawl từ taphuan/nxbgd CDN; learning_material_id=LM-SGV-TIN6-4918798731; OCR Markdown v0 do Nguyên gửi đã được đăng ký trong ocr_text_manifest.csv và được dùng để build fragment/index truy xuất ở trạng thái draft; ảnh gốc vẫn là nguồn truy vết theo trang; chưa HNMU/UET xác nhận.
20260715_sgv_crawl,SGV,6,https://cdn3.olm.vn/upload/taphuan/2026/0527/4918798731-page-82-1779892932150.png,shared/learning_resources/raw_page_images/sgv/tin_hoc_6/page_0082.png,09a861050ee3504dc3953663292ab8794e449753e9089fc13b03e0a0b9031106,540638,2026-07-15,downloaded,Ảnh SGV crawl từ taphuan/nxbgd CDN; learning_material_id=LM-SGV-TIN6-4918798731; OCR Markdown v0 do Nguyên gửi đã được đăng ký trong ocr_text_manifest.csv và được dùng để build fragment/index truy xuất ở trạng thái draft; ảnh gốc vẫn là nguồn truy vết theo trang; chưa HNMU/UET xác nhận.
20260715_sgv_crawl,SGV,6,https://cdn3.olm.vn/upload/taphuan/2026/0527/4918798731-page-83-1779892932433.png,shared/learning_resources/raw_page_images/sgv/tin_hoc_6/page_0083.png,329d1d8bd50dfff8711f67ce13b2c08e0743d199fe02313efcdbb2f11a2f4a80,490086,2026-07-15,downloaded,Ảnh SGV crawl từ taphuan/nxbgd CDN; learning_material_id=LM-SGV-TIN6-4918798731; OCR Markdown v0 do Nguyên gửi đã được đăng ký trong ocr_text_manifest.csv và được dùng để build fragment/index truy xuất ở trạng thái draft; ảnh gốc vẫn là nguồn truy vết theo trang; chưa HNMU/UET xác nhận.
20260715_sgv_crawl,SGV,6,https://cdn3.olm.vn/upload/taphuan/2026/0527/4918798731-page-84-1779892932735.png,shared/learning_resources/raw_page_images/sgv/tin_hoc_6/page_0084.png,4c91783ebc819ac03077d2320890a5f55b03b9fa902b00d3b1143e493366df9c,432519,2026-07-15,downloaded,Ảnh SGV crawl từ taphuan/nxbgd CDN; learning_material_id=LM-SGV-TIN6-4918798731; OCR Markdown v0 do Nguyên gửi đã được đăng ký trong ocr_text_manifest.csv và được dùng để build fragment/index truy xuất ở trạng thái draft; ảnh gốc vẫn là nguồn truy vết theo trang; chưa HNMU/UET xác nhận.
20260715_sgv_crawl,SGV,6,https://cdn3.olm.vn/upload/taphuan/2026/0527/4918798731-page-85-1779892933043.png,shared/learning_resources/raw_page_images/sgv/tin_hoc_6/page_0085.png,f28a64e1bd6093bc55904c05b644471cfb94b1636c694b46de5c82e35ce04b51,271787,2026-07-15,downloaded,Ảnh SGV crawl từ taphuan/nxbgd CDN; learning_material_id=LM-SGV-TIN6-4918798731; OCR Markdown v0 do Nguyên gửi đã được đăng ký trong ocr_text_manifest.csv và được dùng để build fragment/index truy xuất ở trạng thái draft; ảnh gốc vẫn là nguồn truy vết theo trang; chưa HNMU/UET xác nhận.
20260715_sgv_crawl,SGV,6,https://cdn3.olm.vn/upload/taphuan/2026/0527/4918798731-page-86-1779892933330.png,shared/learning_resources/raw_page_images/sgv/tin_hoc_6/page_0086.png,8166bed54253e0c535369b0cbc76452eb2e249067dd3bb02c81f7383d505d49a,319591,2026-07-15,downloaded,Ảnh SGV crawl từ taphuan/nxbgd CDN; learning_material_id=LM-SGV-TIN6-4918798731; OCR Markdown v0 do Nguyên gửi đã được đăng ký trong ocr_text_manifest.csv và được dùng để build fragment/index truy xuất ở trạng thái draft; ảnh gốc vẫn là nguồn truy vết theo trang; chưa HNMU/UET xác nhận.
20260715_sgv_crawl,SGV,6,https://cdn3.olm.vn/upload/taphuan/2026/0527/4918798731-page-87-1779892933635.png,shared/learning_resources/raw_page_images/sgv/tin_hoc_6/page_0087.png,d6bec5a11ae87ab93a920107ea4fa07569ccffd52e52ae07f6631264bea7e4d3,230383,2026-07-15,downloaded,Ảnh SGV crawl từ taphuan/nxbgd CDN; learning_material_id=LM-SGV-TIN6-4918798731; OCR Markdown v0 do Nguyên gửi đã được đăng ký trong ocr_text_manifest.csv và được dùng để build fragment/index truy xuất ở trạng thái draft; ảnh gốc vẫn là nguồn truy vết theo trang; chưa HNMU/UET xác nhận.
20260715_sgv_crawl,SGV,6,https://cdn3.olm.vn/upload/taphuan/2026/0527/4918798731-page-88-1779892933967.png,shared/learning_resources/raw_page_images/sgv/tin_hoc_6/page_0088.png,f96416a4b172300a77b8033b78480bcb67c6eb875258d5d9bccb961d2573fdf8,370726,2026-07-15,downloaded,Ảnh SGV crawl từ taphuan/nxbgd CDN; learning_material_id=LM-SGV-TIN6-4918798731; OCR Markdown v0 do Nguyên gửi đã được đăng ký trong ocr_text_manifest.csv và được dùng để build fragment/index truy xuất ở trạng thái draft; ảnh gốc vẫn là nguồn truy vết theo trang; chưa HNMU/UET xác nhận.
20260715_sgv_crawl,SGV,6,https://cdn3.olm.vn/upload/taphuan/2026/0527/4918798731-page-89-1779892934226.png,shared/learning_resources/raw_page_images/sgv/tin_hoc_6/page_0089.png,fb2cdd86a862c2129b50bfff4a2eeaf91ae0ac36c1c84d4af090640616658675,229093,2026-07-15,downloaded,Ảnh SGV crawl từ taphuan/nxbgd CDN; learning_material_id=LM-SGV-TIN6-4918798731; OCR Markdown v0 do Nguyên gửi đã được đăng ký trong ocr_text_manifest.csv và được dùng để build fragment/index truy xuất ở trạng thái draft; ảnh gốc vẫn là nguồn truy vết theo trang; chưa HNMU/UET xác nhận.
20260715_sgv_crawl,SGV,6,https://cdn3.olm.vn/upload/taphuan/2026/0527/4918798731-page-90-1779892934483.png,shared/learning_resources/raw_page_images/sgv/tin_hoc_6/page_0090.png,69534bfd199d0ceec67a0a27096b2308ad574357e10b468a438463ead1f49df4,330389,2026-07-15,downloaded,Ảnh SGV crawl từ taphuan/nxbgd CDN; learning_material_id=LM-SGV-TIN6-4918798731; OCR Markdown v0 do Nguyên gửi đã được đăng ký trong ocr_text_manifest.csv và được dùng để build fragment/index truy xuất ở trạng thái draft; ảnh gốc vẫn là nguồn truy vết theo trang; chưa HNMU/UET xác nhận.
20260715_sgv_crawl,SGV,6,https://cdn3.olm.vn/upload/taphuan/2026/0527/4918798731-page-91-1779892934761.png,shared/learning_resources/raw_page_images/sgv/tin_hoc_6/page_0091.png,c55e2ad83f8d423f93399430dbf9094a4c50aece14b0e250aa3874d711484333,737881,2026-07-15,downloaded,Ảnh SGV crawl từ taphuan/nxbgd CDN; learning_material_id=LM-SGV-TIN6-4918798731; OCR Markdown v0 do Nguyên gửi đã được đăng ký trong ocr_text_manifest.csv và được dùng để build fragment/index truy xuất ở trạng thái draft; ảnh gốc vẫn là nguồn truy vết theo trang; chưa HNMU/UET xác nhận.
20260715_sgv_crawl,SGV,6,https://cdn3.olm.vn/upload/taphuan/2026/0527/4918798731-page-92-1779892935048.png,shared/learning_resources/raw_page_images/sgv/tin_hoc_6/page_0092.png,309f64cfceb3d7aaf1c623206b29363322c14052169ed7235f6618abedd7930e,423136,2026-07-15,downloaded,Ảnh SGV crawl từ taphuan/nxbgd CDN; learning_material_id=LM-SGV-TIN6-4918798731; OCR Markdown v0 do Nguyên gửi đã được đăng ký trong ocr_text_manifest.csv và được dùng để build fragment/index truy xuất ở trạng thái draft; ảnh gốc vẫn là nguồn truy vết theo trang; chưa HNMU/UET xác nhận.
20260715_sgv_crawl,SGV,6,https://cdn3.olm.vn/upload/taphuan/2026/0527/4918798731-page-93-1779892935368.png,shared/learning_resources/raw_page_images/sgv/tin_hoc_6/page_0093.png,6ef38e6704c128b1f1446f0b9274b912a8892460ba672be7dbef4e42f7f3cf96,342471,2026-07-15,downloaded,Ảnh SGV crawl từ taphuan/nxbgd CDN; learning_material_id=LM-SGV-TIN6-4918798731; OCR Markdown v0 do Nguyên gửi đã được đăng ký trong ocr_text_manifest.csv và được dùng để build fragment/index truy xuất ở trạng thái draft; ảnh gốc vẫn là nguồn truy vết theo trang; chưa HNMU/UET xác nhận.
20260715_sgv_crawl,SGV,6,https://cdn3.olm.vn/upload/taphuan/2026/0527/4918798731-page-94-1779892935720.png,shared/learning_resources/raw_page_images/sgv/tin_hoc_6/page_0094.png,9de3a4810319085f959ea3e1d3d62112f4a69c8d33b2a1d2af89f851ed4bd16c,624954,2026-07-15,downloaded,Ảnh SGV crawl từ taphuan/nxbgd CDN; learning_material_id=LM-SGV-TIN6-4918798731; OCR Markdown v0 do Nguyên gửi đã được đăng ký trong ocr_text_manifest.csv và được dùng để build fragment/index truy xuất ở trạng thái draft; ảnh gốc vẫn là nguồn truy vết theo trang; chưa HNMU/UET xác nhận.
20260715_sgv_crawl,SGV,6,https://cdn3.olm.vn/upload/taphuan/2026/0527/4918798731-page-95-1779892936027.png,shared/learning_resources/raw_page_images/sgv/tin_hoc_6/page_0095.png,e2b541c91da3d68b2e13e90b6ab886c1ad80c54789dd07060a002ce13b8b1265,491918,2026-07-15,downloaded,Ảnh SGV crawl từ taphuan/nxbgd CDN; learning_material_id=LM-SGV-TIN6-4918798731; OCR Markdown v0 do Nguyên gửi đã được đăng ký trong ocr_text_manifest.csv và được dùng để build fragment/index truy xuất ở trạng thái draft; ảnh gốc vẫn là nguồn truy vết theo trang; chưa HNMU/UET xác nhận.
20260715_sgv_crawl,SGV,6,https://cdn3.olm.vn/upload/taphuan/2026/0527/4918798731-page-96-1779892936355.png,shared/learning_resources/raw_page_images/sgv/tin_hoc_6/page_0096.png,30e9b0dd96d9a38a5b1bda8ba40256d2460cf1f3163b201025f1dc90ccbf1053,312714,2026-07-15,downloaded,Ảnh SGV crawl từ taphuan/nxbgd CDN; learning_material_id=LM-SGV-TIN6-4918798731; OCR Markdown v0 do Nguyên gửi đã được đăng ký trong ocr_text_manifest.csv và được dùng để build fragment/index truy xuất ở trạng thái draft; ảnh gốc vẫn là nguồn truy vết theo trang; chưa HNMU/UET xác nhận.
20260715_sgv_crawl,SGV,6,https://cdn3.olm.vn/upload/taphuan/2026/0527/4918798731-page-97-1779892936669.png,shared/learning_resources/raw_page_images/sgv/tin_hoc_6/page_0097.png,72bd95012f71a4917fae09406f7df1fee76aced21588ffe87c0368a4342de14c,385514,2026-07-15,downloaded,Ảnh SGV crawl từ taphuan/nxbgd CDN; learning_material_id=LM-SGV-TIN6-4918798731; OCR Markdown v0 do Nguyên gửi đã được đăng ký trong ocr_text_manifest.csv và được dùng để build fragment/index truy xuất ở trạng thái draft; ảnh gốc vẫn là nguồn truy vết theo trang; chưa HNMU/UET xác nhận.
20260715_sgv_crawl,SGV,6,https://cdn3.olm.vn/upload/taphuan/2026/0527/4918798731-page-98-1779892936976.png,shared/learning_resources/raw_page_images/sgv/tin_hoc_6/page_0098.png,e838825386d91f8e89cbec9104e0a7df30798bbf951e7726bef03c8bfeeb8d8b,626832,2026-07-15,downloaded,Ảnh SGV crawl từ taphuan/nxbgd CDN; learning_material_id=LM-SGV-TIN6-4918798731; OCR Markdown v0 do Nguyên gửi đã được đăng ký trong ocr_text_manifest.csv và được dùng để build fragment/index truy xuất ở trạng thái draft; ảnh gốc vẫn là nguồn truy vết theo trang; chưa HNMU/UET xác nhận.
20260715_sgv_crawl,SGV,7,https://cdn3.olm.vn/upload/taphuan/2026/0528/4920462481-page-1-1779977764754.png,shared/learning_resources/raw_page_images/sgv/tin_hoc_7/page_0001.png,322db64ad1caeeb6fd0706e3f7796592cea220f86596a8d77e9a5f72d1a780e1,1259584,2026-07-15,downloaded,Ảnh SGV crawl từ taphuan/nxbgd CDN; learning_material_id=LM-SGV-TIN7-4920462481; OCR Markdown v0 do Nguyên gửi đã được đăng ký trong ocr_text_manifest.csv và được dùng để build fragment/index truy xuất ở trạng thái draft; ảnh gốc vẫn là nguồn truy vết theo trang; chưa HNMU/UET xác nhận.
20260715_sgv_crawl,SGV,7,https://cdn3.olm.vn/upload/taphuan/2026/0528/4920462481-page-2-1779977765026.png,shared/learning_resources/raw_page_images/sgv/tin_hoc_7/page_0002.png,3a4b9cf0ad021e2ef0edbf49a7c738140d57b03c13fc4a107b7549c032119aec,197643,2026-07-15,downloaded,Ảnh SGV crawl từ taphuan/nxbgd CDN; learning_material_id=LM-SGV-TIN7-4920462481; OCR Markdown v0 do Nguyên gửi đã được đăng ký trong ocr_text_manifest.csv và được dùng để build fragment/index truy xuất ở trạng thái draft; ảnh gốc vẫn là nguồn truy vết theo trang; chưa HNMU/UET xác nhận.
20260715_sgv_crawl,SGV,7,https://cdn3.olm.vn/upload/taphuan/2026/0528/4920462481-page-3-1779977765503.png,shared/learning_resources/raw_page_images/sgv/tin_hoc_7/page_0003.png,1aee243f68147739f9d163def9ef95e709d68d9b1821edd947c3cbb5ad9dcc26,77912,2026-07-15,downloaded,Ảnh SGV crawl từ taphuan/nxbgd CDN; learning_material_id=LM-SGV-TIN7-4920462481; OCR Markdown v0 do Nguyên gửi đã được đăng ký trong ocr_text_manifest.csv và được dùng để build fragment/index truy xuất ở trạng thái draft; ảnh gốc vẫn là nguồn truy vết theo trang; chưa HNMU/UET xác nhận.
20260715_sgv_crawl,SGV,7,https://cdn3.olm.vn/upload/taphuan/2026/0528/4920462481-page-4-1779977766076.png,shared/learning_resources/raw_page_images/sgv/tin_hoc_7/page_0004.png,f39562c84f6c042efc366573d1ce6dfd283a6fc4e414e84134e73fc3861b8f8c,438668,2026-07-15,downloaded,Ảnh SGV crawl từ taphuan/nxbgd CDN; learning_material_id=LM-SGV-TIN7-4920462481; OCR Markdown v0 do Nguyên gửi đã được đăng ký trong ocr_text_manifest.csv và được dùng để build fragment/index truy xuất ở trạng thái draft; ảnh gốc vẫn là nguồn truy vết theo trang; chưa HNMU/UET xác nhận.
20260715_sgv_crawl,SGV,7,https://cdn3.olm.vn/upload/taphuan/2026/0528/4920462481-page-5-1779977766435.png,shared/learning_resources/raw_page_images/sgv/tin_hoc_7/page_0005.png,01434978fead7fa871db0535c23db057d0c3e37623653ab0299762b68178d3fc,852596,2026-07-15,downloaded,Ảnh SGV crawl từ taphuan/nxbgd CDN; learning_material_id=LM-SGV-TIN7-4920462481; OCR Markdown v0 do Nguyên gửi đã được đăng ký trong ocr_text_manifest.csv và được dùng để build fragment/index truy xuất ở trạng thái draft; ảnh gốc vẫn là nguồn truy vết theo trang; chưa HNMU/UET xác nhận.
20260715_sgv_crawl,SGV,7,https://cdn3.olm.vn/upload/taphuan/2026/0528/4920462481-page-6-1779977766743.png,shared/learning_resources/raw_page_images/sgv/tin_hoc_7/page_0006.png,5d4df7a05d54bde319684a30e4ab2eeaa1fa0e6e6841cf71b573bd4eccf37624,536836,2026-07-15,downloaded,Ảnh SGV crawl từ taphuan/nxbgd CDN; learning_material_id=LM-SGV-TIN7-4920462481; OCR Markdown v0 do Nguyên gửi đã được đăng ký trong ocr_text_manifest.csv và được dùng để build fragment/index truy xuất ở trạng thái draft; ảnh gốc vẫn là nguồn truy vết theo trang; chưa HNMU/UET xác nhận.
20260715_sgv_crawl,SGV,7,https://cdn3.olm.vn/upload/taphuan/2026/0528/4920462481-page-7-1779977767064.png,shared/learning_resources/raw_page_images/sgv/tin_hoc_7/page_0007.png,719e844cb771f3b0633c407849c4dfef0c3f57b0c9453c9e8c97d253333954ce,574334,2026-07-15,downloaded,Ảnh SGV crawl từ taphuan/nxbgd CDN; learning_material_id=LM-SGV-TIN7-4920462481; OCR Markdown v0 do Nguyên gửi đã được đăng ký trong ocr_text_manifest.csv và được dùng để build fragment/index truy xuất ở trạng thái draft; ảnh gốc vẫn là nguồn truy vết theo trang; chưa HNMU/UET xác nhận.
20260715_sgv_crawl,SGV,7,https://cdn3.olm.vn/upload/taphuan/2026/0528/4920462481-page-8-1779977767351.png,shared/learning_resources/raw_page_images/sgv/tin_hoc_7/page_0008.png,3572283d362a03ec37104ea67110c3306c66aedb4729a326d7493e4aa475adb6,537533,2026-07-15,downloaded,Ảnh SGV crawl từ taphuan/nxbgd CDN; learning_material_id=LM-SGV-TIN7-4920462481; OCR Markdown v0 do Nguyên gửi đã được đăng ký trong ocr_text_manifest.csv và được dùng để build fragment/index truy xuất ở trạng thái draft; ảnh gốc vẫn là nguồn truy vết theo trang; chưa HNMU/UET xác nhận.
20260715_sgv_crawl,SGV,7,https://cdn3.olm.vn/upload/taphuan/2026/0528/4920462481-page-9-1779977767637.png,shared/learning_resources/raw_page_images/sgv/tin_hoc_7/page_0009.png,5aeed4eba4351d8ab871dd57b84606ba94316e6a91d1c618733c58e46a68a7c2,339549,2026-07-15,downloaded,Ảnh SGV crawl từ taphuan/nxbgd CDN; learning_material_id=LM-SGV-TIN7-4920462481; OCR Markdown v0 do Nguyên gửi đã được đăng ký trong ocr_text_manifest.csv và được dùng để build fragment/index truy xuất ở trạng thái draft; ảnh gốc vẫn là nguồn truy vết theo trang; chưa HNMU/UET xác nhận.
20260715_sgv_crawl,SGV,7,https://cdn3.olm.vn/upload/taphuan/2026/0528/4920462481-page-10-1779977767922.png,shared/learning_resources/raw_page_images/sgv/tin_hoc_7/page_0010.png,d5adabbc404d38d0223799f617e3d5877bad8b40be840f2ecc71fc3e139bb5a4,1020936,2026-07-15,downloaded,Ảnh SGV crawl từ taphuan/nxbgd CDN; learning_material_id=LM-SGV-TIN7-4920462481; OCR Markdown v0 do Nguyên gửi đã được đăng ký trong ocr_text_manifest.csv và được dùng để build fragment/index truy xuất ở trạng thái draft; ảnh gốc vẫn là nguồn truy vết theo trang; chưa HNMU/UET xác nhận.
20260715_sgv_crawl,SGV,7,https://cdn3.olm.vn/upload/taphuan/2026/0528/4920462481-page-11-1779977768225.png,shared/learning_resources/raw_page_images/sgv/tin_hoc_7/page_0011.png,eeb0a2b675f41c4822f5b520d2536d42e85ecfc938062269ee8cdd753f336a38,707183,2026-07-15,downloaded,Ảnh SGV crawl từ taphuan/nxbgd CDN; learning_material_id=LM-SGV-TIN7-4920462481; OCR Markdown v0 do Nguyên gửi đã được đăng ký trong ocr_text_manifest.csv và được dùng để build fragment/index truy xuất ở trạng thái draft; ảnh gốc vẫn là nguồn truy vết theo trang; chưa HNMU/UET xác nhận.
20260715_sgv_crawl,SGV,7,https://cdn3.olm.vn/upload/taphuan/2026/0528/4920462481-page-12-1779977768507.png,shared/learning_resources/raw_page_images/sgv/tin_hoc_7/page_0012.png,a73c71cbf64681ad6c2c17c1276f2b7e9b5966813539ce993d6b1948e5dec450,707498,2026-07-15,downloaded,Ảnh SGV crawl từ taphuan/nxbgd CDN; learning_material_id=LM-SGV-TIN7-4920462481; OCR Markdown v0 do Nguyên gửi đã được đăng ký trong ocr_text_manifest.csv và được dùng để build fragment/index truy xuất ở trạng thái draft; ảnh gốc vẫn là nguồn truy vết theo trang; chưa HNMU/UET xác nhận.
20260715_sgv_crawl,SGV,7,https://cdn3.olm.vn/upload/taphuan/2026/0528/4920462481-page-13-1779977768785.png,shared/learning_resources/raw_page_images/sgv/tin_hoc_7/page_0013.png,1d50b575e1a1cf698776a2219c29d0c3074e2b044d4618a01fbabae31fb6b9f5,607775,2026-07-15,downloaded,Ảnh SGV crawl từ taphuan/nxbgd CDN; learning_material_id=LM-SGV-TIN7-4920462481; OCR Markdown v0 do Nguyên gửi đã được đăng ký trong ocr_text_manifest.csv và được dùng để build fragment/index truy xuất ở trạng thái draft; ảnh gốc vẫn là nguồn truy vết theo trang; chưa HNMU/UET xác nhận.
20260715_sgv_crawl,SGV,7,https://cdn3.olm.vn/upload/taphuan/2026/0528/4920462481-page-14-1779977769136.png,shared/learning_resources/raw_page_images/sgv/tin_hoc_7/page_0014.png,013f370948c047ac247ec49d68b32448da03a80160d216af3938ad70ee8d3b0f,607104,2026-07-15,downloaded,Ảnh SGV crawl từ taphuan/nxbgd CDN; learning_material_id=LM-SGV-TIN7-4920462481; OCR Markdown v0 do Nguyên gửi đã được đăng ký trong ocr_text_manifest.csv và được dùng để build fragment/index truy xuất ở trạng thái draft; ảnh gốc vẫn là nguồn truy vết theo trang; chưa HNMU/UET xác nhận.
20260715_sgv_crawl,SGV,7,https://cdn3.olm.vn/upload/taphuan/2026/0528/4920462481-page-15-1779977769799.png,shared/learning_resources/raw_page_images/sgv/tin_hoc_7/page_0015.png,4522ab868726c13fd3dcad4e60afaa9a28a917788be66c225a64584bd2710140,485405,2026-07-15,downloaded,Ảnh SGV crawl từ taphuan/nxbgd CDN; learning_material_id=LM-SGV-TIN7-4920462481; OCR Markdown v0 do Nguyên gửi đã được đăng ký trong ocr_text_manifest.csv và được dùng để build fragment/index truy xuất ở trạng thái draft; ảnh gốc vẫn là nguồn truy vết theo trang; chưa HNMU/UET xác nhận.
20260715_sgv_crawl,SGV,7,https://cdn3.olm.vn/upload/taphuan/2026/0528/4920462481-page-16-1779977770083.png,shared/learning_resources/raw_page_images/sgv/tin_hoc_7/page_0016.png,83cb432937b4aef6bfa825bee1245fdf7ddf1b9e4fe27bbfe9dd7f16165ea6b7,425303,2026-07-15,downloaded,Ảnh SGV crawl từ taphuan/nxbgd CDN; learning_material_id=LM-SGV-TIN7-4920462481; OCR Markdown v0 do Nguyên gửi đã được đăng ký trong ocr_text_manifest.csv và được dùng để build fragment/index truy xuất ở trạng thái draft; ảnh gốc vẫn là nguồn truy vết theo trang; chưa HNMU/UET xác nhận.
20260715_sgv_crawl,SGV,7,https://cdn3.olm.vn/upload/taphuan/2026/0528/4920462481-page-17-1779977770731.png,shared/learning_resources/raw_page_images/sgv/tin_hoc_7/page_0017.png,3106ad2f07871387a2a4dc7e86489c39b3c65310815d82a978eaebfda505ae07,496107,2026-07-15,downloaded,Ảnh SGV crawl từ taphuan/nxbgd CDN; learning_material_id=LM-SGV-TIN7-4920462481; OCR Markdown v0 do Nguyên gửi đã được đăng ký trong ocr_text_manifest.csv và được dùng để build fragment/index truy xuất ở trạng thái draft; ảnh gốc vẫn là nguồn truy vết theo trang; chưa HNMU/UET xác nhận.
20260715_sgv_crawl,SGV,7,https://cdn3.olm.vn/upload/taphuan/2026/0528/4920462481-page-18-1779977771035.png,shared/learning_resources/raw_page_images/sgv/tin_hoc_7/page_0018.png,356fe5e8fe6d55c0f2b654a39028570c629799e5c945b8f64463de8fd526b2fc,448156,2026-07-15,downloaded,Ảnh SGV crawl từ taphuan/nxbgd CDN; learning_material_id=LM-SGV-TIN7-4920462481; OCR Markdown v0 do Nguyên gửi đã được đăng ký trong ocr_text_manifest.csv và được dùng để build fragment/index truy xuất ở trạng thái draft; ảnh gốc vẫn là nguồn truy vết theo trang; chưa HNMU/UET xác nhận.
20260715_sgv_crawl,SGV,7,https://cdn3.olm.vn/upload/taphuan/2026/0528/4920462481-page-19-1779977771315.png,shared/learning_resources/raw_page_images/sgv/tin_hoc_7/page_0019.png,65046ce0cb5a7a75aebd6510d3321903a337f408800cac77c39fa9f66654182f,475794,2026-07-15,downloaded,Ảnh SGV crawl từ taphuan/nxbgd CDN; learning_material_id=LM-SGV-TIN7-4920462481; OCR Markdown v0 do Nguyên gửi đã được đăng ký trong ocr_text_manifest.csv và được dùng để build fragment/index truy xuất ở trạng thái draft; ảnh gốc vẫn là nguồn truy vết theo trang; chưa HNMU/UET xác nhận.
20260715_sgv_crawl,SGV,7,https://cdn3.olm.vn/upload/taphuan/2026/0528/4920462481-page-20-1779977771594.png,shared/learning_resources/raw_page_images/sgv/tin_hoc_7/page_0020.png,d352cc93647044202d9957315a8aeaad9b964cc147b664fef5b41e3d33596bb1,524213,2026-07-15,downloaded,Ảnh SGV crawl từ taphuan/nxbgd CDN; learning_material_id=LM-SGV-TIN7-4920462481; OCR Markdown v0 do Nguyên gửi đã được đăng ký trong ocr_text_manifest.csv và được dùng để build fragment/index truy xuất ở trạng thái draft; ảnh gốc vẫn là nguồn truy vết theo trang; chưa HNMU/UET xác nhận.
20260715_sgv_crawl,SGV,7,https://cdn3.olm.vn/upload/taphuan/2026/0528/4920462481-page-21-1779977772841.png,shared/learning_resources/raw_page_images/sgv/tin_hoc_7/page_0021.png,920a34ceff16b95a002d9917d096790c41c21ec6132cb96b4e41d9561b1ed75d,470818,2026-07-15,downloaded,Ảnh SGV crawl từ taphuan/nxbgd CDN; learning_material_id=LM-SGV-TIN7-4920462481; OCR Markdown v0 do Nguyên gửi đã được đăng ký trong ocr_text_manifest.csv và được dùng để build fragment/index truy xuất ở trạng thái draft; ảnh gốc vẫn là nguồn truy vết theo trang; chưa HNMU/UET xác nhận.
20260715_sgv_crawl,SGV,7,https://cdn3.olm.vn/upload/taphuan/2026/0528/4920462481-page-22-1779977773136.png,shared/learning_resources/raw_page_images/sgv/tin_hoc_7/page_0022.png,623aa41a0e9cdaabe2bf76ff374974461139c788808060fb70b3fc4920d090da,796049,2026-07-15,downloaded,Ảnh SGV crawl từ taphuan/nxbgd CDN; learning_material_id=LM-SGV-TIN7-4920462481; OCR Markdown v0 do Nguyên gửi đã được đăng ký trong ocr_text_manifest.csv và được dùng để build fragment/index truy xuất ở trạng thái draft; ảnh gốc vẫn là nguồn truy vết theo trang; chưa HNMU/UET xác nhận.
20260715_sgv_crawl,SGV,7,https://cdn3.olm.vn/upload/taphuan/2026/0528/4920462481-page-23-1779977773412.png,shared/learning_resources/raw_page_images/sgv/tin_hoc_7/page_0023.png,f137ad5a157e271380e4d37224e182947111c2b8fef7ff36b51afa86c9351f80,525246,2026-07-15,downloaded,Ảnh SGV crawl từ taphuan/nxbgd CDN; learning_material_id=LM-SGV-TIN7-4920462481; OCR Markdown v0 do Nguyên gửi đã được đăng ký trong ocr_text_manifest.csv và được dùng để build fragment/index truy xuất ở trạng thái draft; ảnh gốc vẫn là nguồn truy vết theo trang; chưa HNMU/UET xác nhận.
20260715_sgv_crawl,SGV,7,https://cdn3.olm.vn/upload/taphuan/2026/0528/4920462481-page-24-1779977773711.png,shared/learning_resources/raw_page_images/sgv/tin_hoc_7/page_0024.png,26c3231e68df3b804e6730c94879a0907d2f889a609e23964d8b7a6c7530a66e,634981,2026-07-15,downloaded,Ảnh SGV crawl từ taphuan/nxbgd CDN; learning_material_id=LM-SGV-TIN7-4920462481; OCR Markdown v0 do Nguyên gửi đã được đăng ký trong ocr_text_manifest.csv và được dùng để build fragment/index truy xuất ở trạng thái draft; ảnh gốc vẫn là nguồn truy vết theo trang; chưa HNMU/UET xác nhận.
20260715_sgv_crawl,SGV,7,https://cdn3.olm.vn/upload/taphuan/2026/0528/4920462481-page-25-1779977774000.png,shared/learning_resources/raw_page_images/sgv/tin_hoc_7/page_0025.png,a93352f24f20cc35cb1b4be40e1852fbe6887360f552d67c53b33a31100b2b0e,544594,2026-07-15,downloaded,Ảnh SGV crawl từ taphuan/nxbgd CDN; learning_material_id=LM-SGV-TIN7-4920462481; OCR Markdown v0 do Nguyên gửi đã được đăng ký trong ocr_text_manifest.csv và được dùng để build fragment/index truy xuất ở trạng thái draft; ảnh gốc vẫn là nguồn truy vết theo trang; chưa HNMU/UET xác nhận.
20260715_sgv_crawl,SGV,7,https://cdn3.olm.vn/upload/taphuan/2026/0528/4920462481-page-26-1779977774290.png,shared/learning_resources/raw_page_images/sgv/tin_hoc_7/page_0026.png,8780fef864cf91a10143fe51837221043e2cd4217400f088b47c9f30f0486b8d,511993,2026-07-15,downloaded,Ảnh SGV crawl từ taphuan/nxbgd CDN; learning_material_id=LM-SGV-TIN7-4920462481; OCR Markdown v0 do Nguyên gửi đã được đăng ký trong ocr_text_manifest.csv và được dùng để build fragment/index truy xuất ở trạng thái draft; ảnh gốc vẫn là nguồn truy vết theo trang; chưa HNMU/UET xác nhận.
20260715_sgv_crawl,SGV,7,https://cdn3.olm.vn/upload/taphuan/2026/0528/4920462481-page-27-1779977774553.png,shared/learning_resources/raw_page_images/sgv/tin_hoc_7/page_0027.png,68315d10b2403a1b5150f733455f751cbab1706f080872b09f179cd0f2e4a637,519467,2026-07-15,downloaded,Ảnh SGV crawl từ taphuan/nxbgd CDN; learning_material_id=LM-SGV-TIN7-4920462481; OCR Markdown v0 do Nguyên gửi đã được đăng ký trong ocr_text_manifest.csv và được dùng để build fragment/index truy xuất ở trạng thái draft; ảnh gốc vẫn là nguồn truy vết theo trang; chưa HNMU/UET xác nhận.
20260715_sgv_crawl,SGV,7,https://cdn3.olm.vn/upload/taphuan/2026/0528/4920462481-page-28-1779977774871.png,shared/learning_resources/raw_page_images/sgv/tin_hoc_7/page_0028.png,1486cf2c365ef04b43cd11f66dc2da94391d54d3a07458c5bb40ea2834e23cd5,522924,2026-07-15,downloaded,Ảnh SGV crawl từ taphuan/nxbgd CDN; learning_material_id=LM-SGV-TIN7-4920462481; OCR Markdown v0 do Nguyên gửi đã được đăng ký trong ocr_text_manifest.csv và được dùng để build fragment/index truy xuất ở trạng thái draft; ảnh gốc vẫn là nguồn truy vết theo trang; chưa HNMU/UET xác nhận.
20260715_sgv_crawl,SGV,7,https://cdn3.olm.vn/upload/taphuan/2026/0528/4920462481-page-29-1779977775151.png,shared/learning_resources/raw_page_images/sgv/tin_hoc_7/page_0029.png,6c54e20bba9830447ed273c2df6cef5eb9486e0ffbc446040e7810e41b3050a1,498155,2026-07-15,downloaded,Ảnh SGV crawl từ taphuan/nxbgd CDN; learning_material_id=LM-SGV-TIN7-4920462481; OCR Markdown v0 do Nguyên gửi đã được đăng ký trong ocr_text_manifest.csv và được dùng để build fragment/index truy xuất ở trạng thái draft; ảnh gốc vẫn là nguồn truy vết theo trang; chưa HNMU/UET xác nhận.
20260715_sgv_crawl,SGV,7,https://cdn3.olm.vn/upload/taphuan/2026/0528/4920462481-page-30-1779977775501.png,shared/learning_resources/raw_page_images/sgv/tin_hoc_7/page_0030.png,1165d54f44743bb5a112e95454ec540801517f096d75e537ea9b54baaa47c322,453279,2026-07-15,downloaded,Ảnh SGV crawl từ taphuan/nxbgd CDN; learning_material_id=LM-SGV-TIN7-4920462481; OCR Markdown v0 do Nguyên gửi đã được đăng ký trong ocr_text_manifest.csv và được dùng để build fragment/index truy xuất ở trạng thái draft; ảnh gốc vẫn là nguồn truy vết theo trang; chưa HNMU/UET xác nhận.
20260715_sgv_crawl,SGV,7,https://cdn3.olm.vn/upload/taphuan/2026/0528/4920462481-page-31-1779977775777.png,shared/learning_resources/raw_page_images/sgv/tin_hoc_7/page_0031.png,5a5b211cc90595093578b79d1831d90a5c0e9e1ede76eb2fcc35a1d532146ad5,614627,2026-07-15,downloaded,Ảnh SGV crawl từ taphuan/nxbgd CDN; learning_material_id=LM-SGV-TIN7-4920462481; OCR Markdown v0 do Nguyên gửi đã được đăng ký trong ocr_text_manifest.csv và được dùng để build fragment/index truy xuất ở trạng thái draft; ảnh gốc vẫn là nguồn truy vết theo trang; chưa HNMU/UET xác nhận.
20260715_sgv_crawl,SGV,7,https://cdn3.olm.vn/upload/taphuan/2026/0528/4920462481-page-32-1779977776046.png,shared/learning_resources/raw_page_images/sgv/tin_hoc_7/page_0032.png,c1d624bc9b352cea255863a3dd9b1a854945176cf2c82fb58fbb2cbb16efb41a,444107,2026-07-15,downloaded,Ảnh SGV crawl từ taphuan/nxbgd CDN; learning_material_id=LM-SGV-TIN7-4920462481; OCR Markdown v0 do Nguyên gửi đã được đăng ký trong ocr_text_manifest.csv và được dùng để build fragment/index truy xuất ở trạng thái draft; ảnh gốc vẫn là nguồn truy vết theo trang; chưa HNMU/UET xác nhận.
20260715_sgv_crawl,SGV,7,https://cdn3.olm.vn/upload/taphuan/2026/0528/4920462481-page-33-1779977776315.png,shared/learning_resources/raw_page_images/sgv/tin_hoc_7/page_0033.png,3725fcf39eaa8b3edfa849fa377041a076d278485d2e8040c985cd669a64b8d2,237253,2026-07-15,downloaded,Ảnh SGV crawl từ taphuan/nxbgd CDN; learning_material_id=LM-SGV-TIN7-4920462481; OCR Markdown v0 do Nguyên gửi đã được đăng ký trong ocr_text_manifest.csv và được dùng để build fragment/index truy xuất ở trạng thái draft; ảnh gốc vẫn là nguồn truy vết theo trang; chưa HNMU/UET xác nhận.
20260715_sgv_crawl,SGV,7,https://cdn3.olm.vn/upload/taphuan/2026/0528/4920462481-page-34-1779977776622.png,shared/learning_resources/raw_page_images/sgv/tin_hoc_7/page_0034.png,767dac3c3a50a750064b04975d6dbd4d6f3bd469498ae3a91170b52622c4f72f,423429,2026-07-15,downloaded,Ảnh SGV crawl từ taphuan/nxbgd CDN; learning_material_id=LM-SGV-TIN7-4920462481; OCR Markdown v0 do Nguyên gửi đã được đăng ký trong ocr_text_manifest.csv và được dùng để build fragment/index truy xuất ở trạng thái draft; ảnh gốc vẫn là nguồn truy vết theo trang; chưa HNMU/UET xác nhận.
20260715_sgv_crawl,SGV,7,https://cdn3.olm.vn/upload/taphuan/2026/0528/4920462481-page-35-1779977776901.png,shared/learning_resources/raw_page_images/sgv/tin_hoc_7/page_0035.png,f05870f975447f96b942431a0548d388a353e12ff61d051607861e0f71c27c40,504373,2026-07-15,downloaded,Ảnh SGV crawl từ taphuan/nxbgd CDN; learning_material_id=LM-SGV-TIN7-4920462481; OCR Markdown v0 do Nguyên gửi đã được đăng ký trong ocr_text_manifest.csv và được dùng để build fragment/index truy xuất ở trạng thái draft; ảnh gốc vẫn là nguồn truy vết theo trang; chưa HNMU/UET xác nhận.
20260715_sgv_crawl,SGV,7,https://cdn3.olm.vn/upload/taphuan/2026/0528/4920462481-page-36-1779977777199.png,shared/learning_resources/raw_page_images/sgv/tin_hoc_7/page_0036.png,6175dc5dc3514dd14a646194881f7fd49ca5d5ce92e7606df197f3340c2ab020,479918,2026-07-15,downloaded,Ảnh SGV crawl từ taphuan/nxbgd CDN; learning_material_id=LM-SGV-TIN7-4920462481; OCR Markdown v0 do Nguyên gửi đã được đăng ký trong ocr_text_manifest.csv và được dùng để build fragment/index truy xuất ở trạng thái draft; ảnh gốc vẫn là nguồn truy vết theo trang; chưa HNMU/UET xác nhận.
20260715_sgv_crawl,SGV,7,https://cdn3.olm.vn/upload/taphuan/2026/0528/4920462481-page-37-1779977777492.png,shared/learning_resources/raw_page_images/sgv/tin_hoc_7/page_0037.png,36768f56915d6734275a464193cbe9cb6e68b75b8008a5596ba1ce172ce6f726,442889,2026-07-15,downloaded,Ảnh SGV crawl từ taphuan/nxbgd CDN; learning_material_id=LM-SGV-TIN7-4920462481; OCR Markdown v0 do Nguyên gửi đã được đăng ký trong ocr_text_manifest.csv và được dùng để build fragment/index truy xuất ở trạng thái draft; ảnh gốc vẫn là nguồn truy vết theo trang; chưa HNMU/UET xác nhận.
20260715_sgv_crawl,SGV,7,https://cdn3.olm.vn/upload/taphuan/2026/0528/4920462481-page-38-1779977777752.png,shared/learning_resources/raw_page_images/sgv/tin_hoc_7/page_0038.png,abb7408a017e71d6175fdfb5a989f705db1631166009f1944610962d94b4c1eb,454125,2026-07-15,downloaded,Ảnh SGV crawl từ taphuan/nxbgd CDN; learning_material_id=LM-SGV-TIN7-4920462481; OCR Markdown v0 do Nguyên gửi đã được đăng ký trong ocr_text_manifest.csv và được dùng để build fragment/index truy xuất ở trạng thái draft; ảnh gốc vẫn là nguồn truy vết theo trang; chưa HNMU/UET xác nhận.
20260715_sgv_crawl,SGV,7,https://cdn3.olm.vn/upload/taphuan/2026/0528/4920462481-page-39-1779977778044.png,shared/learning_resources/raw_page_images/sgv/tin_hoc_7/page_0039.png,ba216003cd8d943058e6fa62bfd9df50a212e55549e176e430a3d59908d3dc36,448865,2026-07-15,downloaded,Ảnh SGV crawl từ taphuan/nxbgd CDN; learning_material_id=LM-SGV-TIN7-4920462481; OCR Markdown v0 do Nguyên gửi đã được đăng ký trong ocr_text_manifest.csv và được dùng để build fragment/index truy xuất ở trạng thái draft; ảnh gốc vẫn là nguồn truy vết theo trang; chưa HNMU/UET xác nhận.
20260715_sgv_crawl,SGV,7,https://cdn3.olm.vn/upload/taphuan/2026/0528/4920462481-page-40-1779977778358.png,shared/learning_resources/raw_page_images/sgv/tin_hoc_7/page_0040.png,04a40322cc78df77d95943069af514b36392ccfe02df45cf60ee33e97e34863a,570201,2026-07-15,downloaded,Ảnh SGV crawl từ taphuan/nxbgd CDN; learning_material_id=LM-SGV-TIN7-4920462481; OCR Markdown v0 do Nguyên gửi đã được đăng ký trong ocr_text_manifest.csv và được dùng để build fragment/index truy xuất ở trạng thái draft; ảnh gốc vẫn là nguồn truy vết theo trang; chưa HNMU/UET xác nhận.
20260715_sgv_crawl,SGV,7,https://cdn3.olm.vn/upload/taphuan/2026/0528/4920462481-page-41-1779977778885.png,shared/learning_resources/raw_page_images/sgv/tin_hoc_7/page_0041.png,6e4a136462b855268b7473925f0217896ff23da8509e185a5a8758731a181569,516286,2026-07-15,downloaded,Ảnh SGV crawl từ taphuan/nxbgd CDN; learning_material_id=LM-SGV-TIN7-4920462481; OCR Markdown v0 do Nguyên gửi đã được đăng ký trong ocr_text_manifest.csv và được dùng để build fragment/index truy xuất ở trạng thái draft; ảnh gốc vẫn là nguồn truy vết theo trang; chưa HNMU/UET xác nhận.
20260715_sgv_crawl,SGV,7,https://cdn3.olm.vn/upload/taphuan/2026/0528/4920462481-page-42-1779977779204.png,shared/learning_resources/raw_page_images/sgv/tin_hoc_7/page_0042.png,598dc534805d67b69beff56524fdbe59aceee281404bb2df4edffdf3f8815950,457319,2026-07-15,downloaded,Ảnh SGV crawl từ taphuan/nxbgd CDN; learning_material_id=LM-SGV-TIN7-4920462481; OCR Markdown v0 do Nguyên gửi đã được đăng ký trong ocr_text_manifest.csv và được dùng để build fragment/index truy xuất ở trạng thái draft; ảnh gốc vẫn là nguồn truy vết theo trang; chưa HNMU/UET xác nhận.
20260715_sgv_crawl,SGV,7,https://cdn3.olm.vn/upload/taphuan/2026/0528/4920462481-page-43-1779977779476.png,shared/learning_resources/raw_page_images/sgv/tin_hoc_7/page_0043.png,354d58176c071b9a4760c6ccc021a5fb1e632c8ab79fbd20bef5a0dddd36a6ee,470111,2026-07-15,downloaded,Ảnh SGV crawl từ taphuan/nxbgd CDN; learning_material_id=LM-SGV-TIN7-4920462481; OCR Markdown v0 do Nguyên gửi đã được đăng ký trong ocr_text_manifest.csv và được dùng để build fragment/index truy xuất ở trạng thái draft; ảnh gốc vẫn là nguồn truy vết theo trang; chưa HNMU/UET xác nhận.
20260715_sgv_crawl,SGV,7,https://cdn3.olm.vn/upload/taphuan/2026/0528/4920462481-page-44-1779977779750.png,shared/learning_resources/raw_page_images/sgv/tin_hoc_7/page_0044.png,3b35a2ce9cf35c51299e3585e55b3fba66dafc302a8a931a4fb13ed0ad4dc2a9,395200,2026-07-15,downloaded,Ảnh SGV crawl từ taphuan/nxbgd CDN; learning_material_id=LM-SGV-TIN7-4920462481; OCR Markdown v0 do Nguyên gửi đã được đăng ký trong ocr_text_manifest.csv và được dùng để build fragment/index truy xuất ở trạng thái draft; ảnh gốc vẫn là nguồn truy vết theo trang; chưa HNMU/UET xác nhận.
20260715_sgv_crawl,SGV,7,https://cdn3.olm.vn/upload/taphuan/2026/0528/4920462481-page-45-1779977780080.png,shared/learning_resources/raw_page_images/sgv/tin_hoc_7/page_0045.png,735dbfce91cae3b6422741581141e05c9401f375f02e4b7a85ed07e812caf05f,402810,2026-07-15,downloaded,Ảnh SGV crawl từ taphuan/nxbgd CDN; learning_material_id=LM-SGV-TIN7-4920462481; OCR Markdown v0 do Nguyên gửi đã được đăng ký trong ocr_text_manifest.csv và được dùng để build fragment/index truy xuất ở trạng thái draft; ảnh gốc vẫn là nguồn truy vết theo trang; chưa HNMU/UET xác nhận.
20260715_sgv_crawl,SGV,7,https://cdn3.olm.vn/upload/taphuan/2026/0528/4920462481-page-46-1779977780623.png,shared/learning_resources/raw_page_images/sgv/tin_hoc_7/page_0046.png,5ea7e9dc6296a87d86ccddf37f7b73dd82ceb05ae50f76450bb5210fa2087220,472015,2026-07-15,downloaded,Ảnh SGV crawl từ taphuan/nxbgd CDN; learning_material_id=LM-SGV-TIN7-4920462481; OCR Markdown v0 do Nguyên gửi đã được đăng ký trong ocr_text_manifest.csv và được dùng để build fragment/index truy xuất ở trạng thái draft; ảnh gốc vẫn là nguồn truy vết theo trang; chưa HNMU/UET xác nhận.
20260715_sgv_crawl,SGV,7,https://cdn3.olm.vn/upload/taphuan/2026/0528/4920462481-page-47-1779977780936.png,shared/learning_resources/raw_page_images/sgv/tin_hoc_7/page_0047.png,f9833d9e77ccbd2398f434cad0c1f45125691d8e5d4b862ea88c8503a4766935,469655,2026-07-15,downloaded,Ảnh SGV crawl từ taphuan/nxbgd CDN; learning_material_id=LM-SGV-TIN7-4920462481; OCR Markdown v0 do Nguyên gửi đã được đăng ký trong ocr_text_manifest.csv và được dùng để build fragment/index truy xuất ở trạng thái draft; ảnh gốc vẫn là nguồn truy vết theo trang; chưa HNMU/UET xác nhận.
20260715_sgv_crawl,SGV,7,https://cdn3.olm.vn/upload/taphuan/2026/0528/4920462481-page-48-1779977781204.png,shared/learning_resources/raw_page_images/sgv/tin_hoc_7/page_0048.png,8e69d9cf31bf98817885f95da29fc0406f6d45acabfe43afefff609b885466a8,562858,2026-07-15,downloaded,Ảnh SGV crawl từ taphuan/nxbgd CDN; learning_material_id=LM-SGV-TIN7-4920462481; OCR Markdown v0 do Nguyên gửi đã được đăng ký trong ocr_text_manifest.csv và được dùng để build fragment/index truy xuất ở trạng thái draft; ảnh gốc vẫn là nguồn truy vết theo trang; chưa HNMU/UET xác nhận.
20260715_sgv_crawl,SGV,7,https://cdn3.olm.vn/upload/taphuan/2026/0528/4920462481-page-49-1779977781496.png,shared/learning_resources/raw_page_images/sgv/tin_hoc_7/page_0049.png,881ddff827d99bb89c1e6e54d4a1131422b3874b88d60066493600637ddba343,494418,2026-07-15,downloaded,Ảnh SGV crawl từ taphuan/nxbgd CDN; learning_material_id=LM-SGV-TIN7-4920462481; OCR Markdown v0 do Nguyên gửi đã được đăng ký trong ocr_text_manifest.csv và được dùng để build fragment/index truy xuất ở trạng thái draft; ảnh gốc vẫn là nguồn truy vết theo trang; chưa HNMU/UET xác nhận.
20260715_sgv_crawl,SGV,7,https://cdn3.olm.vn/upload/taphuan/2026/0528/4920462481-page-50-1779977781779.png,shared/learning_resources/raw_page_images/sgv/tin_hoc_7/page_0050.png,a760a0db5c0437c789d485c9281fcc8ad09c7cd87ecc514d69b5adccea87c4ab,487285,2026-07-15,downloaded,Ảnh SGV crawl từ taphuan/nxbgd CDN; learning_material_id=LM-SGV-TIN7-4920462481; OCR Markdown v0 do Nguyên gửi đã được đăng ký trong ocr_text_manifest.csv và được dùng để build fragment/index truy xuất ở trạng thái draft; ảnh gốc vẫn là nguồn truy vết theo trang; chưa HNMU/UET xác nhận.
20260715_sgv_crawl,SGV,7,https://cdn3.olm.vn/upload/taphuan/2026/0528/4920462481-page-51-1779977782067.png,shared/learning_resources/raw_page_images/sgv/tin_hoc_7/page_0051.png,95429afe91e03a9f528ff44001831b46864b8b98ed5fe7387c6921216119a0aa,650137,2026-07-15,downloaded,Ảnh SGV crawl từ taphuan/nxbgd CDN; learning_material_id=LM-SGV-TIN7-4920462481; OCR Markdown v0 do Nguyên gửi đã được đăng ký trong ocr_text_manifest.csv và được dùng để build fragment/index truy xuất ở trạng thái draft; ảnh gốc vẫn là nguồn truy vết theo trang; chưa HNMU/UET xác nhận.
20260715_sgv_crawl,SGV,7,https://cdn3.olm.vn/upload/taphuan/2026/0528/4920462481-page-52-1779977782343.png,shared/learning_resources/raw_page_images/sgv/tin_hoc_7/page_0052.png,84eb6a9a094c25d57edbb206df1ae350bdd6a4fd8fbe51df7544ed5d92830ae6,599274,2026-07-15,downloaded,Ảnh SGV crawl từ taphuan/nxbgd CDN; learning_material_id=LM-SGV-TIN7-4920462481; OCR Markdown v0 do Nguyên gửi đã được đăng ký trong ocr_text_manifest.csv và được dùng để build fragment/index truy xuất ở trạng thái draft; ảnh gốc vẫn là nguồn truy vết theo trang; chưa HNMU/UET xác nhận.
20260715_sgv_crawl,SGV,7,https://cdn3.olm.vn/upload/taphuan/2026/0528/4920462481-page-53-1779977783124.png,shared/learning_resources/raw_page_images/sgv/tin_hoc_7/page_0053.png,fe4107583f00ce10e18ee2283ac0ad209c6baca55e602dcda998eba6853bfd94,540958,2026-07-15,downloaded,Ảnh SGV crawl từ taphuan/nxbgd CDN; learning_material_id=LM-SGV-TIN7-4920462481; OCR Markdown v0 do Nguyên gửi đã được đăng ký trong ocr_text_manifest.csv và được dùng để build fragment/index truy xuất ở trạng thái draft; ảnh gốc vẫn là nguồn truy vết theo trang; chưa HNMU/UET xác nhận.
20260715_sgv_crawl,SGV,7,https://cdn3.olm.vn/upload/taphuan/2026/0528/4920462481-page-54-1779977783484.png,shared/learning_resources/raw_page_images/sgv/tin_hoc_7/page_0054.png,7c3c0479e9b15f272520029d02401479cee924b9317058fa451b65bc8cba8340,514065,2026-07-15,downloaded,Ảnh SGV crawl từ taphuan/nxbgd CDN; learning_material_id=LM-SGV-TIN7-4920462481; OCR Markdown v0 do Nguyên gửi đã được đăng ký trong ocr_text_manifest.csv và được dùng để build fragment/index truy xuất ở trạng thái draft; ảnh gốc vẫn là nguồn truy vết theo trang; chưa HNMU/UET xác nhận.
20260715_sgv_crawl,SGV,7,https://cdn3.olm.vn/upload/taphuan/2026/0528/4920462481-page-55-1779977783855.png,shared/learning_resources/raw_page_images/sgv/tin_hoc_7/page_0055.png,27320268e26916232ade9f6754dd7048bfb927e0734a2cf43d37846267edb7cb,671489,2026-07-15,downloaded,Ảnh SGV crawl từ taphuan/nxbgd CDN; learning_material_id=LM-SGV-TIN7-4920462481; OCR Markdown v0 do Nguyên gửi đã được đăng ký trong ocr_text_manifest.csv và được dùng để build fragment/index truy xuất ở trạng thái draft; ảnh gốc vẫn là nguồn truy vết theo trang; chưa HNMU/UET xác nhận.
20260715_sgv_crawl,SGV,7,https://cdn3.olm.vn/upload/taphuan/2026/0528/4920462481-page-56-1779977784214.png,shared/learning_resources/raw_page_images/sgv/tin_hoc_7/page_0056.png,cda7dfad7ae3aa6a71f4dc0463c31bab89da449dabb81630ae348b2250791682,503781,2026-07-15,downloaded,Ảnh SGV crawl từ taphuan/nxbgd CDN; learning_material_id=LM-SGV-TIN7-4920462481; OCR Markdown v0 do Nguyên gửi đã được đăng ký trong ocr_text_manifest.csv và được dùng để build fragment/index truy xuất ở trạng thái draft; ảnh gốc vẫn là nguồn truy vết theo trang; chưa HNMU/UET xác nhận.
20260715_sgv_crawl,SGV,7,https://cdn3.olm.vn/upload/taphuan/2026/0528/4920462481-page-57-1779977784865.png,shared/learning_resources/raw_page_images/sgv/tin_hoc_7/page_0057.png,27cde4035c76939e95ceb790c4f0e1849f9c925e216ea0b3d2808817c4259503,266989,2026-07-15,downloaded,Ảnh SGV crawl từ taphuan/nxbgd CDN; learning_material_id=LM-SGV-TIN7-4920462481; OCR Markdown v0 do Nguyên gửi đã được đăng ký trong ocr_text_manifest.csv và được dùng để build fragment/index truy xuất ở trạng thái draft; ảnh gốc vẫn là nguồn truy vết theo trang; chưa HNMU/UET xác nhận.
20260715_sgv_crawl,SGV,7,https://cdn3.olm.vn/upload/taphuan/2026/0528/4920462481-page-58-1779977785248.png,shared/learning_resources/raw_page_images/sgv/tin_hoc_7/page_0058.png,a2453eaabb7e8048a6a784e3b779c8a988cb818351223d2467cedbc5b3984884,597788,2026-07-15,downloaded,Ảnh SGV crawl từ taphuan/nxbgd CDN; learning_material_id=LM-SGV-TIN7-4920462481; OCR Markdown v0 do Nguyên gửi đã được đăng ký trong ocr_text_manifest.csv và được dùng để build fragment/index truy xuất ở trạng thái draft; ảnh gốc vẫn là nguồn truy vết theo trang; chưa HNMU/UET xác nhận.
20260715_sgv_crawl,SGV,7,https://cdn3.olm.vn/upload/taphuan/2026/0528/4920462481-page-59-1779977785583.png,shared/learning_resources/raw_page_images/sgv/tin_hoc_7/page_0059.png,109a1417e4d53b084f4b1681bcb54847ff30635b087fa98953661812688ced50,422301,2026-07-15,downloaded,Ảnh SGV crawl từ taphuan/nxbgd CDN; learning_material_id=LM-SGV-TIN7-4920462481; OCR Markdown v0 do Nguyên gửi đã được đăng ký trong ocr_text_manifest.csv và được dùng để build fragment/index truy xuất ở trạng thái draft; ảnh gốc vẫn là nguồn truy vết theo trang; chưa HNMU/UET xác nhận.
20260715_sgv_crawl,SGV,7,https://cdn3.olm.vn/upload/taphuan/2026/0528/4920462481-page-60-1779977785919.png,shared/learning_resources/raw_page_images/sgv/tin_hoc_7/page_0060.png,6b229784c6fc60a45b5c517b03ac6e3261f019fa504e31cecac8e92685c3e6fa,514784,2026-07-15,downloaded,Ảnh SGV crawl từ taphuan/nxbgd CDN; learning_material_id=LM-SGV-TIN7-4920462481; OCR Markdown v0 do Nguyên gửi đã được đăng ký trong ocr_text_manifest.csv và được dùng để build fragment/index truy xuất ở trạng thái draft; ảnh gốc vẫn là nguồn truy vết theo trang; chưa HNMU/UET xác nhận.
20260715_sgv_crawl,SGV,7,https://cdn3.olm.vn/upload/taphuan/2026/0528/4920462481-page-61-1779977786300.png,shared/learning_resources/raw_page_images/sgv/tin_hoc_7/page_0061.png,c3e6e2da1164bd07e0994e144d7ff6ca075c3c19ac7fe61243b6b09224ac6147,558126,2026-07-15,downloaded,Ảnh SGV crawl từ taphuan/nxbgd CDN; learning_material_id=LM-SGV-TIN7-4920462481; OCR Markdown v0 do Nguyên gửi đã được đăng ký trong ocr_text_manifest.csv và được dùng để build fragment/index truy xuất ở trạng thái draft; ảnh gốc vẫn là nguồn truy vết theo trang; chưa HNMU/UET xác nhận.
20260715_sgv_crawl,SGV,7,https://cdn3.olm.vn/upload/taphuan/2026/0528/4920462481-page-62-1779977786935.png,shared/learning_resources/raw_page_images/sgv/tin_hoc_7/page_0062.png,ffadf9040961f4912e45141629265cc2e6696c826c26cd3bd4575f23b3559a80,501652,2026-07-15,downloaded,Ảnh SGV crawl từ taphuan/nxbgd CDN; learning_material_id=LM-SGV-TIN7-4920462481; OCR Markdown v0 do Nguyên gửi đã được đăng ký trong ocr_text_manifest.csv và được dùng để build fragment/index truy xuất ở trạng thái draft; ảnh gốc vẫn là nguồn truy vết theo trang; chưa HNMU/UET xác nhận.
20260715_sgv_crawl,SGV,7,https://cdn3.olm.vn/upload/taphuan/2026/0528/4920462481-page-63-1779977787312.png,shared/learning_resources/raw_page_images/sgv/tin_hoc_7/page_0063.png,0ef217dd3c277e5180010c570b22a79be18c74eb24a9433e97d5755fe296b154,509620,2026-07-15,downloaded,Ảnh SGV crawl từ taphuan/nxbgd CDN; learning_material_id=LM-SGV-TIN7-4920462481; OCR Markdown v0 do Nguyên gửi đã được đăng ký trong ocr_text_manifest.csv và được dùng để build fragment/index truy xuất ở trạng thái draft; ảnh gốc vẫn là nguồn truy vết theo trang; chưa HNMU/UET xác nhận.
20260715_sgv_crawl,SGV,7,https://cdn3.olm.vn/upload/taphuan/2026/0528/4920462481-page-64-1779977787904.png,shared/learning_resources/raw_page_images/sgv/tin_hoc_7/page_0064.png,7ba34bf0857e0b4613e50455709d702e6e3539b6e14f9e9cfadb324503ea095d,540170,2026-07-15,downloaded,Ảnh SGV crawl từ taphuan/nxbgd CDN; learning_material_id=LM-SGV-TIN7-4920462481; OCR Markdown v0 do Nguyên gửi đã được đăng ký trong ocr_text_manifest.csv và được dùng để build fragment/index truy xuất ở trạng thái draft; ảnh gốc vẫn là nguồn truy vết theo trang; chưa HNMU/UET xác nhận.
20260715_sgv_crawl,SGV,7,https://cdn3.olm.vn/upload/taphuan/2026/0528/4920462481-page-65-1779977788263.png,shared/learning_resources/raw_page_images/sgv/tin_hoc_7/page_0065.png,dcca956d1733777dd93562db2f7f4cec872b3f56f4a2878d57a12c5baf6fa985,511414,2026-07-15,downloaded,Ảnh SGV crawl từ taphuan/nxbgd CDN; learning_material_id=LM-SGV-TIN7-4920462481; OCR Markdown v0 do Nguyên gửi đã được đăng ký trong ocr_text_manifest.csv và được dùng để build fragment/index truy xuất ở trạng thái draft; ảnh gốc vẫn là nguồn truy vết theo trang; chưa HNMU/UET xác nhận.
20260715_sgv_crawl,SGV,7,https://cdn3.olm.vn/upload/taphuan/2026/0528/4920462481-page-66-1779977788649.png,shared/learning_resources/raw_page_images/sgv/tin_hoc_7/page_0066.png,d5198f3bd3d61cc8385738148047b55bbc1fa2150f0e4640a56729f028c76d21,515908,2026-07-15,downloaded,Ảnh SGV crawl từ taphuan/nxbgd CDN; learning_material_id=LM-SGV-TIN7-4920462481; OCR Markdown v0 do Nguyên gửi đã được đăng ký trong ocr_text_manifest.csv và được dùng để build fragment/index truy xuất ở trạng thái draft; ảnh gốc vẫn là nguồn truy vết theo trang; chưa HNMU/UET xác nhận.
20260715_sgv_crawl,SGV,7,https://cdn3.olm.vn/upload/taphuan/2026/0528/4920462481-page-67-1779977788985.png,shared/learning_resources/raw_page_images/sgv/tin_hoc_7/page_0067.png,73e1406dcf78560174044975a2f1d3f500490ac9bf385ea9522bb91590795f16,420307,2026-07-15,downloaded,Ảnh SGV crawl từ taphuan/nxbgd CDN; learning_material_id=LM-SGV-TIN7-4920462481; OCR Markdown v0 do Nguyên gửi đã được đăng ký trong ocr_text_manifest.csv và được dùng để build fragment/index truy xuất ở trạng thái draft; ảnh gốc vẫn là nguồn truy vết theo trang; chưa HNMU/UET xác nhận.
20260715_sgv_crawl,SGV,7,https://cdn3.olm.vn/upload/taphuan/2026/0528/4920462481-page-68-1779977789347.png,shared/learning_resources/raw_page_images/sgv/tin_hoc_7/page_0068.png,c493b031f81e6b6405fb6b831d7f1552d80a974571e4b5f908bbaff24d33b43b,535297,2026-07-15,downloaded,Ảnh SGV crawl từ taphuan/nxbgd CDN; learning_material_id=LM-SGV-TIN7-4920462481; OCR Markdown v0 do Nguyên gửi đã được đăng ký trong ocr_text_manifest.csv và được dùng để build fragment/index truy xuất ở trạng thái draft; ảnh gốc vẫn là nguồn truy vết theo trang; chưa HNMU/UET xác nhận.
20260715_sgv_crawl,SGV,7,https://cdn3.olm.vn/upload/taphuan/2026/0528/4920462481-page-69-1779977789713.png,shared/learning_resources/raw_page_images/sgv/tin_hoc_7/page_0069.png,9171d474f065a47535f0e0d7761cf2e8073e24e498b382b0b7a91865e174fbe9,278055,2026-07-15,downloaded,Ảnh SGV crawl từ taphuan/nxbgd CDN; learning_material_id=LM-SGV-TIN7-4920462481; OCR Markdown v0 do Nguyên gửi đã được đăng ký trong ocr_text_manifest.csv và được dùng để build fragment/index truy xuất ở trạng thái draft; ảnh gốc vẫn là nguồn truy vết theo trang; chưa HNMU/UET xác nhận.
20260715_sgv_crawl,SGV,7,https://cdn3.olm.vn/upload/taphuan/2026/0528/4920462481-page-70-1779977790081.png,shared/learning_resources/raw_page_images/sgv/tin_hoc_7/page_0070.png,9ae46f359692e17dbb8a06c62222aa4cee2f51b6112dc47def2b769136254ab8,566314,2026-07-15,downloaded,Ảnh SGV crawl từ taphuan/nxbgd CDN; learning_material_id=LM-SGV-TIN7-4920462481; OCR Markdown v0 do Nguyên gửi đã được đăng ký trong ocr_text_manifest.csv và được dùng để build fragment/index truy xuất ở trạng thái draft; ảnh gốc vẫn là nguồn truy vết theo trang; chưa HNMU/UET xác nhận.
20260715_sgv_crawl,SGV,7,https://cdn3.olm.vn/upload/taphuan/2026/0528/4920462481-page-71-1779977790448.png,shared/learning_resources/raw_page_images/sgv/tin_hoc_7/page_0071.png,f7544230278459c1f1e4bcfedb9db3c32c846faef24714d6719df0c03eb48e71,559429,2026-07-15,downloaded,Ảnh SGV crawl từ taphuan/nxbgd CDN; learning_material_id=LM-SGV-TIN7-4920462481; OCR Markdown v0 do Nguyên gửi đã được đăng ký trong ocr_text_manifest.csv và được dùng để build fragment/index truy xuất ở trạng thái draft; ảnh gốc vẫn là nguồn truy vết theo trang; chưa HNMU/UET xác nhận.
20260715_sgv_crawl,SGV,7,https://cdn3.olm.vn/upload/taphuan/2026/0528/4920462481-page-72-1779977790790.png,shared/learning_resources/raw_page_images/sgv/tin_hoc_7/page_0072.png,55838a92445d2efe3dd05087320630997e2f044b5b36863cf955b654f4f70ca5,533614,2026-07-15,downloaded,Ảnh SGV crawl từ taphuan/nxbgd CDN; learning_material_id=LM-SGV-TIN7-4920462481; OCR Markdown v0 do Nguyên gửi đã được đăng ký trong ocr_text_manifest.csv và được dùng để build fragment/index truy xuất ở trạng thái draft; ảnh gốc vẫn là nguồn truy vết theo trang; chưa HNMU/UET xác nhận.
20260715_sgv_crawl,SGV,7,https://cdn3.olm.vn/upload/taphuan/2026/0528/4920462481-page-73-1779977791150.png,shared/learning_resources/raw_page_images/sgv/tin_hoc_7/page_0073.png,c1663d35eff8fdf640bfb4d34b995836a7075121d6512d01b400dbac61024940,570847,2026-07-15,downloaded,Ảnh SGV crawl từ taphuan/nxbgd CDN; learning_material_id=LM-SGV-TIN7-4920462481; OCR Markdown v0 do Nguyên gửi đã được đăng ký trong ocr_text_manifest.csv và được dùng để build fragment/index truy xuất ở trạng thái draft; ảnh gốc vẫn là nguồn truy vết theo trang; chưa HNMU/UET xác nhận.
20260715_sgv_crawl,SGV,7,https://cdn3.olm.vn/upload/taphuan/2026/0528/4920462481-page-74-1779977791522.png,shared/learning_resources/raw_page_images/sgv/tin_hoc_7/page_0074.png,c17f0eee2629ca7e8641136d74cdc2633fbafbe969c5c39696b4b8155cb45df2,532727,2026-07-15,downloaded,Ảnh SGV crawl từ taphuan/nxbgd CDN; learning_material_id=LM-SGV-TIN7-4920462481; OCR Markdown v0 do Nguyên gửi đã được đăng ký trong ocr_text_manifest.csv và được dùng để build fragment/index truy xuất ở trạng thái draft; ảnh gốc vẫn là nguồn truy vết theo trang; chưa HNMU/UET xác nhận.
20260715_sgv_crawl,SGV,7,https://cdn3.olm.vn/upload/taphuan/2026/0528/4920462481-page-75-1779977791900.png,shared/learning_resources/raw_page_images/sgv/tin_hoc_7/page_0075.png,bc3bc25a75e75cebc82c8b7df7b69e4d88247aa4904e17860822a8a92307fe01,490443,2026-07-15,downloaded,Ảnh SGV crawl từ taphuan/nxbgd CDN; learning_material_id=LM-SGV-TIN7-4920462481; OCR Markdown v0 do Nguyên gửi đã được đăng ký trong ocr_text_manifest.csv và được dùng để build fragment/index truy xuất ở trạng thái draft; ảnh gốc vẫn là nguồn truy vết theo trang; chưa HNMU/UET xác nhận.
20260715_sgv_crawl,SGV,7,https://cdn3.olm.vn/upload/taphuan/2026/0528/4920462481-page-76-1779977792668.png,shared/learning_resources/raw_page_images/sgv/tin_hoc_7/page_0076.png,e9e507da27511e656e2006bd15fa10e6f04317ff4004a3c822dbdd8ca7432eaa,417999,2026-07-15,downloaded,Ảnh SGV crawl từ taphuan/nxbgd CDN; learning_material_id=LM-SGV-TIN7-4920462481; OCR Markdown v0 do Nguyên gửi đã được đăng ký trong ocr_text_manifest.csv và được dùng để build fragment/index truy xuất ở trạng thái draft; ảnh gốc vẫn là nguồn truy vết theo trang; chưa HNMU/UET xác nhận.
20260715_sgv_crawl,SGV,7,https://cdn3.olm.vn/upload/taphuan/2026/0528/4920462481-page-77-1779977793138.png,shared/learning_resources/raw_page_images/sgv/tin_hoc_7/page_0077.png,6efc68f9f37d9af696dfa7d1247470dce5ab14839f024f4949c77bfcd28845b3,407517,2026-07-15,downloaded,Ảnh SGV crawl từ taphuan/nxbgd CDN; learning_material_id=LM-SGV-TIN7-4920462481; OCR Markdown v0 do Nguyên gửi đã được đăng ký trong ocr_text_manifest.csv và được dùng để build fragment/index truy xuất ở trạng thái draft; ảnh gốc vẫn là nguồn truy vết theo trang; chưa HNMU/UET xác nhận.
20260715_sgv_crawl,SGV,7,https://cdn3.olm.vn/upload/taphuan/2026/0528/4920462481-page-78-1779977793473.png,shared/learning_resources/raw_page_images/sgv/tin_hoc_7/page_0078.png,04620c2f07e900c6dfe1fdfb52c37ab7da3b07ffbb230eac080d2226ed891e26,385611,2026-07-15,downloaded,Ảnh SGV crawl từ taphuan/nxbgd CDN; learning_material_id=LM-SGV-TIN7-4920462481; OCR Markdown v0 do Nguyên gửi đã được đăng ký trong ocr_text_manifest.csv và được dùng để build fragment/index truy xuất ở trạng thái draft; ảnh gốc vẫn là nguồn truy vết theo trang; chưa HNMU/UET xác nhận.
20260715_sgv_crawl,SGV,7,https://cdn3.olm.vn/upload/taphuan/2026/0528/4920462481-page-79-1779977793838.png,shared/learning_resources/raw_page_images/sgv/tin_hoc_7/page_0079.png,ad7ff1923dd433f611bbe80584776e4806f05370f0632db236f31e936f634d67,528201,2026-07-15,downloaded,Ảnh SGV crawl từ taphuan/nxbgd CDN; learning_material_id=LM-SGV-TIN7-4920462481; OCR Markdown v0 do Nguyên gửi đã được đăng ký trong ocr_text_manifest.csv và được dùng để build fragment/index truy xuất ở trạng thái draft; ảnh gốc vẫn là nguồn truy vết theo trang; chưa HNMU/UET xác nhận.
20260715_sgv_crawl,SGV,7,https://cdn3.olm.vn/upload/taphuan/2026/0528/4920462481-page-80-1779977794355.png,shared/learning_resources/raw_page_images/sgv/tin_hoc_7/page_0080.png,35465045b4ac2c2bc458ca7f00a4525972dc4f2cad2d1246114d22206b3683c0,468279,2026-07-15,downloaded,Ảnh SGV crawl từ taphuan/nxbgd CDN; learning_material_id=LM-SGV-TIN7-4920462481; OCR Markdown v0 do Nguyên gửi đã được đăng ký trong ocr_text_manifest.csv và được dùng để build fragment/index truy xuất ở trạng thái draft; ảnh gốc vẫn là nguồn truy vết theo trang; chưa HNMU/UET xác nhận.
20260715_sgv_crawl,SGV,7,https://cdn3.olm.vn/upload/taphuan/2026/0528/4920462481-page-81-1779977794802.png,shared/learning_resources/raw_page_images/sgv/tin_hoc_7/page_0081.png,89aa83fcf3be43bb4d809017dfcd646f31e43464144ede658de5ae8d698c80a1,441387,2026-07-15,downloaded,Ảnh SGV crawl từ taphuan/nxbgd CDN; learning_material_id=LM-SGV-TIN7-4920462481; OCR Markdown v0 do Nguyên gửi đã được đăng ký trong ocr_text_manifest.csv và được dùng để build fragment/index truy xuất ở trạng thái draft; ảnh gốc vẫn là nguồn truy vết theo trang; chưa HNMU/UET xác nhận.
20260715_sgv_crawl,SGV,7,https://cdn3.olm.vn/upload/taphuan/2026/0528/4920462481-page-82-1779977795153.png,shared/learning_resources/raw_page_images/sgv/tin_hoc_7/page_0082.png,8301117b79583a4424f1db7b5e8e1ae5aeb7c53ddab58e4bf361c7cc39b84a92,510600,2026-07-15,downloaded,Ảnh SGV crawl từ taphuan/nxbgd CDN; learning_material_id=LM-SGV-TIN7-4920462481; OCR Markdown v0 do Nguyên gửi đã được đăng ký trong ocr_text_manifest.csv và được dùng để build fragment/index truy xuất ở trạng thái draft; ảnh gốc vẫn là nguồn truy vết theo trang; chưa HNMU/UET xác nhận.
20260715_sgv_crawl,SGV,7,https://cdn3.olm.vn/upload/taphuan/2026/0528/4920462481-page-83-1779977795510.png,shared/learning_resources/raw_page_images/sgv/tin_hoc_7/page_0083.png,09242e624e4eac76ad42a756db8799a5ee33137abc4c37340ceb30ab81e06160,567210,2026-07-15,downloaded,Ảnh SGV crawl từ taphuan/nxbgd CDN; learning_material_id=LM-SGV-TIN7-4920462481; OCR Markdown v0 do Nguyên gửi đã được đăng ký trong ocr_text_manifest.csv và được dùng để build fragment/index truy xuất ở trạng thái draft; ảnh gốc vẫn là nguồn truy vết theo trang; chưa HNMU/UET xác nhận.
20260715_sgv_crawl,SGV,7,https://cdn3.olm.vn/upload/taphuan/2026/0528/4920462481-page-84-1779977795900.png,shared/learning_resources/raw_page_images/sgv/tin_hoc_7/page_0084.png,651804d879ef7faf5c10240c1617f363a2309773c59c53004c4851feb73b62fe,578094,2026-07-15,downloaded,Ảnh SGV crawl từ taphuan/nxbgd CDN; learning_material_id=LM-SGV-TIN7-4920462481; OCR Markdown v0 do Nguyên gửi đã được đăng ký trong ocr_text_manifest.csv và được dùng để build fragment/index truy xuất ở trạng thái draft; ảnh gốc vẫn là nguồn truy vết theo trang; chưa HNMU/UET xác nhận.
20260715_sgv_crawl,SGV,7,https://cdn3.olm.vn/upload/taphuan/2026/0528/4920462481-page-85-1779977796239.png,shared/learning_resources/raw_page_images/sgv/tin_hoc_7/page_0085.png,baf9e2d8e3ee39660c40e62ee8b24672e73a9beae2c6067bc674f6196392534e,500746,2026-07-15,downloaded,Ảnh SGV crawl từ taphuan/nxbgd CDN; learning_material_id=LM-SGV-TIN7-4920462481; OCR Markdown v0 do Nguyên gửi đã được đăng ký trong ocr_text_manifest.csv và được dùng để build fragment/index truy xuất ở trạng thái draft; ảnh gốc vẫn là nguồn truy vết theo trang; chưa HNMU/UET xác nhận.
20260715_sgv_crawl,SGV,7,https://cdn3.olm.vn/upload/taphuan/2026/0528/4920462481-page-86-1779977797272.png,shared/learning_resources/raw_page_images/sgv/tin_hoc_7/page_0086.png,35627ce844596ef4d949faded0d53bc29dbce3e612ec19bb99e43bbe4d6808df,474473,2026-07-15,downloaded,Ảnh SGV crawl từ taphuan/nxbgd CDN; learning_material_id=LM-SGV-TIN7-4920462481; OCR Markdown v0 do Nguyên gửi đã được đăng ký trong ocr_text_manifest.csv và được dùng để build fragment/index truy xuất ở trạng thái draft; ảnh gốc vẫn là nguồn truy vết theo trang; chưa HNMU/UET xác nhận.
20260715_sgv_crawl,SGV,7,https://cdn3.olm.vn/upload/taphuan/2026/0528/4920462481-page-87-1779977797723.png,shared/learning_resources/raw_page_images/sgv/tin_hoc_7/page_0087.png,aca82a32fefe1ed879dce5abc767000b60cc6b54aab38856d27b08e668931c23,578834,2026-07-15,downloaded,Ảnh SGV crawl từ taphuan/nxbgd CDN; learning_material_id=LM-SGV-TIN7-4920462481; OCR Markdown v0 do Nguyên gửi đã được đăng ký trong ocr_text_manifest.csv và được dùng để build fragment/index truy xuất ở trạng thái draft; ảnh gốc vẫn là nguồn truy vết theo trang; chưa HNMU/UET xác nhận.
20260715_sgv_crawl,SGV,7,https://cdn3.olm.vn/upload/taphuan/2026/0528/4920462481-page-88-1779977798165.png,shared/learning_resources/raw_page_images/sgv/tin_hoc_7/page_0088.png,25e0a21b97a68782a47e2346d283bd1f73adc60ad8ec8178be954c755b60da89,442071,2026-07-15,downloaded,Ảnh SGV crawl từ taphuan/nxbgd CDN; learning_material_id=LM-SGV-TIN7-4920462481; OCR Markdown v0 do Nguyên gửi đã được đăng ký trong ocr_text_manifest.csv và được dùng để build fragment/index truy xuất ở trạng thái draft; ảnh gốc vẫn là nguồn truy vết theo trang; chưa HNMU/UET xác nhận.
20260715_sgv_crawl,SGV,7,https://cdn3.olm.vn/upload/taphuan/2026/0528/4920462481-page-89-1779977798511.png,shared/learning_resources/raw_page_images/sgv/tin_hoc_7/page_0089.png,e3a662e2050f88d5084cf837b44c7bb82bdfc4368b3db98d6a73ca1ccd9d9b4f,387909,2026-07-15,downloaded,Ảnh SGV crawl từ taphuan/nxbgd CDN; learning_material_id=LM-SGV-TIN7-4920462481; OCR Markdown v0 do Nguyên gửi đã được đăng ký trong ocr_text_manifest.csv và được dùng để build fragment/index truy xuất ở trạng thái draft; ảnh gốc vẫn là nguồn truy vết theo trang; chưa HNMU/UET xác nhận.
20260715_sgv_crawl,SGV,7,https://cdn3.olm.vn/upload/taphuan/2026/0528/4920462481-page-90-1779977798863.png,shared/learning_resources/raw_page_images/sgv/tin_hoc_7/page_0090.png,6236ccf21f4da1cd8a97c3a80784124c2a56f1dbd23ea267a7264cfaa04697dc,460458,2026-07-15,downloaded,Ảnh SGV crawl từ taphuan/nxbgd CDN; learning_material_id=LM-SGV-TIN7-4920462481; OCR Markdown v0 do Nguyên gửi đã được đăng ký trong ocr_text_manifest.csv và được dùng để build fragment/index truy xuất ở trạng thái draft; ảnh gốc vẫn là nguồn truy vết theo trang; chưa HNMU/UET xác nhận.
20260715_sgv_crawl,SGV,7,https://cdn3.olm.vn/upload/taphuan/2026/0528/4920462481-page-91-1779977799205.png,shared/learning_resources/raw_page_images/sgv/tin_hoc_7/page_0091.png,20d9ff664af66a7d04c80033ce9d3c3cbcbdd8df8b7c669faa8957a0c85c7f0d,435054,2026-07-15,downloaded,Ảnh SGV crawl từ taphuan/nxbgd CDN; learning_material_id=LM-SGV-TIN7-4920462481; OCR Markdown v0 do Nguyên gửi đã được đăng ký trong ocr_text_manifest.csv và được dùng để build fragment/index truy xuất ở trạng thái draft; ảnh gốc vẫn là nguồn truy vết theo trang; chưa HNMU/UET xác nhận.
20260715_sgv_crawl,SGV,7,https://cdn3.olm.vn/upload/taphuan/2026/0528/4920462481-page-92-1779977799888.png,shared/learning_resources/raw_page_images/sgv/tin_hoc_7/page_0092.png,1340696bc0bc2fca2e3ecf1c2c32232aa9fdf932c07345439e2762749c5e9ccb,574989,2026-07-15,downloaded,Ảnh SGV crawl từ taphuan/nxbgd CDN; learning_material_id=LM-SGV-TIN7-4920462481; OCR Markdown v0 do Nguyên gửi đã được đăng ký trong ocr_text_manifest.csv và được dùng để build fragment/index truy xuất ở trạng thái draft; ảnh gốc vẫn là nguồn truy vết theo trang; chưa HNMU/UET xác nhận.
20260715_sgv_crawl,SGV,7,https://cdn3.olm.vn/upload/taphuan/2026/0528/4920462481-page-93-1779977800190.png,shared/learning_resources/raw_page_images/sgv/tin_hoc_7/page_0093.png,0cc1ecbccb34bf7939a6b6c7d48683fe920726bff83c3fe0ed1485d7facdc000,217508,2026-07-15,downloaded,Ảnh SGV crawl từ taphuan/nxbgd CDN; learning_material_id=LM-SGV-TIN7-4920462481; OCR Markdown v0 do Nguyên gửi đã được đăng ký trong ocr_text_manifest.csv và được dùng để build fragment/index truy xuất ở trạng thái draft; ảnh gốc vẫn là nguồn truy vết theo trang; chưa HNMU/UET xác nhận.
20260715_sgv_crawl,SGV,7,https://cdn3.olm.vn/upload/taphuan/2026/0528/4920462481-page-94-1779977800636.png,shared/learning_resources/raw_page_images/sgv/tin_hoc_7/page_0094.png,1765a5b3e50f1b623bba77f61086e385eeff702d26100763317ae1f15906e51e,667929,2026-07-15,downloaded,Ảnh SGV crawl từ taphuan/nxbgd CDN; learning_material_id=LM-SGV-TIN7-4920462481; OCR Markdown v0 do Nguyên gửi đã được đăng ký trong ocr_text_manifest.csv và được dùng để build fragment/index truy xuất ở trạng thái draft; ảnh gốc vẫn là nguồn truy vết theo trang; chưa HNMU/UET xác nhận.
20260715_sgv_crawl,SGV,8,https://cdn3.olm.vn/upload/taphuan/2026/0529/4923610683-page-1-1780069045826.png,shared/learning_resources/raw_page_images/sgv/tin_hoc_8/page_0001.png,95b636f382e62d1f311eae557ed5e0392fc5528964f70acd0f6f3ad2a901a035,991300,2026-07-15,downloaded,Ảnh SGV crawl từ taphuan/nxbgd CDN; learning_material_id=LM-SGV-TIN8-4923610683; OCR Markdown v0 do Nguyên gửi đã được đăng ký trong ocr_text_manifest.csv và được dùng để build fragment/index truy xuất ở trạng thái draft; ảnh gốc vẫn là nguồn truy vết theo trang; chưa HNMU/UET xác nhận.
20260715_sgv_crawl,SGV,8,https://cdn3.olm.vn/upload/taphuan/2026/0529/4923610683-page-2-1780069046050.png,shared/learning_resources/raw_page_images/sgv/tin_hoc_8/page_0002.png,3c31aad2a1b8396b0bf9722c2a41d02bae01bca01dac9c09b71da8093d71bdab,207161,2026-07-15,downloaded,Ảnh SGV crawl từ taphuan/nxbgd CDN; learning_material_id=LM-SGV-TIN8-4923610683; OCR Markdown v0 do Nguyên gửi đã được đăng ký trong ocr_text_manifest.csv và được dùng để build fragment/index truy xuất ở trạng thái draft; ảnh gốc vẫn là nguồn truy vết theo trang; chưa HNMU/UET xác nhận.
20260715_sgv_crawl,SGV,8,https://cdn3.olm.vn/upload/taphuan/2026/0529/4923610683-page-3-1780069046231.png,shared/learning_resources/raw_page_images/sgv/tin_hoc_8/page_0003.png,64c19bf91cbd7083db07c244a117ffa016228f15f4a00eba1cdf2165c02d2185,83503,2026-07-15,downloaded,Ảnh SGV crawl từ taphuan/nxbgd CDN; learning_material_id=LM-SGV-TIN8-4923610683; OCR Markdown v0 do Nguyên gửi đã được đăng ký trong ocr_text_manifest.csv và được dùng để build fragment/index truy xuất ở trạng thái draft; ảnh gốc vẫn là nguồn truy vết theo trang; chưa HNMU/UET xác nhận.
20260715_sgv_crawl,SGV,8,https://cdn3.olm.vn/upload/taphuan/2026/0529/4923610683-page-4-1780069046459.png,shared/learning_resources/raw_page_images/sgv/tin_hoc_8/page_0004.png,2c21f892c71da2394b1d35971f200f329aababe60e859f39c0d29cac7707288f,468682,2026-07-15,downloaded,Ảnh SGV crawl từ taphuan/nxbgd CDN; learning_material_id=LM-SGV-TIN8-4923610683; OCR Markdown v0 do Nguyên gửi đã được đăng ký trong ocr_text_manifest.csv và được dùng để build fragment/index truy xuất ở trạng thái draft; ảnh gốc vẫn là nguồn truy vết theo trang; chưa HNMU/UET xác nhận.
20260715_sgv_crawl,SGV,8,https://cdn3.olm.vn/upload/taphuan/2026/0529/4923610683-page-5-1780069046707.png,shared/learning_resources/raw_page_images/sgv/tin_hoc_8/page_0005.png,2debab8547d6c715c464d7ea049541f47da76aa9a8ee0281ca31dd5d392295b5,653566,2026-07-15,downloaded,Ảnh SGV crawl từ taphuan/nxbgd CDN; learning_material_id=LM-SGV-TIN8-4923610683; OCR Markdown v0 do Nguyên gửi đã được đăng ký trong ocr_text_manifest.csv và được dùng để build fragment/index truy xuất ở trạng thái draft; ảnh gốc vẫn là nguồn truy vết theo trang; chưa HNMU/UET xác nhận.
20260715_sgv_crawl,SGV,8,https://cdn3.olm.vn/upload/taphuan/2026/0529/4923610683-page-6-1780069046952.png,shared/learning_resources/raw_page_images/sgv/tin_hoc_8/page_0006.png,35523363428c646a89956a3938a3b0f9e9e7139ecea3d711c2caa0861cf43891,518632,2026-07-15,downloaded,Ảnh SGV crawl từ taphuan/nxbgd CDN; learning_material_id=LM-SGV-TIN8-4923610683; OCR Markdown v0 do Nguyên gửi đã được đăng ký trong ocr_text_manifest.csv và được dùng để build fragment/index truy xuất ở trạng thái draft; ảnh gốc vẫn là nguồn truy vết theo trang; chưa HNMU/UET xác nhận.
20260715_sgv_crawl,SGV,8,https://cdn3.olm.vn/upload/taphuan/2026/0529/4923610683-page-7-1780069047187.png,shared/learning_resources/raw_page_images/sgv/tin_hoc_8/page_0007.png,65fbbd46743671bfd17a2695e74b09d0e46924be521a0e0ad3abffd955173bc6,400108,2026-07-15,downloaded,Ảnh SGV crawl từ taphuan/nxbgd CDN; learning_material_id=LM-SGV-TIN8-4923610683; OCR Markdown v0 do Nguyên gửi đã được đăng ký trong ocr_text_manifest.csv và được dùng để build fragment/index truy xuất ở trạng thái draft; ảnh gốc vẫn là nguồn truy vết theo trang; chưa HNMU/UET xác nhận.
20260715_sgv_crawl,SGV,8,https://cdn3.olm.vn/upload/taphuan/2026/0529/4923610683-page-8-1780069047458.png,shared/learning_resources/raw_page_images/sgv/tin_hoc_8/page_0008.png,758722ac113b3f3464144028d471b6f37f81f434410f9b4579d7408d593d61ad,572006,2026-07-15,downloaded,Ảnh SGV crawl từ taphuan/nxbgd CDN; learning_material_id=LM-SGV-TIN8-4923610683; OCR Markdown v0 do Nguyên gửi đã được đăng ký trong ocr_text_manifest.csv và được dùng để build fragment/index truy xuất ở trạng thái draft; ảnh gốc vẫn là nguồn truy vết theo trang; chưa HNMU/UET xác nhận.
20260715_sgv_crawl,SGV,8,https://cdn3.olm.vn/upload/taphuan/2026/0529/4923610683-page-9-1780069047714.png,shared/learning_resources/raw_page_images/sgv/tin_hoc_8/page_0009.png,da5f769840e08cd70e1d3603fea43935779c75d4d946eb0ed8c184eded401acb,671651,2026-07-15,downloaded,Ảnh SGV crawl từ taphuan/nxbgd CDN; learning_material_id=LM-SGV-TIN8-4923610683; OCR Markdown v0 do Nguyên gửi đã được đăng ký trong ocr_text_manifest.csv và được dùng để build fragment/index truy xuất ở trạng thái draft; ảnh gốc vẫn là nguồn truy vết theo trang; chưa HNMU/UET xác nhận.
20260715_sgv_crawl,SGV,8,https://cdn3.olm.vn/upload/taphuan/2026/0529/4923610683-page-10-1780069048408.png,shared/learning_resources/raw_page_images/sgv/tin_hoc_8/page_0010.png,bf07cf2e74d31a2d8d658fde8851c18279ab39e58596451081e4795dedb1cf1a,565737,2026-07-15,downloaded,Ảnh SGV crawl từ taphuan/nxbgd CDN; learning_material_id=LM-SGV-TIN8-4923610683; OCR Markdown v0 do Nguyên gửi đã được đăng ký trong ocr_text_manifest.csv và được dùng để build fragment/index truy xuất ở trạng thái draft; ảnh gốc vẫn là nguồn truy vết theo trang; chưa HNMU/UET xác nhận.
20260715_sgv_crawl,SGV,8,https://cdn3.olm.vn/upload/taphuan/2026/0529/4923610683-page-11-1780069048702.png,shared/learning_resources/raw_page_images/sgv/tin_hoc_8/page_0011.png,892c90ea2a226064f9c51900aea809f819e2021e538dc1c0cccad0f3616f1cd0,535634,2026-07-15,downloaded,Ảnh SGV crawl từ taphuan/nxbgd CDN; learning_material_id=LM-SGV-TIN8-4923610683; OCR Markdown v0 do Nguyên gửi đã được đăng ký trong ocr_text_manifest.csv và được dùng để build fragment/index truy xuất ở trạng thái draft; ảnh gốc vẫn là nguồn truy vết theo trang; chưa HNMU/UET xác nhận.
20260715_sgv_crawl,SGV,8,https://cdn3.olm.vn/upload/taphuan/2026/0529/4923610683-page-12-1780069049005.png,shared/learning_resources/raw_page_images/sgv/tin_hoc_8/page_0012.png,dd1ad019f629ccc751b1b76db539044075102839920817dba33e707482156f1c,473166,2026-07-15,downloaded,Ảnh SGV crawl từ taphuan/nxbgd CDN; learning_material_id=LM-SGV-TIN8-4923610683; OCR Markdown v0 do Nguyên gửi đã được đăng ký trong ocr_text_manifest.csv và được dùng để build fragment/index truy xuất ở trạng thái draft; ảnh gốc vẫn là nguồn truy vết theo trang; chưa HNMU/UET xác nhận.
20260715_sgv_crawl,SGV,8,https://cdn3.olm.vn/upload/taphuan/2026/0529/4923610683-page-13-1780069049293.png,shared/learning_resources/raw_page_images/sgv/tin_hoc_8/page_0013.png,8d6b73d723a6a997a40b01c8c005dc123da86bcb4eab8b0aa56e63cddbb7b8ff,604332,2026-07-15,downloaded,Ảnh SGV crawl từ taphuan/nxbgd CDN; learning_material_id=LM-SGV-TIN8-4923610683; OCR Markdown v0 do Nguyên gửi đã được đăng ký trong ocr_text_manifest.csv và được dùng để build fragment/index truy xuất ở trạng thái draft; ảnh gốc vẫn là nguồn truy vết theo trang; chưa HNMU/UET xác nhận.
20260715_sgv_crawl,SGV,8,https://cdn3.olm.vn/upload/taphuan/2026/0529/4923610683-page-14-1780069049596.png,shared/learning_resources/raw_page_images/sgv/tin_hoc_8/page_0014.png,7d80a311ea76a1eb13767ba4a22c8fed848bda8690d1fa0694568f65951ae867,581126,2026-07-15,downloaded,Ảnh SGV crawl từ taphuan/nxbgd CDN; learning_material_id=LM-SGV-TIN8-4923610683; OCR Markdown v0 do Nguyên gửi đã được đăng ký trong ocr_text_manifest.csv và được dùng để build fragment/index truy xuất ở trạng thái draft; ảnh gốc vẫn là nguồn truy vết theo trang; chưa HNMU/UET xác nhận.
20260715_sgv_crawl,SGV,8,https://cdn3.olm.vn/upload/taphuan/2026/0529/4923610683-page-15-1780069049875.png,shared/learning_resources/raw_page_images/sgv/tin_hoc_8/page_0015.png,933dc816fa21b27fcace46918e710c3cc70f29c98174dbcec61b41b053e5ee0b,540730,2026-07-15,downloaded,Ảnh SGV crawl từ taphuan/nxbgd CDN; learning_material_id=LM-SGV-TIN8-4923610683; OCR Markdown v0 do Nguyên gửi đã được đăng ký trong ocr_text_manifest.csv và được dùng để build fragment/index truy xuất ở trạng thái draft; ảnh gốc vẫn là nguồn truy vết theo trang; chưa HNMU/UET xác nhận.
20260715_sgv_crawl,SGV,8,https://cdn3.olm.vn/upload/taphuan/2026/0529/4923610683-page-16-1780069050162.png,shared/learning_resources/raw_page_images/sgv/tin_hoc_8/page_0016.png,d584b90f348a2e1c54dceca0822d2d347a60a5976cf8b918cb2a8827950109ba,471831,2026-07-15,downloaded,Ảnh SGV crawl từ taphuan/nxbgd CDN; learning_material_id=LM-SGV-TIN8-4923610683; OCR Markdown v0 do Nguyên gửi đã được đăng ký trong ocr_text_manifest.csv và được dùng để build fragment/index truy xuất ở trạng thái draft; ảnh gốc vẫn là nguồn truy vết theo trang; chưa HNMU/UET xác nhận.
20260715_sgv_crawl,SGV,8,https://cdn3.olm.vn/upload/taphuan/2026/0529/4923610683-page-17-1780069050431.png,shared/learning_resources/raw_page_images/sgv/tin_hoc_8/page_0017.png,db5c93b64f8c2069fe663d27feaae0d40f1fa0b0e7b6286fa3d09c47386658a3,295211,2026-07-15,downloaded,Ảnh SGV crawl từ taphuan/nxbgd CDN; learning_material_id=LM-SGV-TIN8-4923610683; OCR Markdown v0 do Nguyên gửi đã được đăng ký trong ocr_text_manifest.csv và được dùng để build fragment/index truy xuất ở trạng thái draft; ảnh gốc vẫn là nguồn truy vết theo trang; chưa HNMU/UET xác nhận.
20260715_sgv_crawl,SGV,8,https://cdn3.olm.vn/upload/taphuan/2026/0529/4923610683-page-18-1780069050749.png,shared/learning_resources/raw_page_images/sgv/tin_hoc_8/page_0018.png,245e655642a2f5929dc70f22b40f169d4ff08ea8076cfb523baba8584ee7aca0,464607,2026-07-15,downloaded,Ảnh SGV crawl từ taphuan/nxbgd CDN; learning_material_id=LM-SGV-TIN8-4923610683; OCR Markdown v0 do Nguyên gửi đã được đăng ký trong ocr_text_manifest.csv và được dùng để build fragment/index truy xuất ở trạng thái draft; ảnh gốc vẫn là nguồn truy vết theo trang; chưa HNMU/UET xác nhận.
20260715_sgv_crawl,SGV,8,https://cdn3.olm.vn/upload/taphuan/2026/0529/4923610683-page-19-1780069051079.png,shared/learning_resources/raw_page_images/sgv/tin_hoc_8/page_0019.png,1b4c2e33701b658fbceade33a1e038adf7e94c05344f0af32e9ada60a5c27725,529958,2026-07-15,downloaded,Ảnh SGV crawl từ taphuan/nxbgd CDN; learning_material_id=LM-SGV-TIN8-4923610683; OCR Markdown v0 do Nguyên gửi đã được đăng ký trong ocr_text_manifest.csv và được dùng để build fragment/index truy xuất ở trạng thái draft; ảnh gốc vẫn là nguồn truy vết theo trang; chưa HNMU/UET xác nhận.
20260715_sgv_crawl,SGV,8,https://cdn3.olm.vn/upload/taphuan/2026/0529/4923610683-page-20-1780069051369.png,shared/learning_resources/raw_page_images/sgv/tin_hoc_8/page_0020.png,f378bc5ee86ea8e9abc8dc364e7b214f5624edf762e8e67a6e6f7ed3a00c4ee6,413578,2026-07-15,downloaded,Ảnh SGV crawl từ taphuan/nxbgd CDN; learning_material_id=LM-SGV-TIN8-4923610683; OCR Markdown v0 do Nguyên gửi đã được đăng ký trong ocr_text_manifest.csv và được dùng để build fragment/index truy xuất ở trạng thái draft; ảnh gốc vẫn là nguồn truy vết theo trang; chưa HNMU/UET xác nhận.
20260715_sgv_crawl,SGV,8,https://cdn3.olm.vn/upload/taphuan/2026/0529/4923610683-page-21-1780069051646.png,shared/learning_resources/raw_page_images/sgv/tin_hoc_8/page_0021.png,96d876e0972d7f5640b78f54c30e855fe0bdd4affa2687b7b056bd870902fa60,494728,2026-07-15,downloaded,Ảnh SGV crawl từ taphuan/nxbgd CDN; learning_material_id=LM-SGV-TIN8-4923610683; OCR Markdown v0 do Nguyên gửi đã được đăng ký trong ocr_text_manifest.csv và được dùng để build fragment/index truy xuất ở trạng thái draft; ảnh gốc vẫn là nguồn truy vết theo trang; chưa HNMU/UET xác nhận.
20260715_sgv_crawl,SGV,8,https://cdn3.olm.vn/upload/taphuan/2026/0529/4923610683-page-22-1780069051920.png,shared/learning_resources/raw_page_images/sgv/tin_hoc_8/page_0022.png,b37a450cb9d68eeeac0d9ec5a3df83dda8610e8a340abedaadb04800d06b42a9,423143,2026-07-15,downloaded,Ảnh SGV crawl từ taphuan/nxbgd CDN; learning_material_id=LM-SGV-TIN8-4923610683; OCR Markdown v0 do Nguyên gửi đã được đăng ký trong ocr_text_manifest.csv và được dùng để build fragment/index truy xuất ở trạng thái draft; ảnh gốc vẫn là nguồn truy vết theo trang; chưa HNMU/UET xác nhận.
20260715_sgv_crawl,SGV,8,https://cdn3.olm.vn/upload/taphuan/2026/0529/4923610683-page-23-1780069052201.png,shared/learning_resources/raw_page_images/sgv/tin_hoc_8/page_0023.png,397c392fc7572faaee9fb733fc17e001932f89f927d86471897cb7c4d1f64e55,801571,2026-07-15,downloaded,Ảnh SGV crawl từ taphuan/nxbgd CDN; learning_material_id=LM-SGV-TIN8-4923610683; OCR Markdown v0 do Nguyên gửi đã được đăng ký trong ocr_text_manifest.csv và được dùng để build fragment/index truy xuất ở trạng thái draft; ảnh gốc vẫn là nguồn truy vết theo trang; chưa HNMU/UET xác nhận.
20260715_sgv_crawl,SGV,8,https://cdn3.olm.vn/upload/taphuan/2026/0529/4923610683-page-24-1780069052505.png,shared/learning_resources/raw_page_images/sgv/tin_hoc_8/page_0024.png,a3bc5d9c57cf4cfb10749004c834d8530635c5311f012d4414de2d03c08a3b70,578334,2026-07-15,downloaded,Ảnh SGV crawl từ taphuan/nxbgd CDN; learning_material_id=LM-SGV-TIN8-4923610683; OCR Markdown v0 do Nguyên gửi đã được đăng ký trong ocr_text_manifest.csv và được dùng để build fragment/index truy xuất ở trạng thái draft; ảnh gốc vẫn là nguồn truy vết theo trang; chưa HNMU/UET xác nhận.
20260715_sgv_crawl,SGV,8,https://cdn3.olm.vn/upload/taphuan/2026/0529/4923610683-page-25-1780069052818.png,shared/learning_resources/raw_page_images/sgv/tin_hoc_8/page_0025.png,11274c4215e73eef47e8a944c3cdbfb5bbad3d6cad8bb75f398bdca24dfd6b7f,524456,2026-07-15,downloaded,Ảnh SGV crawl từ taphuan/nxbgd CDN; learning_material_id=LM-SGV-TIN8-4923610683; OCR Markdown v0 do Nguyên gửi đã được đăng ký trong ocr_text_manifest.csv và được dùng để build fragment/index truy xuất ở trạng thái draft; ảnh gốc vẫn là nguồn truy vết theo trang; chưa HNMU/UET xác nhận.
20260715_sgv_crawl,SGV,8,https://cdn3.olm.vn/upload/taphuan/2026/0529/4923610683-page-26-1780069053128.png,shared/learning_resources/raw_page_images/sgv/tin_hoc_8/page_0026.png,da97d0672cd2e1ef4d96113f1a57b07c2994801b3763e1a6774864e0dc9a411a,455222,2026-07-15,downloaded,Ảnh SGV crawl từ taphuan/nxbgd CDN; learning_material_id=LM-SGV-TIN8-4923610683; OCR Markdown v0 do Nguyên gửi đã được đăng ký trong ocr_text_manifest.csv và được dùng để build fragment/index truy xuất ở trạng thái draft; ảnh gốc vẫn là nguồn truy vết theo trang; chưa HNMU/UET xác nhận.
20260715_sgv_crawl,SGV,8,https://cdn3.olm.vn/upload/taphuan/2026/0529/4923610683-page-27-1780069053420.png,shared/learning_resources/raw_page_images/sgv/tin_hoc_8/page_0027.png,6e1046614c89d685f1398f647c7056ce2ff71d792bd0f1c3170d47cb90c9026c,479767,2026-07-15,downloaded,Ảnh SGV crawl từ taphuan/nxbgd CDN; learning_material_id=LM-SGV-TIN8-4923610683; OCR Markdown v0 do Nguyên gửi đã được đăng ký trong ocr_text_manifest.csv và được dùng để build fragment/index truy xuất ở trạng thái draft; ảnh gốc vẫn là nguồn truy vết theo trang; chưa HNMU/UET xác nhận.
20260715_sgv_crawl,SGV,8,https://cdn3.olm.vn/upload/taphuan/2026/0529/4923610683-page-28-1780069053720.png,shared/learning_resources/raw_page_images/sgv/tin_hoc_8/page_0028.png,550ab7805948266b48930fad15339466f0025aabcc7564e4edffc5f8c71c0db9,506960,2026-07-15,downloaded,Ảnh SGV crawl từ taphuan/nxbgd CDN; learning_material_id=LM-SGV-TIN8-4923610683; OCR Markdown v0 do Nguyên gửi đã được đăng ký trong ocr_text_manifest.csv và được dùng để build fragment/index truy xuất ở trạng thái draft; ảnh gốc vẫn là nguồn truy vết theo trang; chưa HNMU/UET xác nhận.
20260715_sgv_crawl,SGV,8,https://cdn3.olm.vn/upload/taphuan/2026/0529/4923610683-page-29-1780069054038.png,shared/learning_resources/raw_page_images/sgv/tin_hoc_8/page_0029.png,95cbe229146603686a81e3d1229738eaa2f5bc67788f93bca847bcb1cd050b90,472286,2026-07-15,downloaded,Ảnh SGV crawl từ taphuan/nxbgd CDN; learning_material_id=LM-SGV-TIN8-4923610683; OCR Markdown v0 do Nguyên gửi đã được đăng ký trong ocr_text_manifest.csv và được dùng để build fragment/index truy xuất ở trạng thái draft; ảnh gốc vẫn là nguồn truy vết theo trang; chưa HNMU/UET xác nhận.
20260715_sgv_crawl,SGV,8,https://cdn3.olm.vn/upload/taphuan/2026/0529/4923610683-page-30-1780069054393.png,shared/learning_resources/raw_page_images/sgv/tin_hoc_8/page_0030.png,0eb6a700d4b74b30bf99569d07f731dd9ca6abb4dc152e00fe272d937609ea6e,559843,2026-07-15,downloaded,Ảnh SGV crawl từ taphuan/nxbgd CDN; learning_material_id=LM-SGV-TIN8-4923610683; OCR Markdown v0 do Nguyên gửi đã được đăng ký trong ocr_text_manifest.csv và được dùng để build fragment/index truy xuất ở trạng thái draft; ảnh gốc vẫn là nguồn truy vết theo trang; chưa HNMU/UET xác nhận.
20260715_sgv_crawl,SGV,8,https://cdn3.olm.vn/upload/taphuan/2026/0529/4923610683-page-31-1780069054700.png,shared/learning_resources/raw_page_images/sgv/tin_hoc_8/page_0031.png,4f46cf96790c072e6deff375106fbf8507ba5c839584a09635589bd88536b405,496892,2026-07-15,downloaded,Ảnh SGV crawl từ taphuan/nxbgd CDN; learning_material_id=LM-SGV-TIN8-4923610683; OCR Markdown v0 do Nguyên gửi đã được đăng ký trong ocr_text_manifest.csv và được dùng để build fragment/index truy xuất ở trạng thái draft; ảnh gốc vẫn là nguồn truy vết theo trang; chưa HNMU/UET xác nhận.
20260715_sgv_crawl,SGV,8,https://cdn3.olm.vn/upload/taphuan/2026/0529/4923610683-page-32-1780069054987.png,shared/learning_resources/raw_page_images/sgv/tin_hoc_8/page_0032.png,74c1385f69efcf8fe16e9f028db6d9f19f11ea3849502ecf61fe0cf350cc6a03,492447,2026-07-15,downloaded,Ảnh SGV crawl từ taphuan/nxbgd CDN; learning_material_id=LM-SGV-TIN8-4923610683; OCR Markdown v0 do Nguyên gửi đã được đăng ký trong ocr_text_manifest.csv và được dùng để build fragment/index truy xuất ở trạng thái draft; ảnh gốc vẫn là nguồn truy vết theo trang; chưa HNMU/UET xác nhận.
20260715_sgv_crawl,SGV,8,https://cdn3.olm.vn/upload/taphuan/2026/0529/4923610683-page-33-1780069055290.png,shared/learning_resources/raw_page_images/sgv/tin_hoc_8/page_0033.png,53b5bd700ef48daf95023d0ee4d71fed12cf647bad92f1d3cb62561e04d1e3c4,778886,2026-07-15,downloaded,Ảnh SGV crawl từ taphuan/nxbgd CDN; learning_material_id=LM-SGV-TIN8-4923610683; OCR Markdown v0 do Nguyên gửi đã được đăng ký trong ocr_text_manifest.csv và được dùng để build fragment/index truy xuất ở trạng thái draft; ảnh gốc vẫn là nguồn truy vết theo trang; chưa HNMU/UET xác nhận.
20260715_sgv_crawl,SGV,8,https://cdn3.olm.vn/upload/taphuan/2026/0529/4923610683-page-34-1780069055618.png,shared/learning_resources/raw_page_images/sgv/tin_hoc_8/page_0034.png,926cbfcc15bbf7bd1d91c6dde7ccdec4de5551fc95cb64d9d893acc79364ffd3,549626,2026-07-15,downloaded,Ảnh SGV crawl từ taphuan/nxbgd CDN; learning_material_id=LM-SGV-TIN8-4923610683; OCR Markdown v0 do Nguyên gửi đã được đăng ký trong ocr_text_manifest.csv và được dùng để build fragment/index truy xuất ở trạng thái draft; ảnh gốc vẫn là nguồn truy vết theo trang; chưa HNMU/UET xác nhận.
20260715_sgv_crawl,SGV,8,https://cdn3.olm.vn/upload/taphuan/2026/0529/4923610683-page-35-1780069055916.png,shared/learning_resources/raw_page_images/sgv/tin_hoc_8/page_0035.png,d5e361b2f05ed3d4e7681e3248bee53a23fd89c2d27b4846ed553fb264d92f8e,450437,2026-07-15,downloaded,Ảnh SGV crawl từ taphuan/nxbgd CDN; learning_material_id=LM-SGV-TIN8-4923610683; OCR Markdown v0 do Nguyên gửi đã được đăng ký trong ocr_text_manifest.csv và được dùng để build fragment/index truy xuất ở trạng thái draft; ảnh gốc vẫn là nguồn truy vết theo trang; chưa HNMU/UET xác nhận.
20260715_sgv_crawl,SGV,8,https://cdn3.olm.vn/upload/taphuan/2026/0529/4923610683-page-36-1780069056203.png,shared/learning_resources/raw_page_images/sgv/tin_hoc_8/page_0036.png,af8cec33d1430f61a193abe27db82b8310ea02b5f6b1cea9cde3e04905151f35,521025,2026-07-15,downloaded,Ảnh SGV crawl từ taphuan/nxbgd CDN; learning_material_id=LM-SGV-TIN8-4923610683; OCR Markdown v0 do Nguyên gửi đã được đăng ký trong ocr_text_manifest.csv và được dùng để build fragment/index truy xuất ở trạng thái draft; ảnh gốc vẫn là nguồn truy vết theo trang; chưa HNMU/UET xác nhận.
20260715_sgv_crawl,SGV,8,https://cdn3.olm.vn/upload/taphuan/2026/0529/4923610683-page-37-1780069056490.png,shared/learning_resources/raw_page_images/sgv/tin_hoc_8/page_0037.png,747b81246db48b53c843ef609386317fb495eb67db346ec6ce34100fce18c35e,481101,2026-07-15,downloaded,Ảnh SGV crawl từ taphuan/nxbgd CDN; learning_material_id=LM-SGV-TIN8-4923610683; OCR Markdown v0 do Nguyên gửi đã được đăng ký trong ocr_text_manifest.csv và được dùng để build fragment/index truy xuất ở trạng thái draft; ảnh gốc vẫn là nguồn truy vết theo trang; chưa HNMU/UET xác nhận.
20260715_sgv_crawl,SGV,8,https://cdn3.olm.vn/upload/taphuan/2026/0529/4923610683-page-38-1780069056762.png,shared/learning_resources/raw_page_images/sgv/tin_hoc_8/page_0038.png,7d39b259f5915fecab2a31a0e3d290b24eb88997ee37defa0cbbffcd8507efc3,366162,2026-07-15,downloaded,Ảnh SGV crawl từ taphuan/nxbgd CDN; learning_material_id=LM-SGV-TIN8-4923610683; OCR Markdown v0 do Nguyên gửi đã được đăng ký trong ocr_text_manifest.csv và được dùng để build fragment/index truy xuất ở trạng thái draft; ảnh gốc vẫn là nguồn truy vết theo trang; chưa HNMU/UET xác nhận.
20260715_sgv_crawl,SGV,8,https://cdn3.olm.vn/upload/taphuan/2026/0529/4923610683-page-39-1780069057049.png,shared/learning_resources/raw_page_images/sgv/tin_hoc_8/page_0039.png,a3ea1fb98eb3a92a6127a5391ce87dad19327161d7a9e09fff97961ebb950f21,457300,2026-07-15,downloaded,Ảnh SGV crawl từ taphuan/nxbgd CDN; learning_material_id=LM-SGV-TIN8-4923610683; OCR Markdown v0 do Nguyên gửi đã được đăng ký trong ocr_text_manifest.csv và được dùng để build fragment/index truy xuất ở trạng thái draft; ảnh gốc vẫn là nguồn truy vết theo trang; chưa HNMU/UET xác nhận.
20260715_sgv_crawl,SGV,8,https://cdn3.olm.vn/upload/taphuan/2026/0529/4923610683-page-40-1780069057361.png,shared/learning_resources/raw_page_images/sgv/tin_hoc_8/page_0040.png,bc63e4c8d313228099a7367fe8867979690af02d366b928ed088058c832aafcc,565953,2026-07-15,downloaded,Ảnh SGV crawl từ taphuan/nxbgd CDN; learning_material_id=LM-SGV-TIN8-4923610683; OCR Markdown v0 do Nguyên gửi đã được đăng ký trong ocr_text_manifest.csv và được dùng để build fragment/index truy xuất ở trạng thái draft; ảnh gốc vẫn là nguồn truy vết theo trang; chưa HNMU/UET xác nhận.
20260715_sgv_crawl,SGV,8,https://cdn3.olm.vn/upload/taphuan/2026/0529/4923610683-page-41-1780069057645.png,shared/learning_resources/raw_page_images/sgv/tin_hoc_8/page_0041.png,63f790c2e405474155ecc3033d81b8c1ca46a544337aa897b7709ad80398ee5d,563891,2026-07-15,downloaded,Ảnh SGV crawl từ taphuan/nxbgd CDN; learning_material_id=LM-SGV-TIN8-4923610683; OCR Markdown v0 do Nguyên gửi đã được đăng ký trong ocr_text_manifest.csv và được dùng để build fragment/index truy xuất ở trạng thái draft; ảnh gốc vẫn là nguồn truy vết theo trang; chưa HNMU/UET xác nhận.
20260715_sgv_crawl,SGV,8,https://cdn3.olm.vn/upload/taphuan/2026/0529/4923610683-page-42-1780069057924.png,shared/learning_resources/raw_page_images/sgv/tin_hoc_8/page_0042.png,eaa9d58086951fc32622a3c5a72258b048c53c78152d1ed1316244bc736e932b,482147,2026-07-15,downloaded,Ảnh SGV crawl từ taphuan/nxbgd CDN; learning_material_id=LM-SGV-TIN8-4923610683; OCR Markdown v0 do Nguyên gửi đã được đăng ký trong ocr_text_manifest.csv và được dùng để build fragment/index truy xuất ở trạng thái draft; ảnh gốc vẫn là nguồn truy vết theo trang; chưa HNMU/UET xác nhận.
20260715_sgv_crawl,SGV,8,https://cdn3.olm.vn/upload/taphuan/2026/0529/4923610683-page-43-1780069058244.png,shared/learning_resources/raw_page_images/sgv/tin_hoc_8/page_0043.png,dd0743e9602f72da5120b9a6c5cdedcca44c09dcd2c87f91f9e7b4e3385a241a,578231,2026-07-15,downloaded,Ảnh SGV crawl từ taphuan/nxbgd CDN; learning_material_id=LM-SGV-TIN8-4923610683; OCR Markdown v0 do Nguyên gửi đã được đăng ký trong ocr_text_manifest.csv và được dùng để build fragment/index truy xuất ở trạng thái draft; ảnh gốc vẫn là nguồn truy vết theo trang; chưa HNMU/UET xác nhận.
20260715_sgv_crawl,SGV,8,https://cdn3.olm.vn/upload/taphuan/2026/0529/4923610683-page-44-1780069058520.png,shared/learning_resources/raw_page_images/sgv/tin_hoc_8/page_0044.png,5d0474a6299aa66f8698d91b78a67b76a2b4082f268aab6a6ef81af247d92e81,493741,2026-07-15,downloaded,Ảnh SGV crawl từ taphuan/nxbgd CDN; learning_material_id=LM-SGV-TIN8-4923610683; OCR Markdown v0 do Nguyên gửi đã được đăng ký trong ocr_text_manifest.csv và được dùng để build fragment/index truy xuất ở trạng thái draft; ảnh gốc vẫn là nguồn truy vết theo trang; chưa HNMU/UET xác nhận.
20260715_sgv_crawl,SGV,8,https://cdn3.olm.vn/upload/taphuan/2026/0529/4923610683-page-45-1780069058800.png,shared/learning_resources/raw_page_images/sgv/tin_hoc_8/page_0045.png,c2dfad0dadf91b5b24aae8f1f8a00a6daadd021e989a88ef47d53cfefb7819c7,657293,2026-07-15,downloaded,Ảnh SGV crawl từ taphuan/nxbgd CDN; learning_material_id=LM-SGV-TIN8-4923610683; OCR Markdown v0 do Nguyên gửi đã được đăng ký trong ocr_text_manifest.csv và được dùng để build fragment/index truy xuất ở trạng thái draft; ảnh gốc vẫn là nguồn truy vết theo trang; chưa HNMU/UET xác nhận.
20260715_sgv_crawl,SGV,8,https://cdn3.olm.vn/upload/taphuan/2026/0529/4923610683-page-46-1780069059098.png,shared/learning_resources/raw_page_images/sgv/tin_hoc_8/page_0046.png,3fca08b0ae722a848536cb927ee74a67d497f8c636bddfc44acf0e0973ed4529,466304,2026-07-15,downloaded,Ảnh SGV crawl từ taphuan/nxbgd CDN; learning_material_id=LM-SGV-TIN8-4923610683; OCR Markdown v0 do Nguyên gửi đã được đăng ký trong ocr_text_manifest.csv và được dùng để build fragment/index truy xuất ở trạng thái draft; ảnh gốc vẫn là nguồn truy vết theo trang; chưa HNMU/UET xác nhận.
20260715_sgv_crawl,SGV,8,https://cdn3.olm.vn/upload/taphuan/2026/0529/4923610683-page-47-1780069059392.png,shared/learning_resources/raw_page_images/sgv/tin_hoc_8/page_0047.png,3aba40ca25a1c251340e9d3cbea428d5296a3cfa2b72ab8e5437ca8796c4bc38,512522,2026-07-15,downloaded,Ảnh SGV crawl từ taphuan/nxbgd CDN; learning_material_id=LM-SGV-TIN8-4923610683; OCR Markdown v0 do Nguyên gửi đã được đăng ký trong ocr_text_manifest.csv và được dùng để build fragment/index truy xuất ở trạng thái draft; ảnh gốc vẫn là nguồn truy vết theo trang; chưa HNMU/UET xác nhận.
20260715_sgv_crawl,SGV,8,https://cdn3.olm.vn/upload/taphuan/2026/0529/4923610683-page-48-1780069059672.png,shared/learning_resources/raw_page_images/sgv/tin_hoc_8/page_0048.png,4bfec567e45e0930af0d6fa0cbb035aab6bb967e6feba030c6d70dc3cddc34f0,308651,2026-07-15,downloaded,Ảnh SGV crawl từ taphuan/nxbgd CDN; learning_material_id=LM-SGV-TIN8-4923610683; OCR Markdown v0 do Nguyên gửi đã được đăng ký trong ocr_text_manifest.csv và được dùng để build fragment/index truy xuất ở trạng thái draft; ảnh gốc vẫn là nguồn truy vết theo trang; chưa HNMU/UET xác nhận.
20260715_sgv_crawl,SGV,8,https://cdn3.olm.vn/upload/taphuan/2026/0529/4923610683-page-49-1780069059954.png,shared/learning_resources/raw_page_images/sgv/tin_hoc_8/page_0049.png,8545cd267fc16016f6bef77470db469537ec3d0aa98d749eb00fe6c514449b2b,317908,2026-07-15,downloaded,Ảnh SGV crawl từ taphuan/nxbgd CDN; learning_material_id=LM-SGV-TIN8-4923610683; OCR Markdown v0 do Nguyên gửi đã được đăng ký trong ocr_text_manifest.csv và được dùng để build fragment/index truy xuất ở trạng thái draft; ảnh gốc vẫn là nguồn truy vết theo trang; chưa HNMU/UET xác nhận.
20260715_sgv_crawl,SGV,8,https://cdn3.olm.vn/upload/taphuan/2026/0529/4923610683-page-50-1780069060248.png,shared/learning_resources/raw_page_images/sgv/tin_hoc_8/page_0050.png,2bda31a7d97e49a82c3578f2599e917f5fef978a42e54ba7e2eafde7a11c9ff1,516913,2026-07-15,downloaded,Ảnh SGV crawl từ taphuan/nxbgd CDN; learning_material_id=LM-SGV-TIN8-4923610683; OCR Markdown v0 do Nguyên gửi đã được đăng ký trong ocr_text_manifest.csv và được dùng để build fragment/index truy xuất ở trạng thái draft; ảnh gốc vẫn là nguồn truy vết theo trang; chưa HNMU/UET xác nhận.
20260715_sgv_crawl,SGV,8,https://cdn3.olm.vn/upload/taphuan/2026/0529/4923610683-page-51-1780069060540.png,shared/learning_resources/raw_page_images/sgv/tin_hoc_8/page_0051.png,d85d9a04983306b23e9c38a5f56020c122b16b2a8b4c9ee56a8c9cdd6e57d9c4,518783,2026-07-15,downloaded,Ảnh SGV crawl từ taphuan/nxbgd CDN; learning_material_id=LM-SGV-TIN8-4923610683; OCR Markdown v0 do Nguyên gửi đã được đăng ký trong ocr_text_manifest.csv và được dùng để build fragment/index truy xuất ở trạng thái draft; ảnh gốc vẫn là nguồn truy vết theo trang; chưa HNMU/UET xác nhận.
20260715_sgv_crawl,SGV,8,https://cdn3.olm.vn/upload/taphuan/2026/0529/4923610683-page-52-1780069060849.png,shared/learning_resources/raw_page_images/sgv/tin_hoc_8/page_0052.png,9e81041159d785733f7f88e8983ecf9e586eafc59d579ac06aa74847f2a3dca9,550340,2026-07-15,downloaded,Ảnh SGV crawl từ taphuan/nxbgd CDN; learning_material_id=LM-SGV-TIN8-4923610683; OCR Markdown v0 do Nguyên gửi đã được đăng ký trong ocr_text_manifest.csv và được dùng để build fragment/index truy xuất ở trạng thái draft; ảnh gốc vẫn là nguồn truy vết theo trang; chưa HNMU/UET xác nhận.
20260715_sgv_crawl,SGV,8,https://cdn3.olm.vn/upload/taphuan/2026/0529/4923610683-page-53-1780069061145.png,shared/learning_resources/raw_page_images/sgv/tin_hoc_8/page_0053.png,87dcb8079dcb913bc10ddb3a4bd6fadf07fb9a2eecaa612648e6183cd7a938a9,711014,2026-07-15,downloaded,Ảnh SGV crawl từ taphuan/nxbgd CDN; learning_material_id=LM-SGV-TIN8-4923610683; OCR Markdown v0 do Nguyên gửi đã được đăng ký trong ocr_text_manifest.csv và được dùng để build fragment/index truy xuất ở trạng thái draft; ảnh gốc vẫn là nguồn truy vết theo trang; chưa HNMU/UET xác nhận.
20260715_sgv_crawl,SGV,8,https://cdn3.olm.vn/upload/taphuan/2026/0529/4923610683-page-54-1780069061426.png,shared/learning_resources/raw_page_images/sgv/tin_hoc_8/page_0054.png,8fbdb89ad58d77dd89575da0c08662d324592515e32422a9d7b2b12fbb65a95f,394906,2026-07-15,downloaded,Ảnh SGV crawl từ taphuan/nxbgd CDN; learning_material_id=LM-SGV-TIN8-4923610683; OCR Markdown v0 do Nguyên gửi đã được đăng ký trong ocr_text_manifest.csv và được dùng để build fragment/index truy xuất ở trạng thái draft; ảnh gốc vẫn là nguồn truy vết theo trang; chưa HNMU/UET xác nhận.
20260715_sgv_crawl,SGV,8,https://cdn3.olm.vn/upload/taphuan/2026/0529/4923610683-page-55-1780069061715.png,shared/learning_resources/raw_page_images/sgv/tin_hoc_8/page_0055.png,d706f2793c1ebdfa78dbbf40d82d2e330050b8c2f6eac47fab97716028319aaa,545678,2026-07-15,downloaded,Ảnh SGV crawl từ taphuan/nxbgd CDN; learning_material_id=LM-SGV-TIN8-4923610683; OCR Markdown v0 do Nguyên gửi đã được đăng ký trong ocr_text_manifest.csv và được dùng để build fragment/index truy xuất ở trạng thái draft; ảnh gốc vẫn là nguồn truy vết theo trang; chưa HNMU/UET xác nhận.
20260715_sgv_crawl,SGV,8,https://cdn3.olm.vn/upload/taphuan/2026/0529/4923610683-page-56-1780069062028.png,shared/learning_resources/raw_page_images/sgv/tin_hoc_8/page_0056.png,4de82809aa552f8be62c398ca63c5622541af20e2f0786043d797fb1817c8f85,536145,2026-07-15,downloaded,Ảnh SGV crawl từ taphuan/nxbgd CDN; learning_material_id=LM-SGV-TIN8-4923610683; OCR Markdown v0 do Nguyên gửi đã được đăng ký trong ocr_text_manifest.csv và được dùng để build fragment/index truy xuất ở trạng thái draft; ảnh gốc vẫn là nguồn truy vết theo trang; chưa HNMU/UET xác nhận.
20260715_sgv_crawl,SGV,8,https://cdn3.olm.vn/upload/taphuan/2026/0529/4923610683-page-57-1780069062322.png,shared/learning_resources/raw_page_images/sgv/tin_hoc_8/page_0057.png,6af4e27ca17d37d15b28cbd46f3d0938ca45bf021f470e4d7832591b940cb290,527936,2026-07-15,downloaded,Ảnh SGV crawl từ taphuan/nxbgd CDN; learning_material_id=LM-SGV-TIN8-4923610683; OCR Markdown v0 do Nguyên gửi đã được đăng ký trong ocr_text_manifest.csv và được dùng để build fragment/index truy xuất ở trạng thái draft; ảnh gốc vẫn là nguồn truy vết theo trang; chưa HNMU/UET xác nhận.
20260715_sgv_crawl,SGV,8,https://cdn3.olm.vn/upload/taphuan/2026/0529/4923610683-page-58-1780069062621.png,shared/learning_resources/raw_page_images/sgv/tin_hoc_8/page_0058.png,00f99714de2ea239b44661d96af4a858f71116b4a658228b89ca5f6ba9c7177b,565010,2026-07-15,downloaded,Ảnh SGV crawl từ taphuan/nxbgd CDN; learning_material_id=LM-SGV-TIN8-4923610683; OCR Markdown v0 do Nguyên gửi đã được đăng ký trong ocr_text_manifest.csv và được dùng để build fragment/index truy xuất ở trạng thái draft; ảnh gốc vẫn là nguồn truy vết theo trang; chưa HNMU/UET xác nhận.
20260715_sgv_crawl,SGV,8,https://cdn3.olm.vn/upload/taphuan/2026/0529/4923610683-page-59-1780069062940.png,shared/learning_resources/raw_page_images/sgv/tin_hoc_8/page_0059.png,78f025e82f9538853fd16e33e204aa20f93baa7783e06b818828b8304d9591d1,770595,2026-07-15,downloaded,Ảnh SGV crawl từ taphuan/nxbgd CDN; learning_material_id=LM-SGV-TIN8-4923610683; OCR Markdown v0 do Nguyên gửi đã được đăng ký trong ocr_text_manifest.csv và được dùng để build fragment/index truy xuất ở trạng thái draft; ảnh gốc vẫn là nguồn truy vết theo trang; chưa HNMU/UET xác nhận.
20260715_sgv_crawl,SGV,8,https://cdn3.olm.vn/upload/taphuan/2026/0529/4923610683-page-60-1780069063250.png,shared/learning_resources/raw_page_images/sgv/tin_hoc_8/page_0060.png,5f09e1cdaedf80df325114be26992469f5cc47b52764ba21829a1849a387310a,601556,2026-07-15,downloaded,Ảnh SGV crawl từ taphuan/nxbgd CDN; learning_material_id=LM-SGV-TIN8-4923610683; OCR Markdown v0 do Nguyên gửi đã được đăng ký trong ocr_text_manifest.csv và được dùng để build fragment/index truy xuất ở trạng thái draft; ảnh gốc vẫn là nguồn truy vết theo trang; chưa HNMU/UET xác nhận.
20260715_sgv_crawl,SGV,8,https://cdn3.olm.vn/upload/taphuan/2026/0529/4923610683-page-61-1780069063548.png,shared/learning_resources/raw_page_images/sgv/tin_hoc_8/page_0061.png,299409a9deb2831a3700b8337ae92c16abec4fbecd483b7a799f0cab4df3ca13,475582,2026-07-15,downloaded,Ảnh SGV crawl từ taphuan/nxbgd CDN; learning_material_id=LM-SGV-TIN8-4923610683; OCR Markdown v0 do Nguyên gửi đã được đăng ký trong ocr_text_manifest.csv và được dùng để build fragment/index truy xuất ở trạng thái draft; ảnh gốc vẫn là nguồn truy vết theo trang; chưa HNMU/UET xác nhận.
20260715_sgv_crawl,SGV,8,https://cdn3.olm.vn/upload/taphuan/2026/0529/4923610683-page-62-1780069063853.png,shared/learning_resources/raw_page_images/sgv/tin_hoc_8/page_0062.png,08f8cf451fb5830d35a43bb80c52106ff296d981a739c3cc2890443ab0d434d4,551505,2026-07-15,downloaded,Ảnh SGV crawl từ taphuan/nxbgd CDN; learning_material_id=LM-SGV-TIN8-4923610683; OCR Markdown v0 do Nguyên gửi đã được đăng ký trong ocr_text_manifest.csv và được dùng để build fragment/index truy xuất ở trạng thái draft; ảnh gốc vẫn là nguồn truy vết theo trang; chưa HNMU/UET xác nhận.
20260715_sgv_crawl,SGV,8,https://cdn3.olm.vn/upload/taphuan/2026/0529/4923610683-page-63-1780069064172.png,shared/learning_resources/raw_page_images/sgv/tin_hoc_8/page_0063.png,22f689237de987abbb5649c7ddb5c33db8ada1c020fcc6402afa155f9ba9273a,566498,2026-07-15,downloaded,Ảnh SGV crawl từ taphuan/nxbgd CDN; learning_material_id=LM-SGV-TIN8-4923610683; OCR Markdown v0 do Nguyên gửi đã được đăng ký trong ocr_text_manifest.csv và được dùng để build fragment/index truy xuất ở trạng thái draft; ảnh gốc vẫn là nguồn truy vết theo trang; chưa HNMU/UET xác nhận.
20260715_sgv_crawl,SGV,8,https://cdn3.olm.vn/upload/taphuan/2026/0529/4923610683-page-64-1780069064457.png,shared/learning_resources/raw_page_images/sgv/tin_hoc_8/page_0064.png,e6190938ab89752cdca1904efc1e557a64425c000d555a6aec017eb0b7afee9f,541754,2026-07-15,downloaded,Ảnh SGV crawl từ taphuan/nxbgd CDN; learning_material_id=LM-SGV-TIN8-4923610683; OCR Markdown v0 do Nguyên gửi đã được đăng ký trong ocr_text_manifest.csv và được dùng để build fragment/index truy xuất ở trạng thái draft; ảnh gốc vẫn là nguồn truy vết theo trang; chưa HNMU/UET xác nhận.
20260715_sgv_crawl,SGV,8,https://cdn3.olm.vn/upload/taphuan/2026/0529/4923610683-page-65-1780069064759.png,shared/learning_resources/raw_page_images/sgv/tin_hoc_8/page_0065.png,73558db46bc8a810be8e0fbdcb9cc8f4f1a625268f875515154babfd55b3710a,509916,2026-07-15,downloaded,Ảnh SGV crawl từ taphuan/nxbgd CDN; learning_material_id=LM-SGV-TIN8-4923610683; OCR Markdown v0 do Nguyên gửi đã được đăng ký trong ocr_text_manifest.csv và được dùng để build fragment/index truy xuất ở trạng thái draft; ảnh gốc vẫn là nguồn truy vết theo trang; chưa HNMU/UET xác nhận.
20260715_sgv_crawl,SGV,8,https://cdn3.olm.vn/upload/taphuan/2026/0529/4923610683-page-66-1780069065046.png,shared/learning_resources/raw_page_images/sgv/tin_hoc_8/page_0066.png,96e885d26bdd38a19ad53b00b067dadb63fa78875d0633ba54f4d170cb77c6a9,200599,2026-07-15,downloaded,Ảnh SGV crawl từ taphuan/nxbgd CDN; learning_material_id=LM-SGV-TIN8-4923610683; OCR Markdown v0 do Nguyên gửi đã được đăng ký trong ocr_text_manifest.csv và được dùng để build fragment/index truy xuất ở trạng thái draft; ảnh gốc vẫn là nguồn truy vết theo trang; chưa HNMU/UET xác nhận.
20260715_sgv_crawl,SGV,8,https://cdn3.olm.vn/upload/taphuan/2026/0529/4923610683-page-67-1780069065347.png,shared/learning_resources/raw_page_images/sgv/tin_hoc_8/page_0067.png,c213bdd7be14305f9f41fe54aedd34913503f5ccb79aa38b49c270074a330d4f,472093,2026-07-15,downloaded,Ảnh SGV crawl từ taphuan/nxbgd CDN; learning_material_id=LM-SGV-TIN8-4923610683; OCR Markdown v0 do Nguyên gửi đã được đăng ký trong ocr_text_manifest.csv và được dùng để build fragment/index truy xuất ở trạng thái draft; ảnh gốc vẫn là nguồn truy vết theo trang; chưa HNMU/UET xác nhận.
20260715_sgv_crawl,SGV,8,https://cdn3.olm.vn/upload/taphuan/2026/0529/4923610683-page-68-1780069065647.png,shared/learning_resources/raw_page_images/sgv/tin_hoc_8/page_0068.png,208c9146d949030f79dfdc7fda0b540ebaa053b0ecfeb87beacf1292e9dd5735,554060,2026-07-15,downloaded,Ảnh SGV crawl từ taphuan/nxbgd CDN; learning_material_id=LM-SGV-TIN8-4923610683; OCR Markdown v0 do Nguyên gửi đã được đăng ký trong ocr_text_manifest.csv và được dùng để build fragment/index truy xuất ở trạng thái draft; ảnh gốc vẫn là nguồn truy vết theo trang; chưa HNMU/UET xác nhận.
20260715_sgv_crawl,SGV,8,https://cdn3.olm.vn/upload/taphuan/2026/0529/4923610683-page-69-1780069065935.png,shared/learning_resources/raw_page_images/sgv/tin_hoc_8/page_0069.png,548fadc5c78347645906cb8c2fc7063e37173dad2764bbfbbe565041322b639a,567050,2026-07-15,downloaded,Ảnh SGV crawl từ taphuan/nxbgd CDN; learning_material_id=LM-SGV-TIN8-4923610683; OCR Markdown v0 do Nguyên gửi đã được đăng ký trong ocr_text_manifest.csv và được dùng để build fragment/index truy xuất ở trạng thái draft; ảnh gốc vẫn là nguồn truy vết theo trang; chưa HNMU/UET xác nhận.
20260715_sgv_crawl,SGV,8,https://cdn3.olm.vn/upload/taphuan/2026/0529/4923610683-page-70-1780069066224.png,shared/learning_resources/raw_page_images/sgv/tin_hoc_8/page_0070.png,e68ebdfa1b2cfd3fd3d9e7f2372ae44285294576baae205931e95f38017b1e79,426294,2026-07-15,downloaded,Ảnh SGV crawl từ taphuan/nxbgd CDN; learning_material_id=LM-SGV-TIN8-4923610683; OCR Markdown v0 do Nguyên gửi đã được đăng ký trong ocr_text_manifest.csv và được dùng để build fragment/index truy xuất ở trạng thái draft; ảnh gốc vẫn là nguồn truy vết theo trang; chưa HNMU/UET xác nhận.
20260715_sgv_crawl,SGV,8,https://cdn3.olm.vn/upload/taphuan/2026/0529/4923610683-page-71-1780069066530.png,shared/learning_resources/raw_page_images/sgv/tin_hoc_8/page_0071.png,1ac88acbf265357c3b029a0f9fc126394559cf261a3c1a4850d530d7efa54430,482452,2026-07-15,downloaded,Ảnh SGV crawl từ taphuan/nxbgd CDN; learning_material_id=LM-SGV-TIN8-4923610683; OCR Markdown v0 do Nguyên gửi đã được đăng ký trong ocr_text_manifest.csv và được dùng để build fragment/index truy xuất ở trạng thái draft; ảnh gốc vẫn là nguồn truy vết theo trang; chưa HNMU/UET xác nhận.
20260715_sgv_crawl,SGV,8,https://cdn3.olm.vn/upload/taphuan/2026/0529/4923610683-page-72-1780069066840.png,shared/learning_resources/raw_page_images/sgv/tin_hoc_8/page_0072.png,16786d51d9c4c8a6aa9a1a7602d7742c71ec4dd19d5568b3adceb54eeccdf9a4,466860,2026-07-15,downloaded,Ảnh SGV crawl từ taphuan/nxbgd CDN; learning_material_id=LM-SGV-TIN8-4923610683; OCR Markdown v0 do Nguyên gửi đã được đăng ký trong ocr_text_manifest.csv và được dùng để build fragment/index truy xuất ở trạng thái draft; ảnh gốc vẫn là nguồn truy vết theo trang; chưa HNMU/UET xác nhận.
20260715_sgv_crawl,SGV,8,https://cdn3.olm.vn/upload/taphuan/2026/0529/4923610683-page-73-1780069067147.png,shared/learning_resources/raw_page_images/sgv/tin_hoc_8/page_0073.png,601fe5ba45e41f915d82b7ee678b17a93e48c2a5d05873dd5a9ba180b87968e2,452580,2026-07-15,downloaded,Ảnh SGV crawl từ taphuan/nxbgd CDN; learning_material_id=LM-SGV-TIN8-4923610683; OCR Markdown v0 do Nguyên gửi đã được đăng ký trong ocr_text_manifest.csv và được dùng để build fragment/index truy xuất ở trạng thái draft; ảnh gốc vẫn là nguồn truy vết theo trang; chưa HNMU/UET xác nhận.
20260715_sgv_crawl,SGV,8,https://cdn3.olm.vn/upload/taphuan/2026/0529/4923610683-page-74-1780069067455.png,shared/learning_resources/raw_page_images/sgv/tin_hoc_8/page_0074.png,a4e0ffdc7147a42f8f1a200c52db0a1688f492f7e9bdcb7a7c84147634d20513,414852,2026-07-15,downloaded,Ảnh SGV crawl từ taphuan/nxbgd CDN; learning_material_id=LM-SGV-TIN8-4923610683; OCR Markdown v0 do Nguyên gửi đã được đăng ký trong ocr_text_manifest.csv và được dùng để build fragment/index truy xuất ở trạng thái draft; ảnh gốc vẫn là nguồn truy vết theo trang; chưa HNMU/UET xác nhận.
20260715_sgv_crawl,SGV,8,https://cdn3.olm.vn/upload/taphuan/2026/0529/4923610683-page-75-1780069067747.png,shared/learning_resources/raw_page_images/sgv/tin_hoc_8/page_0075.png,9bec384256bedef5b1192ae16d63ba8654c8fff18b813cfc5cbb716ef44fdd63,431963,2026-07-15,downloaded,Ảnh SGV crawl từ taphuan/nxbgd CDN; learning_material_id=LM-SGV-TIN8-4923610683; OCR Markdown v0 do Nguyên gửi đã được đăng ký trong ocr_text_manifest.csv và được dùng để build fragment/index truy xuất ở trạng thái draft; ảnh gốc vẫn là nguồn truy vết theo trang; chưa HNMU/UET xác nhận.
20260715_sgv_crawl,SGV,8,https://cdn3.olm.vn/upload/taphuan/2026/0529/4923610683-page-76-1780069068045.png,shared/learning_resources/raw_page_images/sgv/tin_hoc_8/page_0076.png,cf8645e37fa300e83d15867be5b9f40f95c15fceaac8b668bc0146c63ed2be64,613012,2026-07-15,downloaded,Ảnh SGV crawl từ taphuan/nxbgd CDN; learning_material_id=LM-SGV-TIN8-4923610683; OCR Markdown v0 do Nguyên gửi đã được đăng ký trong ocr_text_manifest.csv và được dùng để build fragment/index truy xuất ở trạng thái draft; ảnh gốc vẫn là nguồn truy vết theo trang; chưa HNMU/UET xác nhận.
20260715_sgv_crawl,SGV,8,https://cdn3.olm.vn/upload/taphuan/2026/0529/4923610683-page-77-1780069068347.png,shared/learning_resources/raw_page_images/sgv/tin_hoc_8/page_0077.png,881ab95561c15eee5a6801376706565920433e936feaa0893b6a36ee5af0f404,448138,2026-07-15,downloaded,Ảnh SGV crawl từ taphuan/nxbgd CDN; learning_material_id=LM-SGV-TIN8-4923610683; OCR Markdown v0 do Nguyên gửi đã được đăng ký trong ocr_text_manifest.csv và được dùng để build fragment/index truy xuất ở trạng thái draft; ảnh gốc vẫn là nguồn truy vết theo trang; chưa HNMU/UET xác nhận.
20260715_sgv_crawl,SGV,8,https://cdn3.olm.vn/upload/taphuan/2026/0529/4923610683-page-78-1780069068643.png,shared/learning_resources/raw_page_images/sgv/tin_hoc_8/page_0078.png,9c9c1b24fbe15667f063120110672a0e009cf47970cf464dd9cb5ec80b92f3a1,521011,2026-07-15,downloaded,Ảnh SGV crawl từ taphuan/nxbgd CDN; learning_material_id=LM-SGV-TIN8-4923610683; OCR Markdown v0 do Nguyên gửi đã được đăng ký trong ocr_text_manifest.csv và được dùng để build fragment/index truy xuất ở trạng thái draft; ảnh gốc vẫn là nguồn truy vết theo trang; chưa HNMU/UET xác nhận.
20260715_sgv_crawl,SGV,8,https://cdn3.olm.vn/upload/taphuan/2026/0529/4923610683-page-79-1780069068977.png,shared/learning_resources/raw_page_images/sgv/tin_hoc_8/page_0079.png,e5e23c8ddff50391f4b92561a14d48ff00a46f520b89dfb593503cbe6cfd6274,450126,2026-07-15,downloaded,Ảnh SGV crawl từ taphuan/nxbgd CDN; learning_material_id=LM-SGV-TIN8-4923610683; OCR Markdown v0 do Nguyên gửi đã được đăng ký trong ocr_text_manifest.csv và được dùng để build fragment/index truy xuất ở trạng thái draft; ảnh gốc vẫn là nguồn truy vết theo trang; chưa HNMU/UET xác nhận.
20260715_sgv_crawl,SGV,8,https://cdn3.olm.vn/upload/taphuan/2026/0529/4923610683-page-80-1780069069260.png,shared/learning_resources/raw_page_images/sgv/tin_hoc_8/page_0080.png,20af8d8947b9d93fe6b178db0975919a72b862380479007312ee8c2e4b6610a2,569437,2026-07-15,downloaded,Ảnh SGV crawl từ taphuan/nxbgd CDN; learning_material_id=LM-SGV-TIN8-4923610683; OCR Markdown v0 do Nguyên gửi đã được đăng ký trong ocr_text_manifest.csv và được dùng để build fragment/index truy xuất ở trạng thái draft; ảnh gốc vẫn là nguồn truy vết theo trang; chưa HNMU/UET xác nhận.
20260715_sgv_crawl,SGV,8,https://cdn3.olm.vn/upload/taphuan/2026/0529/4923610683-page-81-1780069069587.png,shared/learning_resources/raw_page_images/sgv/tin_hoc_8/page_0081.png,e3dac48dd910aa1f0de7f5c82a120337066b54fd35c23cb2afc04906f87aaf86,509326,2026-07-15,downloaded,Ảnh SGV crawl từ taphuan/nxbgd CDN; learning_material_id=LM-SGV-TIN8-4923610683; OCR Markdown v0 do Nguyên gửi đã được đăng ký trong ocr_text_manifest.csv và được dùng để build fragment/index truy xuất ở trạng thái draft; ảnh gốc vẫn là nguồn truy vết theo trang; chưa HNMU/UET xác nhận.
20260715_sgv_crawl,SGV,8,https://cdn3.olm.vn/upload/taphuan/2026/0529/4923610683-page-82-1780069069896.png,shared/learning_resources/raw_page_images/sgv/tin_hoc_8/page_0082.png,356e9ebe51965920c2de75c3143ee6147aa72182f8f8582678264d0b49b135f8,424027,2026-07-15,downloaded,Ảnh SGV crawl từ taphuan/nxbgd CDN; learning_material_id=LM-SGV-TIN8-4923610683; OCR Markdown v0 do Nguyên gửi đã được đăng ký trong ocr_text_manifest.csv và được dùng để build fragment/index truy xuất ở trạng thái draft; ảnh gốc vẫn là nguồn truy vết theo trang; chưa HNMU/UET xác nhận.
20260715_sgv_crawl,SGV,8,https://cdn3.olm.vn/upload/taphuan/2026/0529/4923610683-page-83-1780069070153.png,shared/learning_resources/raw_page_images/sgv/tin_hoc_8/page_0083.png,52777076daa3630ab2c66ca402e93cfd350f37b889bb9f93799f0d6c4bce8fdf,244184,2026-07-15,downloaded,Ảnh SGV crawl từ taphuan/nxbgd CDN; learning_material_id=LM-SGV-TIN8-4923610683; OCR Markdown v0 do Nguyên gửi đã được đăng ký trong ocr_text_manifest.csv và được dùng để build fragment/index truy xuất ở trạng thái draft; ảnh gốc vẫn là nguồn truy vết theo trang; chưa HNMU/UET xác nhận.
20260715_sgv_crawl,SGV,8,https://cdn3.olm.vn/upload/taphuan/2026/0529/4923610683-page-84-1780069070429.png,shared/learning_resources/raw_page_images/sgv/tin_hoc_8/page_0084.png,c995b9779791a458589f737da0b0be2dba93edf48246aca638132d06385bb64b,406249,2026-07-15,downloaded,Ảnh SGV crawl từ taphuan/nxbgd CDN; learning_material_id=LM-SGV-TIN8-4923610683; OCR Markdown v0 do Nguyên gửi đã được đăng ký trong ocr_text_manifest.csv và được dùng để build fragment/index truy xuất ở trạng thái draft; ảnh gốc vẫn là nguồn truy vết theo trang; chưa HNMU/UET xác nhận.
20260715_sgv_crawl,SGV,8,https://cdn3.olm.vn/upload/taphuan/2026/0529/4923610683-page-85-1780069070720.png,shared/learning_resources/raw_page_images/sgv/tin_hoc_8/page_0085.png,18b85f2a9e98a35c41acf23fc09f78aa341c2cbe0b6aee5fbc1ed6970a83388f,485646,2026-07-15,downloaded,Ảnh SGV crawl từ taphuan/nxbgd CDN; learning_material_id=LM-SGV-TIN8-4923610683; OCR Markdown v0 do Nguyên gửi đã được đăng ký trong ocr_text_manifest.csv và được dùng để build fragment/index truy xuất ở trạng thái draft; ảnh gốc vẫn là nguồn truy vết theo trang; chưa HNMU/UET xác nhận.
20260715_sgv_crawl,SGV,8,https://cdn3.olm.vn/upload/taphuan/2026/0529/4923610683-page-86-1780069071009.png,shared/learning_resources/raw_page_images/sgv/tin_hoc_8/page_0086.png,608964335371586c1ed8eb1f35309a55b4ab432ecfc606cbe8e75dd59840bcea,446456,2026-07-15,downloaded,Ảnh SGV crawl từ taphuan/nxbgd CDN; learning_material_id=LM-SGV-TIN8-4923610683; OCR Markdown v0 do Nguyên gửi đã được đăng ký trong ocr_text_manifest.csv và được dùng để build fragment/index truy xuất ở trạng thái draft; ảnh gốc vẫn là nguồn truy vết theo trang; chưa HNMU/UET xác nhận.
20260715_sgv_crawl,SGV,8,https://cdn3.olm.vn/upload/taphuan/2026/0529/4923610683-page-87-1780069071284.png,shared/learning_resources/raw_page_images/sgv/tin_hoc_8/page_0087.png,b0ad63f3a56c4bf3b1ac03b55b3a4e07e4681acb97918216e5737dc2ce8b494e,427698,2026-07-15,downloaded,Ảnh SGV crawl từ taphuan/nxbgd CDN; learning_material_id=LM-SGV-TIN8-4923610683; OCR Markdown v0 do Nguyên gửi đã được đăng ký trong ocr_text_manifest.csv và được dùng để build fragment/index truy xuất ở trạng thái draft; ảnh gốc vẫn là nguồn truy vết theo trang; chưa HNMU/UET xác nhận.
20260715_sgv_crawl,SGV,8,https://cdn3.olm.vn/upload/taphuan/2026/0529/4923610683-page-88-1780069071591.png,shared/learning_resources/raw_page_images/sgv/tin_hoc_8/page_0088.png,439b4703aee27171af1ae2d6fae2a08b8a28dcf10595ddae6630b52ecaca8411,473534,2026-07-15,downloaded,Ảnh SGV crawl từ taphuan/nxbgd CDN; learning_material_id=LM-SGV-TIN8-4923610683; OCR Markdown v0 do Nguyên gửi đã được đăng ký trong ocr_text_manifest.csv và được dùng để build fragment/index truy xuất ở trạng thái draft; ảnh gốc vẫn là nguồn truy vết theo trang; chưa HNMU/UET xác nhận.
20260715_sgv_crawl,SGV,8,https://cdn3.olm.vn/upload/taphuan/2026/0529/4923610683-page-89-1780069071889.png,shared/learning_resources/raw_page_images/sgv/tin_hoc_8/page_0089.png,920fe7174e1e62eaf4cb4a414749bd1f29d42265c60606b30a7a9672d6d8a207,470854,2026-07-15,downloaded,Ảnh SGV crawl từ taphuan/nxbgd CDN; learning_material_id=LM-SGV-TIN8-4923610683; OCR Markdown v0 do Nguyên gửi đã được đăng ký trong ocr_text_manifest.csv và được dùng để build fragment/index truy xuất ở trạng thái draft; ảnh gốc vẫn là nguồn truy vết theo trang; chưa HNMU/UET xác nhận.
20260715_sgv_crawl,SGV,8,https://cdn3.olm.vn/upload/taphuan/2026/0529/4923610683-page-90-1780069072202.png,shared/learning_resources/raw_page_images/sgv/tin_hoc_8/page_0090.png,6048d8ca03f8ef479a0a4a269945560d9f5c0a8608b4968600234700345631b1,520922,2026-07-15,downloaded,Ảnh SGV crawl từ taphuan/nxbgd CDN; learning_material_id=LM-SGV-TIN8-4923610683; OCR Markdown v0 do Nguyên gửi đã được đăng ký trong ocr_text_manifest.csv và được dùng để build fragment/index truy xuất ở trạng thái draft; ảnh gốc vẫn là nguồn truy vết theo trang; chưa HNMU/UET xác nhận.
20260715_sgv_crawl,SGV,8,https://cdn3.olm.vn/upload/taphuan/2026/0529/4923610683-page-91-1780069072496.png,shared/learning_resources/raw_page_images/sgv/tin_hoc_8/page_0091.png,6116a9d907eac16d3afd5bc539554898ab59b5e1c67b2e9df0147b537a46e7c3,504081,2026-07-15,downloaded,Ảnh SGV crawl từ taphuan/nxbgd CDN; learning_material_id=LM-SGV-TIN8-4923610683; OCR Markdown v0 do Nguyên gửi đã được đăng ký trong ocr_text_manifest.csv và được dùng để build fragment/index truy xuất ở trạng thái draft; ảnh gốc vẫn là nguồn truy vết theo trang; chưa HNMU/UET xác nhận.
20260715_sgv_crawl,SGV,8,https://cdn3.olm.vn/upload/taphuan/2026/0529/4923610683-page-92-1780069072796.png,shared/learning_resources/raw_page_images/sgv/tin_hoc_8/page_0092.png,a064bc2ac7e9714bb0dba11fd0a8a5aa44b5625049a5a3b0d425ed7e899e22e8,533712,2026-07-15,downloaded,Ảnh SGV crawl từ taphuan/nxbgd CDN; learning_material_id=LM-SGV-TIN8-4923610683; OCR Markdown v0 do Nguyên gửi đã được đăng ký trong ocr_text_manifest.csv và được dùng để build fragment/index truy xuất ở trạng thái draft; ảnh gốc vẫn là nguồn truy vết theo trang; chưa HNMU/UET xác nhận.
20260715_sgv_crawl,SGV,8,https://cdn3.olm.vn/upload/taphuan/2026/0529/4923610683-page-93-1780069073107.png,shared/learning_resources/raw_page_images/sgv/tin_hoc_8/page_0093.png,367ff1e607b7c582f95583bc1cfed03ec92acfb78f2220cdf7f6b30e0eda390f,465358,2026-07-15,downloaded,Ảnh SGV crawl từ taphuan/nxbgd CDN; learning_material_id=LM-SGV-TIN8-4923610683; OCR Markdown v0 do Nguyên gửi đã được đăng ký trong ocr_text_manifest.csv và được dùng để build fragment/index truy xuất ở trạng thái draft; ảnh gốc vẫn là nguồn truy vết theo trang; chưa HNMU/UET xác nhận.
20260715_sgv_crawl,SGV,8,https://cdn3.olm.vn/upload/taphuan/2026/0529/4923610683-page-94-1780069073728.png,shared/learning_resources/raw_page_images/sgv/tin_hoc_8/page_0094.png,47f8c27f95e57f392c3d67c100378874d19f91ec484dc6bc5f5af3aba76170a0,550342,2026-07-15,downloaded,Ảnh SGV crawl từ taphuan/nxbgd CDN; learning_material_id=LM-SGV-TIN8-4923610683; OCR Markdown v0 do Nguyên gửi đã được đăng ký trong ocr_text_manifest.csv và được dùng để build fragment/index truy xuất ở trạng thái draft; ảnh gốc vẫn là nguồn truy vết theo trang; chưa HNMU/UET xác nhận.
20260715_sgv_crawl,SGV,8,https://cdn3.olm.vn/upload/taphuan/2026/0529/4923610683-page-95-1780069074022.png,shared/learning_resources/raw_page_images/sgv/tin_hoc_8/page_0095.png,2df370487621d13e2f69683d43d45f9eeb20bfddaee28de0636642013bb3431b,514985,2026-07-15,downloaded,Ảnh SGV crawl từ taphuan/nxbgd CDN; learning_material_id=LM-SGV-TIN8-4923610683; OCR Markdown v0 do Nguyên gửi đã được đăng ký trong ocr_text_manifest.csv và được dùng để build fragment/index truy xuất ở trạng thái draft; ảnh gốc vẫn là nguồn truy vết theo trang; chưa HNMU/UET xác nhận.
20260715_sgv_crawl,SGV,8,https://cdn3.olm.vn/upload/taphuan/2026/0529/4923610683-page-96-1780069074296.png,shared/learning_resources/raw_page_images/sgv/tin_hoc_8/page_0096.png,5e1cd22d61693e1a88d7c32c8246b231de29cf6d776a2ff12e847de8e9c59c47,559155,2026-07-15,downloaded,Ảnh SGV crawl từ taphuan/nxbgd CDN; learning_material_id=LM-SGV-TIN8-4923610683; OCR Markdown v0 do Nguyên gửi đã được đăng ký trong ocr_text_manifest.csv và được dùng để build fragment/index truy xuất ở trạng thái draft; ảnh gốc vẫn là nguồn truy vết theo trang; chưa HNMU/UET xác nhận.
20260715_sgv_crawl,SGV,8,https://cdn3.olm.vn/upload/taphuan/2026/0529/4923610683-page-97-1780069074582.png,shared/learning_resources/raw_page_images/sgv/tin_hoc_8/page_0097.png,4bbec9f5bf1ebc6e99c5f5615b0cd5f9c9fc6ed4d56c6ec7d9bd9171354aebd7,644375,2026-07-15,downloaded,Ảnh SGV crawl từ taphuan/nxbgd CDN; learning_material_id=LM-SGV-TIN8-4923610683; OCR Markdown v0 do Nguyên gửi đã được đăng ký trong ocr_text_manifest.csv và được dùng để build fragment/index truy xuất ở trạng thái draft; ảnh gốc vẫn là nguồn truy vết theo trang; chưa HNMU/UET xác nhận.
20260715_sgv_crawl,SGV,8,https://cdn3.olm.vn/upload/taphuan/2026/0529/4923610683-page-98-1780069074872.png,shared/learning_resources/raw_page_images/sgv/tin_hoc_8/page_0098.png,1f503f92a2042595dae5a81e6d8b1276037c6b4db005e6ba783cd2d98fe24104,471234,2026-07-15,downloaded,Ảnh SGV crawl từ taphuan/nxbgd CDN; learning_material_id=LM-SGV-TIN8-4923610683; OCR Markdown v0 do Nguyên gửi đã được đăng ký trong ocr_text_manifest.csv và được dùng để build fragment/index truy xuất ở trạng thái draft; ảnh gốc vẫn là nguồn truy vết theo trang; chưa HNMU/UET xác nhận.
20260715_sgv_crawl,SGV,8,https://cdn3.olm.vn/upload/taphuan/2026/0529/4923610683-page-99-1780069075183.png,shared/learning_resources/raw_page_images/sgv/tin_hoc_8/page_0099.png,adacc845fc6b082da1c479ab3205e5b36f2407d007ff21a59f7d9201bcd8b571,492942,2026-07-15,downloaded,Ảnh SGV crawl từ taphuan/nxbgd CDN; learning_material_id=LM-SGV-TIN8-4923610683; OCR Markdown v0 do Nguyên gửi đã được đăng ký trong ocr_text_manifest.csv và được dùng để build fragment/index truy xuất ở trạng thái draft; ảnh gốc vẫn là nguồn truy vết theo trang; chưa HNMU/UET xác nhận.
20260715_sgv_crawl,SGV,8,https://cdn3.olm.vn/upload/taphuan/2026/0529/4923610683-page-100-1780069075484.png,shared/learning_resources/raw_page_images/sgv/tin_hoc_8/page_0100.png,778b57b7b014d3c658e2384b1d0b04744d182651ad6cc613d6f451396865f237,540340,2026-07-15,downloaded,Ảnh SGV crawl từ taphuan/nxbgd CDN; learning_material_id=LM-SGV-TIN8-4923610683; OCR Markdown v0 do Nguyên gửi đã được đăng ký trong ocr_text_manifest.csv và được dùng để build fragment/index truy xuất ở trạng thái draft; ảnh gốc vẫn là nguồn truy vết theo trang; chưa HNMU/UET xác nhận.
20260715_sgv_crawl,SGV,8,https://cdn3.olm.vn/upload/taphuan/2026/0529/4923610683-page-101-1780069075763.png,shared/learning_resources/raw_page_images/sgv/tin_hoc_8/page_0101.png,7e21579fe2063c9ea9764242f6f7347617d426a6db625770f102c9c9099612e9,219202,2026-07-15,downloaded,Ảnh SGV crawl từ taphuan/nxbgd CDN; learning_material_id=LM-SGV-TIN8-4923610683; OCR Markdown v0 do Nguyên gửi đã được đăng ký trong ocr_text_manifest.csv và được dùng để build fragment/index truy xuất ở trạng thái draft; ảnh gốc vẫn là nguồn truy vết theo trang; chưa HNMU/UET xác nhận.
20260715_sgv_crawl,SGV,8,https://cdn3.olm.vn/upload/taphuan/2026/0529/4923610683-page-102-1780069076061.png,shared/learning_resources/raw_page_images/sgv/tin_hoc_8/page_0102.png,cfc9eb6a5839c636992caf6e1e2a1b59dfa4be98c7d275c864cfba7c7de75780,676800,2026-07-15,downloaded,Ảnh SGV crawl từ taphuan/nxbgd CDN; learning_material_id=LM-SGV-TIN8-4923610683; OCR Markdown v0 do Nguyên gửi đã được đăng ký trong ocr_text_manifest.csv và được dùng để build fragment/index truy xuất ở trạng thái draft; ảnh gốc vẫn là nguồn truy vết theo trang; chưa HNMU/UET xác nhận.
20260715_sgv_crawl,SGV,9,https://cdn3.olm.vn/upload/taphuan/2026/0530/4923777498-page-1-1780109978225.png,shared/learning_resources/raw_page_images/sgv/tin_hoc_9/page_0001.png,ca4d2979bb523be23b4dcee208b037abe61d8efee948f6ecc62ab2882e121b6a,1138436,2026-07-15,downloaded,Ảnh SGV crawl từ taphuan/nxbgd CDN; learning_material_id=LM-SGV-TIN9-4923777498; OCR Markdown v0 do Nguyên gửi đã được đăng ký trong ocr_text_manifest.csv và được dùng để build fragment/index truy xuất ở trạng thái draft; ảnh gốc vẫn là nguồn truy vết theo trang; chưa HNMU/UET xác nhận.
20260715_sgv_crawl,SGV,9,https://cdn3.olm.vn/upload/taphuan/2026/0530/4923777498-page-2-1780109978482.png,shared/learning_resources/raw_page_images/sgv/tin_hoc_9/page_0002.png,daa00b479bf584e468037fff4b488e423b8b6c22ab6a85bbadb3a58ab88f4ac7,170732,2026-07-15,downloaded,Ảnh SGV crawl từ taphuan/nxbgd CDN; learning_material_id=LM-SGV-TIN9-4923777498; OCR Markdown v0 do Nguyên gửi đã được đăng ký trong ocr_text_manifest.csv và được dùng để build fragment/index truy xuất ở trạng thái draft; ảnh gốc vẫn là nguồn truy vết theo trang; chưa HNMU/UET xác nhận.
20260715_sgv_crawl,SGV,9,https://cdn3.olm.vn/upload/taphuan/2026/0530/4923777498-page-3-1780109978708.png,shared/learning_resources/raw_page_images/sgv/tin_hoc_9/page_0003.png,ec7d7cf60d1e9ca48f3af02e1558aa5f3b1855000b01e6ea3b91193d1dae13db,83959,2026-07-15,downloaded,Ảnh SGV crawl từ taphuan/nxbgd CDN; learning_material_id=LM-SGV-TIN9-4923777498; OCR Markdown v0 do Nguyên gửi đã được đăng ký trong ocr_text_manifest.csv và được dùng để build fragment/index truy xuất ở trạng thái draft; ảnh gốc vẫn là nguồn truy vết theo trang; chưa HNMU/UET xác nhận.
20260715_sgv_crawl,SGV,9,https://cdn3.olm.vn/upload/taphuan/2026/0530/4923777498-page-4-1780109978979.png,shared/learning_resources/raw_page_images/sgv/tin_hoc_9/page_0004.png,41e0eb508017a975d1259f2f40681a950f8be6793bb6066ab6a4dce9dfa07305,457609,2026-07-15,downloaded,Ảnh SGV crawl từ taphuan/nxbgd CDN; learning_material_id=LM-SGV-TIN9-4923777498; OCR Markdown v0 do Nguyên gửi đã được đăng ký trong ocr_text_manifest.csv và được dùng để build fragment/index truy xuất ở trạng thái draft; ảnh gốc vẫn là nguồn truy vết theo trang; chưa HNMU/UET xác nhận.
20260715_sgv_crawl,SGV,9,https://cdn3.olm.vn/upload/taphuan/2026/0530/4923777498-page-5-1780109980080.png,shared/learning_resources/raw_page_images/sgv/tin_hoc_9/page_0005.png,2d1c157c48a8a2121ceda2a327b19ca38546196bd432dea363f04eec4be7100a,627949,2026-07-15,downloaded,Ảnh SGV crawl từ taphuan/nxbgd CDN; learning_material_id=LM-SGV-TIN9-4923777498; OCR Markdown v0 do Nguyên gửi đã được đăng ký trong ocr_text_manifest.csv và được dùng để build fragment/index truy xuất ở trạng thái draft; ảnh gốc vẫn là nguồn truy vết theo trang; chưa HNMU/UET xác nhận.
20260715_sgv_crawl,SGV,9,https://cdn3.olm.vn/upload/taphuan/2026/0530/4923777498-page-6-1780109980370.png,shared/learning_resources/raw_page_images/sgv/tin_hoc_9/page_0006.png,6672795de3032f5074b576a3bb0500e24f90324e4d6fa5a8c89092997f6b0c68,525590,2026-07-15,downloaded,Ảnh SGV crawl từ taphuan/nxbgd CDN; learning_material_id=LM-SGV-TIN9-4923777498; OCR Markdown v0 do Nguyên gửi đã được đăng ký trong ocr_text_manifest.csv và được dùng để build fragment/index truy xuất ở trạng thái draft; ảnh gốc vẫn là nguồn truy vết theo trang; chưa HNMU/UET xác nhận.
20260715_sgv_crawl,SGV,9,https://cdn3.olm.vn/upload/taphuan/2026/0530/4923777498-page-7-1780109980648.png,shared/learning_resources/raw_page_images/sgv/tin_hoc_9/page_0007.png,158e18e696c45be0f74fc95b3677596fb9ff05f45dea32b5dd642b9eb095ff7f,393036,2026-07-15,downloaded,Ảnh SGV crawl từ taphuan/nxbgd CDN; learning_material_id=LM-SGV-TIN9-4923777498; OCR Markdown v0 do Nguyên gửi đã được đăng ký trong ocr_text_manifest.csv và được dùng để build fragment/index truy xuất ở trạng thái draft; ảnh gốc vẫn là nguồn truy vết theo trang; chưa HNMU/UET xác nhận.
20260715_sgv_crawl,SGV,9,https://cdn3.olm.vn/upload/taphuan/2026/0530/4923777498-page-8-1780109980916.png,shared/learning_resources/raw_page_images/sgv/tin_hoc_9/page_0008.png,408fb10f9952c32bf04b1c24dd3c930106d74edd77ea4455cf1a782bdd3a3f0a,387594,2026-07-15,downloaded,Ảnh SGV crawl từ taphuan/nxbgd CDN; learning_material_id=LM-SGV-TIN9-4923777498; OCR Markdown v0 do Nguyên gửi đã được đăng ký trong ocr_text_manifest.csv và được dùng để build fragment/index truy xuất ở trạng thái draft; ảnh gốc vẫn là nguồn truy vết theo trang; chưa HNMU/UET xác nhận.
20260715_sgv_crawl,SGV,9,https://cdn3.olm.vn/upload/taphuan/2026/0530/4923777498-page-9-1780109981210.png,shared/learning_resources/raw_page_images/sgv/tin_hoc_9/page_0009.png,830cc5ab74585438d5776f790bd4ffe9af318eaeef401e48702b517ed0e53c4e,660500,2026-07-15,downloaded,Ảnh SGV crawl từ taphuan/nxbgd CDN; learning_material_id=LM-SGV-TIN9-4923777498; OCR Markdown v0 do Nguyên gửi đã được đăng ký trong ocr_text_manifest.csv và được dùng để build fragment/index truy xuất ở trạng thái draft; ảnh gốc vẫn là nguồn truy vết theo trang; chưa HNMU/UET xác nhận.
20260715_sgv_crawl,SGV,9,https://cdn3.olm.vn/upload/taphuan/2026/0530/4923777498-page-10-1780109981501.png,shared/learning_resources/raw_page_images/sgv/tin_hoc_9/page_0010.png,6975ce034682645309e4311952cbd05ae573b1e7fb201e03a710200b4ebe640b,629020,2026-07-15,downloaded,Ảnh SGV crawl từ taphuan/nxbgd CDN; learning_material_id=LM-SGV-TIN9-4923777498; OCR Markdown v0 do Nguyên gửi đã được đăng ký trong ocr_text_manifest.csv và được dùng để build fragment/index truy xuất ở trạng thái draft; ảnh gốc vẫn là nguồn truy vết theo trang; chưa HNMU/UET xác nhận.
20260715_sgv_crawl,SGV,9,https://cdn3.olm.vn/upload/taphuan/2026/0530/4923777498-page-11-1780109981780.png,shared/learning_resources/raw_page_images/sgv/tin_hoc_9/page_0011.png,c7b6fe59a30efc9fc9142c1d10a9eda59503fc037966825bb896d1c34bf88adc,564803,2026-07-15,downloaded,Ảnh SGV crawl từ taphuan/nxbgd CDN; learning_material_id=LM-SGV-TIN9-4923777498; OCR Markdown v0 do Nguyên gửi đã được đăng ký trong ocr_text_manifest.csv và được dùng để build fragment/index truy xuất ở trạng thái draft; ảnh gốc vẫn là nguồn truy vết theo trang; chưa HNMU/UET xác nhận.
20260715_sgv_crawl,SGV,9,https://cdn3.olm.vn/upload/taphuan/2026/0530/4923777498-page-12-1780109982076.png,shared/learning_resources/raw_page_images/sgv/tin_hoc_9/page_0012.png,2032897c13a10aebb608a8e4005149a3486911bab043d8a2dd2140c169638fd6,521535,2026-07-15,downloaded,Ảnh SGV crawl từ taphuan/nxbgd CDN; learning_material_id=LM-SGV-TIN9-4923777498; OCR Markdown v0 do Nguyên gửi đã được đăng ký trong ocr_text_manifest.csv và được dùng để build fragment/index truy xuất ở trạng thái draft; ảnh gốc vẫn là nguồn truy vết theo trang; chưa HNMU/UET xác nhận.
20260715_sgv_crawl,SGV,9,https://cdn3.olm.vn/upload/taphuan/2026/0530/4923777498-page-13-1780109982372.png,shared/learning_resources/raw_page_images/sgv/tin_hoc_9/page_0013.png,80d7c3da87b09b1de058ead2ad9068155d7902deaa00b1fcbdd2bba97f7ac2fd,415611,2026-07-15,downloaded,Ảnh SGV crawl từ taphuan/nxbgd CDN; learning_material_id=LM-SGV-TIN9-4923777498; OCR Markdown v0 do Nguyên gửi đã được đăng ký trong ocr_text_manifest.csv và được dùng để build fragment/index truy xuất ở trạng thái draft; ảnh gốc vẫn là nguồn truy vết theo trang; chưa HNMU/UET xác nhận.
20260715_sgv_crawl,SGV,9,https://cdn3.olm.vn/upload/taphuan/2026/0530/4923777498-page-14-1780109982659.png,shared/learning_resources/raw_page_images/sgv/tin_hoc_9/page_0014.png,54c10fe6c6e98476b5eaf411d9813bf0ebd9ee782c8561e47994fff8d0cfd913,559394,2026-07-15,downloaded,Ảnh SGV crawl từ taphuan/nxbgd CDN; learning_material_id=LM-SGV-TIN9-4923777498; OCR Markdown v0 do Nguyên gửi đã được đăng ký trong ocr_text_manifest.csv và được dùng để build fragment/index truy xuất ở trạng thái draft; ảnh gốc vẫn là nguồn truy vết theo trang; chưa HNMU/UET xác nhận.
20260715_sgv_crawl,SGV,9,https://cdn3.olm.vn/upload/taphuan/2026/0530/4923777498-page-15-1780109982938.png,shared/learning_resources/raw_page_images/sgv/tin_hoc_9/page_0015.png,9655a3ed4c2edf80134182bc03deb9e836276307f5d72c0ff1a8317105b3bd4b,541331,2026-07-15,downloaded,Ảnh SGV crawl từ taphuan/nxbgd CDN; learning_material_id=LM-SGV-TIN9-4923777498; OCR Markdown v0 do Nguyên gửi đã được đăng ký trong ocr_text_manifest.csv và được dùng để build fragment/index truy xuất ở trạng thái draft; ảnh gốc vẫn là nguồn truy vết theo trang; chưa HNMU/UET xác nhận.
20260715_sgv_crawl,SGV,9,https://cdn3.olm.vn/upload/taphuan/2026/0530/4923777498-page-16-1780109983208.png,shared/learning_resources/raw_page_images/sgv/tin_hoc_9/page_0016.png,5796d39ac74ada2fc036debecc8d33a473b5240a004844307e4998b8c0a95920,543392,2026-07-15,downloaded,Ảnh SGV crawl từ taphuan/nxbgd CDN; learning_material_id=LM-SGV-TIN9-4923777498; OCR Markdown v0 do Nguyên gửi đã được đăng ký trong ocr_text_manifest.csv và được dùng để build fragment/index truy xuất ở trạng thái draft; ảnh gốc vẫn là nguồn truy vết theo trang; chưa HNMU/UET xác nhận.
20260715_sgv_crawl,SGV,9,https://cdn3.olm.vn/upload/taphuan/2026/0530/4923777498-page-17-1780109983484.png,shared/learning_resources/raw_page_images/sgv/tin_hoc_9/page_0017.png,480e8f1965197dc6ac69243b1ea0fae830a321baaed1e73cc23e1255bcce6a65,434738,2026-07-15,downloaded,Ảnh SGV crawl từ taphuan/nxbgd CDN; learning_material_id=LM-SGV-TIN9-4923777498; OCR Markdown v0 do Nguyên gửi đã được đăng ký trong ocr_text_manifest.csv và được dùng để build fragment/index truy xuất ở trạng thái draft; ảnh gốc vẫn là nguồn truy vết theo trang; chưa HNMU/UET xác nhận.
20260715_sgv_crawl,SGV,9,https://cdn3.olm.vn/upload/taphuan/2026/0530/4923777498-page-18-1780109983748.png,shared/learning_resources/raw_page_images/sgv/tin_hoc_9/page_0018.png,bf107c5e157be0748ec1bd40d1425a8d7da3cde09f8c42ba665d4ad229522804,342627,2026-07-15,downloaded,Ảnh SGV crawl từ taphuan/nxbgd CDN; learning_material_id=LM-SGV-TIN9-4923777498; OCR Markdown v0 do Nguyên gửi đã được đăng ký trong ocr_text_manifest.csv và được dùng để build fragment/index truy xuất ở trạng thái draft; ảnh gốc vẫn là nguồn truy vết theo trang; chưa HNMU/UET xác nhận.
20260715_sgv_crawl,SGV,9,https://cdn3.olm.vn/upload/taphuan/2026/0530/4923777498-page-19-1780109984028.png,shared/learning_resources/raw_page_images/sgv/tin_hoc_9/page_0019.png,9e85cb2c96e9673d77de48f12ee0e1703f350bf01c917208f19d47dfb49fdf0e,483597,2026-07-15,downloaded,Ảnh SGV crawl từ taphuan/nxbgd CDN; learning_material_id=LM-SGV-TIN9-4923777498; OCR Markdown v0 do Nguyên gửi đã được đăng ký trong ocr_text_manifest.csv và được dùng để build fragment/index truy xuất ở trạng thái draft; ảnh gốc vẫn là nguồn truy vết theo trang; chưa HNMU/UET xác nhận.
20260715_sgv_crawl,SGV,9,https://cdn3.olm.vn/upload/taphuan/2026/0530/4923777498-page-20-1780109984315.png,shared/learning_resources/raw_page_images/sgv/tin_hoc_9/page_0020.png,c96ae87e5dabb8c73d145bfbecbe19a2a0436d598fe2349648afc5140d435914,472923,2026-07-15,downloaded,Ảnh SGV crawl từ taphuan/nxbgd CDN; learning_material_id=LM-SGV-TIN9-4923777498; OCR Markdown v0 do Nguyên gửi đã được đăng ký trong ocr_text_manifest.csv và được dùng để build fragment/index truy xuất ở trạng thái draft; ảnh gốc vẫn là nguồn truy vết theo trang; chưa HNMU/UET xác nhận.
20260715_sgv_crawl,SGV,9,https://cdn3.olm.vn/upload/taphuan/2026/0530/4923777498-page-21-1780109984594.png,shared/learning_resources/raw_page_images/sgv/tin_hoc_9/page_0021.png,3983e3a6c43404286d1279bbaa9b25ae474db1653d33ea8a1104b68fff7e598c,475960,2026-07-15,downloaded,Ảnh SGV crawl từ taphuan/nxbgd CDN; learning_material_id=LM-SGV-TIN9-4923777498; OCR Markdown v0 do Nguyên gửi đã được đăng ký trong ocr_text_manifest.csv và được dùng để build fragment/index truy xuất ở trạng thái draft; ảnh gốc vẫn là nguồn truy vết theo trang; chưa HNMU/UET xác nhận.
20260715_sgv_crawl,SGV,9,https://cdn3.olm.vn/upload/taphuan/2026/0530/4923777498-page-22-1780109984885.png,shared/learning_resources/raw_page_images/sgv/tin_hoc_9/page_0022.png,9f2384e75aa0a49a244c0459d59f895546819020848fc9f2f1bb0c58798dd403,545823,2026-07-15,downloaded,Ảnh SGV crawl từ taphuan/nxbgd CDN; learning_material_id=LM-SGV-TIN9-4923777498; OCR Markdown v0 do Nguyên gửi đã được đăng ký trong ocr_text_manifest.csv và được dùng để build fragment/index truy xuất ở trạng thái draft; ảnh gốc vẫn là nguồn truy vết theo trang; chưa HNMU/UET xác nhận.
20260715_sgv_crawl,SGV,9,https://cdn3.olm.vn/upload/taphuan/2026/0530/4923777498-page-23-1780109985170.png,shared/learning_resources/raw_page_images/sgv/tin_hoc_9/page_0023.png,f34dc80f782157fca56b6fd2c90b8e8b02ae488333db9c8fd828a67f9efabb4f,516233,2026-07-15,downloaded,Ảnh SGV crawl từ taphuan/nxbgd CDN; learning_material_id=LM-SGV-TIN9-4923777498; OCR Markdown v0 do Nguyên gửi đã được đăng ký trong ocr_text_manifest.csv và được dùng để build fragment/index truy xuất ở trạng thái draft; ảnh gốc vẫn là nguồn truy vết theo trang; chưa HNMU/UET xác nhận.
20260715_sgv_crawl,SGV,9,https://cdn3.olm.vn/upload/taphuan/2026/0530/4923777498-page-24-1780109985463.png,shared/learning_resources/raw_page_images/sgv/tin_hoc_9/page_0024.png,f8069eec95f5962d38fae5240f2b15e9c8c0f8d3fd1396971f5671c20d5efdd9,379243,2026-07-15,downloaded,Ảnh SGV crawl từ taphuan/nxbgd CDN; learning_material_id=LM-SGV-TIN9-4923777498; OCR Markdown v0 do Nguyên gửi đã được đăng ký trong ocr_text_manifest.csv và được dùng để build fragment/index truy xuất ở trạng thái draft; ảnh gốc vẫn là nguồn truy vết theo trang; chưa HNMU/UET xác nhận.
20260715_sgv_crawl,SGV,9,https://cdn3.olm.vn/upload/taphuan/2026/0530/4923777498-page-25-1780109985747.png,shared/learning_resources/raw_page_images/sgv/tin_hoc_9/page_0025.png,a600dcb67f46fe13a658f21a7c458f8514312fb49230e53457ebc8e5840d72e8,451987,2026-07-15,downloaded,Ảnh SGV crawl từ taphuan/nxbgd CDN; learning_material_id=LM-SGV-TIN9-4923777498; OCR Markdown v0 do Nguyên gửi đã được đăng ký trong ocr_text_manifest.csv và được dùng để build fragment/index truy xuất ở trạng thái draft; ảnh gốc vẫn là nguồn truy vết theo trang; chưa HNMU/UET xác nhận.
20260715_sgv_crawl,SGV,9,https://cdn3.olm.vn/upload/taphuan/2026/0530/4923777498-page-26-1780109986019.png,shared/learning_resources/raw_page_images/sgv/tin_hoc_9/page_0026.png,25d9c672826f956211a9a81f1179310e9d124d1593ae4ed762d85594a3d20000,535643,2026-07-15,downloaded,Ảnh SGV crawl từ taphuan/nxbgd CDN; learning_material_id=LM-SGV-TIN9-4923777498; OCR Markdown v0 do Nguyên gửi đã được đăng ký trong ocr_text_manifest.csv và được dùng để build fragment/index truy xuất ở trạng thái draft; ảnh gốc vẫn là nguồn truy vết theo trang; chưa HNMU/UET xác nhận.
20260715_sgv_crawl,SGV,9,https://cdn3.olm.vn/upload/taphuan/2026/0530/4923777498-page-27-1780109986294.png,shared/learning_resources/raw_page_images/sgv/tin_hoc_9/page_0027.png,634e81267ffacb1d57f860e86e3b8542b1b31432220776e03390fe19b23da18a,535282,2026-07-15,downloaded,Ảnh SGV crawl từ taphuan/nxbgd CDN; learning_material_id=LM-SGV-TIN9-4923777498; OCR Markdown v0 do Nguyên gửi đã được đăng ký trong ocr_text_manifest.csv và được dùng để build fragment/index truy xuất ở trạng thái draft; ảnh gốc vẫn là nguồn truy vết theo trang; chưa HNMU/UET xác nhận.
20260715_sgv_crawl,SGV,9,https://cdn3.olm.vn/upload/taphuan/2026/0530/4923777498-page-28-1780109986565.png,shared/learning_resources/raw_page_images/sgv/tin_hoc_9/page_0028.png,e69540c882c99bfa4afb25193e11e717682b36cd9788e47581c8e73b68c3a1e8,566604,2026-07-15,downloaded,Ảnh SGV crawl từ taphuan/nxbgd CDN; learning_material_id=LM-SGV-TIN9-4923777498; OCR Markdown v0 do Nguyên gửi đã được đăng ký trong ocr_text_manifest.csv và được dùng để build fragment/index truy xuất ở trạng thái draft; ảnh gốc vẫn là nguồn truy vết theo trang; chưa HNMU/UET xác nhận.
20260715_sgv_crawl,SGV,9,https://cdn3.olm.vn/upload/taphuan/2026/0530/4923777498-page-29-1780109986854.png,shared/learning_resources/raw_page_images/sgv/tin_hoc_9/page_0029.png,07b8a2cbe7626931b2396613bad1bdc4b1d82f8544a4548899586a84a8abd311,569980,2026-07-15,downloaded,Ảnh SGV crawl từ taphuan/nxbgd CDN; learning_material_id=LM-SGV-TIN9-4923777498; OCR Markdown v0 do Nguyên gửi đã được đăng ký trong ocr_text_manifest.csv và được dùng để build fragment/index truy xuất ở trạng thái draft; ảnh gốc vẫn là nguồn truy vết theo trang; chưa HNMU/UET xác nhận.
20260715_sgv_crawl,SGV,9,https://cdn3.olm.vn/upload/taphuan/2026/0530/4923777498-page-30-1780109987132.png,shared/learning_resources/raw_page_images/sgv/tin_hoc_9/page_0030.png,af958e40a0253e7b2484f60fa86373f016540ac64f87c698f889523edccf4568,510846,2026-07-15,downloaded,Ảnh SGV crawl từ taphuan/nxbgd CDN; learning_material_id=LM-SGV-TIN9-4923777498; OCR Markdown v0 do Nguyên gửi đã được đăng ký trong ocr_text_manifest.csv và được dùng để build fragment/index truy xuất ở trạng thái draft; ảnh gốc vẫn là nguồn truy vết theo trang; chưa HNMU/UET xác nhận.
20260715_sgv_crawl,SGV,9,https://cdn3.olm.vn/upload/taphuan/2026/0530/4923777498-page-31-1780109987409.png,shared/learning_resources/raw_page_images/sgv/tin_hoc_9/page_0031.png,871810be509e9482612b81a1eee71c5442ad4ae63d5c9f4f90a54ce4f5440b78,547886,2026-07-15,downloaded,Ảnh SGV crawl từ taphuan/nxbgd CDN; learning_material_id=LM-SGV-TIN9-4923777498; OCR Markdown v0 do Nguyên gửi đã được đăng ký trong ocr_text_manifest.csv và được dùng để build fragment/index truy xuất ở trạng thái draft; ảnh gốc vẫn là nguồn truy vết theo trang; chưa HNMU/UET xác nhận.
20260715_sgv_crawl,SGV,9,https://cdn3.olm.vn/upload/taphuan/2026/0530/4923777498-page-32-1780109987677.png,shared/learning_resources/raw_page_images/sgv/tin_hoc_9/page_0032.png,a33d284080476ffb5b6183b3895971ff43229450b63f03ffa6ffe32a42696322,484303,2026-07-15,downloaded,Ảnh SGV crawl từ taphuan/nxbgd CDN; learning_material_id=LM-SGV-TIN9-4923777498; OCR Markdown v0 do Nguyên gửi đã được đăng ký trong ocr_text_manifest.csv và được dùng để build fragment/index truy xuất ở trạng thái draft; ảnh gốc vẫn là nguồn truy vết theo trang; chưa HNMU/UET xác nhận.
20260715_sgv_crawl,SGV,9,https://cdn3.olm.vn/upload/taphuan/2026/0530/4923777498-page-33-1780109987958.png,shared/learning_resources/raw_page_images/sgv/tin_hoc_9/page_0033.png,81f873ef3ba8f027018d3e314a1e3b158f7ff1b08ebf983da5a3c96e7bc7f8e3,538237,2026-07-15,downloaded,Ảnh SGV crawl từ taphuan/nxbgd CDN; learning_material_id=LM-SGV-TIN9-4923777498; OCR Markdown v0 do Nguyên gửi đã được đăng ký trong ocr_text_manifest.csv và được dùng để build fragment/index truy xuất ở trạng thái draft; ảnh gốc vẫn là nguồn truy vết theo trang; chưa HNMU/UET xác nhận.
20260715_sgv_crawl,SGV,9,https://cdn3.olm.vn/upload/taphuan/2026/0530/4923777498-page-34-1780109988235.png,shared/learning_resources/raw_page_images/sgv/tin_hoc_9/page_0034.png,425915a3c5f11418154525ed2c4663b05af7ce551979896712264ca3f84fbfd7,499808,2026-07-15,downloaded,Ảnh SGV crawl từ taphuan/nxbgd CDN; learning_material_id=LM-SGV-TIN9-4923777498; OCR Markdown v0 do Nguyên gửi đã được đăng ký trong ocr_text_manifest.csv và được dùng để build fragment/index truy xuất ở trạng thái draft; ảnh gốc vẫn là nguồn truy vết theo trang; chưa HNMU/UET xác nhận.
20260715_sgv_crawl,SGV,9,https://cdn3.olm.vn/upload/taphuan/2026/0530/4923777498-page-35-1780109988535.png,shared/learning_resources/raw_page_images/sgv/tin_hoc_9/page_0035.png,d47951c43289369207ff925922c48670db2a07b3e54564109e97d0471f7b1351,549093,2026-07-15,downloaded,Ảnh SGV crawl từ taphuan/nxbgd CDN; learning_material_id=LM-SGV-TIN9-4923777498; OCR Markdown v0 do Nguyên gửi đã được đăng ký trong ocr_text_manifest.csv và được dùng để build fragment/index truy xuất ở trạng thái draft; ảnh gốc vẫn là nguồn truy vết theo trang; chưa HNMU/UET xác nhận.
20260715_sgv_crawl,SGV,9,https://cdn3.olm.vn/upload/taphuan/2026/0530/4923777498-page-36-1780109988802.png,shared/learning_resources/raw_page_images/sgv/tin_hoc_9/page_0036.png,3d69dbde533c063ad0f9a7b802a452984064bd477aae753b5c693ed8d4cbdd9e,448434,2026-07-15,downloaded,Ảnh SGV crawl từ taphuan/nxbgd CDN; learning_material_id=LM-SGV-TIN9-4923777498; OCR Markdown v0 do Nguyên gửi đã được đăng ký trong ocr_text_manifest.csv và được dùng để build fragment/index truy xuất ở trạng thái draft; ảnh gốc vẫn là nguồn truy vết theo trang; chưa HNMU/UET xác nhận.
20260715_sgv_crawl,SGV,9,https://cdn3.olm.vn/upload/taphuan/2026/0530/4923777498-page-37-1780109989077.png,shared/learning_resources/raw_page_images/sgv/tin_hoc_9/page_0037.png,fa4600e66c4b067a678950067c2f12bbefd88efbaea851d5b66caeecf3870dac,527875,2026-07-15,downloaded,Ảnh SGV crawl từ taphuan/nxbgd CDN; learning_material_id=LM-SGV-TIN9-4923777498; OCR Markdown v0 do Nguyên gửi đã được đăng ký trong ocr_text_manifest.csv và được dùng để build fragment/index truy xuất ở trạng thái draft; ảnh gốc vẫn là nguồn truy vết theo trang; chưa HNMU/UET xác nhận.
20260715_sgv_crawl,SGV,9,https://cdn3.olm.vn/upload/taphuan/2026/0530/4923777498-page-38-1780109989343.png,shared/learning_resources/raw_page_images/sgv/tin_hoc_9/page_0038.png,b84ed35f3e03d21b8e5cd8c0588d9c991f4d40c556994685b4e889f70189ede5,509972,2026-07-15,downloaded,Ảnh SGV crawl từ taphuan/nxbgd CDN; learning_material_id=LM-SGV-TIN9-4923777498; OCR Markdown v0 do Nguyên gửi đã được đăng ký trong ocr_text_manifest.csv và được dùng để build fragment/index truy xuất ở trạng thái draft; ảnh gốc vẫn là nguồn truy vết theo trang; chưa HNMU/UET xác nhận.
20260715_sgv_crawl,SGV,9,https://cdn3.olm.vn/upload/taphuan/2026/0530/4923777498-page-39-1780109989619.png,shared/learning_resources/raw_page_images/sgv/tin_hoc_9/page_0039.png,4c8bfab9d82a048a735d8c4c22568109a1d9a565b602281dc9f217c4effb563e,589933,2026-07-15,downloaded,Ảnh SGV crawl từ taphuan/nxbgd CDN; learning_material_id=LM-SGV-TIN9-4923777498; OCR Markdown v0 do Nguyên gửi đã được đăng ký trong ocr_text_manifest.csv và được dùng để build fragment/index truy xuất ở trạng thái draft; ảnh gốc vẫn là nguồn truy vết theo trang; chưa HNMU/UET xác nhận.
20260715_sgv_crawl,SGV,9,https://cdn3.olm.vn/upload/taphuan/2026/0530/4923777498-page-40-1780109989908.png,shared/learning_resources/raw_page_images/sgv/tin_hoc_9/page_0040.png,6c98a3996d4196d0e39adc516dc59d5a9710455105c871e6d253ef8cdb7e288a,507110,2026-07-15,downloaded,Ảnh SGV crawl từ taphuan/nxbgd CDN; learning_material_id=LM-SGV-TIN9-4923777498; OCR Markdown v0 do Nguyên gửi đã được đăng ký trong ocr_text_manifest.csv và được dùng để build fragment/index truy xuất ở trạng thái draft; ảnh gốc vẫn là nguồn truy vết theo trang; chưa HNMU/UET xác nhận.
20260715_sgv_crawl,SGV,9,https://cdn3.olm.vn/upload/taphuan/2026/0530/4923777498-page-41-1780109990187.png,shared/learning_resources/raw_page_images/sgv/tin_hoc_9/page_0041.png,034a170702fc7b3833ef1cceadc81f00584d05b995a7e846f9e3c1cd6594106d,520275,2026-07-15,downloaded,Ảnh SGV crawl từ taphuan/nxbgd CDN; learning_material_id=LM-SGV-TIN9-4923777498; OCR Markdown v0 do Nguyên gửi đã được đăng ký trong ocr_text_manifest.csv và được dùng để build fragment/index truy xuất ở trạng thái draft; ảnh gốc vẫn là nguồn truy vết theo trang; chưa HNMU/UET xác nhận.
20260715_sgv_crawl,SGV,9,https://cdn3.olm.vn/upload/taphuan/2026/0530/4923777498-page-42-1780109990466.png,shared/learning_resources/raw_page_images/sgv/tin_hoc_9/page_0042.png,8a441a69a244079d88640dfd6268a43202478c2d8fc5fa0426d23e18164e8b67,442474,2026-07-15,downloaded,Ảnh SGV crawl từ taphuan/nxbgd CDN; learning_material_id=LM-SGV-TIN9-4923777498; OCR Markdown v0 do Nguyên gửi đã được đăng ký trong ocr_text_manifest.csv và được dùng để build fragment/index truy xuất ở trạng thái draft; ảnh gốc vẫn là nguồn truy vết theo trang; chưa HNMU/UET xác nhận.
20260715_sgv_crawl,SGV,9,https://cdn3.olm.vn/upload/taphuan/2026/0530/4923777498-page-43-1780109990793.png,shared/learning_resources/raw_page_images/sgv/tin_hoc_9/page_0043.png,e5d71bfa8409def68fb82371196335c0c817a6c9a2eeb50e4e6f4993b35f6ac7,312821,2026-07-15,downloaded,Ảnh SGV crawl từ taphuan/nxbgd CDN; learning_material_id=LM-SGV-TIN9-4923777498; OCR Markdown v0 do Nguyên gửi đã được đăng ký trong ocr_text_manifest.csv và được dùng để build fragment/index truy xuất ở trạng thái draft; ảnh gốc vẫn là nguồn truy vết theo trang; chưa HNMU/UET xác nhận.
20260715_sgv_crawl,SGV,9,https://cdn3.olm.vn/upload/taphuan/2026/0530/4923777498-page-44-1780109991077.png,shared/learning_resources/raw_page_images/sgv/tin_hoc_9/page_0044.png,2caded05b9847ea84d9c3980a0bfa2489677cd128fa52b693fda8b28d91761be,920701,2026-07-15,downloaded,Ảnh SGV crawl từ taphuan/nxbgd CDN; learning_material_id=LM-SGV-TIN9-4923777498; OCR Markdown v0 do Nguyên gửi đã được đăng ký trong ocr_text_manifest.csv và được dùng để build fragment/index truy xuất ở trạng thái draft; ảnh gốc vẫn là nguồn truy vết theo trang; chưa HNMU/UET xác nhận.
20260715_sgv_crawl,SGV,9,https://cdn3.olm.vn/upload/taphuan/2026/0530/4923777498-page-45-1780109991388.png,shared/learning_resources/raw_page_images/sgv/tin_hoc_9/page_0045.png,2d56a0f7d35a52fb9e4f9decbfac5e2aa3ef65b592635ce3b4a486a0d51366d1,519752,2026-07-15,downloaded,Ảnh SGV crawl từ taphuan/nxbgd CDN; learning_material_id=LM-SGV-TIN9-4923777498; OCR Markdown v0 do Nguyên gửi đã được đăng ký trong ocr_text_manifest.csv và được dùng để build fragment/index truy xuất ở trạng thái draft; ảnh gốc vẫn là nguồn truy vết theo trang; chưa HNMU/UET xác nhận.
20260715_sgv_crawl,SGV,9,https://cdn3.olm.vn/upload/taphuan/2026/0530/4923777498-page-46-1780109991682.png,shared/learning_resources/raw_page_images/sgv/tin_hoc_9/page_0046.png,884d16aa37db2b26cd7c4bcf99719da9e9583e8940b7bffb1babf4639a0c4318,698518,2026-07-15,downloaded,Ảnh SGV crawl từ taphuan/nxbgd CDN; learning_material_id=LM-SGV-TIN9-4923777498; OCR Markdown v0 do Nguyên gửi đã được đăng ký trong ocr_text_manifest.csv và được dùng để build fragment/index truy xuất ở trạng thái draft; ảnh gốc vẫn là nguồn truy vết theo trang; chưa HNMU/UET xác nhận.
20260715_sgv_crawl,SGV,9,https://cdn3.olm.vn/upload/taphuan/2026/0530/4923777498-page-47-1780109991957.png,shared/learning_resources/raw_page_images/sgv/tin_hoc_9/page_0047.png,afc2521e69ab4682b3a876bc893dfb1120e83c843674f0ed2bde77d8ed74d97a,524556,2026-07-15,downloaded,Ảnh SGV crawl từ taphuan/nxbgd CDN; learning_material_id=LM-SGV-TIN9-4923777498; OCR Markdown v0 do Nguyên gửi đã được đăng ký trong ocr_text_manifest.csv và được dùng để build fragment/index truy xuất ở trạng thái draft; ảnh gốc vẫn là nguồn truy vết theo trang; chưa HNMU/UET xác nhận.
20260715_sgv_crawl,SGV,9,https://cdn3.olm.vn/upload/taphuan/2026/0530/4923777498-page-48-1780109992236.png,shared/learning_resources/raw_page_images/sgv/tin_hoc_9/page_0048.png,750caf487a7048ae899c9e1dc678779b17c56f970b83fe6363d0fd5f858aaa08,558207,2026-07-15,downloaded,Ảnh SGV crawl từ taphuan/nxbgd CDN; learning_material_id=LM-SGV-TIN9-4923777498; OCR Markdown v0 do Nguyên gửi đã được đăng ký trong ocr_text_manifest.csv và được dùng để build fragment/index truy xuất ở trạng thái draft; ảnh gốc vẫn là nguồn truy vết theo trang; chưa HNMU/UET xác nhận.
20260715_sgv_crawl,SGV,9,https://cdn3.olm.vn/upload/taphuan/2026/0530/4923777498-page-49-1780109992500.png,shared/learning_resources/raw_page_images/sgv/tin_hoc_9/page_0049.png,05191c0c344b70ed2e3530199b62b693667f2daebc4998b75f38795d78601722,249474,2026-07-15,downloaded,Ảnh SGV crawl từ taphuan/nxbgd CDN; learning_material_id=LM-SGV-TIN9-4923777498; OCR Markdown v0 do Nguyên gửi đã được đăng ký trong ocr_text_manifest.csv và được dùng để build fragment/index truy xuất ở trạng thái draft; ảnh gốc vẫn là nguồn truy vết theo trang; chưa HNMU/UET xác nhận.
20260715_sgv_crawl,SGV,9,https://cdn3.olm.vn/upload/taphuan/2026/0530/4923777498-page-50-1780109992775.png,shared/learning_resources/raw_page_images/sgv/tin_hoc_9/page_0050.png,1eca12ebfde25334c7c8a936cadec1d05dbd6e405d127e85acdaa7ab0592a30c,543377,2026-07-15,downloaded,Ảnh SGV crawl từ taphuan/nxbgd CDN; learning_material_id=LM-SGV-TIN9-4923777498; OCR Markdown v0 do Nguyên gửi đã được đăng ký trong ocr_text_manifest.csv và được dùng để build fragment/index truy xuất ở trạng thái draft; ảnh gốc vẫn là nguồn truy vết theo trang; chưa HNMU/UET xác nhận.
20260715_sgv_crawl,SGV,9,https://cdn3.olm.vn/upload/taphuan/2026/0530/4923777498-page-51-1780109993055.png,shared/learning_resources/raw_page_images/sgv/tin_hoc_9/page_0051.png,2800f7034225e64cb4ef53bcf28f791fb3f696567ca901dc18ddd0214f2f82b2,586864,2026-07-15,downloaded,Ảnh SGV crawl từ taphuan/nxbgd CDN; learning_material_id=LM-SGV-TIN9-4923777498; OCR Markdown v0 do Nguyên gửi đã được đăng ký trong ocr_text_manifest.csv và được dùng để build fragment/index truy xuất ở trạng thái draft; ảnh gốc vẫn là nguồn truy vết theo trang; chưa HNMU/UET xác nhận.
20260715_sgv_crawl,SGV,9,https://cdn3.olm.vn/upload/taphuan/2026/0530/4923777498-page-52-1780109993322.png,shared/learning_resources/raw_page_images/sgv/tin_hoc_9/page_0052.png,0d56e733c3c7fb7a7621f33634f5749055fa9fb939ed872e11eeb5aabac6cbb9,527936,2026-07-15,downloaded,Ảnh SGV crawl từ taphuan/nxbgd CDN; learning_material_id=LM-SGV-TIN9-4923777498; OCR Markdown v0 do Nguyên gửi đã được đăng ký trong ocr_text_manifest.csv và được dùng để build fragment/index truy xuất ở trạng thái draft; ảnh gốc vẫn là nguồn truy vết theo trang; chưa HNMU/UET xác nhận.
20260715_sgv_crawl,SGV,9,https://cdn3.olm.vn/upload/taphuan/2026/0530/4923777498-page-53-1780109993596.png,shared/learning_resources/raw_page_images/sgv/tin_hoc_9/page_0053.png,b4f15b235f15dab3b35acb28ed18232dd7103e09a77cf7652808da7c9a3bee89,553457,2026-07-15,downloaded,Ảnh SGV crawl từ taphuan/nxbgd CDN; learning_material_id=LM-SGV-TIN9-4923777498; OCR Markdown v0 do Nguyên gửi đã được đăng ký trong ocr_text_manifest.csv và được dùng để build fragment/index truy xuất ở trạng thái draft; ảnh gốc vẫn là nguồn truy vết theo trang; chưa HNMU/UET xác nhận.
20260715_sgv_crawl,SGV,9,https://cdn3.olm.vn/upload/taphuan/2026/0530/4923777498-page-54-1780109993907.png,shared/learning_resources/raw_page_images/sgv/tin_hoc_9/page_0054.png,36dbbede9e6a9a63dbe14f16d5de86b86f2606bccbe64ed5b9fe08f1583547c7,553756,2026-07-15,downloaded,Ảnh SGV crawl từ taphuan/nxbgd CDN; learning_material_id=LM-SGV-TIN9-4923777498; OCR Markdown v0 do Nguyên gửi đã được đăng ký trong ocr_text_manifest.csv và được dùng để build fragment/index truy xuất ở trạng thái draft; ảnh gốc vẫn là nguồn truy vết theo trang; chưa HNMU/UET xác nhận.
20260715_sgv_crawl,SGV,9,https://cdn3.olm.vn/upload/taphuan/2026/0530/4923777498-page-55-1780109995478.png,shared/learning_resources/raw_page_images/sgv/tin_hoc_9/page_0055.png,2fd5da0a07772564a040ae6d07ec2d9f39e2e40a4cb66d01e877e70e2d5849b0,354131,2026-07-15,downloaded,Ảnh SGV crawl từ taphuan/nxbgd CDN; learning_material_id=LM-SGV-TIN9-4923777498; OCR Markdown v0 do Nguyên gửi đã được đăng ký trong ocr_text_manifest.csv và được dùng để build fragment/index truy xuất ở trạng thái draft; ảnh gốc vẫn là nguồn truy vết theo trang; chưa HNMU/UET xác nhận.
20260715_sgv_crawl,SGV,9,https://cdn3.olm.vn/upload/taphuan/2026/0530/4923777498-page-56-1780109996063.png,shared/learning_resources/raw_page_images/sgv/tin_hoc_9/page_0056.png,0fd4e7782bacd658e8e2b53389a5f1eeafdb233657a7755e809670fb1e83f238,553426,2026-07-15,downloaded,Ảnh SGV crawl từ taphuan/nxbgd CDN; learning_material_id=LM-SGV-TIN9-4923777498; OCR Markdown v0 do Nguyên gửi đã được đăng ký trong ocr_text_manifest.csv và được dùng để build fragment/index truy xuất ở trạng thái draft; ảnh gốc vẫn là nguồn truy vết theo trang; chưa HNMU/UET xác nhận.
20260715_sgv_crawl,SGV,9,https://cdn3.olm.vn/upload/taphuan/2026/0530/4923777498-page-57-1780109996515.png,shared/learning_resources/raw_page_images/sgv/tin_hoc_9/page_0057.png,529aff6d64f585052c4cf5017cd2c81289b1108d512890f44528920b08d8bb26,520365,2026-07-15,downloaded,Ảnh SGV crawl từ taphuan/nxbgd CDN; learning_material_id=LM-SGV-TIN9-4923777498; OCR Markdown v0 do Nguyên gửi đã được đăng ký trong ocr_text_manifest.csv và được dùng để build fragment/index truy xuất ở trạng thái draft; ảnh gốc vẫn là nguồn truy vết theo trang; chưa HNMU/UET xác nhận.
20260715_sgv_crawl,SGV,9,https://cdn3.olm.vn/upload/taphuan/2026/0530/4923777498-page-58-1780109996979.png,shared/learning_resources/raw_page_images/sgv/tin_hoc_9/page_0058.png,591ce4f8e3963c2c9f117d1d7245aa360f67d9a5c1a9899875a44a18d9f5eee4,661393,2026-07-15,downloaded,Ảnh SGV crawl từ taphuan/nxbgd CDN; learning_material_id=LM-SGV-TIN9-4923777498; OCR Markdown v0 do Nguyên gửi đã được đăng ký trong ocr_text_manifest.csv và được dùng để build fragment/index truy xuất ở trạng thái draft; ảnh gốc vẫn là nguồn truy vết theo trang; chưa HNMU/UET xác nhận.
20260715_sgv_crawl,SGV,9,https://cdn3.olm.vn/upload/taphuan/2026/0530/4923777498-page-59-1780109997373.png,shared/learning_resources/raw_page_images/sgv/tin_hoc_9/page_0059.png,e6953f7b8f47f88cf0c764882baca2dfa2491a7fe533f3f9d61290fc2f649659,496295,2026-07-15,downloaded,Ảnh SGV crawl từ taphuan/nxbgd CDN; learning_material_id=LM-SGV-TIN9-4923777498; OCR Markdown v0 do Nguyên gửi đã được đăng ký trong ocr_text_manifest.csv và được dùng để build fragment/index truy xuất ở trạng thái draft; ảnh gốc vẫn là nguồn truy vết theo trang; chưa HNMU/UET xác nhận.
20260715_sgv_crawl,SGV,9,https://cdn3.olm.vn/upload/taphuan/2026/0530/4923777498-page-60-1780109997762.png,shared/learning_resources/raw_page_images/sgv/tin_hoc_9/page_0060.png,7ebf23ac5b6309176cb613542f2ae386729062f2c6c364d592e946e260f46565,395533,2026-07-15,downloaded,Ảnh SGV crawl từ taphuan/nxbgd CDN; learning_material_id=LM-SGV-TIN9-4923777498; OCR Markdown v0 do Nguyên gửi đã được đăng ký trong ocr_text_manifest.csv và được dùng để build fragment/index truy xuất ở trạng thái draft; ảnh gốc vẫn là nguồn truy vết theo trang; chưa HNMU/UET xác nhận.
20260715_sgv_crawl,SGV,9,https://cdn3.olm.vn/upload/taphuan/2026/0530/4923777498-page-61-1780109998209.png,shared/learning_resources/raw_page_images/sgv/tin_hoc_9/page_0061.png,4411bb7dc9b1137bb9ea30ef01aca1a760ab1575a4b9db5eeefe9b4caeb623a8,592780,2026-07-15,downloaded,Ảnh SGV crawl từ taphuan/nxbgd CDN; learning_material_id=LM-SGV-TIN9-4923777498; OCR Markdown v0 do Nguyên gửi đã được đăng ký trong ocr_text_manifest.csv và được dùng để build fragment/index truy xuất ở trạng thái draft; ảnh gốc vẫn là nguồn truy vết theo trang; chưa HNMU/UET xác nhận.
20260715_sgv_crawl,SGV,9,https://cdn3.olm.vn/upload/taphuan/2026/0530/4923777498-page-62-1780109998651.png,shared/learning_resources/raw_page_images/sgv/tin_hoc_9/page_0062.png,27dfc15a35c9184a7dbba9b3fc68b74c22240c4debae2a3d0e6da82cc56e1683,473164,2026-07-15,downloaded,Ảnh SGV crawl từ taphuan/nxbgd CDN; learning_material_id=LM-SGV-TIN9-4923777498; OCR Markdown v0 do Nguyên gửi đã được đăng ký trong ocr_text_manifest.csv và được dùng để build fragment/index truy xuất ở trạng thái draft; ảnh gốc vẫn là nguồn truy vết theo trang; chưa HNMU/UET xác nhận.
20260715_sgv_crawl,SGV,9,https://cdn3.olm.vn/upload/taphuan/2026/0530/4923777498-page-63-1780109999108.png,shared/learning_resources/raw_page_images/sgv/tin_hoc_9/page_0063.png,1e62626117acffecf4bbf18edefac7de7f1f4e682feedf8158c565d4dbe18e54,439286,2026-07-15,downloaded,Ảnh SGV crawl từ taphuan/nxbgd CDN; learning_material_id=LM-SGV-TIN9-4923777498; OCR Markdown v0 do Nguyên gửi đã được đăng ký trong ocr_text_manifest.csv và được dùng để build fragment/index truy xuất ở trạng thái draft; ảnh gốc vẫn là nguồn truy vết theo trang; chưa HNMU/UET xác nhận.
20260715_sgv_crawl,SGV,9,https://cdn3.olm.vn/upload/taphuan/2026/0530/4923777498-page-64-1780109999524.png,shared/learning_resources/raw_page_images/sgv/tin_hoc_9/page_0064.png,0d03e3a962f77ba85057650474d469b3bbc9c7d92c60910e1eff4a2e157b2e90,486368,2026-07-15,downloaded,Ảnh SGV crawl từ taphuan/nxbgd CDN; learning_material_id=LM-SGV-TIN9-4923777498; OCR Markdown v0 do Nguyên gửi đã được đăng ký trong ocr_text_manifest.csv và được dùng để build fragment/index truy xuất ở trạng thái draft; ảnh gốc vẫn là nguồn truy vết theo trang; chưa HNMU/UET xác nhận.
20260715_sgv_crawl,SGV,9,https://cdn3.olm.vn/upload/taphuan/2026/0530/4923777498-page-65-1780109999950.png,shared/learning_resources/raw_page_images/sgv/tin_hoc_9/page_0065.png,85c4fc3930dd1c2359ea38989c7e3c9feb48e7f2a98881ed4a666a9564cba583,494025,2026-07-15,downloaded,Ảnh SGV crawl từ taphuan/nxbgd CDN; learning_material_id=LM-SGV-TIN9-4923777498; OCR Markdown v0 do Nguyên gửi đã được đăng ký trong ocr_text_manifest.csv và được dùng để build fragment/index truy xuất ở trạng thái draft; ảnh gốc vẫn là nguồn truy vết theo trang; chưa HNMU/UET xác nhận.
20260715_sgv_crawl,SGV,9,https://cdn3.olm.vn/upload/taphuan/2026/0530/4923777498-page-66-1780110000356.png,shared/learning_resources/raw_page_images/sgv/tin_hoc_9/page_0066.png,f35baf3aee6653491fc082e1fc974fc83f3d68b352a4058cc3fb1613ab47a4a7,516398,2026-07-15,downloaded,Ảnh SGV crawl từ taphuan/nxbgd CDN; learning_material_id=LM-SGV-TIN9-4923777498; OCR Markdown v0 do Nguyên gửi đã được đăng ký trong ocr_text_manifest.csv và được dùng để build fragment/index truy xuất ở trạng thái draft; ảnh gốc vẫn là nguồn truy vết theo trang; chưa HNMU/UET xác nhận.
20260715_sgv_crawl,SGV,9,https://cdn3.olm.vn/upload/taphuan/2026/0530/4923777498-page-67-1780110000798.png,shared/learning_resources/raw_page_images/sgv/tin_hoc_9/page_0067.png,e2d661e1671392e2200106cac6059d221442488fea5b5844c57a2c51d9b6504f,434255,2026-07-15,downloaded,Ảnh SGV crawl từ taphuan/nxbgd CDN; learning_material_id=LM-SGV-TIN9-4923777498; OCR Markdown v0 do Nguyên gửi đã được đăng ký trong ocr_text_manifest.csv và được dùng để build fragment/index truy xuất ở trạng thái draft; ảnh gốc vẫn là nguồn truy vết theo trang; chưa HNMU/UET xác nhận.
20260715_sgv_crawl,SGV,9,https://cdn3.olm.vn/upload/taphuan/2026/0530/4923777498-page-68-1780110001203.png,shared/learning_resources/raw_page_images/sgv/tin_hoc_9/page_0068.png,c1900e44bf08d8bfea510deef28ac0740d209e9a3d423761eea9267a6d70410c,611569,2026-07-15,downloaded,Ảnh SGV crawl từ taphuan/nxbgd CDN; learning_material_id=LM-SGV-TIN9-4923777498; OCR Markdown v0 do Nguyên gửi đã được đăng ký trong ocr_text_manifest.csv và được dùng để build fragment/index truy xuất ở trạng thái draft; ảnh gốc vẫn là nguồn truy vết theo trang; chưa HNMU/UET xác nhận.
20260715_sgv_crawl,SGV,9,https://cdn3.olm.vn/upload/taphuan/2026/0530/4923777498-page-69-1780110001692.png,shared/learning_resources/raw_page_images/sgv/tin_hoc_9/page_0069.png,727ef2053fda1b1fe2ceeb67fec2e3b76b79bcfea8fc92f36cc215ab0ed353e9,472030,2026-07-15,downloaded,Ảnh SGV crawl từ taphuan/nxbgd CDN; learning_material_id=LM-SGV-TIN9-4923777498; OCR Markdown v0 do Nguyên gửi đã được đăng ký trong ocr_text_manifest.csv và được dùng để build fragment/index truy xuất ở trạng thái draft; ảnh gốc vẫn là nguồn truy vết theo trang; chưa HNMU/UET xác nhận.
20260715_sgv_crawl,SGV,9,https://cdn3.olm.vn/upload/taphuan/2026/0530/4923777498-page-70-1780110002128.png,shared/learning_resources/raw_page_images/sgv/tin_hoc_9/page_0070.png,4a89f02b6c44c65a2a269dde9e19bb9168ccf27779c59d0acca806f7a43d7d78,422501,2026-07-15,downloaded,Ảnh SGV crawl từ taphuan/nxbgd CDN; learning_material_id=LM-SGV-TIN9-4923777498; OCR Markdown v0 do Nguyên gửi đã được đăng ký trong ocr_text_manifest.csv và được dùng để build fragment/index truy xuất ở trạng thái draft; ảnh gốc vẫn là nguồn truy vết theo trang; chưa HNMU/UET xác nhận.
20260715_sgv_crawl,SGV,9,https://cdn3.olm.vn/upload/taphuan/2026/0530/4923777498-page-71-1780110002590.png,shared/learning_resources/raw_page_images/sgv/tin_hoc_9/page_0071.png,d03f48f5decc37b33f5e27ffc070e326d95a3f1f4a2b59d6e8d8ac811be5fa19,490479,2026-07-15,downloaded,Ảnh SGV crawl từ taphuan/nxbgd CDN; learning_material_id=LM-SGV-TIN9-4923777498; OCR Markdown v0 do Nguyên gửi đã được đăng ký trong ocr_text_manifest.csv và được dùng để build fragment/index truy xuất ở trạng thái draft; ảnh gốc vẫn là nguồn truy vết theo trang; chưa HNMU/UET xác nhận.
20260715_sgv_crawl,SGV,9,https://cdn3.olm.vn/upload/taphuan/2026/0530/4923777498-page-72-1780110003052.png,shared/learning_resources/raw_page_images/sgv/tin_hoc_9/page_0072.png,00e56b08d3bdce2731b600bbc82971908984c33eca3f8c0aa638f84b9e01a284,510086,2026-07-15,downloaded,Ảnh SGV crawl từ taphuan/nxbgd CDN; learning_material_id=LM-SGV-TIN9-4923777498; OCR Markdown v0 do Nguyên gửi đã được đăng ký trong ocr_text_manifest.csv và được dùng để build fragment/index truy xuất ở trạng thái draft; ảnh gốc vẫn là nguồn truy vết theo trang; chưa HNMU/UET xác nhận.
20260715_sgv_crawl,SGV,9,https://cdn3.olm.vn/upload/taphuan/2026/0530/4923777498-page-73-1780110004652.png,shared/learning_resources/raw_page_images/sgv/tin_hoc_9/page_0073.png,28e64dc76d8cbe2b1728a283f47ae063487ce7d528d5122de2cc669984356177,292288,2026-07-15,downloaded,Ảnh SGV crawl từ taphuan/nxbgd CDN; learning_material_id=LM-SGV-TIN9-4923777498; OCR Markdown v0 do Nguyên gửi đã được đăng ký trong ocr_text_manifest.csv và được dùng để build fragment/index truy xuất ở trạng thái draft; ảnh gốc vẫn là nguồn truy vết theo trang; chưa HNMU/UET xác nhận.
20260715_sgv_crawl,SGV,9,https://cdn3.olm.vn/upload/taphuan/2026/0530/4923777498-page-74-1780110006203.png,shared/learning_resources/raw_page_images/sgv/tin_hoc_9/page_0074.png,43601a094ce584dd7058724b0a6c62f018834459326bd52717d850f41adc2d07,446016,2026-07-15,downloaded,Ảnh SGV crawl từ taphuan/nxbgd CDN; learning_material_id=LM-SGV-TIN9-4923777498; OCR Markdown v0 do Nguyên gửi đã được đăng ký trong ocr_text_manifest.csv và được dùng để build fragment/index truy xuất ở trạng thái draft; ảnh gốc vẫn là nguồn truy vết theo trang; chưa HNMU/UET xác nhận.
20260715_sgv_crawl,SGV,9,https://cdn3.olm.vn/upload/taphuan/2026/0530/4923777498-page-75-1780110007029.png,shared/learning_resources/raw_page_images/sgv/tin_hoc_9/page_0075.png,0e3e389f7e573c25acadedbd040b33bae7193217bbb500cd876734fa96ab860a,444311,2026-07-15,downloaded,Ảnh SGV crawl từ taphuan/nxbgd CDN; learning_material_id=LM-SGV-TIN9-4923777498; OCR Markdown v0 do Nguyên gửi đã được đăng ký trong ocr_text_manifest.csv và được dùng để build fragment/index truy xuất ở trạng thái draft; ảnh gốc vẫn là nguồn truy vết theo trang; chưa HNMU/UET xác nhận.
20260715_sgv_crawl,SGV,9,https://cdn3.olm.vn/upload/taphuan/2026/0530/4923777498-page-76-1780110007780.png,shared/learning_resources/raw_page_images/sgv/tin_hoc_9/page_0076.png,98164974e15bd3acb2b529c93581583a08bf84803a63604cddad52f2e569f2fb,357220,2026-07-15,downloaded,Ảnh SGV crawl từ taphuan/nxbgd CDN; learning_material_id=LM-SGV-TIN9-4923777498; OCR Markdown v0 do Nguyên gửi đã được đăng ký trong ocr_text_manifest.csv và được dùng để build fragment/index truy xuất ở trạng thái draft; ảnh gốc vẫn là nguồn truy vết theo trang; chưa HNMU/UET xác nhận.
20260715_sgv_crawl,SGV,9,https://cdn3.olm.vn/upload/taphuan/2026/0530/4923777498-page-77-1780110008419.png,shared/learning_resources/raw_page_images/sgv/tin_hoc_9/page_0077.png,ac0d90437be1ca2ac62a20b29737538e794583328150e5b402808fca9cbe696c,568923,2026-07-15,downloaded,Ảnh SGV crawl từ taphuan/nxbgd CDN; learning_material_id=LM-SGV-TIN9-4923777498; OCR Markdown v0 do Nguyên gửi đã được đăng ký trong ocr_text_manifest.csv và được dùng để build fragment/index truy xuất ở trạng thái draft; ảnh gốc vẫn là nguồn truy vết theo trang; chưa HNMU/UET xác nhận.
20260715_sgv_crawl,SGV,9,https://cdn3.olm.vn/upload/taphuan/2026/0530/4923777498-page-78-1780110009127.png,shared/learning_resources/raw_page_images/sgv/tin_hoc_9/page_0078.png,4d0e6920d533e92f4e1037b55490769ad0d1c3620b1052dbb16e726bffecc35c,739540,2026-07-15,downloaded,Ảnh SGV crawl từ taphuan/nxbgd CDN; learning_material_id=LM-SGV-TIN9-4923777498; OCR Markdown v0 do Nguyên gửi đã được đăng ký trong ocr_text_manifest.csv và được dùng để build fragment/index truy xuất ở trạng thái draft; ảnh gốc vẫn là nguồn truy vết theo trang; chưa HNMU/UET xác nhận.
20260715_sgv_crawl,SGV,9,https://cdn3.olm.vn/upload/taphuan/2026/0530/4923777498-page-79-1780110009744.png,shared/learning_resources/raw_page_images/sgv/tin_hoc_9/page_0079.png,7598ef20a70f0dbdcc54ff36ce7c8ef08a20d0d35be5e61c58015c3c2d110cef,294303,2026-07-15,downloaded,Ảnh SGV crawl từ taphuan/nxbgd CDN; learning_material_id=LM-SGV-TIN9-4923777498; OCR Markdown v0 do Nguyên gửi đã được đăng ký trong ocr_text_manifest.csv và được dùng để build fragment/index truy xuất ở trạng thái draft; ảnh gốc vẫn là nguồn truy vết theo trang; chưa HNMU/UET xác nhận.
20260715_sgv_crawl,SGV,9,https://cdn3.olm.vn/upload/taphuan/2026/0530/4923777498-page-80-1780110010324.png,shared/learning_resources/raw_page_images/sgv/tin_hoc_9/page_0080.png,6e9decceb65b3ebc9c965cbabb5e5b07922fcac97a74a708f5c40683046e18c9,357975,2026-07-15,downloaded,Ảnh SGV crawl từ taphuan/nxbgd CDN; learning_material_id=LM-SGV-TIN9-4923777498; OCR Markdown v0 do Nguyên gửi đã được đăng ký trong ocr_text_manifest.csv và được dùng để build fragment/index truy xuất ở trạng thái draft; ảnh gốc vẫn là nguồn truy vết theo trang; chưa HNMU/UET xác nhận.
20260715_sgv_crawl,SGV,9,https://cdn3.olm.vn/upload/taphuan/2026/0530/4923777498-page-81-1780110011841.png,shared/learning_resources/raw_page_images/sgv/tin_hoc_9/page_0081.png,e0ebe6b9c7613fa1f76dd2812af7bea80a6da9e466682310654c51396e190166,532025,2026-07-15,downloaded,Ảnh SGV crawl từ taphuan/nxbgd CDN; learning_material_id=LM-SGV-TIN9-4923777498; OCR Markdown v0 do Nguyên gửi đã được đăng ký trong ocr_text_manifest.csv và được dùng để build fragment/index truy xuất ở trạng thái draft; ảnh gốc vẫn là nguồn truy vết theo trang; chưa HNMU/UET xác nhận.
20260715_sgv_crawl,SGV,9,https://cdn3.olm.vn/upload/taphuan/2026/0530/4923777498-page-82-1780110012330.png,shared/learning_resources/raw_page_images/sgv/tin_hoc_9/page_0082.png,f1e3cd22500aee815cc3327e275c656390e17b6ca918b7f055baed18dcc86a9f,578419,2026-07-15,downloaded,Ảnh SGV crawl từ taphuan/nxbgd CDN; learning_material_id=LM-SGV-TIN9-4923777498; OCR Markdown v0 do Nguyên gửi đã được đăng ký trong ocr_text_manifest.csv và được dùng để build fragment/index truy xuất ở trạng thái draft; ảnh gốc vẫn là nguồn truy vết theo trang; chưa HNMU/UET xác nhận.
20260715_sgv_crawl,SGV,9,https://cdn3.olm.vn/upload/taphuan/2026/0530/4923777498-page-83-1780110012751.png,shared/learning_resources/raw_page_images/sgv/tin_hoc_9/page_0083.png,c96990ff66b6003cea4994e9e4a3d165ad052e6fbf6b082823414ce75672c844,426129,2026-07-15,downloaded,Ảnh SGV crawl từ taphuan/nxbgd CDN; learning_material_id=LM-SGV-TIN9-4923777498; OCR Markdown v0 do Nguyên gửi đã được đăng ký trong ocr_text_manifest.csv và được dùng để build fragment/index truy xuất ở trạng thái draft; ảnh gốc vẫn là nguồn truy vết theo trang; chưa HNMU/UET xác nhận.
20260715_sgv_crawl,SGV,9,https://cdn3.olm.vn/upload/taphuan/2026/0530/4923777498-page-84-1780110013151.png,shared/learning_resources/raw_page_images/sgv/tin_hoc_9/page_0084.png,0fd95a142b4d831fbbd174777154b616187c98f13c5033de5bfa69dfc7e0ee01,464470,2026-07-15,downloaded,Ảnh SGV crawl từ taphuan/nxbgd CDN; learning_material_id=LM-SGV-TIN9-4923777498; OCR Markdown v0 do Nguyên gửi đã được đăng ký trong ocr_text_manifest.csv và được dùng để build fragment/index truy xuất ở trạng thái draft; ảnh gốc vẫn là nguồn truy vết theo trang; chưa HNMU/UET xác nhận.
20260715_sgv_crawl,SGV,9,https://cdn3.olm.vn/upload/taphuan/2026/0530/4923777498-page-85-1780110013510.png,shared/learning_resources/raw_page_images/sgv/tin_hoc_9/page_0085.png,ce4bd4d574b86a9d1fdd1ca28329c65643d4c10fb57ae2bc9621d32e0f11617f,524883,2026-07-15,downloaded,Ảnh SGV crawl từ taphuan/nxbgd CDN; learning_material_id=LM-SGV-TIN9-4923777498; OCR Markdown v0 do Nguyên gửi đã được đăng ký trong ocr_text_manifest.csv và được dùng để build fragment/index truy xuất ở trạng thái draft; ảnh gốc vẫn là nguồn truy vết theo trang; chưa HNMU/UET xác nhận.
20260715_sgv_crawl,SGV,9,https://cdn3.olm.vn/upload/taphuan/2026/0530/4923777498-page-86-1780110013913.png,shared/learning_resources/raw_page_images/sgv/tin_hoc_9/page_0086.png,61fbedba76085201f87141ab63befee7cb86eb612f9225689cb80904d74d9e54,417104,2026-07-15,downloaded,Ảnh SGV crawl từ taphuan/nxbgd CDN; learning_material_id=LM-SGV-TIN9-4923777498; OCR Markdown v0 do Nguyên gửi đã được đăng ký trong ocr_text_manifest.csv và được dùng để build fragment/index truy xuất ở trạng thái draft; ảnh gốc vẫn là nguồn truy vết theo trang; chưa HNMU/UET xác nhận.
20260715_sgv_crawl,SGV,9,https://cdn3.olm.vn/upload/taphuan/2026/0530/4923777498-page-87-1780110014271.png,shared/learning_resources/raw_page_images/sgv/tin_hoc_9/page_0087.png,8faa8d364efbbe6144a66e5e36b8f7fef92cf9e204900080deed8443bff74b7a,633606,2026-07-15,downloaded,Ảnh SGV crawl từ taphuan/nxbgd CDN; learning_material_id=LM-SGV-TIN9-4923777498; OCR Markdown v0 do Nguyên gửi đã được đăng ký trong ocr_text_manifest.csv và được dùng để build fragment/index truy xuất ở trạng thái draft; ảnh gốc vẫn là nguồn truy vết theo trang; chưa HNMU/UET xác nhận.
20260715_sgv_crawl,SGV,9,https://cdn3.olm.vn/upload/taphuan/2026/0530/4923777498-page-88-1780110014628.png,shared/learning_resources/raw_page_images/sgv/tin_hoc_9/page_0088.png,62d02e38242ee49339fb90e2cb1f212064f87fe82230f461a1e72129cc293902,552963,2026-07-15,downloaded,Ảnh SGV crawl từ taphuan/nxbgd CDN; learning_material_id=LM-SGV-TIN9-4923777498; OCR Markdown v0 do Nguyên gửi đã được đăng ký trong ocr_text_manifest.csv và được dùng để build fragment/index truy xuất ở trạng thái draft; ảnh gốc vẫn là nguồn truy vết theo trang; chưa HNMU/UET xác nhận.
20260715_sgv_crawl,SGV,9,https://cdn3.olm.vn/upload/taphuan/2026/0530/4923777498-page-89-1780110015027.png,shared/learning_resources/raw_page_images/sgv/tin_hoc_9/page_0089.png,ab5d3bb57ac19e925b7d3b008ccc2b6b3a6ce084bc3ca4bbd7891ea4bb92eeec,447767,2026-07-15,downloaded,Ảnh SGV crawl từ taphuan/nxbgd CDN; learning_material_id=LM-SGV-TIN9-4923777498; OCR Markdown v0 do Nguyên gửi đã được đăng ký trong ocr_text_manifest.csv và được dùng để build fragment/index truy xuất ở trạng thái draft; ảnh gốc vẫn là nguồn truy vết theo trang; chưa HNMU/UET xác nhận.
20260715_sgv_crawl,SGV,9,https://cdn3.olm.vn/upload/taphuan/2026/0530/4923777498-page-90-1780110015435.png,shared/learning_resources/raw_page_images/sgv/tin_hoc_9/page_0090.png,16d1cc0809bb7bbd948aa9ca4491a4ada09191a28b1f766a63928594f37b8530,509582,2026-07-15,downloaded,Ảnh SGV crawl từ taphuan/nxbgd CDN; learning_material_id=LM-SGV-TIN9-4923777498; OCR Markdown v0 do Nguyên gửi đã được đăng ký trong ocr_text_manifest.csv và được dùng để build fragment/index truy xuất ở trạng thái draft; ảnh gốc vẫn là nguồn truy vết theo trang; chưa HNMU/UET xác nhận.
20260715_sgv_crawl,SGV,9,https://cdn3.olm.vn/upload/taphuan/2026/0530/4923777498-page-91-1780110015800.png,shared/learning_resources/raw_page_images/sgv/tin_hoc_9/page_0091.png,9aeb4a8d9912bf2800be4e88850db79fe089426cb903f4ae43ab440444562a5e,416079,2026-07-15,downloaded,Ảnh SGV crawl từ taphuan/nxbgd CDN; learning_material_id=LM-SGV-TIN9-4923777498; OCR Markdown v0 do Nguyên gửi đã được đăng ký trong ocr_text_manifest.csv và được dùng để build fragment/index truy xuất ở trạng thái draft; ảnh gốc vẫn là nguồn truy vết theo trang; chưa HNMU/UET xác nhận.
20260715_sgv_crawl,SGV,9,https://cdn3.olm.vn/upload/taphuan/2026/0530/4923777498-page-92-1780110016158.png,shared/learning_resources/raw_page_images/sgv/tin_hoc_9/page_0092.png,69124c93747005cd37fe4d7e5bb7add7d3d4f78ea81157aa0e65b7f7b98a5b39,412461,2026-07-15,downloaded,Ảnh SGV crawl từ taphuan/nxbgd CDN; learning_material_id=LM-SGV-TIN9-4923777498; OCR Markdown v0 do Nguyên gửi đã được đăng ký trong ocr_text_manifest.csv và được dùng để build fragment/index truy xuất ở trạng thái draft; ảnh gốc vẫn là nguồn truy vết theo trang; chưa HNMU/UET xác nhận.
20260715_sgv_crawl,SGV,9,https://cdn3.olm.vn/upload/taphuan/2026/0530/4923777498-page-93-1780110016536.png,shared/learning_resources/raw_page_images/sgv/tin_hoc_9/page_0093.png,637df747dcecce2f9bcd9c9b6547588587de438a5eafde19d20c19aa91b0ffa0,409067,2026-07-15,downloaded,Ảnh SGV crawl từ taphuan/nxbgd CDN; learning_material_id=LM-SGV-TIN9-4923777498; OCR Markdown v0 do Nguyên gửi đã được đăng ký trong ocr_text_manifest.csv và được dùng để build fragment/index truy xuất ở trạng thái draft; ảnh gốc vẫn là nguồn truy vết theo trang; chưa HNMU/UET xác nhận.
20260715_sgv_crawl,SGV,9,https://cdn3.olm.vn/upload/taphuan/2026/0530/4923777498-page-94-1780110016897.png,shared/learning_resources/raw_page_images/sgv/tin_hoc_9/page_0094.png,e812c333d79731adf3af83edfa26e67800602df0173c19c51454ef4da2ff00bd,464193,2026-07-15,downloaded,Ảnh SGV crawl từ taphuan/nxbgd CDN; learning_material_id=LM-SGV-TIN9-4923777498; OCR Markdown v0 do Nguyên gửi đã được đăng ký trong ocr_text_manifest.csv và được dùng để build fragment/index truy xuất ở trạng thái draft; ảnh gốc vẫn là nguồn truy vết theo trang; chưa HNMU/UET xác nhận.
20260715_sgv_crawl,SGV,9,https://cdn3.olm.vn/upload/taphuan/2026/0530/4923777498-page-95-1780110017261.png,shared/learning_resources/raw_page_images/sgv/tin_hoc_9/page_0095.png,391ec803a4a294531621f9fa6bb9dd18682f587c7f6d050ca567e776e00691ca,490192,2026-07-15,downloaded,Ảnh SGV crawl từ taphuan/nxbgd CDN; learning_material_id=LM-SGV-TIN9-4923777498; OCR Markdown v0 do Nguyên gửi đã được đăng ký trong ocr_text_manifest.csv và được dùng để build fragment/index truy xuất ở trạng thái draft; ảnh gốc vẫn là nguồn truy vết theo trang; chưa HNMU/UET xác nhận.
20260715_sgv_crawl,SGV,9,https://cdn3.olm.vn/upload/taphuan/2026/0530/4923777498-page-96-1780110017618.png,shared/learning_resources/raw_page_images/sgv/tin_hoc_9/page_0096.png,886b18d814d26ca42b92a399aef10e976d22b9dd98b0985ba2723def7e51bbdb,438157,2026-07-15,downloaded,Ảnh SGV crawl từ taphuan/nxbgd CDN; learning_material_id=LM-SGV-TIN9-4923777498; OCR Markdown v0 do Nguyên gửi đã được đăng ký trong ocr_text_manifest.csv và được dùng để build fragment/index truy xuất ở trạng thái draft; ảnh gốc vẫn là nguồn truy vết theo trang; chưa HNMU/UET xác nhận.
20260715_sgv_crawl,SGV,9,https://cdn3.olm.vn/upload/taphuan/2026/0530/4923777498-page-97-1780110017991.png,shared/learning_resources/raw_page_images/sgv/tin_hoc_9/page_0097.png,94536fed655a1efb2faeb8c37f5b5db6c30494d96f317b4f546f4ef3b82ddbaf,470518,2026-07-15,downloaded,Ảnh SGV crawl từ taphuan/nxbgd CDN; learning_material_id=LM-SGV-TIN9-4923777498; OCR Markdown v0 do Nguyên gửi đã được đăng ký trong ocr_text_manifest.csv và được dùng để build fragment/index truy xuất ở trạng thái draft; ảnh gốc vẫn là nguồn truy vết theo trang; chưa HNMU/UET xác nhận.
20260715_sgv_crawl,SGV,9,https://cdn3.olm.vn/upload/taphuan/2026/0530/4923777498-page-98-1780110018372.png,shared/learning_resources/raw_page_images/sgv/tin_hoc_9/page_0098.png,cbdb16b6bb28de8b6dae7262dec24edcfe3e6672103c226b99998de17230e629,518536,2026-07-15,downloaded,Ảnh SGV crawl từ taphuan/nxbgd CDN; learning_material_id=LM-SGV-TIN9-4923777498; OCR Markdown v0 do Nguyên gửi đã được đăng ký trong ocr_text_manifest.csv và được dùng để build fragment/index truy xuất ở trạng thái draft; ảnh gốc vẫn là nguồn truy vết theo trang; chưa HNMU/UET xác nhận.
20260715_sgv_crawl,SGV,9,https://cdn3.olm.vn/upload/taphuan/2026/0530/4923777498-page-99-1780110019583.png,shared/learning_resources/raw_page_images/sgv/tin_hoc_9/page_0099.png,a4e207214311c77fbc97ee29485c1dbdfa2db47fcf30b20c4000ac5fecdbaaf4,557598,2026-07-15,downloaded,Ảnh SGV crawl từ taphuan/nxbgd CDN; learning_material_id=LM-SGV-TIN9-4923777498; OCR Markdown v0 do Nguyên gửi đã được đăng ký trong ocr_text_manifest.csv và được dùng để build fragment/index truy xuất ở trạng thái draft; ảnh gốc vẫn là nguồn truy vết theo trang; chưa HNMU/UET xác nhận.
20260715_sgv_crawl,SGV,9,https://cdn3.olm.vn/upload/taphuan/2026/0530/4923777498-page-100-1780110019958.png,shared/learning_resources/raw_page_images/sgv/tin_hoc_9/page_0100.png,fce914ebce52a72444dc8da1a371987938d20e31cef656acc12e74dc407a5b4b,463055,2026-07-15,downloaded,Ảnh SGV crawl từ taphuan/nxbgd CDN; learning_material_id=LM-SGV-TIN9-4923777498; OCR Markdown v0 do Nguyên gửi đã được đăng ký trong ocr_text_manifest.csv và được dùng để build fragment/index truy xuất ở trạng thái draft; ảnh gốc vẫn là nguồn truy vết theo trang; chưa HNMU/UET xác nhận.
20260715_sgv_crawl,SGV,9,https://cdn3.olm.vn/upload/taphuan/2026/0530/4923777498-page-101-1780110020307.png,shared/learning_resources/raw_page_images/sgv/tin_hoc_9/page_0101.png,7fb402ae2c18e4ee47b968b81d6b7d3f806afa0fb769b260a479dd0a392ace09,210068,2026-07-15,downloaded,Ảnh SGV crawl từ taphuan/nxbgd CDN; learning_material_id=LM-SGV-TIN9-4923777498; OCR Markdown v0 do Nguyên gửi đã được đăng ký trong ocr_text_manifest.csv và được dùng để build fragment/index truy xuất ở trạng thái draft; ảnh gốc vẫn là nguồn truy vết theo trang; chưa HNMU/UET xác nhận.
20260715_sgv_crawl,SGV,9,https://cdn3.olm.vn/upload/taphuan/2026/0530/4923777498-page-102-1780110021508.png,shared/learning_resources/raw_page_images/sgv/tin_hoc_9/page_0102.png,5746090f35ecbe537f237f4be517e8947746558ec1bd2c508bd0c14932229d13,716266,2026-07-15,downloaded,Ảnh SGV crawl từ taphuan/nxbgd CDN; learning_material_id=LM-SGV-TIN9-4923777498; OCR Markdown v0 do Nguyên gửi đã được đăng ký trong ocr_text_manifest.csv và được dùng để build fragment/index truy xuất ở trạng thái draft; ảnh gốc vẫn là nguồn truy vết theo trang; chưa HNMU/UET xác nhận.
20260715_compiled_pdf,SGK_PDF_DERIVED,6,shared/learning_resources/raw_page_images/sgk/tin_hoc_6,shared/learning_resources/compiled_documents/sgk_tin_hoc_6.pdf,74c270b3c2244782daeaeb1c3ded5dd01fb87528467bdab8d80fc9de5edaf19c,14893080,2026-07-15,derived_for_human_review,"PDF dẫn xuất từ ảnh SGK; learning_material_id=LM-SGK-TIN6-0001; dùng để người dùng xem nhanh, không thay thế ảnh/truy vết từng trang; OCR Markdown v0 riêng đã được đăng ký trong ocr_text_manifest.csv và fragment/index ở trạng thái draft."
20260715_compiled_pdf,SGK_PDF_DERIVED,7,shared/learning_resources/raw_page_images/sgk/tin_hoc_7,shared/learning_resources/compiled_documents/sgk_tin_hoc_7.pdf,384973b98774f6567d06df38fcf5cea2586f0d3e3e1ad52f1a498cc144e0de40,17013398,2026-07-15,derived_for_human_review,"PDF dẫn xuất từ ảnh SGK; learning_material_id=LM-SGK-TIN7-0001; dùng để người dùng xem nhanh, không thay thế ảnh/truy vết từng trang; OCR Markdown v0 riêng đã được đăng ký trong ocr_text_manifest.csv và fragment/index ở trạng thái draft."
20260715_compiled_pdf,SGK_PDF_DERIVED,8,shared/learning_resources/raw_page_images/sgk/tin_hoc_8,shared/learning_resources/compiled_documents/sgk_tin_hoc_8.pdf,781071b4a94082dd154623a58e871a99368f3edca562ad409ce937e97c969042,19655808,2026-07-15,derived_for_human_review,"PDF dẫn xuất từ ảnh SGK; learning_material_id=LM-SGK-TIN8-0001; dùng để người dùng xem nhanh, không thay thế ảnh/truy vết từng trang; OCR Markdown v0 riêng đã được đăng ký trong ocr_text_manifest.csv và fragment/index ở trạng thái draft."
20260715_compiled_pdf,SGK_PDF_DERIVED,9,shared/learning_resources/raw_page_images/sgk/tin_hoc_9,shared/learning_resources/compiled_documents/sgk_tin_hoc_9.pdf,7ba77621644c002713ab50ff49a246ed6ec250140acbae5d2b6f4222ede99916,19092547,2026-07-15,derived_for_human_review,"PDF dẫn xuất từ ảnh SGK; learning_material_id=LM-SGK-TIN9-0001; dùng để người dùng xem nhanh, không thay thế ảnh/truy vết từng trang; OCR Markdown v0 riêng đã được đăng ký trong ocr_text_manifest.csv và fragment/index ở trạng thái draft."
20260715_compiled_pdf,SGV_PDF_DERIVED,6,shared/learning_resources/raw_page_images/sgv/tin_hoc_6,shared/learning_resources/compiled_documents/sgv_tin_hoc_6.pdf,9ae8eadcd2e91ca3d48a3136847a945df8042633407642828f149a8f23655da1,18979747,2026-07-15,derived_for_human_review,"PDF dẫn xuất từ ảnh SGV; learning_material_id=LM-SGV-TIN6-4918798731; dùng để người dùng xem nhanh, không thay thế ảnh/truy vết từng trang; OCR Markdown v0 riêng đã được đăng ký trong ocr_text_manifest.csv và fragment/index ở trạng thái draft."
20260715_compiled_pdf,SGV_PDF_DERIVED,7,shared/learning_resources/raw_page_images/sgv/tin_hoc_7,shared/learning_resources/compiled_documents/sgv_tin_hoc_7.pdf,32d158f69b5f037b1eef17014b0d5585173d96e1a0fb4cddb4ff5452532e2f07,19116815,2026-07-15,derived_for_human_review,"PDF dẫn xuất từ ảnh SGV; learning_material_id=LM-SGV-TIN7-4920462481; dùng để người dùng xem nhanh, không thay thế ảnh/truy vết từng trang; OCR Markdown v0 riêng đã được đăng ký trong ocr_text_manifest.csv và fragment/index ở trạng thái draft."
20260715_compiled_pdf,SGV_PDF_DERIVED,8,shared/learning_resources/raw_page_images/sgv/tin_hoc_8,shared/learning_resources/compiled_documents/sgv_tin_hoc_8.pdf,2aad7100ac74d3bdcfdda817293f4068d45fedf610f85cf0914a6c2913cda81a,19947668,2026-07-15,derived_for_human_review,"PDF dẫn xuất từ ảnh SGV; learning_material_id=LM-SGV-TIN8-4923610683; dùng để người dùng xem nhanh, không thay thế ảnh/truy vết từng trang; OCR Markdown v0 riêng đã được đăng ký trong ocr_text_manifest.csv và fragment/index ở trạng thái draft."
20260715_compiled_pdf,SGV_PDF_DERIVED,9,shared/learning_resources/raw_page_images/sgv/tin_hoc_9,shared/learning_resources/compiled_documents/sgv_tin_hoc_9.pdf,e576adb75aeb7d8d91e900ae03dae26e9586cb7d2cd5de58efa9e9c97b57fce0,20055540,2026-07-15,derived_for_human_review,"PDF dẫn xuất từ ảnh SGV; learning_material_id=LM-SGV-TIN9-4923777498; dùng để người dùng xem nhanh, không thay thế ảnh/truy vết từng trang; OCR Markdown v0 riêng đã được đăng ký trong ocr_text_manifest.csv và fragment/index ở trạng thái draft."
