position_id,grade,learning_material_id,material_type,lesson_item_id,lesson_label,position_label,print_page,page_kind,source_image_path,pdf_path,source_batch,evidence_type,status,hnmu_dialogue_count,notes
POS-TIN6-0001,6,LM-SGK-TIN6-0001,SGK,TIN6-B01,Bài 1. Thông tin và dữ liệu,"Câu 1.b, Luyện tập, Trang 7 SGK",7,print_page_from_hnmu_position,,shared/learning_resources/compiled_documents/sgk_tin_hoc_6.pdf,Lớp 6.xlsx,source_evidence_hnmu_position,needs_hnmu_review,1,"Vị trí lấy từ cột Vị trí trong dữ liệu HNMU; chưa map chắc từ trang in sang image page, nên để trống source_image_path."
POS-TIN6-0002,6,LM-SGK-TIN6-0001,SGK,TIN6-B01,Bài 1. Thông tin và dữ liệu,"Hoạt động 1, Trang 6 SGK",6,print_page_from_hnmu_position,,shared/learning_resources/compiled_documents/sgk_tin_hoc_6.pdf,Lớp 6.xlsx,source_evidence_hnmu_position,needs_hnmu_review,1,"Vị trí lấy từ cột Vị trí trong dữ liệu HNMU; chưa map chắc từ trang in sang image page, nên để trống source_image_path."
POS-TIN6-0003,6,LM-SGK-TIN6-0001,SGK,TIN6-B01,Bài 1. Thông tin và dữ liệu,"Hoạt động 2, Trang 7 SGK",7,print_page_from_hnmu_position,,shared/learning_resources/compiled_documents/sgk_tin_hoc_6.pdf,Lớp 6.xlsx,source_evidence_hnmu_position,needs_hnmu_review,1,"Vị trí lấy từ cột Vị trí trong dữ liệu HNMU; chưa map chắc từ trang in sang image page, nên để trống source_image_path."
POS-TIN6-0004,6,LM-SGK-TIN6-0001,SGK,TIN6-B01,Bài 1. Thông tin và dữ liệu,"Luyện tập, Trang 7 SGK",7,print_page_from_hnmu_position,,shared/learning_resources/compiled_documents/sgk_tin_hoc_6.pdf,Lớp 6.xlsx,source_evidence_hnmu_position,needs_hnmu_review,1,"Vị trí lấy từ cột Vị trí trong dữ liệu HNMU; chưa map chắc từ trang in sang image page, nên để trống source_image_path."
POS-TIN6-0005,6,LM-SGK-TIN6-0001,SGK,TIN6-B01,Bài 1. Thông tin và dữ liệu,"Mục 1, Trang 5 SGK",5,print_page_from_hnmu_position,,shared/learning_resources/compiled_documents/sgk_tin_hoc_6.pdf,Lớp 6.xlsx,source_evidence_hnmu_position,needs_hnmu_review,1,"Vị trí lấy từ cột Vị trí trong dữ liệu HNMU; chưa map chắc từ trang in sang image page, nên để trống source_image_path."
POS-TIN6-0006,6,LM-SGK-TIN6-0001,SGK,TIN6-B01,Bài 1. Thông tin và dữ liệu,"Mục 1, Trang 6 SGK",6,print_page_from_hnmu_position,,shared/learning_resources/compiled_documents/sgk_tin_hoc_6.pdf,Lớp 6.xlsx,source_evidence_hnmu_position,needs_hnmu_review,4,"Vị trí lấy từ cột Vị trí trong dữ liệu HNMU; chưa map chắc từ trang in sang image page, nên để trống source_image_path."
POS-TIN6-0007,6,LM-SGK-TIN6-0001,SGK,TIN6-B01,Bài 1. Thông tin và dữ liệu,"Mục 1, Trang 7 SGK",7,print_page_from_hnmu_position,,shared/learning_resources/compiled_documents/sgk_tin_hoc_6.pdf,Lớp 6.xlsx,source_evidence_hnmu_position,needs_hnmu_review,1,"Vị trí lấy từ cột Vị trí trong dữ liệu HNMU; chưa map chắc từ trang in sang image page, nên để trống source_image_path."
POS-TIN6-0008,6,LM-SGK-TIN6-0001,SGK,TIN6-B01,Bài 1. Thông tin và dữ liệu,"Mục 2, Trang 6 SGK",6,print_page_from_hnmu_position,,shared/learning_resources/compiled_documents/sgk_tin_hoc_6.pdf,Lớp 6.xlsx,source_evidence_hnmu_position,needs_hnmu_review,1,"Vị trí lấy từ cột Vị trí trong dữ liệu HNMU; chưa map chắc từ trang in sang image page, nên để trống source_image_path."
POS-TIN6-0009,6,LM-SGK-TIN6-0001,SGK,TIN6-B01,Bài 1. Thông tin và dữ liệu,"Mục 2, Trang 7 SGK",7,print_page_from_hnmu_position,,shared/learning_resources/compiled_documents/sgk_tin_hoc_6.pdf,Lớp 6.xlsx,source_evidence_hnmu_position,needs_hnmu_review,1,"Vị trí lấy từ cột Vị trí trong dữ liệu HNMU; chưa map chắc từ trang in sang image page, nên để trống source_image_path."
POS-TIN6-0010,6,LM-SGK-TIN6-0001,SGK,TIN6-B01,Bài 1. Thông tin và dữ liệu,Vận dụng 1.b. Trang 7 SGK,7,print_page_from_hnmu_position,,shared/learning_resources/compiled_documents/sgk_tin_hoc_6.pdf,Lớp 6.xlsx,source_evidence_hnmu_position,needs_hnmu_review,1,"Vị trí lấy từ cột Vị trí trong dữ liệu HNMU; chưa map chắc từ trang in sang image page, nên để trống source_image_path."
POS-TIN6-0011,6,LM-SGK-TIN6-0001,SGK,TIN6-B01,Bài 1. Thông tin và dữ liệu,"Vận dụng 2, Trang 7 SGK",7,print_page_from_hnmu_position,,shared/learning_resources/compiled_documents/sgk_tin_hoc_6.pdf,Lớp 6.xlsx,source_evidence_hnmu_position,needs_hnmu_review,1,"Vị trí lấy từ cột Vị trí trong dữ liệu HNMU; chưa map chắc từ trang in sang image page, nên để trống source_image_path."
POS-TIN6-0012,6,LM-SGK-TIN6-0001,SGK,TIN6-B02,Bài 2. Xử lý thông tin,"Câu hỏi 2, Trang 10 SGK",10,print_page_from_hnmu_position,,shared/learning_resources/compiled_documents/sgk_tin_hoc_6.pdf,Lớp 6.xlsx,source_evidence_hnmu_position,needs_hnmu_review,1,"Vị trí lấy từ cột Vị trí trong dữ liệu HNMU; chưa map chắc từ trang in sang image page, nên để trống source_image_path."
POS-TIN6-0013,6,LM-SGK-TIN6-0001,SGK,TIN6-B02,Bài 2. Xử lý thông tin,"Câu hỏi b, Trang 9 SGK",9,print_page_from_hnmu_position,,shared/learning_resources/compiled_documents/sgk_tin_hoc_6.pdf,Lớp 6.xlsx,source_evidence_hnmu_position,needs_hnmu_review,1,"Vị trí lấy từ cột Vị trí trong dữ liệu HNMU; chưa map chắc từ trang in sang image page, nên để trống source_image_path."
POS-TIN6-0014,6,LM-SGK-TIN6-0001,SGK,TIN6-B02,Bài 2. Xử lý thông tin,"Hoạt động 1, Trang 19 SGK",19,print_page_from_hnmu_position,,shared/learning_resources/compiled_documents/sgk_tin_hoc_6.pdf,Lớp 6.xlsx,source_evidence_hnmu_position,needs_hnmu_review,1,"Vị trí lấy từ cột Vị trí trong dữ liệu HNMU; chưa map chắc từ trang in sang image page, nên để trống source_image_path."
POS-TIN6-0015,6,LM-SGK-TIN6-0001,SGK,TIN6-B02,Bài 2. Xử lý thông tin,"Hình 1.2, Trang 10 SGK",10,print_page_from_hnmu_position,,shared/learning_resources/compiled_documents/sgk_tin_hoc_6.pdf,Lớp 6.xlsx,source_evidence_hnmu_position,needs_hnmu_review,1,"Vị trí lấy từ cột Vị trí trong dữ liệu HNMU; chưa map chắc từ trang in sang image page, nên để trống source_image_path."
POS-TIN6-0016,6,LM-SGK-TIN6-0001,SGK,TIN6-B02,Bài 2. Xử lý thông tin,"Luyện tập 2, Trang 11 SGK",11,print_page_from_hnmu_position,,shared/learning_resources/compiled_documents/sgk_tin_hoc_6.pdf,Lớp 6.xlsx,source_evidence_hnmu_position,needs_hnmu_review,1,"Vị trí lấy từ cột Vị trí trong dữ liệu HNMU; chưa map chắc từ trang in sang image page, nên để trống source_image_path."
POS-TIN6-0017,6,LM-SGK-TIN6-0001,SGK,TIN6-B02,Bài 2. Xử lý thông tin,"Mục 1, Trang 10 SGK",10,print_page_from_hnmu_position,,shared/learning_resources/compiled_documents/sgk_tin_hoc_6.pdf,Lớp 6.xlsx,source_evidence_hnmu_position,needs_hnmu_review,1,"Vị trí lấy từ cột Vị trí trong dữ liệu HNMU; chưa map chắc từ trang in sang image page, nên để trống source_image_path."
POS-TIN6-0018,6,LM-SGK-TIN6-0001,SGK,TIN6-B02,Bài 2. Xử lý thông tin,"Mục 1, Trang 9 SGK",9,print_page_from_hnmu_position,,shared/learning_resources/compiled_documents/sgk_tin_hoc_6.pdf,Lớp 6.xlsx,source_evidence_hnmu_position,needs_hnmu_review,3,"Vị trí lấy từ cột Vị trí trong dữ liệu HNMU; chưa map chắc từ trang in sang image page, nên để trống source_image_path."
POS-TIN6-0019,6,LM-SGK-TIN6-0001,SGK,TIN6-B02,Bài 2. Xử lý thông tin,"Mục 2, Trang 10 SGK",10,print_page_from_hnmu_position,,shared/learning_resources/compiled_documents/sgk_tin_hoc_6.pdf,Lớp 6.xlsx,source_evidence_hnmu_position,needs_hnmu_review,2,"Vị trí lấy từ cột Vị trí trong dữ liệu HNMU; chưa map chắc từ trang in sang image page, nên để trống source_image_path."
POS-TIN6-0020,6,LM-SGK-TIN6-0001,SGK,TIN6-B02,Bài 2. Xử lý thông tin,"Mục 2, Trang 11 SGK",11,print_page_from_hnmu_position,,shared/learning_resources/compiled_documents/sgk_tin_hoc_6.pdf,Lớp 6.xlsx,source_evidence_hnmu_position,needs_hnmu_review,1,"Vị trí lấy từ cột Vị trí trong dữ liệu HNMU; chưa map chắc từ trang in sang image page, nên để trống source_image_path."
POS-TIN6-0021,6,LM-SGK-TIN6-0001,SGK,TIN6-B02,Bài 2. Xử lý thông tin,"Vận dụng 1, Trang 11 SGK",11,print_page_from_hnmu_position,,shared/learning_resources/compiled_documents/sgk_tin_hoc_6.pdf,Lớp 6.xlsx,source_evidence_hnmu_position,needs_hnmu_review,1,"Vị trí lấy từ cột Vị trí trong dữ liệu HNMU; chưa map chắc từ trang in sang image page, nên để trống source_image_path."
POS-TIN6-0022,6,LM-SGK-TIN6-0001,SGK_or_unspecified,TIN6-B02,Bài 2. Xử lý thông tin,Vận dụng thực tế,,hnmu_position_no_print_page,,shared/learning_resources/compiled_documents/sgk_tin_hoc_6.pdf,Lớp 6.xlsx,source_evidence_hnmu_position,needs_hnmu_review,1,"Vị trí lấy từ cột Vị trí trong dữ liệu HNMU; chưa map chắc từ trang in sang image page, nên để trống source_image_path."
POS-TIN6-0023,6,LM-SGK-TIN6-0001,SGK,TIN6-B03,Bài 3. Thông tin trong máy tính,Hoạt đông 1. Trang 12 SGK,12,print_page_from_hnmu_position,,shared/learning_resources/compiled_documents/sgk_tin_hoc_6.pdf,Lớp 6.xlsx,source_evidence_hnmu_position,needs_hnmu_review,1,"Vị trí lấy từ cột Vị trí trong dữ liệu HNMU; chưa map chắc từ trang in sang image page, nên để trống source_image_path."
POS-TIN6-0024,6,LM-SGK-TIN6-0001,SGK,TIN6-B03,Bài 3. Thông tin trong máy tính,"Hoạt động 1, Ttrang 12 SGK",,hnmu_position_no_print_page,,shared/learning_resources/compiled_documents/sgk_tin_hoc_6.pdf,Lớp 6.xlsx,source_evidence_hnmu_position,needs_hnmu_review,1,"Vị trí lấy từ cột Vị trí trong dữ liệu HNMU; chưa map chắc từ trang in sang image page, nên để trống source_image_path."
POS-TIN6-0025,6,LM-SGK-TIN6-0001,SGK,TIN6-B03,Bài 3. Thông tin trong máy tính,"Luyện tập 1, Trang 15 SGK",15,print_page_from_hnmu_position,,shared/learning_resources/compiled_documents/sgk_tin_hoc_6.pdf,Lớp 6.xlsx,source_evidence_hnmu_position,needs_hnmu_review,1,"Vị trí lấy từ cột Vị trí trong dữ liệu HNMU; chưa map chắc từ trang in sang image page, nên để trống source_image_path."
POS-TIN6-0026,6,LM-SGK-TIN6-0001,SGK,TIN6-B03,Bài 3. Thông tin trong máy tính,"Luyện tập 2, Trang 15 SGK",15,print_page_from_hnmu_position,,shared/learning_resources/compiled_documents/sgk_tin_hoc_6.pdf,Lớp 6.xlsx,source_evidence_hnmu_position,needs_hnmu_review,1,"Vị trí lấy từ cột Vị trí trong dữ liệu HNMU; chưa map chắc từ trang in sang image page, nên để trống source_image_path."
POS-TIN6-0027,6,LM-SGK-TIN6-0001,SGK,TIN6-B03,Bài 3. Thông tin trong máy tính,"Mục 1, Trang 13 SGK",13,print_page_from_hnmu_position,,shared/learning_resources/compiled_documents/sgk_tin_hoc_6.pdf,Lớp 6.xlsx,source_evidence_hnmu_position,needs_hnmu_review,1,"Vị trí lấy từ cột Vị trí trong dữ liệu HNMU; chưa map chắc từ trang in sang image page, nên để trống source_image_path."
POS-TIN6-0028,6,LM-SGK-TIN6-0001,SGK,TIN6-B03,Bài 3. Thông tin trong máy tính,"Mục 1, Trang 14 SGK",14,print_page_from_hnmu_position,,shared/learning_resources/compiled_documents/sgk_tin_hoc_6.pdf,Lớp 6.xlsx,source_evidence_hnmu_position,needs_hnmu_review,2,"Vị trí lấy từ cột Vị trí trong dữ liệu HNMU; chưa map chắc từ trang in sang image page, nên để trống source_image_path."
POS-TIN6-0029,6,LM-SGK-TIN6-0001,SGK,TIN6-B03,Bài 3. Thông tin trong máy tính,"Mục 1, trang 12 SGK",12,print_page_from_hnmu_position,,shared/learning_resources/compiled_documents/sgk_tin_hoc_6.pdf,Lớp 6.xlsx,source_evidence_hnmu_position,needs_hnmu_review,1,"Vị trí lấy từ cột Vị trí trong dữ liệu HNMU; chưa map chắc từ trang in sang image page, nên để trống source_image_path."
POS-TIN6-0030,6,LM-SGK-TIN6-0001,SGK,TIN6-B03,Bài 3. Thông tin trong máy tính,Mục 1. Trang 14 SGK,14,print_page_from_hnmu_position,,shared/learning_resources/compiled_documents/sgk_tin_hoc_6.pdf,Lớp 6.xlsx,source_evidence_hnmu_position,needs_hnmu_review,1,"Vị trí lấy từ cột Vị trí trong dữ liệu HNMU; chưa map chắc từ trang in sang image page, nên để trống source_image_path."
POS-TIN6-0031,6,LM-SGK-TIN6-0001,SGK,TIN6-B03,Bài 3. Thông tin trong máy tính,"Mục 2, Trang 14 SGK",14,print_page_from_hnmu_position,,shared/learning_resources/compiled_documents/sgk_tin_hoc_6.pdf,Lớp 6.xlsx,source_evidence_hnmu_position,needs_hnmu_review,1,"Vị trí lấy từ cột Vị trí trong dữ liệu HNMU; chưa map chắc từ trang in sang image page, nên để trống source_image_path."
POS-TIN6-0032,6,LM-SGK-TIN6-0001,SGK,TIN6-B03,Bài 3. Thông tin trong máy tính,Mục 2. Trang 12 SGK,12,print_page_from_hnmu_position,,shared/learning_resources/compiled_documents/sgk_tin_hoc_6.pdf,Lớp 6.xlsx,source_evidence_hnmu_position,needs_hnmu_review,1,"Vị trí lấy từ cột Vị trí trong dữ liệu HNMU; chưa map chắc từ trang in sang image page, nên để trống source_image_path."
POS-TIN6-0033,6,LM-SGK-TIN6-0001,SGK,TIN6-B03,Bài 3. Thông tin trong máy tính,Mục 2. Trang 15 SGK,15,print_page_from_hnmu_position,,shared/learning_resources/compiled_documents/sgk_tin_hoc_6.pdf,Lớp 6.xlsx,source_evidence_hnmu_position,needs_hnmu_review,1,"Vị trí lấy từ cột Vị trí trong dữ liệu HNMU; chưa map chắc từ trang in sang image page, nên để trống source_image_path."
POS-TIN6-0034,6,LM-SGK-TIN6-0001,SGK,TIN6-B03,Bài 3. Thông tin trong máy tính,"Vận dụng 1, Trang 15 SGK",15,print_page_from_hnmu_position,,shared/learning_resources/compiled_documents/sgk_tin_hoc_6.pdf,Lớp 6.xlsx,source_evidence_hnmu_position,needs_hnmu_review,1,"Vị trí lấy từ cột Vị trí trong dữ liệu HNMU; chưa map chắc từ trang in sang image page, nên để trống source_image_path."
POS-TIN6-0035,6,LM-SGK-TIN6-0001,SGK,TIN6-B03,Bài 3. Thông tin trong máy tính,"Vận dụng 2, Trang 15 SGK",15,print_page_from_hnmu_position,,shared/learning_resources/compiled_documents/sgk_tin_hoc_6.pdf,Lớp 6.xlsx,source_evidence_hnmu_position,needs_hnmu_review,1,"Vị trí lấy từ cột Vị trí trong dữ liệu HNMU; chưa map chắc từ trang in sang image page, nên để trống source_image_path."
POS-TIN6-0036,6,LM-SGK-TIN6-0001,SGK,TIN6-B04,Bài 4. Mạng máy tính,"Hoạt động 1, Trang 16 SGK",16,print_page_from_hnmu_position,,shared/learning_resources/compiled_documents/sgk_tin_hoc_6.pdf,Lớp 6.xlsx,source_evidence_hnmu_position,needs_hnmu_review,1,"Vị trí lấy từ cột Vị trí trong dữ liệu HNMU; chưa map chắc từ trang in sang image page, nên để trống source_image_path."
POS-TIN6-0037,6,LM-SGK-TIN6-0001,SGK,TIN6-B04,Bài 4. Mạng máy tính,"Mục 1, Trang 17 SGK",17,print_page_from_hnmu_position,,shared/learning_resources/compiled_documents/sgk_tin_hoc_6.pdf,Lớp 6.xlsx,source_evidence_hnmu_position,needs_hnmu_review,1,"Vị trí lấy từ cột Vị trí trong dữ liệu HNMU; chưa map chắc từ trang in sang image page, nên để trống source_image_path."
POS-TIN6-0038,6,LM-SGK-TIN6-0001,SGK,TIN6-B04,Bài 4. Mạng máy tính,Mục 1. Trang 17 SGK,17,print_page_from_hnmu_position,,shared/learning_resources/compiled_documents/sgk_tin_hoc_6.pdf,Lớp 6.xlsx,source_evidence_hnmu_position,needs_hnmu_review,1,"Vị trí lấy từ cột Vị trí trong dữ liệu HNMU; chưa map chắc từ trang in sang image page, nên để trống source_image_path."
POS-TIN6-0039,6,LM-SGK-TIN6-0001,SGK,TIN6-B04,Bài 4. Mạng máy tính,"Mục 2, Trang 18 SGK",18,print_page_from_hnmu_position,,shared/learning_resources/compiled_documents/sgk_tin_hoc_6.pdf,Lớp 6.xlsx,source_evidence_hnmu_position,needs_hnmu_review,5,"Vị trí lấy từ cột Vị trí trong dữ liệu HNMU; chưa map chắc từ trang in sang image page, nên để trống source_image_path."
POS-TIN6-0040,6,LM-SGK-TIN6-0001,SGK,TIN6-B04,Bài 4. Mạng máy tính,"Mục 2, Trang 19 SGK",19,print_page_from_hnmu_position,,shared/learning_resources/compiled_documents/sgk_tin_hoc_6.pdf,Lớp 6.xlsx,source_evidence_hnmu_position,needs_hnmu_review,2,"Vị trí lấy từ cột Vị trí trong dữ liệu HNMU; chưa map chắc từ trang in sang image page, nên để trống source_image_path."
POS-TIN6-0041,6,LM-SGK-TIN6-0001,SGK,TIN6-B04,Bài 4. Mạng máy tính,"Mục 2.b, Trang 18 SGK",18,print_page_from_hnmu_position,,shared/learning_resources/compiled_documents/sgk_tin_hoc_6.pdf,Lớp 6.xlsx,source_evidence_hnmu_position,needs_hnmu_review,1,"Vị trí lấy từ cột Vị trí trong dữ liệu HNMU; chưa map chắc từ trang in sang image page, nên để trống source_image_path."
POS-TIN6-0042,6,LM-SGK-TIN6-0001,SGK,TIN6-B04,Bài 4. Mạng máy tính,"Mục 2.c, Trang 18 SGK",18,print_page_from_hnmu_position,,shared/learning_resources/compiled_documents/sgk_tin_hoc_6.pdf,Lớp 6.xlsx,source_evidence_hnmu_position,needs_hnmu_review,1,"Vị trí lấy từ cột Vị trí trong dữ liệu HNMU; chưa map chắc từ trang in sang image page, nên để trống source_image_path."
POS-TIN6-0043,6,LM-SGK-TIN6-0001,SGK,TIN6-B04,Bài 4. Mạng máy tính,"Vận dụng 2, Trang 19 SGK",19,print_page_from_hnmu_position,,shared/learning_resources/compiled_documents/sgk_tin_hoc_6.pdf,Lớp 6.xlsx,source_evidence_hnmu_position,needs_hnmu_review,1,"Vị trí lấy từ cột Vị trí trong dữ liệu HNMU; chưa map chắc từ trang in sang image page, nên để trống source_image_path."
POS-TIN6-0044,6,LM-SGK-TIN6-0001,SGK_or_unspecified,TIN6-B04,Bài 4. Mạng máy tính,Vận dụng thực tế,,hnmu_position_no_print_page,,shared/learning_resources/compiled_documents/sgk_tin_hoc_6.pdf,Lớp 6.xlsx,source_evidence_hnmu_position,needs_hnmu_review,1,"Vị trí lấy từ cột Vị trí trong dữ liệu HNMU; chưa map chắc từ trang in sang image page, nên để trống source_image_path."
POS-TIN6-0045,6,LM-SGK-TIN6-0001,SGK,TIN6-B05,Bài 5. Internet,"Luyện tập 1, Trang 22 SGK",22,print_page_from_hnmu_position,,shared/learning_resources/compiled_documents/sgk_tin_hoc_6.pdf,Lớp 6.xlsx,source_evidence_hnmu_position,needs_hnmu_review,1,"Vị trí lấy từ cột Vị trí trong dữ liệu HNMU; chưa map chắc từ trang in sang image page, nên để trống source_image_path."
POS-TIN6-0046,6,LM-SGK-TIN6-0001,SGK,TIN6-B05,Bài 5. Internet,"Luyện tập 2, Trang 22 SGK",22,print_page_from_hnmu_position,,shared/learning_resources/compiled_documents/sgk_tin_hoc_6.pdf,Lớp 6.xlsx,source_evidence_hnmu_position,needs_hnmu_review,1,"Vị trí lấy từ cột Vị trí trong dữ liệu HNMU; chưa map chắc từ trang in sang image page, nên để trống source_image_path."
POS-TIN6-0047,6,LM-SGK-TIN6-0001,SGK,TIN6-B05,Bài 5. Internet,"Mục 1, Trang 20 SGK",20,print_page_from_hnmu_position,,shared/learning_resources/compiled_documents/sgk_tin_hoc_6.pdf,Lớp 6.xlsx,source_evidence_hnmu_position,needs_hnmu_review,3,"Vị trí lấy từ cột Vị trí trong dữ liệu HNMU; chưa map chắc từ trang in sang image page, nên để trống source_image_path."
POS-TIN6-0048,6,LM-SGK-TIN6-0001,SGK,TIN6-B05,Bài 5. Internet,"Mục 1, Trang 23 SGK",23,print_page_from_hnmu_position,,shared/learning_resources/compiled_documents/sgk_tin_hoc_6.pdf,Lớp 6.xlsx,source_evidence_hnmu_position,needs_hnmu_review,1,"Vị trí lấy từ cột Vị trí trong dữ liệu HNMU; chưa map chắc từ trang in sang image page, nên để trống source_image_path."
POS-TIN6-0049,6,LM-SGK-TIN6-0001,SGK,TIN6-B05,Bài 5. Internet,"Mục 2, Trang 21 SGK",21,print_page_from_hnmu_position,,shared/learning_resources/compiled_documents/sgk_tin_hoc_6.pdf,Lớp 6.xlsx,source_evidence_hnmu_position,needs_hnmu_review,1,"Vị trí lấy từ cột Vị trí trong dữ liệu HNMU; chưa map chắc từ trang in sang image page, nên để trống source_image_path."
POS-TIN6-0050,6,LM-SGK-TIN6-0001,SGK,TIN6-B05,Bài 5. Internet,"Mục 3, Trang 22 SGK",22,print_page_from_hnmu_position,,shared/learning_resources/compiled_documents/sgk_tin_hoc_6.pdf,Lớp 6.xlsx,source_evidence_hnmu_position,needs_hnmu_review,1,"Vị trí lấy từ cột Vị trí trong dữ liệu HNMU; chưa map chắc từ trang in sang image page, nên để trống source_image_path."
POS-TIN6-0051,6,LM-SGK-TIN6-0001,SGK,TIN6-B05,Bài 5. Internet,"Vận dụng 1, Trang 22 SGK",22,print_page_from_hnmu_position,,shared/learning_resources/compiled_documents/sgk_tin_hoc_6.pdf,Lớp 6.xlsx,source_evidence_hnmu_position,needs_hnmu_review,1,"Vị trí lấy từ cột Vị trí trong dữ liệu HNMU; chưa map chắc từ trang in sang image page, nên để trống source_image_path."
POS-TIN6-0052,6,LM-SGK-TIN6-0001,SGK_or_unspecified,TIN6-B05,Bài 5. Internet,Dự án học tập,,hnmu_position_no_print_page,,shared/learning_resources/compiled_documents/sgk_tin_hoc_6.pdf,Lớp 6.xlsx,source_evidence_hnmu_position,needs_hnmu_review,1,"Vị trí lấy từ cột Vị trí trong dữ liệu HNMU; chưa map chắc từ trang in sang image page, nên để trống source_image_path."
POS-TIN6-0053,6,LM-SGK-TIN6-0001,SGK_or_unspecified,TIN6-B05,Bài 5. Internet,Hoạt động vận dụng,,hnmu_position_no_print_page,,shared/learning_resources/compiled_documents/sgk_tin_hoc_6.pdf,Lớp 6.xlsx,source_evidence_hnmu_position,needs_hnmu_review,1,"Vị trí lấy từ cột Vị trí trong dữ liệu HNMU; chưa map chắc từ trang in sang image page, nên để trống source_image_path."
POS-TIN6-0054,6,LM-SGK-TIN6-0001,SGK_or_unspecified,TIN6-B05,Bài 5. Internet,Tình huống ứng dụng,,hnmu_position_no_print_page,,shared/learning_resources/compiled_documents/sgk_tin_hoc_6.pdf,Lớp 6.xlsx,source_evidence_hnmu_position,needs_hnmu_review,1,"Vị trí lấy từ cột Vị trí trong dữ liệu HNMU; chưa map chắc từ trang in sang image page, nên để trống source_image_path."
POS-TIN6-0055,6,LM-SGK-TIN6-0001,SGK_or_unspecified,TIN6-B05,Bài 5. Internet,Vận dụng thực tế,,hnmu_position_no_print_page,,shared/learning_resources/compiled_documents/sgk_tin_hoc_6.pdf,Lớp 6.xlsx,source_evidence_hnmu_position,needs_hnmu_review,1,"Vị trí lấy từ cột Vị trí trong dữ liệu HNMU; chưa map chắc từ trang in sang image page, nên để trống source_image_path."
POS-TIN6-0056,6,LM-SGV-TIN6-4918798731,SGV,TIN6-B05,Bài 5. Internet,"Kiến thức bổ sung, Trang 39 SGV",39,print_page_from_hnmu_position,,shared/learning_resources/compiled_documents/sgv_tin_hoc_6.pdf,Lớp 6.xlsx,source_evidence_hnmu_position,needs_hnmu_review,1,"Vị trí lấy từ cột Vị trí trong dữ liệu HNMU; chưa map chắc từ trang in sang image page, nên để trống source_image_path."
POS-TIN6-0057,6,LM-SGK-TIN6-0001,SGK_or_unspecified,TIN6-B06,Bài 6. Mạng thông tin toàn cầu,Câu hỏi (Tr. 28),28,print_page_from_hnmu_position,,shared/learning_resources/compiled_documents/sgk_tin_hoc_6.pdf,Lớp 6.xlsx,source_evidence_hnmu_position,needs_hnmu_review,1,"Vị trí lấy từ cột Vị trí trong dữ liệu HNMU; chưa map chắc từ trang in sang image page, nên để trống source_image_path."
POS-TIN6-0058,6,LM-SGK-TIN6-0001,SGK_or_unspecified,TIN6-B06,Bài 6. Mạng thông tin toàn cầu,Hoạt động 1 (Tr. 27),27,print_page_from_hnmu_position,,shared/learning_resources/compiled_documents/sgk_tin_hoc_6.pdf,Lớp 6.xlsx,source_evidence_hnmu_position,needs_hnmu_review,1,"Vị trí lấy từ cột Vị trí trong dữ liệu HNMU; chưa map chắc từ trang in sang image page, nên để trống source_image_path."
POS-TIN6-0059,6,LM-SGK-TIN6-0001,SGK_or_unspecified,TIN6-B06,Bài 6. Mạng thông tin toàn cầu,Hình 3.1 (Tr. 27),27,print_page_from_hnmu_position,,shared/learning_resources/compiled_documents/sgk_tin_hoc_6.pdf,Lớp 6.xlsx,source_evidence_hnmu_position,needs_hnmu_review,1,"Vị trí lấy từ cột Vị trí trong dữ liệu HNMU; chưa map chắc từ trang in sang image page, nên để trống source_image_path."
POS-TIN6-0060,6,LM-SGK-TIN6-0001,SGK_or_unspecified,TIN6-B06,Bài 6. Mạng thông tin toàn cầu,Luyện tập 1 (Tr. 31),31,print_page_from_hnmu_position,,shared/learning_resources/compiled_documents/sgk_tin_hoc_6.pdf,Lớp 6.xlsx,source_evidence_hnmu_position,needs_hnmu_review,1,"Vị trí lấy từ cột Vị trí trong dữ liệu HNMU; chưa map chắc từ trang in sang image page, nên để trống source_image_path."
POS-TIN6-0061,6,LM-SGK-TIN6-0001,SGK_or_unspecified,TIN6-B06,Bài 6. Mạng thông tin toàn cầu,Mục 1. Kiến thức mới (Tr. 27),27,print_page_from_hnmu_position,,shared/learning_resources/compiled_documents/sgk_tin_hoc_6.pdf,Lớp 6.xlsx,source_evidence_hnmu_position,needs_hnmu_review,4,"Vị trí lấy từ cột Vị trí trong dữ liệu HNMU; chưa map chắc từ trang in sang image page, nên để trống source_image_path."
POS-TIN6-0062,6,LM-SGK-TIN6-0001,SGK_or_unspecified,TIN6-B06,Bài 6. Mạng thông tin toàn cầu,Mục 2. Kiến thức mới (Tr. 28),28,print_page_from_hnmu_position,,shared/learning_resources/compiled_documents/sgk_tin_hoc_6.pdf,Lớp 6.xlsx,source_evidence_hnmu_position,needs_hnmu_review,1,"Vị trí lấy từ cột Vị trí trong dữ liệu HNMU; chưa map chắc từ trang in sang image page, nên để trống source_image_path."
POS-TIN6-0063,6,LM-SGK-TIN6-0001,SGK_or_unspecified,TIN6-B06,Bài 6. Mạng thông tin toàn cầu,Thực hành (Tr. 29),29,print_page_from_hnmu_position,,shared/learning_resources/compiled_documents/sgk_tin_hoc_6.pdf,Lớp 6.xlsx,source_evidence_hnmu_position,needs_hnmu_review,1,"Vị trí lấy từ cột Vị trí trong dữ liệu HNMU; chưa map chắc từ trang in sang image page, nên để trống source_image_path."
POS-TIN6-0064,6,LM-SGK-TIN6-0001,SGK_or_unspecified,TIN6-B06,Bài 6. Mạng thông tin toàn cầu,Vận dụng 1 (Tr. 31),31,print_page_from_hnmu_position,,shared/learning_resources/compiled_documents/sgk_tin_hoc_6.pdf,Lớp 6.xlsx,source_evidence_hnmu_position,needs_hnmu_review,1,"Vị trí lấy từ cột Vị trí trong dữ liệu HNMU; chưa map chắc từ trang in sang image page, nên để trống source_image_path."
POS-TIN6-0065,6,LM-SGK-TIN6-0001,SGK_or_unspecified,TIN6-B06,Bài 6. Mạng thông tin toàn cầu,Vận dụng 2 (Tr. 31),31,print_page_from_hnmu_position,,shared/learning_resources/compiled_documents/sgk_tin_hoc_6.pdf,Lớp 6.xlsx,source_evidence_hnmu_position,needs_hnmu_review,1,"Vị trí lấy từ cột Vị trí trong dữ liệu HNMU; chưa map chắc từ trang in sang image page, nên để trống source_image_path."
POS-TIN6-0066,6,LM-SGV-TIN6-4918798731,SGV,TIN6-B06,Bài 6. Mạng thông tin toàn cầu,Kiểm tra (SGV Tr. 47),47,print_page_from_hnmu_position,,shared/learning_resources/compiled_documents/sgv_tin_hoc_6.pdf,Lớp 6.xlsx,source_evidence_hnmu_position,needs_hnmu_review,1,"Vị trí lấy từ cột Vị trí trong dữ liệu HNMU; chưa map chắc từ trang in sang image page, nên để trống source_image_path."
POS-TIN6-0067,6,LM-SGV-TIN6-4918798731,SGV,TIN6-B06,Bài 6. Mạng thông tin toàn cầu,Vận dụng 3 (SGV Tr. 47),47,print_page_from_hnmu_position,,shared/learning_resources/compiled_documents/sgv_tin_hoc_6.pdf,Lớp 6.xlsx,source_evidence_hnmu_position,needs_hnmu_review,1,"Vị trí lấy từ cột Vị trí trong dữ liệu HNMU; chưa map chắc từ trang in sang image page, nên để trống source_image_path."
POS-TIN6-0068,6,LM-SGK-TIN6-0001,SGK_or_unspecified,TIN6-B07,Bài 7. Tìm kiếm thông tin trên Internet,Bảng giải thích thuật ngữ (Tr. 83),83,print_page_from_hnmu_position,,shared/learning_resources/compiled_documents/sgk_tin_hoc_6.pdf,Lớp 6.xlsx,source_evidence_hnmu_position,needs_hnmu_review,1,"Vị trí lấy từ cột Vị trí trong dữ liệu HNMU; chưa map chắc từ trang in sang image page, nên để trống source_image_path."
POS-TIN6-0069,6,LM-SGK-TIN6-0001,SGK_or_unspecified,TIN6-B07,Bài 7. Tìm kiếm thông tin trên Internet,Hoạt động 1 (Tr. 32),32,print_page_from_hnmu_position,,shared/learning_resources/compiled_documents/sgk_tin_hoc_6.pdf,Lớp 6.xlsx,source_evidence_hnmu_position,needs_hnmu_review,1,"Vị trí lấy từ cột Vị trí trong dữ liệu HNMU; chưa map chắc từ trang in sang image page, nên để trống source_image_path."
POS-TIN6-0070,6,LM-SGK-TIN6-0001,SGK_or_unspecified,TIN6-B07,Bài 7. Tìm kiếm thông tin trên Internet,Hình 7.1 (Tr. 33),33,print_page_from_hnmu_position,,shared/learning_resources/compiled_documents/sgk_tin_hoc_6.pdf,Lớp 6.xlsx,source_evidence_hnmu_position,needs_hnmu_review,1,"Vị trí lấy từ cột Vị trí trong dữ liệu HNMU; chưa map chắc từ trang in sang image page, nên để trống source_image_path."
POS-TIN6-0071,6,LM-SGK-TIN6-0001,SGK_or_unspecified,TIN6-B07,Bài 7. Tìm kiếm thông tin trên Internet,Luyện tập 1 (Tr. 35),35,print_page_from_hnmu_position,,shared/learning_resources/compiled_documents/sgk_tin_hoc_6.pdf,Lớp 6.xlsx,source_evidence_hnmu_position,needs_hnmu_review,1,"Vị trí lấy từ cột Vị trí trong dữ liệu HNMU; chưa map chắc từ trang in sang image page, nên để trống source_image_path."
POS-TIN6-0072,6,LM-SGK-TIN6-0001,SGK_or_unspecified,TIN6-B07,Bài 7. Tìm kiếm thông tin trên Internet,Mục 1. Lưu ý (Tr. 32),32,print_page_from_hnmu_position,,shared/learning_resources/compiled_documents/sgk_tin_hoc_6.pdf,Lớp 6.xlsx,source_evidence_hnmu_position,needs_hnmu_review,1,"Vị trí lấy từ cột Vị trí trong dữ liệu HNMU; chưa map chắc từ trang in sang image page, nên để trống source_image_path."
POS-TIN6-0073,6,LM-SGK-TIN6-0001,SGK_or_unspecified,TIN6-B07,Bài 7. Tìm kiếm thông tin trên Internet,Mục 1. Máy tìm kiếm (Tr. 32),32,print_page_from_hnmu_position,,shared/learning_resources/compiled_documents/sgk_tin_hoc_6.pdf,Lớp 6.xlsx,source_evidence_hnmu_position,needs_hnmu_review,3,"Vị trí lấy từ cột Vị trí trong dữ liệu HNMU; chưa map chắc từ trang in sang image page, nên để trống source_image_path."
POS-TIN6-0074,6,LM-SGK-TIN6-0001,SGK_or_unspecified,TIN6-B07,Bài 7. Tìm kiếm thông tin trên Internet,Mục 2. Các bước tìm kiếm (Tr. 33),33,print_page_from_hnmu_position,,shared/learning_resources/compiled_documents/sgk_tin_hoc_6.pdf,Lớp 6.xlsx,source_evidence_hnmu_position,needs_hnmu_review,1,"Vị trí lấy từ cột Vị trí trong dữ liệu HNMU; chưa map chắc từ trang in sang image page, nên để trống source_image_path."
POS-TIN6-0075,6,LM-SGK-TIN6-0001,SGK_or_unspecified,TIN6-B07,Bài 7. Tìm kiếm thông tin trên Internet,Vận dụng 1 (Tr. 35),35,print_page_from_hnmu_position,,shared/learning_resources/compiled_documents/sgk_tin_hoc_6.pdf,Lớp 6.xlsx,source_evidence_hnmu_position,needs_hnmu_review,1,"Vị trí lấy từ cột Vị trí trong dữ liệu HNMU; chưa map chắc từ trang in sang image page, nên để trống source_image_path."
POS-TIN6-0076,6,LM-SGK-TIN6-0001,SGK_or_unspecified,TIN6-B07,Bài 7. Tìm kiếm thông tin trên Internet,Vận dụng 2 (Tr. 35),35,print_page_from_hnmu_position,,shared/learning_resources/compiled_documents/sgk_tin_hoc_6.pdf,Lớp 6.xlsx,source_evidence_hnmu_position,needs_hnmu_review,1,"Vị trí lấy từ cột Vị trí trong dữ liệu HNMU; chưa map chắc từ trang in sang image page, nên để trống source_image_path."
POS-TIN6-0077,6,LM-SGV-TIN6-4918798731,SGV,TIN6-B07,Bài 7. Tìm kiếm thông tin trên Internet,Câu hỏi (SGV Tr. 47),47,print_page_from_hnmu_position,,shared/learning_resources/compiled_documents/sgv_tin_hoc_6.pdf,Lớp 6.xlsx,source_evidence_hnmu_position,needs_hnmu_review,1,"Vị trí lấy từ cột Vị trí trong dữ liệu HNMU; chưa map chắc từ trang in sang image page, nên để trống source_image_path."
POS-TIN6-0078,6,LM-SGV-TIN6-4918798731,SGV,TIN6-B07,Bài 7. Tìm kiếm thông tin trên Internet,Mục 2. Lưu ý (SGV Tr. 47),47,print_page_from_hnmu_position,,shared/learning_resources/compiled_documents/sgv_tin_hoc_6.pdf,Lớp 6.xlsx,source_evidence_hnmu_position,needs_hnmu_review,1,"Vị trí lấy từ cột Vị trí trong dữ liệu HNMU; chưa map chắc từ trang in sang image page, nên để trống source_image_path."
POS-TIN6-0079,6,LM-SGV-TIN6-4918798731,SGV,TIN6-B07,Bài 7. Tìm kiếm thông tin trên Internet,Vận dụng 3 (SGV Tr. 47),47,print_page_from_hnmu_position,,shared/learning_resources/compiled_documents/sgv_tin_hoc_6.pdf,Lớp 6.xlsx,source_evidence_hnmu_position,needs_hnmu_review,1,"Vị trí lấy từ cột Vị trí trong dữ liệu HNMU; chưa map chắc từ trang in sang image page, nên để trống source_image_path."
POS-TIN6-0080,6,LM-SGK-TIN6-0001,SGK_or_unspecified,TIN6-B08,Bài 8. Thư điện tử,Câu hỏi (Tr. 37),37,print_page_from_hnmu_position,,shared/learning_resources/compiled_documents/sgk_tin_hoc_6.pdf,Lớp 6.xlsx,source_evidence_hnmu_position,needs_hnmu_review,1,"Vị trí lấy từ cột Vị trí trong dữ liệu HNMU; chưa map chắc từ trang in sang image page, nên để trống source_image_path."
POS-TIN6-0081,6,LM-SGK-TIN6-0001,SGK_or_unspecified,TIN6-B08,Bài 8. Thư điện tử,Hoạt động 1 (Tr. 36),36,print_page_from_hnmu_position,,shared/learning_resources/compiled_documents/sgk_tin_hoc_6.pdf,Lớp 6.xlsx,source_evidence_hnmu_position,needs_hnmu_review,1,"Vị trí lấy từ cột Vị trí trong dữ liệu HNMU; chưa map chắc từ trang in sang image page, nên để trống source_image_path."
POS-TIN6-0082,6,LM-SGK-TIN6-0001,SGK_or_unspecified,TIN6-B08,Bài 8. Thư điện tử,Hoạt động 2 (Tr. 37),37,print_page_from_hnmu_position,,shared/learning_resources/compiled_documents/sgk_tin_hoc_6.pdf,Lớp 6.xlsx,source_evidence_hnmu_position,needs_hnmu_review,1,"Vị trí lấy từ cột Vị trí trong dữ liệu HNMU; chưa map chắc từ trang in sang image page, nên để trống source_image_path."
POS-TIN6-0083,6,LM-SGK-TIN6-0001,SGK_or_unspecified,TIN6-B08,Bài 8. Thư điện tử,Hình 3.11 (Tr. 37),37,print_page_from_hnmu_position,,shared/learning_resources/compiled_documents/sgk_tin_hoc_6.pdf,Lớp 6.xlsx,source_evidence_hnmu_position,needs_hnmu_review,1,"Vị trí lấy từ cột Vị trí trong dữ liệu HNMU; chưa map chắc từ trang in sang image page, nên để trống source_image_path."
POS-TIN6-0084,6,LM-SGK-TIN6-0001,SGK_or_unspecified,TIN6-B08,Bài 8. Thư điện tử,Hình 3.12 (Tr. 38),38,print_page_from_hnmu_position,,shared/learning_resources/compiled_documents/sgk_tin_hoc_6.pdf,Lớp 6.xlsx,source_evidence_hnmu_position,needs_hnmu_review,1,"Vị trí lấy từ cột Vị trí trong dữ liệu HNMU; chưa map chắc từ trang in sang image page, nên để trống source_image_path."
POS-TIN6-0085,6,LM-SGK-TIN6-0001,SGK_or_unspecified,TIN6-B08,Bài 8. Thư điện tử,Luyện tập 1 (Tr. 40),40,print_page_from_hnmu_position,,shared/learning_resources/compiled_documents/sgk_tin_hoc_6.pdf,Lớp 6.xlsx,source_evidence_hnmu_position,needs_hnmu_review,1,"Vị trí lấy từ cột Vị trí trong dữ liệu HNMU; chưa map chắc từ trang in sang image page, nên để trống source_image_path."
POS-TIN6-0086,6,LM-SGK-TIN6-0001,SGK_or_unspecified,TIN6-B08,Bài 8. Thư điện tử,Mục 1. Kiến thức mới (Tr. 36),36,print_page_from_hnmu_position,,shared/learning_resources/compiled_documents/sgk_tin_hoc_6.pdf,Lớp 6.xlsx,source_evidence_hnmu_position,needs_hnmu_review,2,"Vị trí lấy từ cột Vị trí trong dữ liệu HNMU; chưa map chắc từ trang in sang image page, nên để trống source_image_path."
POS-TIN6-0087,6,LM-SGK-TIN6-0001,SGK_or_unspecified,TIN6-B08,Bài 8. Thư điện tử,Mục 2. Thư điện tử (Tr. 38),38,print_page_from_hnmu_position,,shared/learning_resources/compiled_documents/sgk_tin_hoc_6.pdf,Lớp 6.xlsx,source_evidence_hnmu_position,needs_hnmu_review,1,"Vị trí lấy từ cột Vị trí trong dữ liệu HNMU; chưa map chắc từ trang in sang image page, nên để trống source_image_path."
POS-TIN6-0088,6,LM-SGK-TIN6-0001,SGK_or_unspecified,TIN6-B08,Bài 8. Thư điện tử,Thực hành (Tr. 39),39,print_page_from_hnmu_position,,shared/learning_resources/compiled_documents/sgk_tin_hoc_6.pdf,Lớp 6.xlsx,source_evidence_hnmu_position,needs_hnmu_review,1,"Vị trí lấy từ cột Vị trí trong dữ liệu HNMU; chưa map chắc từ trang in sang image page, nên để trống source_image_path."
POS-TIN6-0089,6,LM-SGK-TIN6-0001,SGK_or_unspecified,TIN6-B08,Bài 8. Thư điện tử,Vận dụng 1 (Tr. 40),40,print_page_from_hnmu_position,,shared/learning_resources/compiled_documents/sgk_tin_hoc_6.pdf,Lớp 6.xlsx,source_evidence_hnmu_position,needs_hnmu_review,1,"Vị trí lấy từ cột Vị trí trong dữ liệu HNMU; chưa map chắc từ trang in sang image page, nên để trống source_image_path."
POS-TIN6-0090,6,LM-SGK-TIN6-0001,SGK_or_unspecified,TIN6-B08,Bài 8. Thư điện tử,Vận dụng 2 (Tr. 40),40,print_page_from_hnmu_position,,shared/learning_resources/compiled_documents/sgk_tin_hoc_6.pdf,Lớp 6.xlsx,source_evidence_hnmu_position,needs_hnmu_review,1,"Vị trí lấy từ cột Vị trí trong dữ liệu HNMU; chưa map chắc từ trang in sang image page, nên để trống source_image_path."
POS-TIN6-0091,6,LM-SGV-TIN6-4918798731,SGV,TIN6-B08,Bài 8. Thư điện tử,Câu hỏi (SGV Tr. 60),60,print_page_from_hnmu_position,,shared/learning_resources/compiled_documents/sgv_tin_hoc_6.pdf,Lớp 6.xlsx,source_evidence_hnmu_position,needs_hnmu_review,1,"Vị trí lấy từ cột Vị trí trong dữ liệu HNMU; chưa map chắc từ trang in sang image page, nên để trống source_image_path."
POS-TIN6-0092,6,LM-SGV-TIN6-4918798731,SGV,TIN6-B08,Bài 8. Thư điện tử,Kiểm tra (SGV Tr. 60),60,print_page_from_hnmu_position,,shared/learning_resources/compiled_documents/sgv_tin_hoc_6.pdf,Lớp 6.xlsx,source_evidence_hnmu_position,needs_hnmu_review,1,"Vị trí lấy từ cột Vị trí trong dữ liệu HNMU; chưa map chắc từ trang in sang image page, nên để trống source_image_path."
POS-TIN6-0093,6,LM-SGK-TIN6-0001,SGK_or_unspecified,TIN6-B09,Bài 9. An toàn thông tin trên Internet,Câu hỏi 1 (Tr. 43),43,print_page_from_hnmu_position,,shared/learning_resources/compiled_documents/sgk_tin_hoc_6.pdf,Lớp 6.xlsx,source_evidence_hnmu_position,needs_hnmu_review,1,"Vị trí lấy từ cột Vị trí trong dữ liệu HNMU; chưa map chắc từ trang in sang image page, nên để trống source_image_path."
POS-TIN6-0094,6,LM-SGK-TIN6-0001,SGK_or_unspecified,TIN6-B09,Bài 9. An toàn thông tin trên Internet,Hoạt động 1 (Tr. 42),42,print_page_from_hnmu_position,,shared/learning_resources/compiled_documents/sgk_tin_hoc_6.pdf,Lớp 6.xlsx,source_evidence_hnmu_position,needs_hnmu_review,1,"Vị trí lấy từ cột Vị trí trong dữ liệu HNMU; chưa map chắc từ trang in sang image page, nên để trống source_image_path."
POS-TIN6-0095,6,LM-SGK-TIN6-0001,SGK_or_unspecified,TIN6-B09,Bài 9. An toàn thông tin trên Internet,Hộp kiến thức (Tr. 43),43,print_page_from_hnmu_position,,shared/learning_resources/compiled_documents/sgk_tin_hoc_6.pdf,Lớp 6.xlsx,source_evidence_hnmu_position,needs_hnmu_review,1,"Vị trí lấy từ cột Vị trí trong dữ liệu HNMU; chưa map chắc từ trang in sang image page, nên để trống source_image_path."
POS-TIN6-0096,6,LM-SGK-TIN6-0001,SGK_or_unspecified,TIN6-B09,Bài 9. An toàn thông tin trên Internet,Luyện tập 1 (Tr. 46),46,print_page_from_hnmu_position,,shared/learning_resources/compiled_documents/sgk_tin_hoc_6.pdf,Lớp 6.xlsx,source_evidence_hnmu_position,needs_hnmu_review,1,"Vị trí lấy từ cột Vị trí trong dữ liệu HNMU; chưa map chắc từ trang in sang image page, nên để trống source_image_path."
POS-TIN6-0097,6,LM-SGK-TIN6-0001,SGK_or_unspecified,TIN6-B09,Bài 9. An toàn thông tin trên Internet,Luyện tập 2 (Tr. 46),46,print_page_from_hnmu_position,,shared/learning_resources/compiled_documents/sgk_tin_hoc_6.pdf,Lớp 6.xlsx,source_evidence_hnmu_position,needs_hnmu_review,1,"Vị trí lấy từ cột Vị trí trong dữ liệu HNMU; chưa map chắc từ trang in sang image page, nên để trống source_image_path."
POS-TIN6-0098,6,LM-SGK-TIN6-0001,SGK_or_unspecified,TIN6-B09,Bài 9. An toàn thông tin trên Internet,Mục 1. Kiến thức mới (Tr. 42),42,print_page_from_hnmu_position,,shared/learning_resources/compiled_documents/sgk_tin_hoc_6.pdf,Lớp 6.xlsx,source_evidence_hnmu_position,needs_hnmu_review,2,"Vị trí lấy từ cột Vị trí trong dữ liệu HNMU; chưa map chắc từ trang in sang image page, nên để trống source_image_path."
POS-TIN6-0099,6,LM-SGK-TIN6-0001,SGK_or_unspecified,TIN6-B09,Bài 9. An toàn thông tin trên Internet,Mục 1. Tình huống (Tr. 42),42,print_page_from_hnmu_position,,shared/learning_resources/compiled_documents/sgk_tin_hoc_6.pdf,Lớp 6.xlsx,source_evidence_hnmu_position,needs_hnmu_review,1,"Vị trí lấy từ cột Vị trí trong dữ liệu HNMU; chưa map chắc từ trang in sang image page, nên để trống source_image_path."
POS-TIN6-0100,6,LM-SGK-TIN6-0001,SGK_or_unspecified,TIN6-B09,Bài 9. An toàn thông tin trên Internet,Mục 2. Mật khẩu (Tr. 43),43,print_page_from_hnmu_position,,shared/learning_resources/compiled_documents/sgk_tin_hoc_6.pdf,Lớp 6.xlsx,source_evidence_hnmu_position,needs_hnmu_review,1,"Vị trí lấy từ cột Vị trí trong dữ liệu HNMU; chưa map chắc từ trang in sang image page, nên để trống source_image_path."
POS-TIN6-0101,6,LM-SGK-TIN6-0001,SGK_or_unspecified,TIN6-B09,Bài 9. An toàn thông tin trên Internet,Vận dụng 1 (Tr. 46),46,print_page_from_hnmu_position,,shared/learning_resources/compiled_documents/sgk_tin_hoc_6.pdf,Lớp 6.xlsx,source_evidence_hnmu_position,needs_hnmu_review,1,"Vị trí lấy từ cột Vị trí trong dữ liệu HNMU; chưa map chắc từ trang in sang image page, nên để trống source_image_path."
POS-TIN6-0102,6,LM-SGK-TIN6-0001,SGK_or_unspecified,TIN6-B09,Bài 9. An toàn thông tin trên Internet,Vận dụng 2 (Tr. 46),46,print_page_from_hnmu_position,,shared/learning_resources/compiled_documents/sgk_tin_hoc_6.pdf,Lớp 6.xlsx,source_evidence_hnmu_position,needs_hnmu_review,1,"Vị trí lấy từ cột Vị trí trong dữ liệu HNMU; chưa map chắc từ trang in sang image page, nên để trống source_image_path."
POS-TIN6-0103,6,LM-SGK-TIN6-0001,SGK_or_unspecified,TIN6-B09,Bài 9. An toàn thông tin trên Internet,Vận dụng 3 (Tr. 46),46,print_page_from_hnmu_position,,shared/learning_resources/compiled_documents/sgk_tin_hoc_6.pdf,Lớp 6.xlsx,source_evidence_hnmu_position,needs_hnmu_review,1,"Vị trí lấy từ cột Vị trí trong dữ liệu HNMU; chưa map chắc từ trang in sang image page, nên để trống source_image_path."
POS-TIN6-0104,6,LM-SGV-TIN6-4918798731,SGV,TIN6-B09,Bài 9. An toàn thông tin trên Internet,Câu hỏi 2 (SGV Tr. 60),60,print_page_from_hnmu_position,,shared/learning_resources/compiled_documents/sgv_tin_hoc_6.pdf,Lớp 6.xlsx,source_evidence_hnmu_position,needs_hnmu_review,1,"Vị trí lấy từ cột Vị trí trong dữ liệu HNMU; chưa map chắc từ trang in sang image page, nên để trống source_image_path."
POS-TIN6-0105,6,LM-SGV-TIN6-4918798731,SGV,TIN6-B09,Bài 9. An toàn thông tin trên Internet,Câu hỏi 5 (SGV Tr. 60),60,print_page_from_hnmu_position,,shared/learning_resources/compiled_documents/sgv_tin_hoc_6.pdf,Lớp 6.xlsx,source_evidence_hnmu_position,needs_hnmu_review,1,"Vị trí lấy từ cột Vị trí trong dữ liệu HNMU; chưa map chắc từ trang in sang image page, nên để trống source_image_path."
POS-TIN6-0106,6,LM-SGK-TIN6-0001,SGK_or_unspecified,TIN6-B10,Bài 10. Sơ đồ tư duy,Hoạt động 1 (Tr. 48),48,print_page_from_hnmu_position,,shared/learning_resources/compiled_documents/sgk_tin_hoc_6.pdf,Lớp 6.xlsx,source_evidence_hnmu_position,needs_hnmu_review,1,"Vị trí lấy từ cột Vị trí trong dữ liệu HNMU; chưa map chắc từ trang in sang image page, nên để trống source_image_path."
POS-TIN6-0107,6,LM-SGK-TIN6-0001,SGK_or_unspecified,TIN6-B10,Bài 10. Sơ đồ tư duy,Hoạt động 2 (Tr. 49),49,print_page_from_hnmu_position,,shared/learning_resources/compiled_documents/sgk_tin_hoc_6.pdf,Lớp 6.xlsx,source_evidence_hnmu_position,needs_hnmu_review,3,"Vị trí lấy từ cột Vị trí trong dữ liệu HNMU; chưa map chắc từ trang in sang image page, nên để trống source_image_path."
POS-TIN6-0108,6,LM-SGK-TIN6-0001,SGK_or_unspecified,TIN6-B10,Bài 10. Sơ đồ tư duy,Hình 5.1 (Tr. 48),48,print_page_from_hnmu_position,,shared/learning_resources/compiled_documents/sgk_tin_hoc_6.pdf,Lớp 6.xlsx,source_evidence_hnmu_position,needs_hnmu_review,1,"Vị trí lấy từ cột Vị trí trong dữ liệu HNMU; chưa map chắc từ trang in sang image page, nên để trống source_image_path."
POS-TIN6-0109,6,LM-SGK-TIN6-0001,SGK_or_unspecified,TIN6-B10,Bài 10. Sơ đồ tư duy,Mục 1 (Tr. 48),48,print_page_from_hnmu_position,,shared/learning_resources/compiled_documents/sgk_tin_hoc_6.pdf,Lớp 6.xlsx,source_evidence_hnmu_position,needs_hnmu_review,3,"Vị trí lấy từ cột Vị trí trong dữ liệu HNMU; chưa map chắc từ trang in sang image page, nên để trống source_image_path."
POS-TIN6-0110,6,LM-SGK-TIN6-0001,SGK_or_unspecified,TIN6-B10,Bài 10. Sơ đồ tư duy,Mục 1. Kiến thức mới (Tr. 48),48,print_page_from_hnmu_position,,shared/learning_resources/compiled_documents/sgk_tin_hoc_6.pdf,Lớp 6.xlsx,source_evidence_hnmu_position,needs_hnmu_review,1,"Vị trí lấy từ cột Vị trí trong dữ liệu HNMU; chưa map chắc từ trang in sang image page, nên để trống source_image_path."
POS-TIN6-0111,6,LM-SGK-TIN6-0001,SGK_or_unspecified,TIN6-B10,Bài 10. Sơ đồ tư duy,Mục 3 (Tr. 50),50,print_page_from_hnmu_position,,shared/learning_resources/compiled_documents/sgk_tin_hoc_6.pdf,Lớp 6.xlsx,source_evidence_hnmu_position,needs_hnmu_review,2,"Vị trí lấy từ cột Vị trí trong dữ liệu HNMU; chưa map chắc từ trang in sang image page, nên để trống source_image_path."
POS-TIN6-0112,6,LM-SGK-TIN6-0001,SGK_or_unspecified,TIN6-B10,Bài 10. Sơ đồ tư duy,Thực hành (Tr. 50),50,print_page_from_hnmu_position,,shared/learning_resources/compiled_documents/sgk_tin_hoc_6.pdf,Lớp 6.xlsx,source_evidence_hnmu_position,needs_hnmu_review,1,"Vị trí lấy từ cột Vị trí trong dữ liệu HNMU; chưa map chắc từ trang in sang image page, nên để trống source_image_path."
POS-TIN6-0113,6,LM-SGK-TIN6-0001,SGK_or_unspecified,TIN6-B10,Bài 10. Sơ đồ tư duy,Vận dụng 1 (Tr. 53),53,print_page_from_hnmu_position,,shared/learning_resources/compiled_documents/sgk_tin_hoc_6.pdf,Lớp 6.xlsx,source_evidence_hnmu_position,needs_hnmu_review,1,"Vị trí lấy từ cột Vị trí trong dữ liệu HNMU; chưa map chắc từ trang in sang image page, nên để trống source_image_path."
POS-TIN6-0114,6,LM-SGV-TIN6-4918798731,SGV,TIN6-B10,Bài 10. Sơ đồ tư duy,Luyện tập (SGV Tr. 63),63,print_page_from_hnmu_position,,shared/learning_resources/compiled_documents/sgv_tin_hoc_6.pdf,Lớp 6.xlsx,source_evidence_hnmu_position,needs_hnmu_review,1,"Vị trí lấy từ cột Vị trí trong dữ liệu HNMU; chưa map chắc từ trang in sang image page, nên để trống source_image_path."
POS-TIN6-0115,6,LM-SGK-TIN6-0001,SGK_or_unspecified,TIN6-B11,Bài 11. Định dạng văn bản,Hình 5.4 & 5.5 (Tr. 55-56),55,print_page_from_hnmu_position,,shared/learning_resources/compiled_documents/sgk_tin_hoc_6.pdf,Lớp 6.xlsx,source_evidence_hnmu_position,needs_hnmu_review,1,"Vị trí lấy từ cột Vị trí trong dữ liệu HNMU; chưa map chắc từ trang in sang image page, nên để trống source_image_path."
POS-TIN6-0116,6,LM-SGK-TIN6-0001,SGK_or_unspecified,TIN6-B11,Bài 11. Định dạng văn bản,Hình 5.5 (Tr. 56),56,print_page_from_hnmu_position,,shared/learning_resources/compiled_documents/sgk_tin_hoc_6.pdf,Lớp 6.xlsx,source_evidence_hnmu_position,needs_hnmu_review,1,"Vị trí lấy từ cột Vị trí trong dữ liệu HNMU; chưa map chắc từ trang in sang image page, nên để trống source_image_path."
POS-TIN6-0117,6,LM-SGK-TIN6-0001,SGK_or_unspecified,TIN6-B11,Bài 11. Định dạng văn bản,Luyện tập 1 (Tr. 58),58,print_page_from_hnmu_position,,shared/learning_resources/compiled_documents/sgk_tin_hoc_6.pdf,Lớp 6.xlsx,source_evidence_hnmu_position,needs_hnmu_review,1,"Vị trí lấy từ cột Vị trí trong dữ liệu HNMU; chưa map chắc từ trang in sang image page, nên để trống source_image_path."
POS-TIN6-0118,6,LM-SGK-TIN6-0001,SGK_or_unspecified,TIN6-B11,Bài 11. Định dạng văn bản,Luyện tập 2 (Tr. 58),58,print_page_from_hnmu_position,,shared/learning_resources/compiled_documents/sgk_tin_hoc_6.pdf,Lớp 6.xlsx,source_evidence_hnmu_position,needs_hnmu_review,1,"Vị trí lấy từ cột Vị trí trong dữ liệu HNMU; chưa map chắc từ trang in sang image page, nên để trống source_image_path."
POS-TIN6-0119,6,LM-SGK-TIN6-0001,SGK_or_unspecified,TIN6-B11,Bài 11. Định dạng văn bản,Mục 1. Hoạt động 1 (Tr. 54),54,print_page_from_hnmu_position,,shared/learning_resources/compiled_documents/sgk_tin_hoc_6.pdf,Lớp 6.xlsx,source_evidence_hnmu_position,needs_hnmu_review,1,"Vị trí lấy từ cột Vị trí trong dữ liệu HNMU; chưa map chắc từ trang in sang image page, nên để trống source_image_path."
POS-TIN6-0120,6,LM-SGK-TIN6-0001,SGK_or_unspecified,TIN6-B11,Bài 11. Định dạng văn bản,Mục 1. Phần mềm soạn thảo văn bản (Tr. 54),54,print_page_from_hnmu_position,,shared/learning_resources/compiled_documents/sgk_tin_hoc_6.pdf,Lớp 6.xlsx,source_evidence_hnmu_position,needs_hnmu_review,1,"Vị trí lấy từ cột Vị trí trong dữ liệu HNMU; chưa map chắc từ trang in sang image page, nên để trống source_image_path."
POS-TIN6-0121,6,LM-SGK-TIN6-0001,SGK_or_unspecified,TIN6-B11,Bài 11. Định dạng văn bản,Mục 2. Kiến thức mới (Tr. 54),54,print_page_from_hnmu_position,,shared/learning_resources/compiled_documents/sgk_tin_hoc_6.pdf,Lớp 6.xlsx,source_evidence_hnmu_position,needs_hnmu_review,1,"Vị trí lấy từ cột Vị trí trong dữ liệu HNMU; chưa map chắc từ trang in sang image page, nên để trống source_image_path."
POS-TIN6-0122,6,LM-SGK-TIN6-0001,SGK_or_unspecified,TIN6-B11,Bài 11. Định dạng văn bản,Mục 2. Kiến thức mới (Tr. 56),56,print_page_from_hnmu_position,,shared/learning_resources/compiled_documents/sgk_tin_hoc_6.pdf,Lớp 6.xlsx,source_evidence_hnmu_position,needs_hnmu_review,1,"Vị trí lấy từ cột Vị trí trong dữ liệu HNMU; chưa map chắc từ trang in sang image page, nên để trống source_image_path."
POS-TIN6-0123,6,LM-SGK-TIN6-0001,SGK_or_unspecified,TIN6-B11,Bài 11. Định dạng văn bản,Mục 2. Định dạng văn bản (Tr. 54),54,print_page_from_hnmu_position,,shared/learning_resources/compiled_documents/sgk_tin_hoc_6.pdf,Lớp 6.xlsx,source_evidence_hnmu_position,needs_hnmu_review,2,"Vị trí lấy từ cột Vị trí trong dữ liệu HNMU; chưa map chắc từ trang in sang image page, nên để trống source_image_path."
POS-TIN6-0124,6,LM-SGK-TIN6-0001,SGK_or_unspecified,TIN6-B11,Bài 11. Định dạng văn bản,Mục 2. Định dạng văn bản (Tr. 55),55,print_page_from_hnmu_position,,shared/learning_resources/compiled_documents/sgk_tin_hoc_6.pdf,Lớp 6.xlsx,source_evidence_hnmu_position,needs_hnmu_review,1,"Vị trí lấy từ cột Vị trí trong dữ liệu HNMU; chưa map chắc từ trang in sang image page, nên để trống source_image_path."
POS-TIN6-0125,6,LM-SGK-TIN6-0001,SGK_or_unspecified,TIN6-B11,Bài 11. Định dạng văn bản,Thực hành (Tr. 56-57),56,print_page_from_hnmu_position,,shared/learning_resources/compiled_documents/sgk_tin_hoc_6.pdf,Lớp 6.xlsx,source_evidence_hnmu_position,needs_hnmu_review,1,"Vị trí lấy từ cột Vị trí trong dữ liệu HNMU; chưa map chắc từ trang in sang image page, nên để trống source_image_path."
POS-TIN6-0126,6,LM-SGK-TIN6-0001,SGK_or_unspecified,TIN6-B11,Bài 11. Định dạng văn bản,Vận dụng (Tr. 58),58,print_page_from_hnmu_position,,shared/learning_resources/compiled_documents/sgk_tin_hoc_6.pdf,Lớp 6.xlsx,source_evidence_hnmu_position,needs_hnmu_review,1,"Vị trí lấy từ cột Vị trí trong dữ liệu HNMU; chưa map chắc từ trang in sang image page, nên để trống source_image_path."
POS-TIN6-0127,6,LM-SGV-TIN6-4918798731,SGV,TIN6-B11,Bài 11. Định dạng văn bản,Câu hỏi (SGV Tr. 66),66,print_page_from_hnmu_position,,shared/learning_resources/compiled_documents/sgv_tin_hoc_6.pdf,Lớp 6.xlsx,source_evidence_hnmu_position,needs_hnmu_review,1,"Vị trí lấy từ cột Vị trí trong dữ liệu HNMU; chưa map chắc từ trang in sang image page, nên để trống source_image_path."
POS-TIN6-0128,6,LM-SGK-TIN6-0001,SGK_or_unspecified,TIN6-B12,Bài 12. Trình bày thông tin ở dạng bảng,"Câu hỏi 1, Trang 62",62,print_page_from_hnmu_position,,shared/learning_resources/compiled_documents/sgk_tin_hoc_6.pdf,Lớp 6.xlsx,source_evidence_hnmu_position,needs_hnmu_review,1,"Vị trí lấy từ cột Vị trí trong dữ liệu HNMU; chưa map chắc từ trang in sang image page, nên để trống source_image_path."
POS-TIN6-0129,6,LM-SGK-TIN6-0001,SGK_or_unspecified,TIN6-B12,Bài 12. Trình bày thông tin ở dạng bảng,"Hoạt động 1, Trang 59",59,print_page_from_hnmu_position,,shared/learning_resources/compiled_documents/sgk_tin_hoc_6.pdf,Lớp 6.xlsx,source_evidence_hnmu_position,needs_hnmu_review,1,"Vị trí lấy từ cột Vị trí trong dữ liệu HNMU; chưa map chắc từ trang in sang image page, nên để trống source_image_path."
POS-TIN6-0130,6,LM-SGK-TIN6-0001,SGK_or_unspecified,TIN6-B12,Bài 12. Trình bày thông tin ở dạng bảng,"Hoạt động 2, Trang 60",60,print_page_from_hnmu_position,,shared/learning_resources/compiled_documents/sgk_tin_hoc_6.pdf,Lớp 6.xlsx,source_evidence_hnmu_position,needs_hnmu_review,1,"Vị trí lấy từ cột Vị trí trong dữ liệu HNMU; chưa map chắc từ trang in sang image page, nên để trống source_image_path."
POS-TIN6-0131,6,LM-SGK-TIN6-0001,SGK_or_unspecified,TIN6-B12,Bài 12. Trình bày thông tin ở dạng bảng,"Luyện tập 1, Trang 63",63,print_page_from_hnmu_position,,shared/learning_resources/compiled_documents/sgk_tin_hoc_6.pdf,Lớp 6.xlsx,source_evidence_hnmu_position,needs_hnmu_review,1,"Vị trí lấy từ cột Vị trí trong dữ liệu HNMU; chưa map chắc từ trang in sang image page, nên để trống source_image_path."
POS-TIN6-0132,6,LM-SGK-TIN6-0001,SGK_or_unspecified,TIN6-B12,Bài 12. Trình bày thông tin ở dạng bảng,"Luyện tập 2, Trang 63",63,print_page_from_hnmu_position,,shared/learning_resources/compiled_documents/sgk_tin_hoc_6.pdf,Lớp 6.xlsx,source_evidence_hnmu_position,needs_hnmu_review,2,"Vị trí lấy từ cột Vị trí trong dữ liệu HNMU; chưa map chắc từ trang in sang image page, nên để trống source_image_path."
POS-TIN6-0133,6,LM-SGK-TIN6-0001,SGK_or_unspecified,TIN6-B12,Bài 12. Trình bày thông tin ở dạng bảng,"Mục 1, Trang 59",59,print_page_from_hnmu_position,,shared/learning_resources/compiled_documents/sgk_tin_hoc_6.pdf,Lớp 6.xlsx,source_evidence_hnmu_position,needs_hnmu_review,2,"Vị trí lấy từ cột Vị trí trong dữ liệu HNMU; chưa map chắc từ trang in sang image page, nên để trống source_image_path."
POS-TIN6-0134,6,LM-SGK-TIN6-0001,SGK_or_unspecified,TIN6-B12,Bài 12. Trình bày thông tin ở dạng bảng,"Mục 2, Trang 61",61,print_page_from_hnmu_position,,shared/learning_resources/compiled_documents/sgk_tin_hoc_6.pdf,Lớp 6.xlsx,source_evidence_hnmu_position,needs_hnmu_review,2,"Vị trí lấy từ cột Vị trí trong dữ liệu HNMU; chưa map chắc từ trang in sang image page, nên để trống source_image_path."
POS-TIN6-0135,6,LM-SGK-TIN6-0001,SGK_or_unspecified,TIN6-B12,Bài 12. Trình bày thông tin ở dạng bảng,"Mục 3, Trang 62",62,print_page_from_hnmu_position,,shared/learning_resources/compiled_documents/sgk_tin_hoc_6.pdf,Lớp 6.xlsx,source_evidence_hnmu_position,needs_hnmu_review,2,"Vị trí lấy từ cột Vị trí trong dữ liệu HNMU; chưa map chắc từ trang in sang image page, nên để trống source_image_path."
POS-TIN6-0136,6,LM-SGK-TIN6-0001,SGK_or_unspecified,TIN6-B12,Bài 12. Trình bày thông tin ở dạng bảng,"Vận dụng 1, Trang 63",63,print_page_from_hnmu_position,,shared/learning_resources/compiled_documents/sgk_tin_hoc_6.pdf,Lớp 6.xlsx,source_evidence_hnmu_position,needs_hnmu_review,1,"Vị trí lấy từ cột Vị trí trong dữ liệu HNMU; chưa map chắc từ trang in sang image page, nên để trống source_image_path."
POS-TIN6-0137,6,LM-SGK-TIN6-0001,SGK_or_unspecified,TIN6-B12,Bài 12. Trình bày thông tin ở dạng bảng,"Vận dụng 2, Trang 63",63,print_page_from_hnmu_position,,shared/learning_resources/compiled_documents/sgk_tin_hoc_6.pdf,Lớp 6.xlsx,source_evidence_hnmu_position,needs_hnmu_review,1,"Vị trí lấy từ cột Vị trí trong dữ liệu HNMU; chưa map chắc từ trang in sang image page, nên để trống source_image_path."
POS-TIN6-0138,6,LM-SGK-TIN6-0001,SGK_or_unspecified,TIN6-B13,Bài 13. Thực hành: Tìm kiếm và thay thế,"Hoạt động 1, Trang 64",64,print_page_from_hnmu_position,,shared/learning_resources/compiled_documents/sgk_tin_hoc_6.pdf,Lớp 6.xlsx,source_evidence_hnmu_position,needs_hnmu_review,1,"Vị trí lấy từ cột Vị trí trong dữ liệu HNMU; chưa map chắc từ trang in sang image page, nên để trống source_image_path."
POS-TIN6-0139,6,LM-SGK-TIN6-0001,SGK_or_unspecified,TIN6-B13,Bài 13. Thực hành: Tìm kiếm và thay thế,"Hoạt động 2, Trang 65",65,print_page_from_hnmu_position,,shared/learning_resources/compiled_documents/sgk_tin_hoc_6.pdf,Lớp 6.xlsx,source_evidence_hnmu_position,needs_hnmu_review,1,"Vị trí lấy từ cột Vị trí trong dữ liệu HNMU; chưa map chắc từ trang in sang image page, nên để trống source_image_path."
POS-TIN6-0140,6,LM-SGK-TIN6-0001,SGK_or_unspecified,TIN6-B13,Bài 13. Thực hành: Tìm kiếm và thay thế,"Luyện tập 1, Trang 66",66,print_page_from_hnmu_position,,shared/learning_resources/compiled_documents/sgk_tin_hoc_6.pdf,Lớp 6.xlsx,source_evidence_hnmu_position,needs_hnmu_review,1,"Vị trí lấy từ cột Vị trí trong dữ liệu HNMU; chưa map chắc từ trang in sang image page, nên để trống source_image_path."
POS-TIN6-0141,6,LM-SGK-TIN6-0001,SGK_or_unspecified,TIN6-B13,Bài 13. Thực hành: Tìm kiếm và thay thế,"Luyện tập 2, Trang 66",66,print_page_from_hnmu_position,,shared/learning_resources/compiled_documents/sgk_tin_hoc_6.pdf,Lớp 6.xlsx,source_evidence_hnmu_position,needs_hnmu_review,1,"Vị trí lấy từ cột Vị trí trong dữ liệu HNMU; chưa map chắc từ trang in sang image page, nên để trống source_image_path."
POS-TIN6-0142,6,LM-SGK-TIN6-0001,SGK_or_unspecified,TIN6-B13,Bài 13. Thực hành: Tìm kiếm và thay thế,"Mục 1, Trang 64",64,print_page_from_hnmu_position,,shared/learning_resources/compiled_documents/sgk_tin_hoc_6.pdf,Lớp 6.xlsx,source_evidence_hnmu_position,needs_hnmu_review,3,"Vị trí lấy từ cột Vị trí trong dữ liệu HNMU; chưa map chắc từ trang in sang image page, nên để trống source_image_path."
POS-TIN6-0143,6,LM-SGK-TIN6-0001,SGK_or_unspecified,TIN6-B13,Bài 13. Thực hành: Tìm kiếm và thay thế,"Mục 2, Trang 65",65,print_page_from_hnmu_position,,shared/learning_resources/compiled_documents/sgk_tin_hoc_6.pdf,Lớp 6.xlsx,source_evidence_hnmu_position,needs_hnmu_review,5,"Vị trí lấy từ cột Vị trí trong dữ liệu HNMU; chưa map chắc từ trang in sang image page, nên để trống source_image_path."
POS-TIN6-0144,6,LM-SGK-TIN6-0001,SGK_or_unspecified,TIN6-B13,Bài 13. Thực hành: Tìm kiếm và thay thế,"Vận dụng 1, Trang 66",66,print_page_from_hnmu_position,,shared/learning_resources/compiled_documents/sgk_tin_hoc_6.pdf,Lớp 6.xlsx,source_evidence_hnmu_position,needs_hnmu_review,1,"Vị trí lấy từ cột Vị trí trong dữ liệu HNMU; chưa map chắc từ trang in sang image page, nên để trống source_image_path."
POS-TIN6-0145,6,LM-SGK-TIN6-0001,SGK_or_unspecified,TIN6-B13,Bài 13. Thực hành: Tìm kiếm và thay thế,"Vận dụng 2, Trang 66",66,print_page_from_hnmu_position,,shared/learning_resources/compiled_documents/sgk_tin_hoc_6.pdf,Lớp 6.xlsx,source_evidence_hnmu_position,needs_hnmu_review,1,"Vị trí lấy từ cột Vị trí trong dữ liệu HNMU; chưa map chắc từ trang in sang image page, nên để trống source_image_path."
POS-TIN6-0146,6,LM-SGK-TIN6-0001,SGK_or_unspecified,TIN6-B14,Bài 14. Thực hành tổng hợp: Hoàn thiện sổ lưu niệm,"Mục 1, Trang 54",54,print_page_from_hnmu_position,,shared/learning_resources/compiled_documents/sgk_tin_hoc_6.pdf,Lớp 6.xlsx,source_evidence_hnmu_position,needs_hnmu_review,1,"Vị trí lấy từ cột Vị trí trong dữ liệu HNMU; chưa map chắc từ trang in sang image page, nên để trống source_image_path."
POS-TIN6-0147,6,LM-SGK-TIN6-0001,SGK_or_unspecified,TIN6-B14,Bài 14. Thực hành tổng hợp: Hoàn thiện sổ lưu niệm,"Mục 1, Trang 59",59,print_page_from_hnmu_position,,shared/learning_resources/compiled_documents/sgk_tin_hoc_6.pdf,Lớp 6.xlsx,source_evidence_hnmu_position,needs_hnmu_review,1,"Vị trí lấy từ cột Vị trí trong dữ liệu HNMU; chưa map chắc từ trang in sang image page, nên để trống source_image_path."
POS-TIN6-0148,6,LM-SGK-TIN6-0001,SGK_or_unspecified,TIN6-B14,Bài 14. Thực hành tổng hợp: Hoàn thiện sổ lưu niệm,"Mục 1, Trang 67",67,print_page_from_hnmu_position,,shared/learning_resources/compiled_documents/sgk_tin_hoc_6.pdf,Lớp 6.xlsx,source_evidence_hnmu_position,needs_hnmu_review,4,"Vị trí lấy từ cột Vị trí trong dữ liệu HNMU; chưa map chắc từ trang in sang image page, nên để trống source_image_path."
POS-TIN6-0149,6,LM-SGK-TIN6-0001,SGK_or_unspecified,TIN6-B14,Bài 14. Thực hành tổng hợp: Hoàn thiện sổ lưu niệm,"Mục 2, Trang 61",61,print_page_from_hnmu_position,,shared/learning_resources/compiled_documents/sgk_tin_hoc_6.pdf,Lớp 6.xlsx,source_evidence_hnmu_position,needs_hnmu_review,1,"Vị trí lấy từ cột Vị trí trong dữ liệu HNMU; chưa map chắc từ trang in sang image page, nên để trống source_image_path."
POS-TIN6-0150,6,LM-SGK-TIN6-0001,SGK_or_unspecified,TIN6-B14,Bài 14. Thực hành tổng hợp: Hoàn thiện sổ lưu niệm,"Mục 2, Trang 64",64,print_page_from_hnmu_position,,shared/learning_resources/compiled_documents/sgk_tin_hoc_6.pdf,Lớp 6.xlsx,source_evidence_hnmu_position,needs_hnmu_review,1,"Vị trí lấy từ cột Vị trí trong dữ liệu HNMU; chưa map chắc từ trang in sang image page, nên để trống source_image_path."
POS-TIN6-0151,6,LM-SGK-TIN6-0001,SGK_or_unspecified,TIN6-B14,Bài 14. Thực hành tổng hợp: Hoàn thiện sổ lưu niệm,"Mục 2, Trang 65",65,print_page_from_hnmu_position,,shared/learning_resources/compiled_documents/sgk_tin_hoc_6.pdf,Lớp 6.xlsx,source_evidence_hnmu_position,needs_hnmu_review,1,"Vị trí lấy từ cột Vị trí trong dữ liệu HNMU; chưa map chắc từ trang in sang image page, nên để trống source_image_path."
POS-TIN6-0152,6,LM-SGK-TIN6-0001,SGK_or_unspecified,TIN6-B14,Bài 14. Thực hành tổng hợp: Hoàn thiện sổ lưu niệm,"Mục 2, Trang 70",70,print_page_from_hnmu_position,,shared/learning_resources/compiled_documents/sgk_tin_hoc_6.pdf,Lớp 6.xlsx,source_evidence_hnmu_position,needs_hnmu_review,1,"Vị trí lấy từ cột Vị trí trong dữ liệu HNMU; chưa map chắc từ trang in sang image page, nên để trống source_image_path."
POS-TIN6-0153,6,LM-SGK-TIN6-0001,SGK_or_unspecified,TIN6-B14,Bài 14. Thực hành tổng hợp: Hoàn thiện sổ lưu niệm,"Mục 3, Trang 57",57,print_page_from_hnmu_position,,shared/learning_resources/compiled_documents/sgk_tin_hoc_6.pdf,Lớp 6.xlsx,source_evidence_hnmu_position,needs_hnmu_review,2,"Vị trí lấy từ cột Vị trí trong dữ liệu HNMU; chưa map chắc từ trang in sang image page, nên để trống source_image_path."
POS-TIN6-0154,6,LM-SGK-TIN6-0001,SGK_or_unspecified,TIN6-B14,Bài 14. Thực hành tổng hợp: Hoàn thiện sổ lưu niệm,"Mục 3, Trang 66",66,print_page_from_hnmu_position,,shared/learning_resources/compiled_documents/sgk_tin_hoc_6.pdf,Lớp 6.xlsx,source_evidence_hnmu_position,needs_hnmu_review,1,"Vị trí lấy từ cột Vị trí trong dữ liệu HNMU; chưa map chắc từ trang in sang image page, nên để trống source_image_path."
POS-TIN6-0155,6,LM-SGK-TIN6-0001,SGK_or_unspecified,TIN6-B14,Bài 14. Thực hành tổng hợp: Hoàn thiện sổ lưu niệm,"Mục 3, Trang 67",67,print_page_from_hnmu_position,,shared/learning_resources/compiled_documents/sgk_tin_hoc_6.pdf,Lớp 6.xlsx,source_evidence_hnmu_position,needs_hnmu_review,1,"Vị trí lấy từ cột Vị trí trong dữ liệu HNMU; chưa map chắc từ trang in sang image page, nên để trống source_image_path."
POS-TIN6-0156,6,LM-SGK-TIN6-0001,SGK_or_unspecified,TIN6-B15,Bài 15. Thuật toán,"Câu hỏi 2, Trang 73",73,print_page_from_hnmu_position,,shared/learning_resources/compiled_documents/sgk_tin_hoc_6.pdf,Lớp 6.xlsx,source_evidence_hnmu_position,needs_hnmu_review,1,"Vị trí lấy từ cột Vị trí trong dữ liệu HNMU; chưa map chắc từ trang in sang image page, nên để trống source_image_path."
POS-TIN6-0157,6,LM-SGK-TIN6-0001,SGK_or_unspecified,TIN6-B15,Bài 15. Thuật toán,"Hoạt động 1, Trang 70",70,print_page_from_hnmu_position,,shared/learning_resources/compiled_documents/sgk_tin_hoc_6.pdf,Lớp 6.xlsx,source_evidence_hnmu_position,needs_hnmu_review,1,"Vị trí lấy từ cột Vị trí trong dữ liệu HNMU; chưa map chắc từ trang in sang image page, nên để trống source_image_path."
POS-TIN6-0158,6,LM-SGK-TIN6-0001,SGK_or_unspecified,TIN6-B15,Bài 15. Thuật toán,"Hoạt động 2, Trang 71",71,print_page_from_hnmu_position,,shared/learning_resources/compiled_documents/sgk_tin_hoc_6.pdf,Lớp 6.xlsx,source_evidence_hnmu_position,needs_hnmu_review,2,"Vị trí lấy từ cột Vị trí trong dữ liệu HNMU; chưa map chắc từ trang in sang image page, nên để trống source_image_path."
POS-TIN6-0159,6,LM-SGK-TIN6-0001,SGK_or_unspecified,TIN6-B15,Bài 15. Thuật toán,"Luyện tập 1.a, Trang 73",73,print_page_from_hnmu_position,,shared/learning_resources/compiled_documents/sgk_tin_hoc_6.pdf,Lớp 6.xlsx,source_evidence_hnmu_position,needs_hnmu_review,1,"Vị trí lấy từ cột Vị trí trong dữ liệu HNMU; chưa map chắc từ trang in sang image page, nên để trống source_image_path."
POS-TIN6-0160,6,LM-SGK-TIN6-0001,SGK_or_unspecified,TIN6-B15,Bài 15. Thuật toán,"Luyện tập 2, Trang 73",73,print_page_from_hnmu_position,,shared/learning_resources/compiled_documents/sgk_tin_hoc_6.pdf,Lớp 6.xlsx,source_evidence_hnmu_position,needs_hnmu_review,2,"Vị trí lấy từ cột Vị trí trong dữ liệu HNMU; chưa map chắc từ trang in sang image page, nên để trống source_image_path."
POS-TIN6-0161,6,LM-SGK-TIN6-0001,SGK_or_unspecified,TIN6-B15,Bài 15. Thuật toán,"Mục 1, Trang 70",70,print_page_from_hnmu_position,,shared/learning_resources/compiled_documents/sgk_tin_hoc_6.pdf,Lớp 6.xlsx,source_evidence_hnmu_position,needs_hnmu_review,2,"Vị trí lấy từ cột Vị trí trong dữ liệu HNMU; chưa map chắc từ trang in sang image page, nên để trống source_image_path."
POS-TIN6-0162,6,LM-SGK-TIN6-0001,SGK_or_unspecified,TIN6-B15,Bài 15. Thuật toán,"Mục 1, Trang 71",71,print_page_from_hnmu_position,,shared/learning_resources/compiled_documents/sgk_tin_hoc_6.pdf,Lớp 6.xlsx,source_evidence_hnmu_position,needs_hnmu_review,1,"Vị trí lấy từ cột Vị trí trong dữ liệu HNMU; chưa map chắc từ trang in sang image page, nên để trống source_image_path."
POS-TIN6-0163,6,LM-SGK-TIN6-0001,SGK_or_unspecified,TIN6-B15,Bài 15. Thuật toán,"Mục 2, Trang 71",71,print_page_from_hnmu_position,,shared/learning_resources/compiled_documents/sgk_tin_hoc_6.pdf,Lớp 6.xlsx,source_evidence_hnmu_position,needs_hnmu_review,3,"Vị trí lấy từ cột Vị trí trong dữ liệu HNMU; chưa map chắc từ trang in sang image page, nên để trống source_image_path."
POS-TIN6-0164,6,LM-SGK-TIN6-0001,SGK_or_unspecified,TIN6-B15,Bài 15. Thuật toán,"Vận dụng 1, Trang 73",73,print_page_from_hnmu_position,,shared/learning_resources/compiled_documents/sgk_tin_hoc_6.pdf,Lớp 6.xlsx,source_evidence_hnmu_position,needs_hnmu_review,1,"Vị trí lấy từ cột Vị trí trong dữ liệu HNMU; chưa map chắc từ trang in sang image page, nên để trống source_image_path."
POS-TIN6-0165,6,LM-SGK-TIN6-0001,SGK_or_unspecified,TIN6-B16,Bài 16. Các cấu trúc điều khiển,"Câu hỏi 1, Trang 75",75,print_page_from_hnmu_position,,shared/learning_resources/compiled_documents/sgk_tin_hoc_6.pdf,Lớp 6.xlsx,source_evidence_hnmu_position,needs_hnmu_review,1,"Vị trí lấy từ cột Vị trí trong dữ liệu HNMU; chưa map chắc từ trang in sang image page, nên để trống source_image_path."
POS-TIN6-0166,6,LM-SGK-TIN6-0001,SGK_or_unspecified,TIN6-B16,Bài 16. Các cấu trúc điều khiển,"Hoạt động 1, Trang 74",74,print_page_from_hnmu_position,,shared/learning_resources/compiled_documents/sgk_tin_hoc_6.pdf,Lớp 6.xlsx,source_evidence_hnmu_position,needs_hnmu_review,1,"Vị trí lấy từ cột Vị trí trong dữ liệu HNMU; chưa map chắc từ trang in sang image page, nên để trống source_image_path."
POS-TIN6-0167,6,LM-SGK-TIN6-0001,SGK_or_unspecified,TIN6-B16,Bài 16. Các cấu trúc điều khiển,"Luyện tập 1, Trang 77",77,print_page_from_hnmu_position,,shared/learning_resources/compiled_documents/sgk_tin_hoc_6.pdf,Lớp 6.xlsx,source_evidence_hnmu_position,needs_hnmu_review,1,"Vị trí lấy từ cột Vị trí trong dữ liệu HNMU; chưa map chắc từ trang in sang image page, nên để trống source_image_path."
POS-TIN6-0168,6,LM-SGK-TIN6-0001,SGK_or_unspecified,TIN6-B16,Bài 16. Các cấu trúc điều khiển,"Luyện tập 3, Trang 77",77,print_page_from_hnmu_position,,shared/learning_resources/compiled_documents/sgk_tin_hoc_6.pdf,Lớp 6.xlsx,source_evidence_hnmu_position,needs_hnmu_review,1,"Vị trí lấy từ cột Vị trí trong dữ liệu HNMU; chưa map chắc từ trang in sang image page, nên để trống source_image_path."
POS-TIN6-0169,6,LM-SGK-TIN6-0001,SGK_or_unspecified,TIN6-B16,Bài 16. Các cấu trúc điều khiển,"Mục 1.a, Trang 74",74,print_page_from_hnmu_position,,shared/learning_resources/compiled_documents/sgk_tin_hoc_6.pdf,Lớp 6.xlsx,source_evidence_hnmu_position,needs_hnmu_review,2,"Vị trí lấy từ cột Vị trí trong dữ liệu HNMU; chưa map chắc từ trang in sang image page, nên để trống source_image_path."
POS-TIN6-0170,6,LM-SGK-TIN6-0001,SGK_or_unspecified,TIN6-B16,Bài 16. Các cấu trúc điều khiển,"Mục 1.b, Trang 75",75,print_page_from_hnmu_position,,shared/learning_resources/compiled_documents/sgk_tin_hoc_6.pdf,Lớp 6.xlsx,source_evidence_hnmu_position,needs_hnmu_review,3,"Vị trí lấy từ cột Vị trí trong dữ liệu HNMU; chưa map chắc từ trang in sang image page, nên để trống source_image_path."
POS-TIN6-0171,6,LM-SGK-TIN6-0001,SGK_or_unspecified,TIN6-B16,Bài 16. Các cấu trúc điều khiển,"Mục 2, Trang 77",77,print_page_from_hnmu_position,,shared/learning_resources/compiled_documents/sgk_tin_hoc_6.pdf,Lớp 6.xlsx,source_evidence_hnmu_position,needs_hnmu_review,1,"Vị trí lấy từ cột Vị trí trong dữ liệu HNMU; chưa map chắc từ trang in sang image page, nên để trống source_image_path."
POS-TIN6-0172,6,LM-SGK-TIN6-0001,SGK_or_unspecified,TIN6-B16,Bài 16. Các cấu trúc điều khiển,"Mục tiêu, Trang 74",74,print_page_from_hnmu_position,,shared/learning_resources/compiled_documents/sgk_tin_hoc_6.pdf,Lớp 6.xlsx,source_evidence_hnmu_position,needs_hnmu_review,1,"Vị trí lấy từ cột Vị trí trong dữ liệu HNMU; chưa map chắc từ trang in sang image page, nên để trống source_image_path."
POS-TIN6-0173,6,LM-SGK-TIN6-0001,SGK_or_unspecified,TIN6-B16,Bài 16. Các cấu trúc điều khiển,"Vận dụng 1, Trang 77",77,print_page_from_hnmu_position,,shared/learning_resources/compiled_documents/sgk_tin_hoc_6.pdf,Lớp 6.xlsx,source_evidence_hnmu_position,needs_hnmu_review,1,"Vị trí lấy từ cột Vị trí trong dữ liệu HNMU; chưa map chắc từ trang in sang image page, nên để trống source_image_path."
POS-TIN6-0174,6,LM-SGK-TIN6-0001,SGK_or_unspecified,TIN6-B16,Bài 16. Các cấu trúc điều khiển,"Vận dụng 2, Trang 75",75,print_page_from_hnmu_position,,shared/learning_resources/compiled_documents/sgk_tin_hoc_6.pdf,Lớp 6.xlsx,source_evidence_hnmu_position,needs_hnmu_review,1,"Vị trí lấy từ cột Vị trí trong dữ liệu HNMU; chưa map chắc từ trang in sang image page, nên để trống source_image_path."
POS-TIN6-0175,6,LM-SGK-TIN6-0001,SGK_or_unspecified,TIN6-B16,Bài 16. Các cấu trúc điều khiển,"Vận dụng 3, Trang 77",77,print_page_from_hnmu_position,,shared/learning_resources/compiled_documents/sgk_tin_hoc_6.pdf,Lớp 6.xlsx,source_evidence_hnmu_position,needs_hnmu_review,1,"Vị trí lấy từ cột Vị trí trong dữ liệu HNMU; chưa map chắc từ trang in sang image page, nên để trống source_image_path."
POS-TIN6-0176,6,LM-SGK-TIN6-0001,SGK_or_unspecified,TIN6-B17,Bài 17. Chương trình máy tính,"Hoạt động 1, Trang 79",79,print_page_from_hnmu_position,,shared/learning_resources/compiled_documents/sgk_tin_hoc_6.pdf,Lớp 6.xlsx,source_evidence_hnmu_position,needs_hnmu_review,1,"Vị trí lấy từ cột Vị trí trong dữ liệu HNMU; chưa map chắc từ trang in sang image page, nên để trống source_image_path."
POS-TIN6-0177,6,LM-SGK-TIN6-0001,SGK_or_unspecified,TIN6-B17,Bài 17. Chương trình máy tính,"Hình 6.13, Trang 79",79,print_page_from_hnmu_position,,shared/learning_resources/compiled_documents/sgk_tin_hoc_6.pdf,Lớp 6.xlsx,source_evidence_hnmu_position,needs_hnmu_review,1,"Vị trí lấy từ cột Vị trí trong dữ liệu HNMU; chưa map chắc từ trang in sang image page, nên để trống source_image_path."
POS-TIN6-0178,6,LM-SGK-TIN6-0001,SGK_or_unspecified,TIN6-B17,Bài 17. Chương trình máy tính,"Luyện tập 2, Trang 81",81,print_page_from_hnmu_position,,shared/learning_resources/compiled_documents/sgk_tin_hoc_6.pdf,Lớp 6.xlsx,source_evidence_hnmu_position,needs_hnmu_review,1,"Vị trí lấy từ cột Vị trí trong dữ liệu HNMU; chưa map chắc từ trang in sang image page, nên để trống source_image_path."
POS-TIN6-0179,6,LM-SGK-TIN6-0001,SGK_or_unspecified,TIN6-B17,Bài 17. Chương trình máy tính,"Mục 1, Trang 78",78,print_page_from_hnmu_position,,shared/learning_resources/compiled_documents/sgk_tin_hoc_6.pdf,Lớp 6.xlsx,source_evidence_hnmu_position,needs_hnmu_review,9,"Vị trí lấy từ cột Vị trí trong dữ liệu HNMU; chưa map chắc từ trang in sang image page, nên để trống source_image_path."
POS-TIN6-0180,6,LM-SGK-TIN6-0001,SGK_or_unspecified,TIN6-B17,Bài 17. Chương trình máy tính,"Vận dụng 1, Trang 81",81,print_page_from_hnmu_position,,shared/learning_resources/compiled_documents/sgk_tin_hoc_6.pdf,Lớp 6.xlsx,source_evidence_hnmu_position,needs_hnmu_review,1,"Vị trí lấy từ cột Vị trí trong dữ liệu HNMU; chưa map chắc từ trang in sang image page, nên để trống source_image_path."
POS-TIN6-0181,6,LM-SGK-TIN6-0001,SGK_or_unspecified,TIN6-B17,Bài 17. Chương trình máy tính,"Vận dụng 2, Trang 81",81,print_page_from_hnmu_position,,shared/learning_resources/compiled_documents/sgk_tin_hoc_6.pdf,Lớp 6.xlsx,source_evidence_hnmu_position,needs_hnmu_review,1,"Vị trí lấy từ cột Vị trí trong dữ liệu HNMU; chưa map chắc từ trang in sang image page, nên để trống source_image_path."
POS-TIN7-0182,7,LM-SGK-TIN7-0001,SGK,TIN7-B01,Bài 1. Thiết bị vào – ra,"Câu hỏi 2, Trang 9 SGK",9,print_page_from_hnmu_position,,shared/learning_resources/compiled_documents/sgk_tin_hoc_7.pdf,Lớp 7.xlsx,source_evidence_hnmu_position,needs_hnmu_review,1,"Vị trí lấy từ cột Vị trí trong dữ liệu HNMU; chưa map chắc từ trang in sang image page, nên để trống source_image_path."
POS-TIN7-0183,7,LM-SGK-TIN7-0001,SGK,TIN7-B01,Bài 1. Thiết bị vào – ra,"Mục 1, Trang 5 SGK",5,print_page_from_hnmu_position,,shared/learning_resources/compiled_documents/sgk_tin_hoc_7.pdf,Lớp 7.xlsx,source_evidence_hnmu_position,needs_hnmu_review,3,"Vị trí lấy từ cột Vị trí trong dữ liệu HNMU; chưa map chắc từ trang in sang image page, nên để trống source_image_path."
POS-TIN7-0184,7,LM-SGK-TIN7-0001,SGK,TIN7-B01,Bài 1. Thiết bị vào – ra,"Mục 1, Trang 6 SGK",6,print_page_from_hnmu_position,,shared/learning_resources/compiled_documents/sgk_tin_hoc_7.pdf,Lớp 7.xlsx,source_evidence_hnmu_position,needs_hnmu_review,2,"Vị trí lấy từ cột Vị trí trong dữ liệu HNMU; chưa map chắc từ trang in sang image page, nên để trống source_image_path."
POS-TIN7-0185,7,LM-SGK-TIN7-0001,SGK,TIN7-B01,Bài 1. Thiết bị vào – ra,"Mục 1, Trang 7 SGK",7,print_page_from_hnmu_position,,shared/learning_resources/compiled_documents/sgk_tin_hoc_7.pdf,Lớp 7.xlsx,source_evidence_hnmu_position,needs_hnmu_review,1,"Vị trí lấy từ cột Vị trí trong dữ liệu HNMU; chưa map chắc từ trang in sang image page, nên để trống source_image_path."
POS-TIN7-0186,7,LM-SGK-TIN7-0001,SGK,TIN7-B01,Bài 1. Thiết bị vào – ra,"Vận dụng 1, Trang 9 SGK",9,print_page_from_hnmu_position,,shared/learning_resources/compiled_documents/sgk_tin_hoc_7.pdf,Lớp 7.xlsx,source_evidence_hnmu_position,needs_hnmu_review,1,"Vị trí lấy từ cột Vị trí trong dữ liệu HNMU; chưa map chắc từ trang in sang image page, nên để trống source_image_path."
POS-TIN7-0187,7,LM-SGK-TIN7-0001,SGK,TIN7-B01,Bài 1. Thiết bị vào – ra,"Vận dụng 2, Trang 9 SGK",9,print_page_from_hnmu_position,,shared/learning_resources/compiled_documents/sgk_tin_hoc_7.pdf,Lớp 7.xlsx,source_evidence_hnmu_position,needs_hnmu_review,1,"Vị trí lấy từ cột Vị trí trong dữ liệu HNMU; chưa map chắc từ trang in sang image page, nên để trống source_image_path."
POS-TIN7-0188,7,LM-SGK-TIN7-0001,SGK_or_unspecified,TIN7-B01,Bài 1. Thiết bị vào – ra,Vận dụng thực tế,,hnmu_position_no_print_page,,shared/learning_resources/compiled_documents/sgk_tin_hoc_7.pdf,Lớp 7.xlsx,source_evidence_hnmu_position,needs_hnmu_review,2,"Vị trí lấy từ cột Vị trí trong dữ liệu HNMU; chưa map chắc từ trang in sang image page, nên để trống source_image_path."
POS-TIN7-0189,7,LM-SGV-TIN7-4920462481,SGV,TIN7-B01,Bài 1. Thiết bị vào – ra,"Câu 1, Trang 31 SGV",31,print_page_from_hnmu_position,,shared/learning_resources/compiled_documents/sgv_tin_hoc_7.pdf,Lớp 7.xlsx,source_evidence_hnmu_position,needs_hnmu_review,1,"Vị trí lấy từ cột Vị trí trong dữ liệu HNMU; chưa map chắc từ trang in sang image page, nên để trống source_image_path."
POS-TIN7-0190,7,LM-SGV-TIN7-4920462481,SGV,TIN7-B01,Bài 1. Thiết bị vào – ra,"Câu 2, Trang 31 SGV",31,print_page_from_hnmu_position,,shared/learning_resources/compiled_documents/sgv_tin_hoc_7.pdf,Lớp 7.xlsx,source_evidence_hnmu_position,needs_hnmu_review,1,"Vị trí lấy từ cột Vị trí trong dữ liệu HNMU; chưa map chắc từ trang in sang image page, nên để trống source_image_path."
POS-TIN7-0191,7,LM-SGV-TIN7-4920462481,SGV,TIN7-B01,Bài 1. Thiết bị vào – ra,"Câu 4, Trang 31 SGV",31,print_page_from_hnmu_position,,shared/learning_resources/compiled_documents/sgv_tin_hoc_7.pdf,Lớp 7.xlsx,source_evidence_hnmu_position,needs_hnmu_review,1,"Vị trí lấy từ cột Vị trí trong dữ liệu HNMU; chưa map chắc từ trang in sang image page, nên để trống source_image_path."
POS-TIN7-0192,7,LM-SGK-TIN7-0001,SGK,TIN7-B02,Bài 2. Phần mềm máy tính,"Mục 1, Trang 10 SGK",10,print_page_from_hnmu_position,,shared/learning_resources/compiled_documents/sgk_tin_hoc_7.pdf,Lớp 7.xlsx,source_evidence_hnmu_position,needs_hnmu_review,1,"Vị trí lấy từ cột Vị trí trong dữ liệu HNMU; chưa map chắc từ trang in sang image page, nên để trống source_image_path."
POS-TIN7-0193,7,LM-SGK-TIN7-0001,SGK,TIN7-B02,Bài 2. Phần mềm máy tính,"Mục 1, Trang 11 SGK",11,print_page_from_hnmu_position,,shared/learning_resources/compiled_documents/sgk_tin_hoc_7.pdf,Lớp 7.xlsx,source_evidence_hnmu_position,needs_hnmu_review,1,"Vị trí lấy từ cột Vị trí trong dữ liệu HNMU; chưa map chắc từ trang in sang image page, nên để trống source_image_path."
POS-TIN7-0194,7,LM-SGK-TIN7-0001,SGK,TIN7-B02,Bài 2. Phần mềm máy tính,"Mục 2, Trang 11 SGK",11,print_page_from_hnmu_position,,shared/learning_resources/compiled_documents/sgk_tin_hoc_7.pdf,Lớp 7.xlsx,source_evidence_hnmu_position,needs_hnmu_review,1,"Vị trí lấy từ cột Vị trí trong dữ liệu HNMU; chưa map chắc từ trang in sang image page, nên để trống source_image_path."
POS-TIN7-0195,7,LM-SGK-TIN7-0001,SGK,TIN7-B02,Bài 2. Phần mềm máy tính,"Mục 2, Trang 12 SGK",12,print_page_from_hnmu_position,,shared/learning_resources/compiled_documents/sgk_tin_hoc_7.pdf,Lớp 7.xlsx,source_evidence_hnmu_position,needs_hnmu_review,4,"Vị trí lấy từ cột Vị trí trong dữ liệu HNMU; chưa map chắc từ trang in sang image page, nên để trống source_image_path."
POS-TIN7-0196,7,LM-SGK-TIN7-0001,SGK_or_unspecified,TIN7-B02,Bài 2. Phần mềm máy tính,Vận dụng thực tế,,hnmu_position_no_print_page,,shared/learning_resources/compiled_documents/sgk_tin_hoc_7.pdf,Lớp 7.xlsx,source_evidence_hnmu_position,needs_hnmu_review,2,"Vị trí lấy từ cột Vị trí trong dữ liệu HNMU; chưa map chắc từ trang in sang image page, nên để trống source_image_path."
POS-TIN7-0197,7,LM-SGV-TIN7-4920462481,SGV,TIN7-B02,Bài 2. Phần mềm máy tính,"Câu 1, Trang 31 SGV",31,print_page_from_hnmu_position,,shared/learning_resources/compiled_documents/sgv_tin_hoc_7.pdf,Lớp 7.xlsx,source_evidence_hnmu_position,needs_hnmu_review,1,"Vị trí lấy từ cột Vị trí trong dữ liệu HNMU; chưa map chắc từ trang in sang image page, nên để trống source_image_path."
POS-TIN7-0198,7,LM-SGV-TIN7-4920462481,SGV,TIN7-B02,Bài 2. Phần mềm máy tính,"Hoạt động khởi động, Trang 22 SGV",22,print_page_from_hnmu_position,,shared/learning_resources/compiled_documents/sgv_tin_hoc_7.pdf,Lớp 7.xlsx,source_evidence_hnmu_position,needs_hnmu_review,1,"Vị trí lấy từ cột Vị trí trong dữ liệu HNMU; chưa map chắc từ trang in sang image page, nên để trống source_image_path."
POS-TIN7-0199,7,LM-SGV-TIN7-4920462481,SGV,TIN7-B02,Bài 2. Phần mềm máy tính,"Hộp kiến thức, Trang 24 SGV",24,print_page_from_hnmu_position,,shared/learning_resources/compiled_documents/sgv_tin_hoc_7.pdf,Lớp 7.xlsx,source_evidence_hnmu_position,needs_hnmu_review,2,"Vị trí lấy từ cột Vị trí trong dữ liệu HNMU; chưa map chắc từ trang in sang image page, nên để trống source_image_path."
POS-TIN7-0200,7,LM-SGV-TIN7-4920462481,SGV,TIN7-B02,Bài 2. Phần mềm máy tính,"Lưu ý, Trang 24 SGV",24,print_page_from_hnmu_position,,shared/learning_resources/compiled_documents/sgv_tin_hoc_7.pdf,Lớp 7.xlsx,source_evidence_hnmu_position,needs_hnmu_review,1,"Vị trí lấy từ cột Vị trí trong dữ liệu HNMU; chưa map chắc từ trang in sang image page, nên để trống source_image_path."
POS-TIN7-0201,7,LM-SGK-TIN7-0001,SGK,TIN7-B03,Bài 3. Quản lí dữ liệu trong máy tính,"Luyện tập 1, Trang 17 SGK",17,print_page_from_hnmu_position,,shared/learning_resources/compiled_documents/sgk_tin_hoc_7.pdf,Lớp 7.xlsx,source_evidence_hnmu_position,needs_hnmu_review,1,"Vị trí lấy từ cột Vị trí trong dữ liệu HNMU; chưa map chắc từ trang in sang image page, nên để trống source_image_path."
POS-TIN7-0202,7,LM-SGK-TIN7-0001,SGK,TIN7-B03,Bài 3. Quản lí dữ liệu trong máy tính,"Luyện tập 2, Trang 17 SGK",17,print_page_from_hnmu_position,,shared/learning_resources/compiled_documents/sgk_tin_hoc_7.pdf,Lớp 7.xlsx,source_evidence_hnmu_position,needs_hnmu_review,1,"Vị trí lấy từ cột Vị trí trong dữ liệu HNMU; chưa map chắc từ trang in sang image page, nên để trống source_image_path."
POS-TIN7-0203,7,LM-SGK-TIN7-0001,SGK,TIN7-B03,Bài 3. Quản lí dữ liệu trong máy tính,"Mục 1, Trang 13 SGK",13,print_page_from_hnmu_position,,shared/learning_resources/compiled_documents/sgk_tin_hoc_7.pdf,Lớp 7.xlsx,source_evidence_hnmu_position,needs_hnmu_review,2,"Vị trí lấy từ cột Vị trí trong dữ liệu HNMU; chưa map chắc từ trang in sang image page, nên để trống source_image_path."
POS-TIN7-0204,7,LM-SGK-TIN7-0001,SGK,TIN7-B03,Bài 3. Quản lí dữ liệu trong máy tính,"Mục 1, Trang 14 SGK",14,print_page_from_hnmu_position,,shared/learning_resources/compiled_documents/sgk_tin_hoc_7.pdf,Lớp 7.xlsx,source_evidence_hnmu_position,needs_hnmu_review,2,"Vị trí lấy từ cột Vị trí trong dữ liệu HNMU; chưa map chắc từ trang in sang image page, nên để trống source_image_path."
POS-TIN7-0205,7,LM-SGK-TIN7-0001,SGK,TIN7-B03,Bài 3. Quản lí dữ liệu trong máy tính,"Mục 2, Trang 14 SGK",14,print_page_from_hnmu_position,,shared/learning_resources/compiled_documents/sgk_tin_hoc_7.pdf,Lớp 7.xlsx,source_evidence_hnmu_position,needs_hnmu_review,1,"Vị trí lấy từ cột Vị trí trong dữ liệu HNMU; chưa map chắc từ trang in sang image page, nên để trống source_image_path."
POS-TIN7-0206,7,LM-SGK-TIN7-0001,SGK,TIN7-B03,Bài 3. Quản lí dữ liệu trong máy tính,"Mục 2, Trang 14-15 SGK",14,print_page_from_hnmu_position,,shared/learning_resources/compiled_documents/sgk_tin_hoc_7.pdf,Lớp 7.xlsx,source_evidence_hnmu_position,needs_hnmu_review,1,"Vị trí lấy từ cột Vị trí trong dữ liệu HNMU; chưa map chắc từ trang in sang image page, nên để trống source_image_path."
POS-TIN7-0207,7,LM-SGK-TIN7-0001,SGK,TIN7-B03,Bài 3. Quản lí dữ liệu trong máy tính,"Mục 2, Trang 15 SGK",15,print_page_from_hnmu_position,,shared/learning_resources/compiled_documents/sgk_tin_hoc_7.pdf,Lớp 7.xlsx,source_evidence_hnmu_position,needs_hnmu_review,2,"Vị trí lấy từ cột Vị trí trong dữ liệu HNMU; chưa map chắc từ trang in sang image page, nên để trống source_image_path."
POS-TIN7-0208,7,LM-SGK-TIN7-0001,SGK,TIN7-B03,Bài 3. Quản lí dữ liệu trong máy tính,Mục 2. Trang 14-15 SGK,14,print_page_from_hnmu_position,,shared/learning_resources/compiled_documents/sgk_tin_hoc_7.pdf,Lớp 7.xlsx,source_evidence_hnmu_position,needs_hnmu_review,1,"Vị trí lấy từ cột Vị trí trong dữ liệu HNMU; chưa map chắc từ trang in sang image page, nên để trống source_image_path."
POS-TIN7-0209,7,LM-SGK-TIN7-0001,SGK,TIN7-B03,Bài 3. Quản lí dữ liệu trong máy tính,Mục 3. Trang 17 SGK,17,print_page_from_hnmu_position,,shared/learning_resources/compiled_documents/sgk_tin_hoc_7.pdf,Lớp 7.xlsx,source_evidence_hnmu_position,needs_hnmu_review,1,"Vị trí lấy từ cột Vị trí trong dữ liệu HNMU; chưa map chắc từ trang in sang image page, nên để trống source_image_path."
POS-TIN7-0210,7,LM-SGK-TIN7-0001,SGK,TIN7-B03,Bài 3. Quản lí dữ liệu trong máy tính,"Vận dụng 1, Trang 17 SGK",17,print_page_from_hnmu_position,,shared/learning_resources/compiled_documents/sgk_tin_hoc_7.pdf,Lớp 7.xlsx,source_evidence_hnmu_position,needs_hnmu_review,1,"Vị trí lấy từ cột Vị trí trong dữ liệu HNMU; chưa map chắc từ trang in sang image page, nên để trống source_image_path."
POS-TIN7-0211,7,LM-SGV-TIN7-4920462481,SGV,TIN7-B03,Bài 3. Quản lí dữ liệu trong máy tính,Trang 29 SGV,29,print_page_from_hnmu_position,,shared/learning_resources/compiled_documents/sgv_tin_hoc_7.pdf,Lớp 7.xlsx,source_evidence_hnmu_position,needs_hnmu_review,1,"Vị trí lấy từ cột Vị trí trong dữ liệu HNMU; chưa map chắc từ trang in sang image page, nên để trống source_image_path."
POS-TIN7-0212,7,LM-SGK-TIN7-0001,SGK,TIN7-B04,Bài 4. Mạng xã hội và một số kênh trao đổi thông tin trên Internet,Luyện tâp 2.c. Trang 22 SGK,22,print_page_from_hnmu_position,,shared/learning_resources/compiled_documents/sgk_tin_hoc_7.pdf,Lớp 7.xlsx,source_evidence_hnmu_position,needs_hnmu_review,1,"Vị trí lấy từ cột Vị trí trong dữ liệu HNMU; chưa map chắc từ trang in sang image page, nên để trống source_image_path."
POS-TIN7-0213,7,LM-SGK-TIN7-0001,SGK,TIN7-B04,Bài 4. Mạng xã hội và một số kênh trao đổi thông tin trên Internet,"Mục 1, Trang 19 SGK",19,print_page_from_hnmu_position,,shared/learning_resources/compiled_documents/sgk_tin_hoc_7.pdf,Lớp 7.xlsx,source_evidence_hnmu_position,needs_hnmu_review,3,"Vị trí lấy từ cột Vị trí trong dữ liệu HNMU; chưa map chắc từ trang in sang image page, nên để trống source_image_path."
POS-TIN7-0214,7,LM-SGK-TIN7-0001,SGK,TIN7-B04,Bài 4. Mạng xã hội và một số kênh trao đổi thông tin trên Internet,Mục 1. Trang 19 SGK,19,print_page_from_hnmu_position,,shared/learning_resources/compiled_documents/sgk_tin_hoc_7.pdf,Lớp 7.xlsx,source_evidence_hnmu_position,needs_hnmu_review,1,"Vị trí lấy từ cột Vị trí trong dữ liệu HNMU; chưa map chắc từ trang in sang image page, nên để trống source_image_path."
POS-TIN7-0215,7,LM-SGK-TIN7-0001,SGK,TIN7-B04,Bài 4. Mạng xã hội và một số kênh trao đổi thông tin trên Internet,"Mục 1.b, Trang 19 SGK",19,print_page_from_hnmu_position,,shared/learning_resources/compiled_documents/sgk_tin_hoc_7.pdf,Lớp 7.xlsx,source_evidence_hnmu_position,needs_hnmu_review,4,"Vị trí lấy từ cột Vị trí trong dữ liệu HNMU; chưa map chắc từ trang in sang image page, nên để trống source_image_path."
POS-TIN7-0216,7,LM-SGK-TIN7-0001,SGK,TIN7-B04,Bài 4. Mạng xã hội và một số kênh trao đổi thông tin trên Internet,Mục 1.b. Trang 19 SGK,19,print_page_from_hnmu_position,,shared/learning_resources/compiled_documents/sgk_tin_hoc_7.pdf,Lớp 7.xlsx,source_evidence_hnmu_position,needs_hnmu_review,1,"Vị trí lấy từ cột Vị trí trong dữ liệu HNMU; chưa map chắc từ trang in sang image page, nên để trống source_image_path."
POS-TIN7-0217,7,LM-SGK-TIN7-0001,SGK_or_unspecified,TIN7-B04,Bài 4. Mạng xã hội và một số kênh trao đổi thông tin trên Internet,Vận dung thực tế,,hnmu_position_no_print_page,,shared/learning_resources/compiled_documents/sgk_tin_hoc_7.pdf,Lớp 7.xlsx,source_evidence_hnmu_position,needs_hnmu_review,1,"Vị trí lấy từ cột Vị trí trong dữ liệu HNMU; chưa map chắc từ trang in sang image page, nên để trống source_image_path."
POS-TIN7-0218,7,LM-SGK-TIN7-0001,SGK_or_unspecified,TIN7-B04,Bài 4. Mạng xã hội và một số kênh trao đổi thông tin trên Internet,Vận dụng thực tế,,hnmu_position_no_print_page,,shared/learning_resources/compiled_documents/sgk_tin_hoc_7.pdf,Lớp 7.xlsx,source_evidence_hnmu_position,needs_hnmu_review,2,"Vị trí lấy từ cột Vị trí trong dữ liệu HNMU; chưa map chắc từ trang in sang image page, nên để trống source_image_path."
POS-TIN7-0219,7,LM-SGV-TIN7-4920462481,SGV,TIN7-B04,Bài 4. Mạng xã hội và một số kênh trao đổi thông tin trên Internet,"Lưu ý, Trang 36 SGV",36,print_page_from_hnmu_position,,shared/learning_resources/compiled_documents/sgv_tin_hoc_7.pdf,Lớp 7.xlsx,source_evidence_hnmu_position,needs_hnmu_review,1,"Vị trí lấy từ cột Vị trí trong dữ liệu HNMU; chưa map chắc từ trang in sang image page, nên để trống source_image_path."
POS-TIN7-0220,7,LM-SGK-TIN7-0001,SGK,TIN7-B05,Bài 5. Ứng xử trên mạng,"Câu hỏi 1, Trang 24 SGK",24,print_page_from_hnmu_position,,shared/learning_resources/compiled_documents/sgk_tin_hoc_7.pdf,Lớp 7.xlsx,source_evidence_hnmu_position,needs_hnmu_review,1,"Vị trí lấy từ cột Vị trí trong dữ liệu HNMU; chưa map chắc từ trang in sang image page, nên để trống source_image_path."
POS-TIN7-0221,7,LM-SGK-TIN7-0001,SGK,TIN7-B05,Bài 5. Ứng xử trên mạng,"Hoạt động 5, Trang 26 SGK",26,print_page_from_hnmu_position,,shared/learning_resources/compiled_documents/sgk_tin_hoc_7.pdf,Lớp 7.xlsx,source_evidence_hnmu_position,needs_hnmu_review,1,"Vị trí lấy từ cột Vị trí trong dữ liệu HNMU; chưa map chắc từ trang in sang image page, nên để trống source_image_path."
POS-TIN7-0222,7,LM-SGK-TIN7-0001,SGK,TIN7-B05,Bài 5. Ứng xử trên mạng,"Luyện tập 1, Trang 27 SGK",27,print_page_from_hnmu_position,,shared/learning_resources/compiled_documents/sgk_tin_hoc_7.pdf,Lớp 7.xlsx,source_evidence_hnmu_position,needs_hnmu_review,1,"Vị trí lấy từ cột Vị trí trong dữ liệu HNMU; chưa map chắc từ trang in sang image page, nên để trống source_image_path."
POS-TIN7-0223,7,LM-SGK-TIN7-0001,SGK,TIN7-B05,Bài 5. Ứng xử trên mạng,"Mục 1, Trang 23-24 SGK",23,print_page_from_hnmu_position,,shared/learning_resources/compiled_documents/sgk_tin_hoc_7.pdf,Lớp 7.xlsx,source_evidence_hnmu_position,needs_hnmu_review,1,"Vị trí lấy từ cột Vị trí trong dữ liệu HNMU; chưa map chắc từ trang in sang image page, nên để trống source_image_path."
POS-TIN7-0224,7,LM-SGK-TIN7-0001,SGK,TIN7-B05,Bài 5. Ứng xử trên mạng,"Mục 2, Trang 24 SGK",24,print_page_from_hnmu_position,,shared/learning_resources/compiled_documents/sgk_tin_hoc_7.pdf,Lớp 7.xlsx,source_evidence_hnmu_position,needs_hnmu_review,2,"Vị trí lấy từ cột Vị trí trong dữ liệu HNMU; chưa map chắc từ trang in sang image page, nên để trống source_image_path."
POS-TIN7-0225,7,LM-SGK-TIN7-0001,SGK,TIN7-B05,Bài 5. Ứng xử trên mạng,"Mục 2, Trang 25-26 SGK",25,print_page_from_hnmu_position,,shared/learning_resources/compiled_documents/sgk_tin_hoc_7.pdf,Lớp 7.xlsx,source_evidence_hnmu_position,needs_hnmu_review,1,"Vị trí lấy từ cột Vị trí trong dữ liệu HNMU; chưa map chắc từ trang in sang image page, nên để trống source_image_path."
POS-TIN7-0226,7,LM-SGK-TIN7-0001,SGK,TIN7-B05,Bài 5. Ứng xử trên mạng,"Mục 3, Trang 26 SGK",26,print_page_from_hnmu_position,,shared/learning_resources/compiled_documents/sgk_tin_hoc_7.pdf,Lớp 7.xlsx,source_evidence_hnmu_position,needs_hnmu_review,2,"Vị trí lấy từ cột Vị trí trong dữ liệu HNMU; chưa map chắc từ trang in sang image page, nên để trống source_image_path."
POS-TIN7-0227,7,LM-SGK-TIN7-0001,SGK,TIN7-B05,Bài 5. Ứng xử trên mạng,"Vận dụng 1, Trang 27 SGK",27,print_page_from_hnmu_position,,shared/learning_resources/compiled_documents/sgk_tin_hoc_7.pdf,Lớp 7.xlsx,source_evidence_hnmu_position,needs_hnmu_review,1,"Vị trí lấy từ cột Vị trí trong dữ liệu HNMU; chưa map chắc từ trang in sang image page, nên để trống source_image_path."
POS-TIN7-0228,7,LM-SGK-TIN7-0001,SGK,TIN7-B05,Bài 5. Ứng xử trên mạng,"Vận dụng 2, Trang 27 SGK",27,print_page_from_hnmu_position,,shared/learning_resources/compiled_documents/sgk_tin_hoc_7.pdf,Lớp 7.xlsx,source_evidence_hnmu_position,needs_hnmu_review,1,"Vị trí lấy từ cột Vị trí trong dữ liệu HNMU; chưa map chắc từ trang in sang image page, nên để trống source_image_path."
POS-TIN7-0229,7,LM-SGK-TIN7-0001,SGK_or_unspecified,TIN7-B05,Bài 5. Ứng xử trên mạng,Vận dụng thực tế,,hnmu_position_no_print_page,,shared/learning_resources/compiled_documents/sgk_tin_hoc_7.pdf,Lớp 7.xlsx,source_evidence_hnmu_position,needs_hnmu_review,2,"Vị trí lấy từ cột Vị trí trong dữ liệu HNMU; chưa map chắc từ trang in sang image page, nên để trống source_image_path."
POS-TIN7-0230,7,LM-SGV-TIN7-4920462481,SGV,TIN7-B05,Bài 5. Ứng xử trên mạng,"Lưu ý, Trang 36 SGV",36,print_page_from_hnmu_position,,shared/learning_resources/compiled_documents/sgv_tin_hoc_7.pdf,Lớp 7.xlsx,source_evidence_hnmu_position,needs_hnmu_review,1,"Vị trí lấy từ cột Vị trí trong dữ liệu HNMU; chưa map chắc từ trang in sang image page, nên để trống source_image_path."
POS-TIN7-0231,7,LM-SGK-TIN7-0001,SGK,TIN7-B06,Bài 6. Làm quen với phần mềm bảng tính,Hình 4.2 (Tr. 42 SGK),42,print_page_from_hnmu_position,,shared/learning_resources/compiled_documents/sgk_tin_hoc_7.pdf,Lớp 7.xlsx,source_evidence_hnmu_position,needs_hnmu_review,1,"Vị trí lấy từ cột Vị trí trong dữ liệu HNMU; chưa map chắc từ trang in sang image page, nên để trống source_image_path."
POS-TIN7-0232,7,LM-SGK-TIN7-0001,SGK,TIN7-B06,Bài 6. Làm quen với phần mềm bảng tính,Mục 1. Giao diện (Tr. 41 SGK),41,print_page_from_hnmu_position,,shared/learning_resources/compiled_documents/sgk_tin_hoc_7.pdf,Lớp 7.xlsx,source_evidence_hnmu_position,needs_hnmu_review,1,"Vị trí lấy từ cột Vị trí trong dữ liệu HNMU; chưa map chắc từ trang in sang image page, nên để trống source_image_path."
POS-TIN7-0233,7,LM-SGK-TIN7-0001,SGK,TIN7-B06,Bài 6. Làm quen với phần mềm bảng tính,Mục 1. Giao diện (Tr. 42 SGK),42,print_page_from_hnmu_position,,shared/learning_resources/compiled_documents/sgk_tin_hoc_7.pdf,Lớp 7.xlsx,source_evidence_hnmu_position,needs_hnmu_review,5,"Vị trí lấy từ cột Vị trí trong dữ liệu HNMU; chưa map chắc từ trang in sang image page, nên để trống source_image_path."
POS-TIN7-0234,7,LM-SGK-TIN7-0001,SGK,TIN7-B06,Bài 6. Làm quen với phần mềm bảng tính,Mục 1. Hoạt động 1 (Tr. 41 SGK),41,print_page_from_hnmu_position,,shared/learning_resources/compiled_documents/sgk_tin_hoc_7.pdf,Lớp 7.xlsx,source_evidence_hnmu_position,needs_hnmu_review,1,"Vị trí lấy từ cột Vị trí trong dữ liệu HNMU; chưa map chắc từ trang in sang image page, nên để trống source_image_path."
POS-TIN7-0235,7,LM-SGK-TIN7-0001,SGK,TIN7-B06,Bài 6. Làm quen với phần mềm bảng tính,Mục 1. Kiến thức mới (Tr. 42 SGK),42,print_page_from_hnmu_position,,shared/learning_resources/compiled_documents/sgk_tin_hoc_7.pdf,Lớp 7.xlsx,source_evidence_hnmu_position,needs_hnmu_review,1,"Vị trí lấy từ cột Vị trí trong dữ liệu HNMU; chưa map chắc từ trang in sang image page, nên để trống source_image_path."
POS-TIN7-0236,7,LM-SGK-TIN7-0001,SGK,TIN7-B06,Bài 6. Làm quen với phần mềm bảng tính,Mục 2. Lưu ý (Tr. 46 SGK),46,print_page_from_hnmu_position,,shared/learning_resources/compiled_documents/sgk_tin_hoc_7.pdf,Lớp 7.xlsx,source_evidence_hnmu_position,needs_hnmu_review,1,"Vị trí lấy từ cột Vị trí trong dữ liệu HNMU; chưa map chắc từ trang in sang image page, nên để trống source_image_path."
POS-TIN7-0237,7,LM-SGK-TIN7-0001,SGK,TIN7-B06,Bài 6. Làm quen với phần mềm bảng tính,Mục 2. Nhập dữ liệu (Tr. 44 SGK),44,print_page_from_hnmu_position,,shared/learning_resources/compiled_documents/sgk_tin_hoc_7.pdf,Lớp 7.xlsx,source_evidence_hnmu_position,needs_hnmu_review,1,"Vị trí lấy từ cột Vị trí trong dữ liệu HNMU; chưa map chắc từ trang in sang image page, nên để trống source_image_path."
POS-TIN7-0238,7,LM-SGK-TIN7-0001,SGK,TIN7-B06,Bài 6. Làm quen với phần mềm bảng tính,Mục 3. Thực hành (Tr. 46 SGK),46,print_page_from_hnmu_position,,shared/learning_resources/compiled_documents/sgk_tin_hoc_7.pdf,Lớp 7.xlsx,source_evidence_hnmu_position,needs_hnmu_review,1,"Vị trí lấy từ cột Vị trí trong dữ liệu HNMU; chưa map chắc từ trang in sang image page, nên để trống source_image_path."
POS-TIN7-0239,7,LM-SGV-TIN7-4920462481,SGV,TIN7-B06,Bài 6. Làm quen với phần mềm bảng tính,Luyện tập 2 (Tr. 74 SGV),74,print_page_from_hnmu_position,,shared/learning_resources/compiled_documents/sgv_tin_hoc_7.pdf,Lớp 7.xlsx,source_evidence_hnmu_position,needs_hnmu_review,1,"Vị trí lấy từ cột Vị trí trong dữ liệu HNMU; chưa map chắc từ trang in sang image page, nên để trống source_image_path."
POS-TIN7-0240,7,LM-SGV-TIN7-4920462481,SGV,TIN7-B06,Bài 6. Làm quen với phần mềm bảng tính,SGV Tr. 74,74,print_page_from_hnmu_position,,shared/learning_resources/compiled_documents/sgv_tin_hoc_7.pdf,Lớp 7.xlsx,source_evidence_hnmu_position,needs_hnmu_review,1,"Vị trí lấy từ cột Vị trí trong dữ liệu HNMU; chưa map chắc từ trang in sang image page, nên để trống source_image_path."
POS-TIN7-0241,7,LM-SGK-TIN7-0001,SGK,TIN7-B07,Bài 7. Tính toán tự động trên bảng tính,Câu hỏi 2 (Tr. 48 SGK),48,print_page_from_hnmu_position,,shared/learning_resources/compiled_documents/sgk_tin_hoc_7.pdf,Lớp 7.xlsx,source_evidence_hnmu_position,needs_hnmu_review,1,"Vị trí lấy từ cột Vị trí trong dữ liệu HNMU; chưa map chắc từ trang in sang image page, nên để trống source_image_path."
POS-TIN7-0242,7,LM-SGK-TIN7-0001,SGK,TIN7-B07,Bài 7. Tính toán tự động trên bảng tính,Mục 1. Kiểu dữ liệu (Tr. 47 SGK),47,print_page_from_hnmu_position,,shared/learning_resources/compiled_documents/sgk_tin_hoc_7.pdf,Lớp 7.xlsx,source_evidence_hnmu_position,needs_hnmu_review,1,"Vị trí lấy từ cột Vị trí trong dữ liệu HNMU; chưa map chắc từ trang in sang image page, nên để trống source_image_path."
POS-TIN7-0243,7,LM-SGK-TIN7-0001,SGK,TIN7-B07,Bài 7. Tính toán tự động trên bảng tính,Mục 2. Công thức (Tr. 48 SGK),48,print_page_from_hnmu_position,,shared/learning_resources/compiled_documents/sgk_tin_hoc_7.pdf,Lớp 7.xlsx,source_evidence_hnmu_position,needs_hnmu_review,6,"Vị trí lấy từ cột Vị trí trong dữ liệu HNMU; chưa map chắc từ trang in sang image page, nên để trống source_image_path."
POS-TIN7-0244,7,LM-SGK-TIN7-0001,SGK,TIN7-B07,Bài 7. Tính toán tự động trên bảng tính,Mục 2. Kiến thức mới (Tr. 48 SGK),48,print_page_from_hnmu_position,,shared/learning_resources/compiled_documents/sgk_tin_hoc_7.pdf,Lớp 7.xlsx,source_evidence_hnmu_position,needs_hnmu_review,1,"Vị trí lấy từ cột Vị trí trong dữ liệu HNMU; chưa map chắc từ trang in sang image page, nên để trống source_image_path."
POS-TIN7-0245,7,LM-SGK-TIN7-0001,SGK,TIN7-B07,Bài 7. Tính toán tự động trên bảng tính,Mục 2. Thực hành (Tr. 49 SGK),49,print_page_from_hnmu_position,,shared/learning_resources/compiled_documents/sgk_tin_hoc_7.pdf,Lớp 7.xlsx,source_evidence_hnmu_position,needs_hnmu_review,1,"Vị trí lấy từ cột Vị trí trong dữ liệu HNMU; chưa map chắc từ trang in sang image page, nên để trống source_image_path."
POS-TIN7-0246,7,LM-SGV-TIN7-4920462481,SGV,TIN7-B07,Bài 7. Tính toán tự động trên bảng tính,Luyện tập 1 (Tr. 51 SGV),51,print_page_from_hnmu_position,,shared/learning_resources/compiled_documents/sgv_tin_hoc_7.pdf,Lớp 7.xlsx,source_evidence_hnmu_position,needs_hnmu_review,1,"Vị trí lấy từ cột Vị trí trong dữ liệu HNMU; chưa map chắc từ trang in sang image page, nên để trống source_image_path."
POS-TIN7-0247,7,LM-SGV-TIN7-4920462481,SGV,TIN7-B07,Bài 7. Tính toán tự động trên bảng tính,Luyện tập 2 (Tr. 51 SGV),51,print_page_from_hnmu_position,,shared/learning_resources/compiled_documents/sgv_tin_hoc_7.pdf,Lớp 7.xlsx,source_evidence_hnmu_position,needs_hnmu_review,1,"Vị trí lấy từ cột Vị trí trong dữ liệu HNMU; chưa map chắc từ trang in sang image page, nên để trống source_image_path."
POS-TIN7-0248,7,LM-SGV-TIN7-4920462481,SGV,TIN7-B07,Bài 7. Tính toán tự động trên bảng tính,Mục 3. Lưu ý (Tr. 51 SGV),51,print_page_from_hnmu_position,,shared/learning_resources/compiled_documents/sgv_tin_hoc_7.pdf,Lớp 7.xlsx,source_evidence_hnmu_position,needs_hnmu_review,1,"Vị trí lấy từ cột Vị trí trong dữ liệu HNMU; chưa map chắc từ trang in sang image page, nên để trống source_image_path."
POS-TIN7-0249,7,LM-SGV-TIN7-4920462481,SGV,TIN7-B07,Bài 7. Tính toán tự động trên bảng tính,Mục 4. Thực hành (Tr. 51 SGV),51,print_page_from_hnmu_position,,shared/learning_resources/compiled_documents/sgv_tin_hoc_7.pdf,Lớp 7.xlsx,source_evidence_hnmu_position,needs_hnmu_review,1,"Vị trí lấy từ cột Vị trí trong dữ liệu HNMU; chưa map chắc từ trang in sang image page, nên để trống source_image_path."
POS-TIN7-0250,7,LM-SGK-TIN7-0001,SGK,TIN7-B08,Bài 8. Công cụ hỗ trợ tính toán,Câu hỏi 1 (Tr. 52 SGK),52,print_page_from_hnmu_position,,shared/learning_resources/compiled_documents/sgk_tin_hoc_7.pdf,Lớp 7.xlsx,source_evidence_hnmu_position,needs_hnmu_review,1,"Vị trí lấy từ cột Vị trí trong dữ liệu HNMU; chưa map chắc từ trang in sang image page, nên để trống source_image_path."
POS-TIN7-0251,7,LM-SGK-TIN7-0001,SGK,TIN7-B08,Bài 8. Công cụ hỗ trợ tính toán,Câu hỏi 5 (Tr. 52 SGK),52,print_page_from_hnmu_position,,shared/learning_resources/compiled_documents/sgk_tin_hoc_7.pdf,Lớp 7.xlsx,source_evidence_hnmu_position,needs_hnmu_review,1,"Vị trí lấy từ cột Vị trí trong dữ liệu HNMU; chưa map chắc từ trang in sang image page, nên để trống source_image_path."
POS-TIN7-0252,7,LM-SGK-TIN7-0001,SGK,TIN7-B08,Bài 8. Công cụ hỗ trợ tính toán,Câu hỏi 6 (Tr. 53 SGK),53,print_page_from_hnmu_position,,shared/learning_resources/compiled_documents/sgk_tin_hoc_7.pdf,Lớp 7.xlsx,source_evidence_hnmu_position,needs_hnmu_review,1,"Vị trí lấy từ cột Vị trí trong dữ liệu HNMU; chưa map chắc từ trang in sang image page, nên để trống source_image_path."
POS-TIN7-0253,7,LM-SGK-TIN7-0001,SGK,TIN7-B08,Bài 8. Công cụ hỗ trợ tính toán,Hoạt động 1 (Tr. 52 SGK),52,print_page_from_hnmu_position,,shared/learning_resources/compiled_documents/sgk_tin_hoc_7.pdf,Lớp 7.xlsx,source_evidence_hnmu_position,needs_hnmu_review,1,"Vị trí lấy từ cột Vị trí trong dữ liệu HNMU; chưa map chắc từ trang in sang image page, nên để trống source_image_path."
POS-TIN7-0254,7,LM-SGK-TIN7-0001,SGK,TIN7-B08,Bài 8. Công cụ hỗ trợ tính toán,Hình 8.2 (Tr. 52 SGK),52,print_page_from_hnmu_position,,shared/learning_resources/compiled_documents/sgk_tin_hoc_7.pdf,Lớp 7.xlsx,source_evidence_hnmu_position,needs_hnmu_review,1,"Vị trí lấy từ cột Vị trí trong dữ liệu HNMU; chưa map chắc từ trang in sang image page, nên để trống source_image_path."
POS-TIN7-0255,7,LM-SGK-TIN7-0001,SGK,TIN7-B08,Bài 8. Công cụ hỗ trợ tính toán,Luyện tập (Tr. 54 SGK),54,print_page_from_hnmu_position,,shared/learning_resources/compiled_documents/sgk_tin_hoc_7.pdf,Lớp 7.xlsx,source_evidence_hnmu_position,needs_hnmu_review,1,"Vị trí lấy từ cột Vị trí trong dữ liệu HNMU; chưa map chắc từ trang in sang image page, nên để trống source_image_path."
POS-TIN7-0256,7,LM-SGK-TIN7-0001,SGK,TIN7-B08,Bài 8. Công cụ hỗ trợ tính toán,Mục 1. Hàm (Tr. 52 SGK),52,print_page_from_hnmu_position,,shared/learning_resources/compiled_documents/sgk_tin_hoc_7.pdf,Lớp 7.xlsx,source_evidence_hnmu_position,needs_hnmu_review,2,"Vị trí lấy từ cột Vị trí trong dữ liệu HNMU; chưa map chắc từ trang in sang image page, nên để trống source_image_path."
POS-TIN7-0257,7,LM-SGK-TIN7-0001,SGK,TIN7-B08,Bài 8. Công cụ hỗ trợ tính toán,Mục 1. Lưu ý (Tr. 53 SGK),53,print_page_from_hnmu_position,,shared/learning_resources/compiled_documents/sgk_tin_hoc_7.pdf,Lớp 7.xlsx,source_evidence_hnmu_position,needs_hnmu_review,1,"Vị trí lấy từ cột Vị trí trong dữ liệu HNMU; chưa map chắc từ trang in sang image page, nên để trống source_image_path."
POS-TIN7-0258,7,LM-SGK-TIN7-0001,SGK,TIN7-B08,Bài 8. Công cụ hỗ trợ tính toán,Mục 3. Thực hành (Tr. 53 SGK),53,print_page_from_hnmu_position,,shared/learning_resources/compiled_documents/sgk_tin_hoc_7.pdf,Lớp 7.xlsx,source_evidence_hnmu_position,needs_hnmu_review,1,"Vị trí lấy từ cột Vị trí trong dữ liệu HNMU; chưa map chắc từ trang in sang image page, nên để trống source_image_path."
POS-TIN7-0259,7,LM-SGK-TIN7-0001,SGK,TIN7-B08,Bài 8. Công cụ hỗ trợ tính toán,Thực hành (Tr. 53 SGK),53,print_page_from_hnmu_position,,shared/learning_resources/compiled_documents/sgk_tin_hoc_7.pdf,Lớp 7.xlsx,source_evidence_hnmu_position,needs_hnmu_review,1,"Vị trí lấy từ cột Vị trí trong dữ liệu HNMU; chưa map chắc từ trang in sang image page, nên để trống source_image_path."
POS-TIN7-0260,7,LM-SGK-TIN7-0001,SGK,TIN7-B08,Bài 8. Công cụ hỗ trợ tính toán,Vận dụng (Tr. 54 SGK),54,print_page_from_hnmu_position,,shared/learning_resources/compiled_documents/sgk_tin_hoc_7.pdf,Lớp 7.xlsx,source_evidence_hnmu_position,needs_hnmu_review,2,"Vị trí lấy từ cột Vị trí trong dữ liệu HNMU; chưa map chắc từ trang in sang image page, nên để trống source_image_path."
POS-TIN7-0261,7,LM-SGV-TIN7-4920462481,SGV,TIN7-B08,Bài 8. Công cụ hỗ trợ tính toán,SGV Tr. 78,78,print_page_from_hnmu_position,,shared/learning_resources/compiled_documents/sgv_tin_hoc_7.pdf,Lớp 7.xlsx,source_evidence_hnmu_position,needs_hnmu_review,1,"Vị trí lấy từ cột Vị trí trong dữ liệu HNMU; chưa map chắc từ trang in sang image page, nên để trống source_image_path."
POS-TIN7-0262,7,LM-SGK-TIN7-0001,SGK,TIN7-B09,Bài 9. Trình bày bảng tính,Hoạt động 1 (Tr. 57 SGK),57,print_page_from_hnmu_position,,shared/learning_resources/compiled_documents/sgk_tin_hoc_7.pdf,Lớp 7.xlsx,source_evidence_hnmu_position,needs_hnmu_review,1,"Vị trí lấy từ cột Vị trí trong dữ liệu HNMU; chưa map chắc từ trang in sang image page, nên để trống source_image_path."
POS-TIN7-0263,7,LM-SGK-TIN7-0001,SGK,TIN7-B09,Bài 9. Trình bày bảng tính,Mục 1. Kiến thức mới (Tr. 57 SGK),57,print_page_from_hnmu_position,,shared/learning_resources/compiled_documents/sgk_tin_hoc_7.pdf,Lớp 7.xlsx,source_evidence_hnmu_position,needs_hnmu_review,1,"Vị trí lấy từ cột Vị trí trong dữ liệu HNMU; chưa map chắc từ trang in sang image page, nên để trống source_image_path."
POS-TIN7-0264,7,LM-SGK-TIN7-0001,SGK,TIN7-B09,Bài 9. Trình bày bảng tính,Mục 1. Định dạng dữ liệu (Tr. 57 SGK),57,print_page_from_hnmu_position,,shared/learning_resources/compiled_documents/sgk_tin_hoc_7.pdf,Lớp 7.xlsx,source_evidence_hnmu_position,needs_hnmu_review,1,"Vị trí lấy từ cột Vị trí trong dữ liệu HNMU; chưa map chắc từ trang in sang image page, nên để trống source_image_path."
POS-TIN7-0265,7,LM-SGK-TIN7-0001,SGK,TIN7-B09,Bài 9. Trình bày bảng tính,Mục 2. Các bước thực hiện (Tr. 58 SGK),58,print_page_from_hnmu_position,,shared/learning_resources/compiled_documents/sgk_tin_hoc_7.pdf,Lớp 7.xlsx,source_evidence_hnmu_position,needs_hnmu_review,1,"Vị trí lấy từ cột Vị trí trong dữ liệu HNMU; chưa map chắc từ trang in sang image page, nên để trống source_image_path."
POS-TIN7-0266,7,LM-SGK-TIN7-0001,SGK,TIN7-B09,Bài 9. Trình bày bảng tính,Mục 2. Lưu ý (Tr. 59 SGK),59,print_page_from_hnmu_position,,shared/learning_resources/compiled_documents/sgk_tin_hoc_7.pdf,Lớp 7.xlsx,source_evidence_hnmu_position,needs_hnmu_review,1,"Vị trí lấy từ cột Vị trí trong dữ liệu HNMU; chưa map chắc từ trang in sang image page, nên để trống source_image_path."
POS-TIN7-0267,7,LM-SGK-TIN7-0001,SGK,TIN7-B09,Bài 9. Trình bày bảng tính,Mục 2. Trình bày bảng tính (Tr. 58 SGK),58,print_page_from_hnmu_position,,shared/learning_resources/compiled_documents/sgk_tin_hoc_7.pdf,Lớp 7.xlsx,source_evidence_hnmu_position,needs_hnmu_review,1,"Vị trí lấy từ cột Vị trí trong dữ liệu HNMU; chưa map chắc từ trang in sang image page, nên để trống source_image_path."
POS-TIN7-0268,7,LM-SGK-TIN7-0001,SGK,TIN7-B09,Bài 9. Trình bày bảng tính,Mục 2. Trình bày bảng tính (Tr. 59 SGK),59,print_page_from_hnmu_position,,shared/learning_resources/compiled_documents/sgk_tin_hoc_7.pdf,Lớp 7.xlsx,source_evidence_hnmu_position,needs_hnmu_review,2,"Vị trí lấy từ cột Vị trí trong dữ liệu HNMU; chưa map chắc từ trang in sang image page, nên để trống source_image_path."
POS-TIN7-0269,7,LM-SGK-TIN7-0001,SGK,TIN7-B09,Bài 9. Trình bày bảng tính,Mục 3. Thực hành (Tr. 60 SGK),60,print_page_from_hnmu_position,,shared/learning_resources/compiled_documents/sgk_tin_hoc_7.pdf,Lớp 7.xlsx,source_evidence_hnmu_position,needs_hnmu_review,2,"Vị trí lấy từ cột Vị trí trong dữ liệu HNMU; chưa map chắc từ trang in sang image page, nên để trống source_image_path."
POS-TIN7-0270,7,LM-SGK-TIN7-0001,SGK,TIN7-B09,Bài 9. Trình bày bảng tính,Vận dụng (Tr. 63 SGK),63,print_page_from_hnmu_position,,shared/learning_resources/compiled_documents/sgk_tin_hoc_7.pdf,Lớp 7.xlsx,source_evidence_hnmu_position,needs_hnmu_review,1,"Vị trí lấy từ cột Vị trí trong dữ liệu HNMU; chưa map chắc từ trang in sang image page, nên để trống source_image_path."
POS-TIN7-0271,7,LM-SGV-TIN7-4920462481,SGV,TIN7-B09,Bài 9. Trình bày bảng tính,Câu hỏi 1 (Tr. 75 SGV),75,print_page_from_hnmu_position,,shared/learning_resources/compiled_documents/sgv_tin_hoc_7.pdf,Lớp 7.xlsx,source_evidence_hnmu_position,needs_hnmu_review,1,"Vị trí lấy từ cột Vị trí trong dữ liệu HNMU; chưa map chắc từ trang in sang image page, nên để trống source_image_path."
POS-TIN7-0272,7,LM-SGV-TIN7-4920462481,SGV,TIN7-B09,Bài 9. Trình bày bảng tính,Câu hỏi 2 (Tr. 75 SGV),75,print_page_from_hnmu_position,,shared/learning_resources/compiled_documents/sgv_tin_hoc_7.pdf,Lớp 7.xlsx,source_evidence_hnmu_position,needs_hnmu_review,1,"Vị trí lấy từ cột Vị trí trong dữ liệu HNMU; chưa map chắc từ trang in sang image page, nên để trống source_image_path."
POS-TIN7-0273,7,LM-SGV-TIN7-4920462481,SGV,TIN7-B09,Bài 9. Trình bày bảng tính,Câu hỏi 3-4 (Tr. 75 SGV),75,print_page_from_hnmu_position,,shared/learning_resources/compiled_documents/sgv_tin_hoc_7.pdf,Lớp 7.xlsx,source_evidence_hnmu_position,needs_hnmu_review,1,"Vị trí lấy từ cột Vị trí trong dữ liệu HNMU; chưa map chắc từ trang in sang image page, nên để trống source_image_path."
POS-TIN7-0274,7,LM-SGK-TIN7-0001,SGK,TIN7-B10,Bài 10. Hoàn thiện bảng tính,Hoạt động 1 (Tr. 61 SGK),61,print_page_from_hnmu_position,,shared/learning_resources/compiled_documents/sgk_tin_hoc_7.pdf,Lớp 7.xlsx,source_evidence_hnmu_position,needs_hnmu_review,1,"Vị trí lấy từ cột Vị trí trong dữ liệu HNMU; chưa map chắc từ trang in sang image page, nên để trống source_image_path."
POS-TIN7-0275,7,LM-SGK-TIN7-0001,SGK,TIN7-B10,Bài 10. Hoàn thiện bảng tính,Luyện tập 2 (Tr. 63 SGK),63,print_page_from_hnmu_position,,shared/learning_resources/compiled_documents/sgk_tin_hoc_7.pdf,Lớp 7.xlsx,source_evidence_hnmu_position,needs_hnmu_review,1,"Vị trí lấy từ cột Vị trí trong dữ liệu HNMU; chưa map chắc từ trang in sang image page, nên để trống source_image_path."
POS-TIN7-0276,7,LM-SGK-TIN7-0001,SGK,TIN7-B10,Bài 10. Hoàn thiện bảng tính,Mục 1 (Tr. 61 SGK),61,print_page_from_hnmu_position,,shared/learning_resources/compiled_documents/sgk_tin_hoc_7.pdf,Lớp 7.xlsx,source_evidence_hnmu_position,needs_hnmu_review,3,"Vị trí lấy từ cột Vị trí trong dữ liệu HNMU; chưa map chắc từ trang in sang image page, nên để trống source_image_path."
POS-TIN7-0277,7,LM-SGK-TIN7-0001,SGK,TIN7-B10,Bài 10. Hoàn thiện bảng tính,Mục 2 (Tr. 61 SGK),61,print_page_from_hnmu_position,,shared/learning_resources/compiled_documents/sgk_tin_hoc_7.pdf,Lớp 7.xlsx,source_evidence_hnmu_position,needs_hnmu_review,1,"Vị trí lấy từ cột Vị trí trong dữ liệu HNMU; chưa map chắc từ trang in sang image page, nên để trống source_image_path."
POS-TIN7-0278,7,LM-SGK-TIN7-0001,SGK,TIN7-B10,Bài 10. Hoàn thiện bảng tính,Thực hành (Tr. 61 SGK),61,print_page_from_hnmu_position,,shared/learning_resources/compiled_documents/sgk_tin_hoc_7.pdf,Lớp 7.xlsx,source_evidence_hnmu_position,needs_hnmu_review,2,"Vị trí lấy từ cột Vị trí trong dữ liệu HNMU; chưa map chắc từ trang in sang image page, nên để trống source_image_path."
POS-TIN7-0279,7,LM-SGK-TIN7-0001,SGK,TIN7-B10,Bài 10. Hoàn thiện bảng tính,Vận dụng (Tr. 63 SGK),63,print_page_from_hnmu_position,,shared/learning_resources/compiled_documents/sgk_tin_hoc_7.pdf,Lớp 7.xlsx,source_evidence_hnmu_position,needs_hnmu_review,1,"Vị trí lấy từ cột Vị trí trong dữ liệu HNMU; chưa map chắc từ trang in sang image page, nên để trống source_image_path."
POS-TIN7-0280,7,LM-SGV-TIN7-4920462481,SGV,TIN7-B10,Bài 10. Hoàn thiện bảng tính,Câu hỏi 1 (Tr. 75 SGV),75,print_page_from_hnmu_position,,shared/learning_resources/compiled_documents/sgv_tin_hoc_7.pdf,Lớp 7.xlsx,source_evidence_hnmu_position,needs_hnmu_review,1,"Vị trí lấy từ cột Vị trí trong dữ liệu HNMU; chưa map chắc từ trang in sang image page, nên để trống source_image_path."
POS-TIN7-0281,7,LM-SGV-TIN7-4920462481,SGV,TIN7-B10,Bài 10. Hoàn thiện bảng tính,Câu hỏi 2 (Tr. 75 SGV),75,print_page_from_hnmu_position,,shared/learning_resources/compiled_documents/sgv_tin_hoc_7.pdf,Lớp 7.xlsx,source_evidence_hnmu_position,needs_hnmu_review,1,"Vị trí lấy từ cột Vị trí trong dữ liệu HNMU; chưa map chắc từ trang in sang image page, nên để trống source_image_path."
POS-TIN7-0282,7,LM-SGV-TIN7-4920462481,SGV,TIN7-B10,Bài 10. Hoàn thiện bảng tính,Câu hỏi 3 (Tr. 76 SGV),76,print_page_from_hnmu_position,,shared/learning_resources/compiled_documents/sgv_tin_hoc_7.pdf,Lớp 7.xlsx,source_evidence_hnmu_position,needs_hnmu_review,1,"Vị trí lấy từ cột Vị trí trong dữ liệu HNMU; chưa map chắc từ trang in sang image page, nên để trống source_image_path."
POS-TIN7-0283,7,LM-SGV-TIN7-4920462481,SGV,TIN7-B10,Bài 10. Hoàn thiện bảng tính,Câu hỏi 4 (Tr. 76 SGV),76,print_page_from_hnmu_position,,shared/learning_resources/compiled_documents/sgv_tin_hoc_7.pdf,Lớp 7.xlsx,source_evidence_hnmu_position,needs_hnmu_review,1,"Vị trí lấy từ cột Vị trí trong dữ liệu HNMU; chưa map chắc từ trang in sang image page, nên để trống source_image_path."
POS-TIN7-0284,7,LM-SGV-TIN7-4920462481,SGV,TIN7-B10,Bài 10. Hoàn thiện bảng tính,Câu hỏi 5 (Tr. 76 SGV),76,print_page_from_hnmu_position,,shared/learning_resources/compiled_documents/sgv_tin_hoc_7.pdf,Lớp 7.xlsx,source_evidence_hnmu_position,needs_hnmu_review,1,"Vị trí lấy từ cột Vị trí trong dữ liệu HNMU; chưa map chắc từ trang in sang image page, nên để trống source_image_path."
POS-TIN7-0285,7,LM-SGK-TIN7-0001,SGK_or_unspecified,TIN7-B11,Bài 11. Tạo bài trình chiếu,Câu hỏi củng cố. Trang 65,65,print_page_from_hnmu_position,,shared/learning_resources/compiled_documents/sgk_tin_hoc_7.pdf,Lớp 7.xlsx,source_evidence_hnmu_position,needs_hnmu_review,1,"Vị trí lấy từ cột Vị trí trong dữ liệu HNMU; chưa map chắc từ trang in sang image page, nên để trống source_image_path."
POS-TIN7-0286,7,LM-SGK-TIN7-0001,SGK_or_unspecified,TIN7-B11,Bài 11. Tạo bài trình chiếu,Luyện tập. Trang 65 (Sinh thêm),65,print_page_from_hnmu_position,,shared/learning_resources/compiled_documents/sgk_tin_hoc_7.pdf,Lớp 7.xlsx,source_evidence_hnmu_position,needs_hnmu_review,2,"Vị trí lấy từ cột Vị trí trong dữ liệu HNMU; chưa map chắc từ trang in sang image page, nên để trống source_image_path."
POS-TIN7-0287,7,LM-SGK-TIN7-0001,SGK_or_unspecified,TIN7-B11,Bài 11. Tạo bài trình chiếu,Mục 1. Trang 64,64,print_page_from_hnmu_position,,shared/learning_resources/compiled_documents/sgk_tin_hoc_7.pdf,Lớp 7.xlsx,source_evidence_hnmu_position,needs_hnmu_review,1,"Vị trí lấy từ cột Vị trí trong dữ liệu HNMU; chưa map chắc từ trang in sang image page, nên để trống source_image_path."
POS-TIN7-0288,7,LM-SGK-TIN7-0001,SGK_or_unspecified,TIN7-B11,Bài 11. Tạo bài trình chiếu,Mục 1. Trang 64 (Câu hỏi sinh thêm),64,print_page_from_hnmu_position,,shared/learning_resources/compiled_documents/sgk_tin_hoc_7.pdf,Lớp 7.xlsx,source_evidence_hnmu_position,needs_hnmu_review,1,"Vị trí lấy từ cột Vị trí trong dữ liệu HNMU; chưa map chắc từ trang in sang image page, nên để trống source_image_path."
POS-TIN7-0289,7,LM-SGK-TIN7-0001,SGK_or_unspecified,TIN7-B11,Bài 11. Tạo bài trình chiếu,Mục 1. Trang 65,65,print_page_from_hnmu_position,,shared/learning_resources/compiled_documents/sgk_tin_hoc_7.pdf,Lớp 7.xlsx,source_evidence_hnmu_position,needs_hnmu_review,1,"Vị trí lấy từ cột Vị trí trong dữ liệu HNMU; chưa map chắc từ trang in sang image page, nên để trống source_image_path."
POS-TIN7-0290,7,LM-SGK-TIN7-0001,SGK_or_unspecified,TIN7-B11,Bài 11. Tạo bài trình chiếu,Mục 2. Trang 65,65,print_page_from_hnmu_position,,shared/learning_resources/compiled_documents/sgk_tin_hoc_7.pdf,Lớp 7.xlsx,source_evidence_hnmu_position,needs_hnmu_review,2,"Vị trí lấy từ cột Vị trí trong dữ liệu HNMU; chưa map chắc từ trang in sang image page, nên để trống source_image_path."
POS-TIN7-0291,7,LM-SGK-TIN7-0001,SGK_or_unspecified,TIN7-B11,Bài 11. Tạo bài trình chiếu,Mục 2. Trang 65 (Câu hỏi sinh thêm),65,print_page_from_hnmu_position,,shared/learning_resources/compiled_documents/sgk_tin_hoc_7.pdf,Lớp 7.xlsx,source_evidence_hnmu_position,needs_hnmu_review,1,"Vị trí lấy từ cột Vị trí trong dữ liệu HNMU; chưa map chắc từ trang in sang image page, nên để trống source_image_path."
POS-TIN7-0292,7,LM-SGK-TIN7-0001,SGK_or_unspecified,TIN7-B11,Bài 11. Tạo bài trình chiếu,Mục 2. Trang 65 (Hộp kiến thức),65,print_page_from_hnmu_position,,shared/learning_resources/compiled_documents/sgk_tin_hoc_7.pdf,Lớp 7.xlsx,source_evidence_hnmu_position,needs_hnmu_review,1,"Vị trí lấy từ cột Vị trí trong dữ liệu HNMU; chưa map chắc từ trang in sang image page, nên để trống source_image_path."
POS-TIN7-0293,7,LM-SGK-TIN7-0001,SGK_or_unspecified,TIN7-B11,Bài 11. Tạo bài trình chiếu,Mục 2. Trang 65 (Luyện tập thao tác),65,print_page_from_hnmu_position,,shared/learning_resources/compiled_documents/sgk_tin_hoc_7.pdf,Lớp 7.xlsx,source_evidence_hnmu_position,needs_hnmu_review,1,"Vị trí lấy từ cột Vị trí trong dữ liệu HNMU; chưa map chắc từ trang in sang image page, nên để trống source_image_path."
POS-TIN7-0294,7,LM-SGK-TIN7-0001,SGK_or_unspecified,TIN7-B11,Bài 11. Tạo bài trình chiếu,Mục 2. Trang 65 (Sinh thêm),65,print_page_from_hnmu_position,,shared/learning_resources/compiled_documents/sgk_tin_hoc_7.pdf,Lớp 7.xlsx,source_evidence_hnmu_position,needs_hnmu_review,1,"Vị trí lấy từ cột Vị trí trong dữ liệu HNMU; chưa map chắc từ trang in sang image page, nên để trống source_image_path."
POS-TIN7-0295,7,LM-SGK-TIN7-0001,SGK_or_unspecified,TIN7-B11,Bài 11. Tạo bài trình chiếu,Vận dụng tổng hợp (Dựa trên bối cảnh dự án),,hnmu_position_no_print_page,,shared/learning_resources/compiled_documents/sgk_tin_hoc_7.pdf,Lớp 7.xlsx,source_evidence_hnmu_position,needs_hnmu_review,1,"Vị trí lấy từ cột Vị trí trong dữ liệu HNMU; chưa map chắc từ trang in sang image page, nên để trống source_image_path."
POS-TIN7-0296,7,LM-SGK-TIN7-0001,SGK_or_unspecified,TIN7-B11,Bài 11. Tạo bài trình chiếu,Vận dụng. Trang 65 (Luyện tập thực hành),65,print_page_from_hnmu_position,,shared/learning_resources/compiled_documents/sgk_tin_hoc_7.pdf,Lớp 7.xlsx,source_evidence_hnmu_position,needs_hnmu_review,1,"Vị trí lấy từ cột Vị trí trong dữ liệu HNMU; chưa map chắc từ trang in sang image page, nên để trống source_image_path."
POS-TIN7-0297,7,LM-SGK-TIN7-0001,SGK_or_unspecified,TIN7-B12,Bài 12. Định dạng đối tượng trên trang chiếu,Câu hỏi củng cố Mục 2. Trang 70,70,print_page_from_hnmu_position,,shared/learning_resources/compiled_documents/sgk_tin_hoc_7.pdf,Lớp 7.xlsx,source_evidence_hnmu_position,needs_hnmu_review,1,"Vị trí lấy từ cột Vị trí trong dữ liệu HNMU; chưa map chắc từ trang in sang image page, nên để trống source_image_path."
POS-TIN7-0298,7,LM-SGK-TIN7-0001,SGK_or_unspecified,TIN7-B12,Bài 12. Định dạng đối tượng trên trang chiếu,Luyện tập. Trang 71,71,print_page_from_hnmu_position,,shared/learning_resources/compiled_documents/sgk_tin_hoc_7.pdf,Lớp 7.xlsx,source_evidence_hnmu_position,needs_hnmu_review,1,"Vị trí lấy từ cột Vị trí trong dữ liệu HNMU; chưa map chắc từ trang in sang image page, nên để trống source_image_path."
POS-TIN7-0299,7,LM-SGK-TIN7-0001,SGK_or_unspecified,TIN7-B12,Bài 12. Định dạng đối tượng trên trang chiếu,Mục 1. Trang 69,69,print_page_from_hnmu_position,,shared/learning_resources/compiled_documents/sgk_tin_hoc_7.pdf,Lớp 7.xlsx,source_evidence_hnmu_position,needs_hnmu_review,1,"Vị trí lấy từ cột Vị trí trong dữ liệu HNMU; chưa map chắc từ trang in sang image page, nên để trống source_image_path."
POS-TIN7-0300,7,LM-SGK-TIN7-0001,SGK_or_unspecified,TIN7-B12,Bài 12. Định dạng đối tượng trên trang chiếu,Mục 1. Trang 69 (Sinh thêm),69,print_page_from_hnmu_position,,shared/learning_resources/compiled_documents/sgk_tin_hoc_7.pdf,Lớp 7.xlsx,source_evidence_hnmu_position,needs_hnmu_review,1,"Vị trí lấy từ cột Vị trí trong dữ liệu HNMU; chưa map chắc từ trang in sang image page, nên để trống source_image_path."
POS-TIN7-0301,7,LM-SGK-TIN7-0001,SGK_or_unspecified,TIN7-B12,Bài 12. Định dạng đối tượng trên trang chiếu,Mục 1. Trang 70 (Câu hỏi củng cố),70,print_page_from_hnmu_position,,shared/learning_resources/compiled_documents/sgk_tin_hoc_7.pdf,Lớp 7.xlsx,source_evidence_hnmu_position,needs_hnmu_review,1,"Vị trí lấy từ cột Vị trí trong dữ liệu HNMU; chưa map chắc từ trang in sang image page, nên để trống source_image_path."
POS-TIN7-0302,7,LM-SGK-TIN7-0001,SGK_or_unspecified,TIN7-B12,Bài 12. Định dạng đối tượng trên trang chiếu,Mục 2. Trang 70,70,print_page_from_hnmu_position,,shared/learning_resources/compiled_documents/sgk_tin_hoc_7.pdf,Lớp 7.xlsx,source_evidence_hnmu_position,needs_hnmu_review,3,"Vị trí lấy từ cột Vị trí trong dữ liệu HNMU; chưa map chắc từ trang in sang image page, nên để trống source_image_path."
POS-TIN7-0303,7,LM-SGK-TIN7-0001,SGK_or_unspecified,TIN7-B12,Bài 12. Định dạng đối tượng trên trang chiếu,Mục 2. Trang 70 (Sinh thêm),70,print_page_from_hnmu_position,,shared/learning_resources/compiled_documents/sgk_tin_hoc_7.pdf,Lớp 7.xlsx,source_evidence_hnmu_position,needs_hnmu_review,1,"Vị trí lấy từ cột Vị trí trong dữ liệu HNMU; chưa map chắc từ trang in sang image page, nên để trống source_image_path."
POS-TIN7-0304,7,LM-SGK-TIN7-0001,SGK_or_unspecified,TIN7-B12,Bài 12. Định dạng đối tượng trên trang chiếu,Mục 3. Trang 71,71,print_page_from_hnmu_position,,shared/learning_resources/compiled_documents/sgk_tin_hoc_7.pdf,Lớp 7.xlsx,source_evidence_hnmu_position,needs_hnmu_review,3,"Vị trí lấy từ cột Vị trí trong dữ liệu HNMU; chưa map chắc từ trang in sang image page, nên để trống source_image_path."
POS-TIN7-0305,7,LM-SGK-TIN7-0001,SGK_or_unspecified,TIN7-B12,Bài 12. Định dạng đối tượng trên trang chiếu,Mục 3. Trang 71 (Kiến thức bổ sung),71,print_page_from_hnmu_position,,shared/learning_resources/compiled_documents/sgk_tin_hoc_7.pdf,Lớp 7.xlsx,source_evidence_hnmu_position,needs_hnmu_review,2,"Vị trí lấy từ cột Vị trí trong dữ liệu HNMU; chưa map chắc từ trang in sang image page, nên để trống source_image_path."
POS-TIN7-0306,7,LM-SGK-TIN7-0001,SGK,TIN7-B13,Bài 13. Thực hành tổng hợp: Hoàn thiện bài trình chiếu,Đánh giá SP. Trang 73 SGK,73,print_page_from_hnmu_position,,shared/learning_resources/compiled_documents/sgk_tin_hoc_7.pdf,Lớp 7.xlsx,source_evidence_hnmu_position,needs_hnmu_review,1,"Vị trí lấy từ cột Vị trí trong dữ liệu HNMU; chưa map chắc từ trang in sang image page, nên để trống source_image_path."
POS-TIN7-0307,7,LM-SGK-TIN7-0001,SGK_or_unspecified,TIN7-B13,Bài 13. Thực hành tổng hợp: Hoàn thiện bài trình chiếu,Hộp kiến thức. Trang 72,72,print_page_from_hnmu_position,,shared/learning_resources/compiled_documents/sgk_tin_hoc_7.pdf,Lớp 7.xlsx,source_evidence_hnmu_position,needs_hnmu_review,1,"Vị trí lấy từ cột Vị trí trong dữ liệu HNMU; chưa map chắc từ trang in sang image page, nên để trống source_image_path."
POS-TIN7-0308,7,LM-SGK-TIN7-0001,SGK_or_unspecified,TIN7-B13,Bài 13. Thực hành tổng hợp: Hoàn thiện bài trình chiếu,Mục 1. Trang 72,72,print_page_from_hnmu_position,,shared/learning_resources/compiled_documents/sgk_tin_hoc_7.pdf,Lớp 7.xlsx,source_evidence_hnmu_position,needs_hnmu_review,4,"Vị trí lấy từ cột Vị trí trong dữ liệu HNMU; chưa map chắc từ trang in sang image page, nên để trống source_image_path."
POS-TIN7-0309,7,LM-SGK-TIN7-0001,SGK_or_unspecified,TIN7-B13,Bài 13. Thực hành tổng hợp: Hoàn thiện bài trình chiếu,Đánh giá SP. Trang 73,73,print_page_from_hnmu_position,,shared/learning_resources/compiled_documents/sgk_tin_hoc_7.pdf,Lớp 7.xlsx,source_evidence_hnmu_position,needs_hnmu_review,4,"Vị trí lấy từ cột Vị trí trong dữ liệu HNMU; chưa map chắc từ trang in sang image page, nên để trống source_image_path."
POS-TIN7-0310,7,LM-SGV-TIN7-4920462481,SGV,TIN7-B13,Bài 13. Thực hành tổng hợp: Hoàn thiện bài trình chiếu,Hướng dẫn thực hành. Trang 76 SGV,76,print_page_from_hnmu_position,,shared/learning_resources/compiled_documents/sgv_tin_hoc_7.pdf,Lớp 7.xlsx,source_evidence_hnmu_position,needs_hnmu_review,1,"Vị trí lấy từ cột Vị trí trong dữ liệu HNMU; chưa map chắc từ trang in sang image page, nên để trống source_image_path."
POS-TIN7-0311,7,LM-SGV-TIN7-4920462481,SGV,TIN7-B13,Bài 13. Thực hành tổng hợp: Hoàn thiện bài trình chiếu,Hướng dẫn đánh giá. Trang 77 SGV,77,print_page_from_hnmu_position,,shared/learning_resources/compiled_documents/sgv_tin_hoc_7.pdf,Lớp 7.xlsx,source_evidence_hnmu_position,needs_hnmu_review,1,"Vị trí lấy từ cột Vị trí trong dữ liệu HNMU; chưa map chắc từ trang in sang image page, nên để trống source_image_path."
POS-TIN7-0312,7,LM-SGV-TIN7-4920462481,SGV,TIN7-B13,Bài 13. Thực hành tổng hợp: Hoàn thiện bài trình chiếu,Đánh giá SP. Trang 76 SGV,76,print_page_from_hnmu_position,,shared/learning_resources/compiled_documents/sgv_tin_hoc_7.pdf,Lớp 7.xlsx,source_evidence_hnmu_position,needs_hnmu_review,1,"Vị trí lấy từ cột Vị trí trong dữ liệu HNMU; chưa map chắc từ trang in sang image page, nên để trống source_image_path."
POS-TIN7-0313,7,LM-SGV-TIN7-4920462481,SGV,TIN7-B13,Bài 13. Thực hành tổng hợp: Hoàn thiện bài trình chiếu,Đánh giá SP. Trang 77 SGV,77,print_page_from_hnmu_position,,shared/learning_resources/compiled_documents/sgv_tin_hoc_7.pdf,Lớp 7.xlsx,source_evidence_hnmu_position,needs_hnmu_review,1,"Vị trí lấy từ cột Vị trí trong dữ liệu HNMU; chưa map chắc từ trang in sang image page, nên để trống source_image_path."
POS-TIN7-0314,7,LM-SGK-TIN7-0001,SGK,TIN7-B14,Bài 14. Thuật toán tìm kiếm tuần tự,"Hoạt động 1 (Trang 78, SGK)",78,print_page_from_hnmu_position,,shared/learning_resources/compiled_documents/sgk_tin_hoc_7.pdf,Lớp 7.xlsx,source_evidence_hnmu_position,needs_hnmu_review,1,"Vị trí lấy từ cột Vị trí trong dữ liệu HNMU; chưa map chắc từ trang in sang image page, nên để trống source_image_path."
POS-TIN7-0315,7,LM-SGK-TIN7-0001,SGK,TIN7-B14,Bài 14. Thuật toán tìm kiếm tuần tự,"Mục 1 (Trang 78, SGK)",78,print_page_from_hnmu_position,,shared/learning_resources/compiled_documents/sgk_tin_hoc_7.pdf,Lớp 7.xlsx,source_evidence_hnmu_position,needs_hnmu_review,2,"Vị trí lấy từ cột Vị trí trong dữ liệu HNMU; chưa map chắc từ trang in sang image page, nên để trống source_image_path."
POS-TIN7-0316,7,LM-SGK-TIN7-0001,SGK,TIN7-B14,Bài 14. Thuật toán tìm kiếm tuần tự,"Mục 1. Thuật toán tìm kiếm tuần tự (Trang 78, SGK)",78,print_page_from_hnmu_position,,shared/learning_resources/compiled_documents/sgk_tin_hoc_7.pdf,Lớp 7.xlsx,source_evidence_hnmu_position,needs_hnmu_review,1,"Vị trí lấy từ cột Vị trí trong dữ liệu HNMU; chưa map chắc từ trang in sang image page, nên để trống source_image_path."
POS-TIN7-0317,7,LM-SGK-TIN7-0001,SGK,TIN7-B14,Bài 14. Thuật toán tìm kiếm tuần tự,"Phần Luyện tập (Trang 79, SGK - Câu hỏi sinh thêm)",79,print_page_from_hnmu_position,,shared/learning_resources/compiled_documents/sgk_tin_hoc_7.pdf,Lớp 7.xlsx,source_evidence_hnmu_position,needs_hnmu_review,3,"Vị trí lấy từ cột Vị trí trong dữ liệu HNMU; chưa map chắc từ trang in sang image page, nên để trống source_image_path."
POS-TIN7-0318,7,LM-SGK-TIN7-0001,SGK,TIN7-B14,Bài 14. Thuật toán tìm kiếm tuần tự,"Phần Luyện tập (Trang 80, SGK)",80,print_page_from_hnmu_position,,shared/learning_resources/compiled_documents/sgk_tin_hoc_7.pdf,Lớp 7.xlsx,source_evidence_hnmu_position,needs_hnmu_review,2,"Vị trí lấy từ cột Vị trí trong dữ liệu HNMU; chưa map chắc từ trang in sang image page, nên để trống source_image_path."
POS-TIN7-0319,7,LM-SGK-TIN7-0001,SGK,TIN7-B14,Bài 14. Thuật toán tìm kiếm tuần tự,"Phần Vận dụng (Trang 80, SGK - Câu hỏi sinh thêm)",80,print_page_from_hnmu_position,,shared/learning_resources/compiled_documents/sgk_tin_hoc_7.pdf,Lớp 7.xlsx,source_evidence_hnmu_position,needs_hnmu_review,1,"Vị trí lấy từ cột Vị trí trong dữ liệu HNMU; chưa map chắc từ trang in sang image page, nên để trống source_image_path."
POS-TIN7-0320,7,LM-SGK-TIN7-0001,SGK,TIN7-B14,Bài 14. Thuật toán tìm kiếm tuần tự,"Phần Vận dụng (Trang 80, SGK)",80,print_page_from_hnmu_position,,shared/learning_resources/compiled_documents/sgk_tin_hoc_7.pdf,Lớp 7.xlsx,source_evidence_hnmu_position,needs_hnmu_review,1,"Vị trí lấy từ cột Vị trí trong dữ liệu HNMU; chưa map chắc từ trang in sang image page, nên để trống source_image_path."
POS-TIN7-0321,7,LM-SGV-TIN7-4920462481,SGV,TIN7-B14,Bài 14. Thuật toán tìm kiếm tuần tự,"Câu 2 phần Đánh giá (Trang 90, SGV)",90,print_page_from_hnmu_position,,shared/learning_resources/compiled_documents/sgv_tin_hoc_7.pdf,Lớp 7.xlsx,source_evidence_hnmu_position,needs_hnmu_review,1,"Vị trí lấy từ cột Vị trí trong dữ liệu HNMU; chưa map chắc từ trang in sang image page, nên để trống source_image_path."
POS-TIN7-0322,7,LM-SGV-TIN7-4920462481,SGV,TIN7-B14,Bài 14. Thuật toán tìm kiếm tuần tự,"Câu 3 phần Đánh giá (Trang 90, SGV)",90,print_page_from_hnmu_position,,shared/learning_resources/compiled_documents/sgv_tin_hoc_7.pdf,Lớp 7.xlsx,source_evidence_hnmu_position,needs_hnmu_review,1,"Vị trí lấy từ cột Vị trí trong dữ liệu HNMU; chưa map chắc từ trang in sang image page, nên để trống source_image_path."
POS-TIN7-0323,7,LM-SGV-TIN7-4920462481,SGV,TIN7-B14,Bài 14. Thuật toán tìm kiếm tuần tự,"Câu 4 phần Đánh giá (Trang 90, SGV)",90,print_page_from_hnmu_position,,shared/learning_resources/compiled_documents/sgv_tin_hoc_7.pdf,Lớp 7.xlsx,source_evidence_hnmu_position,needs_hnmu_review,1,"Vị trí lấy từ cột Vị trí trong dữ liệu HNMU; chưa map chắc từ trang in sang image page, nên để trống source_image_path."
POS-TIN7-0324,7,LM-SGK-TIN7-0001,SGK,TIN7-B15,Bài 15. Thuật toán tìm kiếm nhị phân,"Hoạt động khởi động (Trang 81, SGK)",81,print_page_from_hnmu_position,,shared/learning_resources/compiled_documents/sgk_tin_hoc_7.pdf,Lớp 7.xlsx,source_evidence_hnmu_position,needs_hnmu_review,1,"Vị trí lấy từ cột Vị trí trong dữ liệu HNMU; chưa map chắc từ trang in sang image page, nên để trống source_image_path."
POS-TIN7-0325,7,LM-SGK-TIN7-0001,SGK,TIN7-B15,Bài 15. Thuật toán tìm kiếm nhị phân,"Luyện tập (Sinh thêm cho trang 82, SGK)",82,print_page_from_hnmu_position,,shared/learning_resources/compiled_documents/sgk_tin_hoc_7.pdf,Lớp 7.xlsx,source_evidence_hnmu_position,needs_hnmu_review,1,"Vị trí lấy từ cột Vị trí trong dữ liệu HNMU; chưa map chắc từ trang in sang image page, nên để trống source_image_path."
POS-TIN7-0326,7,LM-SGK-TIN7-0001,SGK,TIN7-B15,Bài 15. Thuật toán tìm kiếm nhị phân,"Luyện tập (Sinh thêm cho trang 84, SGK)",84,print_page_from_hnmu_position,,shared/learning_resources/compiled_documents/sgk_tin_hoc_7.pdf,Lớp 7.xlsx,source_evidence_hnmu_position,needs_hnmu_review,1,"Vị trí lấy từ cột Vị trí trong dữ liệu HNMU; chưa map chắc từ trang in sang image page, nên để trống source_image_path."
POS-TIN7-0327,7,LM-SGK-TIN7-0001,SGK,TIN7-B15,Bài 15. Thuật toán tìm kiếm nhị phân,"Mục 1 (Trang 82, SGK)",82,print_page_from_hnmu_position,,shared/learning_resources/compiled_documents/sgk_tin_hoc_7.pdf,Lớp 7.xlsx,source_evidence_hnmu_position,needs_hnmu_review,5,"Vị trí lấy từ cột Vị trí trong dữ liệu HNMU; chưa map chắc từ trang in sang image page, nên để trống source_image_path."
POS-TIN7-0328,7,LM-SGK-TIN7-0001,SGK,TIN7-B15,Bài 15. Thuật toán tìm kiếm nhị phân,"Mục 2 (Trang 83, SGK)",83,print_page_from_hnmu_position,,shared/learning_resources/compiled_documents/sgk_tin_hoc_7.pdf,Lớp 7.xlsx,source_evidence_hnmu_position,needs_hnmu_review,2,"Vị trí lấy từ cột Vị trí trong dữ liệu HNMU; chưa map chắc từ trang in sang image page, nên để trống source_image_path."
POS-TIN7-0329,7,LM-SGK-TIN7-0001,SGK,TIN7-B15,Bài 15. Thuật toán tìm kiếm nhị phân,"Phần Vận dụng (Trang 84, SGK)",84,print_page_from_hnmu_position,,shared/learning_resources/compiled_documents/sgk_tin_hoc_7.pdf,Lớp 7.xlsx,source_evidence_hnmu_position,needs_hnmu_review,2,"Vị trí lấy từ cột Vị trí trong dữ liệu HNMU; chưa map chắc từ trang in sang image page, nên để trống source_image_path."
POS-TIN7-0330,7,LM-SGK-TIN7-0001,SGK,TIN7-B15,Bài 15. Thuật toán tìm kiếm nhị phân,"Vận dụng (Sinh thêm cho trang 84, SGK)",84,print_page_from_hnmu_position,,shared/learning_resources/compiled_documents/sgk_tin_hoc_7.pdf,Lớp 7.xlsx,source_evidence_hnmu_position,needs_hnmu_review,1,"Vị trí lấy từ cột Vị trí trong dữ liệu HNMU; chưa map chắc từ trang in sang image page, nên để trống source_image_path."
POS-TIN7-0331,7,LM-SGV-TIN7-4920462481,SGV,TIN7-B15,Bài 15. Thuật toán tìm kiếm nhị phân,"Phần Đánh giá (Trang 91, SGV)",91,print_page_from_hnmu_position,,shared/learning_resources/compiled_documents/sgv_tin_hoc_7.pdf,Lớp 7.xlsx,source_evidence_hnmu_position,needs_hnmu_review,1,"Vị trí lấy từ cột Vị trí trong dữ liệu HNMU; chưa map chắc từ trang in sang image page, nên để trống source_image_path."
POS-TIN7-0332,7,LM-SGK-TIN7-0001,SGK,TIN7-B16,Bài 16. Thuật toán sắp xếp,"Hoạt động Luyện tập (Trang 89, SGK)",89,print_page_from_hnmu_position,,shared/learning_resources/compiled_documents/sgk_tin_hoc_7.pdf,Lớp 7.xlsx,source_evidence_hnmu_position,needs_hnmu_review,2,"Vị trí lấy từ cột Vị trí trong dữ liệu HNMU; chưa map chắc từ trang in sang image page, nên để trống source_image_path."
POS-TIN7-0333,7,LM-SGK-TIN7-0001,SGK,TIN7-B16,Bài 16. Thuật toán sắp xếp,"Hoạt động Vận dụng (Sinh thêm cho trang 89, SGK)",89,print_page_from_hnmu_position,,shared/learning_resources/compiled_documents/sgk_tin_hoc_7.pdf,Lớp 7.xlsx,source_evidence_hnmu_position,needs_hnmu_review,2,"Vị trí lấy từ cột Vị trí trong dữ liệu HNMU; chưa map chắc từ trang in sang image page, nên để trống source_image_path."
POS-TIN7-0334,7,LM-SGK-TIN7-0001,SGK,TIN7-B16,Bài 16. Thuật toán sắp xếp,"Hoạt động Vận dụng (Trang 89, SGK)",89,print_page_from_hnmu_position,,shared/learning_resources/compiled_documents/sgk_tin_hoc_7.pdf,Lớp 7.xlsx,source_evidence_hnmu_position,needs_hnmu_review,1,"Vị trí lấy từ cột Vị trí trong dữ liệu HNMU; chưa map chắc từ trang in sang image page, nên để trống source_image_path."
POS-TIN7-0335,7,LM-SGK-TIN7-0001,SGK,TIN7-B16,Bài 16. Thuật toán sắp xếp,"Hoạt động khởi động (Trang 85, SGK)",85,print_page_from_hnmu_position,,shared/learning_resources/compiled_documents/sgk_tin_hoc_7.pdf,Lớp 7.xlsx,source_evidence_hnmu_position,needs_hnmu_review,1,"Vị trí lấy từ cột Vị trí trong dữ liệu HNMU; chưa map chắc từ trang in sang image page, nên để trống source_image_path."
POS-TIN7-0336,7,LM-SGK-TIN7-0001,SGK,TIN7-B16,Bài 16. Thuật toán sắp xếp,"Mục 1 (Trang 86, SGK)",86,print_page_from_hnmu_position,,shared/learning_resources/compiled_documents/sgk_tin_hoc_7.pdf,Lớp 7.xlsx,source_evidence_hnmu_position,needs_hnmu_review,2,"Vị trí lấy từ cột Vị trí trong dữ liệu HNMU; chưa map chắc từ trang in sang image page, nên để trống source_image_path."
POS-TIN7-0337,7,LM-SGK-TIN7-0001,SGK,TIN7-B16,Bài 16. Thuật toán sắp xếp,"Mục 2 (Trang 87, SGK)",87,print_page_from_hnmu_position,,shared/learning_resources/compiled_documents/sgk_tin_hoc_7.pdf,Lớp 7.xlsx,source_evidence_hnmu_position,needs_hnmu_review,1,"Vị trí lấy từ cột Vị trí trong dữ liệu HNMU; chưa map chắc từ trang in sang image page, nên để trống source_image_path."
POS-TIN7-0338,7,LM-SGV-TIN7-4920462481,SGV,TIN7-B16,Bài 16. Thuật toán sắp xếp,"Câu 1 phần Đánh giá (Trang 91, SGV)",91,print_page_from_hnmu_position,,shared/learning_resources/compiled_documents/sgv_tin_hoc_7.pdf,Lớp 7.xlsx,source_evidence_hnmu_position,needs_hnmu_review,2,"Vị trí lấy từ cột Vị trí trong dữ liệu HNMU; chưa map chắc từ trang in sang image page, nên để trống source_image_path."
POS-TIN7-0339,7,LM-SGV-TIN7-4920462481,SGV,TIN7-B16,Bài 16. Thuật toán sắp xếp,"Câu 2 phần Đánh giá (Trang 91, SGV)",91,print_page_from_hnmu_position,,shared/learning_resources/compiled_documents/sgv_tin_hoc_7.pdf,Lớp 7.xlsx,source_evidence_hnmu_position,needs_hnmu_review,1,"Vị trí lấy từ cột Vị trí trong dữ liệu HNMU; chưa map chắc từ trang in sang image page, nên để trống source_image_path."
POS-TIN7-0340,7,LM-SGV-TIN7-4920462481,SGV,TIN7-B16,Bài 16. Thuật toán sắp xếp,"Câu 3 phần Đánh giá (Trang 91, SGV)",91,print_page_from_hnmu_position,,shared/learning_resources/compiled_documents/sgv_tin_hoc_7.pdf,Lớp 7.xlsx,source_evidence_hnmu_position,needs_hnmu_review,1,"Vị trí lấy từ cột Vị trí trong dữ liệu HNMU; chưa map chắc từ trang in sang image page, nên để trống source_image_path."
POS-TIN7-0341,7,LM-SGV-TIN7-4920462481,SGV,TIN7-B16,Bài 16. Thuật toán sắp xếp,"Câu 4 phần Đánh giá (Trang 91, SGV)",91,print_page_from_hnmu_position,,shared/learning_resources/compiled_documents/sgv_tin_hoc_7.pdf,Lớp 7.xlsx,source_evidence_hnmu_position,needs_hnmu_review,1,"Vị trí lấy từ cột Vị trí trong dữ liệu HNMU; chưa map chắc từ trang in sang image page, nên để trống source_image_path."
POS-TIN8-0342,8,LM-SGK-TIN8-0001,SGK_or_unspecified,,[11b] Thực hành tổng hợp,Bước 2. Tạo khung viền (Trang 70),70,print_page_from_hnmu_position,,shared/learning_resources/compiled_documents/sgk_tin_hoc_8.pdf,Lớp 8.xlsx,source_evidence_hnmu_position,needs_hnmu_review,1,"Vị trí lấy từ cột Vị trí trong dữ liệu HNMU; chưa map chắc từ trang in sang image page, nên để trống source_image_path. Chưa nối chắc được lesson_item_id với topic/lesson map mới."
POS-TIN8-0343,8,LM-SGK-TIN8-0001,SGK_or_unspecified,,[11b] Thực hành tổng hợp,Bước 2. Tạo khung viền (Trang 71),71,print_page_from_hnmu_position,,shared/learning_resources/compiled_documents/sgk_tin_hoc_8.pdf,Lớp 8.xlsx,source_evidence_hnmu_position,needs_hnmu_review,4,"Vị trí lấy từ cột Vị trí trong dữ liệu HNMU; chưa map chắc từ trang in sang image page, nên để trống source_image_path. Chưa nối chắc được lesson_item_id với topic/lesson map mới."
POS-TIN8-0344,8,LM-SGK-TIN8-0001,SGK_or_unspecified,,[11b] Thực hành tổng hợp,Bước 3. Ghép ảnh vào tờ rơi (Trang 72),72,print_page_from_hnmu_position,,shared/learning_resources/compiled_documents/sgk_tin_hoc_8.pdf,Lớp 8.xlsx,source_evidence_hnmu_position,needs_hnmu_review,6,"Vị trí lấy từ cột Vị trí trong dữ liệu HNMU; chưa map chắc từ trang in sang image page, nên để trống source_image_path. Chưa nối chắc được lesson_item_id với topic/lesson map mới."
POS-TIN8-0345,8,LM-SGK-TIN8-0001,SGK_or_unspecified,,[11b] Thực hành tổng hợp,Bước 4. Hoàn thiện sản phẩm (Trang 72),72,print_page_from_hnmu_position,,shared/learning_resources/compiled_documents/sgk_tin_hoc_8.pdf,Lớp 8.xlsx,source_evidence_hnmu_position,needs_hnmu_review,1,"Vị trí lấy từ cột Vị trí trong dữ liệu HNMU; chưa map chắc từ trang in sang image page, nên để trống source_image_path. Chưa nối chắc được lesson_item_id với topic/lesson map mới."
POS-TIN8-0346,8,LM-SGK-TIN8-0001,SGK_or_unspecified,,[11b] Thực hành tổng hợp,Bước 4. Hoàn thiện và lưu sản phẩm (Trang 72),72,print_page_from_hnmu_position,,shared/learning_resources/compiled_documents/sgk_tin_hoc_8.pdf,Lớp 8.xlsx,source_evidence_hnmu_position,needs_hnmu_review,1,"Vị trí lấy từ cột Vị trí trong dữ liệu HNMU; chưa map chắc từ trang in sang image page, nên để trống source_image_path. Chưa nối chắc được lesson_item_id với topic/lesson map mới."
POS-TIN8-0347,8,LM-SGK-TIN8-0001,SGK_or_unspecified,,[8b] Làm quen với phần mềm chỉnh sửa ảnh,Câu hỏi củng cố,,hnmu_position_no_print_page,,shared/learning_resources/compiled_documents/sgk_tin_hoc_8.pdf,Lớp 8.xlsx,source_evidence_hnmu_position,needs_hnmu_review,1,"Vị trí lấy từ cột Vị trí trong dữ liệu HNMU; chưa map chắc từ trang in sang image page, nên để trống source_image_path. Chưa nối chắc được lesson_item_id với topic/lesson map mới."
POS-TIN8-0348,8,LM-SGK-TIN8-0001,SGK_or_unspecified,,[8b] Làm quen với phần mềm chỉnh sửa ảnh,Luyện tập,,hnmu_position_no_print_page,,shared/learning_resources/compiled_documents/sgk_tin_hoc_8.pdf,Lớp 8.xlsx,source_evidence_hnmu_position,needs_hnmu_review,2,"Vị trí lấy từ cột Vị trí trong dữ liệu HNMU; chưa map chắc từ trang in sang image page, nên để trống source_image_path. Chưa nối chắc được lesson_item_id với topic/lesson map mới."
POS-TIN8-0349,8,LM-SGK-TIN8-0001,SGK_or_unspecified,,"[9b] Thay đổi khung hình, kích thước ảnh",Luyện tập (Trang 62),62,print_page_from_hnmu_position,,shared/learning_resources/compiled_documents/sgk_tin_hoc_8.pdf,Lớp 8.xlsx,source_evidence_hnmu_position,needs_hnmu_review,2,"Vị trí lấy từ cột Vị trí trong dữ liệu HNMU; chưa map chắc từ trang in sang image page, nên để trống source_image_path. Chưa nối chắc được lesson_item_id với topic/lesson map mới."
POS-TIN8-0350,8,LM-SGK-TIN8-0001,SGK_or_unspecified,,[8b] Làm quen với phần mềm chỉnh sửa ảnh,Mở đầu / Khám phá,,hnmu_position_no_print_page,,shared/learning_resources/compiled_documents/sgk_tin_hoc_8.pdf,Lớp 8.xlsx,source_evidence_hnmu_position,needs_hnmu_review,1,"Vị trí lấy từ cột Vị trí trong dữ liệu HNMU; chưa map chắc từ trang in sang image page, nên để trống source_image_path. Chưa nối chắc được lesson_item_id với topic/lesson map mới."
POS-TIN8-0351,8,LM-SGK-TIN8-0001,SGK_or_unspecified,,[8b] Làm quen với phần mềm chỉnh sửa ảnh,Mục 1. Khám phá,,hnmu_position_no_print_page,,shared/learning_resources/compiled_documents/sgk_tin_hoc_8.pdf,Lớp 8.xlsx,source_evidence_hnmu_position,needs_hnmu_review,1,"Vị trí lấy từ cột Vị trí trong dữ liệu HNMU; chưa map chắc từ trang in sang image page, nên để trống source_image_path. Chưa nối chắc được lesson_item_id với topic/lesson map mới."
POS-TIN8-0352,8,LM-SGK-TIN8-0001,SGK_or_unspecified,,"[9b] Thay đổi khung hình, kích thước ảnh",Mục 1. Khám phá (Trang 58),58,print_page_from_hnmu_position,,shared/learning_resources/compiled_documents/sgk_tin_hoc_8.pdf,Lớp 8.xlsx,source_evidence_hnmu_position,needs_hnmu_review,1,"Vị trí lấy từ cột Vị trí trong dữ liệu HNMU; chưa map chắc từ trang in sang image page, nên để trống source_image_path. Chưa nối chắc được lesson_item_id với topic/lesson map mới."
POS-TIN8-0353,8,LM-SGK-TIN8-0001,SGK_or_unspecified,,[8b] Làm quen với phần mềm chỉnh sửa ảnh,Mục 1. Kiến thức mới,,hnmu_position_no_print_page,,shared/learning_resources/compiled_documents/sgk_tin_hoc_8.pdf,Lớp 8.xlsx,source_evidence_hnmu_position,needs_hnmu_review,2,"Vị trí lấy từ cột Vị trí trong dữ liệu HNMU; chưa map chắc từ trang in sang image page, nên để trống source_image_path. Chưa nối chắc được lesson_item_id với topic/lesson map mới."
POS-TIN8-0354,8,LM-SGK-TIN8-0001,SGK_or_unspecified,,"[9b] Thay đổi khung hình, kích thước ảnh",Mục 1. Kiến thức mới,,hnmu_position_no_print_page,,shared/learning_resources/compiled_documents/sgk_tin_hoc_8.pdf,Lớp 8.xlsx,source_evidence_hnmu_position,needs_hnmu_review,1,"Vị trí lấy từ cột Vị trí trong dữ liệu HNMU; chưa map chắc từ trang in sang image page, nên để trống source_image_path. Chưa nối chắc được lesson_item_id với topic/lesson map mới."
POS-TIN8-0355,8,LM-SGK-TIN8-0001,SGK_or_unspecified,,"[10b] Thêm văn bản, tạo hiệu ứng cho ảnh",Mục 1. Thêm văn bản (Trang 66),66,print_page_from_hnmu_position,,shared/learning_resources/compiled_documents/sgk_tin_hoc_8.pdf,Lớp 8.xlsx,source_evidence_hnmu_position,needs_hnmu_review,2,"Vị trí lấy từ cột Vị trí trong dữ liệu HNMU; chưa map chắc từ trang in sang image page, nên để trống source_image_path. Chưa nối chắc được lesson_item_id với topic/lesson map mới."
POS-TIN8-0356,8,LM-SGK-TIN8-0001,SGK_or_unspecified,,"[9b] Thay đổi khung hình, kích thước ảnh",Mục 2. Khám phá (Trang 60),60,print_page_from_hnmu_position,,shared/learning_resources/compiled_documents/sgk_tin_hoc_8.pdf,Lớp 8.xlsx,source_evidence_hnmu_position,needs_hnmu_review,1,"Vị trí lấy từ cột Vị trí trong dữ liệu HNMU; chưa map chắc từ trang in sang image page, nên để trống source_image_path. Chưa nối chắc được lesson_item_id với topic/lesson map mới."
POS-TIN8-0357,8,LM-SGK-TIN8-0001,SGK_or_unspecified,,"[9b] Thay đổi khung hình, kích thước ảnh",Mục 2. Kiến thức mới (Trang 60),60,print_page_from_hnmu_position,,shared/learning_resources/compiled_documents/sgk_tin_hoc_8.pdf,Lớp 8.xlsx,source_evidence_hnmu_position,needs_hnmu_review,2,"Vị trí lấy từ cột Vị trí trong dữ liệu HNMU; chưa map chắc từ trang in sang image page, nên để trống source_image_path. Chưa nối chắc được lesson_item_id với topic/lesson map mới."
POS-TIN8-0358,8,LM-SGK-TIN8-0001,SGK_or_unspecified,,[8b] Làm quen với phần mềm chỉnh sửa ảnh,Mục 2. Lưu và xuất tệp,,hnmu_position_no_print_page,,shared/learning_resources/compiled_documents/sgk_tin_hoc_8.pdf,Lớp 8.xlsx,source_evidence_hnmu_position,needs_hnmu_review,1,"Vị trí lấy từ cột Vị trí trong dữ liệu HNMU; chưa map chắc từ trang in sang image page, nên để trống source_image_path. Chưa nối chắc được lesson_item_id với topic/lesson map mới."
POS-TIN8-0359,8,LM-SGK-TIN8-0001,SGK_or_unspecified,,"[10b] Thêm văn bản, tạo hiệu ứng cho ảnh",Mục 2. Tạo hiệu ứng (Trang 67),67,print_page_from_hnmu_position,,shared/learning_resources/compiled_documents/sgk_tin_hoc_8.pdf,Lớp 8.xlsx,source_evidence_hnmu_position,needs_hnmu_review,4,"Vị trí lấy từ cột Vị trí trong dữ liệu HNMU; chưa map chắc từ trang in sang image page, nên để trống source_image_path. Chưa nối chắc được lesson_item_id với topic/lesson map mới."
POS-TIN8-0360,8,LM-SGK-TIN8-0001,SGK_or_unspecified,,[8b] Làm quen với phần mềm chỉnh sửa ảnh,Mục 3. Công cụ chọn,,hnmu_position_no_print_page,,shared/learning_resources/compiled_documents/sgk_tin_hoc_8.pdf,Lớp 8.xlsx,source_evidence_hnmu_position,needs_hnmu_review,1,"Vị trí lấy từ cột Vị trí trong dữ liệu HNMU; chưa map chắc từ trang in sang image page, nên để trống source_image_path. Chưa nối chắc được lesson_item_id với topic/lesson map mới."
POS-TIN8-0361,8,LM-SGK-TIN8-0001,SGK_or_unspecified,,"[9b] Thay đổi khung hình, kích thước ảnh",Mục 3. Khám phá (Trang 61),61,print_page_from_hnmu_position,,shared/learning_resources/compiled_documents/sgk_tin_hoc_8.pdf,Lớp 8.xlsx,source_evidence_hnmu_position,needs_hnmu_review,2,"Vị trí lấy từ cột Vị trí trong dữ liệu HNMU; chưa map chắc từ trang in sang image page, nên để trống source_image_path. Chưa nối chắc được lesson_item_id với topic/lesson map mới."
POS-TIN8-0362,8,LM-SGK-TIN8-0001,SGK_or_unspecified,,[8b] Làm quen với phần mềm chỉnh sửa ảnh,Mục 4. Công cụ cắt,,hnmu_position_no_print_page,,shared/learning_resources/compiled_documents/sgk_tin_hoc_8.pdf,Lớp 8.xlsx,source_evidence_hnmu_position,needs_hnmu_review,1,"Vị trí lấy từ cột Vị trí trong dữ liệu HNMU; chưa map chắc từ trang in sang image page, nên để trống source_image_path. Chưa nối chắc được lesson_item_id với topic/lesson map mới."
POS-TIN8-0363,8,LM-SGK-TIN8-0001,SGK_or_unspecified,,[8b] Làm quen với phần mềm chỉnh sửa ảnh,Thực hành,,hnmu_position_no_print_page,,shared/learning_resources/compiled_documents/sgk_tin_hoc_8.pdf,Lớp 8.xlsx,source_evidence_hnmu_position,needs_hnmu_review,1,"Vị trí lấy từ cột Vị trí trong dữ liệu HNMU; chưa map chắc từ trang in sang image page, nên để trống source_image_path. Chưa nối chắc được lesson_item_id với topic/lesson map mới."
POS-TIN8-0364,8,LM-SGK-TIN8-0001,SGK_or_unspecified,,"[9b] Thay đổi khung hình, kích thước ảnh",Thực hành (Trang 59),59,print_page_from_hnmu_position,,shared/learning_resources/compiled_documents/sgk_tin_hoc_8.pdf,Lớp 8.xlsx,source_evidence_hnmu_position,needs_hnmu_review,1,"Vị trí lấy từ cột Vị trí trong dữ liệu HNMU; chưa map chắc từ trang in sang image page, nên để trống source_image_path. Chưa nối chắc được lesson_item_id với topic/lesson map mới."
POS-TIN8-0365,8,LM-SGK-TIN8-0001,SGK_or_unspecified,,"[10b] Thêm văn bản, tạo hiệu ứng cho ảnh",Thực hành (Trang 68),68,print_page_from_hnmu_position,,shared/learning_resources/compiled_documents/sgk_tin_hoc_8.pdf,Lớp 8.xlsx,source_evidence_hnmu_position,needs_hnmu_review,1,"Vị trí lấy từ cột Vị trí trong dữ liệu HNMU; chưa map chắc từ trang in sang image page, nên để trống source_image_path. Chưa nối chắc được lesson_item_id với topic/lesson map mới."
POS-TIN8-0366,8,LM-SGK-TIN8-0001,SGK_or_unspecified,,[8b] Làm quen với phần mềm chỉnh sửa ảnh,Thực hành tổng hợp,,hnmu_position_no_print_page,,shared/learning_resources/compiled_documents/sgk_tin_hoc_8.pdf,Lớp 8.xlsx,source_evidence_hnmu_position,needs_hnmu_review,1,"Vị trí lấy từ cột Vị trí trong dữ liệu HNMU; chưa map chắc từ trang in sang image page, nên để trống source_image_path. Chưa nối chắc được lesson_item_id với topic/lesson map mới."
POS-TIN8-0367,8,LM-SGK-TIN8-0001,SGK_or_unspecified,,"[9b] Thay đổi khung hình, kích thước ảnh",Thực hành tổng hợp,,hnmu_position_no_print_page,,shared/learning_resources/compiled_documents/sgk_tin_hoc_8.pdf,Lớp 8.xlsx,source_evidence_hnmu_position,needs_hnmu_review,2,"Vị trí lấy từ cột Vị trí trong dữ liệu HNMU; chưa map chắc từ trang in sang image page, nên để trống source_image_path. Chưa nối chắc được lesson_item_id với topic/lesson map mới."
POS-TIN8-0368,8,LM-SGK-TIN8-0001,SGK_or_unspecified,,"[10b] Thêm văn bản, tạo hiệu ứng cho ảnh",Thực hành: Tạo khung viền (Trang 68),68,print_page_from_hnmu_position,,shared/learning_resources/compiled_documents/sgk_tin_hoc_8.pdf,Lớp 8.xlsx,source_evidence_hnmu_position,needs_hnmu_review,3,"Vị trí lấy từ cột Vị trí trong dữ liệu HNMU; chưa map chắc từ trang in sang image page, nên để trống source_image_path. Chưa nối chắc được lesson_item_id với topic/lesson map mới."
POS-TIN8-0369,8,LM-SGK-TIN8-0001,SGK_or_unspecified,,"[10b] Thêm văn bản, tạo hiệu ứng cho ảnh",Thực hành: Tạo khung viền cho ảnh (Trang 68),68,print_page_from_hnmu_position,,shared/learning_resources/compiled_documents/sgk_tin_hoc_8.pdf,Lớp 8.xlsx,source_evidence_hnmu_position,needs_hnmu_review,1,"Vị trí lấy từ cột Vị trí trong dữ liệu HNMU; chưa map chắc từ trang in sang image page, nên để trống source_image_path. Chưa nối chắc được lesson_item_id với topic/lesson map mới."
POS-TIN8-0370,8,LM-SGK-TIN8-0001,SGK_or_unspecified,,[11b] Thực hành tổng hợp,Toàn bộ bài thực hành (Trang 70-72),70,print_page_from_hnmu_position,,shared/learning_resources/compiled_documents/sgk_tin_hoc_8.pdf,Lớp 8.xlsx,source_evidence_hnmu_position,needs_hnmu_review,1,"Vị trí lấy từ cột Vị trí trong dữ liệu HNMU; chưa map chắc từ trang in sang image page, nên để trống source_image_path. Chưa nối chắc được lesson_item_id với topic/lesson map mới."
POS-TIN8-0371,8,LM-SGK-TIN8-0001,SGK_or_unspecified,,[8b] Làm quen với phần mềm chỉnh sửa ảnh,Vận dụng,,hnmu_position_no_print_page,,shared/learning_resources/compiled_documents/sgk_tin_hoc_8.pdf,Lớp 8.xlsx,source_evidence_hnmu_position,needs_hnmu_review,2,"Vị trí lấy từ cột Vị trí trong dữ liệu HNMU; chưa map chắc từ trang in sang image page, nên để trống source_image_path. Chưa nối chắc được lesson_item_id với topic/lesson map mới."
POS-TIN8-0372,8,LM-SGK-TIN8-0001,SGK_or_unspecified,,"[9b] Thay đổi khung hình, kích thước ảnh",Vận dụng,,hnmu_position_no_print_page,,shared/learning_resources/compiled_documents/sgk_tin_hoc_8.pdf,Lớp 8.xlsx,source_evidence_hnmu_position,needs_hnmu_review,1,"Vị trí lấy từ cột Vị trí trong dữ liệu HNMU; chưa map chắc từ trang in sang image page, nên để trống source_image_path. Chưa nối chắc được lesson_item_id với topic/lesson map mới."
POS-TIN8-0373,8,LM-SGK-TIN8-0001,SGK_or_unspecified,,"[9b] Thay đổi khung hình, kích thước ảnh",Vận dụng (Trang 62),62,print_page_from_hnmu_position,,shared/learning_resources/compiled_documents/sgk_tin_hoc_8.pdf,Lớp 8.xlsx,source_evidence_hnmu_position,needs_hnmu_review,1,"Vị trí lấy từ cột Vị trí trong dữ liệu HNMU; chưa map chắc từ trang in sang image page, nên để trống source_image_path. Chưa nối chắc được lesson_item_id với topic/lesson map mới."
POS-TIN8-0374,8,LM-SGK-TIN8-0001,SGK_or_unspecified,,"[10b] Thêm văn bản, tạo hiệu ứng cho ảnh",Vận dụng (Trang 69),69,print_page_from_hnmu_position,,shared/learning_resources/compiled_documents/sgk_tin_hoc_8.pdf,Lớp 8.xlsx,source_evidence_hnmu_position,needs_hnmu_review,3,"Vị trí lấy từ cột Vị trí trong dữ liệu HNMU; chưa map chắc từ trang in sang image page, nên để trống source_image_path. Chưa nối chắc được lesson_item_id với topic/lesson map mới."
POS-TIN8-0375,8,LM-SGK-TIN8-0001,SGK,TIN8-B01,Bài 1. Lược sử công cụ tính toán,"Mục 1, Trang 5 SGK",5,print_page_from_hnmu_position,,shared/learning_resources/compiled_documents/sgk_tin_hoc_8.pdf,Lớp 8.xlsx,source_evidence_hnmu_position,needs_hnmu_review,2,"Vị trí lấy từ cột Vị trí trong dữ liệu HNMU; chưa map chắc từ trang in sang image page, nên để trống source_image_path."
POS-TIN8-0376,8,LM-SGK-TIN8-0001,SGK,TIN8-B01,Bài 1. Lược sử công cụ tính toán,"Mục 1, Trang 6 SGK",6,print_page_from_hnmu_position,,shared/learning_resources/compiled_documents/sgk_tin_hoc_8.pdf,Lớp 8.xlsx,source_evidence_hnmu_position,needs_hnmu_review,1,"Vị trí lấy từ cột Vị trí trong dữ liệu HNMU; chưa map chắc từ trang in sang image page, nên để trống source_image_path."
POS-TIN8-0377,8,LM-SGK-TIN8-0001,SGK,TIN8-B01,Bài 1. Lược sử công cụ tính toán,"Mục 2, Trang 6 SGK",6,print_page_from_hnmu_position,,shared/learning_resources/compiled_documents/sgk_tin_hoc_8.pdf,Lớp 8.xlsx,source_evidence_hnmu_position,needs_hnmu_review,1,"Vị trí lấy từ cột Vị trí trong dữ liệu HNMU; chưa map chắc từ trang in sang image page, nên để trống source_image_path."
POS-TIN8-0378,8,LM-SGK-TIN8-0001,SGK,TIN8-B01,Bài 1. Lược sử công cụ tính toán,"Mục 2, Trang 7 SGK",7,print_page_from_hnmu_position,,shared/learning_resources/compiled_documents/sgk_tin_hoc_8.pdf,Lớp 8.xlsx,source_evidence_hnmu_position,needs_hnmu_review,4,"Vị trí lấy từ cột Vị trí trong dữ liệu HNMU; chưa map chắc từ trang in sang image page, nên để trống source_image_path."
POS-TIN8-0379,8,LM-SGK-TIN8-0001,SGK,TIN8-B01,Bài 1. Lược sử công cụ tính toán,"Mục 2, Trang 8 SGK",8,print_page_from_hnmu_position,,shared/learning_resources/compiled_documents/sgk_tin_hoc_8.pdf,Lớp 8.xlsx,source_evidence_hnmu_position,needs_hnmu_review,2,"Vị trí lấy từ cột Vị trí trong dữ liệu HNMU; chưa map chắc từ trang in sang image page, nên để trống source_image_path."
POS-TIN8-0380,8,LM-SGK-TIN8-0001,SGK,TIN8-B01,Bài 1. Lược sử công cụ tính toán,"Mục 3, Trang 9 SGK",9,print_page_from_hnmu_position,,shared/learning_resources/compiled_documents/sgk_tin_hoc_8.pdf,Lớp 8.xlsx,source_evidence_hnmu_position,needs_hnmu_review,1,"Vị trí lấy từ cột Vị trí trong dữ liệu HNMU; chưa map chắc từ trang in sang image page, nên để trống source_image_path."
POS-TIN8-0381,8,LM-SGK-TIN8-0001,SGK_or_unspecified,TIN8-B01,Bài 1. Lược sử công cụ tính toán,Dự án học tập,,hnmu_position_no_print_page,,shared/learning_resources/compiled_documents/sgk_tin_hoc_8.pdf,Lớp 8.xlsx,source_evidence_hnmu_position,needs_hnmu_review,1,"Vị trí lấy từ cột Vị trí trong dữ liệu HNMU; chưa map chắc từ trang in sang image page, nên để trống source_image_path."
POS-TIN8-0382,8,LM-SGK-TIN8-0001,SGK_or_unspecified,TIN8-B01,Bài 1. Lược sử công cụ tính toán,Vận dụng thực tế,,hnmu_position_no_print_page,,shared/learning_resources/compiled_documents/sgk_tin_hoc_8.pdf,Lớp 8.xlsx,source_evidence_hnmu_position,needs_hnmu_review,1,"Vị trí lấy từ cột Vị trí trong dữ liệu HNMU; chưa map chắc từ trang in sang image page, nên để trống source_image_path."
POS-TIN8-0383,8,LM-SGV-TIN8-4923610683,SGV,TIN8-B01,Bài 1. Lược sử công cụ tính toán,Kiến thức bổ sung Trang 23 SGV,23,print_page_from_hnmu_position,,shared/learning_resources/compiled_documents/sgv_tin_hoc_8.pdf,Lớp 8.xlsx,source_evidence_hnmu_position,needs_hnmu_review,1,"Vị trí lấy từ cột Vị trí trong dữ liệu HNMU; chưa map chắc từ trang in sang image page, nên để trống source_image_path."
POS-TIN8-0384,8,LM-SGK-TIN8-0001,SGK,TIN8-B02,Bài 2. Thông tin trong môi trường số,"Hoạt động 2, Trang 11 SGK",11,print_page_from_hnmu_position,,shared/learning_resources/compiled_documents/sgk_tin_hoc_8.pdf,Lớp 8.xlsx,source_evidence_hnmu_position,needs_hnmu_review,1,"Vị trí lấy từ cột Vị trí trong dữ liệu HNMU; chưa map chắc từ trang in sang image page, nên để trống source_image_path."
POS-TIN8-0385,8,LM-SGK-TIN8-0001,SGK,TIN8-B02,Bài 2. Thông tin trong môi trường số,"Luyện tập 2, Trang 13 SGK",13,print_page_from_hnmu_position,,shared/learning_resources/compiled_documents/sgk_tin_hoc_8.pdf,Lớp 8.xlsx,source_evidence_hnmu_position,needs_hnmu_review,1,"Vị trí lấy từ cột Vị trí trong dữ liệu HNMU; chưa map chắc từ trang in sang image page, nên để trống source_image_path."
POS-TIN8-0386,8,LM-SGK-TIN8-0001,SGK,TIN8-B02,Bài 2. Thông tin trong môi trường số,Mục 1 Trang 11 SGK,11,print_page_from_hnmu_position,,shared/learning_resources/compiled_documents/sgk_tin_hoc_8.pdf,Lớp 8.xlsx,source_evidence_hnmu_position,needs_hnmu_review,1,"Vị trí lấy từ cột Vị trí trong dữ liệu HNMU; chưa map chắc từ trang in sang image page, nên để trống source_image_path."
POS-TIN8-0387,8,LM-SGK-TIN8-0001,SGK,TIN8-B02,Bài 2. Thông tin trong môi trường số,"Mục 1.a, Trang 10 SGK",10,print_page_from_hnmu_position,,shared/learning_resources/compiled_documents/sgk_tin_hoc_8.pdf,Lớp 8.xlsx,source_evidence_hnmu_position,needs_hnmu_review,1,"Vị trí lấy từ cột Vị trí trong dữ liệu HNMU; chưa map chắc từ trang in sang image page, nên để trống source_image_path."
POS-TIN8-0388,8,LM-SGK-TIN8-0001,SGK,TIN8-B02,Bài 2. Thông tin trong môi trường số,"Mục 1.a, Trang 11 SGK",11,print_page_from_hnmu_position,,shared/learning_resources/compiled_documents/sgk_tin_hoc_8.pdf,Lớp 8.xlsx,source_evidence_hnmu_position,needs_hnmu_review,1,"Vị trí lấy từ cột Vị trí trong dữ liệu HNMU; chưa map chắc từ trang in sang image page, nên để trống source_image_path."
POS-TIN8-0389,8,LM-SGK-TIN8-0001,SGK,TIN8-B02,Bài 2. Thông tin trong môi trường số,"Mục 2, Trang 12 SGK",12,print_page_from_hnmu_position,,shared/learning_resources/compiled_documents/sgk_tin_hoc_8.pdf,Lớp 8.xlsx,source_evidence_hnmu_position,needs_hnmu_review,2,"Vị trí lấy từ cột Vị trí trong dữ liệu HNMU; chưa map chắc từ trang in sang image page, nên để trống source_image_path."
POS-TIN8-0390,8,LM-SGK-TIN8-0001,SGK,TIN8-B02,Bài 2. Thông tin trong môi trường số,"Mục 2, Trang 12- 13 SGK",12,print_page_from_hnmu_position,,shared/learning_resources/compiled_documents/sgk_tin_hoc_8.pdf,Lớp 8.xlsx,source_evidence_hnmu_position,needs_hnmu_review,1,"Vị trí lấy từ cột Vị trí trong dữ liệu HNMU; chưa map chắc từ trang in sang image page, nên để trống source_image_path."
POS-TIN8-0391,8,LM-SGK-TIN8-0001,SGK,TIN8-B02,Bài 2. Thông tin trong môi trường số,"Mục 2, Trang 13 SGK",13,print_page_from_hnmu_position,,shared/learning_resources/compiled_documents/sgk_tin_hoc_8.pdf,Lớp 8.xlsx,source_evidence_hnmu_position,needs_hnmu_review,2,"Vị trí lấy từ cột Vị trí trong dữ liệu HNMU; chưa map chắc từ trang in sang image page, nên để trống source_image_path."
POS-TIN8-0392,8,LM-SGK-TIN8-0001,SGK,TIN8-B02,Bài 2. Thông tin trong môi trường số,"Vận dụng 1, Trang 13 SGK",13,print_page_from_hnmu_position,,shared/learning_resources/compiled_documents/sgk_tin_hoc_8.pdf,Lớp 8.xlsx,source_evidence_hnmu_position,needs_hnmu_review,1,"Vị trí lấy từ cột Vị trí trong dữ liệu HNMU; chưa map chắc từ trang in sang image page, nên để trống source_image_path."
POS-TIN8-0393,8,LM-SGK-TIN8-0001,SGK,TIN8-B02,Bài 2. Thông tin trong môi trường số,"Vận dụng 3, Trang 13 SGK",13,print_page_from_hnmu_position,,shared/learning_resources/compiled_documents/sgk_tin_hoc_8.pdf,Lớp 8.xlsx,source_evidence_hnmu_position,needs_hnmu_review,1,"Vị trí lấy từ cột Vị trí trong dữ liệu HNMU; chưa map chắc từ trang in sang image page, nên để trống source_image_path."
POS-TIN8-0394,8,LM-SGK-TIN8-0001,SGK_or_unspecified,TIN8-B02,Bài 2. Thông tin trong môi trường số,Tình huống vận dụng,,hnmu_position_no_print_page,,shared/learning_resources/compiled_documents/sgk_tin_hoc_8.pdf,Lớp 8.xlsx,source_evidence_hnmu_position,needs_hnmu_review,1,"Vị trí lấy từ cột Vị trí trong dữ liệu HNMU; chưa map chắc từ trang in sang image page, nên để trống source_image_path."
POS-TIN8-0395,8,LM-SGV-TIN8-4923610683,SGV,TIN8-B02,Bài 2. Thông tin trong môi trường số,"Lưu ý, Trang 29 SGV",29,print_page_from_hnmu_position,,shared/learning_resources/compiled_documents/sgv_tin_hoc_8.pdf,Lớp 8.xlsx,source_evidence_hnmu_position,needs_hnmu_review,1,"Vị trí lấy từ cột Vị trí trong dữ liệu HNMU; chưa map chắc từ trang in sang image page, nên để trống source_image_path."
POS-TIN8-0396,8,LM-SGK-TIN8-0001,SGK,TIN8-B03,Bài 3. Thực hành: Khai thác thông tin số,"Luyện tập 1, Trang 17 SGK",17,print_page_from_hnmu_position,,shared/learning_resources/compiled_documents/sgk_tin_hoc_8.pdf,Lớp 8.xlsx,source_evidence_hnmu_position,needs_hnmu_review,1,"Vị trí lấy từ cột Vị trí trong dữ liệu HNMU; chưa map chắc từ trang in sang image page, nên để trống source_image_path."
POS-TIN8-0397,8,LM-SGK-TIN8-0001,SGK,TIN8-B03,Bài 3. Thực hành: Khai thác thông tin số,"Luyện tập 2, Trang 17 SGK",17,print_page_from_hnmu_position,,shared/learning_resources/compiled_documents/sgk_tin_hoc_8.pdf,Lớp 8.xlsx,source_evidence_hnmu_position,needs_hnmu_review,1,"Vị trí lấy từ cột Vị trí trong dữ liệu HNMU; chưa map chắc từ trang in sang image page, nên để trống source_image_path."
POS-TIN8-0398,8,LM-SGK-TIN8-0001,SGK,TIN8-B03,Bài 3. Thực hành: Khai thác thông tin số,"Nhiệm vụ 1, Bước 2, Trang 15 SGK",15,print_page_from_hnmu_position,,shared/learning_resources/compiled_documents/sgk_tin_hoc_8.pdf,Lớp 8.xlsx,source_evidence_hnmu_position,needs_hnmu_review,1,"Vị trí lấy từ cột Vị trí trong dữ liệu HNMU; chưa map chắc từ trang in sang image page, nên để trống source_image_path."
POS-TIN8-0399,8,LM-SGK-TIN8-0001,SGK,TIN8-B03,Bài 3. Thực hành: Khai thác thông tin số,"Nhiệm vụ 1, Trang 14 SGK",14,print_page_from_hnmu_position,,shared/learning_resources/compiled_documents/sgk_tin_hoc_8.pdf,Lớp 8.xlsx,source_evidence_hnmu_position,needs_hnmu_review,2,"Vị trí lấy từ cột Vị trí trong dữ liệu HNMU; chưa map chắc từ trang in sang image page, nên để trống source_image_path."
POS-TIN8-0400,8,LM-SGK-TIN8-0001,SGK,TIN8-B03,Bài 3. Thực hành: Khai thác thông tin số,"Nhiệm vụ 2, Trang 15 SGK",15,print_page_from_hnmu_position,,shared/learning_resources/compiled_documents/sgk_tin_hoc_8.pdf,Lớp 8.xlsx,source_evidence_hnmu_position,needs_hnmu_review,1,"Vị trí lấy từ cột Vị trí trong dữ liệu HNMU; chưa map chắc từ trang in sang image page, nên để trống source_image_path."
POS-TIN8-0401,8,LM-SGK-TIN8-0001,SGK,TIN8-B03,Bài 3. Thực hành: Khai thác thông tin số,"Nhiệm vụ 2, Trang 16 SGK",16,print_page_from_hnmu_position,,shared/learning_resources/compiled_documents/sgk_tin_hoc_8.pdf,Lớp 8.xlsx,source_evidence_hnmu_position,needs_hnmu_review,2,"Vị trí lấy từ cột Vị trí trong dữ liệu HNMU; chưa map chắc từ trang in sang image page, nên để trống source_image_path."
POS-TIN8-0402,8,LM-SGK-TIN8-0001,SGK,TIN8-B03,Bài 3. Thực hành: Khai thác thông tin số,"Nhiệm vụ 2, Trang 17 SGK",17,print_page_from_hnmu_position,,shared/learning_resources/compiled_documents/sgk_tin_hoc_8.pdf,Lớp 8.xlsx,source_evidence_hnmu_position,needs_hnmu_review,1,"Vị trí lấy từ cột Vị trí trong dữ liệu HNMU; chưa map chắc từ trang in sang image page, nên để trống source_image_path."
POS-TIN8-0403,8,LM-SGK-TIN8-0001,SGK,TIN8-B03,Bài 3. Thực hành: Khai thác thông tin số,"Nhiệm vụ 3, Trang 16-17 SGK",16,print_page_from_hnmu_position,,shared/learning_resources/compiled_documents/sgk_tin_hoc_8.pdf,Lớp 8.xlsx,source_evidence_hnmu_position,needs_hnmu_review,1,"Vị trí lấy từ cột Vị trí trong dữ liệu HNMU; chưa map chắc từ trang in sang image page, nên để trống source_image_path."
POS-TIN8-0404,8,LM-SGK-TIN8-0001,SGK,TIN8-B03,Bài 3. Thực hành: Khai thác thông tin số,"Nhiệm vụ 3, Trang 17 SGK",17,print_page_from_hnmu_position,,shared/learning_resources/compiled_documents/sgk_tin_hoc_8.pdf,Lớp 8.xlsx,source_evidence_hnmu_position,needs_hnmu_review,1,"Vị trí lấy từ cột Vị trí trong dữ liệu HNMU; chưa map chắc từ trang in sang image page, nên để trống source_image_path."
POS-TIN8-0405,8,LM-SGK-TIN8-0001,SGK,TIN8-B03,Bài 3. Thực hành: Khai thác thông tin số,"Vận dụng 1, Trang 17 SGK",17,print_page_from_hnmu_position,,shared/learning_resources/compiled_documents/sgk_tin_hoc_8.pdf,Lớp 8.xlsx,source_evidence_hnmu_position,needs_hnmu_review,1,"Vị trí lấy từ cột Vị trí trong dữ liệu HNMU; chưa map chắc từ trang in sang image page, nên để trống source_image_path."
POS-TIN8-0406,8,LM-SGK-TIN8-0001,SGK_or_unspecified,TIN8-B03,Bài 3. Thực hành: Khai thác thông tin số,Vận dụng thực tế,,hnmu_position_no_print_page,,shared/learning_resources/compiled_documents/sgk_tin_hoc_8.pdf,Lớp 8.xlsx,source_evidence_hnmu_position,needs_hnmu_review,1,"Vị trí lấy từ cột Vị trí trong dữ liệu HNMU; chưa map chắc từ trang in sang image page, nên để trống source_image_path."
POS-TIN8-0407,8,LM-SGV-TIN8-4923610683,SGV,TIN8-B03,Bài 3. Thực hành: Khai thác thông tin số,"Lưu ý, Trang 30 SGV",30,print_page_from_hnmu_position,,shared/learning_resources/compiled_documents/sgv_tin_hoc_8.pdf,Lớp 8.xlsx,source_evidence_hnmu_position,needs_hnmu_review,1,"Vị trí lấy từ cột Vị trí trong dữ liệu HNMU; chưa map chắc từ trang in sang image page, nên để trống source_image_path."
POS-TIN8-0408,8,LM-SGK-TIN8-0001,SGK,TIN8-B04,Bài 4. Đạo đức và văn hoá trong sử dụng công nghệ kĩ thuật số,"Mục 1, Trang 18 SGK",18,print_page_from_hnmu_position,,shared/learning_resources/compiled_documents/sgk_tin_hoc_8.pdf,Lớp 8.xlsx,source_evidence_hnmu_position,needs_hnmu_review,3,"Vị trí lấy từ cột Vị trí trong dữ liệu HNMU; chưa map chắc từ trang in sang image page, nên để trống source_image_path."
POS-TIN8-0409,8,LM-SGK-TIN8-0001,SGK,TIN8-B04,Bài 4. Đạo đức và văn hoá trong sử dụng công nghệ kĩ thuật số,"Mục 1, Trang 19 SGK",19,print_page_from_hnmu_position,,shared/learning_resources/compiled_documents/sgk_tin_hoc_8.pdf,Lớp 8.xlsx,source_evidence_hnmu_position,needs_hnmu_review,3,"Vị trí lấy từ cột Vị trí trong dữ liệu HNMU; chưa map chắc từ trang in sang image page, nên để trống source_image_path."
POS-TIN8-0410,8,LM-SGK-TIN8-0001,SGK,TIN8-B04,Bài 4. Đạo đức và văn hoá trong sử dụng công nghệ kĩ thuật số,"Mục 1,Trang 18 SGK",18,print_page_from_hnmu_position,,shared/learning_resources/compiled_documents/sgk_tin_hoc_8.pdf,Lớp 8.xlsx,source_evidence_hnmu_position,needs_hnmu_review,1,"Vị trí lấy từ cột Vị trí trong dữ liệu HNMU; chưa map chắc từ trang in sang image page, nên để trống source_image_path."
POS-TIN8-0411,8,LM-SGK-TIN8-0001,SGK,TIN8-B04,Bài 4. Đạo đức và văn hoá trong sử dụng công nghệ kĩ thuật số,"Mục 2, Trang 19 SGK",19,print_page_from_hnmu_position,,shared/learning_resources/compiled_documents/sgk_tin_hoc_8.pdf,Lớp 8.xlsx,source_evidence_hnmu_position,needs_hnmu_review,2,"Vị trí lấy từ cột Vị trí trong dữ liệu HNMU; chưa map chắc từ trang in sang image page, nên để trống source_image_path."
POS-TIN8-0412,8,LM-SGK-TIN8-0001,SGK,TIN8-B04,Bài 4. Đạo đức và văn hoá trong sử dụng công nghệ kĩ thuật số,"Mục 2, Trang 19-20 SGK",19,print_page_from_hnmu_position,,shared/learning_resources/compiled_documents/sgk_tin_hoc_8.pdf,Lớp 8.xlsx,source_evidence_hnmu_position,needs_hnmu_review,1,"Vị trí lấy từ cột Vị trí trong dữ liệu HNMU; chưa map chắc từ trang in sang image page, nên để trống source_image_path."
POS-TIN8-0413,8,LM-SGK-TIN8-0001,SGK_or_unspecified,TIN8-B04,Bài 4. Đạo đức và văn hoá trong sử dụng công nghệ kĩ thuật số,Câu hỏi a. Trang 20,20,print_page_from_hnmu_position,,shared/learning_resources/compiled_documents/sgk_tin_hoc_8.pdf,Lớp 8.xlsx,source_evidence_hnmu_position,needs_hnmu_review,1,"Vị trí lấy từ cột Vị trí trong dữ liệu HNMU; chưa map chắc từ trang in sang image page, nên để trống source_image_path."
POS-TIN8-0414,8,LM-SGK-TIN8-0001,SGK_or_unspecified,TIN8-B04,Bài 4. Đạo đức và văn hoá trong sử dụng công nghệ kĩ thuật số,Dự án học tập,,hnmu_position_no_print_page,,shared/learning_resources/compiled_documents/sgk_tin_hoc_8.pdf,Lớp 8.xlsx,source_evidence_hnmu_position,needs_hnmu_review,1,"Vị trí lấy từ cột Vị trí trong dữ liệu HNMU; chưa map chắc từ trang in sang image page, nên để trống source_image_path."
POS-TIN8-0415,8,LM-SGK-TIN8-0001,SGK_or_unspecified,TIN8-B04,Bài 4. Đạo đức và văn hoá trong sử dụng công nghệ kĩ thuật số,Tình huống ứng dụng,,hnmu_position_no_print_page,,shared/learning_resources/compiled_documents/sgk_tin_hoc_8.pdf,Lớp 8.xlsx,source_evidence_hnmu_position,needs_hnmu_review,1,"Vị trí lấy từ cột Vị trí trong dữ liệu HNMU; chưa map chắc từ trang in sang image page, nên để trống source_image_path."
POS-TIN8-0416,8,LM-SGK-TIN8-0001,SGK_or_unspecified,TIN8-B04,Bài 4. Đạo đức và văn hoá trong sử dụng công nghệ kĩ thuật số,Vận dụng thực tế,,hnmu_position_no_print_page,,shared/learning_resources/compiled_documents/sgk_tin_hoc_8.pdf,Lớp 8.xlsx,source_evidence_hnmu_position,needs_hnmu_review,1,"Vị trí lấy từ cột Vị trí trong dữ liệu HNMU; chưa map chắc từ trang in sang image page, nên để trống source_image_path."
POS-TIN8-0417,8,LM-SGK-TIN8-0001,SGK,TIN8-B05,Bài 5. Sử dụng bảng tính giải quyết bài toán thực tế,"Luyện tập 2, Trang 26 SGK",26,print_page_from_hnmu_position,,shared/learning_resources/compiled_documents/sgk_tin_hoc_8.pdf,Lớp 8.xlsx,source_evidence_hnmu_position,needs_hnmu_review,2,"Vị trí lấy từ cột Vị trí trong dữ liệu HNMU; chưa map chắc từ trang in sang image page, nên để trống source_image_path."
POS-TIN8-0418,8,LM-SGK-TIN8-0001,SGK,TIN8-B05,Bài 5. Sử dụng bảng tính giải quyết bài toán thực tế,"Luyện tập 2f, Trang 26 SGK",26,print_page_from_hnmu_position,,shared/learning_resources/compiled_documents/sgk_tin_hoc_8.pdf,Lớp 8.xlsx,source_evidence_hnmu_position,needs_hnmu_review,1,"Vị trí lấy từ cột Vị trí trong dữ liệu HNMU; chưa map chắc từ trang in sang image page, nên để trống source_image_path."
POS-TIN8-0419,8,LM-SGK-TIN8-0001,SGK,TIN8-B05,Bài 5. Sử dụng bảng tính giải quyết bài toán thực tế,"Mục 1, Trang 22 SGK",22,print_page_from_hnmu_position,,shared/learning_resources/compiled_documents/sgk_tin_hoc_8.pdf,Lớp 8.xlsx,source_evidence_hnmu_position,needs_hnmu_review,4,"Vị trí lấy từ cột Vị trí trong dữ liệu HNMU; chưa map chắc từ trang in sang image page, nên để trống source_image_path."
POS-TIN8-0420,8,LM-SGK-TIN8-0001,SGK,TIN8-B05,Bài 5. Sử dụng bảng tính giải quyết bài toán thực tế,"Mục 2, Trang 23 SGK",23,print_page_from_hnmu_position,,shared/learning_resources/compiled_documents/sgk_tin_hoc_8.pdf,Lớp 8.xlsx,source_evidence_hnmu_position,needs_hnmu_review,5,"Vị trí lấy từ cột Vị trí trong dữ liệu HNMU; chưa map chắc từ trang in sang image page, nên để trống source_image_path."
POS-TIN8-0421,8,LM-SGK-TIN8-0001,SGK,TIN8-B05,Bài 5. Sử dụng bảng tính giải quyết bài toán thực tế,"Nhiệm vụ 1, Trang 23 SGK",23,print_page_from_hnmu_position,,shared/learning_resources/compiled_documents/sgk_tin_hoc_8.pdf,Lớp 8.xlsx,source_evidence_hnmu_position,needs_hnmu_review,1,"Vị trí lấy từ cột Vị trí trong dữ liệu HNMU; chưa map chắc từ trang in sang image page, nên để trống source_image_path."
POS-TIN8-0422,8,LM-SGK-TIN8-0001,SGK,TIN8-B05,Bài 5. Sử dụng bảng tính giải quyết bài toán thực tế,"Vận dụng, Trang 26 SGK",26,print_page_from_hnmu_position,,shared/learning_resources/compiled_documents/sgk_tin_hoc_8.pdf,Lớp 8.xlsx,source_evidence_hnmu_position,needs_hnmu_review,1,"Vị trí lấy từ cột Vị trí trong dữ liệu HNMU; chưa map chắc từ trang in sang image page, nên để trống source_image_path."
POS-TIN8-0423,8,LM-SGK-TIN8-0001,SGK,TIN8-B06,Bài 6. Sắp xếp và lọc dữ liệu,"Hoạt động 1, Trang 27 SGK",27,print_page_from_hnmu_position,,shared/learning_resources/compiled_documents/sgk_tin_hoc_8.pdf,Lớp 8.xlsx,source_evidence_hnmu_position,needs_hnmu_review,1,"Vị trí lấy từ cột Vị trí trong dữ liệu HNMU; chưa map chắc từ trang in sang image page, nên để trống source_image_path."
POS-TIN8-0424,8,LM-SGK-TIN8-0001,SGK,TIN8-B06,Bài 6. Sắp xếp và lọc dữ liệu,"Hình 6.3, Trang 28 SGK",28,print_page_from_hnmu_position,,shared/learning_resources/compiled_documents/sgk_tin_hoc_8.pdf,Lớp 8.xlsx,source_evidence_hnmu_position,needs_hnmu_review,1,"Vị trí lấy từ cột Vị trí trong dữ liệu HNMU; chưa map chắc từ trang in sang image page, nên để trống source_image_path."
POS-TIN8-0425,8,LM-SGK-TIN8-0001,SGK,TIN8-B06,Bài 6. Sắp xếp và lọc dữ liệu,"Luyện tập (b), Trang 31 SGK",31,print_page_from_hnmu_position,,shared/learning_resources/compiled_documents/sgk_tin_hoc_8.pdf,Lớp 8.xlsx,source_evidence_hnmu_position,needs_hnmu_review,1,"Vị trí lấy từ cột Vị trí trong dữ liệu HNMU; chưa map chắc từ trang in sang image page, nên để trống source_image_path."
POS-TIN8-0426,8,LM-SGK-TIN8-0001,SGK,TIN8-B06,Bài 6. Sắp xếp và lọc dữ liệu,"Luyện tập (c), Trang 31 SGK",31,print_page_from_hnmu_position,,shared/learning_resources/compiled_documents/sgk_tin_hoc_8.pdf,Lớp 8.xlsx,source_evidence_hnmu_position,needs_hnmu_review,1,"Vị trí lấy từ cột Vị trí trong dữ liệu HNMU; chưa map chắc từ trang in sang image page, nên để trống source_image_path."
POS-TIN8-0427,8,LM-SGK-TIN8-0001,SGK,TIN8-B06,Bài 6. Sắp xếp và lọc dữ liệu,"Luyện tập (d), Trang 31 SGK",31,print_page_from_hnmu_position,,shared/learning_resources/compiled_documents/sgk_tin_hoc_8.pdf,Lớp 8.xlsx,source_evidence_hnmu_position,needs_hnmu_review,1,"Vị trí lấy từ cột Vị trí trong dữ liệu HNMU; chưa map chắc từ trang in sang image page, nên để trống source_image_path."
POS-TIN8-0428,8,LM-SGK-TIN8-0001,SGK,TIN8-B06,Bài 6. Sắp xếp và lọc dữ liệu,"Mục 2, Trang 28 SGK",28,print_page_from_hnmu_position,,shared/learning_resources/compiled_documents/sgk_tin_hoc_8.pdf,Lớp 8.xlsx,source_evidence_hnmu_position,needs_hnmu_review,1,"Vị trí lấy từ cột Vị trí trong dữ liệu HNMU; chưa map chắc từ trang in sang image page, nên để trống source_image_path."
POS-TIN8-0429,8,LM-SGK-TIN8-0001,SGK,TIN8-B06,Bài 6. Sắp xếp và lọc dữ liệu,"Mục 2, Trang 29 SGK",29,print_page_from_hnmu_position,,shared/learning_resources/compiled_documents/sgk_tin_hoc_8.pdf,Lớp 8.xlsx,source_evidence_hnmu_position,needs_hnmu_review,2,"Vị trí lấy từ cột Vị trí trong dữ liệu HNMU; chưa map chắc từ trang in sang image page, nên để trống source_image_path."
POS-TIN8-0430,8,LM-SGK-TIN8-0001,SGK,TIN8-B06,Bài 6. Sắp xếp và lọc dữ liệu,"Mục 2, Trang 30 SGK",30,print_page_from_hnmu_position,,shared/learning_resources/compiled_documents/sgk_tin_hoc_8.pdf,Lớp 8.xlsx,source_evidence_hnmu_position,needs_hnmu_review,1,"Vị trí lấy từ cột Vị trí trong dữ liệu HNMU; chưa map chắc từ trang in sang image page, nên để trống source_image_path."
POS-TIN8-0431,8,LM-SGK-TIN8-0001,SGK,TIN8-B06,Bài 6. Sắp xếp và lọc dữ liệu,"Mục 3, Trang 29 SGK",29,print_page_from_hnmu_position,,shared/learning_resources/compiled_documents/sgk_tin_hoc_8.pdf,Lớp 8.xlsx,source_evidence_hnmu_position,needs_hnmu_review,1,"Vị trí lấy từ cột Vị trí trong dữ liệu HNMU; chưa map chắc từ trang in sang image page, nên để trống source_image_path."
POS-TIN8-0432,8,LM-SGK-TIN8-0001,SGK,TIN8-B06,Bài 6. Sắp xếp và lọc dữ liệu,"Mục 3, Trang 30 SGK",30,print_page_from_hnmu_position,,shared/learning_resources/compiled_documents/sgk_tin_hoc_8.pdf,Lớp 8.xlsx,source_evidence_hnmu_position,needs_hnmu_review,3,"Vị trí lấy từ cột Vị trí trong dữ liệu HNMU; chưa map chắc từ trang in sang image page, nên để trống source_image_path."
POS-TIN8-0433,8,LM-SGK-TIN8-0001,SGK,TIN8-B06,Bài 6. Sắp xếp và lọc dữ liệu,"Vận dụng, Trang 31 SGK",31,print_page_from_hnmu_position,,shared/learning_resources/compiled_documents/sgk_tin_hoc_8.pdf,Lớp 8.xlsx,source_evidence_hnmu_position,needs_hnmu_review,1,"Vị trí lấy từ cột Vị trí trong dữ liệu HNMU; chưa map chắc từ trang in sang image page, nên để trống source_image_path."
POS-TIN8-0434,8,LM-SGK-TIN8-0001,SGK,TIN8-B07,Bài 7. Trình bày dữ liệu bằng biểu đồ,"Hoạt động 1, Trang 32 SGK",32,print_page_from_hnmu_position,,shared/learning_resources/compiled_documents/sgk_tin_hoc_8.pdf,Lớp 8.xlsx,source_evidence_hnmu_position,needs_hnmu_review,1,"Vị trí lấy từ cột Vị trí trong dữ liệu HNMU; chưa map chắc từ trang in sang image page, nên để trống source_image_path."
POS-TIN8-0435,8,LM-SGK-TIN8-0001,SGK,TIN8-B07,Bài 7. Trình bày dữ liệu bằng biểu đồ,"Hình 7.2, Trang 32 SGK",32,print_page_from_hnmu_position,,shared/learning_resources/compiled_documents/sgk_tin_hoc_8.pdf,Lớp 8.xlsx,source_evidence_hnmu_position,needs_hnmu_review,1,"Vị trí lấy từ cột Vị trí trong dữ liệu HNMU; chưa map chắc từ trang in sang image page, nên để trống source_image_path."
POS-TIN8-0436,8,LM-SGK-TIN8-0001,SGK,TIN8-B07,Bài 7. Trình bày dữ liệu bằng biểu đồ,"Luyện tập 2, Trang 35 SGK",35,print_page_from_hnmu_position,,shared/learning_resources/compiled_documents/sgk_tin_hoc_8.pdf,Lớp 8.xlsx,source_evidence_hnmu_position,needs_hnmu_review,1,"Vị trí lấy từ cột Vị trí trong dữ liệu HNMU; chưa map chắc từ trang in sang image page, nên để trống source_image_path."
POS-TIN8-0437,8,LM-SGK-TIN8-0001,SGK,TIN8-B07,Bài 7. Trình bày dữ liệu bằng biểu đồ,"Lưu ý, Trang 35 SGK",35,print_page_from_hnmu_position,,shared/learning_resources/compiled_documents/sgk_tin_hoc_8.pdf,Lớp 8.xlsx,source_evidence_hnmu_position,needs_hnmu_review,1,"Vị trí lấy từ cột Vị trí trong dữ liệu HNMU; chưa map chắc từ trang in sang image page, nên để trống source_image_path."
POS-TIN8-0438,8,LM-SGK-TIN8-0001,SGK,TIN8-B07,Bài 7. Trình bày dữ liệu bằng biểu đồ,"Mục 1, Trang 32 SGK",32,print_page_from_hnmu_position,,shared/learning_resources/compiled_documents/sgk_tin_hoc_8.pdf,Lớp 8.xlsx,source_evidence_hnmu_position,needs_hnmu_review,2,"Vị trí lấy từ cột Vị trí trong dữ liệu HNMU; chưa map chắc từ trang in sang image page, nên để trống source_image_path."
POS-TIN8-0439,8,LM-SGK-TIN8-0001,SGK,TIN8-B07,Bài 7. Trình bày dữ liệu bằng biểu đồ,"Mục 1, Trang 32-33 SGK",32,print_page_from_hnmu_position,,shared/learning_resources/compiled_documents/sgk_tin_hoc_8.pdf,Lớp 8.xlsx,source_evidence_hnmu_position,needs_hnmu_review,1,"Vị trí lấy từ cột Vị trí trong dữ liệu HNMU; chưa map chắc từ trang in sang image page, nên để trống source_image_path."
POS-TIN8-0440,8,LM-SGK-TIN8-0001,SGK,TIN8-B07,Bài 7. Trình bày dữ liệu bằng biểu đồ,"Mục 1, Trang 33 SGK",33,print_page_from_hnmu_position,,shared/learning_resources/compiled_documents/sgk_tin_hoc_8.pdf,Lớp 8.xlsx,source_evidence_hnmu_position,needs_hnmu_review,3,"Vị trí lấy từ cột Vị trí trong dữ liệu HNMU; chưa map chắc từ trang in sang image page, nên để trống source_image_path."
POS-TIN8-0441,8,LM-SGK-TIN8-0001,SGK,TIN8-B07,Bài 7. Trình bày dữ liệu bằng biểu đồ,"Vận dụng, Trang 35 SGK",35,print_page_from_hnmu_position,,shared/learning_resources/compiled_documents/sgk_tin_hoc_8.pdf,Lớp 8.xlsx,source_evidence_hnmu_position,needs_hnmu_review,1,"Vị trí lấy từ cột Vị trí trong dữ liệu HNMU; chưa map chắc từ trang in sang image page, nên để trống source_image_path."
POS-TIN8-0442,8,LM-SGK-TIN8-0001,SGK_or_unspecified,TIN8-B07,Bài 7. Trình bày dữ liệu bằng biểu đồ,"Kiến thức mới, Trang 32",32,print_page_from_hnmu_position,,shared/learning_resources/compiled_documents/sgk_tin_hoc_8.pdf,Lớp 8.xlsx,source_evidence_hnmu_position,needs_hnmu_review,1,"Vị trí lấy từ cột Vị trí trong dữ liệu HNMU; chưa map chắc từ trang in sang image page, nên để trống source_image_path."
POS-TIN8-0443,8,LM-SGK-TIN8-0001,SGK_or_unspecified,TIN8-B07,Bài 7. Trình bày dữ liệu bằng biểu đồ,"Luyện tập 1.a, Trang 35",35,print_page_from_hnmu_position,,shared/learning_resources/compiled_documents/sgk_tin_hoc_8.pdf,Lớp 8.xlsx,source_evidence_hnmu_position,needs_hnmu_review,1,"Vị trí lấy từ cột Vị trí trong dữ liệu HNMU; chưa map chắc từ trang in sang image page, nên để trống source_image_path."
POS-TIN8-0444,8,LM-SGK-TIN8-0001,SGK_or_unspecified,TIN8-B07,Bài 7. Trình bày dữ liệu bằng biểu đồ,"Luyện tập 1.b, Trang 35",35,print_page_from_hnmu_position,,shared/learning_resources/compiled_documents/sgk_tin_hoc_8.pdf,Lớp 8.xlsx,source_evidence_hnmu_position,needs_hnmu_review,1,"Vị trí lấy từ cột Vị trí trong dữ liệu HNMU; chưa map chắc từ trang in sang image page, nên để trống source_image_path."
POS-TIN8-0445,8,LM-SGK-TIN8-0001,SGK,TIN8-B08A,Bài 8A. Làm việc với danh sách dạng liệt kê và hình ảnh trong văn bản,"Câu hỏi Củng cố (Trang 38, SGK)",38,print_page_from_hnmu_position,,shared/learning_resources/compiled_documents/sgk_tin_hoc_8.pdf,Lớp 8.xlsx,source_evidence_hnmu_position,needs_hnmu_review,1,"Vị trí lấy từ cột Vị trí trong dữ liệu HNMU; chưa map chắc từ trang in sang image page, nên để trống source_image_path."
POS-TIN8-0446,8,LM-SGK-TIN8-0001,SGK,TIN8-B08A,Bài 8A. Làm việc với danh sách dạng liệt kê và hình ảnh trong văn bản,"Hoạt động 1 (Trang 36, SGK)",36,print_page_from_hnmu_position,,shared/learning_resources/compiled_documents/sgk_tin_hoc_8.pdf,Lớp 8.xlsx,source_evidence_hnmu_position,needs_hnmu_review,1,"Vị trí lấy từ cột Vị trí trong dữ liệu HNMU; chưa map chắc từ trang in sang image page, nên để trống source_image_path."
POS-TIN8-0447,8,LM-SGK-TIN8-0001,SGK,TIN8-B08A,Bài 8A. Làm việc với danh sách dạng liệt kê và hình ảnh trong văn bản,"Hoạt động 2 (Trang 38, SGK)",38,print_page_from_hnmu_position,,shared/learning_resources/compiled_documents/sgk_tin_hoc_8.pdf,Lớp 8.xlsx,source_evidence_hnmu_position,needs_hnmu_review,1,"Vị trí lấy từ cột Vị trí trong dữ liệu HNMU; chưa map chắc từ trang in sang image page, nên để trống source_image_path."
POS-TIN8-0448,8,LM-SGK-TIN8-0001,SGK,TIN8-B08A,Bài 8A. Làm việc với danh sách dạng liệt kê và hình ảnh trong văn bản,"Luyện tập (Trang 38, SGK - Câu hỏi sinh thêm)",38,print_page_from_hnmu_position,,shared/learning_resources/compiled_documents/sgk_tin_hoc_8.pdf,Lớp 8.xlsx,source_evidence_hnmu_position,needs_hnmu_review,1,"Vị trí lấy từ cột Vị trí trong dữ liệu HNMU; chưa map chắc từ trang in sang image page, nên để trống source_image_path."
POS-TIN8-0449,8,LM-SGK-TIN8-0001,SGK,TIN8-B08A,Bài 8A. Làm việc với danh sách dạng liệt kê và hình ảnh trong văn bản,"Mục 1. Danh sách dạng liệt kê (Trang 36, SGK - Câu hỏi sinh thêm)",36,print_page_from_hnmu_position,,shared/learning_resources/compiled_documents/sgk_tin_hoc_8.pdf,Lớp 8.xlsx,source_evidence_hnmu_position,needs_hnmu_review,2,"Vị trí lấy từ cột Vị trí trong dữ liệu HNMU; chưa map chắc từ trang in sang image page, nên để trống source_image_path."
POS-TIN8-0450,8,LM-SGK-TIN8-0001,SGK,TIN8-B08A,Bài 8A. Làm việc với danh sách dạng liệt kê và hình ảnh trong văn bản,"Mục 1. Danh sách dạng liệt kê (Trang 36, SGK)",36,print_page_from_hnmu_position,,shared/learning_resources/compiled_documents/sgk_tin_hoc_8.pdf,Lớp 8.xlsx,source_evidence_hnmu_position,needs_hnmu_review,1,"Vị trí lấy từ cột Vị trí trong dữ liệu HNMU; chưa map chắc từ trang in sang image page, nên để trống source_image_path."
POS-TIN8-0451,8,LM-SGK-TIN8-0001,SGK,TIN8-B08A,Bài 8A. Làm việc với danh sách dạng liệt kê và hình ảnh trong văn bản,"Mục 1. Nhiệm vụ 1 (Trang 40, SGK)",40,print_page_from_hnmu_position,,shared/learning_resources/compiled_documents/sgk_tin_hoc_8.pdf,Lớp 8.xlsx,source_evidence_hnmu_position,needs_hnmu_review,1,"Vị trí lấy từ cột Vị trí trong dữ liệu HNMU; chưa map chắc từ trang in sang image page, nên để trống source_image_path."
POS-TIN8-0452,8,LM-SGK-TIN8-0001,SGK,TIN8-B08A,Bài 8A. Làm việc với danh sách dạng liệt kê và hình ảnh trong văn bản,"Mục 2. Làm việc với hình ảnh (Trang 38, SGK - Câu hỏi sinh thêm)",38,print_page_from_hnmu_position,,shared/learning_resources/compiled_documents/sgk_tin_hoc_8.pdf,Lớp 8.xlsx,source_evidence_hnmu_position,needs_hnmu_review,1,"Vị trí lấy từ cột Vị trí trong dữ liệu HNMU; chưa map chắc từ trang in sang image page, nên để trống source_image_path."
POS-TIN8-0453,8,LM-SGK-TIN8-0001,SGK,TIN8-B08A,Bài 8A. Làm việc với danh sách dạng liệt kê và hình ảnh trong văn bản,"Mục 2. Làm việc với hình ảnh minh hoạ (Trang 38, SGK)",38,print_page_from_hnmu_position,,shared/learning_resources/compiled_documents/sgk_tin_hoc_8.pdf,Lớp 8.xlsx,source_evidence_hnmu_position,needs_hnmu_review,1,"Vị trí lấy từ cột Vị trí trong dữ liệu HNMU; chưa map chắc từ trang in sang image page, nên để trống source_image_path."
POS-TIN8-0454,8,LM-SGK-TIN8-0001,SGK,TIN8-B08A,Bài 8A. Làm việc với danh sách dạng liệt kê và hình ảnh trong văn bản,"Mục 2. Nhiệm vụ 2 (Trang 40, SGK)",40,print_page_from_hnmu_position,,shared/learning_resources/compiled_documents/sgk_tin_hoc_8.pdf,Lớp 8.xlsx,source_evidence_hnmu_position,needs_hnmu_review,3,"Vị trí lấy từ cột Vị trí trong dữ liệu HNMU; chưa map chắc từ trang in sang image page, nên để trống source_image_path."
POS-TIN8-0455,8,LM-SGK-TIN8-0001,SGK,TIN8-B08A,Bài 8A. Làm việc với danh sách dạng liệt kê và hình ảnh trong văn bản,"Mục 2. Vẽ hình đồ hoạ (Trang 38, SGK)",38,print_page_from_hnmu_position,,shared/learning_resources/compiled_documents/sgk_tin_hoc_8.pdf,Lớp 8.xlsx,source_evidence_hnmu_position,needs_hnmu_review,1,"Vị trí lấy từ cột Vị trí trong dữ liệu HNMU; chưa map chắc từ trang in sang image page, nên để trống source_image_path."
POS-TIN8-0456,8,LM-SGV-TIN8-4923610683,SGV,TIN8-B09A,"Bài 9A. Tạo đầu trang, chân trang cho văn bản","Hoạt động 1 (Trang 54, SGV)",54,print_page_from_hnmu_position,,shared/learning_resources/compiled_documents/sgv_tin_hoc_8.pdf,Lớp 8.xlsx,source_evidence_hnmu_position,needs_hnmu_review,2,"Vị trí lấy từ cột Vị trí trong dữ liệu HNMU; chưa map chắc từ trang in sang image page, nên để trống source_image_path."
POS-TIN8-0457,8,LM-SGV-TIN8-4923610683,SGV,TIN8-B09A,"Bài 9A. Tạo đầu trang, chân trang cho văn bản","Hoạt động 2 (Trang 55, SGV)",55,print_page_from_hnmu_position,,shared/learning_resources/compiled_documents/sgv_tin_hoc_8.pdf,Lớp 8.xlsx,source_evidence_hnmu_position,needs_hnmu_review,2,"Vị trí lấy từ cột Vị trí trong dữ liệu HNMU; chưa map chắc từ trang in sang image page, nên để trống source_image_path."
POS-TIN8-0458,8,LM-SGV-TIN8-4923610683,SGV,TIN8-B09A,"Bài 9A. Tạo đầu trang, chân trang cho văn bản","Hoạt động luyện tập (Trang 55, SGV)",55,print_page_from_hnmu_position,,shared/learning_resources/compiled_documents/sgv_tin_hoc_8.pdf,Lớp 8.xlsx,source_evidence_hnmu_position,needs_hnmu_review,1,"Vị trí lấy từ cột Vị trí trong dữ liệu HNMU; chưa map chắc từ trang in sang image page, nên để trống source_image_path."
POS-TIN8-0459,8,LM-SGV-TIN8-4923610683,SGV,TIN8-B09A,"Bài 9A. Tạo đầu trang, chân trang cho văn bản","Hoạt động vận dụng (Trang 55, SGV - Bổ sung tình huống)",55,print_page_from_hnmu_position,,shared/learning_resources/compiled_documents/sgv_tin_hoc_8.pdf,Lớp 8.xlsx,source_evidence_hnmu_position,needs_hnmu_review,1,"Vị trí lấy từ cột Vị trí trong dữ liệu HNMU; chưa map chắc từ trang in sang image page, nên để trống source_image_path."
POS-TIN8-0460,8,LM-SGV-TIN8-4923610683,SGV,TIN8-B09A,"Bài 9A. Tạo đầu trang, chân trang cho văn bản","Hoạt động vận dụng (Trang 55, SGV)",55,print_page_from_hnmu_position,,shared/learning_resources/compiled_documents/sgv_tin_hoc_8.pdf,Lớp 8.xlsx,source_evidence_hnmu_position,needs_hnmu_review,1,"Vị trí lấy từ cột Vị trí trong dữ liệu HNMU; chưa map chắc từ trang in sang image page, nên để trống source_image_path."
POS-TIN8-0461,8,LM-SGV-TIN8-4923610683,SGV,TIN8-B09A,"Bài 9A. Tạo đầu trang, chân trang cho văn bản","Mục 1 (Trang 54, SGV)",54,print_page_from_hnmu_position,,shared/learning_resources/compiled_documents/sgv_tin_hoc_8.pdf,Lớp 8.xlsx,source_evidence_hnmu_position,needs_hnmu_review,4,"Vị trí lấy từ cột Vị trí trong dữ liệu HNMU; chưa map chắc từ trang in sang image page, nên để trống source_image_path."
POS-TIN8-0462,8,LM-SGV-TIN8-4923610683,SGV,TIN8-B09A,"Bài 9A. Tạo đầu trang, chân trang cho văn bản","Mục 2 (Trang 55, SGV)",55,print_page_from_hnmu_position,,shared/learning_resources/compiled_documents/sgv_tin_hoc_8.pdf,Lớp 8.xlsx,source_evidence_hnmu_position,needs_hnmu_review,1,"Vị trí lấy từ cột Vị trí trong dữ liệu HNMU; chưa map chắc từ trang in sang image page, nên để trống source_image_path."
POS-TIN8-0463,8,LM-SGV-TIN8-4923610683,SGV,TIN8-B09A,"Bài 9A. Tạo đầu trang, chân trang cho văn bản","Mục 3. Thực hành (Trang 55, SGV)",55,print_page_from_hnmu_position,,shared/learning_resources/compiled_documents/sgv_tin_hoc_8.pdf,Lớp 8.xlsx,source_evidence_hnmu_position,needs_hnmu_review,2,"Vị trí lấy từ cột Vị trí trong dữ liệu HNMU; chưa map chắc từ trang in sang image page, nên để trống source_image_path."
POS-TIN8-0464,8,LM-SGK-TIN8-0001,SGK,TIN8-B10A,Bài 10A. Định dạng nâng cao cho trang chiếu,"Mục 1 (Trang 57, SGK - Bổ sung tình huống)",57,print_page_from_hnmu_position,,shared/learning_resources/compiled_documents/sgk_tin_hoc_8.pdf,Lớp 8.xlsx,source_evidence_hnmu_position,needs_hnmu_review,1,"Vị trí lấy từ cột Vị trí trong dữ liệu HNMU; chưa map chắc từ trang in sang image page, nên để trống source_image_path."
POS-TIN8-0465,8,LM-SGK-TIN8-0001,SGK,TIN8-B10A,Bài 10A. Định dạng nâng cao cho trang chiếu,"Mục 1 (Trang 57, SGK)",57,print_page_from_hnmu_position,,shared/learning_resources/compiled_documents/sgk_tin_hoc_8.pdf,Lớp 8.xlsx,source_evidence_hnmu_position,needs_hnmu_review,4,"Vị trí lấy từ cột Vị trí trong dữ liệu HNMU; chưa map chắc từ trang in sang image page, nên để trống source_image_path."
POS-TIN8-0466,8,LM-SGK-TIN8-0001,SGK,TIN8-B10A,Bài 10A. Định dạng nâng cao cho trang chiếu,"Mục 2 (Trang 58, SGK - Bổ sung tình huống)",58,print_page_from_hnmu_position,,shared/learning_resources/compiled_documents/sgk_tin_hoc_8.pdf,Lớp 8.xlsx,source_evidence_hnmu_position,needs_hnmu_review,1,"Vị trí lấy từ cột Vị trí trong dữ liệu HNMU; chưa map chắc từ trang in sang image page, nên để trống source_image_path."
POS-TIN8-0467,8,LM-SGK-TIN8-0001,SGK,TIN8-B10A,Bài 10A. Định dạng nâng cao cho trang chiếu,"Mục 2 (Trang 58, SGK)",58,print_page_from_hnmu_position,,shared/learning_resources/compiled_documents/sgk_tin_hoc_8.pdf,Lớp 8.xlsx,source_evidence_hnmu_position,needs_hnmu_review,6,"Vị trí lấy từ cột Vị trí trong dữ liệu HNMU; chưa map chắc từ trang in sang image page, nên để trống source_image_path."
POS-TIN8-0468,8,LM-SGK-TIN8-0001,SGK,TIN8-B10A,Bài 10A. Định dạng nâng cao cho trang chiếu,"Mục 2. Thực hành (Trang 58, SGK)",58,print_page_from_hnmu_position,,shared/learning_resources/compiled_documents/sgk_tin_hoc_8.pdf,Lớp 8.xlsx,source_evidence_hnmu_position,needs_hnmu_review,1,"Vị trí lấy từ cột Vị trí trong dữ liệu HNMU; chưa map chắc từ trang in sang image page, nên để trống source_image_path."
POS-TIN8-0469,8,LM-SGK-TIN8-0001,SGK,TIN8-B10A,Bài 10A. Định dạng nâng cao cho trang chiếu,"Mục 3. Thực hành (Trang 58, SGK)",58,print_page_from_hnmu_position,,shared/learning_resources/compiled_documents/sgk_tin_hoc_8.pdf,Lớp 8.xlsx,source_evidence_hnmu_position,needs_hnmu_review,1,"Vị trí lấy từ cột Vị trí trong dữ liệu HNMU; chưa map chắc từ trang in sang image page, nên để trống source_image_path."
POS-TIN8-0470,8,LM-SGK-TIN8-0001,SGK,TIN8-B11A,Bài 11A. Sử dụng bản mẫu tạo bài trình chiếu,"Hoạt động 1 (Trang 51, SGK)",51,print_page_from_hnmu_position,,shared/learning_resources/compiled_documents/sgk_tin_hoc_8.pdf,Lớp 8.xlsx,source_evidence_hnmu_position,needs_hnmu_review,1,"Vị trí lấy từ cột Vị trí trong dữ liệu HNMU; chưa map chắc từ trang in sang image page, nên để trống source_image_path."
POS-TIN8-0471,8,LM-SGK-TIN8-0001,SGK,TIN8-B11A,Bài 11A. Sử dụng bản mẫu tạo bài trình chiếu,"Mục 1 (Trang 51, SGK - Phân tích sâu)",51,print_page_from_hnmu_position,,shared/learning_resources/compiled_documents/sgk_tin_hoc_8.pdf,Lớp 8.xlsx,source_evidence_hnmu_position,needs_hnmu_review,1,"Vị trí lấy từ cột Vị trí trong dữ liệu HNMU; chưa map chắc từ trang in sang image page, nên để trống source_image_path."
POS-TIN8-0472,8,LM-SGK-TIN8-0001,SGK,TIN8-B11A,Bài 11A. Sử dụng bản mẫu tạo bài trình chiếu,"Mục 1 (Trang 51, SGK)",51,print_page_from_hnmu_position,,shared/learning_resources/compiled_documents/sgk_tin_hoc_8.pdf,Lớp 8.xlsx,source_evidence_hnmu_position,needs_hnmu_review,4,"Vị trí lấy từ cột Vị trí trong dữ liệu HNMU; chưa map chắc từ trang in sang image page, nên để trống source_image_path."
POS-TIN8-0473,8,LM-SGK-TIN8-0001,SGK,TIN8-B11A,Bài 11A. Sử dụng bản mẫu tạo bài trình chiếu,"Mục 2. Thực hành (Trang 51, SGK)",51,print_page_from_hnmu_position,,shared/learning_resources/compiled_documents/sgk_tin_hoc_8.pdf,Lớp 8.xlsx,source_evidence_hnmu_position,needs_hnmu_review,1,"Vị trí lấy từ cột Vị trí trong dữ liệu HNMU; chưa map chắc từ trang in sang image page, nên để trống source_image_path."
POS-TIN8-0474,8,LM-SGV-TIN8-4923610683,SGV,TIN8-B11A,Bài 11A. Sử dụng bản mẫu tạo bài trình chiếu,"Câu hỏi củng cố (Trang 63, SGV)",63,print_page_from_hnmu_position,,shared/learning_resources/compiled_documents/sgv_tin_hoc_8.pdf,Lớp 8.xlsx,source_evidence_hnmu_position,needs_hnmu_review,1,"Vị trí lấy từ cột Vị trí trong dữ liệu HNMU; chưa map chắc từ trang in sang image page, nên để trống source_image_path."
POS-TIN8-0475,8,LM-SGV-TIN8-4923610683,SGV,TIN8-B11A,Bài 11A. Sử dụng bản mẫu tạo bài trình chiếu,"Hoạt động Vận dụng (Trang 63, SGV)",63,print_page_from_hnmu_position,,shared/learning_resources/compiled_documents/sgv_tin_hoc_8.pdf,Lớp 8.xlsx,source_evidence_hnmu_position,needs_hnmu_review,1,"Vị trí lấy từ cột Vị trí trong dữ liệu HNMU; chưa map chắc từ trang in sang image page, nên để trống source_image_path."
POS-TIN8-0476,8,LM-SGV-TIN8-4923610683,SGV,TIN8-B11A,Bài 11A. Sử dụng bản mẫu tạo bài trình chiếu,"Kiến thức mới (Trang 62, SGV)",62,print_page_from_hnmu_position,,shared/learning_resources/compiled_documents/sgv_tin_hoc_8.pdf,Lớp 8.xlsx,source_evidence_hnmu_position,needs_hnmu_review,1,"Vị trí lấy từ cột Vị trí trong dữ liệu HNMU; chưa map chắc từ trang in sang image page, nên để trống source_image_path."
POS-TIN8-0477,8,LM-SGV-TIN8-4923610683,SGV,TIN8-B11A,Bài 11A. Sử dụng bản mẫu tạo bài trình chiếu,"Luyện tập (Trang 63, SGV)",63,print_page_from_hnmu_position,,shared/learning_resources/compiled_documents/sgv_tin_hoc_8.pdf,Lớp 8.xlsx,source_evidence_hnmu_position,needs_hnmu_review,2,"Vị trí lấy từ cột Vị trí trong dữ liệu HNMU; chưa map chắc từ trang in sang image page, nên để trống source_image_path."
POS-TIN8-0478,8,LM-SGV-TIN8-4923610683,SGV,TIN8-B11A,Bài 11A. Sử dụng bản mẫu tạo bài trình chiếu,"Thực hành (Trang 63, SGV)",63,print_page_from_hnmu_position,,shared/learning_resources/compiled_documents/sgv_tin_hoc_8.pdf,Lớp 8.xlsx,source_evidence_hnmu_position,needs_hnmu_review,1,"Vị trí lấy từ cột Vị trí trong dữ liệu HNMU; chưa map chắc từ trang in sang image page, nên để trống source_image_path."
POS-TIN8-0479,8,LM-SGV-TIN8-4923610683,SGV,TIN8-B11A,Bài 11A. Sử dụng bản mẫu tạo bài trình chiếu,"Vận dụng (Trang 63, SGV - Tình huống bổ sung)",63,print_page_from_hnmu_position,,shared/learning_resources/compiled_documents/sgv_tin_hoc_8.pdf,Lớp 8.xlsx,source_evidence_hnmu_position,needs_hnmu_review,1,"Vị trí lấy từ cột Vị trí trong dữ liệu HNMU; chưa map chắc từ trang in sang image page, nên để trống source_image_path."
POS-TIN8-0480,8,LM-SGK-TIN8-0001,SGK,TIN8-B12,Bài 12. Từ thuật toán đến chương trình,Câu hỏi 2 (Tr. 72 SGK),72,print_page_from_hnmu_position,,shared/learning_resources/compiled_documents/sgk_tin_hoc_8.pdf,Lớp 8.xlsx,source_evidence_hnmu_position,needs_hnmu_review,1,"Vị trí lấy từ cột Vị trí trong dữ liệu HNMU; chưa map chắc từ trang in sang image page, nên để trống source_image_path."
POS-TIN8-0481,8,LM-SGK-TIN8-0001,SGK,TIN8-B12,Bài 12. Từ thuật toán đến chương trình,Hoạt động 1 (Tr. 71 SGK),71,print_page_from_hnmu_position,,shared/learning_resources/compiled_documents/sgk_tin_hoc_8.pdf,Lớp 8.xlsx,source_evidence_hnmu_position,needs_hnmu_review,1,"Vị trí lấy từ cột Vị trí trong dữ liệu HNMU; chưa map chắc từ trang in sang image page, nên để trống source_image_path."
POS-TIN8-0482,8,LM-SGK-TIN8-0001,SGK,TIN8-B12,Bài 12. Từ thuật toán đến chương trình,Hoạt động 2 (Tr. 72 SGK),72,print_page_from_hnmu_position,,shared/learning_resources/compiled_documents/sgk_tin_hoc_8.pdf,Lớp 8.xlsx,source_evidence_hnmu_position,needs_hnmu_review,1,"Vị trí lấy từ cột Vị trí trong dữ liệu HNMU; chưa map chắc từ trang in sang image page, nên để trống source_image_path."
POS-TIN8-0483,8,LM-SGK-TIN8-0001,SGK,TIN8-B12,Bài 12. Từ thuật toán đến chương trình,Hình 12.4 (Tr. 75 SGK),75,print_page_from_hnmu_position,,shared/learning_resources/compiled_documents/sgk_tin_hoc_8.pdf,Lớp 8.xlsx,source_evidence_hnmu_position,needs_hnmu_review,1,"Vị trí lấy từ cột Vị trí trong dữ liệu HNMU; chưa map chắc từ trang in sang image page, nên để trống source_image_path."
POS-TIN8-0484,8,LM-SGK-TIN8-0001,SGK,TIN8-B12,Bài 12. Từ thuật toán đến chương trình,Luyện tập 1 (Tr. 75 SGK),75,print_page_from_hnmu_position,,shared/learning_resources/compiled_documents/sgk_tin_hoc_8.pdf,Lớp 8.xlsx,source_evidence_hnmu_position,needs_hnmu_review,1,"Vị trí lấy từ cột Vị trí trong dữ liệu HNMU; chưa map chắc từ trang in sang image page, nên để trống source_image_path."
POS-TIN8-0485,8,LM-SGK-TIN8-0001,SGK,TIN8-B12,Bài 12. Từ thuật toán đến chương trình,Luyện tập 2 (Tr. 75 SGK),75,print_page_from_hnmu_position,,shared/learning_resources/compiled_documents/sgk_tin_hoc_8.pdf,Lớp 8.xlsx,source_evidence_hnmu_position,needs_hnmu_review,1,"Vị trí lấy từ cột Vị trí trong dữ liệu HNMU; chưa map chắc từ trang in sang image page, nên để trống source_image_path."
POS-TIN8-0486,8,LM-SGK-TIN8-0001,SGK,TIN8-B12,Bài 12. Từ thuật toán đến chương trình,Luyện tập 3 (Tr. 75 SGK),75,print_page_from_hnmu_position,,shared/learning_resources/compiled_documents/sgk_tin_hoc_8.pdf,Lớp 8.xlsx,source_evidence_hnmu_position,needs_hnmu_review,1,"Vị trí lấy từ cột Vị trí trong dữ liệu HNMU; chưa map chắc từ trang in sang image page, nên để trống source_image_path."
POS-TIN8-0487,8,LM-SGK-TIN8-0001,SGK,TIN8-B12,Bài 12. Từ thuật toán đến chương trình,Mục 1. Kiến thức mới (Tr. 71 SGK),71,print_page_from_hnmu_position,,shared/learning_resources/compiled_documents/sgk_tin_hoc_8.pdf,Lớp 8.xlsx,source_evidence_hnmu_position,needs_hnmu_review,2,"Vị trí lấy từ cột Vị trí trong dữ liệu HNMU; chưa map chắc từ trang in sang image page, nên để trống source_image_path."
POS-TIN8-0488,8,LM-SGK-TIN8-0001,SGK,TIN8-B12,Bài 12. Từ thuật toán đến chương trình,Mục 2. Kiến thức mới (Tr. 72 SGK),72,print_page_from_hnmu_position,,shared/learning_resources/compiled_documents/sgk_tin_hoc_8.pdf,Lớp 8.xlsx,source_evidence_hnmu_position,needs_hnmu_review,2,"Vị trí lấy từ cột Vị trí trong dữ liệu HNMU; chưa map chắc từ trang in sang image page, nên để trống source_image_path."
POS-TIN8-0489,8,LM-SGK-TIN8-0001,SGK,TIN8-B12,Bài 12. Từ thuật toán đến chương trình,Mục 2. Thực hành (Tr. 73 SGK),73,print_page_from_hnmu_position,,shared/learning_resources/compiled_documents/sgk_tin_hoc_8.pdf,Lớp 8.xlsx,source_evidence_hnmu_position,needs_hnmu_review,1,"Vị trí lấy từ cột Vị trí trong dữ liệu HNMU; chưa map chắc từ trang in sang image page, nên để trống source_image_path."
POS-TIN8-0490,8,LM-SGK-TIN8-0001,SGK,TIN8-B12,Bài 12. Từ thuật toán đến chương trình,Nhiệm vụ 1 (Tr. 73 SGK),73,print_page_from_hnmu_position,,shared/learning_resources/compiled_documents/sgk_tin_hoc_8.pdf,Lớp 8.xlsx,source_evidence_hnmu_position,needs_hnmu_review,1,"Vị trí lấy từ cột Vị trí trong dữ liệu HNMU; chưa map chắc từ trang in sang image page, nên để trống source_image_path."
POS-TIN8-0491,8,LM-SGK-TIN8-0001,SGK,TIN8-B12,Bài 12. Từ thuật toán đến chương trình,Vận dụng (Tr. 75 SGK),75,print_page_from_hnmu_position,,shared/learning_resources/compiled_documents/sgk_tin_hoc_8.pdf,Lớp 8.xlsx,source_evidence_hnmu_position,needs_hnmu_review,1,"Vị trí lấy từ cột Vị trí trong dữ liệu HNMU; chưa map chắc từ trang in sang image page, nên để trống source_image_path."
POS-TIN8-0492,8,LM-SGK-TIN8-0001,SGK_or_unspecified,TIN8-B13,Bài 13. Biểu diễn dữ liệu,Câu hỏi 2 (Tr. 77),77,print_page_from_hnmu_position,,shared/learning_resources/compiled_documents/sgk_tin_hoc_8.pdf,Lớp 8.xlsx,source_evidence_hnmu_position,needs_hnmu_review,1,"Vị trí lấy từ cột Vị trí trong dữ liệu HNMU; chưa map chắc từ trang in sang image page, nên để trống source_image_path."
POS-TIN8-0493,8,LM-SGK-TIN8-0001,SGK_or_unspecified,TIN8-B13,Bài 13. Biểu diễn dữ liệu,Hoạt động 1 (Tr. 76),76,print_page_from_hnmu_position,,shared/learning_resources/compiled_documents/sgk_tin_hoc_8.pdf,Lớp 8.xlsx,source_evidence_hnmu_position,needs_hnmu_review,1,"Vị trí lấy từ cột Vị trí trong dữ liệu HNMU; chưa map chắc từ trang in sang image page, nên để trống source_image_path."
POS-TIN8-0494,8,LM-SGK-TIN8-0001,SGK_or_unspecified,TIN8-B13,Bài 13. Biểu diễn dữ liệu,Hình 13.1 (Tr. 77),77,print_page_from_hnmu_position,,shared/learning_resources/compiled_documents/sgk_tin_hoc_8.pdf,Lớp 8.xlsx,source_evidence_hnmu_position,needs_hnmu_review,2,"Vị trí lấy từ cột Vị trí trong dữ liệu HNMU; chưa map chắc từ trang in sang image page, nên để trống source_image_path."
POS-TIN8-0495,8,LM-SGK-TIN8-0001,SGK_or_unspecified,TIN8-B13,Bài 13. Biểu diễn dữ liệu,Luyện tập (Tr. 79),79,print_page_from_hnmu_position,,shared/learning_resources/compiled_documents/sgk_tin_hoc_8.pdf,Lớp 8.xlsx,source_evidence_hnmu_position,needs_hnmu_review,1,"Vị trí lấy từ cột Vị trí trong dữ liệu HNMU; chưa map chắc từ trang in sang image page, nên để trống source_image_path."
POS-TIN8-0496,8,LM-SGK-TIN8-0001,SGK_or_unspecified,TIN8-B13,Bài 13. Biểu diễn dữ liệu,Mục 1. Hoạt động 1 (Tr. 76),76,print_page_from_hnmu_position,,shared/learning_resources/compiled_documents/sgk_tin_hoc_8.pdf,Lớp 8.xlsx,source_evidence_hnmu_position,needs_hnmu_review,1,"Vị trí lấy từ cột Vị trí trong dữ liệu HNMU; chưa map chắc từ trang in sang image page, nên để trống source_image_path."
POS-TIN8-0497,8,LM-SGK-TIN8-0001,SGK_or_unspecified,TIN8-B13,Bài 13. Biểu diễn dữ liệu,Mục 1. Kiến thức mới (Tr. 76),76,print_page_from_hnmu_position,,shared/learning_resources/compiled_documents/sgk_tin_hoc_8.pdf,Lớp 8.xlsx,source_evidence_hnmu_position,needs_hnmu_review,2,"Vị trí lấy từ cột Vị trí trong dữ liệu HNMU; chưa map chắc từ trang in sang image page, nên để trống source_image_path."
POS-TIN8-0498,8,LM-SGK-TIN8-0001,SGK_or_unspecified,TIN8-B13,Bài 13. Biểu diễn dữ liệu,Mục 2. Các phép toán (Tr. 77),77,print_page_from_hnmu_position,,shared/learning_resources/compiled_documents/sgk_tin_hoc_8.pdf,Lớp 8.xlsx,source_evidence_hnmu_position,needs_hnmu_review,2,"Vị trí lấy từ cột Vị trí trong dữ liệu HNMU; chưa map chắc từ trang in sang image page, nên để trống source_image_path."
POS-TIN8-0499,8,LM-SGK-TIN8-0001,SGK_or_unspecified,TIN8-B13,Bài 13. Biểu diễn dữ liệu,Mục 2. Phép toán (Tr. 77),77,print_page_from_hnmu_position,,shared/learning_resources/compiled_documents/sgk_tin_hoc_8.pdf,Lớp 8.xlsx,source_evidence_hnmu_position,needs_hnmu_review,1,"Vị trí lấy từ cột Vị trí trong dữ liệu HNMU; chưa map chắc từ trang in sang image page, nên để trống source_image_path."
POS-TIN8-0500,8,LM-SGK-TIN8-0001,SGK_or_unspecified,TIN8-B13,Bài 13. Biểu diễn dữ liệu,Thực hành (Tr. 78),78,print_page_from_hnmu_position,,shared/learning_resources/compiled_documents/sgk_tin_hoc_8.pdf,Lớp 8.xlsx,source_evidence_hnmu_position,needs_hnmu_review,1,"Vị trí lấy từ cột Vị trí trong dữ liệu HNMU; chưa map chắc từ trang in sang image page, nên để trống source_image_path."
POS-TIN8-0501,8,LM-SGK-TIN8-0001,SGK_or_unspecified,TIN8-B13,Bài 13. Biểu diễn dữ liệu,Vận dụng (Tr. 79),79,print_page_from_hnmu_position,,shared/learning_resources/compiled_documents/sgk_tin_hoc_8.pdf,Lớp 8.xlsx,source_evidence_hnmu_position,needs_hnmu_review,1,"Vị trí lấy từ cột Vị trí trong dữ liệu HNMU; chưa map chắc từ trang in sang image page, nên để trống source_image_path."
POS-TIN8-0502,8,LM-SGV-TIN8-4923610683,SGV,TIN8-B13,Bài 13. Biểu diễn dữ liệu,Mục 2. Lưu ý (SGV Tr. 85),85,print_page_from_hnmu_position,,shared/learning_resources/compiled_documents/sgv_tin_hoc_8.pdf,Lớp 8.xlsx,source_evidence_hnmu_position,needs_hnmu_review,1,"Vị trí lấy từ cột Vị trí trong dữ liệu HNMU; chưa map chắc từ trang in sang image page, nên để trống source_image_path."
POS-TIN8-0503,8,LM-SGK-TIN8-0001,SGK,TIN8-B14,Bài 14. Cấu trúc điều khiển,Bảng 14.1 (Tr. 84 SGK),84,print_page_from_hnmu_position,,shared/learning_resources/compiled_documents/sgk_tin_hoc_8.pdf,Lớp 8.xlsx,source_evidence_hnmu_position,needs_hnmu_review,1,"Vị trí lấy từ cột Vị trí trong dữ liệu HNMU; chưa map chắc từ trang in sang image page, nên để trống source_image_path."
POS-TIN8-0504,8,LM-SGK-TIN8-0001,SGK,TIN8-B14,Bài 14. Cấu trúc điều khiển,Câu hỏi (Tr. 83 SGK),83,print_page_from_hnmu_position,,shared/learning_resources/compiled_documents/sgk_tin_hoc_8.pdf,Lớp 8.xlsx,source_evidence_hnmu_position,needs_hnmu_review,1,"Vị trí lấy từ cột Vị trí trong dữ liệu HNMU; chưa map chắc từ trang in sang image page, nên để trống source_image_path."
POS-TIN8-0505,8,LM-SGK-TIN8-0001,SGK,TIN8-B14,Bài 14. Cấu trúc điều khiển,Câu hỏi 2 (Tr. 81 SGK),81,print_page_from_hnmu_position,,shared/learning_resources/compiled_documents/sgk_tin_hoc_8.pdf,Lớp 8.xlsx,source_evidence_hnmu_position,needs_hnmu_review,1,"Vị trí lấy từ cột Vị trí trong dữ liệu HNMU; chưa map chắc từ trang in sang image page, nên để trống source_image_path."
POS-TIN8-0506,8,LM-SGK-TIN8-0001,SGK,TIN8-B14,Bài 14. Cấu trúc điều khiển,Hoạt động 1. Đoán số (Tr. 80 SGK),80,print_page_from_hnmu_position,,shared/learning_resources/compiled_documents/sgk_tin_hoc_8.pdf,Lớp 8.xlsx,source_evidence_hnmu_position,needs_hnmu_review,1,"Vị trí lấy từ cột Vị trí trong dữ liệu HNMU; chưa map chắc từ trang in sang image page, nên để trống source_image_path."
POS-TIN8-0507,8,LM-SGK-TIN8-0001,SGK,TIN8-B14,Bài 14. Cấu trúc điều khiển,Hình 14.1 (Tr. 80 SGK),80,print_page_from_hnmu_position,,shared/learning_resources/compiled_documents/sgk_tin_hoc_8.pdf,Lớp 8.xlsx,source_evidence_hnmu_position,needs_hnmu_review,1,"Vị trí lấy từ cột Vị trí trong dữ liệu HNMU; chưa map chắc từ trang in sang image page, nên để trống source_image_path."
POS-TIN8-0508,8,LM-SGK-TIN8-0001,SGK,TIN8-B14,Bài 14. Cấu trúc điều khiển,Hình 14.2 (Tr. 81 SGK),81,print_page_from_hnmu_position,,shared/learning_resources/compiled_documents/sgk_tin_hoc_8.pdf,Lớp 8.xlsx,source_evidence_hnmu_position,needs_hnmu_review,1,"Vị trí lấy từ cột Vị trí trong dữ liệu HNMU; chưa map chắc từ trang in sang image page, nên để trống source_image_path."
POS-TIN8-0509,8,LM-SGK-TIN8-0001,SGK,TIN8-B14,Bài 14. Cấu trúc điều khiển,Mục 1. Cấu trúc lặp (Tr. 84 SGK),84,print_page_from_hnmu_position,,shared/learning_resources/compiled_documents/sgk_tin_hoc_8.pdf,Lớp 8.xlsx,source_evidence_hnmu_position,needs_hnmu_review,2,"Vị trí lấy từ cột Vị trí trong dữ liệu HNMU; chưa map chắc từ trang in sang image page, nên để trống source_image_path."
POS-TIN8-0510,8,LM-SGK-TIN8-0001,SGK,TIN8-B14,Bài 14. Cấu trúc điều khiển,Mục 1. Cấu trúc rẽ nhánh (Tr. 81 SGK),81,print_page_from_hnmu_position,,shared/learning_resources/compiled_documents/sgk_tin_hoc_8.pdf,Lớp 8.xlsx,source_evidence_hnmu_position,needs_hnmu_review,1,"Vị trí lấy từ cột Vị trí trong dữ liệu HNMU; chưa map chắc từ trang in sang image page, nên để trống source_image_path."
POS-TIN8-0511,8,LM-SGK-TIN8-0001,SGK,TIN8-B14,Bài 14. Cấu trúc điều khiển,Mục 1. Cấu trúc tuần tự (Tr. 80 SGK),80,print_page_from_hnmu_position,,shared/learning_resources/compiled_documents/sgk_tin_hoc_8.pdf,Lớp 8.xlsx,source_evidence_hnmu_position,needs_hnmu_review,1,"Vị trí lấy từ cột Vị trí trong dữ liệu HNMU; chưa map chắc từ trang in sang image page, nên để trống source_image_path."
POS-TIN8-0512,8,LM-SGK-TIN8-0001,SGK,TIN8-B14,Bài 14. Cấu trúc điều khiển,Mục 1. Hoạt động 1 (Tr. 80 SGK),80,print_page_from_hnmu_position,,shared/learning_resources/compiled_documents/sgk_tin_hoc_8.pdf,Lớp 8.xlsx,source_evidence_hnmu_position,needs_hnmu_review,1,"Vị trí lấy từ cột Vị trí trong dữ liệu HNMU; chưa map chắc từ trang in sang image page, nên để trống source_image_path."
POS-TIN8-0513,8,LM-SGK-TIN8-0001,SGK,TIN8-B14,Bài 14. Cấu trúc điều khiển,Thực hành (Tr. 83-84 SGK),83,print_page_from_hnmu_position,,shared/learning_resources/compiled_documents/sgk_tin_hoc_8.pdf,Lớp 8.xlsx,source_evidence_hnmu_position,needs_hnmu_review,1,"Vị trí lấy từ cột Vị trí trong dữ liệu HNMU; chưa map chắc từ trang in sang image page, nên để trống source_image_path."
POS-TIN8-0514,8,LM-SGK-TIN8-0001,SGK,TIN8-B14,Bài 14. Cấu trúc điều khiển,Vận dụng 1 (Tr. 81 SGK),81,print_page_from_hnmu_position,,shared/learning_resources/compiled_documents/sgk_tin_hoc_8.pdf,Lớp 8.xlsx,source_evidence_hnmu_position,needs_hnmu_review,1,"Vị trí lấy từ cột Vị trí trong dữ liệu HNMU; chưa map chắc từ trang in sang image page, nên để trống source_image_path."
POS-TIN8-0515,8,LM-SGK-TIN8-0001,SGK,TIN8-B14,Bài 14. Cấu trúc điều khiển,Vận dụng 2 (Tr. 81 SGK),81,print_page_from_hnmu_position,,shared/learning_resources/compiled_documents/sgk_tin_hoc_8.pdf,Lớp 8.xlsx,source_evidence_hnmu_position,needs_hnmu_review,1,"Vị trí lấy từ cột Vị trí trong dữ liệu HNMU; chưa map chắc từ trang in sang image page, nên để trống source_image_path."
POS-TIN8-0516,8,LM-SGK-TIN8-0001,SGK,TIN8-B15,Bài 15. Gỡ lỗi,Bảng 16.2 (Tr. 86 SGK),86,print_page_from_hnmu_position,,shared/learning_resources/compiled_documents/sgk_tin_hoc_8.pdf,Lớp 8.xlsx,source_evidence_hnmu_position,needs_hnmu_review,1,"Vị trí lấy từ cột Vị trí trong dữ liệu HNMU; chưa map chắc từ trang in sang image page, nên để trống source_image_path."
POS-TIN8-0517,8,LM-SGK-TIN8-0001,SGK,TIN8-B15,Bài 15. Gỡ lỗi,Câu hỏi 2 (Tr. 86 SGK),86,print_page_from_hnmu_position,,shared/learning_resources/compiled_documents/sgk_tin_hoc_8.pdf,Lớp 8.xlsx,source_evidence_hnmu_position,needs_hnmu_review,1,"Vị trí lấy từ cột Vị trí trong dữ liệu HNMU; chưa map chắc từ trang in sang image page, nên để trống source_image_path."
POS-TIN8-0518,8,LM-SGK-TIN8-0001,SGK,TIN8-B15,Bài 15. Gỡ lỗi,Hoạt động 1 (Tr. 85 SGK),85,print_page_from_hnmu_position,,shared/learning_resources/compiled_documents/sgk_tin_hoc_8.pdf,Lớp 8.xlsx,source_evidence_hnmu_position,needs_hnmu_review,1,"Vị trí lấy từ cột Vị trí trong dữ liệu HNMU; chưa map chắc từ trang in sang image page, nên để trống source_image_path."
POS-TIN8-0519,8,LM-SGK-TIN8-0001,SGK,TIN8-B15,Bài 15. Gỡ lỗi,Hoạt động 2 (Tr. 86 SGK),86,print_page_from_hnmu_position,,shared/learning_resources/compiled_documents/sgk_tin_hoc_8.pdf,Lớp 8.xlsx,source_evidence_hnmu_position,needs_hnmu_review,1,"Vị trí lấy từ cột Vị trí trong dữ liệu HNMU; chưa map chắc từ trang in sang image page, nên để trống source_image_path."
POS-TIN8-0520,8,LM-SGK-TIN8-0001,SGK,TIN8-B15,Bài 15. Gỡ lỗi,Hình 15.1 (Tr. 85 SGK),85,print_page_from_hnmu_position,,shared/learning_resources/compiled_documents/sgk_tin_hoc_8.pdf,Lớp 8.xlsx,source_evidence_hnmu_position,needs_hnmu_review,1,"Vị trí lấy từ cột Vị trí trong dữ liệu HNMU; chưa map chắc từ trang in sang image page, nên để trống source_image_path."
POS-TIN8-0521,8,LM-SGK-TIN8-0001,SGK,TIN8-B15,Bài 15. Gỡ lỗi,Hình 15.2 (Tr. 86 SGK),86,print_page_from_hnmu_position,,shared/learning_resources/compiled_documents/sgk_tin_hoc_8.pdf,Lớp 8.xlsx,source_evidence_hnmu_position,needs_hnmu_review,1,"Vị trí lấy từ cột Vị trí trong dữ liệu HNMU; chưa map chắc từ trang in sang image page, nên để trống source_image_path."
POS-TIN8-0522,8,LM-SGK-TIN8-0001,SGK,TIN8-B15,Bài 15. Gỡ lỗi,Luyện tập 2 (Tr. 86 SGK),86,print_page_from_hnmu_position,,shared/learning_resources/compiled_documents/sgk_tin_hoc_8.pdf,Lớp 8.xlsx,source_evidence_hnmu_position,needs_hnmu_review,1,"Vị trí lấy từ cột Vị trí trong dữ liệu HNMU; chưa map chắc từ trang in sang image page, nên để trống source_image_path."
POS-TIN8-0523,8,LM-SGK-TIN8-0001,SGK,TIN8-B15,Bài 15. Gỡ lỗi,Mục 1. Hoạt động 1 (Tr. 85 SGK),85,print_page_from_hnmu_position,,shared/learning_resources/compiled_documents/sgk_tin_hoc_8.pdf,Lớp 8.xlsx,source_evidence_hnmu_position,needs_hnmu_review,1,"Vị trí lấy từ cột Vị trí trong dữ liệu HNMU; chưa map chắc từ trang in sang image page, nên để trống source_image_path."
POS-TIN8-0524,8,LM-SGK-TIN8-0001,SGK,TIN8-B15,Bài 15. Gỡ lỗi,Mục 1. Kiến thức mới (Tr. 85 SGK),85,print_page_from_hnmu_position,,shared/learning_resources/compiled_documents/sgk_tin_hoc_8.pdf,Lớp 8.xlsx,source_evidence_hnmu_position,needs_hnmu_review,2,"Vị trí lấy từ cột Vị trí trong dữ liệu HNMU; chưa map chắc từ trang in sang image page, nên để trống source_image_path."
POS-TIN8-0525,8,LM-SGK-TIN8-0001,SGK,TIN8-B15,Bài 15. Gỡ lỗi,Mục 1. Lưu ý (Tr. 85 SGK),85,print_page_from_hnmu_position,,shared/learning_resources/compiled_documents/sgk_tin_hoc_8.pdf,Lớp 8.xlsx,source_evidence_hnmu_position,needs_hnmu_review,1,"Vị trí lấy từ cột Vị trí trong dữ liệu HNMU; chưa map chắc từ trang in sang image page, nên để trống source_image_path."
POS-TIN8-0526,8,LM-SGK-TIN8-0001,SGK,TIN8-B15,Bài 15. Gỡ lỗi,Mục 2. Phân loại lỗi (Tr. 86 SGK),86,print_page_from_hnmu_position,,shared/learning_resources/compiled_documents/sgk_tin_hoc_8.pdf,Lớp 8.xlsx,source_evidence_hnmu_position,needs_hnmu_review,1,"Vị trí lấy từ cột Vị trí trong dữ liệu HNMU; chưa map chắc từ trang in sang image page, nên để trống source_image_path."
POS-TIN8-0527,8,LM-SGK-TIN8-0001,SGK,TIN8-B15,Bài 15. Gỡ lỗi,Mục 2. b (Tr. 86 SGK),86,print_page_from_hnmu_position,,shared/learning_resources/compiled_documents/sgk_tin_hoc_8.pdf,Lớp 8.xlsx,source_evidence_hnmu_position,needs_hnmu_review,1,"Vị trí lấy từ cột Vị trí trong dữ liệu HNMU; chưa map chắc từ trang in sang image page, nên để trống source_image_path."
POS-TIN8-0528,8,LM-SGK-TIN8-0001,SGK,TIN8-B15,Bài 15. Gỡ lỗi,Vận dụng (Tr. 86 SGK),86,print_page_from_hnmu_position,,shared/learning_resources/compiled_documents/sgk_tin_hoc_8.pdf,Lớp 8.xlsx,source_evidence_hnmu_position,needs_hnmu_review,1,"Vị trí lấy từ cột Vị trí trong dữ liệu HNMU; chưa map chắc từ trang in sang image page, nên để trống source_image_path."
POS-TIN8-0529,8,LM-SGK-TIN8-0001,SGK,TIN8-B16,Bài 16. Tin học với nghề nghiệp,Câu hỏi 1 (Tr. 89 SGK),89,print_page_from_hnmu_position,,shared/learning_resources/compiled_documents/sgk_tin_hoc_8.pdf,Lớp 8.xlsx,source_evidence_hnmu_position,needs_hnmu_review,1,"Vị trí lấy từ cột Vị trí trong dữ liệu HNMU; chưa map chắc từ trang in sang image page, nên để trống source_image_path."
POS-TIN8-0530,8,LM-SGK-TIN8-0001,SGK,TIN8-B16,Bài 16. Tin học với nghề nghiệp,Hoạt động 2 (Tr. 89 SGK),89,print_page_from_hnmu_position,,shared/learning_resources/compiled_documents/sgk_tin_hoc_8.pdf,Lớp 8.xlsx,source_evidence_hnmu_position,needs_hnmu_review,1,"Vị trí lấy từ cột Vị trí trong dữ liệu HNMU; chưa map chắc từ trang in sang image page, nên để trống source_image_path."
POS-TIN8-0531,8,LM-SGK-TIN8-0001,SGK,TIN8-B16,Bài 16. Tin học với nghề nghiệp,Luyện tập 1 (Tr. 90 SGK),90,print_page_from_hnmu_position,,shared/learning_resources/compiled_documents/sgk_tin_hoc_8.pdf,Lớp 8.xlsx,source_evidence_hnmu_position,needs_hnmu_review,1,"Vị trí lấy từ cột Vị trí trong dữ liệu HNMU; chưa map chắc từ trang in sang image page, nên để trống source_image_path."
POS-TIN8-0532,8,LM-SGK-TIN8-0001,SGK,TIN8-B16,Bài 16. Tin học với nghề nghiệp,Luyện tập 2 (Tr. 90 SGK),90,print_page_from_hnmu_position,,shared/learning_resources/compiled_documents/sgk_tin_hoc_8.pdf,Lớp 8.xlsx,source_evidence_hnmu_position,needs_hnmu_review,1,"Vị trí lấy từ cột Vị trí trong dữ liệu HNMU; chưa map chắc từ trang in sang image page, nên để trống source_image_path."
POS-TIN8-0533,8,LM-SGK-TIN8-0001,SGK,TIN8-B16,Bài 16. Tin học với nghề nghiệp,Mục 1 (Tr. 87 SGK),87,print_page_from_hnmu_position,,shared/learning_resources/compiled_documents/sgk_tin_hoc_8.pdf,Lớp 8.xlsx,source_evidence_hnmu_position,needs_hnmu_review,3,"Vị trí lấy từ cột Vị trí trong dữ liệu HNMU; chưa map chắc từ trang in sang image page, nên để trống source_image_path."
POS-TIN8-0534,8,LM-SGK-TIN8-0001,SGK,TIN8-B16,Bài 16. Tin học với nghề nghiệp,Mục 1 (Tr. 89 SGK),89,print_page_from_hnmu_position,,shared/learning_resources/compiled_documents/sgk_tin_hoc_8.pdf,Lớp 8.xlsx,source_evidence_hnmu_position,needs_hnmu_review,2,"Vị trí lấy từ cột Vị trí trong dữ liệu HNMU; chưa map chắc từ trang in sang image page, nên để trống source_image_path."
POS-TIN8-0535,8,LM-SGK-TIN8-0001,SGK,TIN8-B16,Bài 16. Tin học với nghề nghiệp,Mục 2 (Tr. 89 SGK),89,print_page_from_hnmu_position,,shared/learning_resources/compiled_documents/sgk_tin_hoc_8.pdf,Lớp 8.xlsx,source_evidence_hnmu_position,needs_hnmu_review,1,"Vị trí lấy từ cột Vị trí trong dữ liệu HNMU; chưa map chắc từ trang in sang image page, nên để trống source_image_path."
POS-TIN8-0536,8,LM-SGK-TIN8-0001,SGK,TIN8-B16,Bài 16. Tin học với nghề nghiệp,Mục 2 (Tr. 90 SGK),90,print_page_from_hnmu_position,,shared/learning_resources/compiled_documents/sgk_tin_hoc_8.pdf,Lớp 8.xlsx,source_evidence_hnmu_position,needs_hnmu_review,2,"Vị trí lấy từ cột Vị trí trong dữ liệu HNMU; chưa map chắc từ trang in sang image page, nên để trống source_image_path."
POS-TIN8-0537,8,LM-SGK-TIN8-0001,SGK,TIN8-B16,Bài 16. Tin học với nghề nghiệp,Vận dụng 1 (Tr. 90 SGK),90,print_page_from_hnmu_position,,shared/learning_resources/compiled_documents/sgk_tin_hoc_8.pdf,Lớp 8.xlsx,source_evidence_hnmu_position,needs_hnmu_review,1,"Vị trí lấy từ cột Vị trí trong dữ liệu HNMU; chưa map chắc từ trang in sang image page, nên để trống source_image_path."
POS-TIN8-0538,8,LM-SGV-TIN8-4923610683,SGV,TIN8-B16,Bài 16. Tin học với nghề nghiệp,Mục 3 (Tr. 99 SGV),99,print_page_from_hnmu_position,,shared/learning_resources/compiled_documents/sgv_tin_hoc_8.pdf,Lớp 8.xlsx,source_evidence_hnmu_position,needs_hnmu_review,1,"Vị trí lấy từ cột Vị trí trong dữ liệu HNMU; chưa map chắc từ trang in sang image page, nên để trống source_image_path."
POS-TIN9-0539,9,LM-SGK-TIN9-0001,SGK,,10a. Sử dụng hàm Countif,"Câu hỏi, Trang 43 SGK",43,print_page_from_hnmu_position,,shared/learning_resources/compiled_documents/sgk_tin_hoc_9.pdf,Lớp 9.xlsx,source_evidence_hnmu_position,needs_hnmu_review,1,"Vị trí lấy từ cột Vị trí trong dữ liệu HNMU; chưa map chắc từ trang in sang image page, nên để trống source_image_path. Chưa nối chắc được lesson_item_id với topic/lesson map mới."
POS-TIN9-0540,9,LM-SGK-TIN9-0001,SGK,,10a. Sử dụng hàm Countif,"Hình 10a.1, Trang 41 SGK",41,print_page_from_hnmu_position,,shared/learning_resources/compiled_documents/sgk_tin_hoc_9.pdf,Lớp 9.xlsx,source_evidence_hnmu_position,needs_hnmu_review,1,"Vị trí lấy từ cột Vị trí trong dữ liệu HNMU; chưa map chắc từ trang in sang image page, nên để trống source_image_path. Chưa nối chắc được lesson_item_id với topic/lesson map mới."
POS-TIN9-0541,9,LM-SGK-TIN9-0001,SGK,,11a. Sử dụng hàm Sumif,"Hình 11a.1, Trang 46 SGK",46,print_page_from_hnmu_position,,shared/learning_resources/compiled_documents/sgk_tin_hoc_9.pdf,Lớp 9.xlsx,source_evidence_hnmu_position,needs_hnmu_review,1,"Vị trí lấy từ cột Vị trí trong dữ liệu HNMU; chưa map chắc từ trang in sang image page, nên để trống source_image_path. Chưa nối chắc được lesson_item_id với topic/lesson map mới."
POS-TIN9-0542,9,LM-SGK-TIN9-0001,SGK,,11a. Sử dụng hàm Sumif,"Hình 11a.2, Trang 45 SGK",45,print_page_from_hnmu_position,,shared/learning_resources/compiled_documents/sgk_tin_hoc_9.pdf,Lớp 9.xlsx,source_evidence_hnmu_position,needs_hnmu_review,1,"Vị trí lấy từ cột Vị trí trong dữ liệu HNMU; chưa map chắc từ trang in sang image page, nên để trống source_image_path. Chưa nối chắc được lesson_item_id với topic/lesson map mới."
POS-TIN9-0543,9,LM-SGK-TIN9-0001,SGK,,10a. Sử dụng hàm Countif,"Luyện tập 2, Trang 42 SGK",42,print_page_from_hnmu_position,,shared/learning_resources/compiled_documents/sgk_tin_hoc_9.pdf,Lớp 9.xlsx,source_evidence_hnmu_position,needs_hnmu_review,1,"Vị trí lấy từ cột Vị trí trong dữ liệu HNMU; chưa map chắc từ trang in sang image page, nên để trống source_image_path. Chưa nối chắc được lesson_item_id với topic/lesson map mới."
POS-TIN9-0544,9,LM-SGK-TIN9-0001,SGK,,10a. Sử dụng hàm Countif,"Luyện tập 2, Trang 44 SGK",44,print_page_from_hnmu_position,,shared/learning_resources/compiled_documents/sgk_tin_hoc_9.pdf,Lớp 9.xlsx,source_evidence_hnmu_position,needs_hnmu_review,1,"Vị trí lấy từ cột Vị trí trong dữ liệu HNMU; chưa map chắc từ trang in sang image page, nên để trống source_image_path. Chưa nối chắc được lesson_item_id với topic/lesson map mới."
POS-TIN9-0545,9,LM-SGK-TIN9-0001,SGK,,11a. Sử dụng hàm Sumif,"Mục 1, Trang 4 SGK",4,print_page_from_hnmu_position,,shared/learning_resources/compiled_documents/sgk_tin_hoc_9.pdf,Lớp 9.xlsx,source_evidence_hnmu_position,needs_hnmu_review,3,"Vị trí lấy từ cột Vị trí trong dữ liệu HNMU; chưa map chắc từ trang in sang image page, nên để trống source_image_path. Chưa nối chắc được lesson_item_id với topic/lesson map mới."
POS-TIN9-0546,9,LM-SGK-TIN9-0001,SGK,,10a. Sử dụng hàm Countif,"Mục 1, Trang 41 SGK",41,print_page_from_hnmu_position,,shared/learning_resources/compiled_documents/sgk_tin_hoc_9.pdf,Lớp 9.xlsx,source_evidence_hnmu_position,needs_hnmu_review,1,"Vị trí lấy từ cột Vị trí trong dữ liệu HNMU; chưa map chắc từ trang in sang image page, nên để trống source_image_path. Chưa nối chắc được lesson_item_id với topic/lesson map mới."
POS-TIN9-0547,9,LM-SGK-TIN9-0001,SGK,,10a. Sử dụng hàm Countif,"Mục 1, Trang 42 SGK",42,print_page_from_hnmu_position,,shared/learning_resources/compiled_documents/sgk_tin_hoc_9.pdf,Lớp 9.xlsx,source_evidence_hnmu_position,needs_hnmu_review,6,"Vị trí lấy từ cột Vị trí trong dữ liệu HNMU; chưa map chắc từ trang in sang image page, nên để trống source_image_path. Chưa nối chắc được lesson_item_id với topic/lesson map mới."
POS-TIN9-0548,9,LM-SGK-TIN9-0001,SGK,,11a. Sử dụng hàm Sumif,"Mục 1, Trang 45 SGK",45,print_page_from_hnmu_position,,shared/learning_resources/compiled_documents/sgk_tin_hoc_9.pdf,Lớp 9.xlsx,source_evidence_hnmu_position,needs_hnmu_review,2,"Vị trí lấy từ cột Vị trí trong dữ liệu HNMU; chưa map chắc từ trang in sang image page, nên để trống source_image_path. Chưa nối chắc được lesson_item_id với topic/lesson map mới."
POS-TIN9-0549,9,LM-SGK-TIN9-0001,SGK,,11a. Sử dụng hàm Sumif,"Mục 1, Trang 46 SGK",46,print_page_from_hnmu_position,,shared/learning_resources/compiled_documents/sgk_tin_hoc_9.pdf,Lớp 9.xlsx,source_evidence_hnmu_position,needs_hnmu_review,2,"Vị trí lấy từ cột Vị trí trong dữ liệu HNMU; chưa map chắc từ trang in sang image page, nên để trống source_image_path. Chưa nối chắc được lesson_item_id với topic/lesson map mới."
POS-TIN9-0550,9,LM-SGK-TIN9-0001,SGK,,10a. Sử dụng hàm Countif,"Mục 2, Trang 43 SGK",43,print_page_from_hnmu_position,,shared/learning_resources/compiled_documents/sgk_tin_hoc_9.pdf,Lớp 9.xlsx,source_evidence_hnmu_position,needs_hnmu_review,1,"Vị trí lấy từ cột Vị trí trong dữ liệu HNMU; chưa map chắc từ trang in sang image page, nên để trống source_image_path. Chưa nối chắc được lesson_item_id với topic/lesson map mới."
POS-TIN9-0551,9,LM-SGK-TIN9-0001,SGK,,11a. Sử dụng hàm Sumif,"Mục 2.a, Trang 47 SGK",47,print_page_from_hnmu_position,,shared/learning_resources/compiled_documents/sgk_tin_hoc_9.pdf,Lớp 9.xlsx,source_evidence_hnmu_position,needs_hnmu_review,1,"Vị trí lấy từ cột Vị trí trong dữ liệu HNMU; chưa map chắc từ trang in sang image page, nên để trống source_image_path. Chưa nối chắc được lesson_item_id với topic/lesson map mới."
POS-TIN9-0552,9,LM-SGK-TIN9-0001,SGK,,10a. Sử dụng hàm Countif,"Thực hành, Trang 43 SGK",43,print_page_from_hnmu_position,,shared/learning_resources/compiled_documents/sgk_tin_hoc_9.pdf,Lớp 9.xlsx,source_evidence_hnmu_position,needs_hnmu_review,1,"Vị trí lấy từ cột Vị trí trong dữ liệu HNMU; chưa map chắc từ trang in sang image page, nên để trống source_image_path. Chưa nối chắc được lesson_item_id với topic/lesson map mới."
POS-TIN9-0553,9,LM-SGK-TIN9-0001,SGK,,11a. Sử dụng hàm Sumif,"Thực hành, Trang 47 SGK",47,print_page_from_hnmu_position,,shared/learning_resources/compiled_documents/sgk_tin_hoc_9.pdf,Lớp 9.xlsx,source_evidence_hnmu_position,needs_hnmu_review,3,"Vị trí lấy từ cột Vị trí trong dữ liệu HNMU; chưa map chắc từ trang in sang image page, nên để trống source_image_path. Chưa nối chắc được lesson_item_id với topic/lesson map mới."
POS-TIN9-0554,9,LM-SGK-TIN9-0001,SGK,,10a. Sử dụng hàm Countif,"Vận dụng, Trang 44 SGK",44,print_page_from_hnmu_position,,shared/learning_resources/compiled_documents/sgk_tin_hoc_9.pdf,Lớp 9.xlsx,source_evidence_hnmu_position,needs_hnmu_review,1,"Vị trí lấy từ cột Vị trí trong dữ liệu HNMU; chưa map chắc từ trang in sang image page, nên để trống source_image_path. Chưa nối chắc được lesson_item_id với topic/lesson map mới."
POS-TIN9-0555,9,LM-SGK-TIN9-0001,SGK,,11a. Sử dụng hàm Sumif,"Vận dụng, Trang 47 SGK",47,print_page_from_hnmu_position,,shared/learning_resources/compiled_documents/sgk_tin_hoc_9.pdf,Lớp 9.xlsx,source_evidence_hnmu_position,needs_hnmu_review,1,"Vị trí lấy từ cột Vị trí trong dữ liệu HNMU; chưa map chắc từ trang in sang image page, nên để trống source_image_path. Chưa nối chắc được lesson_item_id với topic/lesson map mới."
POS-TIN9-0556,9,LM-SGK-TIN9-0001,SGK_or_unspecified,,[10b]: Chuẩn bị dữ liệu và dựng video,Câu hỏi (Tr. 61),61,print_page_from_hnmu_position,,shared/learning_resources/compiled_documents/sgk_tin_hoc_9.pdf,Lớp 9.xlsx,source_evidence_hnmu_position,needs_hnmu_review,1,"Vị trí lấy từ cột Vị trí trong dữ liệu HNMU; chưa map chắc từ trang in sang image page, nên để trống source_image_path. Chưa nối chắc được lesson_item_id với topic/lesson map mới."
POS-TIN9-0557,9,LM-SGK-TIN9-0001,SGK_or_unspecified,,[9b]: Các chức năng chính của phần mềm làm Video,Câu hỏi Mục 2 (Tr. 57),57,print_page_from_hnmu_position,,shared/learning_resources/compiled_documents/sgk_tin_hoc_9.pdf,Lớp 9.xlsx,source_evidence_hnmu_position,needs_hnmu_review,1,"Vị trí lấy từ cột Vị trí trong dữ liệu HNMU; chưa map chắc từ trang in sang image page, nên để trống source_image_path. Chưa nối chắc được lesson_item_id với topic/lesson map mới."
POS-TIN9-0558,9,LM-SGK-TIN9-0001,SGK_or_unspecified,,[9b]: Các chức năng chính của phần mềm làm Video,HĐ 1 (Tr. 55),55,print_page_from_hnmu_position,,shared/learning_resources/compiled_documents/sgk_tin_hoc_9.pdf,Lớp 9.xlsx,source_evidence_hnmu_position,needs_hnmu_review,1,"Vị trí lấy từ cột Vị trí trong dữ liệu HNMU; chưa map chắc từ trang in sang image page, nên để trống source_image_path. Chưa nối chắc được lesson_item_id với topic/lesson map mới."
POS-TIN9-0559,9,LM-SGK-TIN9-0001,SGK_or_unspecified,,[9b]: Các chức năng chính của phần mềm làm Video,Luyện tập (Tr. 59),59,print_page_from_hnmu_position,,shared/learning_resources/compiled_documents/sgk_tin_hoc_9.pdf,Lớp 9.xlsx,source_evidence_hnmu_position,needs_hnmu_review,2,"Vị trí lấy từ cột Vị trí trong dữ liệu HNMU; chưa map chắc từ trang in sang image page, nên để trống source_image_path. Chưa nối chắc được lesson_item_id với topic/lesson map mới."
POS-TIN9-0560,9,LM-SGK-TIN9-0001,SGK_or_unspecified,,[13b]: Biên tập và xuất video,Luyện tập (Tr. 75),75,print_page_from_hnmu_position,,shared/learning_resources/compiled_documents/sgk_tin_hoc_9.pdf,Lớp 9.xlsx,source_evidence_hnmu_position,needs_hnmu_review,1,"Vị trí lấy từ cột Vị trí trong dữ liệu HNMU; chưa map chắc từ trang in sang image page, nên để trống source_image_path. Chưa nối chắc được lesson_item_id với topic/lesson map mới."
POS-TIN9-0561,9,LM-SGK-TIN9-0001,SGK_or_unspecified,,[9b]: Các chức năng chính của phần mềm làm Video,Mục 1 (Tr. 55),55,print_page_from_hnmu_position,,shared/learning_resources/compiled_documents/sgk_tin_hoc_9.pdf,Lớp 9.xlsx,source_evidence_hnmu_position,needs_hnmu_review,1,"Vị trí lấy từ cột Vị trí trong dữ liệu HNMU; chưa map chắc từ trang in sang image page, nên để trống source_image_path. Chưa nối chắc được lesson_item_id với topic/lesson map mới."
POS-TIN9-0562,9,LM-SGK-TIN9-0001,SGK_or_unspecified,,[10b]: Chuẩn bị dữ liệu và dựng video,Mục 1 (Tr. 60),60,print_page_from_hnmu_position,,shared/learning_resources/compiled_documents/sgk_tin_hoc_9.pdf,Lớp 9.xlsx,source_evidence_hnmu_position,needs_hnmu_review,4,"Vị trí lấy từ cột Vị trí trong dữ liệu HNMU; chưa map chắc từ trang in sang image page, nên để trống source_image_path. Chưa nối chắc được lesson_item_id với topic/lesson map mới."
POS-TIN9-0563,9,LM-SGK-TIN9-0001,SGK_or_unspecified,,[11b]: Thực hành Dựng video theo kịch bản,Mục 1 (Tr. 65),65,print_page_from_hnmu_position,,shared/learning_resources/compiled_documents/sgk_tin_hoc_9.pdf,Lớp 9.xlsx,source_evidence_hnmu_position,needs_hnmu_review,3,"Vị trí lấy từ cột Vị trí trong dữ liệu HNMU; chưa map chắc từ trang in sang image page, nên để trống source_image_path. Chưa nối chắc được lesson_item_id với topic/lesson map mới."
POS-TIN9-0564,9,LM-SGK-TIN9-0001,SGK_or_unspecified,,[12b]: Hoàn thành việc dựng video,Mục 1 (Tr. 69),69,print_page_from_hnmu_position,,shared/learning_resources/compiled_documents/sgk_tin_hoc_9.pdf,Lớp 9.xlsx,source_evidence_hnmu_position,needs_hnmu_review,3,"Vị trí lấy từ cột Vị trí trong dữ liệu HNMU; chưa map chắc từ trang in sang image page, nên để trống source_image_path. Chưa nối chắc được lesson_item_id với topic/lesson map mới."
POS-TIN9-0565,9,LM-SGK-TIN9-0001,SGK_or_unspecified,,[13b]: Biên tập và xuất video,Mục 1 (Tr. 73),73,print_page_from_hnmu_position,,shared/learning_resources/compiled_documents/sgk_tin_hoc_9.pdf,Lớp 9.xlsx,source_evidence_hnmu_position,needs_hnmu_review,1,"Vị trí lấy từ cột Vị trí trong dữ liệu HNMU; chưa map chắc từ trang in sang image page, nên để trống source_image_path. Chưa nối chắc được lesson_item_id với topic/lesson map mới."
POS-TIN9-0566,9,LM-SGK-TIN9-0001,SGK_or_unspecified,,[13b]: Biên tập và xuất video,"Mục 1, 2 (Tr. 73, 74)",73,print_page_from_hnmu_position,,shared/learning_resources/compiled_documents/sgk_tin_hoc_9.pdf,Lớp 9.xlsx,source_evidence_hnmu_position,needs_hnmu_review,1,"Vị trí lấy từ cột Vị trí trong dữ liệu HNMU; chưa map chắc từ trang in sang image page, nên để trống source_image_path. Chưa nối chắc được lesson_item_id với topic/lesson map mới."
POS-TIN9-0567,9,LM-SGK-TIN9-0001,SGK_or_unspecified,,[11b]: Thực hành Dựng video theo kịch bản,Mục 2 (Tr. 66),66,print_page_from_hnmu_position,,shared/learning_resources/compiled_documents/sgk_tin_hoc_9.pdf,Lớp 9.xlsx,source_evidence_hnmu_position,needs_hnmu_review,2,"Vị trí lấy từ cột Vị trí trong dữ liệu HNMU; chưa map chắc từ trang in sang image page, nên để trống source_image_path. Chưa nối chắc được lesson_item_id với topic/lesson map mới."
POS-TIN9-0568,9,LM-SGK-TIN9-0001,SGK_or_unspecified,,[12b]: Hoàn thành việc dựng video,Mục 2 (Tr. 70),70,print_page_from_hnmu_position,,shared/learning_resources/compiled_documents/sgk_tin_hoc_9.pdf,Lớp 9.xlsx,source_evidence_hnmu_position,needs_hnmu_review,1,"Vị trí lấy từ cột Vị trí trong dữ liệu HNMU; chưa map chắc từ trang in sang image page, nên để trống source_image_path. Chưa nối chắc được lesson_item_id với topic/lesson map mới."
POS-TIN9-0569,9,LM-SGK-TIN9-0001,SGK_or_unspecified,,[12b]: Hoàn thành việc dựng video,Mục 2 (Tr. 71),71,print_page_from_hnmu_position,,shared/learning_resources/compiled_documents/sgk_tin_hoc_9.pdf,Lớp 9.xlsx,source_evidence_hnmu_position,needs_hnmu_review,2,"Vị trí lấy từ cột Vị trí trong dữ liệu HNMU; chưa map chắc từ trang in sang image page, nên để trống source_image_path. Chưa nối chắc được lesson_item_id với topic/lesson map mới."
POS-TIN9-0570,9,LM-SGK-TIN9-0001,SGK_or_unspecified,,[12b]: Hoàn thành việc dựng video,Mục 2 (Tr. 72),72,print_page_from_hnmu_position,,shared/learning_resources/compiled_documents/sgk_tin_hoc_9.pdf,Lớp 9.xlsx,source_evidence_hnmu_position,needs_hnmu_review,2,"Vị trí lấy từ cột Vị trí trong dữ liệu HNMU; chưa map chắc từ trang in sang image page, nên để trống source_image_path. Chưa nối chắc được lesson_item_id với topic/lesson map mới."
POS-TIN9-0571,9,LM-SGK-TIN9-0001,SGK_or_unspecified,,[13b]: Biên tập và xuất video,Mục 2 (Tr. 74),74,print_page_from_hnmu_position,,shared/learning_resources/compiled_documents/sgk_tin_hoc_9.pdf,Lớp 9.xlsx,source_evidence_hnmu_position,needs_hnmu_review,6,"Vị trí lấy từ cột Vị trí trong dữ liệu HNMU; chưa map chắc từ trang in sang image page, nên để trống source_image_path. Chưa nối chắc được lesson_item_id với topic/lesson map mới."
POS-TIN9-0572,9,LM-SGK-TIN9-0001,SGK_or_unspecified,,[10b]: Chuẩn bị dữ liệu và dựng video,Mục 2a (Tr. 61),61,print_page_from_hnmu_position,,shared/learning_resources/compiled_documents/sgk_tin_hoc_9.pdf,Lớp 9.xlsx,source_evidence_hnmu_position,needs_hnmu_review,2,"Vị trí lấy từ cột Vị trí trong dữ liệu HNMU; chưa map chắc từ trang in sang image page, nên để trống source_image_path. Chưa nối chắc được lesson_item_id với topic/lesson map mới."
POS-TIN9-0573,9,LM-SGK-TIN9-0001,SGK_or_unspecified,,[10b]: Chuẩn bị dữ liệu và dựng video,Mục 2b (Tr. 62),62,print_page_from_hnmu_position,,shared/learning_resources/compiled_documents/sgk_tin_hoc_9.pdf,Lớp 9.xlsx,source_evidence_hnmu_position,needs_hnmu_review,3,"Vị trí lấy từ cột Vị trí trong dữ liệu HNMU; chưa map chắc từ trang in sang image page, nên để trống source_image_path. Chưa nối chắc được lesson_item_id với topic/lesson map mới."
POS-TIN9-0574,9,LM-SGK-TIN9-0001,SGK_or_unspecified,,[11b]: Thực hành Dựng video theo kịch bản,Mục 3 (Tr. 67),67,print_page_from_hnmu_position,,shared/learning_resources/compiled_documents/sgk_tin_hoc_9.pdf,Lớp 9.xlsx,source_evidence_hnmu_position,needs_hnmu_review,3,"Vị trí lấy từ cột Vị trí trong dữ liệu HNMU; chưa map chắc từ trang in sang image page, nên để trống source_image_path. Chưa nối chắc được lesson_item_id với topic/lesson map mới."
POS-TIN9-0575,9,LM-SGK-TIN9-0001,SGK_or_unspecified,,[9b]: Các chức năng chính của phần mềm làm Video,Mục 3a (Tr. 57),57,print_page_from_hnmu_position,,shared/learning_resources/compiled_documents/sgk_tin_hoc_9.pdf,Lớp 9.xlsx,source_evidence_hnmu_position,needs_hnmu_review,1,"Vị trí lấy từ cột Vị trí trong dữ liệu HNMU; chưa map chắc từ trang in sang image page, nên để trống source_image_path. Chưa nối chắc được lesson_item_id với topic/lesson map mới."
POS-TIN9-0576,9,LM-SGK-TIN9-0001,SGK_or_unspecified,,[9b]: Các chức năng chính của phần mềm làm Video,Mục 3b (Tr. 58),58,print_page_from_hnmu_position,,shared/learning_resources/compiled_documents/sgk_tin_hoc_9.pdf,Lớp 9.xlsx,source_evidence_hnmu_position,needs_hnmu_review,1,"Vị trí lấy từ cột Vị trí trong dữ liệu HNMU; chưa map chắc từ trang in sang image page, nên để trống source_image_path. Chưa nối chắc được lesson_item_id với topic/lesson map mới."
POS-TIN9-0577,9,LM-SGK-TIN9-0001,SGK_or_unspecified,,[9b]: Các chức năng chính của phần mềm làm Video,"Mục 3b, c (Tr. 58)",58,print_page_from_hnmu_position,,shared/learning_resources/compiled_documents/sgk_tin_hoc_9.pdf,Lớp 9.xlsx,source_evidence_hnmu_position,needs_hnmu_review,1,"Vị trí lấy từ cột Vị trí trong dữ liệu HNMU; chưa map chắc từ trang in sang image page, nên để trống source_image_path. Chưa nối chắc được lesson_item_id với topic/lesson map mới."
POS-TIN9-0578,9,LM-SGK-TIN9-0001,SGK_or_unspecified,,[9b]: Các chức năng chính của phần mềm làm Video,Mục 3c (Tr. 58),58,print_page_from_hnmu_position,,shared/learning_resources/compiled_documents/sgk_tin_hoc_9.pdf,Lớp 9.xlsx,source_evidence_hnmu_position,needs_hnmu_review,2,"Vị trí lấy từ cột Vị trí trong dữ liệu HNMU; chưa map chắc từ trang in sang image page, nên để trống source_image_path. Chưa nối chắc được lesson_item_id với topic/lesson map mới."
POS-TIN9-0579,9,LM-SGK-TIN9-0001,SGK_or_unspecified,,[9b]: Các chức năng chính của phần mềm làm Video,Mục 3d (Tr. 58-59),58,print_page_from_hnmu_position,,shared/learning_resources/compiled_documents/sgk_tin_hoc_9.pdf,Lớp 9.xlsx,source_evidence_hnmu_position,needs_hnmu_review,1,"Vị trí lấy từ cột Vị trí trong dữ liệu HNMU; chưa map chắc từ trang in sang image page, nên để trống source_image_path. Chưa nối chắc được lesson_item_id với topic/lesson map mới."
POS-TIN9-0580,9,LM-SGK-TIN9-0001,SGK_or_unspecified,,[11b]: Thực hành Dựng video theo kịch bản,Mục 4 (Tr. 67),67,print_page_from_hnmu_position,,shared/learning_resources/compiled_documents/sgk_tin_hoc_9.pdf,Lớp 9.xlsx,source_evidence_hnmu_position,needs_hnmu_review,1,"Vị trí lấy từ cột Vị trí trong dữ liệu HNMU; chưa map chắc từ trang in sang image page, nên để trống source_image_path. Chưa nối chắc được lesson_item_id với topic/lesson map mới."
POS-TIN9-0581,9,LM-SGK-TIN9-0001,SGK_or_unspecified,,[11b]: Thực hành Dựng video theo kịch bản,Mục 4 (Tr. 68),68,print_page_from_hnmu_position,,shared/learning_resources/compiled_documents/sgk_tin_hoc_9.pdf,Lớp 9.xlsx,source_evidence_hnmu_position,needs_hnmu_review,1,"Vị trí lấy từ cột Vị trí trong dữ liệu HNMU; chưa map chắc từ trang in sang image page, nên để trống source_image_path. Chưa nối chắc được lesson_item_id với topic/lesson map mới."
POS-TIN9-0582,9,LM-SGK-TIN9-0001,SGK_or_unspecified,,[13b]: Biên tập và xuất video,Sinh thêm,,hnmu_position_no_print_page,,shared/learning_resources/compiled_documents/sgk_tin_hoc_9.pdf,Lớp 9.xlsx,source_evidence_hnmu_position,needs_hnmu_review,2,"Vị trí lấy từ cột Vị trí trong dữ liệu HNMU; chưa map chắc từ trang in sang image page, nên để trống source_image_path. Chưa nối chắc được lesson_item_id với topic/lesson map mới."
POS-TIN9-0583,9,LM-SGK-TIN9-0001,SGK_or_unspecified,,[9b]: Các chức năng chính của phần mềm làm Video,Sinh thêm (Tr. 57),57,print_page_from_hnmu_position,,shared/learning_resources/compiled_documents/sgk_tin_hoc_9.pdf,Lớp 9.xlsx,source_evidence_hnmu_position,needs_hnmu_review,1,"Vị trí lấy từ cột Vị trí trong dữ liệu HNMU; chưa map chắc từ trang in sang image page, nên để trống source_image_path. Chưa nối chắc được lesson_item_id với topic/lesson map mới."
POS-TIN9-0584,9,LM-SGK-TIN9-0001,SGK_or_unspecified,,[12b]: Hoàn thành việc dựng video,Sinh thêm (Tr. 70),70,print_page_from_hnmu_position,,shared/learning_resources/compiled_documents/sgk_tin_hoc_9.pdf,Lớp 9.xlsx,source_evidence_hnmu_position,needs_hnmu_review,1,"Vị trí lấy từ cột Vị trí trong dữ liệu HNMU; chưa map chắc từ trang in sang image page, nên để trống source_image_path. Chưa nối chắc được lesson_item_id với topic/lesson map mới."
POS-TIN9-0585,9,LM-SGK-TIN9-0001,SGK_or_unspecified,,[10b]: Chuẩn bị dữ liệu và dựng video,Thực hành (Tr. 61),61,print_page_from_hnmu_position,,shared/learning_resources/compiled_documents/sgk_tin_hoc_9.pdf,Lớp 9.xlsx,source_evidence_hnmu_position,needs_hnmu_review,2,"Vị trí lấy từ cột Vị trí trong dữ liệu HNMU; chưa map chắc từ trang in sang image page, nên để trống source_image_path. Chưa nối chắc được lesson_item_id với topic/lesson map mới."
POS-TIN9-0586,9,LM-SGK-TIN9-0001,SGK_or_unspecified,,[10b]: Chuẩn bị dữ liệu và dựng video,Thực hành (Tr. 62),62,print_page_from_hnmu_position,,shared/learning_resources/compiled_documents/sgk_tin_hoc_9.pdf,Lớp 9.xlsx,source_evidence_hnmu_position,needs_hnmu_review,2,"Vị trí lấy từ cột Vị trí trong dữ liệu HNMU; chưa map chắc từ trang in sang image page, nên để trống source_image_path. Chưa nối chắc được lesson_item_id với topic/lesson map mới."
POS-TIN9-0587,9,LM-SGK-TIN9-0001,SGK_or_unspecified,,[12b]: Hoàn thành việc dựng video,Thực hành (Tr. 70),70,print_page_from_hnmu_position,,shared/learning_resources/compiled_documents/sgk_tin_hoc_9.pdf,Lớp 9.xlsx,source_evidence_hnmu_position,needs_hnmu_review,1,"Vị trí lấy từ cột Vị trí trong dữ liệu HNMU; chưa map chắc từ trang in sang image page, nên để trống source_image_path. Chưa nối chắc được lesson_item_id với topic/lesson map mới."
POS-TIN9-0588,9,LM-SGK-TIN9-0001,SGK_or_unspecified,,[12b]: Hoàn thành việc dựng video,Thực hành (Tr. 71),71,print_page_from_hnmu_position,,shared/learning_resources/compiled_documents/sgk_tin_hoc_9.pdf,Lớp 9.xlsx,source_evidence_hnmu_position,needs_hnmu_review,1,"Vị trí lấy từ cột Vị trí trong dữ liệu HNMU; chưa map chắc từ trang in sang image page, nên để trống source_image_path. Chưa nối chắc được lesson_item_id với topic/lesson map mới."
POS-TIN9-0589,9,LM-SGK-TIN9-0001,SGK_or_unspecified,,[12b]: Hoàn thành việc dựng video,Thực hành (Tr. 72),72,print_page_from_hnmu_position,,shared/learning_resources/compiled_documents/sgk_tin_hoc_9.pdf,Lớp 9.xlsx,source_evidence_hnmu_position,needs_hnmu_review,2,"Vị trí lấy từ cột Vị trí trong dữ liệu HNMU; chưa map chắc từ trang in sang image page, nên để trống source_image_path. Chưa nối chắc được lesson_item_id với topic/lesson map mới."
POS-TIN9-0590,9,LM-SGK-TIN9-0001,SGK_or_unspecified,,[13b]: Biên tập và xuất video,Thực hành (Tr. 74),74,print_page_from_hnmu_position,,shared/learning_resources/compiled_documents/sgk_tin_hoc_9.pdf,Lớp 9.xlsx,source_evidence_hnmu_position,needs_hnmu_review,1,"Vị trí lấy từ cột Vị trí trong dữ liệu HNMU; chưa map chắc từ trang in sang image page, nên để trống source_image_path. Chưa nối chắc được lesson_item_id với topic/lesson map mới."
POS-TIN9-0591,9,LM-SGK-TIN9-0001,SGK_or_unspecified,,[13b]: Biên tập và xuất video,Thực hành (Tr. 75),75,print_page_from_hnmu_position,,shared/learning_resources/compiled_documents/sgk_tin_hoc_9.pdf,Lớp 9.xlsx,source_evidence_hnmu_position,needs_hnmu_review,1,"Vị trí lấy từ cột Vị trí trong dữ liệu HNMU; chưa map chắc từ trang in sang image page, nên để trống source_image_path. Chưa nối chắc được lesson_item_id với topic/lesson map mới."
POS-TIN9-0592,9,LM-SGK-TIN9-0001,SGK_or_unspecified,,[11b]: Thực hành Dựng video theo kịch bản,Thực hành 1 (Tr. 65),65,print_page_from_hnmu_position,,shared/learning_resources/compiled_documents/sgk_tin_hoc_9.pdf,Lớp 9.xlsx,source_evidence_hnmu_position,needs_hnmu_review,1,"Vị trí lấy từ cột Vị trí trong dữ liệu HNMU; chưa map chắc từ trang in sang image page, nên để trống source_image_path. Chưa nối chắc được lesson_item_id với topic/lesson map mới."
POS-TIN9-0593,9,LM-SGK-TIN9-0001,SGK_or_unspecified,,[11b]: Thực hành Dựng video theo kịch bản,Thực hành 2 (Tr. 66),66,print_page_from_hnmu_position,,shared/learning_resources/compiled_documents/sgk_tin_hoc_9.pdf,Lớp 9.xlsx,source_evidence_hnmu_position,needs_hnmu_review,1,"Vị trí lấy từ cột Vị trí trong dữ liệu HNMU; chưa map chắc từ trang in sang image page, nên để trống source_image_path. Chưa nối chắc được lesson_item_id với topic/lesson map mới."
POS-TIN9-0594,9,LM-SGK-TIN9-0001,SGK_or_unspecified,,[11b]: Thực hành Dựng video theo kịch bản,Thực hành 4 (Tr. 67),67,print_page_from_hnmu_position,,shared/learning_resources/compiled_documents/sgk_tin_hoc_9.pdf,Lớp 9.xlsx,source_evidence_hnmu_position,needs_hnmu_review,1,"Vị trí lấy từ cột Vị trí trong dữ liệu HNMU; chưa map chắc từ trang in sang image page, nên để trống source_image_path. Chưa nối chắc được lesson_item_id với topic/lesson map mới."
POS-TIN9-0595,9,LM-SGK-TIN9-0001,SGK_or_unspecified,,[9b]: Các chức năng chính của phần mềm làm Video,Vận dụng (Tr. 59),59,print_page_from_hnmu_position,,shared/learning_resources/compiled_documents/sgk_tin_hoc_9.pdf,Lớp 9.xlsx,source_evidence_hnmu_position,needs_hnmu_review,2,"Vị trí lấy từ cột Vị trí trong dữ liệu HNMU; chưa map chắc từ trang in sang image page, nên để trống source_image_path. Chưa nối chắc được lesson_item_id với topic/lesson map mới."
POS-TIN9-0596,9,LM-SGK-TIN9-0001,SGK_or_unspecified,,[11b]: Thực hành Dựng video theo kịch bản,Vận dụng (Tr. 68),68,print_page_from_hnmu_position,,shared/learning_resources/compiled_documents/sgk_tin_hoc_9.pdf,Lớp 9.xlsx,source_evidence_hnmu_position,needs_hnmu_review,1,"Vị trí lấy từ cột Vị trí trong dữ liệu HNMU; chưa map chắc từ trang in sang image page, nên để trống source_image_path. Chưa nối chắc được lesson_item_id với topic/lesson map mới."
POS-TIN9-0597,9,LM-SGK-TIN9-0001,SGK_or_unspecified,,[12b]: Hoàn thành việc dựng video,Vận dụng (Tr. 72),72,print_page_from_hnmu_position,,shared/learning_resources/compiled_documents/sgk_tin_hoc_9.pdf,Lớp 9.xlsx,source_evidence_hnmu_position,needs_hnmu_review,1,"Vị trí lấy từ cột Vị trí trong dữ liệu HNMU; chưa map chắc từ trang in sang image page, nên để trống source_image_path. Chưa nối chắc được lesson_item_id với topic/lesson map mới."
POS-TIN9-0598,9,LM-SGK-TIN9-0001,SGK_or_unspecified,,[13b]: Biên tập và xuất video,Vận dụng (Tr. 75),75,print_page_from_hnmu_position,,shared/learning_resources/compiled_documents/sgk_tin_hoc_9.pdf,Lớp 9.xlsx,source_evidence_hnmu_position,needs_hnmu_review,1,"Vị trí lấy từ cột Vị trí trong dữ liệu HNMU; chưa map chắc từ trang in sang image page, nên để trống source_image_path. Chưa nối chắc được lesson_item_id với topic/lesson map mới."
POS-TIN9-0599,9,LM-SGK-TIN9-0001,SGK,TIN9-B01,Bài 1. Thế giới kĩ thuật số,Câu hỏi a (Tr. 8 SGK),8,print_page_from_hnmu_position,,shared/learning_resources/compiled_documents/sgk_tin_hoc_9.pdf,Lớp 9.xlsx,source_evidence_hnmu_position,needs_hnmu_review,1,"Vị trí lấy từ cột Vị trí trong dữ liệu HNMU; chưa map chắc từ trang in sang image page, nên để trống source_image_path."
POS-TIN9-0600,9,LM-SGK-TIN9-0001,SGK,TIN9-B01,Bài 1. Thế giới kĩ thuật số,Hình 1.4 (Tr. 7 SGK),7,print_page_from_hnmu_position,,shared/learning_resources/compiled_documents/sgk_tin_hoc_9.pdf,Lớp 9.xlsx,source_evidence_hnmu_position,needs_hnmu_review,1,"Vị trí lấy từ cột Vị trí trong dữ liệu HNMU; chưa map chắc từ trang in sang image page, nên để trống source_image_path."
POS-TIN9-0601,9,LM-SGK-TIN9-0001,SGK,TIN9-B01,Bài 1. Thế giới kĩ thuật số,Luyện tập 1 (Tr. 8 SGK),8,print_page_from_hnmu_position,,shared/learning_resources/compiled_documents/sgk_tin_hoc_9.pdf,Lớp 9.xlsx,source_evidence_hnmu_position,needs_hnmu_review,1,"Vị trí lấy từ cột Vị trí trong dữ liệu HNMU; chưa map chắc từ trang in sang image page, nên để trống source_image_path."
POS-TIN9-0602,9,LM-SGK-TIN9-0001,SGK,TIN9-B01,Bài 1. Thế giới kĩ thuật số,Luyện tập 2 (Tr. 8 SGK),8,print_page_from_hnmu_position,,shared/learning_resources/compiled_documents/sgk_tin_hoc_9.pdf,Lớp 9.xlsx,source_evidence_hnmu_position,needs_hnmu_review,1,"Vị trí lấy từ cột Vị trí trong dữ liệu HNMU; chưa map chắc từ trang in sang image page, nên để trống source_image_path."
POS-TIN9-0603,9,LM-SGK-TIN9-0001,SGK,TIN9-B01,Bài 1. Thế giới kĩ thuật số,Mục 1. Kiến thức mới (Tr. 5 SGK),5,print_page_from_hnmu_position,,shared/learning_resources/compiled_documents/sgk_tin_hoc_9.pdf,Lớp 9.xlsx,source_evidence_hnmu_position,needs_hnmu_review,1,"Vị trí lấy từ cột Vị trí trong dữ liệu HNMU; chưa map chắc từ trang in sang image page, nên để trống source_image_path."
POS-TIN9-0604,9,LM-SGK-TIN9-0001,SGK,TIN9-B01,Bài 1. Thế giới kĩ thuật số,Mục 1. Thế giới kĩ thuật số (Tr. 5 SGK),5,print_page_from_hnmu_position,,shared/learning_resources/compiled_documents/sgk_tin_hoc_9.pdf,Lớp 9.xlsx,source_evidence_hnmu_position,needs_hnmu_review,1,"Vị trí lấy từ cột Vị trí trong dữ liệu HNMU; chưa map chắc từ trang in sang image page, nên để trống source_image_path."
POS-TIN9-0605,9,LM-SGK-TIN9-0001,SGK,TIN9-B01,Bài 1. Thế giới kĩ thuật số,Mục 2. b (Tr. 7 SGK),7,print_page_from_hnmu_position,,shared/learning_resources/compiled_documents/sgk_tin_hoc_9.pdf,Lớp 9.xlsx,source_evidence_hnmu_position,needs_hnmu_review,1,"Vị trí lấy từ cột Vị trí trong dữ liệu HNMU; chưa map chắc từ trang in sang image page, nên để trống source_image_path."
POS-TIN9-0606,9,LM-SGK-TIN9-0001,SGK,TIN9-B01,Bài 1. Thế giới kĩ thuật số,Mục 2. Ứng dụng (Tr. 6 SGK),6,print_page_from_hnmu_position,,shared/learning_resources/compiled_documents/sgk_tin_hoc_9.pdf,Lớp 9.xlsx,source_evidence_hnmu_position,needs_hnmu_review,1,"Vị trí lấy từ cột Vị trí trong dữ liệu HNMU; chưa map chắc từ trang in sang image page, nên để trống source_image_path."
POS-TIN9-0607,9,LM-SGK-TIN9-0001,SGK,TIN9-B01,Bài 1. Thế giới kĩ thuật số,Mục 3 (Tr. 8 SGK),8,print_page_from_hnmu_position,,shared/learning_resources/compiled_documents/sgk_tin_hoc_9.pdf,Lớp 9.xlsx,source_evidence_hnmu_position,needs_hnmu_review,1,"Vị trí lấy từ cột Vị trí trong dữ liệu HNMU; chưa map chắc từ trang in sang image page, nên để trống source_image_path."
POS-TIN9-0608,9,LM-SGK-TIN9-0001,SGK,TIN9-B01,Bài 1. Thế giới kĩ thuật số,Mục 3. Tác động (Tr. 7 SGK),7,print_page_from_hnmu_position,,shared/learning_resources/compiled_documents/sgk_tin_hoc_9.pdf,Lớp 9.xlsx,source_evidence_hnmu_position,needs_hnmu_review,1,"Vị trí lấy từ cột Vị trí trong dữ liệu HNMU; chưa map chắc từ trang in sang image page, nên để trống source_image_path."
POS-TIN9-0609,9,LM-SGK-TIN9-0001,SGK,TIN9-B01,Bài 1. Thế giới kĩ thuật số,Vận dụng (Tr. 8 SGK),8,print_page_from_hnmu_position,,shared/learning_resources/compiled_documents/sgk_tin_hoc_9.pdf,Lớp 9.xlsx,source_evidence_hnmu_position,needs_hnmu_review,2,"Vị trí lấy từ cột Vị trí trong dữ liệu HNMU; chưa map chắc từ trang in sang image page, nên để trống source_image_path."
POS-TIN9-0610,9,LM-SGV-TIN9-4923777498,SGV,TIN9-B01,Bài 1. Thế giới kĩ thuật số,Câu hỏi (Tr. 20 SGV),20,print_page_from_hnmu_position,,shared/learning_resources/compiled_documents/sgv_tin_hoc_9.pdf,Lớp 9.xlsx,source_evidence_hnmu_position,needs_hnmu_review,1,"Vị trí lấy từ cột Vị trí trong dữ liệu HNMU; chưa map chắc từ trang in sang image page, nên để trống source_image_path."
POS-TIN9-0611,9,LM-SGV-TIN9-4923777498,SGV,TIN9-B01,Bài 1. Thế giới kĩ thuật số,Câu hỏi 2 (Tr. 19 SGV),19,print_page_from_hnmu_position,,shared/learning_resources/compiled_documents/sgv_tin_hoc_9.pdf,Lớp 9.xlsx,source_evidence_hnmu_position,needs_hnmu_review,1,"Vị trí lấy từ cột Vị trí trong dữ liệu HNMU; chưa map chắc từ trang in sang image page, nên để trống source_image_path."
POS-TIN9-0612,9,LM-SGK-TIN9-0001,SGK,TIN9-B02,Bài 2. Thông tin trong giải quyết vấn đề,Câu hỏi 2 (Tr. 13 SGK),13,print_page_from_hnmu_position,,shared/learning_resources/compiled_documents/sgk_tin_hoc_9.pdf,Lớp 9.xlsx,source_evidence_hnmu_position,needs_hnmu_review,1,"Vị trí lấy từ cột Vị trí trong dữ liệu HNMU; chưa map chắc từ trang in sang image page, nên để trống source_image_path."
POS-TIN9-0613,9,LM-SGK-TIN9-0001,SGK,TIN9-B02,Bài 2. Thông tin trong giải quyết vấn đề,Câu hỏi c (Tr. 11 SGK),11,print_page_from_hnmu_position,,shared/learning_resources/compiled_documents/sgk_tin_hoc_9.pdf,Lớp 9.xlsx,source_evidence_hnmu_position,needs_hnmu_review,1,"Vị trí lấy từ cột Vị trí trong dữ liệu HNMU; chưa map chắc từ trang in sang image page, nên để trống source_image_path."
POS-TIN9-0614,9,LM-SGK-TIN9-0001,SGK,TIN9-B02,Bài 2. Thông tin trong giải quyết vấn đề,Luyện tập (Tr. 11 SGK),11,print_page_from_hnmu_position,,shared/learning_resources/compiled_documents/sgk_tin_hoc_9.pdf,Lớp 9.xlsx,source_evidence_hnmu_position,needs_hnmu_review,1,"Vị trí lấy từ cột Vị trí trong dữ liệu HNMU; chưa map chắc từ trang in sang image page, nên để trống source_image_path."
POS-TIN9-0615,9,LM-SGK-TIN9-0001,SGK,TIN9-B02,Bài 2. Thông tin trong giải quyết vấn đề,Mục 1. Chất lượng thông tin (Tr. 9 SGK),9,print_page_from_hnmu_position,,shared/learning_resources/compiled_documents/sgk_tin_hoc_9.pdf,Lớp 9.xlsx,source_evidence_hnmu_position,needs_hnmu_review,1,"Vị trí lấy từ cột Vị trí trong dữ liệu HNMU; chưa map chắc từ trang in sang image page, nên để trống source_image_path."
POS-TIN9-0616,9,LM-SGK-TIN9-0001,SGK,TIN9-B02,Bài 2. Thông tin trong giải quyết vấn đề,Mục 1. Kiến thức mới (Tr. 9 SGK),9,print_page_from_hnmu_position,,shared/learning_resources/compiled_documents/sgk_tin_hoc_9.pdf,Lớp 9.xlsx,source_evidence_hnmu_position,needs_hnmu_review,1,"Vị trí lấy từ cột Vị trí trong dữ liệu HNMU; chưa map chắc từ trang in sang image page, nên để trống source_image_path."
POS-TIN9-0617,9,LM-SGK-TIN9-0001,SGK,TIN9-B02,Bài 2. Thông tin trong giải quyết vấn đề,Mục 1. a (Tr. 9 SGK),9,print_page_from_hnmu_position,,shared/learning_resources/compiled_documents/sgk_tin_hoc_9.pdf,Lớp 9.xlsx,source_evidence_hnmu_position,needs_hnmu_review,1,"Vị trí lấy từ cột Vị trí trong dữ liệu HNMU; chưa map chắc từ trang in sang image page, nên để trống source_image_path."
POS-TIN9-0618,9,LM-SGK-TIN9-0001,SGK,TIN9-B02,Bài 2. Thông tin trong giải quyết vấn đề,Mục 1. b (Tr. 9 SGK),9,print_page_from_hnmu_position,,shared/learning_resources/compiled_documents/sgk_tin_hoc_9.pdf,Lớp 9.xlsx,source_evidence_hnmu_position,needs_hnmu_review,1,"Vị trí lấy từ cột Vị trí trong dữ liệu HNMU; chưa map chắc từ trang in sang image page, nên để trống source_image_path."
POS-TIN9-0619,9,LM-SGK-TIN9-0001,SGK,TIN9-B02,Bài 2. Thông tin trong giải quyết vấn đề,Mục 1. c (Tr. 9 SGK),9,print_page_from_hnmu_position,,shared/learning_resources/compiled_documents/sgk_tin_hoc_9.pdf,Lớp 9.xlsx,source_evidence_hnmu_position,needs_hnmu_review,1,"Vị trí lấy từ cột Vị trí trong dữ liệu HNMU; chưa map chắc từ trang in sang image page, nên để trống source_image_path."
POS-TIN9-0620,9,LM-SGK-TIN9-0001,SGK,TIN9-B02,Bài 2. Thông tin trong giải quyết vấn đề,Mục 1. d (Tr. 9 SGK),9,print_page_from_hnmu_position,,shared/learning_resources/compiled_documents/sgk_tin_hoc_9.pdf,Lớp 9.xlsx,source_evidence_hnmu_position,needs_hnmu_review,1,"Vị trí lấy từ cột Vị trí trong dữ liệu HNMU; chưa map chắc từ trang in sang image page, nên để trống source_image_path."
POS-TIN9-0621,9,LM-SGK-TIN9-0001,SGK,TIN9-B02,Bài 2. Thông tin trong giải quyết vấn đề,Mục 2 (Tr. 11 SGK),11,print_page_from_hnmu_position,,shared/learning_resources/compiled_documents/sgk_tin_hoc_9.pdf,Lớp 9.xlsx,source_evidence_hnmu_position,needs_hnmu_review,2,"Vị trí lấy từ cột Vị trí trong dữ liệu HNMU; chưa map chắc từ trang in sang image page, nên để trống source_image_path."
POS-TIN9-0622,9,LM-SGK-TIN9-0001,SGK,TIN9-B02,Bài 2. Thông tin trong giải quyết vấn đề,Nhiệm vụ 1 (Tr. 12 SGK),12,print_page_from_hnmu_position,,shared/learning_resources/compiled_documents/sgk_tin_hoc_9.pdf,Lớp 9.xlsx,source_evidence_hnmu_position,needs_hnmu_review,1,"Vị trí lấy từ cột Vị trí trong dữ liệu HNMU; chưa map chắc từ trang in sang image page, nên để trống source_image_path."
POS-TIN9-0623,9,LM-SGK-TIN9-0001,SGK,TIN9-B02,Bài 2. Thông tin trong giải quyết vấn đề,Nhiệm vụ 2 (Tr. 14 SGK),14,print_page_from_hnmu_position,,shared/learning_resources/compiled_documents/sgk_tin_hoc_9.pdf,Lớp 9.xlsx,source_evidence_hnmu_position,needs_hnmu_review,1,"Vị trí lấy từ cột Vị trí trong dữ liệu HNMU; chưa map chắc từ trang in sang image page, nên để trống source_image_path."
POS-TIN9-0624,9,LM-SGK-TIN9-0001,SGK,TIN9-B02,Bài 2. Thông tin trong giải quyết vấn đề,Vận dụng (Tr. 14 SGK),14,print_page_from_hnmu_position,,shared/learning_resources/compiled_documents/sgk_tin_hoc_9.pdf,Lớp 9.xlsx,source_evidence_hnmu_position,needs_hnmu_review,1,"Vị trí lấy từ cột Vị trí trong dữ liệu HNMU; chưa map chắc từ trang in sang image page, nên để trống source_image_path."
POS-TIN9-0625,9,LM-SGK-TIN9-0001,SGK,TIN9-B03,Bài 3. Thực hành: Đánh giá chất lượng thông tin,Câu hỏi 2 (Tr. 13 SGK),13,print_page_from_hnmu_position,,shared/learning_resources/compiled_documents/sgk_tin_hoc_9.pdf,Lớp 9.xlsx,source_evidence_hnmu_position,needs_hnmu_review,1,"Vị trí lấy từ cột Vị trí trong dữ liệu HNMU; chưa map chắc từ trang in sang image page, nên để trống source_image_path."
POS-TIN9-0626,9,LM-SGK-TIN9-0001,SGK,TIN9-B03,Bài 3. Thực hành: Đánh giá chất lượng thông tin,Hoạt động 1 (Tr. 12 SGK),12,print_page_from_hnmu_position,,shared/learning_resources/compiled_documents/sgk_tin_hoc_9.pdf,Lớp 9.xlsx,source_evidence_hnmu_position,needs_hnmu_review,1,"Vị trí lấy từ cột Vị trí trong dữ liệu HNMU; chưa map chắc từ trang in sang image page, nên để trống source_image_path."
POS-TIN9-0627,9,LM-SGK-TIN9-0001,SGK,TIN9-B03,Bài 3. Thực hành: Đánh giá chất lượng thông tin,Mục 1. a (Tr. 9 SGK),9,print_page_from_hnmu_position,,shared/learning_resources/compiled_documents/sgk_tin_hoc_9.pdf,Lớp 9.xlsx,source_evidence_hnmu_position,needs_hnmu_review,2,"Vị trí lấy từ cột Vị trí trong dữ liệu HNMU; chưa map chắc từ trang in sang image page, nên để trống source_image_path."
POS-TIN9-0628,9,LM-SGK-TIN9-0001,SGK,TIN9-B03,Bài 3. Thực hành: Đánh giá chất lượng thông tin,Mục 1. b (Tr. 9 SGK),9,print_page_from_hnmu_position,,shared/learning_resources/compiled_documents/sgk_tin_hoc_9.pdf,Lớp 9.xlsx,source_evidence_hnmu_position,needs_hnmu_review,1,"Vị trí lấy từ cột Vị trí trong dữ liệu HNMU; chưa map chắc từ trang in sang image page, nên để trống source_image_path."
POS-TIN9-0629,9,LM-SGK-TIN9-0001,SGK,TIN9-B03,Bài 3. Thực hành: Đánh giá chất lượng thông tin,Mục 1. c (Tr. 10 SGK),10,print_page_from_hnmu_position,,shared/learning_resources/compiled_documents/sgk_tin_hoc_9.pdf,Lớp 9.xlsx,source_evidence_hnmu_position,needs_hnmu_review,1,"Vị trí lấy từ cột Vị trí trong dữ liệu HNMU; chưa map chắc từ trang in sang image page, nên để trống source_image_path."
POS-TIN9-0630,9,LM-SGK-TIN9-0001,SGK,TIN9-B03,Bài 3. Thực hành: Đánh giá chất lượng thông tin,Mục 2 (Tr. 11 SGK),11,print_page_from_hnmu_position,,shared/learning_resources/compiled_documents/sgk_tin_hoc_9.pdf,Lớp 9.xlsx,source_evidence_hnmu_position,needs_hnmu_review,2,"Vị trí lấy từ cột Vị trí trong dữ liệu HNMU; chưa map chắc từ trang in sang image page, nên để trống source_image_path."
POS-TIN9-0631,9,LM-SGK-TIN9-0001,SGK,TIN9-B03,Bài 3. Thực hành: Đánh giá chất lượng thông tin,Mục 2 (Tr. 13 SGK),13,print_page_from_hnmu_position,,shared/learning_resources/compiled_documents/sgk_tin_hoc_9.pdf,Lớp 9.xlsx,source_evidence_hnmu_position,needs_hnmu_review,1,"Vị trí lấy từ cột Vị trí trong dữ liệu HNMU; chưa map chắc từ trang in sang image page, nên để trống source_image_path."
POS-TIN9-0632,9,LM-SGK-TIN9-0001,SGK,TIN9-B03,Bài 3. Thực hành: Đánh giá chất lượng thông tin,Nhiệm vụ 1 (Tr. 12 SGK),12,print_page_from_hnmu_position,,shared/learning_resources/compiled_documents/sgk_tin_hoc_9.pdf,Lớp 9.xlsx,source_evidence_hnmu_position,needs_hnmu_review,1,"Vị trí lấy từ cột Vị trí trong dữ liệu HNMU; chưa map chắc từ trang in sang image page, nên để trống source_image_path."
POS-TIN9-0633,9,LM-SGK-TIN9-0001,SGK,TIN9-B03,Bài 3. Thực hành: Đánh giá chất lượng thông tin,Nhiệm vụ 2 (Tr. 14 SGK),14,print_page_from_hnmu_position,,shared/learning_resources/compiled_documents/sgk_tin_hoc_9.pdf,Lớp 9.xlsx,source_evidence_hnmu_position,needs_hnmu_review,1,"Vị trí lấy từ cột Vị trí trong dữ liệu HNMU; chưa map chắc từ trang in sang image page, nên để trống source_image_path."
POS-TIN9-0634,9,LM-SGK-TIN9-0001,SGK,TIN9-B03,Bài 3. Thực hành: Đánh giá chất lượng thông tin,Vận dụng (Tr. 11 SGK),11,print_page_from_hnmu_position,,shared/learning_resources/compiled_documents/sgk_tin_hoc_9.pdf,Lớp 9.xlsx,source_evidence_hnmu_position,needs_hnmu_review,1,"Vị trí lấy từ cột Vị trí trong dữ liệu HNMU; chưa map chắc từ trang in sang image page, nên để trống source_image_path."
POS-TIN9-0635,9,LM-SGK-TIN9-0001,SGK,TIN9-B03,Bài 3. Thực hành: Đánh giá chất lượng thông tin,Vận dụng (Tr. 14 SGK),14,print_page_from_hnmu_position,,shared/learning_resources/compiled_documents/sgk_tin_hoc_9.pdf,Lớp 9.xlsx,source_evidence_hnmu_position,needs_hnmu_review,1,"Vị trí lấy từ cột Vị trí trong dữ liệu HNMU; chưa map chắc từ trang in sang image page, nên để trống source_image_path."
POS-TIN9-0636,9,LM-SGV-TIN9-4923777498,SGV,TIN9-B03,Bài 3. Thực hành: Đánh giá chất lượng thông tin,SGV Tr. 27,27,print_page_from_hnmu_position,,shared/learning_resources/compiled_documents/sgv_tin_hoc_9.pdf,Lớp 9.xlsx,source_evidence_hnmu_position,needs_hnmu_review,1,"Vị trí lấy từ cột Vị trí trong dữ liệu HNMU; chưa map chắc từ trang in sang image page, nên để trống source_image_path."
POS-TIN9-0637,9,LM-SGK-TIN9-0001,SGK,TIN9-B04,Bài 4. Một số vấn đề pháp lí về sử dụng dịch vụ Internet,Câu hỏi 1 (Tr. 17 SGK),17,print_page_from_hnmu_position,,shared/learning_resources/compiled_documents/sgk_tin_hoc_9.pdf,Lớp 9.xlsx,source_evidence_hnmu_position,needs_hnmu_review,1,"Vị trí lấy từ cột Vị trí trong dữ liệu HNMU; chưa map chắc từ trang in sang image page, nên để trống source_image_path."
POS-TIN9-0638,9,LM-SGK-TIN9-0001,SGK,TIN9-B04,Bài 4. Một số vấn đề pháp lí về sử dụng dịch vụ Internet,Câu hỏi 2 (Tr. 17 SGK),17,print_page_from_hnmu_position,,shared/learning_resources/compiled_documents/sgk_tin_hoc_9.pdf,Lớp 9.xlsx,source_evidence_hnmu_position,needs_hnmu_review,1,"Vị trí lấy từ cột Vị trí trong dữ liệu HNMU; chưa map chắc từ trang in sang image page, nên để trống source_image_path."
POS-TIN9-0639,9,LM-SGK-TIN9-0001,SGK,TIN9-B04,Bài 4. Một số vấn đề pháp lí về sử dụng dịch vụ Internet,Hoạt động 1 (Tr. 15 SGK),15,print_page_from_hnmu_position,,shared/learning_resources/compiled_documents/sgk_tin_hoc_9.pdf,Lớp 9.xlsx,source_evidence_hnmu_position,needs_hnmu_review,1,"Vị trí lấy từ cột Vị trí trong dữ liệu HNMU; chưa map chắc từ trang in sang image page, nên để trống source_image_path."
POS-TIN9-0640,9,LM-SGK-TIN9-0001,SGK,TIN9-B04,Bài 4. Một số vấn đề pháp lí về sử dụng dịch vụ Internet,Hoạt động 3 (Tr. 18 SGK),18,print_page_from_hnmu_position,,shared/learning_resources/compiled_documents/sgk_tin_hoc_9.pdf,Lớp 9.xlsx,source_evidence_hnmu_position,needs_hnmu_review,1,"Vị trí lấy từ cột Vị trí trong dữ liệu HNMU; chưa map chắc từ trang in sang image page, nên để trống source_image_path."
POS-TIN9-0641,9,LM-SGK-TIN9-0001,SGK,TIN9-B04,Bài 4. Một số vấn đề pháp lí về sử dụng dịch vụ Internet,Hình 4.2 (Tr. 16 SGK),16,print_page_from_hnmu_position,,shared/learning_resources/compiled_documents/sgk_tin_hoc_9.pdf,Lớp 9.xlsx,source_evidence_hnmu_position,needs_hnmu_review,1,"Vị trí lấy từ cột Vị trí trong dữ liệu HNMU; chưa map chắc từ trang in sang image page, nên để trống source_image_path."
POS-TIN9-0642,9,LM-SGK-TIN9-0001,SGK,TIN9-B04,Bài 4. Một số vấn đề pháp lí về sử dụng dịch vụ Internet,Luyện tập 2 (Tr. 19 SGK),19,print_page_from_hnmu_position,,shared/learning_resources/compiled_documents/sgk_tin_hoc_9.pdf,Lớp 9.xlsx,source_evidence_hnmu_position,needs_hnmu_review,1,"Vị trí lấy từ cột Vị trí trong dữ liệu HNMU; chưa map chắc từ trang in sang image page, nên để trống source_image_path."
POS-TIN9-0643,9,LM-SGK-TIN9-0001,SGK,TIN9-B04,Bài 4. Một số vấn đề pháp lí về sử dụng dịch vụ Internet,Mục 1. a (Tr. 15 SGK),15,print_page_from_hnmu_position,,shared/learning_resources/compiled_documents/sgk_tin_hoc_9.pdf,Lớp 9.xlsx,source_evidence_hnmu_position,needs_hnmu_review,1,"Vị trí lấy từ cột Vị trí trong dữ liệu HNMU; chưa map chắc từ trang in sang image page, nên để trống source_image_path."
POS-TIN9-0644,9,LM-SGK-TIN9-0001,SGK,TIN9-B04,Bài 4. Một số vấn đề pháp lí về sử dụng dịch vụ Internet,Mục 1. b (Tr. 16 SGK),16,print_page_from_hnmu_position,,shared/learning_resources/compiled_documents/sgk_tin_hoc_9.pdf,Lớp 9.xlsx,source_evidence_hnmu_position,needs_hnmu_review,1,"Vị trí lấy từ cột Vị trí trong dữ liệu HNMU; chưa map chắc từ trang in sang image page, nên để trống source_image_path."
POS-TIN9-0645,9,LM-SGK-TIN9-0001,SGK,TIN9-B04,Bài 4. Một số vấn đề pháp lí về sử dụng dịch vụ Internet,Mục 2 (Tr. 17 SGK),17,print_page_from_hnmu_position,,shared/learning_resources/compiled_documents/sgk_tin_hoc_9.pdf,Lớp 9.xlsx,source_evidence_hnmu_position,needs_hnmu_review,1,"Vị trí lấy từ cột Vị trí trong dữ liệu HNMU; chưa map chắc từ trang in sang image page, nên để trống source_image_path."
POS-TIN9-0646,9,LM-SGK-TIN9-0001,SGK,TIN9-B04,Bài 4. Một số vấn đề pháp lí về sử dụng dịch vụ Internet,Mục 2. a (Tr. 17 SGK),17,print_page_from_hnmu_position,,shared/learning_resources/compiled_documents/sgk_tin_hoc_9.pdf,Lớp 9.xlsx,source_evidence_hnmu_position,needs_hnmu_review,1,"Vị trí lấy từ cột Vị trí trong dữ liệu HNMU; chưa map chắc từ trang in sang image page, nên để trống source_image_path."
POS-TIN9-0647,9,LM-SGK-TIN9-0001,SGK,TIN9-B04,Bài 4. Một số vấn đề pháp lí về sử dụng dịch vụ Internet,Mục 2. b (Tr. 17 SGK),17,print_page_from_hnmu_position,,shared/learning_resources/compiled_documents/sgk_tin_hoc_9.pdf,Lớp 9.xlsx,source_evidence_hnmu_position,needs_hnmu_review,1,"Vị trí lấy từ cột Vị trí trong dữ liệu HNMU; chưa map chắc từ trang in sang image page, nên để trống source_image_path."
POS-TIN9-0648,9,LM-SGK-TIN9-0001,SGK,TIN9-B04,Bài 4. Một số vấn đề pháp lí về sử dụng dịch vụ Internet,Vận dụng (Tr. 19 SGK),19,print_page_from_hnmu_position,,shared/learning_resources/compiled_documents/sgk_tin_hoc_9.pdf,Lớp 9.xlsx,source_evidence_hnmu_position,needs_hnmu_review,2,"Vị trí lấy từ cột Vị trí trong dữ liệu HNMU; chưa map chắc từ trang in sang image page, nên để trống source_image_path."
POS-TIN9-0649,9,LM-SGV-TIN9-4923777498,SGV,TIN9-B04,Bài 4. Một số vấn đề pháp lí về sử dụng dịch vụ Internet,SGV Tr. 32,32,print_page_from_hnmu_position,,shared/learning_resources/compiled_documents/sgv_tin_hoc_9.pdf,Lớp 9.xlsx,source_evidence_hnmu_position,needs_hnmu_review,1,"Vị trí lấy từ cột Vị trí trong dữ liệu HNMU; chưa map chắc từ trang in sang image page, nên để trống source_image_path."
POS-TIN9-0650,9,LM-SGK-TIN9-0001,SGK,TIN9-B05,Bài 5. Tìm hiểu phần mềm mô phỏng,Câu hỏi 2 (Tr. 21 SGK),21,print_page_from_hnmu_position,,shared/learning_resources/compiled_documents/sgk_tin_hoc_9.pdf,Lớp 9.xlsx,source_evidence_hnmu_position,needs_hnmu_review,1,"Vị trí lấy từ cột Vị trí trong dữ liệu HNMU; chưa map chắc từ trang in sang image page, nên để trống source_image_path."
POS-TIN9-0651,9,LM-SGK-TIN9-0001,SGK,TIN9-B05,Bài 5. Tìm hiểu phần mềm mô phỏng,Hoạt động 2 (Tr. 21 SGK),21,print_page_from_hnmu_position,,shared/learning_resources/compiled_documents/sgk_tin_hoc_9.pdf,Lớp 9.xlsx,source_evidence_hnmu_position,needs_hnmu_review,1,"Vị trí lấy từ cột Vị trí trong dữ liệu HNMU; chưa map chắc từ trang in sang image page, nên để trống source_image_path."
POS-TIN9-0652,9,LM-SGK-TIN9-0001,SGK,TIN9-B05,Bài 5. Tìm hiểu phần mềm mô phỏng,Luyện tập (Tr. 22 SGK),22,print_page_from_hnmu_position,,shared/learning_resources/compiled_documents/sgk_tin_hoc_9.pdf,Lớp 9.xlsx,source_evidence_hnmu_position,needs_hnmu_review,1,"Vị trí lấy từ cột Vị trí trong dữ liệu HNMU; chưa map chắc từ trang in sang image page, nên để trống source_image_path."
POS-TIN9-0653,9,LM-SGK-TIN9-0001,SGK,TIN9-B05,Bài 5. Tìm hiểu phần mềm mô phỏng,Mục 1 (Tr. 20 SGK),20,print_page_from_hnmu_position,,shared/learning_resources/compiled_documents/sgk_tin_hoc_9.pdf,Lớp 9.xlsx,source_evidence_hnmu_position,needs_hnmu_review,6,"Vị trí lấy từ cột Vị trí trong dữ liệu HNMU; chưa map chắc từ trang in sang image page, nên để trống source_image_path."
POS-TIN9-0654,9,LM-SGK-TIN9-0001,SGK,TIN9-B05,Bài 5. Tìm hiểu phần mềm mô phỏng,Mục 2 (Tr. 21 SGK),21,print_page_from_hnmu_position,,shared/learning_resources/compiled_documents/sgk_tin_hoc_9.pdf,Lớp 9.xlsx,source_evidence_hnmu_position,needs_hnmu_review,1,"Vị trí lấy từ cột Vị trí trong dữ liệu HNMU; chưa map chắc từ trang in sang image page, nên để trống source_image_path."
POS-TIN9-0655,9,LM-SGK-TIN9-0001,SGK,TIN9-B05,Bài 5. Tìm hiểu phần mềm mô phỏng,Vận dụng (Tr. 22 SGK),22,print_page_from_hnmu_position,,shared/learning_resources/compiled_documents/sgk_tin_hoc_9.pdf,Lớp 9.xlsx,source_evidence_hnmu_position,needs_hnmu_review,2,"Vị trí lấy từ cột Vị trí trong dữ liệu HNMU; chưa map chắc từ trang in sang image page, nên để trống source_image_path."
POS-TIN9-0656,9,LM-SGV-TIN9-4923777498,SGV,TIN9-B05,Bài 5. Tìm hiểu phần mềm mô phỏng,Mục 1 (SGV Tr. 36),36,print_page_from_hnmu_position,,shared/learning_resources/compiled_documents/sgv_tin_hoc_9.pdf,Lớp 9.xlsx,source_evidence_hnmu_position,needs_hnmu_review,1,"Vị trí lấy từ cột Vị trí trong dữ liệu HNMU; chưa map chắc từ trang in sang image page, nên để trống source_image_path."
POS-TIN9-0657,9,LM-SGV-TIN9-4923777498,SGV,TIN9-B05,Bài 5. Tìm hiểu phần mềm mô phỏng,SGV Tr. 43,43,print_page_from_hnmu_position,,shared/learning_resources/compiled_documents/sgv_tin_hoc_9.pdf,Lớp 9.xlsx,source_evidence_hnmu_position,needs_hnmu_review,1,"Vị trí lấy từ cột Vị trí trong dữ liệu HNMU; chưa map chắc từ trang in sang image page, nên để trống source_image_path."
POS-TIN9-0658,9,LM-SGK-TIN9-0001,SGK,TIN9-B06,Bài 6. Thực hành: Khai thác phần mềm mô phỏng,Hoạt động 1 (Tr. 23 SGK),23,print_page_from_hnmu_position,,shared/learning_resources/compiled_documents/sgk_tin_hoc_9.pdf,Lớp 9.xlsx,source_evidence_hnmu_position,needs_hnmu_review,2,"Vị trí lấy từ cột Vị trí trong dữ liệu HNMU; chưa map chắc từ trang in sang image page, nên để trống source_image_path."
POS-TIN9-0659,9,LM-SGK-TIN9-0001,SGK,TIN9-B06,Bài 6. Thực hành: Khai thác phần mềm mô phỏng,Hoạt động 2 (Tr. 25 SGK),25,print_page_from_hnmu_position,,shared/learning_resources/compiled_documents/sgk_tin_hoc_9.pdf,Lớp 9.xlsx,source_evidence_hnmu_position,needs_hnmu_review,1,"Vị trí lấy từ cột Vị trí trong dữ liệu HNMU; chưa map chắc từ trang in sang image page, nên để trống source_image_path."
POS-TIN9-0660,9,LM-SGK-TIN9-0001,SGK,TIN9-B06,Bài 6. Thực hành: Khai thác phần mềm mô phỏng,Luyện tập (Tr. 26 SGK),26,print_page_from_hnmu_position,,shared/learning_resources/compiled_documents/sgk_tin_hoc_9.pdf,Lớp 9.xlsx,source_evidence_hnmu_position,needs_hnmu_review,1,"Vị trí lấy từ cột Vị trí trong dữ liệu HNMU; chưa map chắc từ trang in sang image page, nên để trống source_image_path."
POS-TIN9-0661,9,LM-SGK-TIN9-0001,SGK,TIN9-B06,Bài 6. Thực hành: Khai thác phần mềm mô phỏng,Mục 2. b (Tr. 25 SGK),25,print_page_from_hnmu_position,,shared/learning_resources/compiled_documents/sgk_tin_hoc_9.pdf,Lớp 9.xlsx,source_evidence_hnmu_position,needs_hnmu_review,1,"Vị trí lấy từ cột Vị trí trong dữ liệu HNMU; chưa map chắc từ trang in sang image page, nên để trống source_image_path."
POS-TIN9-0662,9,LM-SGK-TIN9-0001,SGK,TIN9-B06,Bài 6. Thực hành: Khai thác phần mềm mô phỏng,Nhiệm vụ 1 (Tr. 23 SGK),23,print_page_from_hnmu_position,,shared/learning_resources/compiled_documents/sgk_tin_hoc_9.pdf,Lớp 9.xlsx,source_evidence_hnmu_position,needs_hnmu_review,2,"Vị trí lấy từ cột Vị trí trong dữ liệu HNMU; chưa map chắc từ trang in sang image page, nên để trống source_image_path."
POS-TIN9-0663,9,LM-SGK-TIN9-0001,SGK,TIN9-B06,Bài 6. Thực hành: Khai thác phần mềm mô phỏng,Nhiệm vụ 1 (Tr. 24 SGK),24,print_page_from_hnmu_position,,shared/learning_resources/compiled_documents/sgk_tin_hoc_9.pdf,Lớp 9.xlsx,source_evidence_hnmu_position,needs_hnmu_review,2,"Vị trí lấy từ cột Vị trí trong dữ liệu HNMU; chưa map chắc từ trang in sang image page, nên để trống source_image_path."
POS-TIN9-0664,9,LM-SGK-TIN9-0001,SGK,TIN9-B06,Bài 6. Thực hành: Khai thác phần mềm mô phỏng,Nhiệm vụ 2 (Tr. 25 SGK),25,print_page_from_hnmu_position,,shared/learning_resources/compiled_documents/sgk_tin_hoc_9.pdf,Lớp 9.xlsx,source_evidence_hnmu_position,needs_hnmu_review,3,"Vị trí lấy từ cột Vị trí trong dữ liệu HNMU; chưa map chắc từ trang in sang image page, nên để trống source_image_path."
POS-TIN9-0665,9,LM-SGK-TIN9-0001,SGK,TIN9-B06,Bài 6. Thực hành: Khai thác phần mềm mô phỏng,Vận dụng (Tr. 26 SGK),26,print_page_from_hnmu_position,,shared/learning_resources/compiled_documents/sgk_tin_hoc_9.pdf,Lớp 9.xlsx,source_evidence_hnmu_position,needs_hnmu_review,1,"Vị trí lấy từ cột Vị trí trong dữ liệu HNMU; chưa map chắc từ trang in sang image page, nên để trống source_image_path."
POS-TIN9-0666,9,LM-SGV-TIN9-4923777498,SGV,TIN9-B06,Bài 6. Thực hành: Khai thác phần mềm mô phỏng,SGV Tr. 27,27,print_page_from_hnmu_position,,shared/learning_resources/compiled_documents/sgv_tin_hoc_9.pdf,Lớp 9.xlsx,source_evidence_hnmu_position,needs_hnmu_review,1,"Vị trí lấy từ cột Vị trí trong dữ liệu HNMU; chưa map chắc từ trang in sang image page, nên để trống source_image_path."
POS-TIN9-0667,9,LM-SGK-TIN9-0001,SGK,TIN9-B07,Bài 7. Trình bày thông tin trong trao đổi và hợp tác,Hoạt động 1 (Tr. 27 SGK),27,print_page_from_hnmu_position,,shared/learning_resources/compiled_documents/sgk_tin_hoc_9.pdf,Lớp 9.xlsx,source_evidence_hnmu_position,needs_hnmu_review,2,"Vị trí lấy từ cột Vị trí trong dữ liệu HNMU; chưa map chắc từ trang in sang image page, nên để trống source_image_path."
POS-TIN9-0668,9,LM-SGK-TIN9-0001,SGK,TIN9-B07,Bài 7. Trình bày thông tin trong trao đổi và hợp tác,Luyện tập (Tr. 29 SGK),29,print_page_from_hnmu_position,,shared/learning_resources/compiled_documents/sgk_tin_hoc_9.pdf,Lớp 9.xlsx,source_evidence_hnmu_position,needs_hnmu_review,1,"Vị trí lấy từ cột Vị trí trong dữ liệu HNMU; chưa map chắc từ trang in sang image page, nên để trống source_image_path."
POS-TIN9-0669,9,LM-SGK-TIN9-0001,SGK,TIN9-B07,Bài 7. Trình bày thông tin trong trao đổi và hợp tác,Mục 1 (Tr. 27 SGK),27,print_page_from_hnmu_position,,shared/learning_resources/compiled_documents/sgk_tin_hoc_9.pdf,Lớp 9.xlsx,source_evidence_hnmu_position,needs_hnmu_review,3,"Vị trí lấy từ cột Vị trí trong dữ liệu HNMU; chưa map chắc từ trang in sang image page, nên để trống source_image_path."
POS-TIN9-0670,9,LM-SGK-TIN9-0001,SGK,TIN9-B07,Bài 7. Trình bày thông tin trong trao đổi và hợp tác,Mục 1 (Tr. 28 SGK),28,print_page_from_hnmu_position,,shared/learning_resources/compiled_documents/sgk_tin_hoc_9.pdf,Lớp 9.xlsx,source_evidence_hnmu_position,needs_hnmu_review,4,"Vị trí lấy từ cột Vị trí trong dữ liệu HNMU; chưa map chắc từ trang in sang image page, nên để trống source_image_path."
POS-TIN9-0671,9,LM-SGK-TIN9-0001,SGK,TIN9-B07,Bài 7. Trình bày thông tin trong trao đổi và hợp tác,Thực hành (Tr. 30 SGK),30,print_page_from_hnmu_position,,shared/learning_resources/compiled_documents/sgk_tin_hoc_9.pdf,Lớp 9.xlsx,source_evidence_hnmu_position,needs_hnmu_review,1,"Vị trí lấy từ cột Vị trí trong dữ liệu HNMU; chưa map chắc từ trang in sang image page, nên để trống source_image_path."
POS-TIN9-0672,9,LM-SGK-TIN9-0001,SGK,TIN9-B07,Bài 7. Trình bày thông tin trong trao đổi và hợp tác,Vận dụng (Tr. 29 SGK),29,print_page_from_hnmu_position,,shared/learning_resources/compiled_documents/sgk_tin_hoc_9.pdf,Lớp 9.xlsx,source_evidence_hnmu_position,needs_hnmu_review,2,"Vị trí lấy từ cột Vị trí trong dữ liệu HNMU; chưa map chắc từ trang in sang image page, nên để trống source_image_path."
POS-TIN9-0673,9,LM-SGV-TIN9-4923777498,SGV,TIN9-B07,Bài 7. Trình bày thông tin trong trao đổi và hợp tác,SGV Tr. 44,44,print_page_from_hnmu_position,,shared/learning_resources/compiled_documents/sgv_tin_hoc_9.pdf,Lớp 9.xlsx,source_evidence_hnmu_position,needs_hnmu_review,1,"Vị trí lấy từ cột Vị trí trong dữ liệu HNMU; chưa map chắc từ trang in sang image page, nên để trống source_image_path."
POS-TIN9-0674,9,LM-SGK-TIN9-0001,SGK,TIN9-B08,Bài 8. Thực hành: Sử dụng công cụ trực quan trình bày thông tin trong trao đổi và hợp tác,Luyện tập (Tr. 29 SGK),29,print_page_from_hnmu_position,,shared/learning_resources/compiled_documents/sgk_tin_hoc_9.pdf,Lớp 9.xlsx,source_evidence_hnmu_position,needs_hnmu_review,1,"Vị trí lấy từ cột Vị trí trong dữ liệu HNMU; chưa map chắc từ trang in sang image page, nên để trống source_image_path."
POS-TIN9-0675,9,LM-SGK-TIN9-0001,SGK,TIN9-B08,Bài 8. Thực hành: Sử dụng công cụ trực quan trình bày thông tin trong trao đổi và hợp tác,Mục 1 (Tr. 28 SGK),28,print_page_from_hnmu_position,,shared/learning_resources/compiled_documents/sgk_tin_hoc_9.pdf,Lớp 9.xlsx,source_evidence_hnmu_position,needs_hnmu_review,1,"Vị trí lấy từ cột Vị trí trong dữ liệu HNMU; chưa map chắc từ trang in sang image page, nên để trống source_image_path."
POS-TIN9-0676,9,LM-SGK-TIN9-0001,SGK,TIN9-B08,Bài 8. Thực hành: Sử dụng công cụ trực quan trình bày thông tin trong trao đổi và hợp tác,Mục 2 (Tr. 28 SGK),28,print_page_from_hnmu_position,,shared/learning_resources/compiled_documents/sgk_tin_hoc_9.pdf,Lớp 9.xlsx,source_evidence_hnmu_position,needs_hnmu_review,1,"Vị trí lấy từ cột Vị trí trong dữ liệu HNMU; chưa map chắc từ trang in sang image page, nên để trống source_image_path."
POS-TIN9-0677,9,LM-SGK-TIN9-0001,SGK,TIN9-B08,Bài 8. Thực hành: Sử dụng công cụ trực quan trình bày thông tin trong trao đổi và hợp tác,Nhiệm vụ 1 (Tr. 30 SGK),30,print_page_from_hnmu_position,,shared/learning_resources/compiled_documents/sgk_tin_hoc_9.pdf,Lớp 9.xlsx,source_evidence_hnmu_position,needs_hnmu_review,1,"Vị trí lấy từ cột Vị trí trong dữ liệu HNMU; chưa map chắc từ trang in sang image page, nên để trống source_image_path."
POS-TIN9-0678,9,LM-SGK-TIN9-0001,SGK,TIN9-B08,Bài 8. Thực hành: Sử dụng công cụ trực quan trình bày thông tin trong trao đổi và hợp tác,Nhiệm vụ 1 (Tr. 31 SGK),31,print_page_from_hnmu_position,,shared/learning_resources/compiled_documents/sgk_tin_hoc_9.pdf,Lớp 9.xlsx,source_evidence_hnmu_position,needs_hnmu_review,2,"Vị trí lấy từ cột Vị trí trong dữ liệu HNMU; chưa map chắc từ trang in sang image page, nên để trống source_image_path."
POS-TIN9-0679,9,LM-SGK-TIN9-0001,SGK,TIN9-B08,Bài 8. Thực hành: Sử dụng công cụ trực quan trình bày thông tin trong trao đổi và hợp tác,Nhiệm vụ 3 (Tr. 32 SGK),32,print_page_from_hnmu_position,,shared/learning_resources/compiled_documents/sgk_tin_hoc_9.pdf,Lớp 9.xlsx,source_evidence_hnmu_position,needs_hnmu_review,1,"Vị trí lấy từ cột Vị trí trong dữ liệu HNMU; chưa map chắc từ trang in sang image page, nên để trống source_image_path."
POS-TIN9-0680,9,LM-SGK-TIN9-0001,SGK,TIN9-B08,Bài 8. Thực hành: Sử dụng công cụ trực quan trình bày thông tin trong trao đổi và hợp tác,Vận dụng (Tr. 29 SGK),29,print_page_from_hnmu_position,,shared/learning_resources/compiled_documents/sgk_tin_hoc_9.pdf,Lớp 9.xlsx,source_evidence_hnmu_position,needs_hnmu_review,1,"Vị trí lấy từ cột Vị trí trong dữ liệu HNMU; chưa map chắc từ trang in sang image page, nên để trống source_image_path."
POS-TIN9-0681,9,LM-SGV-TIN9-4923777498,SGV,TIN9-B08,Bài 8. Thực hành: Sử dụng công cụ trực quan trình bày thông tin trong trao đổi và hợp tác,Chuẩn bị (Tr. 46 SGV),46,print_page_from_hnmu_position,,shared/learning_resources/compiled_documents/sgv_tin_hoc_9.pdf,Lớp 9.xlsx,source_evidence_hnmu_position,needs_hnmu_review,1,"Vị trí lấy từ cột Vị trí trong dữ liệu HNMU; chưa map chắc từ trang in sang image page, nên để trống source_image_path."
POS-TIN9-0682,9,LM-SGV-TIN9-4923777498,SGV,TIN9-B08,Bài 8. Thực hành: Sử dụng công cụ trực quan trình bày thông tin trong trao đổi và hợp tác,Hoạt động khởi động (Tr. 46 SGV),46,print_page_from_hnmu_position,,shared/learning_resources/compiled_documents/sgv_tin_hoc_9.pdf,Lớp 9.xlsx,source_evidence_hnmu_position,needs_hnmu_review,1,"Vị trí lấy từ cột Vị trí trong dữ liệu HNMU; chưa map chắc từ trang in sang image page, nên để trống source_image_path."
POS-TIN9-0683,9,LM-SGV-TIN9-4923777498,SGV,TIN9-B08,Bài 8. Thực hành: Sử dụng công cụ trực quan trình bày thông tin trong trao đổi và hợp tác,Lưu ý (Tr. 46 SGV),46,print_page_from_hnmu_position,,shared/learning_resources/compiled_documents/sgv_tin_hoc_9.pdf,Lớp 9.xlsx,source_evidence_hnmu_position,needs_hnmu_review,1,"Vị trí lấy từ cột Vị trí trong dữ liệu HNMU; chưa map chắc từ trang in sang image page, nên để trống source_image_path."
POS-TIN9-0684,9,LM-SGV-TIN9-4923777498,SGV,TIN9-B08,Bài 8. Thực hành: Sử dụng công cụ trực quan trình bày thông tin trong trao đổi và hợp tác,"Mục đích, yêu cầu (Tr. 30 SGK/Tr. 46 SGV)",30,print_page_from_hnmu_position,,shared/learning_resources/compiled_documents/sgv_tin_hoc_9.pdf,Lớp 9.xlsx,source_evidence_hnmu_position,needs_hnmu_review,1,"Vị trí lấy từ cột Vị trí trong dữ liệu HNMU; chưa map chắc từ trang in sang image page, nên để trống source_image_path."
POS-TIN9-0685,9,LM-SGV-TIN9-4923777498,SGV,TIN9-B08,Bài 8. Thực hành: Sử dụng công cụ trực quan trình bày thông tin trong trao đổi và hợp tác,Nhiệm vụ 2 (Tr. 31 SGK/Tr. 47 SGV),31,print_page_from_hnmu_position,,shared/learning_resources/compiled_documents/sgv_tin_hoc_9.pdf,Lớp 9.xlsx,source_evidence_hnmu_position,needs_hnmu_review,1,"Vị trí lấy từ cột Vị trí trong dữ liệu HNMU; chưa map chắc từ trang in sang image page, nên để trống source_image_path."
POS-TIN9-0686,9,LM-SGV-TIN9-4923777498,SGV,TIN9-B08,Bài 8. Thực hành: Sử dụng công cụ trực quan trình bày thông tin trong trao đổi và hợp tác,Nhiệm vụ 2 (Tr. 47 SGV),47,print_page_from_hnmu_position,,shared/learning_resources/compiled_documents/sgv_tin_hoc_9.pdf,Lớp 9.xlsx,source_evidence_hnmu_position,needs_hnmu_review,1,"Vị trí lấy từ cột Vị trí trong dữ liệu HNMU; chưa map chắc từ trang in sang image page, nên để trống source_image_path."
POS-TIN9-0687,9,LM-SGK-TIN9-0001,SGK,TIN9-B09A,Bài 9A. Sử dụng công cụ xác thực dữ liệu,"Hoạt động 1, Trang 34 SGK",34,print_page_from_hnmu_position,,shared/learning_resources/compiled_documents/sgk_tin_hoc_9.pdf,Lớp 9.xlsx,source_evidence_hnmu_position,needs_hnmu_review,2,"Vị trí lấy từ cột Vị trí trong dữ liệu HNMU; chưa map chắc từ trang in sang image page, nên để trống source_image_path."
POS-TIN9-0688,9,LM-SGK-TIN9-0001,SGK,TIN9-B09A,Bài 9A. Sử dụng công cụ xác thực dữ liệu,"Mục 1, Trang 34 SGK",34,print_page_from_hnmu_position,,shared/learning_resources/compiled_documents/sgk_tin_hoc_9.pdf,Lớp 9.xlsx,source_evidence_hnmu_position,needs_hnmu_review,1,"Vị trí lấy từ cột Vị trí trong dữ liệu HNMU; chưa map chắc từ trang in sang image page, nên để trống source_image_path."
POS-TIN9-0689,9,LM-SGK-TIN9-0001,SGK,TIN9-B09A,Bài 9A. Sử dụng công cụ xác thực dữ liệu,"Mục 1, Trang 35-36 SGK",35,print_page_from_hnmu_position,,shared/learning_resources/compiled_documents/sgk_tin_hoc_9.pdf,Lớp 9.xlsx,source_evidence_hnmu_position,needs_hnmu_review,1,"Vị trí lấy từ cột Vị trí trong dữ liệu HNMU; chưa map chắc từ trang in sang image page, nên để trống source_image_path."
POS-TIN9-0690,9,LM-SGK-TIN9-0001,SGK,TIN9-B09A,Bài 9A. Sử dụng công cụ xác thực dữ liệu,"Mục 1, Trang 36 SGK",36,print_page_from_hnmu_position,,shared/learning_resources/compiled_documents/sgk_tin_hoc_9.pdf,Lớp 9.xlsx,source_evidence_hnmu_position,needs_hnmu_review,1,"Vị trí lấy từ cột Vị trí trong dữ liệu HNMU; chưa map chắc từ trang in sang image page, nên để trống source_image_path."
POS-TIN9-0691,9,LM-SGK-TIN9-0001,SGK,TIN9-B09A,Bài 9A. Sử dụng công cụ xác thực dữ liệu,"Mục 1, Trang 38 SGK",38,print_page_from_hnmu_position,,shared/learning_resources/compiled_documents/sgk_tin_hoc_9.pdf,Lớp 9.xlsx,source_evidence_hnmu_position,needs_hnmu_review,1,"Vị trí lấy từ cột Vị trí trong dữ liệu HNMU; chưa map chắc từ trang in sang image page, nên để trống source_image_path."
POS-TIN9-0692,9,LM-SGK-TIN9-0001,SGK,TIN9-B09A,Bài 9A. Sử dụng công cụ xác thực dữ liệu,"Mục 1.b, Trang 35 SGK",35,print_page_from_hnmu_position,,shared/learning_resources/compiled_documents/sgk_tin_hoc_9.pdf,Lớp 9.xlsx,source_evidence_hnmu_position,needs_hnmu_review,1,"Vị trí lấy từ cột Vị trí trong dữ liệu HNMU; chưa map chắc từ trang in sang image page, nên để trống source_image_path."
POS-TIN9-0693,9,LM-SGK-TIN9-0001,SGK,TIN9-B09A,Bài 9A. Sử dụng công cụ xác thực dữ liệu,"Mục 1.b, Trang 36 SGK",36,print_page_from_hnmu_position,,shared/learning_resources/compiled_documents/sgk_tin_hoc_9.pdf,Lớp 9.xlsx,source_evidence_hnmu_position,needs_hnmu_review,1,"Vị trí lấy từ cột Vị trí trong dữ liệu HNMU; chưa map chắc từ trang in sang image page, nên để trống source_image_path."
POS-TIN9-0694,9,LM-SGK-TIN9-0001,SGK,TIN9-B09A,Bài 9A. Sử dụng công cụ xác thực dữ liệu,"Mục 2.b, Trang 39 SGK",39,print_page_from_hnmu_position,,shared/learning_resources/compiled_documents/sgk_tin_hoc_9.pdf,Lớp 9.xlsx,source_evidence_hnmu_position,needs_hnmu_review,1,"Vị trí lấy từ cột Vị trí trong dữ liệu HNMU; chưa map chắc từ trang in sang image page, nên để trống source_image_path."
POS-TIN9-0695,9,LM-SGK-TIN9-0001,SGK,TIN9-B09A,Bài 9A. Sử dụng công cụ xác thực dữ liệu,"Thực hành, Trang 38 SGK",38,print_page_from_hnmu_position,,shared/learning_resources/compiled_documents/sgk_tin_hoc_9.pdf,Lớp 9.xlsx,source_evidence_hnmu_position,needs_hnmu_review,2,"Vị trí lấy từ cột Vị trí trong dữ liệu HNMU; chưa map chắc từ trang in sang image page, nên để trống source_image_path."
POS-TIN9-0696,9,LM-SGK-TIN9-0001,SGK,TIN9-B09A,Bài 9A. Sử dụng công cụ xác thực dữ liệu,"Thực hành, Trang 39 SGK",39,print_page_from_hnmu_position,,shared/learning_resources/compiled_documents/sgk_tin_hoc_9.pdf,Lớp 9.xlsx,source_evidence_hnmu_position,needs_hnmu_review,1,"Vị trí lấy từ cột Vị trí trong dữ liệu HNMU; chưa map chắc từ trang in sang image page, nên để trống source_image_path."
POS-TIN9-0697,9,LM-SGK-TIN9-0001,SGK,TIN9-B09A,Bài 9A. Sử dụng công cụ xác thực dữ liệu,"Vận dụng, Trang 40 SGK",40,print_page_from_hnmu_position,,shared/learning_resources/compiled_documents/sgk_tin_hoc_9.pdf,Lớp 9.xlsx,source_evidence_hnmu_position,needs_hnmu_review,1,"Vị trí lấy từ cột Vị trí trong dữ liệu HNMU; chưa map chắc từ trang in sang image page, nên để trống source_image_path."
POS-TIN9-0698,9,LM-SGK-TIN9-0001,SGK_or_unspecified,TIN9-B09A,Bài 9A. Sử dụng công cụ xác thực dữ liệu,Lưu ý,,hnmu_position_no_print_page,,shared/learning_resources/compiled_documents/sgk_tin_hoc_9.pdf,Lớp 9.xlsx,source_evidence_hnmu_position,needs_hnmu_review,1,"Vị trí lấy từ cột Vị trí trong dữ liệu HNMU; chưa map chắc từ trang in sang image page, nên để trống source_image_path."
POS-TIN9-0699,9,LM-SGK-TIN9-0001,SGK,TIN9-B12A,Bài 12A. Sử dụng hàm IF,"Hoạt động 1, Trang 48 SGK",48,print_page_from_hnmu_position,,shared/learning_resources/compiled_documents/sgk_tin_hoc_9.pdf,Lớp 9.xlsx,source_evidence_hnmu_position,needs_hnmu_review,1,"Vị trí lấy từ cột Vị trí trong dữ liệu HNMU; chưa map chắc từ trang in sang image page, nên để trống source_image_path."
POS-TIN9-0700,9,LM-SGK-TIN9-0001,SGK,TIN9-B12A,Bài 12A. Sử dụng hàm IF,"Luyện tập 1c (nâng cao), Trang 51 SGK",51,print_page_from_hnmu_position,,shared/learning_resources/compiled_documents/sgk_tin_hoc_9.pdf,Lớp 9.xlsx,source_evidence_hnmu_position,needs_hnmu_review,1,"Vị trí lấy từ cột Vị trí trong dữ liệu HNMU; chưa map chắc từ trang in sang image page, nên để trống source_image_path."
POS-TIN9-0701,9,LM-SGK-TIN9-0001,SGK,TIN9-B12A,Bài 12A. Sử dụng hàm IF,"Luyện tập 1c, Trang 51 SGK",51,print_page_from_hnmu_position,,shared/learning_resources/compiled_documents/sgk_tin_hoc_9.pdf,Lớp 9.xlsx,source_evidence_hnmu_position,needs_hnmu_review,1,"Vị trí lấy từ cột Vị trí trong dữ liệu HNMU; chưa map chắc từ trang in sang image page, nên để trống source_image_path."
POS-TIN9-0702,9,LM-SGK-TIN9-0001,SGK,TIN9-B12A,Bài 12A. Sử dụng hàm IF,"Mục 1, Trang 49 SGK",49,print_page_from_hnmu_position,,shared/learning_resources/compiled_documents/sgk_tin_hoc_9.pdf,Lớp 9.xlsx,source_evidence_hnmu_position,needs_hnmu_review,8,"Vị trí lấy từ cột Vị trí trong dữ liệu HNMU; chưa map chắc từ trang in sang image page, nên để trống source_image_path."
POS-TIN9-0703,9,LM-SGK-TIN9-0001,SGK,TIN9-B12A,Bài 12A. Sử dụng hàm IF,"Mục 2, Trang 51 SGK",51,print_page_from_hnmu_position,,shared/learning_resources/compiled_documents/sgk_tin_hoc_9.pdf,Lớp 9.xlsx,source_evidence_hnmu_position,needs_hnmu_review,1,"Vị trí lấy từ cột Vị trí trong dữ liệu HNMU; chưa map chắc từ trang in sang image page, nên để trống source_image_path."
POS-TIN9-0704,9,LM-SGK-TIN9-0001,SGK,TIN9-B12A,Bài 12A. Sử dụng hàm IF,"Vận dụng 1, Trang 51 SGK",51,print_page_from_hnmu_position,,shared/learning_resources/compiled_documents/sgk_tin_hoc_9.pdf,Lớp 9.xlsx,source_evidence_hnmu_position,needs_hnmu_review,1,"Vị trí lấy từ cột Vị trí trong dữ liệu HNMU; chưa map chắc từ trang in sang image page, nên để trống source_image_path."
POS-TIN9-0705,9,LM-SGK-TIN9-0001,SGK,TIN9-B12A,Bài 12A. Sử dụng hàm IF,"Vận dụng, Trang 50 SGK",50,print_page_from_hnmu_position,,shared/learning_resources/compiled_documents/sgk_tin_hoc_9.pdf,Lớp 9.xlsx,source_evidence_hnmu_position,needs_hnmu_review,1,"Vị trí lấy từ cột Vị trí trong dữ liệu HNMU; chưa map chắc từ trang in sang image page, nên để trống source_image_path."
POS-TIN9-0706,9,LM-SGK-TIN9-0001,SGK,TIN9-B13A,Bài 13A. Hoàn thiện bảng tính quản lí tài chính gia đình,"Câu hỏi 1, Trang 53 SGK",53,print_page_from_hnmu_position,,shared/learning_resources/compiled_documents/sgk_tin_hoc_9.pdf,Lớp 9.xlsx,source_evidence_hnmu_position,needs_hnmu_review,2,"Vị trí lấy từ cột Vị trí trong dữ liệu HNMU; chưa map chắc từ trang in sang image page, nên để trống source_image_path."
POS-TIN9-0707,9,LM-SGK-TIN9-0001,SGK,TIN9-B13A,Bài 13A. Hoàn thiện bảng tính quản lí tài chính gia đình,"Hoạt động 1, Trang 52 SGK",52,print_page_from_hnmu_position,,shared/learning_resources/compiled_documents/sgk_tin_hoc_9.pdf,Lớp 9.xlsx,source_evidence_hnmu_position,needs_hnmu_review,1,"Vị trí lấy từ cột Vị trí trong dữ liệu HNMU; chưa map chắc từ trang in sang image page, nên để trống source_image_path."
POS-TIN9-0708,9,LM-SGK-TIN9-0001,SGK,TIN9-B13A,Bài 13A. Hoàn thiện bảng tính quản lí tài chính gia đình,"Hình 12a.1, Trang 48 SGK",48,print_page_from_hnmu_position,,shared/learning_resources/compiled_documents/sgk_tin_hoc_9.pdf,Lớp 9.xlsx,source_evidence_hnmu_position,needs_hnmu_review,1,"Vị trí lấy từ cột Vị trí trong dữ liệu HNMU; chưa map chắc từ trang in sang image page, nên để trống source_image_path."
POS-TIN9-0709,9,LM-SGK-TIN9-0001,SGK,TIN9-B13A,Bài 13A. Hoàn thiện bảng tính quản lí tài chính gia đình,"Mục 1, Trang 52 SGK",52,print_page_from_hnmu_position,,shared/learning_resources/compiled_documents/sgk_tin_hoc_9.pdf,Lớp 9.xlsx,source_evidence_hnmu_position,needs_hnmu_review,2,"Vị trí lấy từ cột Vị trí trong dữ liệu HNMU; chưa map chắc từ trang in sang image page, nên để trống source_image_path."
POS-TIN9-0710,9,LM-SGK-TIN9-0001,SGK,TIN9-B13A,Bài 13A. Hoàn thiện bảng tính quản lí tài chính gia đình,"Mục 1, Trang 53 SGK",53,print_page_from_hnmu_position,,shared/learning_resources/compiled_documents/sgk_tin_hoc_9.pdf,Lớp 9.xlsx,source_evidence_hnmu_position,needs_hnmu_review,3,"Vị trí lấy từ cột Vị trí trong dữ liệu HNMU; chưa map chắc từ trang in sang image page, nên để trống source_image_path."
POS-TIN9-0711,9,LM-SGK-TIN9-0001,SGK,TIN9-B13A,Bài 13A. Hoàn thiện bảng tính quản lí tài chính gia đình,"Thwch hành, Trang 53 SGK",53,print_page_from_hnmu_position,,shared/learning_resources/compiled_documents/sgk_tin_hoc_9.pdf,Lớp 9.xlsx,source_evidence_hnmu_position,needs_hnmu_review,1,"Vị trí lấy từ cột Vị trí trong dữ liệu HNMU; chưa map chắc từ trang in sang image page, nên để trống source_image_path."
POS-TIN9-0712,9,LM-SGK-TIN9-0001,SGK,TIN9-B13A,Bài 13A. Hoàn thiện bảng tính quản lí tài chính gia đình,"Thực hành, Trang 53 SGK",53,print_page_from_hnmu_position,,shared/learning_resources/compiled_documents/sgk_tin_hoc_9.pdf,Lớp 9.xlsx,source_evidence_hnmu_position,needs_hnmu_review,1,"Vị trí lấy từ cột Vị trí trong dữ liệu HNMU; chưa map chắc từ trang in sang image page, nên để trống source_image_path."
POS-TIN9-0713,9,LM-SGK-TIN9-0001,SGK,TIN9-B13A,Bài 13A. Hoàn thiện bảng tính quản lí tài chính gia đình,"Vận dụng, Trang 54 SGK",54,print_page_from_hnmu_position,,shared/learning_resources/compiled_documents/sgk_tin_hoc_9.pdf,Lớp 9.xlsx,source_evidence_hnmu_position,needs_hnmu_review,1,"Vị trí lấy từ cột Vị trí trong dữ liệu HNMU; chưa map chắc từ trang in sang image page, nên để trống source_image_path."
POS-TIN9-0714,9,LM-SGK-TIN9-0001,SGK_or_unspecified,TIN9-B13A,Bài 13A. Hoàn thiện bảng tính quản lí tài chính gia đình,Dự án học tập,,hnmu_position_no_print_page,,shared/learning_resources/compiled_documents/sgk_tin_hoc_9.pdf,Lớp 9.xlsx,source_evidence_hnmu_position,needs_hnmu_review,1,"Vị trí lấy từ cột Vị trí trong dữ liệu HNMU; chưa map chắc từ trang in sang image page, nên để trống source_image_path."
POS-TIN9-0715,9,LM-SGK-TIN9-0001,SGK_or_unspecified,TIN9-B13A,Bài 13A. Hoàn thiện bảng tính quản lí tài chính gia đình,Kết nối tri thức,,hnmu_position_no_print_page,,shared/learning_resources/compiled_documents/sgk_tin_hoc_9.pdf,Lớp 9.xlsx,source_evidence_hnmu_position,needs_hnmu_review,1,"Vị trí lấy từ cột Vị trí trong dữ liệu HNMU; chưa map chắc từ trang in sang image page, nên để trống source_image_path."
POS-TIN9-0716,9,LM-SGK-TIN9-0001,SGK_or_unspecified,TIN9-B14,Bài 14. Giải quyết vấn đề,Câu hỏi mở rộng kiến thức,,hnmu_position_no_print_page,,shared/learning_resources/compiled_documents/sgk_tin_hoc_9.pdf,Lớp 9.xlsx,source_evidence_hnmu_position,needs_hnmu_review,1,"Vị trí lấy từ cột Vị trí trong dữ liệu HNMU; chưa map chắc từ trang in sang image page, nên để trống source_image_path."
POS-TIN9-0717,9,LM-SGK-TIN9-0001,SGK_or_unspecified,TIN9-B14,Bài 14. Giải quyết vấn đề,"Hoạt động 1, trang 76",76,print_page_from_hnmu_position,,shared/learning_resources/compiled_documents/sgk_tin_hoc_9.pdf,Lớp 9.xlsx,source_evidence_hnmu_position,needs_hnmu_review,2,"Vị trí lấy từ cột Vị trí trong dữ liệu HNMU; chưa map chắc từ trang in sang image page, nên để trống source_image_path."
POS-TIN9-0718,9,LM-SGK-TIN9-0001,SGK_or_unspecified,TIN9-B14,Bài 14. Giải quyết vấn đề,"Mục 1, câu hỏi sinh thêm",,hnmu_position_no_print_page,,shared/learning_resources/compiled_documents/sgk_tin_hoc_9.pdf,Lớp 9.xlsx,source_evidence_hnmu_position,needs_hnmu_review,1,"Vị trí lấy từ cột Vị trí trong dữ liệu HNMU; chưa map chắc từ trang in sang image page, nên để trống source_image_path."
POS-TIN9-0719,9,LM-SGK-TIN9-0001,SGK_or_unspecified,TIN9-B14,Bài 14. Giải quyết vấn đề,"Mục 1, luyện tập (sinh thêm)",,hnmu_position_no_print_page,,shared/learning_resources/compiled_documents/sgk_tin_hoc_9.pdf,Lớp 9.xlsx,source_evidence_hnmu_position,needs_hnmu_review,1,"Vị trí lấy từ cột Vị trí trong dữ liệu HNMU; chưa map chắc từ trang in sang image page, nên để trống source_image_path."
POS-TIN9-0720,9,LM-SGK-TIN9-0001,SGK_or_unspecified,TIN9-B14,Bài 14. Giải quyết vấn đề,"Mục 1, trang 76",76,print_page_from_hnmu_position,,shared/learning_resources/compiled_documents/sgk_tin_hoc_9.pdf,Lớp 9.xlsx,source_evidence_hnmu_position,needs_hnmu_review,4,"Vị trí lấy từ cột Vị trí trong dữ liệu HNMU; chưa map chắc từ trang in sang image page, nên để trống source_image_path."
POS-TIN9-0721,9,LM-SGK-TIN9-0001,SGK_or_unspecified,TIN9-B14,Bài 14. Giải quyết vấn đề,"Phần Vận dụng, trang 82",82,print_page_from_hnmu_position,,shared/learning_resources/compiled_documents/sgk_tin_hoc_9.pdf,Lớp 9.xlsx,source_evidence_hnmu_position,needs_hnmu_review,2,"Vị trí lấy từ cột Vị trí trong dữ liệu HNMU; chưa map chắc từ trang in sang image page, nên để trống source_image_path."
POS-TIN9-0722,9,LM-SGK-TIN9-0001,SGK_or_unspecified,TIN9-B14,Bài 14. Giải quyết vấn đề,Vận dụng (sinh thêm),,hnmu_position_no_print_page,,shared/learning_resources/compiled_documents/sgk_tin_hoc_9.pdf,Lớp 9.xlsx,source_evidence_hnmu_position,needs_hnmu_review,2,"Vị trí lấy từ cột Vị trí trong dữ liệu HNMU; chưa map chắc từ trang in sang image page, nên để trống source_image_path."
POS-TIN9-0723,9,LM-SGK-TIN9-0001,SGK_or_unspecified,TIN9-B14,Bài 14. Giải quyết vấn đề,"Vận dụng, trang 76 (sinh thêm)",76,print_page_from_hnmu_position,,shared/learning_resources/compiled_documents/sgk_tin_hoc_9.pdf,Lớp 9.xlsx,source_evidence_hnmu_position,needs_hnmu_review,1,"Vị trí lấy từ cột Vị trí trong dữ liệu HNMU; chưa map chắc từ trang in sang image page, nên để trống source_image_path."
POS-TIN9-0724,9,LM-SGK-TIN9-0001,SGK_or_unspecified,TIN9-B15,Bài 15. Bài toán tin học,"Câu hỏi củng cố, trang 80",80,print_page_from_hnmu_position,,shared/learning_resources/compiled_documents/sgk_tin_hoc_9.pdf,Lớp 9.xlsx,source_evidence_hnmu_position,needs_hnmu_review,1,"Vị trí lấy từ cột Vị trí trong dữ liệu HNMU; chưa map chắc từ trang in sang image page, nên để trống source_image_path."
POS-TIN9-0725,9,LM-SGK-TIN9-0001,SGK_or_unspecified,TIN9-B15,Bài 15. Bài toán tin học,"Câu hỏi, trang 80",80,print_page_from_hnmu_position,,shared/learning_resources/compiled_documents/sgk_tin_hoc_9.pdf,Lớp 9.xlsx,source_evidence_hnmu_position,needs_hnmu_review,1,"Vị trí lấy từ cột Vị trí trong dữ liệu HNMU; chưa map chắc từ trang in sang image page, nên để trống source_image_path."
POS-TIN9-0726,9,LM-SGK-TIN9-0001,SGK_or_unspecified,TIN9-B15,Bài 15. Bài toán tin học,"Hoạt động 1, trang 79",79,print_page_from_hnmu_position,,shared/learning_resources/compiled_documents/sgk_tin_hoc_9.pdf,Lớp 9.xlsx,source_evidence_hnmu_position,needs_hnmu_review,1,"Vị trí lấy từ cột Vị trí trong dữ liệu HNMU; chưa map chắc từ trang in sang image page, nên để trống source_image_path."
POS-TIN9-0727,9,LM-SGK-TIN9-0001,SGK_or_unspecified,TIN9-B15,Bài 15. Bài toán tin học,"Hoạt động 3, trang 81 - 82",81,print_page_from_hnmu_position,,shared/learning_resources/compiled_documents/sgk_tin_hoc_9.pdf,Lớp 9.xlsx,source_evidence_hnmu_position,needs_hnmu_review,1,"Vị trí lấy từ cột Vị trí trong dữ liệu HNMU; chưa map chắc từ trang in sang image page, nên để trống source_image_path."
POS-TIN9-0728,9,LM-SGK-TIN9-0001,SGK_or_unspecified,TIN9-B15,Bài 15. Bài toán tin học,Luyện tập (sinh thêm),,hnmu_position_no_print_page,,shared/learning_resources/compiled_documents/sgk_tin_hoc_9.pdf,Lớp 9.xlsx,source_evidence_hnmu_position,needs_hnmu_review,1,"Vị trí lấy từ cột Vị trí trong dữ liệu HNMU; chưa map chắc từ trang in sang image page, nên để trống source_image_path."
POS-TIN9-0729,9,LM-SGK-TIN9-0001,SGK_or_unspecified,TIN9-B15,Bài 15. Bài toán tin học,"Mục 1 (Ví dụ 2), trang 80",80,print_page_from_hnmu_position,,shared/learning_resources/compiled_documents/sgk_tin_hoc_9.pdf,Lớp 9.xlsx,source_evidence_hnmu_position,needs_hnmu_review,1,"Vị trí lấy từ cột Vị trí trong dữ liệu HNMU; chưa map chắc từ trang in sang image page, nên để trống source_image_path."
POS-TIN9-0730,9,LM-SGK-TIN9-0001,SGK_or_unspecified,TIN9-B15,Bài 15. Bài toán tin học,"Mục 1 (sinh thêm), trang 80",80,print_page_from_hnmu_position,,shared/learning_resources/compiled_documents/sgk_tin_hoc_9.pdf,Lớp 9.xlsx,source_evidence_hnmu_position,needs_hnmu_review,2,"Vị trí lấy từ cột Vị trí trong dữ liệu HNMU; chưa map chắc từ trang in sang image page, nên để trống source_image_path."
POS-TIN9-0731,9,LM-SGK-TIN9-0001,SGK_or_unspecified,TIN9-B15,Bài 15. Bài toán tin học,"Mục 1, trang 80",80,print_page_from_hnmu_position,,shared/learning_resources/compiled_documents/sgk_tin_hoc_9.pdf,Lớp 9.xlsx,source_evidence_hnmu_position,needs_hnmu_review,1,"Vị trí lấy từ cột Vị trí trong dữ liệu HNMU; chưa map chắc từ trang in sang image page, nên để trống source_image_path."
POS-TIN9-0732,9,LM-SGK-TIN9-0001,SGK_or_unspecified,TIN9-B15,Bài 15. Bài toán tin học,"Mục 2 (sinh thêm), trang 80",80,print_page_from_hnmu_position,,shared/learning_resources/compiled_documents/sgk_tin_hoc_9.pdf,Lớp 9.xlsx,source_evidence_hnmu_position,needs_hnmu_review,1,"Vị trí lấy từ cột Vị trí trong dữ liệu HNMU; chưa map chắc từ trang in sang image page, nên để trống source_image_path."
POS-TIN9-0733,9,LM-SGK-TIN9-0001,SGK_or_unspecified,TIN9-B15,Bài 15. Bài toán tin học,"Mục 2, trang 80",80,print_page_from_hnmu_position,,shared/learning_resources/compiled_documents/sgk_tin_hoc_9.pdf,Lớp 9.xlsx,source_evidence_hnmu_position,needs_hnmu_review,1,"Vị trí lấy từ cột Vị trí trong dữ liệu HNMU; chưa map chắc từ trang in sang image page, nên để trống source_image_path."
POS-TIN9-0734,9,LM-SGK-TIN9-0001,SGK_or_unspecified,TIN9-B15,Bài 15. Bài toán tin học,"Mục 2, trang 80, 81",80,print_page_from_hnmu_position,,shared/learning_resources/compiled_documents/sgk_tin_hoc_9.pdf,Lớp 9.xlsx,source_evidence_hnmu_position,needs_hnmu_review,1,"Vị trí lấy từ cột Vị trí trong dữ liệu HNMU; chưa map chắc từ trang in sang image page, nên để trống source_image_path."
POS-TIN9-0735,9,LM-SGK-TIN9-0001,SGK_or_unspecified,TIN9-B15,Bài 15. Bài toán tin học,"Mục 2, trang 81",81,print_page_from_hnmu_position,,shared/learning_resources/compiled_documents/sgk_tin_hoc_9.pdf,Lớp 9.xlsx,source_evidence_hnmu_position,needs_hnmu_review,1,"Vị trí lấy từ cột Vị trí trong dữ liệu HNMU; chưa map chắc từ trang in sang image page, nên để trống source_image_path."
POS-TIN9-0736,9,LM-SGK-TIN9-0001,SGK_or_unspecified,TIN9-B15,Bài 15. Bài toán tin học,"Vận dụng 1, trang 82",82,print_page_from_hnmu_position,,shared/learning_resources/compiled_documents/sgk_tin_hoc_9.pdf,Lớp 9.xlsx,source_evidence_hnmu_position,needs_hnmu_review,1,"Vị trí lấy từ cột Vị trí trong dữ liệu HNMU; chưa map chắc từ trang in sang image page, nên để trống source_image_path."
POS-TIN9-0737,9,LM-SGK-TIN9-0001,SGK_or_unspecified,TIN9-B16,Bài 16. Thực hành: Lập chương trình máy tính,"Bảng 16.1 (Gỡ lỗi), trang 84",84,print_page_from_hnmu_position,,shared/learning_resources/compiled_documents/sgk_tin_hoc_9.pdf,Lớp 9.xlsx,source_evidence_hnmu_position,needs_hnmu_review,2,"Vị trí lấy từ cột Vị trí trong dữ liệu HNMU; chưa map chắc từ trang in sang image page, nên để trống source_image_path."
POS-TIN9-0738,9,LM-SGK-TIN9-0001,SGK_or_unspecified,TIN9-B16,Bài 16. Thực hành: Lập chương trình máy tính,"Gỡ lỗi (Vận dụng mở rộng), trang 84",84,print_page_from_hnmu_position,,shared/learning_resources/compiled_documents/sgk_tin_hoc_9.pdf,Lớp 9.xlsx,source_evidence_hnmu_position,needs_hnmu_review,1,"Vị trí lấy từ cột Vị trí trong dữ liệu HNMU; chưa map chắc từ trang in sang image page, nên để trống source_image_path."
POS-TIN9-0739,9,LM-SGK-TIN9-0001,SGK_or_unspecified,TIN9-B16,Bài 16. Thực hành: Lập chương trình máy tính,"Hướng dẫn Nhiệm vụ 1, trang 83",83,print_page_from_hnmu_position,,shared/learning_resources/compiled_documents/sgk_tin_hoc_9.pdf,Lớp 9.xlsx,source_evidence_hnmu_position,needs_hnmu_review,1,"Vị trí lấy từ cột Vị trí trong dữ liệu HNMU; chưa map chắc từ trang in sang image page, nên để trống source_image_path."
POS-TIN9-0740,9,LM-SGK-TIN9-0001,SGK_or_unspecified,TIN9-B16,Bài 16. Thực hành: Lập chương trình máy tính,"Mục 1.b Gỡ lỗi, trang 84",84,print_page_from_hnmu_position,,shared/learning_resources/compiled_documents/sgk_tin_hoc_9.pdf,Lớp 9.xlsx,source_evidence_hnmu_position,needs_hnmu_review,1,"Vị trí lấy từ cột Vị trí trong dữ liệu HNMU; chưa map chắc từ trang in sang image page, nên để trống source_image_path."
POS-TIN9-0741,9,LM-SGK-TIN9-0001,SGK_or_unspecified,TIN9-B16,Bài 16. Thực hành: Lập chương trình máy tính,"Mục tiêu bài học, trang 83",83,print_page_from_hnmu_position,,shared/learning_resources/compiled_documents/sgk_tin_hoc_9.pdf,Lớp 9.xlsx,source_evidence_hnmu_position,needs_hnmu_review,2,"Vị trí lấy từ cột Vị trí trong dữ liệu HNMU; chưa map chắc từ trang in sang image page, nên để trống source_image_path."
POS-TIN9-0742,9,LM-SGK-TIN9-0001,SGK_or_unspecified,TIN9-B16,Bài 16. Thực hành: Lập chương trình máy tính,"Nhiệm vụ 1, trang 83",83,print_page_from_hnmu_position,,shared/learning_resources/compiled_documents/sgk_tin_hoc_9.pdf,Lớp 9.xlsx,source_evidence_hnmu_position,needs_hnmu_review,2,"Vị trí lấy từ cột Vị trí trong dữ liệu HNMU; chưa map chắc từ trang in sang image page, nên để trống source_image_path."
POS-TIN9-0743,9,LM-SGK-TIN9-0001,SGK_or_unspecified,TIN9-B16,Bài 16. Thực hành: Lập chương trình máy tính,"Nhiệm vụ 2 (Bảng 16.2), trang 86",86,print_page_from_hnmu_position,,shared/learning_resources/compiled_documents/sgk_tin_hoc_9.pdf,Lớp 9.xlsx,source_evidence_hnmu_position,needs_hnmu_review,1,"Vị trí lấy từ cột Vị trí trong dữ liệu HNMU; chưa map chắc từ trang in sang image page, nên để trống source_image_path."
POS-TIN9-0744,9,LM-SGK-TIN9-0001,SGK_or_unspecified,TIN9-B16,Bài 16. Thực hành: Lập chương trình máy tính,"Nhiệm vụ 2, trang 86",86,print_page_from_hnmu_position,,shared/learning_resources/compiled_documents/sgk_tin_hoc_9.pdf,Lớp 9.xlsx,source_evidence_hnmu_position,needs_hnmu_review,3,"Vị trí lấy từ cột Vị trí trong dữ liệu HNMU; chưa map chắc từ trang in sang image page, nên để trống source_image_path."
POS-TIN9-0745,9,LM-SGK-TIN9-0001,SGK_or_unspecified,TIN9-B16,Bài 16. Thực hành: Lập chương trình máy tính,"Vận dụng, trang 86",86,print_page_from_hnmu_position,,shared/learning_resources/compiled_documents/sgk_tin_hoc_9.pdf,Lớp 9.xlsx,source_evidence_hnmu_position,needs_hnmu_review,1,"Vị trí lấy từ cột Vị trí trong dữ liệu HNMU; chưa map chắc từ trang in sang image page, nên để trống source_image_path."
POS-TIN9-0746,9,LM-SGK-TIN9-0001,SGK_or_unspecified,TIN9-B17,Bài 17. Tin học và thế giới nghề nghiệp,"Luyện tập, trang 90",90,print_page_from_hnmu_position,,shared/learning_resources/compiled_documents/sgk_tin_hoc_9.pdf,Lớp 9.xlsx,source_evidence_hnmu_position,needs_hnmu_review,1,"Vị trí lấy từ cột Vị trí trong dữ liệu HNMU; chưa map chắc từ trang in sang image page, nên để trống source_image_path."
POS-TIN9-0747,9,LM-SGK-TIN9-0001,SGK_or_unspecified,TIN9-B17,Bài 17. Tin học và thế giới nghề nghiệp,"Mục 1, trang 87, 88",87,print_page_from_hnmu_position,,shared/learning_resources/compiled_documents/sgk_tin_hoc_9.pdf,Lớp 9.xlsx,source_evidence_hnmu_position,needs_hnmu_review,2,"Vị trí lấy từ cột Vị trí trong dữ liệu HNMU; chưa map chắc từ trang in sang image page, nên để trống source_image_path."
POS-TIN9-0748,9,LM-SGK-TIN9-0001,SGK_or_unspecified,TIN9-B17,Bài 17. Tin học và thế giới nghề nghiệp,"Mục 1, trang 88",88,print_page_from_hnmu_position,,shared/learning_resources/compiled_documents/sgk_tin_hoc_9.pdf,Lớp 9.xlsx,source_evidence_hnmu_position,needs_hnmu_review,1,"Vị trí lấy từ cột Vị trí trong dữ liệu HNMU; chưa map chắc từ trang in sang image page, nên để trống source_image_path."
POS-TIN9-0749,9,LM-SGK-TIN9-0001,SGK_or_unspecified,TIN9-B17,Bài 17. Tin học và thế giới nghề nghiệp,"Mục 2, trang 88",88,print_page_from_hnmu_position,,shared/learning_resources/compiled_documents/sgk_tin_hoc_9.pdf,Lớp 9.xlsx,source_evidence_hnmu_position,needs_hnmu_review,2,"Vị trí lấy từ cột Vị trí trong dữ liệu HNMU; chưa map chắc từ trang in sang image page, nên để trống source_image_path."
POS-TIN9-0750,9,LM-SGK-TIN9-0001,SGK_or_unspecified,TIN9-B17,Bài 17. Tin học và thế giới nghề nghiệp,"Mục 2, trang 88, 89",88,print_page_from_hnmu_position,,shared/learning_resources/compiled_documents/sgk_tin_hoc_9.pdf,Lớp 9.xlsx,source_evidence_hnmu_position,needs_hnmu_review,1,"Vị trí lấy từ cột Vị trí trong dữ liệu HNMU; chưa map chắc từ trang in sang image page, nên để trống source_image_path."
POS-TIN9-0751,9,LM-SGK-TIN9-0001,SGK_or_unspecified,TIN9-B17,Bài 17. Tin học và thế giới nghề nghiệp,"Mục 3, trang 89",89,print_page_from_hnmu_position,,shared/learning_resources/compiled_documents/sgk_tin_hoc_9.pdf,Lớp 9.xlsx,source_evidence_hnmu_position,needs_hnmu_review,3,"Vị trí lấy từ cột Vị trí trong dữ liệu HNMU; chưa map chắc từ trang in sang image page, nên để trống source_image_path."
POS-TIN9-0752,9,LM-SGK-TIN9-0001,SGK_or_unspecified,TIN9-B17,Bài 17. Tin học và thế giới nghề nghiệp,"Mục 3, trang 89, 90",89,print_page_from_hnmu_position,,shared/learning_resources/compiled_documents/sgk_tin_hoc_9.pdf,Lớp 9.xlsx,source_evidence_hnmu_position,needs_hnmu_review,1,"Vị trí lấy từ cột Vị trí trong dữ liệu HNMU; chưa map chắc từ trang in sang image page, nên để trống source_image_path."
POS-TIN9-0753,9,LM-SGK-TIN9-0001,SGK_or_unspecified,TIN9-B17,Bài 17. Tin học và thế giới nghề nghiệp,Vận dụng (sinh thêm),,hnmu_position_no_print_page,,shared/learning_resources/compiled_documents/sgk_tin_hoc_9.pdf,Lớp 9.xlsx,source_evidence_hnmu_position,needs_hnmu_review,1,"Vị trí lấy từ cột Vị trí trong dữ liệu HNMU; chưa map chắc từ trang in sang image page, nên để trống source_image_path."
POS-TIN9-0754,9,LM-SGK-TIN9-0001,SGK_or_unspecified,TIN9-B17,Bài 17. Tin học và thế giới nghề nghiệp,"Vận dụng, trang 90",90,print_page_from_hnmu_position,,shared/learning_resources/compiled_documents/sgk_tin_hoc_9.pdf,Lớp 9.xlsx,source_evidence_hnmu_position,needs_hnmu_review,1,"Vị trí lấy từ cột Vị trí trong dữ liệu HNMU; chưa map chắc từ trang in sang image page, nên để trống source_image_path."
POS-TIN9-0755,9,LM-SGK-TIN9-0001,SGK_or_unspecified,TIN9-B17,Bài 17. Tin học và thế giới nghề nghiệp,"Vận dụng, trang 90 (sinh thêm)",90,print_page_from_hnmu_position,,shared/learning_resources/compiled_documents/sgk_tin_hoc_9.pdf,Lớp 9.xlsx,source_evidence_hnmu_position,needs_hnmu_review,1,"Vị trí lấy từ cột Vị trí trong dữ liệu HNMU; chưa map chắc từ trang in sang image page, nên để trống source_image_path."
