benchmark_candidate_id,sample_id,grade,lesson,position,cognitive_band,history_present,history_turn_count,history_depth_bin,target_tutor_turn_index,target_position_bin,content_form_signal,student_state_signal,feature_method
BC-HNMU-G6-R0030-STT1-AI02,HNMU-G6-R0030-STT1,6,Bài 3. Thông tin trong máy tinh,"Mục 1, Trang 14 SGK",Biết,false,0,0,2,first_tutor_turn,data_information,initial_request,deterministic_regex_v1
BC-HNMU-G6-R0030-STT1-AI04,HNMU-G6-R0030-STT1,6,Bài 3. Thông tin trong máy tinh,"Mục 1, Trang 14 SGK",Biết,true,2,2,4,early_followup,data_information,student_reply_present;attempt_or_answer,deterministic_regex_v1
BC-HNMU-G6-R0030-STT1-AI06,HNMU-G6-R0030-STT1,6,Bài 3. Thông tin trong máy tinh,"Mục 1, Trang 14 SGK",Biết,true,4,4-6,6,early_followup,data_information,student_reply_present;student_question,deterministic_regex_v1
BC-HNMU-G6-R0033-STT4-AI02,HNMU-G6-R0033-STT4,6,Bài 3. Thông tin trong máy tinh,"Mục 1, Trang 14 SGK",Biết,false,0,0,2,first_tutor_turn,multimedia_presentation,initial_request,deterministic_regex_v1
BC-HNMU-G6-R0033-STT4-AI04,HNMU-G6-R0033-STT4,6,Bài 3. Thông tin trong máy tinh,"Mục 1, Trang 14 SGK",Biết,true,2,2,4,early_followup,multimedia_presentation,student_reply_present;attempt_or_answer,deterministic_regex_v1
BC-HNMU-G6-R0034-STT5-AI02,HNMU-G6-R0034-STT5,6,Bài 3. Thông tin trong máy tinh,"Mục 1, trang 12 SGK",Hiểu,false,0,0,2,first_tutor_turn,data_information,initial_request,deterministic_regex_v1
BC-HNMU-G6-R0034-STT5-AI04,HNMU-G6-R0034-STT5,6,Bài 3. Thông tin trong máy tinh,"Mục 1, trang 12 SGK",Hiểu,true,2,2,4,early_followup,data_information,student_reply_present;attempt_or_answer,deterministic_regex_v1
BC-HNMU-G6-R0038-STT9-AI02,HNMU-G6-R0038-STT9,6,Bài 3. Thông tin trong máy tinh,Hoạt đông 1. Trang 12 SGK,Hiểu,false,0,0,2,first_tutor_turn,data_information,initial_request,deterministic_regex_v1
BC-HNMU-G6-R0038-STT9-AI04,HNMU-G6-R0038-STT9,6,Bài 3. Thông tin trong máy tinh,Hoạt đông 1. Trang 12 SGK,Hiểu,true,2,2,4,early_followup,data_information,student_reply_present;attempt_or_answer,deterministic_regex_v1
BC-HNMU-G6-R0041-STT12-AI02,HNMU-G6-R0041-STT12,6,Bài 3. Thông tin trong máy tinh,"Vận dụng 2, Trang 15 SGK",Vận dụng,false,0,0,2,first_tutor_turn,data_information,initial_request,deterministic_regex_v1
BC-HNMU-G6-R0041-STT12-AI04,HNMU-G6-R0041-STT12,6,Bài 3. Thông tin trong máy tinh,"Vận dụng 2, Trang 15 SGK",Vận dụng,true,2,2,4,early_followup,data_information,student_reply_present;attempt_or_answer,deterministic_regex_v1
BC-HNMU-G6-R0041-STT12-AI06,HNMU-G6-R0041-STT12,6,Bài 3. Thông tin trong máy tinh,"Vận dụng 2, Trang 15 SGK",Vận dụng,true,4,4-6,6,early_followup,data_information,student_reply_present;attempt_or_answer,deterministic_regex_v1
BC-HNMU-G6-R0042-STT13-AI02,HNMU-G6-R0042-STT13,6,Bài 3. Thông tin trong máy tinh,"Vận dụng 1, Trang 15 SGK",Vận dụng,false,0,0,2,first_tutor_turn,data_information,initial_request,deterministic_regex_v1
BC-HNMU-G6-R0042-STT13-AI04,HNMU-G6-R0042-STT13,6,Bài 3. Thông tin trong máy tinh,"Vận dụng 1, Trang 15 SGK",Vận dụng,true,2,2,4,early_followup,data_information,student_reply_present;short_confirmation,deterministic_regex_v1
BC-HNMU-G6-R0042-STT13-AI06,HNMU-G6-R0042-STT13,6,Bài 3. Thông tin trong máy tinh,"Vận dụng 1, Trang 15 SGK",Vận dụng,true,4,4-6,6,early_followup,data_information,student_reply_present;short_confirmation,deterministic_regex_v1
BC-HNMU-G6-R0044-STT1-AI02,HNMU-G6-R0044-STT1,6,Bài 4. Mạng máy tính,Mục 1. Trang 17 SGK,Biết,false,0,0,2,first_tutor_turn,hardware_network,initial_request,deterministic_regex_v1
BC-HNMU-G6-R0044-STT1-AI04,HNMU-G6-R0044-STT1,6,Bài 4. Mạng máy tính,Mục 1. Trang 17 SGK,Biết,true,2,2,4,early_followup,hardware_network,student_reply_present;short_confirmation,deterministic_regex_v1
BC-HNMU-G6-R0044-STT1-AI06,HNMU-G6-R0044-STT1,6,Bài 4. Mạng máy tính,Mục 1. Trang 17 SGK,Biết,true,4,4-6,6,early_followup,hardware_network,student_reply_present;attempt_or_answer,deterministic_regex_v1
BC-HNMU-G6-R0046-STT3-AI02,HNMU-G6-R0046-STT3,6,Bài 4. Mạng máy tính,"Mục 2, Trang 18 SGK",Biết,false,0,0,2,first_tutor_turn,hardware_network,initial_request,deterministic_regex_v1
BC-HNMU-G6-R0046-STT3-AI04,HNMU-G6-R0046-STT3,6,Bài 4. Mạng máy tính,"Mục 2, Trang 18 SGK",Biết,true,2,2,4,early_followup,hardware_network,student_reply_present;attempt_or_answer,deterministic_regex_v1
BC-HNMU-G6-R0047-STT4-AI02,HNMU-G6-R0047-STT4,6,Bài 4. Mạng máy tính,"Mục 2, Trang 18 SGK",Biết,false,0,0,2,first_tutor_turn,hardware_network,initial_request,deterministic_regex_v1
BC-HNMU-G6-R0047-STT4-AI04,HNMU-G6-R0047-STT4,6,Bài 4. Mạng máy tính,"Mục 2, Trang 18 SGK",Biết,true,2,2,4,early_followup,hardware_network,student_reply_present;attempt_or_answer,deterministic_regex_v1
BC-HNMU-G6-R0048-STT5-AI02,HNMU-G6-R0048-STT5,6,Bài 4. Mạng máy tính,"Mục 1, Trang 17 SGK",Hiểu,false,0,0,2,first_tutor_turn,hardware_network,initial_request,deterministic_regex_v1
BC-HNMU-G6-R0048-STT5-AI04,HNMU-G6-R0048-STT5,6,Bài 4. Mạng máy tính,"Mục 1, Trang 17 SGK",Hiểu,true,2,2,4,early_followup,hardware_network,student_reply_present;attempt_or_answer,deterministic_regex_v1
BC-HNMU-G6-R0049-STT6-AI02,HNMU-G6-R0049-STT6,6,Bài 4. Mạng máy tính,"Mục 2, Trang 19 SGK",Hiểu,false,0,0,2,first_tutor_turn,hardware_network,initial_request,deterministic_regex_v1
BC-HNMU-G6-R0049-STT6-AI04,HNMU-G6-R0049-STT6,6,Bài 4. Mạng máy tính,"Mục 2, Trang 19 SGK",Hiểu,true,2,2,4,early_followup,hardware_network,student_reply_present;short_confirmation,deterministic_regex_v1
BC-HNMU-G6-R0050-STT7-AI02,HNMU-G6-R0050-STT7,6,Bài 4. Mạng máy tính,"Hoạt động 1, Trang 16 SGK",Hiểu,false,0,0,2,first_tutor_turn,hardware_network,initial_request,deterministic_regex_v1
BC-HNMU-G6-R0050-STT7-AI04,HNMU-G6-R0050-STT7,6,Bài 4. Mạng máy tính,"Hoạt động 1, Trang 16 SGK",Hiểu,true,2,2,4,early_followup,hardware_network,student_reply_present;attempt_or_answer,deterministic_regex_v1
BC-HNMU-G6-R0051-STT8-AI02,HNMU-G6-R0051-STT8,6,Bài 4. Mạng máy tính,"Mục 2.b, Trang 18 SGK",Hiểu,false,0,0,2,first_tutor_turn,hardware_network,initial_request,deterministic_regex_v1
BC-HNMU-G6-R0051-STT8-AI04,HNMU-G6-R0051-STT8,6,Bài 4. Mạng máy tính,"Mục 2.b, Trang 18 SGK",Hiểu,true,2,2,4,early_followup,hardware_network,student_reply_present;attempt_or_answer,deterministic_regex_v1
BC-HNMU-G6-R0052-STT9-AI02,HNMU-G6-R0052-STT9,6,Bài 4. Mạng máy tính,"Mục 2.c, Trang 18 SGK",Hiểu,false,0,0,2,first_tutor_turn,hardware_network,initial_request,deterministic_regex_v1
BC-HNMU-G6-R0052-STT9-AI04,HNMU-G6-R0052-STT9,6,Bài 4. Mạng máy tính,"Mục 2.c, Trang 18 SGK",Hiểu,true,2,2,4,early_followup,hardware_network,student_reply_present;attempt_or_answer,deterministic_regex_v1
BC-HNMU-G6-R0053-STT10-AI02,HNMU-G6-R0053-STT10,6,Bài 4. Mạng máy tính,"Mục 2, Trang 19 SGK",Hiểu,false,0,0,2,first_tutor_turn,code_programming,initial_request,deterministic_regex_v1
BC-HNMU-G6-R0053-STT10-AI04,HNMU-G6-R0053-STT10,6,Bài 4. Mạng máy tính,"Mục 2, Trang 19 SGK",Hiểu,true,2,2,4,early_followup,code_programming,student_reply_present;attempt_or_answer,deterministic_regex_v1
BC-HNMU-G6-R0053-STT10-AI06,HNMU-G6-R0053-STT10,6,Bài 4. Mạng máy tính,"Mục 2, Trang 19 SGK",Hiểu,true,4,4-6,6,early_followup,code_programming,student_reply_present;attempt_or_answer,deterministic_regex_v1
BC-HNMU-G6-R0054-STT11-AI02,HNMU-G6-R0054-STT11,6,Bài 4. Mạng máy tính,"Mục 2, Trang 18 SGK",Vận dụng,false,0,0,2,first_tutor_turn,hardware_network,initial_request,deterministic_regex_v1
BC-HNMU-G6-R0054-STT11-AI04,HNMU-G6-R0054-STT11,6,Bài 4. Mạng máy tính,"Mục 2, Trang 18 SGK",Vận dụng,true,2,2,4,early_followup,hardware_network,student_reply_present;attempt_or_answer,deterministic_regex_v1
BC-HNMU-G6-R0054-STT11-AI06,HNMU-G6-R0054-STT11,6,Bài 4. Mạng máy tính,"Mục 2, Trang 18 SGK",Vận dụng,true,4,4-6,6,early_followup,hardware_network,student_reply_present;student_question,deterministic_regex_v1
BC-HNMU-G6-R0055-STT12-AI02,HNMU-G6-R0055-STT12,6,Bài 4. Mạng máy tính,"Vận dụng 2, Trang 19 SGK",Vận dụng,false,0,0,2,first_tutor_turn,hardware_network,initial_request,deterministic_regex_v1
BC-HNMU-G6-R0055-STT12-AI04,HNMU-G6-R0055-STT12,6,Bài 4. Mạng máy tính,"Vận dụng 2, Trang 19 SGK",Vận dụng,true,2,2,4,early_followup,hardware_network,student_reply_present;short_confirmation,deterministic_regex_v1
BC-HNMU-G6-R0055-STT12-AI06,HNMU-G6-R0055-STT12,6,Bài 4. Mạng máy tính,"Vận dụng 2, Trang 19 SGK",Vận dụng,true,4,4-6,6,early_followup,hardware_network,student_reply_present;attempt_or_answer,deterministic_regex_v1
BC-HNMU-G6-R0056-STT13-AI02,HNMU-G6-R0056-STT13,6,Bài 4. Mạng máy tính,"Mục 2, Trang 18 SGK",Vận dụng,false,0,0,2,first_tutor_turn,hardware_network,initial_request,deterministic_regex_v1
BC-HNMU-G6-R0056-STT13-AI04,HNMU-G6-R0056-STT13,6,Bài 4. Mạng máy tính,"Mục 2, Trang 18 SGK",Vận dụng,true,2,2,4,early_followup,hardware_network,student_reply_present;attempt_or_answer,deterministic_regex_v1
BC-HNMU-G6-R0057-STT14-AI02,HNMU-G6-R0057-STT14,6,Bài 4. Mạng máy tính,Vận dụng thực tế,Vận dụng,false,0,0,2,first_tutor_turn,hardware_network,initial_request,deterministic_regex_v1
BC-HNMU-G6-R0057-STT14-AI04,HNMU-G6-R0057-STT14,6,Bài 4. Mạng máy tính,Vận dụng thực tế,Vận dụng,true,2,2,4,early_followup,hardware_network,student_reply_present;attempt_or_answer,deterministic_regex_v1
BC-HNMU-G6-R0057-STT14-AI06,HNMU-G6-R0057-STT14,6,Bài 4. Mạng máy tính,Vận dụng thực tế,Vận dụng,true,4,4-6,6,early_followup,hardware_network,student_reply_present;attempt_or_answer,deterministic_regex_v1
BC-HNMU-G6-R0073-STT2-AI02,HNMU-G6-R0073-STT2,6,Bài 6: Mạng thông tin toàn cầu,Mục 1. Kiến thức mới (Tr. 27),Biết,false,0,0,2,first_tutor_turn,data_information,initial_request,deterministic_regex_v1
BC-HNMU-G6-R0073-STT2-AI04,HNMU-G6-R0073-STT2,6,Bài 6: Mạng thông tin toàn cầu,Mục 1. Kiến thức mới (Tr. 27),Biết,true,2,2,4,early_followup,data_information,student_reply_present;attempt_or_answer,deterministic_regex_v1
BC-HNMU-G6-R0076-STT5-AI02,HNMU-G6-R0076-STT5,6,Bài 6: Mạng thông tin toàn cầu,Mục 1. Kiến thức mới (Tr. 27),Hiểu,false,0,0,2,first_tutor_turn,data_information,initial_request,deterministic_regex_v1
BC-HNMU-G6-R0076-STT5-AI04,HNMU-G6-R0076-STT5,6,Bài 6: Mạng thông tin toàn cầu,Mục 1. Kiến thức mới (Tr. 27),Hiểu,true,2,2,4,early_followup,data_information,student_reply_present;attempt_or_answer,deterministic_regex_v1
BC-HNMU-G6-R0076-STT5-AI06,HNMU-G6-R0076-STT5,6,Bài 6: Mạng thông tin toàn cầu,Mục 1. Kiến thức mới (Tr. 27),Hiểu,true,4,4-6,6,early_followup,data_information,student_reply_present;attempt_or_answer,deterministic_regex_v1
BC-HNMU-G6-R0080-STT9-AI02,HNMU-G6-R0080-STT9,6,Bài 6: Mạng thông tin toàn cầu,Luyện tập 1 (Tr. 31),Hiểu,false,0,0,2,first_tutor_turn,hardware_network,initial_request,deterministic_regex_v1
BC-HNMU-G6-R0080-STT9-AI04,HNMU-G6-R0080-STT9,6,Bài 6: Mạng thông tin toàn cầu,Luyện tập 1 (Tr. 31),Hiểu,true,2,2,4,early_followup,hardware_network,student_reply_present;short_confirmation,deterministic_regex_v1
BC-HNMU-G6-R0082-STT11-AI02,HNMU-G6-R0082-STT11,6,Bài 6: Mạng thông tin toàn cầu,Vận dụng 1 (Tr. 31),Vận dụng,false,0,0,2,first_tutor_turn,data_information,initial_request,deterministic_regex_v1
BC-HNMU-G6-R0082-STT11-AI04,HNMU-G6-R0082-STT11,6,Bài 6: Mạng thông tin toàn cầu,Vận dụng 1 (Tr. 31),Vận dụng,true,2,2,4,early_followup,data_information,student_reply_present;attempt_or_answer,deterministic_regex_v1
BC-HNMU-G6-R0082-STT11-AI06,HNMU-G6-R0082-STT11,6,Bài 6: Mạng thông tin toàn cầu,Vận dụng 1 (Tr. 31),Vận dụng,true,4,4-6,6,early_followup,data_information,student_reply_present;attempt_or_answer,deterministic_regex_v1
BC-HNMU-G6-R0083-STT12-AI02,HNMU-G6-R0083-STT12,6,Bài 6: Mạng thông tin toàn cầu,Vận dụng 2 (Tr. 31),Vận dụng,false,0,0,2,first_tutor_turn,hardware_network,initial_request,deterministic_regex_v1
BC-HNMU-G6-R0083-STT12-AI04,HNMU-G6-R0083-STT12,6,Bài 6: Mạng thông tin toàn cầu,Vận dụng 2 (Tr. 31),Vận dụng,true,2,2,4,early_followup,hardware_network,student_reply_present;attempt_or_answer,deterministic_regex_v1
BC-HNMU-G6-R0083-STT12-AI06,HNMU-G6-R0083-STT12,6,Bài 6: Mạng thông tin toàn cầu,Vận dụng 2 (Tr. 31),Vận dụng,true,4,4-6,6,early_followup,hardware_network,student_reply_present;attempt_or_answer,deterministic_regex_v1
BC-HNMU-G6-R0085-STT14-AI02,HNMU-G6-R0085-STT14,6,Bài 6: Mạng thông tin toàn cầu,Vận dụng 3 (SGV Tr. 47),Vận dụng,false,0,0,2,first_tutor_turn,data_information,initial_request,deterministic_regex_v1
BC-HNMU-G6-R0085-STT14-AI04,HNMU-G6-R0085-STT14,6,Bài 6: Mạng thông tin toàn cầu,Vận dụng 3 (SGV Tr. 47),Vận dụng,true,2,2,4,early_followup,data_information,student_reply_present;attempt_or_answer,deterministic_regex_v1
BC-HNMU-G6-R0085-STT14-AI06,HNMU-G6-R0085-STT14,6,Bài 6: Mạng thông tin toàn cầu,Vận dụng 3 (SGV Tr. 47),Vận dụng,true,4,4-6,6,early_followup,data_information,student_reply_present;attempt_or_answer,deterministic_regex_v1
BC-HNMU-G6-R0086-STT1-AI02,HNMU-G6-R0086-STT1,6,Bài 7: Tìm kiếm thông tin trên Internet,Mục 1. Máy tìm kiếm (Tr. 32),Biết,false,0,0,2,first_tutor_turn,hardware_network,initial_request,deterministic_regex_v1
BC-HNMU-G6-R0086-STT1-AI04,HNMU-G6-R0086-STT1,6,Bài 7: Tìm kiếm thông tin trên Internet,Mục 1. Máy tìm kiếm (Tr. 32),Biết,true,2,2,4,early_followup,hardware_network,student_reply_present;attempt_or_answer,deterministic_regex_v1
BC-HNMU-G6-R0086-STT1-AI06,HNMU-G6-R0086-STT1,6,Bài 7: Tìm kiếm thông tin trên Internet,Mục 1. Máy tìm kiếm (Tr. 32),Biết,true,4,4-6,6,early_followup,hardware_network,student_reply_present;attempt_or_answer,deterministic_regex_v1
BC-HNMU-G6-R0087-STT2-AI02,HNMU-G6-R0087-STT2,6,Bài 7: Tìm kiếm thông tin trên Internet,Mục 1. Máy tìm kiếm (Tr. 32),Biết,false,0,0,2,first_tutor_turn,hardware_network,initial_request,deterministic_regex_v1
BC-HNMU-G6-R0087-STT2-AI04,HNMU-G6-R0087-STT2,6,Bài 7: Tìm kiếm thông tin trên Internet,Mục 1. Máy tìm kiếm (Tr. 32),Biết,true,2,2,4,early_followup,hardware_network,student_reply_present;student_question,deterministic_regex_v1
BC-HNMU-G6-R0088-STT3-AI02,HNMU-G6-R0088-STT3,6,Bài 7: Tìm kiếm thông tin trên Internet,Bảng giải thích thuật ngữ (Tr. 83),Biết,false,0,0,2,first_tutor_turn,hardware_network,initial_request,deterministic_regex_v1
BC-HNMU-G6-R0088-STT3-AI04,HNMU-G6-R0088-STT3,6,Bài 7: Tìm kiếm thông tin trên Internet,Bảng giải thích thuật ngữ (Tr. 83),Biết,true,2,2,4,early_followup,hardware_network,student_reply_present;attempt_or_answer,deterministic_regex_v1
BC-HNMU-G6-R0088-STT3-AI06,HNMU-G6-R0088-STT3,6,Bài 7: Tìm kiếm thông tin trên Internet,Bảng giải thích thuật ngữ (Tr. 83),Biết,true,4,4-6,6,early_followup,hardware_network,student_reply_present;attempt_or_answer,deterministic_regex_v1
BC-HNMU-G6-R0089-STT4-AI02,HNMU-G6-R0089-STT4,6,Bài 7: Tìm kiếm thông tin trên Internet,Mục 1. Máy tìm kiếm (Tr. 32),Biết,false,0,0,2,first_tutor_turn,hardware_network,initial_request,deterministic_regex_v1
BC-HNMU-G6-R0089-STT4-AI04,HNMU-G6-R0089-STT4,6,Bài 7: Tìm kiếm thông tin trên Internet,Mục 1. Máy tìm kiếm (Tr. 32),Biết,true,2,2,4,early_followup,hardware_network,student_reply_present;attempt_or_answer,deterministic_regex_v1
BC-HNMU-G6-R0090-STT5-AI02,HNMU-G6-R0090-STT5,6,Bài 7: Tìm kiếm thông tin trên Internet,Hoạt động 1 (Tr. 32),Hiểu,false,0,0,2,first_tutor_turn,hardware_network,initial_request,deterministic_regex_v1
BC-HNMU-G6-R0090-STT5-AI04,HNMU-G6-R0090-STT5,6,Bài 7: Tìm kiếm thông tin trên Internet,Hoạt động 1 (Tr. 32),Hiểu,true,2,2,4,early_followup,hardware_network,student_reply_present;attempt_or_answer,deterministic_regex_v1
BC-HNMU-G6-R0090-STT5-AI06,HNMU-G6-R0090-STT5,6,Bài 7: Tìm kiếm thông tin trên Internet,Hoạt động 1 (Tr. 32),Hiểu,true,4,4-6,6,early_followup,hardware_network,student_reply_present;attempt_or_answer,deterministic_regex_v1
BC-HNMU-G6-R0091-STT6-AI02,HNMU-G6-R0091-STT6,6,Bài 7: Tìm kiếm thông tin trên Internet,Mục 1. Lưu ý (Tr. 32),Hiểu,false,0,0,2,first_tutor_turn,digital_ethics_safety,initial_request,deterministic_regex_v1
BC-HNMU-G6-R0091-STT6-AI04,HNMU-G6-R0091-STT6,6,Bài 7: Tìm kiếm thông tin trên Internet,Mục 1. Lưu ý (Tr. 32),Hiểu,true,2,2,4,early_followup,digital_ethics_safety,student_reply_present;attempt_or_answer,deterministic_regex_v1
BC-HNMU-G6-R0093-STT8-AI02,HNMU-G6-R0093-STT8,6,Bài 7: Tìm kiếm thông tin trên Internet,Mục 2. Các bước tìm kiếm (Tr. 33),Hiểu,false,0,0,2,first_tutor_turn,hardware_network,initial_request,deterministic_regex_v1
BC-HNMU-G6-R0093-STT8-AI04,HNMU-G6-R0093-STT8,6,Bài 7: Tìm kiếm thông tin trên Internet,Mục 2. Các bước tìm kiếm (Tr. 33),Hiểu,true,2,2,4,early_followup,hardware_network,student_reply_present;attempt_or_answer,deterministic_regex_v1
BC-HNMU-G6-R0094-STT9-AI02,HNMU-G6-R0094-STT9,6,Bài 7: Tìm kiếm thông tin trên Internet,Mục 2. Lưu ý (SGV Tr. 47),Hiểu,false,0,0,2,first_tutor_turn,hardware_network,initial_request,deterministic_regex_v1
BC-HNMU-G6-R0094-STT9-AI04,HNMU-G6-R0094-STT9,6,Bài 7: Tìm kiếm thông tin trên Internet,Mục 2. Lưu ý (SGV Tr. 47),Hiểu,true,2,2,4,early_followup,hardware_network,student_reply_present;attempt_or_answer,deterministic_regex_v1
BC-HNMU-G6-R0094-STT9-AI06,HNMU-G6-R0094-STT9,6,Bài 7: Tìm kiếm thông tin trên Internet,Mục 2. Lưu ý (SGV Tr. 47),Hiểu,true,4,4-6,6,early_followup,hardware_network,student_reply_present;attempt_or_answer,deterministic_regex_v1
BC-HNMU-G6-R0095-STT10-AI02,HNMU-G6-R0095-STT10,6,Bài 7: Tìm kiếm thông tin trên Internet,Luyện tập 1 (Tr. 35),Hiểu,false,0,0,2,first_tutor_turn,hardware_network,initial_request,deterministic_regex_v1
BC-HNMU-G6-R0095-STT10-AI04,HNMU-G6-R0095-STT10,6,Bài 7: Tìm kiếm thông tin trên Internet,Luyện tập 1 (Tr. 35),Hiểu,true,2,2,4,early_followup,hardware_network,student_reply_present;attempt_or_answer,deterministic_regex_v1
BC-HNMU-G6-R0096-STT11-AI02,HNMU-G6-R0096-STT11,6,Bài 7: Tìm kiếm thông tin trên Internet,Vận dụng 1 (Tr. 35),Vận dụng,false,0,0,2,first_tutor_turn,hardware_network,initial_request,deterministic_regex_v1
BC-HNMU-G6-R0096-STT11-AI04,HNMU-G6-R0096-STT11,6,Bài 7: Tìm kiếm thông tin trên Internet,Vận dụng 1 (Tr. 35),Vận dụng,true,2,2,4,early_followup,hardware_network,student_reply_present;attempt_or_answer,deterministic_regex_v1
BC-HNMU-G6-R0096-STT11-AI06,HNMU-G6-R0096-STT11,6,Bài 7: Tìm kiếm thông tin trên Internet,Vận dụng 1 (Tr. 35),Vận dụng,true,4,4-6,6,early_followup,hardware_network,student_reply_present;attempt_or_answer,deterministic_regex_v1
BC-HNMU-G6-R0097-STT12-AI02,HNMU-G6-R0097-STT12,6,Bài 7: Tìm kiếm thông tin trên Internet,Vận dụng 2 (Tr. 35),Vận dụng,false,0,0,2,first_tutor_turn,hardware_network,initial_request,deterministic_regex_v1
BC-HNMU-G6-R0097-STT12-AI04,HNMU-G6-R0097-STT12,6,Bài 7: Tìm kiếm thông tin trên Internet,Vận dụng 2 (Tr. 35),Vận dụng,true,2,2,4,early_followup,hardware_network,student_reply_present;attempt_or_answer,deterministic_regex_v1
BC-HNMU-G6-R0097-STT12-AI06,HNMU-G6-R0097-STT12,6,Bài 7: Tìm kiếm thông tin trên Internet,Vận dụng 2 (Tr. 35),Vận dụng,true,4,4-6,6,early_followup,hardware_network,student_reply_present;attempt_or_answer,deterministic_regex_v1
BC-HNMU-G6-R0098-STT13-AI02,HNMU-G6-R0098-STT13,6,Bài 7: Tìm kiếm thông tin trên Internet,Câu hỏi (SGV Tr. 47),Vận dụng,false,0,0,2,first_tutor_turn,hardware_network,initial_request,deterministic_regex_v1
BC-HNMU-G6-R0098-STT13-AI04,HNMU-G6-R0098-STT13,6,Bài 7: Tìm kiếm thông tin trên Internet,Câu hỏi (SGV Tr. 47),Vận dụng,true,2,2,4,early_followup,hardware_network,student_reply_present;attempt_or_answer,deterministic_regex_v1
BC-HNMU-G6-R0099-STT14-AI02,HNMU-G6-R0099-STT14,6,Bài 7: Tìm kiếm thông tin trên Internet,Vận dụng 3 (SGV Tr. 47),Vận dụng,false,0,0,2,first_tutor_turn,hardware_network,initial_request,deterministic_regex_v1
BC-HNMU-G6-R0099-STT14-AI04,HNMU-G6-R0099-STT14,6,Bài 7: Tìm kiếm thông tin trên Internet,Vận dụng 3 (SGV Tr. 47),Vận dụng,true,2,2,4,early_followup,hardware_network,student_reply_present;attempt_or_answer,deterministic_regex_v1
BC-HNMU-G6-R0099-STT14-AI06,HNMU-G6-R0099-STT14,6,Bài 7: Tìm kiếm thông tin trên Internet,Vận dụng 3 (SGV Tr. 47),Vận dụng,true,4,4-6,6,early_followup,hardware_network,student_reply_present;attempt_or_answer,deterministic_regex_v1
BC-HNMU-G6-R0114-STT1-AI02,HNMU-G6-R0114-STT1,6,Bài 9: An toàn thông tin trên Internet,Mục 1. Kiến thức mới (Tr. 42),Biết,false,0,0,2,first_tutor_turn,digital_ethics_safety,initial_request,deterministic_regex_v1
BC-HNMU-G6-R0114-STT1-AI04,HNMU-G6-R0114-STT1,6,Bài 9: An toàn thông tin trên Internet,Mục 1. Kiến thức mới (Tr. 42),Biết,true,2,2,4,early_followup,digital_ethics_safety,student_reply_present;attempt_or_answer,deterministic_regex_v1
BC-HNMU-G6-R0116-STT3-AI02,HNMU-G6-R0116-STT3,6,Bài 9: An toàn thông tin trên Internet,Hộp kiến thức (Tr. 43),Biết,false,0,0,2,first_tutor_turn,digital_ethics_safety,initial_request,deterministic_regex_v1
BC-HNMU-G6-R0116-STT3-AI04,HNMU-G6-R0116-STT3,6,Bài 9: An toàn thông tin trên Internet,Hộp kiến thức (Tr. 43),Biết,true,2,2,4,early_followup,digital_ethics_safety,student_reply_present;short_confirmation,deterministic_regex_v1
BC-HNMU-G6-R0117-STT4-AI02,HNMU-G6-R0117-STT4,6,Bài 9: An toàn thông tin trên Internet,Mục 1. Tình huống (Tr. 42),Hiểu,false,0,0,2,first_tutor_turn,digital_ethics_safety,initial_request,deterministic_regex_v1
BC-HNMU-G6-R0117-STT4-AI04,HNMU-G6-R0117-STT4,6,Bài 9: An toàn thông tin trên Internet,Mục 1. Tình huống (Tr. 42),Hiểu,true,2,2,4,early_followup,digital_ethics_safety,student_reply_present;attempt_or_answer,deterministic_regex_v1
BC-HNMU-G6-R0118-STT5-AI02,HNMU-G6-R0118-STT5,6,Bài 9: An toàn thông tin trên Internet,Hoạt động 1 (Tr. 42),Hiểu,false,0,0,2,first_tutor_turn,digital_ethics_safety,initial_request,deterministic_regex_v1
BC-HNMU-G6-R0118-STT5-AI04,HNMU-G6-R0118-STT5,6,Bài 9: An toàn thông tin trên Internet,Hoạt động 1 (Tr. 42),Hiểu,true,2,2,4,early_followup,digital_ethics_safety,student_reply_present;attempt_or_answer,deterministic_regex_v1
BC-HNMU-G6-R0119-STT6-AI02,HNMU-G6-R0119-STT6,6,Bài 9: An toàn thông tin trên Internet,Mục 2. Mật khẩu (Tr. 43),Hiểu,false,0,0,2,first_tutor_turn,digital_ethics_safety,initial_request,deterministic_regex_v1
BC-HNMU-G6-R0119-STT6-AI04,HNMU-G6-R0119-STT6,6,Bài 9: An toàn thông tin trên Internet,Mục 2. Mật khẩu (Tr. 43),Hiểu,true,2,2,4,early_followup,digital_ethics_safety,student_reply_present;attempt_or_answer,deterministic_regex_v1
BC-HNMU-G6-R0120-STT7-AI02,HNMU-G6-R0120-STT7,6,Bài 9: An toàn thông tin trên Internet,Câu hỏi 1 (Tr. 43),Hiểu,false,0,0,2,first_tutor_turn,digital_ethics_safety,initial_request,deterministic_regex_v1
BC-HNMU-G6-R0120-STT7-AI04,HNMU-G6-R0120-STT7,6,Bài 9: An toàn thông tin trên Internet,Câu hỏi 1 (Tr. 43),Hiểu,true,2,2,4,early_followup,digital_ethics_safety,student_reply_present;attempt_or_answer,deterministic_regex_v1
BC-HNMU-G6-R0124-STT11-AI02,HNMU-G6-R0124-STT11,6,Bài 9: An toàn thông tin trên Internet,Vận dụng 1 (Tr. 46),Vận dụng,false,0,0,2,first_tutor_turn,digital_ethics_safety,initial_request,deterministic_regex_v1
BC-HNMU-G6-R0124-STT11-AI04,HNMU-G6-R0124-STT11,6,Bài 9: An toàn thông tin trên Internet,Vận dụng 1 (Tr. 46),Vận dụng,true,2,2,4,early_followup,digital_ethics_safety,student_reply_present;student_question,deterministic_regex_v1
BC-HNMU-G6-R0130-STT3-AI02,HNMU-G6-R0130-STT3,6,Bài 10: Sơ đồ tư duy,Hoạt động 2 (Tr. 49),Biết,false,0,0,2,first_tutor_turn,multimedia_presentation,initial_request,deterministic_regex_v1
BC-HNMU-G6-R0130-STT3-AI04,HNMU-G6-R0130-STT3,6,Bài 10: Sơ đồ tư duy,Hoạt động 2 (Tr. 49),Biết,true,2,2,4,early_followup,multimedia_presentation,student_reply_present;attempt_or_answer,deterministic_regex_v1
BC-HNMU-G6-R0130-STT3-AI06,HNMU-G6-R0130-STT3,6,Bài 10: Sơ đồ tư duy,Hoạt động 2 (Tr. 49),Biết,true,4,4-6,6,early_followup,multimedia_presentation,student_reply_present;attempt_or_answer,deterministic_regex_v1
BC-HNMU-G6-R0137-STT10-AI02,HNMU-G6-R0137-STT10,6,Bài 10: Sơ đồ tư duy,Mục 3 (Tr. 50),Hiểu,false,0,0,2,first_tutor_turn,digital_document_tool,initial_request,deterministic_regex_v1
BC-HNMU-G6-R0137-STT10-AI04,HNMU-G6-R0137-STT10,6,Bài 10: Sơ đồ tư duy,Mục 3 (Tr. 50),Hiểu,true,2,2,4,early_followup,digital_document_tool,student_reply_present;attempt_or_answer,deterministic_regex_v1
BC-HNMU-G6-R0139-STT12-AI02,HNMU-G6-R0139-STT12,6,Bài 10: Sơ đồ tư duy,Hoạt động 1 (Tr. 48),Vận dụng,false,0,0,2,first_tutor_turn,concept_or_other,initial_request,deterministic_regex_v1
BC-HNMU-G6-R0139-STT12-AI04,HNMU-G6-R0139-STT12,6,Bài 10: Sơ đồ tư duy,Hoạt động 1 (Tr. 48),Vận dụng,true,2,2,4,early_followup,concept_or_other,student_reply_present;attempt_or_answer,deterministic_regex_v1
BC-HNMU-G6-R0140-STT13-AI02,HNMU-G6-R0140-STT13,6,Bài 10: Sơ đồ tư duy,Thực hành (Tr. 50),Vận dụng,false,0,0,2,first_tutor_turn,digital_document_tool,initial_request,deterministic_regex_v1
BC-HNMU-G6-R0140-STT13-AI04,HNMU-G6-R0140-STT13,6,Bài 10: Sơ đồ tư duy,Thực hành (Tr. 50),Vận dụng,true,2,2,4,early_followup,digital_document_tool,student_reply_present;attempt_or_answer,deterministic_regex_v1
BC-HNMU-G6-R0141-STT14-AI02,HNMU-G6-R0141-STT14,6,Bài 10: Sơ đồ tư duy,Luyện tập (SGV Tr. 63),Vận dụng,false,0,0,2,first_tutor_turn,data_information,initial_request,deterministic_regex_v1
BC-HNMU-G6-R0141-STT14-AI04,HNMU-G6-R0141-STT14,6,Bài 10: Sơ đồ tư duy,Luyện tập (SGV Tr. 63),Vận dụng,true,2,2,4,early_followup,data_information,student_reply_present;student_question,deterministic_regex_v1
BC-HNMU-G6-R0142-STT1-AI02,HNMU-G6-R0142-STT1,6,Bài 11: Định dạng văn bản,Mục 1. Phần mềm soạn thảo văn bản (Tr. 54),Biết,false,0,0,2,first_tutor_turn,digital_document_tool,initial_request,deterministic_regex_v1
BC-HNMU-G6-R0142-STT1-AI04,HNMU-G6-R0142-STT1,6,Bài 11: Định dạng văn bản,Mục 1. Phần mềm soạn thảo văn bản (Tr. 54),Biết,true,2,2,4,early_followup,digital_document_tool,student_reply_present;attempt_or_answer,deterministic_regex_v1
BC-HNMU-G6-R0142-STT1-AI06,HNMU-G6-R0142-STT1,6,Bài 11: Định dạng văn bản,Mục 1. Phần mềm soạn thảo văn bản (Tr. 54),Biết,true,4,4-6,6,early_followup,digital_document_tool,student_reply_present;attempt_or_answer,deterministic_regex_v1
BC-HNMU-G6-R0143-STT2-AI02,HNMU-G6-R0143-STT2,6,Bài 11: Định dạng văn bản,Mục 2. Định dạng văn bản (Tr. 54),Biết,false,0,0,2,first_tutor_turn,digital_document_tool,initial_request,deterministic_regex_v1
BC-HNMU-G6-R0143-STT2-AI04,HNMU-G6-R0143-STT2,6,Bài 11: Định dạng văn bản,Mục 2. Định dạng văn bản (Tr. 54),Biết,true,2,2,4,early_followup,digital_document_tool,student_reply_present;attempt_or_answer,deterministic_regex_v1
BC-HNMU-G6-R0143-STT2-AI06,HNMU-G6-R0143-STT2,6,Bài 11: Định dạng văn bản,Mục 2. Định dạng văn bản (Tr. 54),Biết,true,4,4-6,6,early_followup,digital_document_tool,student_reply_present;attempt_or_answer,deterministic_regex_v1
BC-HNMU-G6-R0144-STT3-AI02,HNMU-G6-R0144-STT3,6,Bài 11: Định dạng văn bản,Mục 2. Định dạng văn bản (Tr. 54),Biết,false,0,0,2,first_tutor_turn,digital_document_tool,initial_request,deterministic_regex_v1
BC-HNMU-G6-R0144-STT3-AI04,HNMU-G6-R0144-STT3,6,Bài 11: Định dạng văn bản,Mục 2. Định dạng văn bản (Tr. 54),Biết,true,2,2,4,early_followup,digital_document_tool,student_reply_present;attempt_or_answer,deterministic_regex_v1
BC-HNMU-G6-R0145-STT4-AI02,HNMU-G6-R0145-STT4,6,Bài 11: Định dạng văn bản,Mục 1. Hoạt động 1 (Tr. 54),Biết,false,0,0,2,first_tutor_turn,digital_document_tool,initial_request,deterministic_regex_v1
BC-HNMU-G6-R0145-STT4-AI04,HNMU-G6-R0145-STT4,6,Bài 11: Định dạng văn bản,Mục 1. Hoạt động 1 (Tr. 54),Biết,true,2,2,4,early_followup,digital_document_tool,student_reply_present;attempt_or_answer,deterministic_regex_v1
BC-HNMU-G6-R0145-STT4-AI06,HNMU-G6-R0145-STT4,6,Bài 11: Định dạng văn bản,Mục 1. Hoạt động 1 (Tr. 54),Biết,true,4,4-6,6,early_followup,digital_document_tool,student_reply_present;attempt_or_answer,deterministic_regex_v1
BC-HNMU-G6-R0146-STT5-AI02,HNMU-G6-R0146-STT5,6,Bài 11: Định dạng văn bản,Mục 2. Kiến thức mới (Tr. 54),Hiểu,false,0,0,2,first_tutor_turn,digital_document_tool,initial_request,deterministic_regex_v1
BC-HNMU-G6-R0146-STT5-AI04,HNMU-G6-R0146-STT5,6,Bài 11: Định dạng văn bản,Mục 2. Kiến thức mới (Tr. 54),Hiểu,true,2,2,4,early_followup,digital_document_tool,student_reply_present;attempt_or_answer,deterministic_regex_v1
BC-HNMU-G6-R0146-STT5-AI06,HNMU-G6-R0146-STT5,6,Bài 11: Định dạng văn bản,Mục 2. Kiến thức mới (Tr. 54),Hiểu,true,4,4-6,6,early_followup,digital_document_tool,student_reply_present;attempt_or_answer,deterministic_regex_v1
BC-HNMU-G6-R0147-STT6-AI02,HNMU-G6-R0147-STT6,6,Bài 11: Định dạng văn bản,Mục 2. Định dạng văn bản (Tr. 55),Hiểu,false,0,0,2,first_tutor_turn,digital_document_tool,initial_request,deterministic_regex_v1
BC-HNMU-G6-R0147-STT6-AI04,HNMU-G6-R0147-STT6,6,Bài 11: Định dạng văn bản,Mục 2. Định dạng văn bản (Tr. 55),Hiểu,true,2,2,4,early_followup,digital_document_tool,student_reply_present;attempt_or_answer,deterministic_regex_v1
BC-HNMU-G6-R0147-STT6-AI06,HNMU-G6-R0147-STT6,6,Bài 11: Định dạng văn bản,Mục 2. Định dạng văn bản (Tr. 55),Hiểu,true,4,4-6,6,early_followup,digital_document_tool,student_reply_present;attempt_or_answer,deterministic_regex_v1
BC-HNMU-G6-R0149-STT8-AI02,HNMU-G6-R0149-STT8,6,Bài 11: Định dạng văn bản,Luyện tập 1 (Tr. 58),Hiểu,false,0,0,2,first_tutor_turn,digital_document_tool,initial_request,deterministic_regex_v1
BC-HNMU-G6-R0149-STT8-AI04,HNMU-G6-R0149-STT8,6,Bài 11: Định dạng văn bản,Luyện tập 1 (Tr. 58),Hiểu,true,2,2,4,early_followup,digital_document_tool,student_reply_present;attempt_or_answer,deterministic_regex_v1
BC-HNMU-G6-R0149-STT8-AI06,HNMU-G6-R0149-STT8,6,Bài 11: Định dạng văn bản,Luyện tập 1 (Tr. 58),Hiểu,true,4,4-6,6,early_followup,digital_document_tool,student_reply_present;attempt_or_answer,deterministic_regex_v1
BC-HNMU-G6-R0151-STT10-AI02,HNMU-G6-R0151-STT10,6,Bài 11: Định dạng văn bản,Mục 2. Kiến thức mới (Tr. 56),Hiểu,false,0,0,2,first_tutor_turn,digital_document_tool,initial_request,deterministic_regex_v1
BC-HNMU-G6-R0151-STT10-AI04,HNMU-G6-R0151-STT10,6,Bài 11: Định dạng văn bản,Mục 2. Kiến thức mới (Tr. 56),Hiểu,true,2,2,4,early_followup,digital_document_tool,student_reply_present;short_confirmation,deterministic_regex_v1
BC-HNMU-G6-R0151-STT10-AI06,HNMU-G6-R0151-STT10,6,Bài 11: Định dạng văn bản,Mục 2. Kiến thức mới (Tr. 56),Hiểu,true,4,4-6,6,early_followup,digital_document_tool,student_reply_present;attempt_or_answer,deterministic_regex_v1
BC-HNMU-G6-R0152-STT11-AI02,HNMU-G6-R0152-STT11,6,Bài 11: Định dạng văn bản,Vận dụng (Tr. 58),Vận dụng,false,0,0,2,first_tutor_turn,digital_document_tool,initial_request,deterministic_regex_v1
BC-HNMU-G6-R0152-STT11-AI04,HNMU-G6-R0152-STT11,6,Bài 11: Định dạng văn bản,Vận dụng (Tr. 58),Vận dụng,true,2,2,4,early_followup,digital_document_tool,student_reply_present;attempt_or_answer,deterministic_regex_v1
BC-HNMU-G6-R0152-STT11-AI06,HNMU-G6-R0152-STT11,6,Bài 11: Định dạng văn bản,Vận dụng (Tr. 58),Vận dụng,true,4,4-6,6,early_followup,digital_document_tool,student_reply_present;attempt_or_answer,deterministic_regex_v1
BC-HNMU-G6-R0153-STT12-AI02,HNMU-G6-R0153-STT12,6,Bài 11: Định dạng văn bản,Thực hành (Tr. 56-57),Vận dụng,false,0,0,2,first_tutor_turn,multimedia_presentation,initial_request,deterministic_regex_v1
BC-HNMU-G6-R0153-STT12-AI04,HNMU-G6-R0153-STT12,6,Bài 11: Định dạng văn bản,Thực hành (Tr. 56-57),Vận dụng,true,2,2,4,early_followup,multimedia_presentation,student_reply_present;attempt_or_answer,deterministic_regex_v1
BC-HNMU-G6-R0153-STT12-AI06,HNMU-G6-R0153-STT12,6,Bài 11: Định dạng văn bản,Thực hành (Tr. 56-57),Vận dụng,true,4,4-6,6,early_followup,multimedia_presentation,student_reply_present;attempt_or_answer,deterministic_regex_v1
BC-HNMU-G6-R0154-STT13-AI02,HNMU-G6-R0154-STT13,6,Bài 11: Định dạng văn bản,Luyện tập 2 (Tr. 58),Vận dụng,false,0,0,2,first_tutor_turn,digital_document_tool,initial_request,deterministic_regex_v1
BC-HNMU-G6-R0154-STT13-AI04,HNMU-G6-R0154-STT13,6,Bài 11: Định dạng văn bản,Luyện tập 2 (Tr. 58),Vận dụng,true,2,2,4,early_followup,digital_document_tool,student_reply_present;attempt_or_answer,deterministic_regex_v1
BC-HNMU-G6-R0154-STT13-AI06,HNMU-G6-R0154-STT13,6,Bài 11: Định dạng văn bản,Luyện tập 2 (Tr. 58),Vận dụng,true,4,4-6,6,early_followup,digital_document_tool,student_reply_present;attempt_or_answer,deterministic_regex_v1
BC-HNMU-G6-R0170-STT1-AI02,HNMU-G6-R0170-STT1,6,Bài 13: Tìm kiếm và thay thế,"Mục 1, Trang 64",Biết,false,0,0,2,first_tutor_turn,digital_document_tool,initial_request,deterministic_regex_v1
BC-HNMU-G6-R0170-STT1-AI04,HNMU-G6-R0170-STT1,6,Bài 13: Tìm kiếm và thay thế,"Mục 1, Trang 64",Biết,true,2,2,4,early_followup,digital_document_tool,student_reply_present;student_question,deterministic_regex_v1
BC-HNMU-G6-R0170-STT1-AI06,HNMU-G6-R0170-STT1,6,Bài 13: Tìm kiếm và thay thế,"Mục 1, Trang 64",Biết,true,4,4-6,6,early_followup,digital_document_tool,student_reply_present;attempt_or_answer,deterministic_regex_v1
BC-HNMU-G6-R0171-STT2-AI02,HNMU-G6-R0171-STT2,6,Bài 13: Tìm kiếm và thay thế,"Mục 2, Trang 65",Biết,false,0,0,2,first_tutor_turn,concept_or_other,initial_request,deterministic_regex_v1
BC-HNMU-G6-R0171-STT2-AI04,HNMU-G6-R0171-STT2,6,Bài 13: Tìm kiếm và thay thế,"Mục 2, Trang 65",Biết,true,2,2,4,early_followup,concept_or_other,student_reply_present;attempt_or_answer,deterministic_regex_v1
BC-HNMU-G6-R0171-STT2-AI06,HNMU-G6-R0171-STT2,6,Bài 13: Tìm kiếm và thay thế,"Mục 2, Trang 65",Biết,true,4,4-6,6,early_followup,concept_or_other,student_reply_present;short_confirmation,deterministic_regex_v1
BC-HNMU-G6-R0172-STT3-AI02,HNMU-G6-R0172-STT3,6,Bài 13: Tìm kiếm và thay thế,"Mục 2, Trang 65",Biết,false,0,0,2,first_tutor_turn,concept_or_other,initial_request,deterministic_regex_v1
BC-HNMU-G6-R0172-STT3-AI04,HNMU-G6-R0172-STT3,6,Bài 13: Tìm kiếm và thay thế,"Mục 2, Trang 65",Biết,true,2,2,4,early_followup,concept_or_other,student_reply_present;attempt_or_answer,deterministic_regex_v1
BC-HNMU-G6-R0172-STT3-AI06,HNMU-G6-R0172-STT3,6,Bài 13: Tìm kiếm và thay thế,"Mục 2, Trang 65",Biết,true,4,4-6,6,early_followup,concept_or_other,student_reply_present;attempt_or_answer,deterministic_regex_v1
BC-HNMU-G6-R0173-STT4-AI02,HNMU-G6-R0173-STT4,6,Bài 13: Tìm kiếm và thay thế,"Mục 2, Trang 65",Biết,false,0,0,2,first_tutor_turn,digital_document_tool,initial_request,deterministic_regex_v1
BC-HNMU-G6-R0173-STT4-AI04,HNMU-G6-R0173-STT4,6,Bài 13: Tìm kiếm và thay thế,"Mục 2, Trang 65",Biết,true,2,2,4,early_followup,digital_document_tool,student_reply_present;attempt_or_answer,deterministic_regex_v1
BC-HNMU-G6-R0173-STT4-AI06,HNMU-G6-R0173-STT4,6,Bài 13: Tìm kiếm và thay thế,"Mục 2, Trang 65",Biết,true,4,4-6,6,early_followup,digital_document_tool,student_reply_present;student_question,deterministic_regex_v1
BC-HNMU-G6-R0174-STT5-AI02,HNMU-G6-R0174-STT5,6,Bài 13: Tìm kiếm và thay thế,"Hoạt động 1, Trang 64",Hiểu,false,0,0,2,first_tutor_turn,data_information,initial_request,deterministic_regex_v1
BC-HNMU-G6-R0174-STT5-AI04,HNMU-G6-R0174-STT5,6,Bài 13: Tìm kiếm và thay thế,"Hoạt động 1, Trang 64",Hiểu,true,2,2,4,early_followup,data_information,student_reply_present;attempt_or_answer,deterministic_regex_v1
BC-HNMU-G6-R0174-STT5-AI06,HNMU-G6-R0174-STT5,6,Bài 13: Tìm kiếm và thay thế,"Hoạt động 1, Trang 64",Hiểu,true,4,4-6,6,early_followup,data_information,student_reply_present;student_question,deterministic_regex_v1
BC-HNMU-G6-R0175-STT6-AI02,HNMU-G6-R0175-STT6,6,Bài 13: Tìm kiếm và thay thế,"Hoạt động 2, Trang 65",Hiểu,false,0,0,2,first_tutor_turn,concept_or_other,initial_request,deterministic_regex_v1
BC-HNMU-G6-R0175-STT6-AI04,HNMU-G6-R0175-STT6,6,Bài 13: Tìm kiếm và thay thế,"Hoạt động 2, Trang 65",Hiểu,true,2,2,4,early_followup,concept_or_other,student_reply_present;attempt_or_answer,deterministic_regex_v1
BC-HNMU-G6-R0175-STT6-AI06,HNMU-G6-R0175-STT6,6,Bài 13: Tìm kiếm và thay thế,"Hoạt động 2, Trang 65",Hiểu,true,4,4-6,6,early_followup,concept_or_other,student_reply_present;attempt_or_answer,deterministic_regex_v1
BC-HNMU-G6-R0176-STT7-AI02,HNMU-G6-R0176-STT7,6,Bài 13: Tìm kiếm và thay thế,"Mục 1, Trang 64",Hiểu,false,0,0,2,first_tutor_turn,digital_document_tool,initial_request,deterministic_regex_v1
BC-HNMU-G6-R0176-STT7-AI04,HNMU-G6-R0176-STT7,6,Bài 13: Tìm kiếm và thay thế,"Mục 1, Trang 64",Hiểu,true,2,2,4,early_followup,digital_document_tool,student_reply_present;attempt_or_answer,deterministic_regex_v1
BC-HNMU-G6-R0176-STT7-AI06,HNMU-G6-R0176-STT7,6,Bài 13: Tìm kiếm và thay thế,"Mục 1, Trang 64",Hiểu,true,4,4-6,6,early_followup,digital_document_tool,student_reply_present;attempt_or_answer,deterministic_regex_v1
BC-HNMU-G6-R0176-STT7-AI08,HNMU-G6-R0176-STT7,6,Bài 13: Tìm kiếm và thay thế,"Mục 1, Trang 64",Hiểu,true,6,4-6,8,later_followup,digital_document_tool,student_reply_present;student_question,deterministic_regex_v1
BC-HNMU-G6-R0178-STT9-AI02,HNMU-G6-R0178-STT9,6,Bài 13: Tìm kiếm và thay thế,"Mục 1, Trang 64",Hiểu,false,0,0,2,first_tutor_turn,digital_document_tool,initial_request,deterministic_regex_v1
BC-HNMU-G6-R0178-STT9-AI04,HNMU-G6-R0178-STT9,6,Bài 13: Tìm kiếm và thay thế,"Mục 1, Trang 64",Hiểu,true,2,2,4,early_followup,digital_document_tool,student_reply_present;attempt_or_answer,deterministic_regex_v1
BC-HNMU-G6-R0178-STT9-AI06,HNMU-G6-R0178-STT9,6,Bài 13: Tìm kiếm và thay thế,"Mục 1, Trang 64",Hiểu,true,4,4-6,6,early_followup,digital_document_tool,student_reply_present;attempt_or_answer,deterministic_regex_v1
BC-HNMU-G6-R0179-STT10-AI02,HNMU-G6-R0179-STT10,6,Bài 13: Tìm kiếm và thay thế,"Mục 2, Trang 65",Hiểu,false,0,0,2,first_tutor_turn,concept_or_other,initial_request,deterministic_regex_v1
BC-HNMU-G6-R0179-STT10-AI04,HNMU-G6-R0179-STT10,6,Bài 13: Tìm kiếm và thay thế,"Mục 2, Trang 65",Hiểu,true,2,2,4,early_followup,concept_or_other,student_reply_present;attempt_or_answer,deterministic_regex_v1
BC-HNMU-G6-R0179-STT10-AI06,HNMU-G6-R0179-STT10,6,Bài 13: Tìm kiếm và thay thế,"Mục 2, Trang 65",Hiểu,true,4,4-6,6,early_followup,concept_or_other,student_reply_present;attempt_or_answer,deterministic_regex_v1
BC-HNMU-G6-R0180-STT11-AI02,HNMU-G6-R0180-STT11,6,Bài 13: Tìm kiếm và thay thế,"Luyện tập 1, Trang 66",Vận dụng,false,0,0,2,first_tutor_turn,concept_or_other,initial_request,deterministic_regex_v1
BC-HNMU-G6-R0180-STT11-AI04,HNMU-G6-R0180-STT11,6,Bài 13: Tìm kiếm và thay thế,"Luyện tập 1, Trang 66",Vận dụng,true,2,2,4,early_followup,concept_or_other,student_reply_present;attempt_or_answer,deterministic_regex_v1
BC-HNMU-G6-R0180-STT11-AI06,HNMU-G6-R0180-STT11,6,Bài 13: Tìm kiếm và thay thế,"Luyện tập 1, Trang 66",Vận dụng,true,4,4-6,6,early_followup,concept_or_other,student_reply_present;attempt_or_answer,deterministic_regex_v1
BC-HNMU-G6-R0181-STT12-AI02,HNMU-G6-R0181-STT12,6,Bài 13: Tìm kiếm và thay thế,"Luyện tập 2, Trang 66",Vận dụng,false,0,0,2,first_tutor_turn,concept_or_other,initial_request,deterministic_regex_v1
BC-HNMU-G6-R0181-STT12-AI04,HNMU-G6-R0181-STT12,6,Bài 13: Tìm kiếm và thay thế,"Luyện tập 2, Trang 66",Vận dụng,true,2,2,4,early_followup,concept_or_other,student_reply_present;attempt_or_answer,deterministic_regex_v1
BC-HNMU-G6-R0181-STT12-AI06,HNMU-G6-R0181-STT12,6,Bài 13: Tìm kiếm và thay thế,"Luyện tập 2, Trang 66",Vận dụng,true,4,4-6,6,early_followup,concept_or_other,student_reply_present;attempt_or_answer,deterministic_regex_v1
BC-HNMU-G6-R0181-STT12-AI08,HNMU-G6-R0181-STT12,6,Bài 13: Tìm kiếm và thay thế,"Luyện tập 2, Trang 66",Vận dụng,true,6,4-6,8,later_followup,concept_or_other,student_reply_present;attempt_or_answer,deterministic_regex_v1
BC-HNMU-G6-R0182-STT13-AI02,HNMU-G6-R0182-STT13,6,Bài 13: Tìm kiếm và thay thế,"Vận dụng 1, Trang 66",Vận dụng,false,0,0,2,first_tutor_turn,digital_document_tool,initial_request,deterministic_regex_v1
BC-HNMU-G6-R0182-STT13-AI04,HNMU-G6-R0182-STT13,6,Bài 13: Tìm kiếm và thay thế,"Vận dụng 1, Trang 66",Vận dụng,true,2,2,4,early_followup,digital_document_tool,student_reply_present;attempt_or_answer,deterministic_regex_v1
BC-HNMU-G6-R0182-STT13-AI06,HNMU-G6-R0182-STT13,6,Bài 13: Tìm kiếm và thay thế,"Vận dụng 1, Trang 66",Vận dụng,true,4,4-6,6,early_followup,digital_document_tool,student_reply_present;attempt_or_answer,deterministic_regex_v1
BC-HNMU-G6-R0184-STT1-AI02,HNMU-G6-R0184-STT1,6,Bài 14: Hoàn thiện sổ lưu niệm,"Mục 1, Trang 67",Biết,false,0,0,2,first_tutor_turn,concept_or_other,initial_request,deterministic_regex_v1
BC-HNMU-G6-R0184-STT1-AI04,HNMU-G6-R0184-STT1,6,Bài 14: Hoàn thiện sổ lưu niệm,"Mục 1, Trang 67",Biết,true,2,2,4,early_followup,concept_or_other,student_reply_present;student_question,deterministic_regex_v1
BC-HNMU-G6-R0185-STT2-AI02,HNMU-G6-R0185-STT2,6,Bài 14: Hoàn thiện sổ lưu niệm,"Mục 1, Trang 67",Biết,false,0,0,2,first_tutor_turn,multimedia_presentation,initial_request,deterministic_regex_v1
BC-HNMU-G6-R0185-STT2-AI04,HNMU-G6-R0185-STT2,6,Bài 14: Hoàn thiện sổ lưu niệm,"Mục 1, Trang 67",Biết,true,2,2,4,early_followup,multimedia_presentation,student_reply_present;attempt_or_answer,deterministic_regex_v1
BC-HNMU-G6-R0186-STT3-AI02,HNMU-G6-R0186-STT3,6,Bài 14: Hoàn thiện sổ lưu niệm,"Mục 1, Trang 67",Biết,false,0,0,2,first_tutor_turn,multimedia_presentation,initial_request,deterministic_regex_v1
BC-HNMU-G6-R0186-STT3-AI04,HNMU-G6-R0186-STT3,6,Bài 14: Hoàn thiện sổ lưu niệm,"Mục 1, Trang 67",Biết,true,2,2,4,early_followup,multimedia_presentation,student_reply_present;attempt_or_answer,deterministic_regex_v1
BC-HNMU-G6-R0187-STT4-AI02,HNMU-G6-R0187-STT4,6,Bài 14: Hoàn thiện sổ lưu niệm,"Mục 1, Trang 67",Biết,false,0,0,2,first_tutor_turn,concept_or_other,initial_request,deterministic_regex_v1
BC-HNMU-G6-R0187-STT4-AI04,HNMU-G6-R0187-STT4,6,Bài 14: Hoàn thiện sổ lưu niệm,"Mục 1, Trang 67",Biết,true,2,2,4,early_followup,concept_or_other,student_reply_present;student_question,deterministic_regex_v1
BC-HNMU-G6-R0188-STT5-AI02,HNMU-G6-R0188-STT5,6,Bài 14: Hoàn thiện sổ lưu niệm,"Mục 3, Trang 66",Hiểu,false,0,0,2,first_tutor_turn,algorithm,initial_request,deterministic_regex_v1
BC-HNMU-G6-R0188-STT5-AI04,HNMU-G6-R0188-STT5,6,Bài 14: Hoàn thiện sổ lưu niệm,"Mục 3, Trang 66",Hiểu,true,2,2,4,early_followup,algorithm,student_reply_present;attempt_or_answer,deterministic_regex_v1
BC-HNMU-G6-R0192-STT9-AI02,HNMU-G6-R0192-STT9,6,Bài 14: Hoàn thiện sổ lưu niệm,"Mục 1, Trang 54",Hiểu,false,0,0,2,first_tutor_turn,digital_document_tool,initial_request,deterministic_regex_v1
BC-HNMU-G6-R0192-STT9-AI04,HNMU-G6-R0192-STT9,6,Bài 14: Hoàn thiện sổ lưu niệm,"Mục 1, Trang 54",Hiểu,true,2,2,4,early_followup,digital_document_tool,student_reply_present;attempt_or_answer,deterministic_regex_v1
BC-HNMU-G6-R0193-STT10-AI02,HNMU-G6-R0193-STT10,6,Bài 14: Hoàn thiện sổ lưu niệm,"Mục 3, Trang 67",Hiểu,false,0,0,2,first_tutor_turn,digital_document_tool,initial_request,deterministic_regex_v1
BC-HNMU-G6-R0193-STT10-AI04,HNMU-G6-R0193-STT10,6,Bài 14: Hoàn thiện sổ lưu niệm,"Mục 3, Trang 67",Hiểu,true,2,2,4,early_followup,digital_document_tool,student_reply_present;attempt_or_answer,deterministic_regex_v1
BC-HNMU-G6-R0195-STT12-AI02,HNMU-G6-R0195-STT12,6,Bài 14: Hoàn thiện sổ lưu niệm,"Mục 2, Trang 61",Vận dụng,false,0,0,2,first_tutor_turn,concept_or_other,initial_request,deterministic_regex_v1
BC-HNMU-G6-R0195-STT12-AI04,HNMU-G6-R0195-STT12,6,Bài 14: Hoàn thiện sổ lưu niệm,"Mục 2, Trang 61",Vận dụng,true,2,2,4,early_followup,concept_or_other,student_reply_present;attempt_or_answer,deterministic_regex_v1
BC-HNMU-G6-R0197-STT14-AI02,HNMU-G6-R0197-STT14,6,Bài 14: Hoàn thiện sổ lưu niệm,"Mục 3, Trang 57",Vận dụng,false,0,0,2,first_tutor_turn,data_information,initial_request,deterministic_regex_v1
BC-HNMU-G6-R0197-STT14-AI04,HNMU-G6-R0197-STT14,6,Bài 14: Hoàn thiện sổ lưu niệm,"Mục 3, Trang 57",Vận dụng,true,2,2,4,early_followup,data_information,student_reply_present;attempt_or_answer,deterministic_regex_v1
BC-HNMU-G6-R0213-STT2-AI02,HNMU-G6-R0213-STT2,6,Bài 16: Các cấu trúc điều khiển,"Mục 1.b, Trang 75",Biết,false,0,0,2,first_tutor_turn,concept_or_other,initial_request,deterministic_regex_v1
BC-HNMU-G6-R0213-STT2-AI04,HNMU-G6-R0213-STT2,6,Bài 16: Các cấu trúc điều khiển,"Mục 1.b, Trang 75",Biết,true,2,2,4,early_followup,concept_or_other,student_reply_present;attempt_or_answer,deterministic_regex_v1
BC-HNMU-G6-R0213-STT2-AI06,HNMU-G6-R0213-STT2,6,Bài 16: Các cấu trúc điều khiển,"Mục 1.b, Trang 75",Biết,true,4,4-6,6,early_followup,concept_or_other,student_reply_present;attempt_or_answer,deterministic_regex_v1
BC-HNMU-G6-R0214-STT3-AI02,HNMU-G6-R0214-STT3,6,Bài 16: Các cấu trúc điều khiển,"Mục 1.a, Trang 74",Biết,false,0,0,2,first_tutor_turn,concept_or_other,initial_request,deterministic_regex_v1
BC-HNMU-G6-R0214-STT3-AI04,HNMU-G6-R0214-STT3,6,Bài 16: Các cấu trúc điều khiển,"Mục 1.a, Trang 74",Biết,true,2,2,4,early_followup,concept_or_other,student_reply_present;attempt_or_answer,deterministic_regex_v1
BC-HNMU-G6-R0214-STT3-AI06,HNMU-G6-R0214-STT3,6,Bài 16: Các cấu trúc điều khiển,"Mục 1.a, Trang 74",Biết,true,4,4-6,6,early_followup,concept_or_other,student_reply_present;attempt_or_answer,deterministic_regex_v1
BC-HNMU-G6-R0215-STT4-AI02,HNMU-G6-R0215-STT4,6,Bài 16: Các cấu trúc điều khiển,"Mục 2, Trang 77",Biết,false,0,0,2,first_tutor_turn,concept_or_other,initial_request,deterministic_regex_v1
BC-HNMU-G6-R0215-STT4-AI04,HNMU-G6-R0215-STT4,6,Bài 16: Các cấu trúc điều khiển,"Mục 2, Trang 77",Biết,true,2,2,4,early_followup,concept_or_other,student_reply_present;attempt_or_answer,deterministic_regex_v1
BC-HNMU-G6-R0215-STT4-AI06,HNMU-G6-R0215-STT4,6,Bài 16: Các cấu trúc điều khiển,"Mục 2, Trang 77",Biết,true,4,4-6,6,early_followup,concept_or_other,student_reply_present;attempt_or_answer,deterministic_regex_v1
BC-HNMU-G6-R0216-STT5-AI02,HNMU-G6-R0216-STT5,6,Bài 16: Các cấu trúc điều khiển,"Mục 1.b, Trang 75",Hiểu,false,0,0,2,first_tutor_turn,concept_or_other,initial_request,deterministic_regex_v1
BC-HNMU-G6-R0216-STT5-AI04,HNMU-G6-R0216-STT5,6,Bài 16: Các cấu trúc điều khiển,"Mục 1.b, Trang 75",Hiểu,true,2,2,4,early_followup,concept_or_other,student_reply_present;attempt_or_answer,deterministic_regex_v1
BC-HNMU-G6-R0216-STT5-AI06,HNMU-G6-R0216-STT5,6,Bài 16: Các cấu trúc điều khiển,"Mục 1.b, Trang 75",Hiểu,true,4,4-6,6,early_followup,concept_or_other,student_reply_present;attempt_or_answer,deterministic_regex_v1
BC-HNMU-G6-R0217-STT6-AI02,HNMU-G6-R0217-STT6,6,Bài 16: Các cấu trúc điều khiển,"Câu hỏi 1, Trang 75",Hiểu,false,0,0,2,first_tutor_turn,concept_or_other,initial_request,deterministic_regex_v1
BC-HNMU-G6-R0217-STT6-AI04,HNMU-G6-R0217-STT6,6,Bài 16: Các cấu trúc điều khiển,"Câu hỏi 1, Trang 75",Hiểu,true,2,2,4,early_followup,concept_or_other,student_reply_present;attempt_or_answer,deterministic_regex_v1
BC-HNMU-G6-R0217-STT6-AI06,HNMU-G6-R0217-STT6,6,Bài 16: Các cấu trúc điều khiển,"Câu hỏi 1, Trang 75",Hiểu,true,4,4-6,6,early_followup,concept_or_other,student_reply_present;student_question,deterministic_regex_v1
BC-HNMU-G6-R0219-STT8-AI02,HNMU-G6-R0219-STT8,6,Bài 16: Các cấu trúc điều khiển,"Mục 1.b, Trang 75",Hiểu,false,0,0,2,first_tutor_turn,data_information,initial_request,deterministic_regex_v1
BC-HNMU-G6-R0219-STT8-AI04,HNMU-G6-R0219-STT8,6,Bài 16: Các cấu trúc điều khiển,"Mục 1.b, Trang 75",Hiểu,true,2,2,4,early_followup,data_information,student_reply_present;attempt_or_answer,deterministic_regex_v1
BC-HNMU-G6-R0219-STT8-AI06,HNMU-G6-R0219-STT8,6,Bài 16: Các cấu trúc điều khiển,"Mục 1.b, Trang 75",Hiểu,true,4,4-6,6,early_followup,data_information,student_reply_present;attempt_or_answer,deterministic_regex_v1
BC-HNMU-G6-R0220-STT9-AI02,HNMU-G6-R0220-STT9,6,Bài 16: Các cấu trúc điều khiển,"Luyện tập 3, Trang 77",Hiểu,false,0,0,2,first_tutor_turn,concept_or_other,initial_request,deterministic_regex_v1
BC-HNMU-G6-R0220-STT9-AI04,HNMU-G6-R0220-STT9,6,Bài 16: Các cấu trúc điều khiển,"Luyện tập 3, Trang 77",Hiểu,true,2,2,4,early_followup,concept_or_other,student_reply_present;attempt_or_answer,deterministic_regex_v1
BC-HNMU-G6-R0220-STT9-AI06,HNMU-G6-R0220-STT9,6,Bài 16: Các cấu trúc điều khiển,"Luyện tập 3, Trang 77",Hiểu,true,4,4-6,6,early_followup,concept_or_other,student_reply_present;attempt_or_answer,deterministic_regex_v1
BC-HNMU-G6-R0221-STT10-AI02,HNMU-G6-R0221-STT10,6,Bài 16: Các cấu trúc điều khiển,"Mục 1.a, Trang 74",Hiểu,false,0,0,2,first_tutor_turn,algorithm,initial_request,deterministic_regex_v1
BC-HNMU-G6-R0221-STT10-AI04,HNMU-G6-R0221-STT10,6,Bài 16: Các cấu trúc điều khiển,"Mục 1.a, Trang 74",Hiểu,true,2,2,4,early_followup,algorithm,student_reply_present;attempt_or_answer,deterministic_regex_v1
BC-HNMU-G6-R0221-STT10-AI06,HNMU-G6-R0221-STT10,6,Bài 16: Các cấu trúc điều khiển,"Mục 1.a, Trang 74",Hiểu,true,4,4-6,6,early_followup,algorithm,student_reply_present;attempt_or_answer,deterministic_regex_v1
BC-HNMU-G6-R0222-STT11-AI02,HNMU-G6-R0222-STT11,6,Bài 16: Các cấu trúc điều khiển,"Vận dụng 2, Trang 75",Vận dụng,false,0,0,2,first_tutor_turn,concept_or_other,initial_request,deterministic_regex_v1
BC-HNMU-G6-R0222-STT11-AI04,HNMU-G6-R0222-STT11,6,Bài 16: Các cấu trúc điều khiển,"Vận dụng 2, Trang 75",Vận dụng,true,2,2,4,early_followup,concept_or_other,student_reply_present;attempt_or_answer,deterministic_regex_v1
BC-HNMU-G6-R0222-STT11-AI06,HNMU-G6-R0222-STT11,6,Bài 16: Các cấu trúc điều khiển,"Vận dụng 2, Trang 75",Vận dụng,true,4,4-6,6,early_followup,concept_or_other,student_reply_present;student_question,deterministic_regex_v1
BC-HNMU-G6-R0223-STT12-AI02,HNMU-G6-R0223-STT12,6,Bài 16: Các cấu trúc điều khiển,"Luyện tập 1, Trang 77",Vận dụng,false,0,0,2,first_tutor_turn,concept_or_other,initial_request,deterministic_regex_v1
BC-HNMU-G6-R0223-STT12-AI04,HNMU-G6-R0223-STT12,6,Bài 16: Các cấu trúc điều khiển,"Luyện tập 1, Trang 77",Vận dụng,true,2,2,4,early_followup,concept_or_other,student_reply_present;attempt_or_answer,deterministic_regex_v1
BC-HNMU-G6-R0223-STT12-AI06,HNMU-G6-R0223-STT12,6,Bài 16: Các cấu trúc điều khiển,"Luyện tập 1, Trang 77",Vận dụng,true,4,4-6,6,early_followup,concept_or_other,student_reply_present;attempt_or_answer,deterministic_regex_v1
BC-HNMU-G6-R0224-STT13-AI02,HNMU-G6-R0224-STT13,6,Bài 16: Các cấu trúc điều khiển,"Vận dụng 3, Trang 77",Vận dụng,false,0,0,2,first_tutor_turn,concept_or_other,initial_request,deterministic_regex_v1
BC-HNMU-G6-R0224-STT13-AI04,HNMU-G6-R0224-STT13,6,Bài 16: Các cấu trúc điều khiển,"Vận dụng 3, Trang 77",Vận dụng,true,2,2,4,early_followup,concept_or_other,student_reply_present;attempt_or_answer,deterministic_regex_v1
BC-HNMU-G6-R0224-STT13-AI06,HNMU-G6-R0224-STT13,6,Bài 16: Các cấu trúc điều khiển,"Vận dụng 3, Trang 77",Vận dụng,true,4,4-6,6,early_followup,concept_or_other,student_reply_present;attempt_or_answer,deterministic_regex_v1
BC-HNMU-G6-R0226-STT1-AI02,HNMU-G6-R0226-STT1,6,Bài 17: Chương trình máy tính,"Mục 1, Trang 78",Biết,false,0,0,2,first_tutor_turn,code_programming,initial_request,deterministic_regex_v1
BC-HNMU-G6-R0226-STT1-AI04,HNMU-G6-R0226-STT1,6,Bài 17: Chương trình máy tính,"Mục 1, Trang 78",Biết,true,2,2,4,early_followup,code_programming,student_reply_present;student_question,deterministic_regex_v1
BC-HNMU-G6-R0226-STT1-AI06,HNMU-G6-R0226-STT1,6,Bài 17: Chương trình máy tính,"Mục 1, Trang 78",Biết,true,4,4-6,6,early_followup,code_programming,student_reply_present;attempt_or_answer,deterministic_regex_v1
BC-HNMU-G6-R0227-STT2-AI02,HNMU-G6-R0227-STT2,6,Bài 17: Chương trình máy tính,"Mục 1, Trang 78",Biết,false,0,0,2,first_tutor_turn,code_programming,initial_request,deterministic_regex_v1
BC-HNMU-G6-R0227-STT2-AI04,HNMU-G6-R0227-STT2,6,Bài 17: Chương trình máy tính,"Mục 1, Trang 78",Biết,true,2,2,4,early_followup,code_programming,student_reply_present;explicit_uncertainty,deterministic_regex_v1
BC-HNMU-G6-R0227-STT2-AI06,HNMU-G6-R0227-STT2,6,Bài 17: Chương trình máy tính,"Mục 1, Trang 78",Biết,true,4,4-6,6,early_followup,code_programming,student_reply_present;attempt_or_answer,deterministic_regex_v1
BC-HNMU-G6-R0228-STT3-AI02,HNMU-G6-R0228-STT3,6,Bài 17: Chương trình máy tính,"Mục 1, Trang 78",Biết,false,0,0,2,first_tutor_turn,code_programming,initial_request,deterministic_regex_v1
BC-HNMU-G6-R0228-STT3-AI04,HNMU-G6-R0228-STT3,6,Bài 17: Chương trình máy tính,"Mục 1, Trang 78",Biết,true,2,2,4,early_followup,code_programming,student_reply_present;student_question,deterministic_regex_v1
BC-HNMU-G6-R0229-STT4-AI02,HNMU-G6-R0229-STT4,6,Bài 17: Chương trình máy tính,"Mục 1, Trang 78",Biết,false,0,0,2,first_tutor_turn,code_programming,initial_request,deterministic_regex_v1
BC-HNMU-G6-R0229-STT4-AI04,HNMU-G6-R0229-STT4,6,Bài 17: Chương trình máy tính,"Mục 1, Trang 78",Biết,true,2,2,4,early_followup,code_programming,student_reply_present;attempt_or_answer,deterministic_regex_v1
BC-HNMU-G6-R0230-STT5-AI02,HNMU-G6-R0230-STT5,6,Bài 17: Chương trình máy tính,"Mục 1, Trang 78",Hiểu,false,0,0,2,first_tutor_turn,code_programming,initial_request,deterministic_regex_v1
BC-HNMU-G6-R0230-STT5-AI04,HNMU-G6-R0230-STT5,6,Bài 17: Chương trình máy tính,"Mục 1, Trang 78",Hiểu,true,2,2,4,early_followup,code_programming,student_reply_present;attempt_or_answer,deterministic_regex_v1
BC-HNMU-G6-R0230-STT5-AI06,HNMU-G6-R0230-STT5,6,Bài 17: Chương trình máy tính,"Mục 1, Trang 78",Hiểu,true,4,4-6,6,early_followup,code_programming,student_reply_present;explicit_uncertainty,deterministic_regex_v1
BC-HNMU-G6-R0231-STT6-AI02,HNMU-G6-R0231-STT6,6,Bài 17: Chương trình máy tính,"Mục 1, Trang 78",Hiểu,false,0,0,2,first_tutor_turn,code_programming,initial_request,deterministic_regex_v1
BC-HNMU-G6-R0231-STT6-AI04,HNMU-G6-R0231-STT6,6,Bài 17: Chương trình máy tính,"Mục 1, Trang 78",Hiểu,true,2,2,4,early_followup,code_programming,student_reply_present;attempt_or_answer,deterministic_regex_v1
BC-HNMU-G6-R0231-STT6-AI06,HNMU-G6-R0231-STT6,6,Bài 17: Chương trình máy tính,"Mục 1, Trang 78",Hiểu,true,4,4-6,6,early_followup,code_programming,student_reply_present;attempt_or_answer,deterministic_regex_v1
BC-HNMU-G6-R0232-STT7-AI02,HNMU-G6-R0232-STT7,6,Bài 17: Chương trình máy tính,"Mục 1, Trang 78",Hiểu,false,0,0,2,first_tutor_turn,code_programming,initial_request,deterministic_regex_v1
BC-HNMU-G6-R0232-STT7-AI04,HNMU-G6-R0232-STT7,6,Bài 17: Chương trình máy tính,"Mục 1, Trang 78",Hiểu,true,2,2,4,early_followup,code_programming,student_reply_present;attempt_or_answer,deterministic_regex_v1
BC-HNMU-G6-R0232-STT7-AI06,HNMU-G6-R0232-STT7,6,Bài 17: Chương trình máy tính,"Mục 1, Trang 78",Hiểu,true,4,4-6,6,early_followup,code_programming,student_reply_present;student_question,deterministic_regex_v1
BC-HNMU-G6-R0233-STT8-AI02,HNMU-G6-R0233-STT8,6,Bài 17: Chương trình máy tính,"Mục 1, Trang 78",Hiểu,false,0,0,2,first_tutor_turn,code_programming,initial_request,deterministic_regex_v1
BC-HNMU-G6-R0233-STT8-AI04,HNMU-G6-R0233-STT8,6,Bài 17: Chương trình máy tính,"Mục 1, Trang 78",Hiểu,true,2,2,4,early_followup,code_programming,student_reply_present;attempt_or_answer,deterministic_regex_v1
BC-HNMU-G6-R0233-STT8-AI06,HNMU-G6-R0233-STT8,6,Bài 17: Chương trình máy tính,"Mục 1, Trang 78",Hiểu,true,4,4-6,6,early_followup,code_programming,student_reply_present;attempt_or_answer,deterministic_regex_v1
BC-HNMU-G6-R0235-STT10-AI02,HNMU-G6-R0235-STT10,6,Bài 17: Chương trình máy tính,"Hình 6.13, Trang 79",Hiểu,false,0,0,2,first_tutor_turn,code_programming,initial_request,deterministic_regex_v1
BC-HNMU-G6-R0235-STT10-AI04,HNMU-G6-R0235-STT10,6,Bài 17: Chương trình máy tính,"Hình 6.13, Trang 79",Hiểu,true,2,2,4,early_followup,code_programming,student_reply_present;attempt_or_answer,deterministic_regex_v1
BC-HNMU-G6-R0235-STT10-AI06,HNMU-G6-R0235-STT10,6,Bài 17: Chương trình máy tính,"Hình 6.13, Trang 79",Hiểu,true,4,4-6,6,early_followup,code_programming,student_reply_present;attempt_or_answer,deterministic_regex_v1
BC-HNMU-G6-R0236-STT11-AI02,HNMU-G6-R0236-STT11,6,Bài 17: Chương trình máy tính,"Hoạt động 1, Trang 79",Vận dụng,false,0,0,2,first_tutor_turn,code_programming,initial_request,deterministic_regex_v1
BC-HNMU-G6-R0236-STT11-AI04,HNMU-G6-R0236-STT11,6,Bài 17: Chương trình máy tính,"Hoạt động 1, Trang 79",Vận dụng,true,2,2,4,early_followup,code_programming,student_reply_present;attempt_or_answer,deterministic_regex_v1
BC-HNMU-G6-R0236-STT11-AI06,HNMU-G6-R0236-STT11,6,Bài 17: Chương trình máy tính,"Hoạt động 1, Trang 79",Vận dụng,true,4,4-6,6,early_followup,code_programming,student_reply_present;student_question,deterministic_regex_v1
BC-HNMU-G6-R0237-STT12-AI02,HNMU-G6-R0237-STT12,6,Bài 17: Chương trình máy tính,"Luyện tập 2, Trang 81",Vận dụng,false,0,0,2,first_tutor_turn,code_programming,initial_request,deterministic_regex_v1
BC-HNMU-G6-R0237-STT12-AI04,HNMU-G6-R0237-STT12,6,Bài 17: Chương trình máy tính,"Luyện tập 2, Trang 81",Vận dụng,true,2,2,4,early_followup,code_programming,student_reply_present;attempt_or_answer,deterministic_regex_v1
BC-HNMU-G6-R0237-STT12-AI06,HNMU-G6-R0237-STT12,6,Bài 17: Chương trình máy tính,"Luyện tập 2, Trang 81",Vận dụng,true,4,4-6,6,early_followup,code_programming,student_reply_present;attempt_or_answer,deterministic_regex_v1
BC-HNMU-G6-R0238-STT13-AI02,HNMU-G6-R0238-STT13,6,Bài 17: Chương trình máy tính,"Vận dụng 1, Trang 81",Vận dụng,false,0,0,2,first_tutor_turn,code_programming,initial_request,deterministic_regex_v1
BC-HNMU-G6-R0238-STT13-AI04,HNMU-G6-R0238-STT13,6,Bài 17: Chương trình máy tính,"Vận dụng 1, Trang 81",Vận dụng,true,2,2,4,early_followup,code_programming,student_reply_present;short_confirmation,deterministic_regex_v1
BC-HNMU-G6-R0238-STT13-AI06,HNMU-G6-R0238-STT13,6,Bài 17: Chương trình máy tính,"Vận dụng 1, Trang 81",Vận dụng,true,4,4-6,6,early_followup,code_programming,student_reply_present;attempt_or_answer,deterministic_regex_v1
BC-HNMU-G6-R0239-STT14-AI02,HNMU-G6-R0239-STT14,6,Bài 17: Chương trình máy tính,"Vận dụng 2, Trang 81",Vận dụng,false,0,0,2,first_tutor_turn,code_programming,initial_request,deterministic_regex_v1
BC-HNMU-G6-R0239-STT14-AI04,HNMU-G6-R0239-STT14,6,Bài 17: Chương trình máy tính,"Vận dụng 2, Trang 81",Vận dụng,true,2,2,4,early_followup,code_programming,student_reply_present;attempt_or_answer,deterministic_regex_v1
BC-HNMU-G6-R0239-STT14-AI06,HNMU-G6-R0239-STT14,6,Bài 17: Chương trình máy tính,"Vận dụng 2, Trang 81",Vận dụng,true,4,4-6,6,early_followup,code_programming,student_reply_present;attempt_or_answer,deterministic_regex_v1
BC-HNMU-G6-R0239-STT14-AI08,HNMU-G6-R0239-STT14,6,Bài 17: Chương trình máy tính,"Vận dụng 2, Trang 81",Vận dụng,true,6,4-6,8,later_followup,code_programming,student_reply_present;attempt_or_answer,deterministic_regex_v1
BC-HNMU-G7-R0002-STT1-AI02,HNMU-G7-R0002-STT1,7,Bài 1. Thiết bị vào - ra,"Mục 1, Trang 5 SGK",Biết,false,0,0,2,first_tutor_turn,hardware_network,initial_request,deterministic_regex_v1
BC-HNMU-G7-R0002-STT1-AI04,HNMU-G7-R0002-STT1,7,Bài 1. Thiết bị vào - ra,"Mục 1, Trang 5 SGK",Biết,true,2,2,4,early_followup,hardware_network,student_reply_present;attempt_or_answer,deterministic_regex_v1
BC-HNMU-G7-R0002-STT1-AI06,HNMU-G7-R0002-STT1,7,Bài 1. Thiết bị vào - ra,"Mục 1, Trang 5 SGK",Biết,true,4,4-6,6,early_followup,hardware_network,student_reply_present;attempt_or_answer,deterministic_regex_v1
BC-HNMU-G7-R0003-STT2-AI02,HNMU-G7-R0003-STT2,7,Bài 1. Thiết bị vào - ra,"Mục 1, Trang 5 SGK",Biết,false,0,0,2,first_tutor_turn,hardware_network,initial_request,deterministic_regex_v1
BC-HNMU-G7-R0003-STT2-AI04,HNMU-G7-R0003-STT2,7,Bài 1. Thiết bị vào - ra,"Mục 1, Trang 5 SGK",Biết,true,2,2,4,early_followup,hardware_network,student_reply_present;attempt_or_answer,deterministic_regex_v1
BC-HNMU-G7-R0003-STT2-AI06,HNMU-G7-R0003-STT2,7,Bài 1. Thiết bị vào - ra,"Mục 1, Trang 5 SGK",Biết,true,4,4-6,6,early_followup,hardware_network,student_reply_present;attempt_or_answer,deterministic_regex_v1
BC-HNMU-G7-R0004-STT3-AI02,HNMU-G7-R0004-STT3,7,Bài 1. Thiết bị vào - ra,"Câu 1, Trang 31 SGV",Biết,false,0,0,2,first_tutor_turn,hardware_network,initial_request,deterministic_regex_v1
BC-HNMU-G7-R0004-STT3-AI04,HNMU-G7-R0004-STT3,7,Bài 1. Thiết bị vào - ra,"Câu 1, Trang 31 SGV",Biết,true,2,2,4,early_followup,hardware_network,student_reply_present;attempt_or_answer,deterministic_regex_v1
BC-HNMU-G7-R0004-STT3-AI06,HNMU-G7-R0004-STT3,7,Bài 1. Thiết bị vào - ra,"Câu 1, Trang 31 SGV",Biết,true,4,4-6,6,early_followup,hardware_network,student_reply_present;student_question,deterministic_regex_v1
BC-HNMU-G7-R0005-STT4-AI02,HNMU-G7-R0005-STT4,7,Bài 1. Thiết bị vào - ra,"Mục 1, Trang 7 SGK",Biết,false,0,0,2,first_tutor_turn,hardware_network,initial_request,deterministic_regex_v1
BC-HNMU-G7-R0005-STT4-AI04,HNMU-G7-R0005-STT4,7,Bài 1. Thiết bị vào - ra,"Mục 1, Trang 7 SGK",Biết,true,2,2,4,early_followup,hardware_network,student_reply_present;attempt_or_answer,deterministic_regex_v1
BC-HNMU-G7-R0005-STT4-AI06,HNMU-G7-R0005-STT4,7,Bài 1. Thiết bị vào - ra,"Mục 1, Trang 7 SGK",Biết,true,4,4-6,6,early_followup,hardware_network,student_reply_present;student_question,deterministic_regex_v1
BC-HNMU-G7-R0006-STT5-AI02,HNMU-G7-R0006-STT5,7,Bài 1. Thiết bị vào - ra,"Mục 1, Trang 5 SGK",Hiểu,false,0,0,2,first_tutor_turn,hardware_network,initial_request,deterministic_regex_v1
BC-HNMU-G7-R0006-STT5-AI04,HNMU-G7-R0006-STT5,7,Bài 1. Thiết bị vào - ra,"Mục 1, Trang 5 SGK",Hiểu,true,2,2,4,early_followup,hardware_network,student_reply_present;attempt_or_answer,deterministic_regex_v1
BC-HNMU-G7-R0007-STT6-AI02,HNMU-G7-R0007-STT6,7,Bài 1. Thiết bị vào - ra,"Câu hỏi 2, Trang 9 SGK",Hiểu,false,0,0,2,first_tutor_turn,digital_ethics_safety,initial_request,deterministic_regex_v1
BC-HNMU-G7-R0007-STT6-AI04,HNMU-G7-R0007-STT6,7,Bài 1. Thiết bị vào - ra,"Câu hỏi 2, Trang 9 SGK",Hiểu,true,2,2,4,early_followup,digital_ethics_safety,student_reply_present;attempt_or_answer,deterministic_regex_v1
BC-HNMU-G7-R0007-STT6-AI06,HNMU-G7-R0007-STT6,7,Bài 1. Thiết bị vào - ra,"Câu hỏi 2, Trang 9 SGK",Hiểu,true,4,4-6,6,early_followup,digital_ethics_safety,student_reply_present;attempt_or_answer,deterministic_regex_v1
BC-HNMU-G7-R0008-STT7-AI02,HNMU-G7-R0008-STT7,7,Bài 1. Thiết bị vào - ra,"Câu 2, Trang 31 SGV",Hiểu,false,0,0,2,first_tutor_turn,multimedia_presentation,initial_request,deterministic_regex_v1
BC-HNMU-G7-R0008-STT7-AI04,HNMU-G7-R0008-STT7,7,Bài 1. Thiết bị vào - ra,"Câu 2, Trang 31 SGV",Hiểu,true,2,2,4,early_followup,multimedia_presentation,student_reply_present;attempt_or_answer,deterministic_regex_v1
BC-HNMU-G7-R0008-STT7-AI06,HNMU-G7-R0008-STT7,7,Bài 1. Thiết bị vào - ra,"Câu 2, Trang 31 SGV",Hiểu,true,4,4-6,6,early_followup,multimedia_presentation,student_reply_present;attempt_or_answer,deterministic_regex_v1
BC-HNMU-G7-R0009-STT8-AI02,HNMU-G7-R0009-STT8,7,Bài 1. Thiết bị vào - ra,"Vận dụng 1, Trang 9 SGK",Hiểu,false,0,0,2,first_tutor_turn,multimedia_presentation,initial_request,deterministic_regex_v1
BC-HNMU-G7-R0009-STT8-AI04,HNMU-G7-R0009-STT8,7,Bài 1. Thiết bị vào - ra,"Vận dụng 1, Trang 9 SGK",Hiểu,true,2,2,4,early_followup,multimedia_presentation,student_reply_present;attempt_or_answer,deterministic_regex_v1
BC-HNMU-G7-R0009-STT8-AI06,HNMU-G7-R0009-STT8,7,Bài 1. Thiết bị vào - ra,"Vận dụng 1, Trang 9 SGK",Hiểu,true,4,4-6,6,early_followup,multimedia_presentation,student_reply_present;student_question,deterministic_regex_v1
BC-HNMU-G7-R0011-STT10-AI02,HNMU-G7-R0011-STT10,7,Bài 1. Thiết bị vào - ra,"Mục 1, Trang 6 SGK",Hiểu,false,0,0,2,first_tutor_turn,hardware_network,initial_request,deterministic_regex_v1
BC-HNMU-G7-R0011-STT10-AI04,HNMU-G7-R0011-STT10,7,Bài 1. Thiết bị vào - ra,"Mục 1, Trang 6 SGK",Hiểu,true,2,2,4,early_followup,hardware_network,student_reply_present;attempt_or_answer,deterministic_regex_v1
BC-HNMU-G7-R0012-STT11-AI02,HNMU-G7-R0012-STT11,7,Bài 1. Thiết bị vào - ra,"Câu 4, Trang 31 SGV",Vận dụng,false,0,0,2,first_tutor_turn,algorithm,initial_request,deterministic_regex_v1
BC-HNMU-G7-R0012-STT11-AI04,HNMU-G7-R0012-STT11,7,Bài 1. Thiết bị vào - ra,"Câu 4, Trang 31 SGV",Vận dụng,true,2,2,4,early_followup,algorithm,student_reply_present;attempt_or_answer,deterministic_regex_v1
BC-HNMU-G7-R0012-STT11-AI06,HNMU-G7-R0012-STT11,7,Bài 1. Thiết bị vào - ra,"Câu 4, Trang 31 SGV",Vận dụng,true,4,4-6,6,early_followup,algorithm,student_reply_present;attempt_or_answer,deterministic_regex_v1
BC-HNMU-G7-R0012-STT11-AI08,HNMU-G7-R0012-STT11,7,Bài 1. Thiết bị vào - ra,"Câu 4, Trang 31 SGV",Vận dụng,true,6,4-6,8,later_followup,algorithm,student_reply_present;student_question,deterministic_regex_v1
BC-HNMU-G7-R0013-STT12-AI02,HNMU-G7-R0013-STT12,7,Bài 1. Thiết bị vào - ra,"Vận dụng 2, Trang 9 SGK",Vận dụng,false,0,0,2,first_tutor_turn,digital_ethics_safety,initial_request,deterministic_regex_v1
BC-HNMU-G7-R0013-STT12-AI04,HNMU-G7-R0013-STT12,7,Bài 1. Thiết bị vào - ra,"Vận dụng 2, Trang 9 SGK",Vận dụng,true,2,2,4,early_followup,digital_ethics_safety,student_reply_present;attempt_or_answer,deterministic_regex_v1
BC-HNMU-G7-R0013-STT12-AI06,HNMU-G7-R0013-STT12,7,Bài 1. Thiết bị vào - ra,"Vận dụng 2, Trang 9 SGK",Vận dụng,true,4,4-6,6,early_followup,digital_ethics_safety,student_reply_present;attempt_or_answer,deterministic_regex_v1
BC-HNMU-G7-R0014-STT13-AI02,HNMU-G7-R0014-STT13,7,Bài 1. Thiết bị vào - ra,Vận dụng thực tế,Vận dụng,false,0,0,2,first_tutor_turn,hardware_network,initial_request,deterministic_regex_v1
BC-HNMU-G7-R0014-STT13-AI04,HNMU-G7-R0014-STT13,7,Bài 1. Thiết bị vào - ra,Vận dụng thực tế,Vận dụng,true,2,2,4,early_followup,hardware_network,student_reply_present;attempt_or_answer,deterministic_regex_v1
BC-HNMU-G7-R0014-STT13-AI06,HNMU-G7-R0014-STT13,7,Bài 1. Thiết bị vào - ra,Vận dụng thực tế,Vận dụng,true,4,4-6,6,early_followup,hardware_network,student_reply_present;attempt_or_answer,deterministic_regex_v1
BC-HNMU-G7-R0015-STT14-AI02,HNMU-G7-R0015-STT14,7,Bài 1. Thiết bị vào - ra,Vận dụng thực tế,Vận dụng,false,0,0,2,first_tutor_turn,hardware_network,initial_request,deterministic_regex_v1
BC-HNMU-G7-R0015-STT14-AI04,HNMU-G7-R0015-STT14,7,Bài 1. Thiết bị vào - ra,Vận dụng thực tế,Vận dụng,true,2,2,4,early_followup,hardware_network,student_reply_present;attempt_or_answer,deterministic_regex_v1
BC-HNMU-G7-R0015-STT14-AI06,HNMU-G7-R0015-STT14,7,Bài 1. Thiết bị vào - ra,Vận dụng thực tế,Vận dụng,true,4,4-6,6,early_followup,hardware_network,student_reply_present;short_confirmation,deterministic_regex_v1
BC-HNMU-G7-R0015-STT14-AI08,HNMU-G7-R0015-STT14,7,Bài 1. Thiết bị vào - ra,Vận dụng thực tế,Vận dụng,true,6,4-6,8,later_followup,hardware_network,student_reply_present;student_question,deterministic_regex_v1
BC-HNMU-G7-R0018-STT3-AI02,HNMU-G7-R0018-STT3,7,Bài 2. Phần mềm máy tính,"Mục 2, Trang 12 SGK",Biết,false,0,0,2,first_tutor_turn,code_programming,initial_request,deterministic_regex_v1
BC-HNMU-G7-R0018-STT3-AI04,HNMU-G7-R0018-STT3,7,Bài 2. Phần mềm máy tính,"Mục 2, Trang 12 SGK",Biết,true,2,2,4,early_followup,code_programming,student_reply_present;short_confirmation,deterministic_regex_v1
BC-HNMU-G7-R0018-STT3-AI06,HNMU-G7-R0018-STT3,7,Bài 2. Phần mềm máy tính,"Mục 2, Trang 12 SGK",Biết,true,4,4-6,6,early_followup,code_programming,student_reply_present;short_confirmation,deterministic_regex_v1
BC-HNMU-G7-R0019-STT4-AI02,HNMU-G7-R0019-STT4,7,Bài 2. Phần mềm máy tính,"Lưu ý, Trang 24 SGV",Biết,false,0,0,2,first_tutor_turn,code_programming,initial_request,deterministic_regex_v1
BC-HNMU-G7-R0019-STT4-AI04,HNMU-G7-R0019-STT4,7,Bài 2. Phần mềm máy tính,"Lưu ý, Trang 24 SGV",Biết,true,2,2,4,early_followup,code_programming,student_reply_present;attempt_or_answer,deterministic_regex_v1
BC-HNMU-G7-R0020-STT5-AI02,HNMU-G7-R0020-STT5,7,Bài 2. Phần mềm máy tính,"Mục 1, Trang 10 SGK",Hiểu,false,0,0,2,first_tutor_turn,hardware_network,initial_request,deterministic_regex_v1
BC-HNMU-G7-R0020-STT5-AI04,HNMU-G7-R0020-STT5,7,Bài 2. Phần mềm máy tính,"Mục 1, Trang 10 SGK",Hiểu,true,2,2,4,early_followup,hardware_network,student_reply_present;attempt_or_answer,deterministic_regex_v1
BC-HNMU-G7-R0021-STT6-AI02,HNMU-G7-R0021-STT6,7,Bài 2. Phần mềm máy tính,"Mục 2, Trang 12 SGK",Hiểu,false,0,0,2,first_tutor_turn,digital_document_tool,initial_request,deterministic_regex_v1
BC-HNMU-G7-R0021-STT6-AI04,HNMU-G7-R0021-STT6,7,Bài 2. Phần mềm máy tính,"Mục 2, Trang 12 SGK",Hiểu,true,2,2,4,early_followup,digital_document_tool,student_reply_present;attempt_or_answer,deterministic_regex_v1
BC-HNMU-G7-R0021-STT6-AI06,HNMU-G7-R0021-STT6,7,Bài 2. Phần mềm máy tính,"Mục 2, Trang 12 SGK",Hiểu,true,4,4-6,6,early_followup,digital_document_tool,student_reply_present;attempt_or_answer,deterministic_regex_v1
BC-HNMU-G7-R0024-STT9-AI02,HNMU-G7-R0024-STT9,7,Bài 2. Phần mềm máy tính,"Hoạt động khởi động, Trang 22 SGV",Hiểu,false,0,0,2,first_tutor_turn,digital_document_tool,initial_request,deterministic_regex_v1
BC-HNMU-G7-R0024-STT9-AI04,HNMU-G7-R0024-STT9,7,Bài 2. Phần mềm máy tính,"Hoạt động khởi động, Trang 22 SGV",Hiểu,true,2,2,4,early_followup,digital_document_tool,student_reply_present;attempt_or_answer,deterministic_regex_v1
BC-HNMU-G7-R0024-STT9-AI06,HNMU-G7-R0024-STT9,7,Bài 2. Phần mềm máy tính,"Hoạt động khởi động, Trang 22 SGV",Hiểu,true,4,4-6,6,early_followup,digital_document_tool,student_reply_present;attempt_or_answer,deterministic_regex_v1
BC-HNMU-G7-R0025-STT10-AI02,HNMU-G7-R0025-STT10,7,Bài 2. Phần mềm máy tính,"Mục 2, Trang 12 SGK",Hiểu,false,0,0,2,first_tutor_turn,multimedia_presentation,initial_request,deterministic_regex_v1
BC-HNMU-G7-R0025-STT10-AI04,HNMU-G7-R0025-STT10,7,Bài 2. Phần mềm máy tính,"Mục 2, Trang 12 SGK",Hiểu,true,2,2,4,early_followup,multimedia_presentation,student_reply_present;attempt_or_answer,deterministic_regex_v1
BC-HNMU-G7-R0026-STT11-AI02,HNMU-G7-R0026-STT11,7,Bài 2. Phần mềm máy tính,"Mục 2, Trang 12 SGK",Vận dụng,false,0,0,2,first_tutor_turn,digital_document_tool,initial_request,deterministic_regex_v1
BC-HNMU-G7-R0026-STT11-AI04,HNMU-G7-R0026-STT11,7,Bài 2. Phần mềm máy tính,"Mục 2, Trang 12 SGK",Vận dụng,true,2,2,4,early_followup,digital_document_tool,student_reply_present;short_confirmation,deterministic_regex_v1
BC-HNMU-G7-R0026-STT11-AI06,HNMU-G7-R0026-STT11,7,Bài 2. Phần mềm máy tính,"Mục 2, Trang 12 SGK",Vận dụng,true,4,4-6,6,early_followup,digital_document_tool,student_reply_present;student_question,deterministic_regex_v1
BC-HNMU-G7-R0027-STT12-AI02,HNMU-G7-R0027-STT12,7,Bài 2. Phần mềm máy tính,"Mục 2, Trang 11 SGK",Vận dụng,false,0,0,2,first_tutor_turn,multimedia_presentation,initial_request,deterministic_regex_v1
BC-HNMU-G7-R0027-STT12-AI04,HNMU-G7-R0027-STT12,7,Bài 2. Phần mềm máy tính,"Mục 2, Trang 11 SGK",Vận dụng,true,2,2,4,early_followup,multimedia_presentation,student_reply_present;short_confirmation,deterministic_regex_v1
BC-HNMU-G7-R0027-STT12-AI06,HNMU-G7-R0027-STT12,7,Bài 2. Phần mềm máy tính,"Mục 2, Trang 11 SGK",Vận dụng,true,4,4-6,6,early_followup,multimedia_presentation,student_reply_present;student_question,deterministic_regex_v1
BC-HNMU-G7-R0028-STT13-AI02,HNMU-G7-R0028-STT13,7,Bài 2. Phần mềm máy tính,Vận dụng thực tế,Vận dụng,false,0,0,2,first_tutor_turn,digital_document_tool,initial_request,deterministic_regex_v1
BC-HNMU-G7-R0028-STT13-AI04,HNMU-G7-R0028-STT13,7,Bài 2. Phần mềm máy tính,Vận dụng thực tế,Vận dụng,true,2,2,4,early_followup,digital_document_tool,student_reply_present;attempt_or_answer,deterministic_regex_v1
BC-HNMU-G7-R0029-STT14-AI02,HNMU-G7-R0029-STT14,7,Bài 2. Phần mềm máy tính,Vận dụng thực tế,Vận dụng,false,0,0,2,first_tutor_turn,multimedia_presentation,initial_request,deterministic_regex_v1
BC-HNMU-G7-R0029-STT14-AI04,HNMU-G7-R0029-STT14,7,Bài 2. Phần mềm máy tính,Vận dụng thực tế,Vận dụng,true,2,2,4,early_followup,multimedia_presentation,student_reply_present;attempt_or_answer,deterministic_regex_v1
BC-HNMU-G7-R0030-STT1-AI02,HNMU-G7-R0030-STT1,7,Bài 3. Quản lí dữ liệu trong máy tính,"Mục 1, Trang 13 SGK",Biết,false,0,0,2,first_tutor_turn,code_programming,initial_request,deterministic_regex_v1
BC-HNMU-G7-R0030-STT1-AI04,HNMU-G7-R0030-STT1,7,Bài 3. Quản lí dữ liệu trong máy tính,"Mục 1, Trang 13 SGK",Biết,true,2,2,4,early_followup,code_programming,student_reply_present;attempt_or_answer,deterministic_regex_v1
BC-HNMU-G7-R0030-STT1-AI06,HNMU-G7-R0030-STT1,7,Bài 3. Quản lí dữ liệu trong máy tính,"Mục 1, Trang 13 SGK",Biết,true,4,4-6,6,early_followup,code_programming,student_reply_present;student_question,deterministic_regex_v1
BC-HNMU-G7-R0031-STT2-AI02,HNMU-G7-R0031-STT2,7,Bài 3. Quản lí dữ liệu trong máy tính,"Mục 1, Trang 14 SGK",Biết,false,0,0,2,first_tutor_turn,data_information,initial_request,deterministic_regex_v1
BC-HNMU-G7-R0031-STT2-AI04,HNMU-G7-R0031-STT2,7,Bài 3. Quản lí dữ liệu trong máy tính,"Mục 1, Trang 14 SGK",Biết,true,2,2,4,early_followup,data_information,student_reply_present;short_confirmation,deterministic_regex_v1
BC-HNMU-G7-R0032-STT3-AI02,HNMU-G7-R0032-STT3,7,Bài 3. Quản lí dữ liệu trong máy tính,"Mục 2, Trang 14-15 SGK",Biết,false,0,0,2,first_tutor_turn,digital_ethics_safety,initial_request,deterministic_regex_v1
BC-HNMU-G7-R0032-STT3-AI04,HNMU-G7-R0032-STT3,7,Bài 3. Quản lí dữ liệu trong máy tính,"Mục 2, Trang 14-15 SGK",Biết,true,2,2,4,early_followup,digital_ethics_safety,student_reply_present;attempt_or_answer,deterministic_regex_v1
BC-HNMU-G7-R0033-STT4-AI02,HNMU-G7-R0033-STT4,7,Bài 3. Quản lí dữ liệu trong máy tính,"Luyện tập 1, Trang 17 SGK",Biết,false,0,0,2,first_tutor_turn,data_information,initial_request,deterministic_regex_v1
BC-HNMU-G7-R0033-STT4-AI04,HNMU-G7-R0033-STT4,7,Bài 3. Quản lí dữ liệu trong máy tính,"Luyện tập 1, Trang 17 SGK",Biết,true,2,2,4,early_followup,data_information,student_reply_present;student_question,deterministic_regex_v1
BC-HNMU-G7-R0034-STT5-AI02,HNMU-G7-R0034-STT5,7,Bài 3. Quản lí dữ liệu trong máy tính,"Mục 1, Trang 13 SGK",Hiểu,false,0,0,2,first_tutor_turn,data_information,initial_request,deterministic_regex_v1
BC-HNMU-G7-R0034-STT5-AI04,HNMU-G7-R0034-STT5,7,Bài 3. Quản lí dữ liệu trong máy tính,"Mục 1, Trang 13 SGK",Hiểu,true,2,2,4,early_followup,data_information,student_reply_present;attempt_or_answer,deterministic_regex_v1
BC-HNMU-G7-R0034-STT5-AI06,HNMU-G7-R0034-STT5,7,Bài 3. Quản lí dữ liệu trong máy tính,"Mục 1, Trang 13 SGK",Hiểu,true,4,4-6,6,early_followup,data_information,student_reply_present;attempt_or_answer,deterministic_regex_v1
BC-HNMU-G7-R0035-STT6-AI02,HNMU-G7-R0035-STT6,7,Bài 3. Quản lí dữ liệu trong máy tính,"Mục 2, Trang 15 SGK",Hiểu,false,0,0,2,first_tutor_turn,hardware_network,initial_request,deterministic_regex_v1
BC-HNMU-G7-R0035-STT6-AI04,HNMU-G7-R0035-STT6,7,Bài 3. Quản lí dữ liệu trong máy tính,"Mục 2, Trang 15 SGK",Hiểu,true,2,2,4,early_followup,hardware_network,student_reply_present;attempt_or_answer,deterministic_regex_v1
BC-HNMU-G7-R0036-STT7-AI02,HNMU-G7-R0036-STT7,7,Bài 3. Quản lí dữ liệu trong máy tính,"Mục 1, Trang 14 SGK",Hiểu,false,0,0,2,first_tutor_turn,data_information,initial_request,deterministic_regex_v1
BC-HNMU-G7-R0036-STT7-AI04,HNMU-G7-R0036-STT7,7,Bài 3. Quản lí dữ liệu trong máy tính,"Mục 1, Trang 14 SGK",Hiểu,true,2,2,4,early_followup,data_information,student_reply_present;attempt_or_answer,deterministic_regex_v1
BC-HNMU-G7-R0036-STT7-AI06,HNMU-G7-R0036-STT7,7,Bài 3. Quản lí dữ liệu trong máy tính,"Mục 1, Trang 14 SGK",Hiểu,true,4,4-6,6,early_followup,data_information,student_reply_present;attempt_or_answer,deterministic_regex_v1
BC-HNMU-G7-R0037-STT8-AI02,HNMU-G7-R0037-STT8,7,Bài 3. Quản lí dữ liệu trong máy tính,"Mục 2, Trang 14 SGK",Hiểu,false,0,0,2,first_tutor_turn,digital_ethics_safety,initial_request,deterministic_regex_v1
BC-HNMU-G7-R0037-STT8-AI04,HNMU-G7-R0037-STT8,7,Bài 3. Quản lí dữ liệu trong máy tính,"Mục 2, Trang 14 SGK",Hiểu,true,2,2,4,early_followup,digital_ethics_safety,student_reply_present;short_confirmation,deterministic_regex_v1
BC-HNMU-G7-R0038-STT9-AI02,HNMU-G7-R0038-STT9,7,Bài 3. Quản lí dữ liệu trong máy tính,"Luyện tập 2, Trang 17 SGK",Hiểu,false,0,0,2,first_tutor_turn,digital_ethics_safety,initial_request,deterministic_regex_v1
BC-HNMU-G7-R0038-STT9-AI04,HNMU-G7-R0038-STT9,7,Bài 3. Quản lí dữ liệu trong máy tính,"Luyện tập 2, Trang 17 SGK",Hiểu,true,2,2,4,early_followup,digital_ethics_safety,student_reply_present;attempt_or_answer,deterministic_regex_v1
BC-HNMU-G7-R0039-STT10-AI02,HNMU-G7-R0039-STT10,7,Bài 3. Quản lí dữ liệu trong máy tính,"Mục 2, Trang 15 SGK",Hiểu,false,0,0,2,first_tutor_turn,data_information,initial_request,deterministic_regex_v1
BC-HNMU-G7-R0039-STT10-AI04,HNMU-G7-R0039-STT10,7,Bài 3. Quản lí dữ liệu trong máy tính,"Mục 2, Trang 15 SGK",Hiểu,true,2,2,4,early_followup,data_information,student_reply_present;attempt_or_answer,deterministic_regex_v1
BC-HNMU-G7-R0040-STT11-AI02,HNMU-G7-R0040-STT11,7,Bài 3. Quản lí dữ liệu trong máy tính,Trang 29 SGV,Vận dụng,false,0,0,2,first_tutor_turn,algorithm,initial_request,deterministic_regex_v1
BC-HNMU-G7-R0040-STT11-AI04,HNMU-G7-R0040-STT11,7,Bài 3. Quản lí dữ liệu trong máy tính,Trang 29 SGV,Vận dụng,true,2,2,4,early_followup,algorithm,student_reply_present;attempt_or_answer,deterministic_regex_v1
BC-HNMU-G7-R0040-STT11-AI06,HNMU-G7-R0040-STT11,7,Bài 3. Quản lí dữ liệu trong máy tính,Trang 29 SGV,Vận dụng,true,4,4-6,6,early_followup,algorithm,student_reply_present;attempt_or_answer,deterministic_regex_v1
BC-HNMU-G7-R0041-STT12-AI02,HNMU-G7-R0041-STT12,7,Bài 3. Quản lí dữ liệu trong máy tính,"Vận dụng 1, Trang 17 SGK",Vận dụng,false,0,0,2,first_tutor_turn,data_information,initial_request,deterministic_regex_v1
BC-HNMU-G7-R0041-STT12-AI04,HNMU-G7-R0041-STT12,7,Bài 3. Quản lí dữ liệu trong máy tính,"Vận dụng 1, Trang 17 SGK",Vận dụng,true,2,2,4,early_followup,data_information,student_reply_present;short_confirmation,deterministic_regex_v1
BC-HNMU-G7-R0041-STT12-AI06,HNMU-G7-R0041-STT12,7,Bài 3. Quản lí dữ liệu trong máy tính,"Vận dụng 1, Trang 17 SGK",Vận dụng,true,4,4-6,6,early_followup,data_information,student_reply_present;short_confirmation,deterministic_regex_v1
BC-HNMU-G7-R0042-STT13-AI02,HNMU-G7-R0042-STT13,7,Bài 3. Quản lí dữ liệu trong máy tính,Mục 3. Trang 17 SGK,Vận dụng,false,0,0,2,first_tutor_turn,data_information,initial_request,deterministic_regex_v1
BC-HNMU-G7-R0042-STT13-AI04,HNMU-G7-R0042-STT13,7,Bài 3. Quản lí dữ liệu trong máy tính,Mục 3. Trang 17 SGK,Vận dụng,true,2,2,4,early_followup,data_information,student_reply_present;attempt_or_answer,deterministic_regex_v1
BC-HNMU-G7-R0043-STT14-AI02,HNMU-G7-R0043-STT14,7,Bài 3. Quản lí dữ liệu trong máy tính,Mục 2. Trang 14-15 SGK,Vận dụng,false,0,0,2,first_tutor_turn,hardware_network,initial_request,deterministic_regex_v1
BC-HNMU-G7-R0043-STT14-AI04,HNMU-G7-R0043-STT14,7,Bài 3. Quản lí dữ liệu trong máy tính,Mục 2. Trang 14-15 SGK,Vận dụng,true,2,2,4,early_followup,hardware_network,student_reply_present;attempt_or_answer,deterministic_regex_v1
BC-HNMU-G7-R0043-STT14-AI06,HNMU-G7-R0043-STT14,7,Bài 3. Quản lí dữ liệu trong máy tính,Mục 2. Trang 14-15 SGK,Vận dụng,true,4,4-6,6,early_followup,hardware_network,student_reply_present;student_question,deterministic_regex_v1
BC-HNMU-G7-R0058-STT1-AI02,HNMU-G7-R0058-STT1,7,Bài 5. Ứng xử trên mạng,"Mục 1, Trang 23-24 SGK",Biết,false,0,0,2,first_tutor_turn,digital_ethics_safety,initial_request,deterministic_regex_v1
BC-HNMU-G7-R0058-STT1-AI04,HNMU-G7-R0058-STT1,7,Bài 5. Ứng xử trên mạng,"Mục 1, Trang 23-24 SGK",Biết,true,2,2,4,early_followup,digital_ethics_safety,student_reply_present;attempt_or_answer,deterministic_regex_v1
BC-HNMU-G7-R0058-STT1-AI06,HNMU-G7-R0058-STT1,7,Bài 5. Ứng xử trên mạng,"Mục 1, Trang 23-24 SGK",Biết,true,4,4-6,6,early_followup,digital_ethics_safety,student_reply_present;attempt_or_answer,deterministic_regex_v1
BC-HNMU-G7-R0059-STT2-AI02,HNMU-G7-R0059-STT2,7,Bài 5. Ứng xử trên mạng,"Luyện tập 1, Trang 27 SGK",Biết,false,0,0,2,first_tutor_turn,concept_or_other,initial_request,deterministic_regex_v1
BC-HNMU-G7-R0059-STT2-AI04,HNMU-G7-R0059-STT2,7,Bài 5. Ứng xử trên mạng,"Luyện tập 1, Trang 27 SGK",Biết,true,2,2,4,early_followup,concept_or_other,student_reply_present;attempt_or_answer,deterministic_regex_v1
BC-HNMU-G7-R0060-STT3-AI02,HNMU-G7-R0060-STT3,7,Bài 5. Ứng xử trên mạng,"Câu hỏi 1, Trang 24 SGK",Biết,false,0,0,2,first_tutor_turn,digital_ethics_safety,initial_request,deterministic_regex_v1
BC-HNMU-G7-R0060-STT3-AI04,HNMU-G7-R0060-STT3,7,Bài 5. Ứng xử trên mạng,"Câu hỏi 1, Trang 24 SGK",Biết,true,2,2,4,early_followup,digital_ethics_safety,student_reply_present;attempt_or_answer,deterministic_regex_v1
BC-HNMU-G7-R0061-STT4-AI02,HNMU-G7-R0061-STT4,7,Bài 5. Ứng xử trên mạng,"Mục 2, Trang 25-26 SGK",Biết,false,0,0,2,first_tutor_turn,hardware_network,initial_request,deterministic_regex_v1
BC-HNMU-G7-R0061-STT4-AI04,HNMU-G7-R0061-STT4,7,Bài 5. Ứng xử trên mạng,"Mục 2, Trang 25-26 SGK",Biết,true,2,2,4,early_followup,hardware_network,student_reply_present;attempt_or_answer,deterministic_regex_v1
BC-HNMU-G7-R0061-STT4-AI06,HNMU-G7-R0061-STT4,7,Bài 5. Ứng xử trên mạng,"Mục 2, Trang 25-26 SGK",Biết,true,4,4-6,6,early_followup,hardware_network,student_reply_present;attempt_or_answer,deterministic_regex_v1
BC-HNMU-G7-R0062-STT5-AI02,HNMU-G7-R0062-STT5,7,Bài 5. Ứng xử trên mạng,"Mục 2, Trang 24 SGK",Hiểu,false,0,0,2,first_tutor_turn,concept_or_other,initial_request,deterministic_regex_v1
BC-HNMU-G7-R0062-STT5-AI04,HNMU-G7-R0062-STT5,7,Bài 5. Ứng xử trên mạng,"Mục 2, Trang 24 SGK",Hiểu,true,2,2,4,early_followup,concept_or_other,student_reply_present;attempt_or_answer,deterministic_regex_v1
BC-HNMU-G7-R0062-STT5-AI06,HNMU-G7-R0062-STT5,7,Bài 5. Ứng xử trên mạng,"Mục 2, Trang 24 SGK",Hiểu,true,4,4-6,6,early_followup,concept_or_other,student_reply_present;attempt_or_answer,deterministic_regex_v1
BC-HNMU-G7-R0063-STT6-AI02,HNMU-G7-R0063-STT6,7,Bài 5. Ứng xử trên mạng,"Mục 2, Trang 24 SGK",Hiểu,false,0,0,2,first_tutor_turn,data_information,initial_request,deterministic_regex_v1
BC-HNMU-G7-R0063-STT6-AI04,HNMU-G7-R0063-STT6,7,Bài 5. Ứng xử trên mạng,"Mục 2, Trang 24 SGK",Hiểu,true,2,2,4,early_followup,data_information,student_reply_present;attempt_or_answer,deterministic_regex_v1
BC-HNMU-G7-R0063-STT6-AI06,HNMU-G7-R0063-STT6,7,Bài 5. Ứng xử trên mạng,"Mục 2, Trang 24 SGK",Hiểu,true,4,4-6,6,early_followup,data_information,student_reply_present;attempt_or_answer,deterministic_regex_v1
BC-HNMU-G7-R0066-STT9-AI02,HNMU-G7-R0066-STT9,7,Bài 5. Ứng xử trên mạng,"Lưu ý, Trang 36 SGV",Hiểu,false,0,0,2,first_tutor_turn,concept_or_other,initial_request,deterministic_regex_v1
BC-HNMU-G7-R0066-STT9-AI04,HNMU-G7-R0066-STT9,7,Bài 5. Ứng xử trên mạng,"Lưu ý, Trang 36 SGV",Hiểu,true,2,2,4,early_followup,concept_or_other,student_reply_present;attempt_or_answer,deterministic_regex_v1
BC-HNMU-G7-R0066-STT9-AI06,HNMU-G7-R0066-STT9,7,Bài 5. Ứng xử trên mạng,"Lưu ý, Trang 36 SGV",Hiểu,true,4,4-6,6,early_followup,concept_or_other,student_reply_present;attempt_or_answer,deterministic_regex_v1
BC-HNMU-G7-R0067-STT10-AI02,HNMU-G7-R0067-STT10,7,Bài 5. Ứng xử trên mạng,"Mục 3, Trang 26 SGK",Hiểu,false,0,0,2,first_tutor_turn,concept_or_other,initial_request,deterministic_regex_v1
BC-HNMU-G7-R0067-STT10-AI04,HNMU-G7-R0067-STT10,7,Bài 5. Ứng xử trên mạng,"Mục 3, Trang 26 SGK",Hiểu,true,2,2,4,early_followup,concept_or_other,student_reply_present;attempt_or_answer,deterministic_regex_v1
BC-HNMU-G7-R0067-STT10-AI06,HNMU-G7-R0067-STT10,7,Bài 5. Ứng xử trên mạng,"Mục 3, Trang 26 SGK",Hiểu,true,4,4-6,6,early_followup,concept_or_other,student_reply_present;attempt_or_answer,deterministic_regex_v1
BC-HNMU-G7-R0069-STT12-AI02,HNMU-G7-R0069-STT12,7,Bài 5. Ứng xử trên mạng,Vận dụng thực tế,Vận dụng,false,0,0,2,first_tutor_turn,concept_or_other,initial_request,deterministic_regex_v1
BC-HNMU-G7-R0069-STT12-AI04,HNMU-G7-R0069-STT12,7,Bài 5. Ứng xử trên mạng,Vận dụng thực tế,Vận dụng,true,2,2,4,early_followup,concept_or_other,student_reply_present;attempt_or_answer,deterministic_regex_v1
BC-HNMU-G7-R0069-STT12-AI06,HNMU-G7-R0069-STT12,7,Bài 5. Ứng xử trên mạng,Vận dụng thực tế,Vận dụng,true,4,4-6,6,early_followup,concept_or_other,student_reply_present;attempt_or_answer,deterministic_regex_v1
BC-HNMU-G7-R0071-STT14-AI02,HNMU-G7-R0071-STT14,7,Bài 5. Ứng xử trên mạng,"Vận dụng 1, Trang 27 SGK",Vận dụng,false,0,0,2,first_tutor_turn,concept_or_other,initial_request,deterministic_regex_v1
BC-HNMU-G7-R0071-STT14-AI04,HNMU-G7-R0071-STT14,7,Bài 5. Ứng xử trên mạng,"Vận dụng 1, Trang 27 SGK",Vận dụng,true,2,2,4,early_followup,concept_or_other,student_reply_present;attempt_or_answer,deterministic_regex_v1
BC-HNMU-G7-R0071-STT14-AI06,HNMU-G7-R0071-STT14,7,Bài 5. Ứng xử trên mạng,"Vận dụng 1, Trang 27 SGK",Vận dụng,true,4,4-6,6,early_followup,concept_or_other,student_reply_present;student_question,deterministic_regex_v1
BC-HNMU-G7-R0072-STT1-AI02,HNMU-G7-R0072-STT1,7,Bài 6: Làm quen với phần mềm bảng tính,Mục 1. Giao diện (Tr. 41 SGK),Biết,false,0,0,2,first_tutor_turn,spreadsheet,initial_request,deterministic_regex_v1
BC-HNMU-G7-R0072-STT1-AI04,HNMU-G7-R0072-STT1,7,Bài 6: Làm quen với phần mềm bảng tính,Mục 1. Giao diện (Tr. 41 SGK),Biết,true,2,2,4,early_followup,spreadsheet,student_reply_present;attempt_or_answer,deterministic_regex_v1
BC-HNMU-G7-R0073-STT2-AI02,HNMU-G7-R0073-STT2,7,Bài 6: Làm quen với phần mềm bảng tính,Mục 1. Giao diện (Tr. 42 SGK),Biết,false,0,0,2,first_tutor_turn,spreadsheet,initial_request,deterministic_regex_v1
BC-HNMU-G7-R0073-STT2-AI04,HNMU-G7-R0073-STT2,7,Bài 6: Làm quen với phần mềm bảng tính,Mục 1. Giao diện (Tr. 42 SGK),Biết,true,2,2,4,early_followup,spreadsheet,student_reply_present;attempt_or_answer,deterministic_regex_v1
BC-HNMU-G7-R0074-STT3-AI02,HNMU-G7-R0074-STT3,7,Bài 6: Làm quen với phần mềm bảng tính,Mục 1. Giao diện (Tr. 42 SGK),Biết,false,0,0,2,first_tutor_turn,spreadsheet,initial_request,deterministic_regex_v1
BC-HNMU-G7-R0074-STT3-AI04,HNMU-G7-R0074-STT3,7,Bài 6: Làm quen với phần mềm bảng tính,Mục 1. Giao diện (Tr. 42 SGK),Biết,true,2,2,4,early_followup,spreadsheet,student_reply_present;attempt_or_answer,deterministic_regex_v1
BC-HNMU-G7-R0074-STT3-AI06,HNMU-G7-R0074-STT3,7,Bài 6: Làm quen với phần mềm bảng tính,Mục 1. Giao diện (Tr. 42 SGK),Biết,true,4,4-6,6,early_followup,spreadsheet,student_reply_present;attempt_or_answer,deterministic_regex_v1
BC-HNMU-G7-R0075-STT4-AI02,HNMU-G7-R0075-STT4,7,Bài 6: Làm quen với phần mềm bảng tính,Mục 1. Giao diện (Tr. 42 SGK),Biết,false,0,0,2,first_tutor_turn,spreadsheet,initial_request,deterministic_regex_v1
BC-HNMU-G7-R0075-STT4-AI04,HNMU-G7-R0075-STT4,7,Bài 6: Làm quen với phần mềm bảng tính,Mục 1. Giao diện (Tr. 42 SGK),Biết,true,2,2,4,early_followup,spreadsheet,student_reply_present;student_question,deterministic_regex_v1
BC-HNMU-G7-R0076-STT5-AI02,HNMU-G7-R0076-STT5,7,Bài 6: Làm quen với phần mềm bảng tính,Mục 1. Hoạt động 1 (Tr. 41 SGK),Hiểu,false,0,0,2,first_tutor_turn,spreadsheet,initial_request,deterministic_regex_v1
BC-HNMU-G7-R0076-STT5-AI04,HNMU-G7-R0076-STT5,7,Bài 6: Làm quen với phần mềm bảng tính,Mục 1. Hoạt động 1 (Tr. 41 SGK),Hiểu,true,2,2,4,early_followup,spreadsheet,student_reply_present;attempt_or_answer,deterministic_regex_v1
BC-HNMU-G7-R0077-STT6-AI02,HNMU-G7-R0077-STT6,7,Bài 6: Làm quen với phần mềm bảng tính,Mục 1. Kiến thức mới (Tr. 42 SGK),Hiểu,false,0,0,2,first_tutor_turn,spreadsheet,initial_request,deterministic_regex_v1
BC-HNMU-G7-R0077-STT6-AI04,HNMU-G7-R0077-STT6,7,Bài 6: Làm quen với phần mềm bảng tính,Mục 1. Kiến thức mới (Tr. 42 SGK),Hiểu,true,2,2,4,early_followup,spreadsheet,student_reply_present;attempt_or_answer,deterministic_regex_v1
BC-HNMU-G7-R0079-STT8-AI02,HNMU-G7-R0079-STT8,7,Bài 6: Làm quen với phần mềm bảng tính,Mục 2. Nhập dữ liệu (Tr. 44 SGK),Hiểu,false,0,0,2,first_tutor_turn,spreadsheet,initial_request,deterministic_regex_v1
BC-HNMU-G7-R0079-STT8-AI04,HNMU-G7-R0079-STT8,7,Bài 6: Làm quen với phần mềm bảng tính,Mục 2. Nhập dữ liệu (Tr. 44 SGK),Hiểu,true,2,2,4,early_followup,spreadsheet,student_reply_present;attempt_or_answer,deterministic_regex_v1
BC-HNMU-G7-R0080-STT9-AI02,HNMU-G7-R0080-STT9,7,Bài 6: Làm quen với phần mềm bảng tính,Hình 4.2 (Tr. 42 SGK),Hiểu,false,0,0,2,first_tutor_turn,spreadsheet,initial_request,deterministic_regex_v1
BC-HNMU-G7-R0080-STT9-AI04,HNMU-G7-R0080-STT9,7,Bài 6: Làm quen với phần mềm bảng tính,Hình 4.2 (Tr. 42 SGK),Hiểu,true,2,2,4,early_followup,spreadsheet,student_reply_present;attempt_or_answer,deterministic_regex_v1
BC-HNMU-G7-R0081-STT10-AI02,HNMU-G7-R0081-STT10,7,Bài 6: Làm quen với phần mềm bảng tính,Mục 2. Lưu ý (Tr. 46 SGK),Hiểu,false,0,0,2,first_tutor_turn,spreadsheet,initial_request,deterministic_regex_v1
BC-HNMU-G7-R0081-STT10-AI04,HNMU-G7-R0081-STT10,7,Bài 6: Làm quen với phần mềm bảng tính,Mục 2. Lưu ý (Tr. 46 SGK),Hiểu,true,2,2,4,early_followup,spreadsheet,student_reply_present;short_confirmation,deterministic_regex_v1
BC-HNMU-G7-R0082-STT11-AI02,HNMU-G7-R0082-STT11,7,Bài 6: Làm quen với phần mềm bảng tính,Luyện tập 2 (Tr. 74 SGV),Hiểu,false,0,0,2,first_tutor_turn,spreadsheet,initial_request,deterministic_regex_v1
BC-HNMU-G7-R0082-STT11-AI04,HNMU-G7-R0082-STT11,7,Bài 6: Làm quen với phần mềm bảng tính,Luyện tập 2 (Tr. 74 SGV),Hiểu,true,2,2,4,early_followup,spreadsheet,student_reply_present;attempt_or_answer,deterministic_regex_v1
BC-HNMU-G7-R0082-STT11-AI06,HNMU-G7-R0082-STT11,7,Bài 6: Làm quen với phần mềm bảng tính,Luyện tập 2 (Tr. 74 SGV),Hiểu,true,4,4-6,6,early_followup,spreadsheet,student_reply_present;attempt_or_answer,deterministic_regex_v1
BC-HNMU-G7-R0083-STT12-AI02,HNMU-G7-R0083-STT12,7,Bài 6: Làm quen với phần mềm bảng tính,Mục 1. Giao diện (Tr. 42 SGK),Vận dụng,false,0,0,2,first_tutor_turn,spreadsheet,initial_request,deterministic_regex_v1
BC-HNMU-G7-R0083-STT12-AI04,HNMU-G7-R0083-STT12,7,Bài 6: Làm quen với phần mềm bảng tính,Mục 1. Giao diện (Tr. 42 SGK),Vận dụng,true,2,2,4,early_followup,spreadsheet,student_reply_present;short_confirmation,deterministic_regex_v1
BC-HNMU-G7-R0083-STT12-AI06,HNMU-G7-R0083-STT12,7,Bài 6: Làm quen với phần mềm bảng tính,Mục 1. Giao diện (Tr. 42 SGK),Vận dụng,true,4,4-6,6,early_followup,spreadsheet,student_reply_present;attempt_or_answer,deterministic_regex_v1
BC-HNMU-G7-R0084-STT13-AI02,HNMU-G7-R0084-STT13,7,Bài 6: Làm quen với phần mềm bảng tính,Mục 3. Thực hành (Tr. 46 SGK),Vận dụng,false,0,0,2,first_tutor_turn,spreadsheet,initial_request,deterministic_regex_v1
BC-HNMU-G7-R0084-STT13-AI04,HNMU-G7-R0084-STT13,7,Bài 6: Làm quen với phần mềm bảng tính,Mục 3. Thực hành (Tr. 46 SGK),Vận dụng,true,2,2,4,early_followup,spreadsheet,student_reply_present;attempt_or_answer,deterministic_regex_v1
BC-HNMU-G7-R0085-STT14-AI02,HNMU-G7-R0085-STT14,7,Bài 6: Làm quen với phần mềm bảng tính,SGV Tr. 74,Vận dụng,false,0,0,2,first_tutor_turn,spreadsheet,initial_request,deterministic_regex_v1
BC-HNMU-G7-R0085-STT14-AI04,HNMU-G7-R0085-STT14,7,Bài 6: Làm quen với phần mềm bảng tính,SGV Tr. 74,Vận dụng,true,2,2,4,early_followup,spreadsheet,student_reply_present;student_question,deterministic_regex_v1
BC-HNMU-G7-R0101-STT2-AI02,HNMU-G7-R0101-STT2,7,Bài 8: Công cụ hỗ trợ tính toán,Mục 1. Hàm (Tr. 52 SGK),Biết,false,0,0,2,first_tutor_turn,spreadsheet,initial_request,deterministic_regex_v1
BC-HNMU-G7-R0101-STT2-AI04,HNMU-G7-R0101-STT2,7,Bài 8: Công cụ hỗ trợ tính toán,Mục 1. Hàm (Tr. 52 SGK),Biết,true,2,2,4,early_followup,spreadsheet,student_reply_present;attempt_or_answer,deterministic_regex_v1
BC-HNMU-G7-R0104-STT5-AI02,HNMU-G7-R0104-STT5,7,Bài 8: Công cụ hỗ trợ tính toán,Hoạt động 1 (Tr. 52 SGK),Hiểu,false,0,0,2,first_tutor_turn,spreadsheet,initial_request,deterministic_regex_v1
BC-HNMU-G7-R0104-STT5-AI04,HNMU-G7-R0104-STT5,7,Bài 8: Công cụ hỗ trợ tính toán,Hoạt động 1 (Tr. 52 SGK),Hiểu,true,2,2,4,early_followup,spreadsheet,student_reply_present;attempt_or_answer,deterministic_regex_v1
BC-HNMU-G7-R0104-STT5-AI06,HNMU-G7-R0104-STT5,7,Bài 8: Công cụ hỗ trợ tính toán,Hoạt động 1 (Tr. 52 SGK),Hiểu,true,4,4-6,6,early_followup,spreadsheet,student_reply_present;attempt_or_answer,deterministic_regex_v1
BC-HNMU-G7-R0105-STT6-AI02,HNMU-G7-R0105-STT6,7,Bài 8: Công cụ hỗ trợ tính toán,Hình 8.2 (Tr. 52 SGK),Hiểu,false,0,0,2,first_tutor_turn,spreadsheet,initial_request,deterministic_regex_v1
BC-HNMU-G7-R0105-STT6-AI04,HNMU-G7-R0105-STT6,7,Bài 8: Công cụ hỗ trợ tính toán,Hình 8.2 (Tr. 52 SGK),Hiểu,true,2,2,4,early_followup,spreadsheet,student_reply_present;attempt_or_answer,deterministic_regex_v1
BC-HNMU-G7-R0106-STT7-AI02,HNMU-G7-R0106-STT7,7,Bài 8: Công cụ hỗ trợ tính toán,Luyện tập (Tr. 54 SGK),Hiểu,false,0,0,2,first_tutor_turn,concept_or_other,initial_request,deterministic_regex_v1
BC-HNMU-G7-R0106-STT7-AI04,HNMU-G7-R0106-STT7,7,Bài 8: Công cụ hỗ trợ tính toán,Luyện tập (Tr. 54 SGK),Hiểu,true,2,2,4,early_followup,concept_or_other,student_reply_present;attempt_or_answer,deterministic_regex_v1
BC-HNMU-G7-R0107-STT8-AI02,HNMU-G7-R0107-STT8,7,Bài 8: Công cụ hỗ trợ tính toán,Mục 1. Lưu ý (Tr. 53 SGK),Hiểu,false,0,0,2,first_tutor_turn,spreadsheet,initial_request,deterministic_regex_v1
BC-HNMU-G7-R0107-STT8-AI04,HNMU-G7-R0107-STT8,7,Bài 8: Công cụ hỗ trợ tính toán,Mục 1. Lưu ý (Tr. 53 SGK),Hiểu,true,2,2,4,early_followup,spreadsheet,student_reply_present;attempt_or_answer,deterministic_regex_v1
BC-HNMU-G7-R0107-STT8-AI06,HNMU-G7-R0107-STT8,7,Bài 8: Công cụ hỗ trợ tính toán,Mục 1. Lưu ý (Tr. 53 SGK),Hiểu,true,4,4-6,6,early_followup,spreadsheet,student_reply_present;attempt_or_answer,deterministic_regex_v1
BC-HNMU-G7-R0109-STT10-AI02,HNMU-G7-R0109-STT10,7,Bài 8: Công cụ hỗ trợ tính toán,Thực hành (Tr. 53 SGK),Hiểu,false,0,0,2,first_tutor_turn,spreadsheet,initial_request,deterministic_regex_v1
BC-HNMU-G7-R0109-STT10-AI04,HNMU-G7-R0109-STT10,7,Bài 8: Công cụ hỗ trợ tính toán,Thực hành (Tr. 53 SGK),Hiểu,true,2,2,4,early_followup,spreadsheet,student_reply_present;student_question,deterministic_regex_v1
BC-HNMU-G7-R0109-STT10-AI06,HNMU-G7-R0109-STT10,7,Bài 8: Công cụ hỗ trợ tính toán,Thực hành (Tr. 53 SGK),Hiểu,true,4,4-6,6,early_followup,spreadsheet,student_reply_present;attempt_or_answer,deterministic_regex_v1
BC-HNMU-G7-R0110-STT11-AI02,HNMU-G7-R0110-STT11,7,Bài 8: Công cụ hỗ trợ tính toán,Mục 3. Thực hành (Tr. 53 SGK),Vận dụng,false,0,0,2,first_tutor_turn,concept_or_other,initial_request,deterministic_regex_v1
BC-HNMU-G7-R0110-STT11-AI04,HNMU-G7-R0110-STT11,7,Bài 8: Công cụ hỗ trợ tính toán,Mục 3. Thực hành (Tr. 53 SGK),Vận dụng,true,2,2,4,early_followup,concept_or_other,student_reply_present;student_question,deterministic_regex_v1
BC-HNMU-G7-R0110-STT11-AI06,HNMU-G7-R0110-STT11,7,Bài 8: Công cụ hỗ trợ tính toán,Mục 3. Thực hành (Tr. 53 SGK),Vận dụng,true,4,4-6,6,early_followup,concept_or_other,student_reply_present;attempt_or_answer,deterministic_regex_v1
BC-HNMU-G7-R0111-STT12-AI02,HNMU-G7-R0111-STT12,7,Bài 8: Công cụ hỗ trợ tính toán,Vận dụng (Tr. 54 SGK),Vận dụng,false,0,0,2,first_tutor_turn,concept_or_other,initial_request,deterministic_regex_v1
BC-HNMU-G7-R0111-STT12-AI04,HNMU-G7-R0111-STT12,7,Bài 8: Công cụ hỗ trợ tính toán,Vận dụng (Tr. 54 SGK),Vận dụng,true,2,2,4,early_followup,concept_or_other,student_reply_present;short_confirmation,deterministic_regex_v1
BC-HNMU-G7-R0114-STT1-AI02,HNMU-G7-R0114-STT1,7,Bài 9: Trình bày bảng tính,Mục 1. Định dạng dữ liệu (Tr. 57 SGK),Biết,false,0,0,2,first_tutor_turn,spreadsheet,initial_request,deterministic_regex_v1
BC-HNMU-G7-R0114-STT1-AI04,HNMU-G7-R0114-STT1,7,Bài 9: Trình bày bảng tính,Mục 1. Định dạng dữ liệu (Tr. 57 SGK),Biết,true,2,2,4,early_followup,spreadsheet,student_reply_present;short_confirmation,deterministic_regex_v1
BC-HNMU-G7-R0115-STT2-AI02,HNMU-G7-R0115-STT2,7,Bài 9: Trình bày bảng tính,Mục 2. Trình bày bảng tính (Tr. 58 SGK),Biết,false,0,0,2,first_tutor_turn,spreadsheet,initial_request,deterministic_regex_v1
BC-HNMU-G7-R0115-STT2-AI04,HNMU-G7-R0115-STT2,7,Bài 9: Trình bày bảng tính,Mục 2. Trình bày bảng tính (Tr. 58 SGK),Biết,true,2,2,4,early_followup,spreadsheet,student_reply_present;short_confirmation,deterministic_regex_v1
BC-HNMU-G7-R0117-STT4-AI02,HNMU-G7-R0117-STT4,7,Bài 9: Trình bày bảng tính,Câu hỏi 1 (Tr. 75 SGV),Biết,false,0,0,2,first_tutor_turn,spreadsheet,initial_request,deterministic_regex_v1
BC-HNMU-G7-R0117-STT4-AI04,HNMU-G7-R0117-STT4,7,Bài 9: Trình bày bảng tính,Câu hỏi 1 (Tr. 75 SGV),Biết,true,2,2,4,early_followup,spreadsheet,student_reply_present;attempt_or_answer,deterministic_regex_v1
BC-HNMU-G7-R0118-STT5-AI02,HNMU-G7-R0118-STT5,7,Bài 9: Trình bày bảng tính,Mục 2. Trình bày bảng tính (Tr. 59 SGK),Hiểu,false,0,0,2,first_tutor_turn,spreadsheet,initial_request,deterministic_regex_v1
BC-HNMU-G7-R0118-STT5-AI04,HNMU-G7-R0118-STT5,7,Bài 9: Trình bày bảng tính,Mục 2. Trình bày bảng tính (Tr. 59 SGK),Hiểu,true,2,2,4,early_followup,spreadsheet,student_reply_present;attempt_or_answer,deterministic_regex_v1
BC-HNMU-G7-R0119-STT6-AI02,HNMU-G7-R0119-STT6,7,Bài 9: Trình bày bảng tính,Mục 2. Lưu ý (Tr. 59 SGK),Hiểu,false,0,0,2,first_tutor_turn,spreadsheet,initial_request,deterministic_regex_v1
BC-HNMU-G7-R0119-STT6-AI04,HNMU-G7-R0119-STT6,7,Bài 9: Trình bày bảng tính,Mục 2. Lưu ý (Tr. 59 SGK),Hiểu,true,2,2,4,early_followup,spreadsheet,student_reply_present;attempt_or_answer,deterministic_regex_v1
BC-HNMU-G7-R0121-STT8-AI02,HNMU-G7-R0121-STT8,7,Bài 9: Trình bày bảng tính,Câu hỏi 2 (Tr. 75 SGV),Hiểu,false,0,0,2,first_tutor_turn,spreadsheet,initial_request,deterministic_regex_v1
BC-HNMU-G7-R0121-STT8-AI04,HNMU-G7-R0121-STT8,7,Bài 9: Trình bày bảng tính,Câu hỏi 2 (Tr. 75 SGV),Hiểu,true,2,2,4,early_followup,spreadsheet,student_reply_present;attempt_or_answer,deterministic_regex_v1
BC-HNMU-G7-R0122-STT9-AI02,HNMU-G7-R0122-STT9,7,Bài 9: Trình bày bảng tính,Mục 1. Kiến thức mới (Tr. 57 SGK),Hiểu,false,0,0,2,first_tutor_turn,spreadsheet,initial_request,deterministic_regex_v1
BC-HNMU-G7-R0122-STT9-AI04,HNMU-G7-R0122-STT9,7,Bài 9: Trình bày bảng tính,Mục 1. Kiến thức mới (Tr. 57 SGK),Hiểu,true,2,2,4,early_followup,spreadsheet,student_reply_present;attempt_or_answer,deterministic_regex_v1
BC-HNMU-G7-R0124-STT11-AI02,HNMU-G7-R0124-STT11,7,Bài 9: Trình bày bảng tính,Vận dụng (Tr. 63 SGK),Vận dụng,false,0,0,2,first_tutor_turn,spreadsheet,initial_request,deterministic_regex_v1
BC-HNMU-G7-R0124-STT11-AI04,HNMU-G7-R0124-STT11,7,Bài 9: Trình bày bảng tính,Vận dụng (Tr. 63 SGK),Vận dụng,true,2,2,4,early_followup,spreadsheet,student_reply_present;student_question,deterministic_regex_v1
BC-HNMU-G7-R0125-STT12-AI02,HNMU-G7-R0125-STT12,7,Bài 9: Trình bày bảng tính,Câu hỏi 3-4 (Tr. 75 SGV),Vận dụng,false,0,0,2,first_tutor_turn,spreadsheet,initial_request,deterministic_regex_v1
BC-HNMU-G7-R0125-STT12-AI04,HNMU-G7-R0125-STT12,7,Bài 9: Trình bày bảng tính,Câu hỏi 3-4 (Tr. 75 SGV),Vận dụng,true,2,2,4,early_followup,spreadsheet,student_reply_present;attempt_or_answer,deterministic_regex_v1
BC-HNMU-G7-R0126-STT13-AI02,HNMU-G7-R0126-STT13,7,Bài 9: Trình bày bảng tính,Mục 3. Thực hành (Tr. 60 SGK),Vận dụng,false,0,0,2,first_tutor_turn,spreadsheet,initial_request,deterministic_regex_v1
BC-HNMU-G7-R0126-STT13-AI04,HNMU-G7-R0126-STT13,7,Bài 9: Trình bày bảng tính,Mục 3. Thực hành (Tr. 60 SGK),Vận dụng,true,2,2,4,early_followup,spreadsheet,student_reply_present;attempt_or_answer,deterministic_regex_v1
BC-HNMU-G7-R0127-STT14-AI02,HNMU-G7-R0127-STT14,7,Bài 9: Trình bày bảng tính,Mục 3. Thực hành (Tr. 60 SGK),Vận dụng,false,0,0,2,first_tutor_turn,spreadsheet,initial_request,deterministic_regex_v1
BC-HNMU-G7-R0127-STT14-AI04,HNMU-G7-R0127-STT14,7,Bài 9: Trình bày bảng tính,Mục 3. Thực hành (Tr. 60 SGK),Vận dụng,true,2,2,4,early_followup,spreadsheet,student_reply_present;student_question,deterministic_regex_v1
BC-HNMU-G7-R0142-STT1-AI02,HNMU-G7-R0142-STT1,7,Bài 11: Tạo bài trình chiếu,Mục 1. Trang 64,Biết,false,0,0,2,first_tutor_turn,multimedia_presentation,initial_request,deterministic_regex_v1
BC-HNMU-G7-R0142-STT1-AI04,HNMU-G7-R0142-STT1,7,Bài 11: Tạo bài trình chiếu,Mục 1. Trang 64,Biết,true,2,2,4,early_followup,multimedia_presentation,student_reply_present;attempt_or_answer,deterministic_regex_v1
BC-HNMU-G7-R0142-STT1-AI06,HNMU-G7-R0142-STT1,7,Bài 11: Tạo bài trình chiếu,Mục 1. Trang 64,Biết,true,4,4-6,6,early_followup,multimedia_presentation,student_reply_present;attempt_or_answer,deterministic_regex_v1
BC-HNMU-G7-R0143-STT2-AI02,HNMU-G7-R0143-STT2,7,Bài 11: Tạo bài trình chiếu,Mục 1. Trang 65,Biết,false,0,0,2,first_tutor_turn,multimedia_presentation,initial_request,deterministic_regex_v1
BC-HNMU-G7-R0143-STT2-AI04,HNMU-G7-R0143-STT2,7,Bài 11: Tạo bài trình chiếu,Mục 1. Trang 65,Biết,true,2,2,4,early_followup,multimedia_presentation,student_reply_present;attempt_or_answer,deterministic_regex_v1
BC-HNMU-G7-R0143-STT2-AI06,HNMU-G7-R0143-STT2,7,Bài 11: Tạo bài trình chiếu,Mục 1. Trang 65,Biết,true,4,4-6,6,early_followup,multimedia_presentation,student_reply_present;attempt_or_answer,deterministic_regex_v1
BC-HNMU-G7-R0144-STT3-AI02,HNMU-G7-R0144-STT3,7,Bài 11: Tạo bài trình chiếu,Mục 2. Trang 65,Biết,false,0,0,2,first_tutor_turn,multimedia_presentation,initial_request,deterministic_regex_v1
BC-HNMU-G7-R0144-STT3-AI04,HNMU-G7-R0144-STT3,7,Bài 11: Tạo bài trình chiếu,Mục 2. Trang 65,Biết,true,2,2,4,early_followup,multimedia_presentation,student_reply_present;attempt_or_answer,deterministic_regex_v1
BC-HNMU-G7-R0144-STT3-AI06,HNMU-G7-R0144-STT3,7,Bài 11: Tạo bài trình chiếu,Mục 2. Trang 65,Biết,true,4,4-6,6,early_followup,multimedia_presentation,student_reply_present;attempt_or_answer,deterministic_regex_v1
BC-HNMU-G7-R0145-STT4-AI02,HNMU-G7-R0145-STT4,7,Bài 11: Tạo bài trình chiếu,Mục 2. Trang 65 (Hộp kiến thức),Biết,false,0,0,2,first_tutor_turn,multimedia_presentation,initial_request,deterministic_regex_v1
BC-HNMU-G7-R0145-STT4-AI04,HNMU-G7-R0145-STT4,7,Bài 11: Tạo bài trình chiếu,Mục 2. Trang 65 (Hộp kiến thức),Biết,true,2,2,4,early_followup,multimedia_presentation,student_reply_present;attempt_or_answer,deterministic_regex_v1
BC-HNMU-G7-R0146-STT5-AI02,HNMU-G7-R0146-STT5,7,Bài 11: Tạo bài trình chiếu,Mục 1. Trang 64 (Câu hỏi sinh thêm),Hiểu,false,0,0,2,first_tutor_turn,multimedia_presentation,initial_request,deterministic_regex_v1
BC-HNMU-G7-R0146-STT5-AI04,HNMU-G7-R0146-STT5,7,Bài 11: Tạo bài trình chiếu,Mục 1. Trang 64 (Câu hỏi sinh thêm),Hiểu,true,2,2,4,early_followup,multimedia_presentation,student_reply_present;attempt_or_answer,deterministic_regex_v1
BC-HNMU-G7-R0146-STT5-AI06,HNMU-G7-R0146-STT5,7,Bài 11: Tạo bài trình chiếu,Mục 1. Trang 64 (Câu hỏi sinh thêm),Hiểu,true,4,4-6,6,early_followup,multimedia_presentation,student_reply_present;attempt_or_answer,deterministic_regex_v1
BC-HNMU-G7-R0147-STT6-AI02,HNMU-G7-R0147-STT6,7,Bài 11: Tạo bài trình chiếu,Câu hỏi củng cố. Trang 65,Hiểu,false,0,0,2,first_tutor_turn,multimedia_presentation,initial_request,deterministic_regex_v1
BC-HNMU-G7-R0147-STT6-AI04,HNMU-G7-R0147-STT6,7,Bài 11: Tạo bài trình chiếu,Câu hỏi củng cố. Trang 65,Hiểu,true,2,2,4,early_followup,multimedia_presentation,student_reply_present;attempt_or_answer,deterministic_regex_v1
BC-HNMU-G7-R0148-STT7-AI02,HNMU-G7-R0148-STT7,7,Bài 11: Tạo bài trình chiếu,Mục 2. Trang 65,Hiểu,false,0,0,2,first_tutor_turn,multimedia_presentation,initial_request,deterministic_regex_v1
BC-HNMU-G7-R0148-STT7-AI04,HNMU-G7-R0148-STT7,7,Bài 11: Tạo bài trình chiếu,Mục 2. Trang 65,Hiểu,true,2,2,4,early_followup,multimedia_presentation,student_reply_present;attempt_or_answer,deterministic_regex_v1
BC-HNMU-G7-R0149-STT8-AI02,HNMU-G7-R0149-STT8,7,Bài 11: Tạo bài trình chiếu,Mục 2. Trang 65 (Câu hỏi sinh thêm),Hiểu,false,0,0,2,first_tutor_turn,multimedia_presentation,initial_request,deterministic_regex_v1
BC-HNMU-G7-R0149-STT8-AI04,HNMU-G7-R0149-STT8,7,Bài 11: Tạo bài trình chiếu,Mục 2. Trang 65 (Câu hỏi sinh thêm),Hiểu,true,2,2,4,early_followup,multimedia_presentation,student_reply_present;attempt_or_answer,deterministic_regex_v1
BC-HNMU-G7-R0150-STT9-AI02,HNMU-G7-R0150-STT9,7,Bài 11: Tạo bài trình chiếu,Luyện tập. Trang 65 (Sinh thêm),Hiểu,false,0,0,2,first_tutor_turn,multimedia_presentation,initial_request,deterministic_regex_v1
BC-HNMU-G7-R0150-STT9-AI04,HNMU-G7-R0150-STT9,7,Bài 11: Tạo bài trình chiếu,Luyện tập. Trang 65 (Sinh thêm),Hiểu,true,2,2,4,early_followup,multimedia_presentation,student_reply_present;attempt_or_answer,deterministic_regex_v1
BC-HNMU-G7-R0151-STT10-AI02,HNMU-G7-R0151-STT10,7,Bài 11: Tạo bài trình chiếu,Mục 2. Trang 65 (Sinh thêm),Hiểu,false,0,0,2,first_tutor_turn,multimedia_presentation,initial_request,deterministic_regex_v1
BC-HNMU-G7-R0151-STT10-AI04,HNMU-G7-R0151-STT10,7,Bài 11: Tạo bài trình chiếu,Mục 2. Trang 65 (Sinh thêm),Hiểu,true,2,2,4,early_followup,multimedia_presentation,student_reply_present;attempt_or_answer,deterministic_regex_v1
BC-HNMU-G7-R0152-STT11-AI02,HNMU-G7-R0152-STT11,7,Bài 11: Tạo bài trình chiếu,Vận dụng. Trang 65 (Luyện tập thực hành),Vận dụng,false,0,0,2,first_tutor_turn,multimedia_presentation,initial_request,deterministic_regex_v1
BC-HNMU-G7-R0152-STT11-AI04,HNMU-G7-R0152-STT11,7,Bài 11: Tạo bài trình chiếu,Vận dụng. Trang 65 (Luyện tập thực hành),Vận dụng,true,2,2,4,early_followup,multimedia_presentation,student_reply_present;attempt_or_answer,deterministic_regex_v1
BC-HNMU-G7-R0153-STT12-AI02,HNMU-G7-R0153-STT12,7,Bài 11: Tạo bài trình chiếu,Mục 2. Trang 65 (Luyện tập thao tác),Vận dụng,false,0,0,2,first_tutor_turn,multimedia_presentation,initial_request,deterministic_regex_v1
BC-HNMU-G7-R0153-STT12-AI04,HNMU-G7-R0153-STT12,7,Bài 11: Tạo bài trình chiếu,Mục 2. Trang 65 (Luyện tập thao tác),Vận dụng,true,2,2,4,early_followup,multimedia_presentation,student_reply_present;attempt_or_answer,deterministic_regex_v1
BC-HNMU-G7-R0156-STT1-AI02,HNMU-G7-R0156-STT1,7,Bài 12: Định dạng đối tượng trên trang chiếu,Mục 1. Trang 69,Biết,false,0,0,2,first_tutor_turn,multimedia_presentation,initial_request,deterministic_regex_v1
BC-HNMU-G7-R0156-STT1-AI04,HNMU-G7-R0156-STT1,7,Bài 12: Định dạng đối tượng trên trang chiếu,Mục 1. Trang 69,Biết,true,2,2,4,early_followup,multimedia_presentation,student_reply_present;attempt_or_answer,deterministic_regex_v1
BC-HNMU-G7-R0156-STT1-AI06,HNMU-G7-R0156-STT1,7,Bài 12: Định dạng đối tượng trên trang chiếu,Mục 1. Trang 69,Biết,true,4,4-6,6,early_followup,multimedia_presentation,student_reply_present;attempt_or_answer,deterministic_regex_v1
BC-HNMU-G7-R0156-STT1-AI08,HNMU-G7-R0156-STT1,7,Bài 12: Định dạng đối tượng trên trang chiếu,Mục 1. Trang 69,Biết,true,6,4-6,8,later_followup,multimedia_presentation,student_reply_present;attempt_or_answer,deterministic_regex_v1
BC-HNMU-G7-R0156-STT1-AI10,HNMU-G7-R0156-STT1,7,Bài 12: Định dạng đối tượng trên trang chiếu,Mục 1. Trang 69,Biết,true,8,8+,10,later_followup,multimedia_presentation,student_reply_present;attempt_or_answer,deterministic_regex_v1
BC-HNMU-G7-R0157-STT2-AI02,HNMU-G7-R0157-STT2,7,Bài 12: Định dạng đối tượng trên trang chiếu,Mục 1. Trang 70 (Câu hỏi củng cố),Biết,false,0,0,2,first_tutor_turn,multimedia_presentation,initial_request,deterministic_regex_v1
BC-HNMU-G7-R0157-STT2-AI04,HNMU-G7-R0157-STT2,7,Bài 12: Định dạng đối tượng trên trang chiếu,Mục 1. Trang 70 (Câu hỏi củng cố),Biết,true,2,2,4,early_followup,multimedia_presentation,student_reply_present;attempt_or_answer,deterministic_regex_v1
BC-HNMU-G7-R0157-STT2-AI06,HNMU-G7-R0157-STT2,7,Bài 12: Định dạng đối tượng trên trang chiếu,Mục 1. Trang 70 (Câu hỏi củng cố),Biết,true,4,4-6,6,early_followup,multimedia_presentation,student_reply_present;attempt_or_answer,deterministic_regex_v1
BC-HNMU-G7-R0157-STT2-AI08,HNMU-G7-R0157-STT2,7,Bài 12: Định dạng đối tượng trên trang chiếu,Mục 1. Trang 70 (Câu hỏi củng cố),Biết,true,6,4-6,8,later_followup,multimedia_presentation,student_reply_present;attempt_or_answer,deterministic_regex_v1
BC-HNMU-G7-R0157-STT2-AI10,HNMU-G7-R0157-STT2,7,Bài 12: Định dạng đối tượng trên trang chiếu,Mục 1. Trang 70 (Câu hỏi củng cố),Biết,true,8,8+,10,later_followup,multimedia_presentation,student_reply_present;attempt_or_answer,deterministic_regex_v1
BC-HNMU-G7-R0158-STT3-AI02,HNMU-G7-R0158-STT3,7,Bài 12: Định dạng đối tượng trên trang chiếu,Mục 2. Trang 70,Biết,false,0,0,2,first_tutor_turn,multimedia_presentation,initial_request,deterministic_regex_v1
BC-HNMU-G7-R0158-STT3-AI04,HNMU-G7-R0158-STT3,7,Bài 12: Định dạng đối tượng trên trang chiếu,Mục 2. Trang 70,Biết,true,2,2,4,early_followup,multimedia_presentation,student_reply_present;attempt_or_answer,deterministic_regex_v1
BC-HNMU-G7-R0158-STT3-AI06,HNMU-G7-R0158-STT3,7,Bài 12: Định dạng đối tượng trên trang chiếu,Mục 2. Trang 70,Biết,true,4,4-6,6,early_followup,multimedia_presentation,student_reply_present;attempt_or_answer,deterministic_regex_v1
BC-HNMU-G7-R0158-STT3-AI08,HNMU-G7-R0158-STT3,7,Bài 12: Định dạng đối tượng trên trang chiếu,Mục 2. Trang 70,Biết,true,6,4-6,8,later_followup,multimedia_presentation,student_reply_present;attempt_or_answer,deterministic_regex_v1
BC-HNMU-G7-R0158-STT3-AI10,HNMU-G7-R0158-STT3,7,Bài 12: Định dạng đối tượng trên trang chiếu,Mục 2. Trang 70,Biết,true,8,8+,10,later_followup,multimedia_presentation,student_reply_present;attempt_or_answer,deterministic_regex_v1
BC-HNMU-G7-R0159-STT4-AI02,HNMU-G7-R0159-STT4,7,Bài 12: Định dạng đối tượng trên trang chiếu,Mục 2. Trang 70,Biết,false,0,0,2,first_tutor_turn,multimedia_presentation,initial_request,deterministic_regex_v1
BC-HNMU-G7-R0159-STT4-AI04,HNMU-G7-R0159-STT4,7,Bài 12: Định dạng đối tượng trên trang chiếu,Mục 2. Trang 70,Biết,true,2,2,4,early_followup,multimedia_presentation,student_reply_present;attempt_or_answer,deterministic_regex_v1
BC-HNMU-G7-R0159-STT4-AI06,HNMU-G7-R0159-STT4,7,Bài 12: Định dạng đối tượng trên trang chiếu,Mục 2. Trang 70,Biết,true,4,4-6,6,early_followup,multimedia_presentation,student_reply_present;attempt_or_answer,deterministic_regex_v1
BC-HNMU-G7-R0159-STT4-AI08,HNMU-G7-R0159-STT4,7,Bài 12: Định dạng đối tượng trên trang chiếu,Mục 2. Trang 70,Biết,true,6,4-6,8,later_followup,multimedia_presentation,student_reply_present;attempt_or_answer,deterministic_regex_v1
BC-HNMU-G7-R0160-STT5-AI02,HNMU-G7-R0160-STT5,7,Bài 12: Định dạng đối tượng trên trang chiếu,Mục 1. Trang 69 (Sinh thêm),Hiểu,false,0,0,2,first_tutor_turn,multimedia_presentation,initial_request,deterministic_regex_v1
BC-HNMU-G7-R0160-STT5-AI04,HNMU-G7-R0160-STT5,7,Bài 12: Định dạng đối tượng trên trang chiếu,Mục 1. Trang 69 (Sinh thêm),Hiểu,true,2,2,4,early_followup,multimedia_presentation,student_reply_present;explicit_uncertainty,deterministic_regex_v1
BC-HNMU-G7-R0160-STT5-AI06,HNMU-G7-R0160-STT5,7,Bài 12: Định dạng đối tượng trên trang chiếu,Mục 1. Trang 69 (Sinh thêm),Hiểu,true,4,4-6,6,early_followup,multimedia_presentation,student_reply_present;explicit_uncertainty,deterministic_regex_v1
BC-HNMU-G7-R0160-STT5-AI08,HNMU-G7-R0160-STT5,7,Bài 12: Định dạng đối tượng trên trang chiếu,Mục 1. Trang 69 (Sinh thêm),Hiểu,true,6,4-6,8,later_followup,multimedia_presentation,student_reply_present;attempt_or_answer,deterministic_regex_v1
BC-HNMU-G7-R0161-STT6-AI02,HNMU-G7-R0161-STT6,7,Bài 12: Định dạng đối tượng trên trang chiếu,Mục 2. Trang 70,Hiểu,false,0,0,2,first_tutor_turn,multimedia_presentation,initial_request,deterministic_regex_v1
BC-HNMU-G7-R0161-STT6-AI04,HNMU-G7-R0161-STT6,7,Bài 12: Định dạng đối tượng trên trang chiếu,Mục 2. Trang 70,Hiểu,true,2,2,4,early_followup,multimedia_presentation,student_reply_present;attempt_or_answer,deterministic_regex_v1
BC-HNMU-G7-R0161-STT6-AI06,HNMU-G7-R0161-STT6,7,Bài 12: Định dạng đối tượng trên trang chiếu,Mục 2. Trang 70,Hiểu,true,4,4-6,6,early_followup,multimedia_presentation,student_reply_present;attempt_or_answer,deterministic_regex_v1
BC-HNMU-G7-R0161-STT6-AI08,HNMU-G7-R0161-STT6,7,Bài 12: Định dạng đối tượng trên trang chiếu,Mục 2. Trang 70,Hiểu,true,6,4-6,8,later_followup,multimedia_presentation,student_reply_present;attempt_or_answer,deterministic_regex_v1
BC-HNMU-G7-R0161-STT6-AI10,HNMU-G7-R0161-STT6,7,Bài 12: Định dạng đối tượng trên trang chiếu,Mục 2. Trang 70,Hiểu,true,8,8+,10,later_followup,multimedia_presentation,student_reply_present;attempt_or_answer,deterministic_regex_v1
BC-HNMU-G7-R0162-STT7-AI02,HNMU-G7-R0162-STT7,7,Bài 12: Định dạng đối tượng trên trang chiếu,Mục 2. Trang 70 (Sinh thêm),Hiểu,false,0,0,2,first_tutor_turn,multimedia_presentation,initial_request,deterministic_regex_v1
BC-HNMU-G7-R0162-STT7-AI04,HNMU-G7-R0162-STT7,7,Bài 12: Định dạng đối tượng trên trang chiếu,Mục 2. Trang 70 (Sinh thêm),Hiểu,true,2,2,4,early_followup,multimedia_presentation,student_reply_present;attempt_or_answer,deterministic_regex_v1
BC-HNMU-G7-R0162-STT7-AI06,HNMU-G7-R0162-STT7,7,Bài 12: Định dạng đối tượng trên trang chiếu,Mục 2. Trang 70 (Sinh thêm),Hiểu,true,4,4-6,6,early_followup,multimedia_presentation,student_reply_present;attempt_or_answer,deterministic_regex_v1
BC-HNMU-G7-R0162-STT7-AI08,HNMU-G7-R0162-STT7,7,Bài 12: Định dạng đối tượng trên trang chiếu,Mục 2. Trang 70 (Sinh thêm),Hiểu,true,6,4-6,8,later_followup,multimedia_presentation,student_reply_present;attempt_or_answer,deterministic_regex_v1
BC-HNMU-G7-R0162-STT7-AI10,HNMU-G7-R0162-STT7,7,Bài 12: Định dạng đối tượng trên trang chiếu,Mục 2. Trang 70 (Sinh thêm),Hiểu,true,8,8+,10,later_followup,multimedia_presentation,student_reply_present;attempt_or_answer,deterministic_regex_v1
BC-HNMU-G7-R0163-STT8-AI02,HNMU-G7-R0163-STT8,7,Bài 12: Định dạng đối tượng trên trang chiếu,Câu hỏi củng cố Mục 2. Trang 70,Hiểu,false,0,0,2,first_tutor_turn,multimedia_presentation,initial_request,deterministic_regex_v1
BC-HNMU-G7-R0163-STT8-AI04,HNMU-G7-R0163-STT8,7,Bài 12: Định dạng đối tượng trên trang chiếu,Câu hỏi củng cố Mục 2. Trang 70,Hiểu,true,2,2,4,early_followup,multimedia_presentation,student_reply_present;short_confirmation,deterministic_regex_v1
BC-HNMU-G7-R0163-STT8-AI06,HNMU-G7-R0163-STT8,7,Bài 12: Định dạng đối tượng trên trang chiếu,Câu hỏi củng cố Mục 2. Trang 70,Hiểu,true,4,4-6,6,early_followup,multimedia_presentation,student_reply_present;attempt_or_answer,deterministic_regex_v1
BC-HNMU-G7-R0163-STT8-AI08,HNMU-G7-R0163-STT8,7,Bài 12: Định dạng đối tượng trên trang chiếu,Câu hỏi củng cố Mục 2. Trang 70,Hiểu,true,6,4-6,8,later_followup,multimedia_presentation,student_reply_present;attempt_or_answer,deterministic_regex_v1
BC-HNMU-G7-R0163-STT8-AI10,HNMU-G7-R0163-STT8,7,Bài 12: Định dạng đối tượng trên trang chiếu,Câu hỏi củng cố Mục 2. Trang 70,Hiểu,true,8,8+,10,later_followup,multimedia_presentation,student_reply_present;attempt_or_answer,deterministic_regex_v1
BC-HNMU-G7-R0164-STT9-AI02,HNMU-G7-R0164-STT9,7,Bài 12: Định dạng đối tượng trên trang chiếu,Mục 3. Trang 71,Hiểu,false,0,0,2,first_tutor_turn,multimedia_presentation,initial_request,deterministic_regex_v1
BC-HNMU-G7-R0164-STT9-AI04,HNMU-G7-R0164-STT9,7,Bài 12: Định dạng đối tượng trên trang chiếu,Mục 3. Trang 71,Hiểu,true,2,2,4,early_followup,multimedia_presentation,student_reply_present;student_question,deterministic_regex_v1
BC-HNMU-G7-R0164-STT9-AI06,HNMU-G7-R0164-STT9,7,Bài 12: Định dạng đối tượng trên trang chiếu,Mục 3. Trang 71,Hiểu,true,4,4-6,6,early_followup,multimedia_presentation,student_reply_present;attempt_or_answer,deterministic_regex_v1
BC-HNMU-G7-R0164-STT9-AI08,HNMU-G7-R0164-STT9,7,Bài 12: Định dạng đối tượng trên trang chiếu,Mục 3. Trang 71,Hiểu,true,6,4-6,8,later_followup,multimedia_presentation,student_reply_present;attempt_or_answer,deterministic_regex_v1
BC-HNMU-G7-R0164-STT9-AI10,HNMU-G7-R0164-STT9,7,Bài 12: Định dạng đối tượng trên trang chiếu,Mục 3. Trang 71,Hiểu,true,8,8+,10,later_followup,multimedia_presentation,student_reply_present;attempt_or_answer,deterministic_regex_v1
BC-HNMU-G7-R0165-STT10-AI02,HNMU-G7-R0165-STT10,7,Bài 12: Định dạng đối tượng trên trang chiếu,Mục 3. Trang 71 (Kiến thức bổ sung),Hiểu,false,0,0,2,first_tutor_turn,multimedia_presentation,initial_request,deterministic_regex_v1
BC-HNMU-G7-R0165-STT10-AI04,HNMU-G7-R0165-STT10,7,Bài 12: Định dạng đối tượng trên trang chiếu,Mục 3. Trang 71 (Kiến thức bổ sung),Hiểu,true,2,2,4,early_followup,multimedia_presentation,student_reply_present;attempt_or_answer,deterministic_regex_v1
BC-HNMU-G7-R0165-STT10-AI06,HNMU-G7-R0165-STT10,7,Bài 12: Định dạng đối tượng trên trang chiếu,Mục 3. Trang 71 (Kiến thức bổ sung),Hiểu,true,4,4-6,6,early_followup,multimedia_presentation,student_reply_present;student_question,deterministic_regex_v1
BC-HNMU-G7-R0165-STT10-AI08,HNMU-G7-R0165-STT10,7,Bài 12: Định dạng đối tượng trên trang chiếu,Mục 3. Trang 71 (Kiến thức bổ sung),Hiểu,true,6,4-6,8,later_followup,multimedia_presentation,student_reply_present;student_question,deterministic_regex_v1
BC-HNMU-G7-R0165-STT10-AI10,HNMU-G7-R0165-STT10,7,Bài 12: Định dạng đối tượng trên trang chiếu,Mục 3. Trang 71 (Kiến thức bổ sung),Hiểu,true,8,8+,10,later_followup,multimedia_presentation,student_reply_present;attempt_or_answer,deterministic_regex_v1
BC-HNMU-G7-R0166-STT11-AI02,HNMU-G7-R0166-STT11,7,Bài 12: Định dạng đối tượng trên trang chiếu,Mục 3. Trang 71,Vận dụng,false,0,0,2,first_tutor_turn,multimedia_presentation,initial_request,deterministic_regex_v1
BC-HNMU-G7-R0166-STT11-AI04,HNMU-G7-R0166-STT11,7,Bài 12: Định dạng đối tượng trên trang chiếu,Mục 3. Trang 71,Vận dụng,true,2,2,4,early_followup,multimedia_presentation,student_reply_present;student_question,deterministic_regex_v1
BC-HNMU-G7-R0166-STT11-AI06,HNMU-G7-R0166-STT11,7,Bài 12: Định dạng đối tượng trên trang chiếu,Mục 3. Trang 71,Vận dụng,true,4,4-6,6,early_followup,multimedia_presentation,student_reply_present;attempt_or_answer,deterministic_regex_v1
BC-HNMU-G7-R0166-STT11-AI08,HNMU-G7-R0166-STT11,7,Bài 12: Định dạng đối tượng trên trang chiếu,Mục 3. Trang 71,Vận dụng,true,6,4-6,8,later_followup,multimedia_presentation,student_reply_present;attempt_or_answer,deterministic_regex_v1
BC-HNMU-G7-R0166-STT11-AI10,HNMU-G7-R0166-STT11,7,Bài 12: Định dạng đối tượng trên trang chiếu,Mục 3. Trang 71,Vận dụng,true,8,8+,10,later_followup,multimedia_presentation,student_reply_present;attempt_or_answer,deterministic_regex_v1
BC-HNMU-G7-R0166-STT11-AI12,HNMU-G7-R0166-STT11,7,Bài 12: Định dạng đối tượng trên trang chiếu,Mục 3. Trang 71,Vận dụng,true,10,8+,12,later_followup,multimedia_presentation,student_reply_present;attempt_or_answer,deterministic_regex_v1
BC-HNMU-G7-R0167-STT12-AI02,HNMU-G7-R0167-STT12,7,Bài 12: Định dạng đối tượng trên trang chiếu,Mục 3. Trang 71,Vận dụng,false,0,0,2,first_tutor_turn,multimedia_presentation,initial_request,deterministic_regex_v1
BC-HNMU-G7-R0167-STT12-AI04,HNMU-G7-R0167-STT12,7,Bài 12: Định dạng đối tượng trên trang chiếu,Mục 3. Trang 71,Vận dụng,true,2,2,4,early_followup,multimedia_presentation,student_reply_present;student_question,deterministic_regex_v1
BC-HNMU-G7-R0167-STT12-AI06,HNMU-G7-R0167-STT12,7,Bài 12: Định dạng đối tượng trên trang chiếu,Mục 3. Trang 71,Vận dụng,true,4,4-6,6,early_followup,multimedia_presentation,student_reply_present;attempt_or_answer,deterministic_regex_v1
BC-HNMU-G7-R0167-STT12-AI08,HNMU-G7-R0167-STT12,7,Bài 12: Định dạng đối tượng trên trang chiếu,Mục 3. Trang 71,Vận dụng,true,6,4-6,8,later_followup,multimedia_presentation,student_reply_present;short_confirmation,deterministic_regex_v1
BC-HNMU-G7-R0167-STT12-AI10,HNMU-G7-R0167-STT12,7,Bài 12: Định dạng đối tượng trên trang chiếu,Mục 3. Trang 71,Vận dụng,true,8,8+,10,later_followup,multimedia_presentation,student_reply_present;attempt_or_answer,deterministic_regex_v1
BC-HNMU-G7-R0168-STT13-AI02,HNMU-G7-R0168-STT13,7,Bài 12: Định dạng đối tượng trên trang chiếu,Mục 3. Trang 71 (Kiến thức bổ sung),Vận dụng,false,0,0,2,first_tutor_turn,multimedia_presentation,initial_request,deterministic_regex_v1
BC-HNMU-G7-R0168-STT13-AI04,HNMU-G7-R0168-STT13,7,Bài 12: Định dạng đối tượng trên trang chiếu,Mục 3. Trang 71 (Kiến thức bổ sung),Vận dụng,true,2,2,4,early_followup,multimedia_presentation,student_reply_present;attempt_or_answer,deterministic_regex_v1
BC-HNMU-G7-R0168-STT13-AI06,HNMU-G7-R0168-STT13,7,Bài 12: Định dạng đối tượng trên trang chiếu,Mục 3. Trang 71 (Kiến thức bổ sung),Vận dụng,true,4,4-6,6,early_followup,multimedia_presentation,student_reply_present;attempt_or_answer,deterministic_regex_v1
BC-HNMU-G7-R0168-STT13-AI08,HNMU-G7-R0168-STT13,7,Bài 12: Định dạng đối tượng trên trang chiếu,Mục 3. Trang 71 (Kiến thức bổ sung),Vận dụng,true,6,4-6,8,later_followup,multimedia_presentation,student_reply_present;attempt_or_answer,deterministic_regex_v1
BC-HNMU-G7-R0168-STT13-AI10,HNMU-G7-R0168-STT13,7,Bài 12: Định dạng đối tượng trên trang chiếu,Mục 3. Trang 71 (Kiến thức bổ sung),Vận dụng,true,8,8+,10,later_followup,multimedia_presentation,student_reply_present;attempt_or_answer,deterministic_regex_v1
BC-HNMU-G7-R0169-STT14-AI02,HNMU-G7-R0169-STT14,7,Bài 12: Định dạng đối tượng trên trang chiếu,Luyện tập. Trang 71,Vận dụng,false,0,0,2,first_tutor_turn,multimedia_presentation,initial_request,deterministic_regex_v1
BC-HNMU-G7-R0169-STT14-AI04,HNMU-G7-R0169-STT14,7,Bài 12: Định dạng đối tượng trên trang chiếu,Luyện tập. Trang 71,Vận dụng,true,2,2,4,early_followup,multimedia_presentation,student_reply_present;attempt_or_answer,deterministic_regex_v1
BC-HNMU-G7-R0169-STT14-AI06,HNMU-G7-R0169-STT14,7,Bài 12: Định dạng đối tượng trên trang chiếu,Luyện tập. Trang 71,Vận dụng,true,4,4-6,6,early_followup,multimedia_presentation,student_reply_present;student_question,deterministic_regex_v1
BC-HNMU-G7-R0169-STT14-AI08,HNMU-G7-R0169-STT14,7,Bài 12: Định dạng đối tượng trên trang chiếu,Luyện tập. Trang 71,Vận dụng,true,6,4-6,8,later_followup,multimedia_presentation,student_reply_present;attempt_or_answer,deterministic_regex_v1
BC-HNMU-G7-R0169-STT14-AI10,HNMU-G7-R0169-STT14,7,Bài 12: Định dạng đối tượng trên trang chiếu,Luyện tập. Trang 71,Vận dụng,true,8,8+,10,later_followup,multimedia_presentation,student_reply_present;attempt_or_answer,deterministic_regex_v1
BC-HNMU-G7-R0184-STT1-AI02,HNMU-G7-R0184-STT1,7,Bài 14. Thuật toán tìm kiếm tuần tự,"Phần Luyện tập (Trang 80, SGK)",Biết,false,0,0,2,first_tutor_turn,algorithm,initial_request,deterministic_regex_v1
BC-HNMU-G7-R0184-STT1-AI04,HNMU-G7-R0184-STT1,7,Bài 14. Thuật toán tìm kiếm tuần tự,"Phần Luyện tập (Trang 80, SGK)",Biết,true,2,2,4,early_followup,algorithm,student_reply_present;attempt_or_answer,deterministic_regex_v1
BC-HNMU-G7-R0184-STT1-AI06,HNMU-G7-R0184-STT1,7,Bài 14. Thuật toán tìm kiếm tuần tự,"Phần Luyện tập (Trang 80, SGK)",Biết,true,4,4-6,6,early_followup,algorithm,student_reply_present;attempt_or_answer,deterministic_regex_v1
BC-HNMU-G7-R0184-STT1-AI08,HNMU-G7-R0184-STT1,7,Bài 14. Thuật toán tìm kiếm tuần tự,"Phần Luyện tập (Trang 80, SGK)",Biết,true,6,4-6,8,later_followup,algorithm,student_reply_present;attempt_or_answer,deterministic_regex_v1
BC-HNMU-G7-R0185-STT2-AI02,HNMU-G7-R0185-STT2,7,Bài 14. Thuật toán tìm kiếm tuần tự,"Phần Luyện tập (Trang 80, SGK)",Biết,false,0,0,2,first_tutor_turn,algorithm,initial_request,deterministic_regex_v1
BC-HNMU-G7-R0185-STT2-AI04,HNMU-G7-R0185-STT2,7,Bài 14. Thuật toán tìm kiếm tuần tự,"Phần Luyện tập (Trang 80, SGK)",Biết,true,2,2,4,early_followup,algorithm,student_reply_present;attempt_or_answer,deterministic_regex_v1
BC-HNMU-G7-R0185-STT2-AI06,HNMU-G7-R0185-STT2,7,Bài 14. Thuật toán tìm kiếm tuần tự,"Phần Luyện tập (Trang 80, SGK)",Biết,true,4,4-6,6,early_followup,algorithm,student_reply_present;attempt_or_answer,deterministic_regex_v1
BC-HNMU-G7-R0185-STT2-AI08,HNMU-G7-R0185-STT2,7,Bài 14. Thuật toán tìm kiếm tuần tự,"Phần Luyện tập (Trang 80, SGK)",Biết,true,6,4-6,8,later_followup,algorithm,student_reply_present;attempt_or_answer,deterministic_regex_v1
BC-HNMU-G7-R0186-STT3-AI02,HNMU-G7-R0186-STT3,7,Bài 14. Thuật toán tìm kiếm tuần tự,"Mục 1. Thuật toán tìm kiếm tuần tự (Trang 78, SGK)",Biết,false,0,0,2,first_tutor_turn,algorithm,initial_request,deterministic_regex_v1
BC-HNMU-G7-R0186-STT3-AI04,HNMU-G7-R0186-STT3,7,Bài 14. Thuật toán tìm kiếm tuần tự,"Mục 1. Thuật toán tìm kiếm tuần tự (Trang 78, SGK)",Biết,true,2,2,4,early_followup,algorithm,student_reply_present;attempt_or_answer,deterministic_regex_v1
BC-HNMU-G7-R0186-STT3-AI06,HNMU-G7-R0186-STT3,7,Bài 14. Thuật toán tìm kiếm tuần tự,"Mục 1. Thuật toán tìm kiếm tuần tự (Trang 78, SGK)",Biết,true,4,4-6,6,early_followup,algorithm,student_reply_present;attempt_or_answer,deterministic_regex_v1
BC-HNMU-G7-R0186-STT3-AI08,HNMU-G7-R0186-STT3,7,Bài 14. Thuật toán tìm kiếm tuần tự,"Mục 1. Thuật toán tìm kiếm tuần tự (Trang 78, SGK)",Biết,true,6,4-6,8,later_followup,algorithm,student_reply_present;attempt_or_answer,deterministic_regex_v1
BC-HNMU-G7-R0186-STT3-AI10,HNMU-G7-R0186-STT3,7,Bài 14. Thuật toán tìm kiếm tuần tự,"Mục 1. Thuật toán tìm kiếm tuần tự (Trang 78, SGK)",Biết,true,8,8+,10,later_followup,algorithm,student_reply_present;attempt_or_answer,deterministic_regex_v1
BC-HNMU-G7-R0187-STT4-AI02,HNMU-G7-R0187-STT4,7,Bài 14. Thuật toán tìm kiếm tuần tự,"Hoạt động 1 (Trang 78, SGK)",Biết,false,0,0,2,first_tutor_turn,algorithm,initial_request,deterministic_regex_v1
BC-HNMU-G7-R0187-STT4-AI04,HNMU-G7-R0187-STT4,7,Bài 14. Thuật toán tìm kiếm tuần tự,"Hoạt động 1 (Trang 78, SGK)",Biết,true,2,2,4,early_followup,algorithm,student_reply_present;attempt_or_answer,deterministic_regex_v1
BC-HNMU-G7-R0187-STT4-AI06,HNMU-G7-R0187-STT4,7,Bài 14. Thuật toán tìm kiếm tuần tự,"Hoạt động 1 (Trang 78, SGK)",Biết,true,4,4-6,6,early_followup,algorithm,student_reply_present;attempt_or_answer,deterministic_regex_v1
BC-HNMU-G7-R0187-STT4-AI08,HNMU-G7-R0187-STT4,7,Bài 14. Thuật toán tìm kiếm tuần tự,"Hoạt động 1 (Trang 78, SGK)",Biết,true,6,4-6,8,later_followup,algorithm,student_reply_present;attempt_or_answer,deterministic_regex_v1
BC-HNMU-G7-R0187-STT4-AI10,HNMU-G7-R0187-STT4,7,Bài 14. Thuật toán tìm kiếm tuần tự,"Hoạt động 1 (Trang 78, SGK)",Biết,true,8,8+,10,later_followup,algorithm,student_reply_present;attempt_or_answer,deterministic_regex_v1
BC-HNMU-G7-R0188-STT5-AI02,HNMU-G7-R0188-STT5,7,Bài 14. Thuật toán tìm kiếm tuần tự,"Câu 2 phần Đánh giá (Trang 90, SGV)",Hiểu,false,0,0,2,first_tutor_turn,algorithm,initial_request,deterministic_regex_v1
BC-HNMU-G7-R0188-STT5-AI04,HNMU-G7-R0188-STT5,7,Bài 14. Thuật toán tìm kiếm tuần tự,"Câu 2 phần Đánh giá (Trang 90, SGV)",Hiểu,true,2,2,4,early_followup,algorithm,student_reply_present;student_question,deterministic_regex_v1
BC-HNMU-G7-R0188-STT5-AI06,HNMU-G7-R0188-STT5,7,Bài 14. Thuật toán tìm kiếm tuần tự,"Câu 2 phần Đánh giá (Trang 90, SGV)",Hiểu,true,4,4-6,6,early_followup,algorithm,student_reply_present;attempt_or_answer,deterministic_regex_v1
BC-HNMU-G7-R0188-STT5-AI08,HNMU-G7-R0188-STT5,7,Bài 14. Thuật toán tìm kiếm tuần tự,"Câu 2 phần Đánh giá (Trang 90, SGV)",Hiểu,true,6,4-6,8,later_followup,algorithm,student_reply_present;attempt_or_answer,deterministic_regex_v1
BC-HNMU-G7-R0188-STT5-AI10,HNMU-G7-R0188-STT5,7,Bài 14. Thuật toán tìm kiếm tuần tự,"Câu 2 phần Đánh giá (Trang 90, SGV)",Hiểu,true,8,8+,10,later_followup,algorithm,student_reply_present;attempt_or_answer,deterministic_regex_v1
BC-HNMU-G7-R0189-STT6-AI02,HNMU-G7-R0189-STT6,7,Bài 14. Thuật toán tìm kiếm tuần tự,"Câu 3 phần Đánh giá (Trang 90, SGV)",Hiểu,false,0,0,2,first_tutor_turn,algorithm,initial_request,deterministic_regex_v1
BC-HNMU-G7-R0189-STT6-AI04,HNMU-G7-R0189-STT6,7,Bài 14. Thuật toán tìm kiếm tuần tự,"Câu 3 phần Đánh giá (Trang 90, SGV)",Hiểu,true,2,2,4,early_followup,algorithm,student_reply_present;attempt_or_answer,deterministic_regex_v1
BC-HNMU-G7-R0189-STT6-AI06,HNMU-G7-R0189-STT6,7,Bài 14. Thuật toán tìm kiếm tuần tự,"Câu 3 phần Đánh giá (Trang 90, SGV)",Hiểu,true,4,4-6,6,early_followup,algorithm,student_reply_present;attempt_or_answer,deterministic_regex_v1
BC-HNMU-G7-R0189-STT6-AI08,HNMU-G7-R0189-STT6,7,Bài 14. Thuật toán tìm kiếm tuần tự,"Câu 3 phần Đánh giá (Trang 90, SGV)",Hiểu,true,6,4-6,8,later_followup,algorithm,student_reply_present;attempt_or_answer,deterministic_regex_v1
BC-HNMU-G7-R0189-STT6-AI10,HNMU-G7-R0189-STT6,7,Bài 14. Thuật toán tìm kiếm tuần tự,"Câu 3 phần Đánh giá (Trang 90, SGV)",Hiểu,true,8,8+,10,later_followup,algorithm,student_reply_present;attempt_or_answer,deterministic_regex_v1
BC-HNMU-G7-R0190-STT7-AI02,HNMU-G7-R0190-STT7,7,Bài 14. Thuật toán tìm kiếm tuần tự,"Câu 4 phần Đánh giá (Trang 90, SGV)",Hiểu,false,0,0,2,first_tutor_turn,algorithm,initial_request,deterministic_regex_v1
BC-HNMU-G7-R0190-STT7-AI04,HNMU-G7-R0190-STT7,7,Bài 14. Thuật toán tìm kiếm tuần tự,"Câu 4 phần Đánh giá (Trang 90, SGV)",Hiểu,true,2,2,4,early_followup,algorithm,student_reply_present;attempt_or_answer,deterministic_regex_v1
BC-HNMU-G7-R0190-STT7-AI06,HNMU-G7-R0190-STT7,7,Bài 14. Thuật toán tìm kiếm tuần tự,"Câu 4 phần Đánh giá (Trang 90, SGV)",Hiểu,true,4,4-6,6,early_followup,algorithm,student_reply_present;attempt_or_answer,deterministic_regex_v1
BC-HNMU-G7-R0190-STT7-AI08,HNMU-G7-R0190-STT7,7,Bài 14. Thuật toán tìm kiếm tuần tự,"Câu 4 phần Đánh giá (Trang 90, SGV)",Hiểu,true,6,4-6,8,later_followup,algorithm,student_reply_present;attempt_or_answer,deterministic_regex_v1
BC-HNMU-G7-R0190-STT7-AI10,HNMU-G7-R0190-STT7,7,Bài 14. Thuật toán tìm kiếm tuần tự,"Câu 4 phần Đánh giá (Trang 90, SGV)",Hiểu,true,8,8+,10,later_followup,algorithm,student_reply_present;attempt_or_answer,deterministic_regex_v1
BC-HNMU-G7-R0191-STT8-AI02,HNMU-G7-R0191-STT8,7,Bài 14. Thuật toán tìm kiếm tuần tự,"Mục 1 (Trang 78, SGK)",Hiểu,false,0,0,2,first_tutor_turn,algorithm,initial_request,deterministic_regex_v1
BC-HNMU-G7-R0191-STT8-AI04,HNMU-G7-R0191-STT8,7,Bài 14. Thuật toán tìm kiếm tuần tự,"Mục 1 (Trang 78, SGK)",Hiểu,true,2,2,4,early_followup,algorithm,student_reply_present;attempt_or_answer,deterministic_regex_v1
BC-HNMU-G7-R0191-STT8-AI06,HNMU-G7-R0191-STT8,7,Bài 14. Thuật toán tìm kiếm tuần tự,"Mục 1 (Trang 78, SGK)",Hiểu,true,4,4-6,6,early_followup,algorithm,student_reply_present;attempt_or_answer,deterministic_regex_v1
BC-HNMU-G7-R0191-STT8-AI08,HNMU-G7-R0191-STT8,7,Bài 14. Thuật toán tìm kiếm tuần tự,"Mục 1 (Trang 78, SGK)",Hiểu,true,6,4-6,8,later_followup,algorithm,student_reply_present;attempt_or_answer,deterministic_regex_v1
BC-HNMU-G7-R0192-STT9-AI02,HNMU-G7-R0192-STT9,7,Bài 14. Thuật toán tìm kiếm tuần tự,"Mục 1 (Trang 78, SGK)",Hiểu,false,0,0,2,first_tutor_turn,algorithm,initial_request,deterministic_regex_v1
BC-HNMU-G7-R0192-STT9-AI04,HNMU-G7-R0192-STT9,7,Bài 14. Thuật toán tìm kiếm tuần tự,"Mục 1 (Trang 78, SGK)",Hiểu,true,2,2,4,early_followup,algorithm,student_reply_present;attempt_or_answer,deterministic_regex_v1
BC-HNMU-G7-R0192-STT9-AI06,HNMU-G7-R0192-STT9,7,Bài 14. Thuật toán tìm kiếm tuần tự,"Mục 1 (Trang 78, SGK)",Hiểu,true,4,4-6,6,early_followup,algorithm,student_reply_present;attempt_or_answer,deterministic_regex_v1
BC-HNMU-G7-R0192-STT9-AI08,HNMU-G7-R0192-STT9,7,Bài 14. Thuật toán tìm kiếm tuần tự,"Mục 1 (Trang 78, SGK)",Hiểu,true,6,4-6,8,later_followup,algorithm,student_reply_present;attempt_or_answer,deterministic_regex_v1
BC-HNMU-G7-R0192-STT9-AI10,HNMU-G7-R0192-STT9,7,Bài 14. Thuật toán tìm kiếm tuần tự,"Mục 1 (Trang 78, SGK)",Hiểu,true,8,8+,10,later_followup,algorithm,student_reply_present;attempt_or_answer,deterministic_regex_v1
BC-HNMU-G7-R0193-STT10-AI02,HNMU-G7-R0193-STT10,7,Bài 14. Thuật toán tìm kiếm tuần tự,"Phần Luyện tập (Trang 79, SGK - Câu hỏi sinh thêm)",Hiểu,false,0,0,2,first_tutor_turn,algorithm,initial_request,deterministic_regex_v1
BC-HNMU-G7-R0193-STT10-AI04,HNMU-G7-R0193-STT10,7,Bài 14. Thuật toán tìm kiếm tuần tự,"Phần Luyện tập (Trang 79, SGK - Câu hỏi sinh thêm)",Hiểu,true,2,2,4,early_followup,algorithm,student_reply_present;attempt_or_answer,deterministic_regex_v1
BC-HNMU-G7-R0193-STT10-AI06,HNMU-G7-R0193-STT10,7,Bài 14. Thuật toán tìm kiếm tuần tự,"Phần Luyện tập (Trang 79, SGK - Câu hỏi sinh thêm)",Hiểu,true,4,4-6,6,early_followup,algorithm,student_reply_present;attempt_or_answer,deterministic_regex_v1
BC-HNMU-G7-R0193-STT10-AI08,HNMU-G7-R0193-STT10,7,Bài 14. Thuật toán tìm kiếm tuần tự,"Phần Luyện tập (Trang 79, SGK - Câu hỏi sinh thêm)",Hiểu,true,6,4-6,8,later_followup,algorithm,student_reply_present;attempt_or_answer,deterministic_regex_v1
BC-HNMU-G7-R0193-STT10-AI10,HNMU-G7-R0193-STT10,7,Bài 14. Thuật toán tìm kiếm tuần tự,"Phần Luyện tập (Trang 79, SGK - Câu hỏi sinh thêm)",Hiểu,true,8,8+,10,later_followup,algorithm,student_reply_present;attempt_or_answer,deterministic_regex_v1
BC-HNMU-G7-R0194-STT11-AI02,HNMU-G7-R0194-STT11,7,Bài 14. Thuật toán tìm kiếm tuần tự,"Phần Vận dụng (Trang 80, SGK)",Vận dụng,false,0,0,2,first_tutor_turn,algorithm,initial_request,deterministic_regex_v1
BC-HNMU-G7-R0194-STT11-AI04,HNMU-G7-R0194-STT11,7,Bài 14. Thuật toán tìm kiếm tuần tự,"Phần Vận dụng (Trang 80, SGK)",Vận dụng,true,2,2,4,early_followup,algorithm,student_reply_present;attempt_or_answer,deterministic_regex_v1
BC-HNMU-G7-R0194-STT11-AI06,HNMU-G7-R0194-STT11,7,Bài 14. Thuật toán tìm kiếm tuần tự,"Phần Vận dụng (Trang 80, SGK)",Vận dụng,true,4,4-6,6,early_followup,algorithm,student_reply_present;attempt_or_answer,deterministic_regex_v1
BC-HNMU-G7-R0194-STT11-AI08,HNMU-G7-R0194-STT11,7,Bài 14. Thuật toán tìm kiếm tuần tự,"Phần Vận dụng (Trang 80, SGK)",Vận dụng,true,6,4-6,8,later_followup,algorithm,student_reply_present;attempt_or_answer,deterministic_regex_v1
BC-HNMU-G7-R0194-STT11-AI10,HNMU-G7-R0194-STT11,7,Bài 14. Thuật toán tìm kiếm tuần tự,"Phần Vận dụng (Trang 80, SGK)",Vận dụng,true,8,8+,10,later_followup,algorithm,student_reply_present;attempt_or_answer,deterministic_regex_v1
BC-HNMU-G7-R0196-STT13-AI02,HNMU-G7-R0196-STT13,7,Bài 14. Thuật toán tìm kiếm tuần tự,"Phần Luyện tập (Trang 79, SGK - Câu hỏi sinh thêm)",Vận dụng,false,0,0,2,first_tutor_turn,code_programming,initial_request,deterministic_regex_v1
BC-HNMU-G7-R0196-STT13-AI04,HNMU-G7-R0196-STT13,7,Bài 14. Thuật toán tìm kiếm tuần tự,"Phần Luyện tập (Trang 79, SGK - Câu hỏi sinh thêm)",Vận dụng,true,2,2,4,early_followup,code_programming,student_reply_present;attempt_or_answer,deterministic_regex_v1
BC-HNMU-G7-R0196-STT13-AI06,HNMU-G7-R0196-STT13,7,Bài 14. Thuật toán tìm kiếm tuần tự,"Phần Luyện tập (Trang 79, SGK - Câu hỏi sinh thêm)",Vận dụng,true,4,4-6,6,early_followup,code_programming,student_reply_present;attempt_or_answer,deterministic_regex_v1
BC-HNMU-G7-R0196-STT13-AI08,HNMU-G7-R0196-STT13,7,Bài 14. Thuật toán tìm kiếm tuần tự,"Phần Luyện tập (Trang 79, SGK - Câu hỏi sinh thêm)",Vận dụng,true,6,4-6,8,later_followup,code_programming,student_reply_present;attempt_or_answer,deterministic_regex_v1
BC-HNMU-G7-R0196-STT13-AI10,HNMU-G7-R0196-STT13,7,Bài 14. Thuật toán tìm kiếm tuần tự,"Phần Luyện tập (Trang 79, SGK - Câu hỏi sinh thêm)",Vận dụng,true,8,8+,10,later_followup,code_programming,student_reply_present;attempt_or_answer,deterministic_regex_v1
BC-HNMU-G7-R0197-STT14-AI02,HNMU-G7-R0197-STT14,7,Bài 14. Thuật toán tìm kiếm tuần tự,"Phần Luyện tập (Trang 79, SGK - Câu hỏi sinh thêm)",Vận dụng,false,0,0,2,first_tutor_turn,code_programming,initial_request,deterministic_regex_v1
BC-HNMU-G7-R0197-STT14-AI04,HNMU-G7-R0197-STT14,7,Bài 14. Thuật toán tìm kiếm tuần tự,"Phần Luyện tập (Trang 79, SGK - Câu hỏi sinh thêm)",Vận dụng,true,2,2,4,early_followup,code_programming,student_reply_present;attempt_or_answer,deterministic_regex_v1
BC-HNMU-G7-R0197-STT14-AI06,HNMU-G7-R0197-STT14,7,Bài 14. Thuật toán tìm kiếm tuần tự,"Phần Luyện tập (Trang 79, SGK - Câu hỏi sinh thêm)",Vận dụng,true,4,4-6,6,early_followup,code_programming,student_reply_present;attempt_or_answer,deterministic_regex_v1
BC-HNMU-G7-R0197-STT14-AI08,HNMU-G7-R0197-STT14,7,Bài 14. Thuật toán tìm kiếm tuần tự,"Phần Luyện tập (Trang 79, SGK - Câu hỏi sinh thêm)",Vận dụng,true,6,4-6,8,later_followup,code_programming,student_reply_present;attempt_or_answer,deterministic_regex_v1
BC-HNMU-G7-R0197-STT14-AI10,HNMU-G7-R0197-STT14,7,Bài 14. Thuật toán tìm kiếm tuần tự,"Phần Luyện tập (Trang 79, SGK - Câu hỏi sinh thêm)",Vận dụng,true,8,8+,10,later_followup,code_programming,student_reply_present;attempt_or_answer,deterministic_regex_v1
BC-HNMU-G7-R0197-STT14-AI12,HNMU-G7-R0197-STT14,7,Bài 14. Thuật toán tìm kiếm tuần tự,"Phần Luyện tập (Trang 79, SGK - Câu hỏi sinh thêm)",Vận dụng,true,10,8+,12,later_followup,code_programming,student_reply_present;attempt_or_answer,deterministic_regex_v1
BC-HNMU-G7-R0198-STT1-AI02,HNMU-G7-R0198-STT1,7,Bài 15. Thuật toán tìm kiếm nhị phân,"Hoạt động khởi động (Trang 81, SGK)",Biết,false,0,0,2,first_tutor_turn,algorithm,initial_request,deterministic_regex_v1
BC-HNMU-G7-R0198-STT1-AI04,HNMU-G7-R0198-STT1,7,Bài 15. Thuật toán tìm kiếm nhị phân,"Hoạt động khởi động (Trang 81, SGK)",Biết,true,2,2,4,early_followup,algorithm,student_reply_present;attempt_or_answer,deterministic_regex_v1
BC-HNMU-G7-R0198-STT1-AI06,HNMU-G7-R0198-STT1,7,Bài 15. Thuật toán tìm kiếm nhị phân,"Hoạt động khởi động (Trang 81, SGK)",Biết,true,4,4-6,6,early_followup,algorithm,student_reply_present;attempt_or_answer,deterministic_regex_v1
BC-HNMU-G7-R0198-STT1-AI08,HNMU-G7-R0198-STT1,7,Bài 15. Thuật toán tìm kiếm nhị phân,"Hoạt động khởi động (Trang 81, SGK)",Biết,true,6,4-6,8,later_followup,algorithm,student_reply_present;attempt_or_answer,deterministic_regex_v1
BC-HNMU-G7-R0198-STT1-AI10,HNMU-G7-R0198-STT1,7,Bài 15. Thuật toán tìm kiếm nhị phân,"Hoạt động khởi động (Trang 81, SGK)",Biết,true,8,8+,10,later_followup,algorithm,student_reply_present;attempt_or_answer,deterministic_regex_v1
BC-HNMU-G7-R0199-STT2-AI02,HNMU-G7-R0199-STT2,7,Bài 15. Thuật toán tìm kiếm nhị phân,"Mục 1 (Trang 82, SGK)",Biết,false,0,0,2,first_tutor_turn,algorithm,initial_request,deterministic_regex_v1
BC-HNMU-G7-R0199-STT2-AI04,HNMU-G7-R0199-STT2,7,Bài 15. Thuật toán tìm kiếm nhị phân,"Mục 1 (Trang 82, SGK)",Biết,true,2,2,4,early_followup,algorithm,student_reply_present;attempt_or_answer,deterministic_regex_v1
BC-HNMU-G7-R0199-STT2-AI06,HNMU-G7-R0199-STT2,7,Bài 15. Thuật toán tìm kiếm nhị phân,"Mục 1 (Trang 82, SGK)",Biết,true,4,4-6,6,early_followup,algorithm,student_reply_present;attempt_or_answer,deterministic_regex_v1
BC-HNMU-G7-R0199-STT2-AI08,HNMU-G7-R0199-STT2,7,Bài 15. Thuật toán tìm kiếm nhị phân,"Mục 1 (Trang 82, SGK)",Biết,true,6,4-6,8,later_followup,algorithm,student_reply_present;explicit_uncertainty,deterministic_regex_v1
BC-HNMU-G7-R0199-STT2-AI10,HNMU-G7-R0199-STT2,7,Bài 15. Thuật toán tìm kiếm nhị phân,"Mục 1 (Trang 82, SGK)",Biết,true,8,8+,10,later_followup,algorithm,student_reply_present;attempt_or_answer,deterministic_regex_v1
BC-HNMU-G7-R0200-STT3-AI02,HNMU-G7-R0200-STT3,7,Bài 15. Thuật toán tìm kiếm nhị phân,"Mục 1 (Trang 82, SGK)",Biết,false,0,0,2,first_tutor_turn,algorithm,initial_request,deterministic_regex_v1
BC-HNMU-G7-R0200-STT3-AI04,HNMU-G7-R0200-STT3,7,Bài 15. Thuật toán tìm kiếm nhị phân,"Mục 1 (Trang 82, SGK)",Biết,true,2,2,4,early_followup,algorithm,student_reply_present;attempt_or_answer,deterministic_regex_v1
BC-HNMU-G7-R0200-STT3-AI06,HNMU-G7-R0200-STT3,7,Bài 15. Thuật toán tìm kiếm nhị phân,"Mục 1 (Trang 82, SGK)",Biết,true,4,4-6,6,early_followup,algorithm,student_reply_present;attempt_or_answer,deterministic_regex_v1
BC-HNMU-G7-R0200-STT3-AI08,HNMU-G7-R0200-STT3,7,Bài 15. Thuật toán tìm kiếm nhị phân,"Mục 1 (Trang 82, SGK)",Biết,true,6,4-6,8,later_followup,algorithm,student_reply_present;attempt_or_answer,deterministic_regex_v1
BC-HNMU-G7-R0200-STT3-AI10,HNMU-G7-R0200-STT3,7,Bài 15. Thuật toán tìm kiếm nhị phân,"Mục 1 (Trang 82, SGK)",Biết,true,8,8+,10,later_followup,algorithm,student_reply_present;attempt_or_answer,deterministic_regex_v1
BC-HNMU-G7-R0201-STT4-AI02,HNMU-G7-R0201-STT4,7,Bài 15. Thuật toán tìm kiếm nhị phân,"Mục 1 (Trang 82, SGK)",Biết,false,0,0,2,first_tutor_turn,algorithm,initial_request,deterministic_regex_v1
BC-HNMU-G7-R0201-STT4-AI04,HNMU-G7-R0201-STT4,7,Bài 15. Thuật toán tìm kiếm nhị phân,"Mục 1 (Trang 82, SGK)",Biết,true,2,2,4,early_followup,algorithm,student_reply_present;attempt_or_answer,deterministic_regex_v1
BC-HNMU-G7-R0201-STT4-AI06,HNMU-G7-R0201-STT4,7,Bài 15. Thuật toán tìm kiếm nhị phân,"Mục 1 (Trang 82, SGK)",Biết,true,4,4-6,6,early_followup,algorithm,student_reply_present;attempt_or_answer,deterministic_regex_v1
BC-HNMU-G7-R0201-STT4-AI08,HNMU-G7-R0201-STT4,7,Bài 15. Thuật toán tìm kiếm nhị phân,"Mục 1 (Trang 82, SGK)",Biết,true,6,4-6,8,later_followup,algorithm,student_reply_present;attempt_or_answer,deterministic_regex_v1
BC-HNMU-G7-R0201-STT4-AI10,HNMU-G7-R0201-STT4,7,Bài 15. Thuật toán tìm kiếm nhị phân,"Mục 1 (Trang 82, SGK)",Biết,true,8,8+,10,later_followup,algorithm,student_reply_present;attempt_or_answer,deterministic_regex_v1
BC-HNMU-G7-R0201-STT4-AI12,HNMU-G7-R0201-STT4,7,Bài 15. Thuật toán tìm kiếm nhị phân,"Mục 1 (Trang 82, SGK)",Biết,true,10,8+,12,later_followup,algorithm,student_reply_present;attempt_or_answer,deterministic_regex_v1
BC-HNMU-G7-R0202-STT5-AI02,HNMU-G7-R0202-STT5,7,Bài 15. Thuật toán tìm kiếm nhị phân,"Mục 2 (Trang 83, SGK)",Hiểu,false,0,0,2,first_tutor_turn,algorithm,initial_request,deterministic_regex_v1
BC-HNMU-G7-R0202-STT5-AI04,HNMU-G7-R0202-STT5,7,Bài 15. Thuật toán tìm kiếm nhị phân,"Mục 2 (Trang 83, SGK)",Hiểu,true,2,2,4,early_followup,algorithm,student_reply_present;attempt_or_answer,deterministic_regex_v1
BC-HNMU-G7-R0202-STT5-AI06,HNMU-G7-R0202-STT5,7,Bài 15. Thuật toán tìm kiếm nhị phân,"Mục 2 (Trang 83, SGK)",Hiểu,true,4,4-6,6,early_followup,algorithm,student_reply_present;attempt_or_answer,deterministic_regex_v1
BC-HNMU-G7-R0202-STT5-AI08,HNMU-G7-R0202-STT5,7,Bài 15. Thuật toán tìm kiếm nhị phân,"Mục 2 (Trang 83, SGK)",Hiểu,true,6,4-6,8,later_followup,algorithm,student_reply_present;attempt_or_answer,deterministic_regex_v1
BC-HNMU-G7-R0202-STT5-AI10,HNMU-G7-R0202-STT5,7,Bài 15. Thuật toán tìm kiếm nhị phân,"Mục 2 (Trang 83, SGK)",Hiểu,true,8,8+,10,later_followup,algorithm,student_reply_present;attempt_or_answer,deterministic_regex_v1
BC-HNMU-G7-R0202-STT5-AI12,HNMU-G7-R0202-STT5,7,Bài 15. Thuật toán tìm kiếm nhị phân,"Mục 2 (Trang 83, SGK)",Hiểu,true,10,8+,12,later_followup,algorithm,student_reply_present;attempt_or_answer,deterministic_regex_v1
BC-HNMU-G7-R0203-STT6-AI02,HNMU-G7-R0203-STT6,7,Bài 15. Thuật toán tìm kiếm nhị phân,"Mục 1 (Trang 82, SGK)",Hiểu,false,0,0,2,first_tutor_turn,algorithm,initial_request,deterministic_regex_v1
BC-HNMU-G7-R0203-STT6-AI04,HNMU-G7-R0203-STT6,7,Bài 15. Thuật toán tìm kiếm nhị phân,"Mục 1 (Trang 82, SGK)",Hiểu,true,2,2,4,early_followup,algorithm,student_reply_present;attempt_or_answer,deterministic_regex_v1
BC-HNMU-G7-R0203-STT6-AI06,HNMU-G7-R0203-STT6,7,Bài 15. Thuật toán tìm kiếm nhị phân,"Mục 1 (Trang 82, SGK)",Hiểu,true,4,4-6,6,early_followup,algorithm,student_reply_present;attempt_or_answer,deterministic_regex_v1
BC-HNMU-G7-R0203-STT6-AI08,HNMU-G7-R0203-STT6,7,Bài 15. Thuật toán tìm kiếm nhị phân,"Mục 1 (Trang 82, SGK)",Hiểu,true,6,4-6,8,later_followup,algorithm,student_reply_present;attempt_or_answer,deterministic_regex_v1
BC-HNMU-G7-R0203-STT6-AI10,HNMU-G7-R0203-STT6,7,Bài 15. Thuật toán tìm kiếm nhị phân,"Mục 1 (Trang 82, SGK)",Hiểu,true,8,8+,10,later_followup,algorithm,student_reply_present;attempt_or_answer,deterministic_regex_v1
BC-HNMU-G7-R0203-STT6-AI12,HNMU-G7-R0203-STT6,7,Bài 15. Thuật toán tìm kiếm nhị phân,"Mục 1 (Trang 82, SGK)",Hiểu,true,10,8+,12,later_followup,algorithm,student_reply_present;attempt_or_answer,deterministic_regex_v1
BC-HNMU-G7-R0204-STT7-AI02,HNMU-G7-R0204-STT7,7,Bài 15. Thuật toán tìm kiếm nhị phân,"Luyện tập (Sinh thêm cho trang 82, SGK)",Hiểu,false,0,0,2,first_tutor_turn,algorithm,initial_request,deterministic_regex_v1
BC-HNMU-G7-R0204-STT7-AI04,HNMU-G7-R0204-STT7,7,Bài 15. Thuật toán tìm kiếm nhị phân,"Luyện tập (Sinh thêm cho trang 82, SGK)",Hiểu,true,2,2,4,early_followup,algorithm,student_reply_present;attempt_or_answer,deterministic_regex_v1
BC-HNMU-G7-R0204-STT7-AI06,HNMU-G7-R0204-STT7,7,Bài 15. Thuật toán tìm kiếm nhị phân,"Luyện tập (Sinh thêm cho trang 82, SGK)",Hiểu,true,4,4-6,6,early_followup,algorithm,student_reply_present;attempt_or_answer,deterministic_regex_v1
BC-HNMU-G7-R0204-STT7-AI08,HNMU-G7-R0204-STT7,7,Bài 15. Thuật toán tìm kiếm nhị phân,"Luyện tập (Sinh thêm cho trang 82, SGK)",Hiểu,true,6,4-6,8,later_followup,algorithm,student_reply_present;attempt_or_answer,deterministic_regex_v1
BC-HNMU-G7-R0204-STT7-AI10,HNMU-G7-R0204-STT7,7,Bài 15. Thuật toán tìm kiếm nhị phân,"Luyện tập (Sinh thêm cho trang 82, SGK)",Hiểu,true,8,8+,10,later_followup,algorithm,student_reply_present;short_confirmation,deterministic_regex_v1
BC-HNMU-G7-R0204-STT7-AI12,HNMU-G7-R0204-STT7,7,Bài 15. Thuật toán tìm kiếm nhị phân,"Luyện tập (Sinh thêm cho trang 82, SGK)",Hiểu,true,10,8+,12,later_followup,algorithm,student_reply_present;attempt_or_answer,deterministic_regex_v1
BC-HNMU-G7-R0204-STT7-AI14,HNMU-G7-R0204-STT7,7,Bài 15. Thuật toán tìm kiếm nhị phân,"Luyện tập (Sinh thêm cho trang 82, SGK)",Hiểu,true,12,8+,14,later_followup,algorithm,student_reply_present;attempt_or_answer,deterministic_regex_v1
BC-HNMU-G7-R0205-STT8-AI02,HNMU-G7-R0205-STT8,7,Bài 15. Thuật toán tìm kiếm nhị phân,"Luyện tập (Sinh thêm cho trang 84, SGK)",Hiểu,false,0,0,2,first_tutor_turn,algorithm,initial_request,deterministic_regex_v1
BC-HNMU-G7-R0205-STT8-AI04,HNMU-G7-R0205-STT8,7,Bài 15. Thuật toán tìm kiếm nhị phân,"Luyện tập (Sinh thêm cho trang 84, SGK)",Hiểu,true,2,2,4,early_followup,algorithm,student_reply_present;attempt_or_answer,deterministic_regex_v1
BC-HNMU-G7-R0205-STT8-AI06,HNMU-G7-R0205-STT8,7,Bài 15. Thuật toán tìm kiếm nhị phân,"Luyện tập (Sinh thêm cho trang 84, SGK)",Hiểu,true,4,4-6,6,early_followup,algorithm,student_reply_present;attempt_or_answer,deterministic_regex_v1
BC-HNMU-G7-R0205-STT8-AI08,HNMU-G7-R0205-STT8,7,Bài 15. Thuật toán tìm kiếm nhị phân,"Luyện tập (Sinh thêm cho trang 84, SGK)",Hiểu,true,6,4-6,8,later_followup,algorithm,student_reply_present;attempt_or_answer,deterministic_regex_v1
BC-HNMU-G7-R0205-STT8-AI10,HNMU-G7-R0205-STT8,7,Bài 15. Thuật toán tìm kiếm nhị phân,"Luyện tập (Sinh thêm cho trang 84, SGK)",Hiểu,true,8,8+,10,later_followup,algorithm,student_reply_present;attempt_or_answer,deterministic_regex_v1
BC-HNMU-G7-R0205-STT8-AI12,HNMU-G7-R0205-STT8,7,Bài 15. Thuật toán tìm kiếm nhị phân,"Luyện tập (Sinh thêm cho trang 84, SGK)",Hiểu,true,10,8+,12,later_followup,algorithm,student_reply_present;attempt_or_answer,deterministic_regex_v1
BC-HNMU-G7-R0206-STT9-AI02,HNMU-G7-R0206-STT9,7,Bài 15. Thuật toán tìm kiếm nhị phân,"Mục 2 (Trang 83, SGK)",Hiểu,false,0,0,2,first_tutor_turn,algorithm,initial_request,deterministic_regex_v1
BC-HNMU-G7-R0206-STT9-AI04,HNMU-G7-R0206-STT9,7,Bài 15. Thuật toán tìm kiếm nhị phân,"Mục 2 (Trang 83, SGK)",Hiểu,true,2,2,4,early_followup,algorithm,student_reply_present;attempt_or_answer,deterministic_regex_v1
BC-HNMU-G7-R0206-STT9-AI06,HNMU-G7-R0206-STT9,7,Bài 15. Thuật toán tìm kiếm nhị phân,"Mục 2 (Trang 83, SGK)",Hiểu,true,4,4-6,6,early_followup,algorithm,student_reply_present;attempt_or_answer,deterministic_regex_v1
BC-HNMU-G7-R0206-STT9-AI08,HNMU-G7-R0206-STT9,7,Bài 15. Thuật toán tìm kiếm nhị phân,"Mục 2 (Trang 83, SGK)",Hiểu,true,6,4-6,8,later_followup,algorithm,student_reply_present;attempt_or_answer,deterministic_regex_v1
BC-HNMU-G7-R0206-STT9-AI10,HNMU-G7-R0206-STT9,7,Bài 15. Thuật toán tìm kiếm nhị phân,"Mục 2 (Trang 83, SGK)",Hiểu,true,8,8+,10,later_followup,algorithm,student_reply_present;attempt_or_answer,deterministic_regex_v1
BC-HNMU-G7-R0206-STT9-AI12,HNMU-G7-R0206-STT9,7,Bài 15. Thuật toán tìm kiếm nhị phân,"Mục 2 (Trang 83, SGK)",Hiểu,true,10,8+,12,later_followup,algorithm,student_reply_present;attempt_or_answer,deterministic_regex_v1
BC-HNMU-G7-R0207-STT10-AI02,HNMU-G7-R0207-STT10,7,Bài 15. Thuật toán tìm kiếm nhị phân,"Vận dụng (Sinh thêm cho trang 84, SGK)",Hiểu,false,0,0,2,first_tutor_turn,algorithm,initial_request,deterministic_regex_v1
BC-HNMU-G7-R0207-STT10-AI04,HNMU-G7-R0207-STT10,7,Bài 15. Thuật toán tìm kiếm nhị phân,"Vận dụng (Sinh thêm cho trang 84, SGK)",Hiểu,true,2,2,4,early_followup,algorithm,student_reply_present;attempt_or_answer,deterministic_regex_v1
BC-HNMU-G7-R0207-STT10-AI06,HNMU-G7-R0207-STT10,7,Bài 15. Thuật toán tìm kiếm nhị phân,"Vận dụng (Sinh thêm cho trang 84, SGK)",Hiểu,true,4,4-6,6,early_followup,algorithm,student_reply_present;attempt_or_answer,deterministic_regex_v1
BC-HNMU-G7-R0207-STT10-AI08,HNMU-G7-R0207-STT10,7,Bài 15. Thuật toán tìm kiếm nhị phân,"Vận dụng (Sinh thêm cho trang 84, SGK)",Hiểu,true,6,4-6,8,later_followup,algorithm,student_reply_present;attempt_or_answer,deterministic_regex_v1
BC-HNMU-G7-R0207-STT10-AI10,HNMU-G7-R0207-STT10,7,Bài 15. Thuật toán tìm kiếm nhị phân,"Vận dụng (Sinh thêm cho trang 84, SGK)",Hiểu,true,8,8+,10,later_followup,algorithm,student_reply_present;attempt_or_answer,deterministic_regex_v1
BC-HNMU-G7-R0208-STT11-AI02,HNMU-G7-R0208-STT11,7,Bài 15. Thuật toán tìm kiếm nhị phân,"Phần Vận dụng (Trang 84, SGK)",Vận dụng,false,0,0,2,first_tutor_turn,algorithm,initial_request,deterministic_regex_v1
BC-HNMU-G7-R0208-STT11-AI04,HNMU-G7-R0208-STT11,7,Bài 15. Thuật toán tìm kiếm nhị phân,"Phần Vận dụng (Trang 84, SGK)",Vận dụng,true,2,2,4,early_followup,algorithm,student_reply_present;attempt_or_answer,deterministic_regex_v1
BC-HNMU-G7-R0208-STT11-AI06,HNMU-G7-R0208-STT11,7,Bài 15. Thuật toán tìm kiếm nhị phân,"Phần Vận dụng (Trang 84, SGK)",Vận dụng,true,4,4-6,6,early_followup,algorithm,student_reply_present;attempt_or_answer,deterministic_regex_v1
BC-HNMU-G7-R0208-STT11-AI08,HNMU-G7-R0208-STT11,7,Bài 15. Thuật toán tìm kiếm nhị phân,"Phần Vận dụng (Trang 84, SGK)",Vận dụng,true,6,4-6,8,later_followup,algorithm,student_reply_present;attempt_or_answer,deterministic_regex_v1
BC-HNMU-G7-R0208-STT11-AI10,HNMU-G7-R0208-STT11,7,Bài 15. Thuật toán tìm kiếm nhị phân,"Phần Vận dụng (Trang 84, SGK)",Vận dụng,true,8,8+,10,later_followup,algorithm,student_reply_present;attempt_or_answer,deterministic_regex_v1
BC-HNMU-G7-R0209-STT12-AI02,HNMU-G7-R0209-STT12,7,Bài 15. Thuật toán tìm kiếm nhị phân,"Phần Đánh giá (Trang 91, SGV)",Vận dụng,false,0,0,2,first_tutor_turn,algorithm,initial_request,deterministic_regex_v1
BC-HNMU-G7-R0209-STT12-AI04,HNMU-G7-R0209-STT12,7,Bài 15. Thuật toán tìm kiếm nhị phân,"Phần Đánh giá (Trang 91, SGV)",Vận dụng,true,2,2,4,early_followup,algorithm,student_reply_present;attempt_or_answer,deterministic_regex_v1
BC-HNMU-G7-R0209-STT12-AI06,HNMU-G7-R0209-STT12,7,Bài 15. Thuật toán tìm kiếm nhị phân,"Phần Đánh giá (Trang 91, SGV)",Vận dụng,true,4,4-6,6,early_followup,algorithm,student_reply_present;attempt_or_answer,deterministic_regex_v1
BC-HNMU-G7-R0209-STT12-AI08,HNMU-G7-R0209-STT12,7,Bài 15. Thuật toán tìm kiếm nhị phân,"Phần Đánh giá (Trang 91, SGV)",Vận dụng,true,6,4-6,8,later_followup,algorithm,student_reply_present;attempt_or_answer,deterministic_regex_v1
BC-HNMU-G7-R0209-STT12-AI10,HNMU-G7-R0209-STT12,7,Bài 15. Thuật toán tìm kiếm nhị phân,"Phần Đánh giá (Trang 91, SGV)",Vận dụng,true,8,8+,10,later_followup,algorithm,student_reply_present;attempt_or_answer,deterministic_regex_v1
BC-HNMU-G7-R0209-STT12-AI12,HNMU-G7-R0209-STT12,7,Bài 15. Thuật toán tìm kiếm nhị phân,"Phần Đánh giá (Trang 91, SGV)",Vận dụng,true,10,8+,12,later_followup,algorithm,student_reply_present;attempt_or_answer,deterministic_regex_v1
BC-HNMU-G7-R0209-STT12-AI14,HNMU-G7-R0209-STT12,7,Bài 15. Thuật toán tìm kiếm nhị phân,"Phần Đánh giá (Trang 91, SGV)",Vận dụng,true,12,8+,14,later_followup,algorithm,student_reply_present;attempt_or_answer,deterministic_regex_v1
BC-HNMU-G7-R0210-STT13-AI02,HNMU-G7-R0210-STT13,7,Bài 15. Thuật toán tìm kiếm nhị phân,"Mục 1 (Trang 82, SGK)",Vận dụng,false,0,0,2,first_tutor_turn,algorithm,initial_request,deterministic_regex_v1
BC-HNMU-G7-R0210-STT13-AI04,HNMU-G7-R0210-STT13,7,Bài 15. Thuật toán tìm kiếm nhị phân,"Mục 1 (Trang 82, SGK)",Vận dụng,true,2,2,4,early_followup,algorithm,student_reply_present;attempt_or_answer,deterministic_regex_v1
BC-HNMU-G7-R0210-STT13-AI06,HNMU-G7-R0210-STT13,7,Bài 15. Thuật toán tìm kiếm nhị phân,"Mục 1 (Trang 82, SGK)",Vận dụng,true,4,4-6,6,early_followup,algorithm,student_reply_present;student_question,deterministic_regex_v1
BC-HNMU-G7-R0210-STT13-AI08,HNMU-G7-R0210-STT13,7,Bài 15. Thuật toán tìm kiếm nhị phân,"Mục 1 (Trang 82, SGK)",Vận dụng,true,6,4-6,8,later_followup,algorithm,student_reply_present;attempt_or_answer,deterministic_regex_v1
BC-HNMU-G7-R0210-STT13-AI10,HNMU-G7-R0210-STT13,7,Bài 15. Thuật toán tìm kiếm nhị phân,"Mục 1 (Trang 82, SGK)",Vận dụng,true,8,8+,10,later_followup,algorithm,student_reply_present;attempt_or_answer,deterministic_regex_v1
BC-HNMU-G7-R0210-STT13-AI12,HNMU-G7-R0210-STT13,7,Bài 15. Thuật toán tìm kiếm nhị phân,"Mục 1 (Trang 82, SGK)",Vận dụng,true,10,8+,12,later_followup,algorithm,student_reply_present;attempt_or_answer,deterministic_regex_v1
BC-HNMU-G7-R0211-STT14-AI02,HNMU-G7-R0211-STT14,7,Bài 15. Thuật toán tìm kiếm nhị phân,"Phần Vận dụng (Trang 84, SGK)",Vận dụng,false,0,0,2,first_tutor_turn,algorithm,initial_request,deterministic_regex_v1
BC-HNMU-G7-R0211-STT14-AI04,HNMU-G7-R0211-STT14,7,Bài 15. Thuật toán tìm kiếm nhị phân,"Phần Vận dụng (Trang 84, SGK)",Vận dụng,true,2,2,4,early_followup,algorithm,student_reply_present;attempt_or_answer,deterministic_regex_v1
BC-HNMU-G7-R0211-STT14-AI06,HNMU-G7-R0211-STT14,7,Bài 15. Thuật toán tìm kiếm nhị phân,"Phần Vận dụng (Trang 84, SGK)",Vận dụng,true,4,4-6,6,early_followup,algorithm,student_reply_present;attempt_or_answer,deterministic_regex_v1
BC-HNMU-G7-R0211-STT14-AI08,HNMU-G7-R0211-STT14,7,Bài 15. Thuật toán tìm kiếm nhị phân,"Phần Vận dụng (Trang 84, SGK)",Vận dụng,true,6,4-6,8,later_followup,algorithm,student_reply_present;attempt_or_answer,deterministic_regex_v1
BC-HNMU-G7-R0211-STT14-AI10,HNMU-G7-R0211-STT14,7,Bài 15. Thuật toán tìm kiếm nhị phân,"Phần Vận dụng (Trang 84, SGK)",Vận dụng,true,8,8+,10,later_followup,algorithm,student_reply_present;attempt_or_answer,deterministic_regex_v1
BC-HNMU-G7-R0211-STT14-AI12,HNMU-G7-R0211-STT14,7,Bài 15. Thuật toán tìm kiếm nhị phân,"Phần Vận dụng (Trang 84, SGK)",Vận dụng,true,10,8+,12,later_followup,algorithm,student_reply_present;attempt_or_answer,deterministic_regex_v1
BC-HNMU-G8-R0002-STT1-AI02,HNMU-G8-R0002-STT1,8,Bài 1. Lược sử công cụ tính toán,"Mục 1, Trang 5 SGK",Biết,false,0,0,2,first_tutor_turn,concept_or_other,initial_request,deterministic_regex_v1
BC-HNMU-G8-R0002-STT1-AI04,HNMU-G8-R0002-STT1,8,Bài 1. Lược sử công cụ tính toán,"Mục 1, Trang 5 SGK",Biết,true,2,2,4,early_followup,concept_or_other,student_reply_present;student_question,deterministic_regex_v1
BC-HNMU-G8-R0003-STT2-AI02,HNMU-G8-R0003-STT2,8,Bài 1. Lược sử công cụ tính toán,"Mục 2, Trang 7 SGK",Biết,false,0,0,2,first_tutor_turn,concept_or_other,initial_request,deterministic_regex_v1
BC-HNMU-G8-R0003-STT2-AI04,HNMU-G8-R0003-STT2,8,Bài 1. Lược sử công cụ tính toán,"Mục 2, Trang 7 SGK",Biết,true,2,2,4,early_followup,concept_or_other,student_reply_present;attempt_or_answer,deterministic_regex_v1
BC-HNMU-G8-R0004-STT3-AI02,HNMU-G8-R0004-STT3,8,Bài 1. Lược sử công cụ tính toán,"Mục 1, Trang 6 SGK",Biết,false,0,0,2,first_tutor_turn,concept_or_other,initial_request,deterministic_regex_v1
BC-HNMU-G8-R0004-STT3-AI04,HNMU-G8-R0004-STT3,8,Bài 1. Lược sử công cụ tính toán,"Mục 1, Trang 6 SGK",Biết,true,2,2,4,early_followup,concept_or_other,student_reply_present;attempt_or_answer,deterministic_regex_v1
BC-HNMU-G8-R0005-STT4-AI02,HNMU-G8-R0005-STT4,8,Bài 1. Lược sử công cụ tính toán,"Mục 2, Trang 7 SGK",Biết,false,0,0,2,first_tutor_turn,concept_or_other,initial_request,deterministic_regex_v1
BC-HNMU-G8-R0005-STT4-AI04,HNMU-G8-R0005-STT4,8,Bài 1. Lược sử công cụ tính toán,"Mục 2, Trang 7 SGK",Biết,true,2,2,4,early_followup,concept_or_other,student_reply_present;attempt_or_answer,deterministic_regex_v1
BC-HNMU-G8-R0006-STT5-AI02,HNMU-G8-R0006-STT5,8,Bài 1. Lược sử công cụ tính toán,"Mục 1, Trang 5 SGK",Hiểu,false,0,0,2,first_tutor_turn,concept_or_other,initial_request,deterministic_regex_v1
BC-HNMU-G8-R0006-STT5-AI04,HNMU-G8-R0006-STT5,8,Bài 1. Lược sử công cụ tính toán,"Mục 1, Trang 5 SGK",Hiểu,true,2,2,4,early_followup,concept_or_other,student_reply_present;attempt_or_answer,deterministic_regex_v1
BC-HNMU-G8-R0007-STT6-AI02,HNMU-G8-R0007-STT6,8,Bài 1. Lược sử công cụ tính toán,"Mục 3, Trang 9 SGK",Hiểu,false,0,0,2,first_tutor_turn,hardware_network,initial_request,deterministic_regex_v1
BC-HNMU-G8-R0007-STT6-AI04,HNMU-G8-R0007-STT6,8,Bài 1. Lược sử công cụ tính toán,"Mục 3, Trang 9 SGK",Hiểu,true,2,2,4,early_followup,hardware_network,student_reply_present;attempt_or_answer,deterministic_regex_v1
BC-HNMU-G8-R0007-STT6-AI06,HNMU-G8-R0007-STT6,8,Bài 1. Lược sử công cụ tính toán,"Mục 3, Trang 9 SGK",Hiểu,true,4,4-6,6,early_followup,hardware_network,student_reply_present;attempt_or_answer,deterministic_regex_v1
BC-HNMU-G8-R0008-STT7-AI02,HNMU-G8-R0008-STT7,8,Bài 1. Lược sử công cụ tính toán,Kiến thức bổ sung Trang 23 SGV,Hiểu,false,0,0,2,first_tutor_turn,code_programming,initial_request,deterministic_regex_v1
BC-HNMU-G8-R0008-STT7-AI04,HNMU-G8-R0008-STT7,8,Bài 1. Lược sử công cụ tính toán,Kiến thức bổ sung Trang 23 SGV,Hiểu,true,2,2,4,early_followup,code_programming,student_reply_present;short_confirmation,deterministic_regex_v1
BC-HNMU-G8-R0009-STT8-AI02,HNMU-G8-R0009-STT8,8,Bài 1. Lược sử công cụ tính toán,"Mục 2, Trang 7 SGK",Hiểu,false,0,0,2,first_tutor_turn,concept_or_other,initial_request,deterministic_regex_v1
BC-HNMU-G8-R0009-STT8-AI04,HNMU-G8-R0009-STT8,8,Bài 1. Lược sử công cụ tính toán,"Mục 2, Trang 7 SGK",Hiểu,true,2,2,4,early_followup,concept_or_other,student_reply_present;attempt_or_answer,deterministic_regex_v1
BC-HNMU-G8-R0010-STT9-AI02,HNMU-G8-R0010-STT9,8,Bài 1. Lược sử công cụ tính toán,"Mục 2, Trang 6 SGK",Hiểu,false,0,0,2,first_tutor_turn,hardware_network,initial_request,deterministic_regex_v1
BC-HNMU-G8-R0010-STT9-AI04,HNMU-G8-R0010-STT9,8,Bài 1. Lược sử công cụ tính toán,"Mục 2, Trang 6 SGK",Hiểu,true,2,2,4,early_followup,hardware_network,student_reply_present;short_confirmation,deterministic_regex_v1
BC-HNMU-G8-R0011-STT10-AI02,HNMU-G8-R0011-STT10,8,Bài 1. Lược sử công cụ tính toán,"Mục 2, Trang 8 SGK",Hiểu,false,0,0,2,first_tutor_turn,code_programming,initial_request,deterministic_regex_v1
BC-HNMU-G8-R0011-STT10-AI04,HNMU-G8-R0011-STT10,8,Bài 1. Lược sử công cụ tính toán,"Mục 2, Trang 8 SGK",Hiểu,true,2,2,4,early_followup,code_programming,student_reply_present;attempt_or_answer,deterministic_regex_v1
BC-HNMU-G8-R0012-STT11-AI02,HNMU-G8-R0012-STT11,8,Bài 1. Lược sử công cụ tính toán,"Mục 2, Trang 8 SGK",Vận dụng,false,0,0,2,first_tutor_turn,concept_or_other,initial_request,deterministic_regex_v1
BC-HNMU-G8-R0012-STT11-AI04,HNMU-G8-R0012-STT11,8,Bài 1. Lược sử công cụ tính toán,"Mục 2, Trang 8 SGK",Vận dụng,true,2,2,4,early_followup,concept_or_other,student_reply_present;attempt_or_answer,deterministic_regex_v1
BC-HNMU-G8-R0013-STT12-AI02,HNMU-G8-R0013-STT12,8,Bài 1. Lược sử công cụ tính toán,Vận dụng thực tế,Vận dụng,false,0,0,2,first_tutor_turn,concept_or_other,initial_request,deterministic_regex_v1
BC-HNMU-G8-R0013-STT12-AI04,HNMU-G8-R0013-STT12,8,Bài 1. Lược sử công cụ tính toán,Vận dụng thực tế,Vận dụng,true,2,2,4,early_followup,concept_or_other,student_reply_present;attempt_or_answer,deterministic_regex_v1
BC-HNMU-G8-R0014-STT13-AI02,HNMU-G8-R0014-STT13,8,Bài 1. Lược sử công cụ tính toán,"Mục 2, Trang 7 SGK",Vận dụng,false,0,0,2,first_tutor_turn,data_information,initial_request,deterministic_regex_v1
BC-HNMU-G8-R0014-STT13-AI04,HNMU-G8-R0014-STT13,8,Bài 1. Lược sử công cụ tính toán,"Mục 2, Trang 7 SGK",Vận dụng,true,2,2,4,early_followup,data_information,student_reply_present;student_question,deterministic_regex_v1
BC-HNMU-G8-R0015-STT14-AI02,HNMU-G8-R0015-STT14,8,Bài 1. Lược sử công cụ tính toán,Dự án học tập,Vận dụng,false,0,0,2,first_tutor_turn,concept_or_other,initial_request,deterministic_regex_v1
BC-HNMU-G8-R0015-STT14-AI04,HNMU-G8-R0015-STT14,8,Bài 1. Lược sử công cụ tính toán,Dự án học tập,Vận dụng,true,2,2,4,early_followup,concept_or_other,student_reply_present;short_confirmation,deterministic_regex_v1
BC-HNMU-G8-R0015-STT14-AI06,HNMU-G8-R0015-STT14,8,Bài 1. Lược sử công cụ tính toán,Dự án học tập,Vận dụng,true,4,4-6,6,early_followup,concept_or_other,student_reply_present;attempt_or_answer,deterministic_regex_v1
BC-HNMU-G8-R0016-STT1-AI02,HNMU-G8-R0016-STT1,8,Bài 2. Thông tin trong môi trường số,"Mục 1.a, Trang 10 SGK",Biết,false,0,0,2,first_tutor_turn,hardware_network,initial_request,deterministic_regex_v1
BC-HNMU-G8-R0016-STT1-AI04,HNMU-G8-R0016-STT1,8,Bài 2. Thông tin trong môi trường số,"Mục 1.a, Trang 10 SGK",Biết,true,2,2,4,early_followup,hardware_network,student_reply_present;attempt_or_answer,deterministic_regex_v1
BC-HNMU-G8-R0016-STT1-AI06,HNMU-G8-R0016-STT1,8,Bài 2. Thông tin trong môi trường số,"Mục 1.a, Trang 10 SGK",Biết,true,4,4-6,6,early_followup,hardware_network,student_reply_present;student_question,deterministic_regex_v1
BC-HNMU-G8-R0017-STT2-AI02,HNMU-G8-R0017-STT2,8,Bài 2. Thông tin trong môi trường số,"Mục 1.a, Trang 11 SGK",Biết,false,0,0,2,first_tutor_turn,data_information,initial_request,deterministic_regex_v1
BC-HNMU-G8-R0017-STT2-AI04,HNMU-G8-R0017-STT2,8,Bài 2. Thông tin trong môi trường số,"Mục 1.a, Trang 11 SGK",Biết,true,2,2,4,early_followup,data_information,student_reply_present;attempt_or_answer,deterministic_regex_v1
BC-HNMU-G8-R0017-STT2-AI06,HNMU-G8-R0017-STT2,8,Bài 2. Thông tin trong môi trường số,"Mục 1.a, Trang 11 SGK",Biết,true,4,4-6,6,early_followup,data_information,student_reply_present;attempt_or_answer,deterministic_regex_v1
BC-HNMU-G8-R0018-STT3-AI02,HNMU-G8-R0018-STT3,8,Bài 2. Thông tin trong môi trường số,"Mục 2, Trang 12 SGK",Biết,false,0,0,2,first_tutor_turn,data_information,initial_request,deterministic_regex_v1
BC-HNMU-G8-R0018-STT3-AI04,HNMU-G8-R0018-STT3,8,Bài 2. Thông tin trong môi trường số,"Mục 2, Trang 12 SGK",Biết,true,2,2,4,early_followup,data_information,student_reply_present;attempt_or_answer,deterministic_regex_v1
BC-HNMU-G8-R0018-STT3-AI06,HNMU-G8-R0018-STT3,8,Bài 2. Thông tin trong môi trường số,"Mục 2, Trang 12 SGK",Biết,true,4,4-6,6,early_followup,data_information,student_reply_present;attempt_or_answer,deterministic_regex_v1
BC-HNMU-G8-R0019-STT4-AI02,HNMU-G8-R0019-STT4,8,Bài 2. Thông tin trong môi trường số,"Mục 2, Trang 12- 13 SGK",Biết,false,0,0,2,first_tutor_turn,data_information,initial_request,deterministic_regex_v1
BC-HNMU-G8-R0019-STT4-AI04,HNMU-G8-R0019-STT4,8,Bài 2. Thông tin trong môi trường số,"Mục 2, Trang 12- 13 SGK",Biết,true,2,2,4,early_followup,data_information,student_reply_present;student_question,deterministic_regex_v1
BC-HNMU-G8-R0020-STT5-AI02,HNMU-G8-R0020-STT5,8,Bài 2. Thông tin trong môi trường số,Mục 1 Trang 11 SGK,Hiểu,false,0,0,2,first_tutor_turn,hardware_network,initial_request,deterministic_regex_v1
BC-HNMU-G8-R0020-STT5-AI04,HNMU-G8-R0020-STT5,8,Bài 2. Thông tin trong môi trường số,Mục 1 Trang 11 SGK,Hiểu,true,2,2,4,early_followup,hardware_network,student_reply_present;attempt_or_answer,deterministic_regex_v1
BC-HNMU-G8-R0020-STT5-AI06,HNMU-G8-R0020-STT5,8,Bài 2. Thông tin trong môi trường số,Mục 1 Trang 11 SGK,Hiểu,true,4,4-6,6,early_followup,hardware_network,student_reply_present;attempt_or_answer,deterministic_regex_v1
BC-HNMU-G8-R0021-STT6-AI02,HNMU-G8-R0021-STT6,8,Bài 2. Thông tin trong môi trường số,"Hoạt động 2, Trang 11 SGK",Hiểu,false,0,0,2,first_tutor_turn,data_information,initial_request,deterministic_regex_v1
BC-HNMU-G8-R0021-STT6-AI04,HNMU-G8-R0021-STT6,8,Bài 2. Thông tin trong môi trường số,"Hoạt động 2, Trang 11 SGK",Hiểu,true,2,2,4,early_followup,data_information,student_reply_present;attempt_or_answer,deterministic_regex_v1
BC-HNMU-G8-R0022-STT7-AI02,HNMU-G8-R0022-STT7,8,Bài 2. Thông tin trong môi trường số,"Mục 2, Trang 13 SGK",Hiểu,false,0,0,2,first_tutor_turn,data_information,initial_request,deterministic_regex_v1
BC-HNMU-G8-R0022-STT7-AI04,HNMU-G8-R0022-STT7,8,Bài 2. Thông tin trong môi trường số,"Mục 2, Trang 13 SGK",Hiểu,true,2,2,4,early_followup,data_information,student_reply_present;short_confirmation,deterministic_regex_v1
BC-HNMU-G8-R0022-STT7-AI06,HNMU-G8-R0022-STT7,8,Bài 2. Thông tin trong môi trường số,"Mục 2, Trang 13 SGK",Hiểu,true,4,4-6,6,early_followup,data_information,student_reply_present;student_question,deterministic_regex_v1
BC-HNMU-G8-R0023-STT8-AI02,HNMU-G8-R0023-STT8,8,Bài 2. Thông tin trong môi trường số,"Mục 2, Trang 13 SGK",Hiểu,false,0,0,2,first_tutor_turn,data_information,initial_request,deterministic_regex_v1
BC-HNMU-G8-R0023-STT8-AI04,HNMU-G8-R0023-STT8,8,Bài 2. Thông tin trong môi trường số,"Mục 2, Trang 13 SGK",Hiểu,true,2,2,4,early_followup,data_information,student_reply_present;attempt_or_answer,deterministic_regex_v1
BC-HNMU-G8-R0023-STT8-AI06,HNMU-G8-R0023-STT8,8,Bài 2. Thông tin trong môi trường số,"Mục 2, Trang 13 SGK",Hiểu,true,4,4-6,6,early_followup,data_information,student_reply_present;attempt_or_answer,deterministic_regex_v1
BC-HNMU-G8-R0024-STT9-AI02,HNMU-G8-R0024-STT9,8,Bài 2. Thông tin trong môi trường số,"Mục 2, Trang 12 SGK",Hiểu,false,0,0,2,first_tutor_turn,data_information,initial_request,deterministic_regex_v1
BC-HNMU-G8-R0024-STT9-AI04,HNMU-G8-R0024-STT9,8,Bài 2. Thông tin trong môi trường số,"Mục 2, Trang 12 SGK",Hiểu,true,2,2,4,early_followup,data_information,student_reply_present;attempt_or_answer,deterministic_regex_v1
BC-HNMU-G8-R0025-STT10-AI02,HNMU-G8-R0025-STT10,8,Bài 2. Thông tin trong môi trường số,"Lưu ý, Trang 29 SGV",Hiểu,false,0,0,2,first_tutor_turn,digital_ethics_safety,initial_request,deterministic_regex_v1
BC-HNMU-G8-R0025-STT10-AI04,HNMU-G8-R0025-STT10,8,Bài 2. Thông tin trong môi trường số,"Lưu ý, Trang 29 SGV",Hiểu,true,2,2,4,early_followup,digital_ethics_safety,student_reply_present;attempt_or_answer,deterministic_regex_v1
BC-HNMU-G8-R0025-STT10-AI06,HNMU-G8-R0025-STT10,8,Bài 2. Thông tin trong môi trường số,"Lưu ý, Trang 29 SGV",Hiểu,true,4,4-6,6,early_followup,digital_ethics_safety,student_reply_present;attempt_or_answer,deterministic_regex_v1
BC-HNMU-G8-R0026-STT11-AI02,HNMU-G8-R0026-STT11,8,Bài 2. Thông tin trong môi trường số,Tình huống vận dụng,Vận dụng,false,0,0,2,first_tutor_turn,data_information,initial_request,deterministic_regex_v1
BC-HNMU-G8-R0026-STT11-AI04,HNMU-G8-R0026-STT11,8,Bài 2. Thông tin trong môi trường số,Tình huống vận dụng,Vận dụng,true,2,2,4,early_followup,data_information,student_reply_present;attempt_or_answer,deterministic_regex_v1
BC-HNMU-G8-R0026-STT11-AI06,HNMU-G8-R0026-STT11,8,Bài 2. Thông tin trong môi trường số,Tình huống vận dụng,Vận dụng,true,4,4-6,6,early_followup,data_information,student_reply_present;attempt_or_answer,deterministic_regex_v1
BC-HNMU-G8-R0027-STT12-AI02,HNMU-G8-R0027-STT12,8,Bài 2. Thông tin trong môi trường số,"Luyện tập 2, Trang 13 SGK",Vận dụng,false,0,0,2,first_tutor_turn,data_information,initial_request,deterministic_regex_v1
BC-HNMU-G8-R0027-STT12-AI04,HNMU-G8-R0027-STT12,8,Bài 2. Thông tin trong môi trường số,"Luyện tập 2, Trang 13 SGK",Vận dụng,true,2,2,4,early_followup,data_information,student_reply_present;attempt_or_answer,deterministic_regex_v1
BC-HNMU-G8-R0027-STT12-AI06,HNMU-G8-R0027-STT12,8,Bài 2. Thông tin trong môi trường số,"Luyện tập 2, Trang 13 SGK",Vận dụng,true,4,4-6,6,early_followup,data_information,student_reply_present;student_question,deterministic_regex_v1
BC-HNMU-G8-R0028-STT13-AI02,HNMU-G8-R0028-STT13,8,Bài 2. Thông tin trong môi trường số,"Vận dụng 1, Trang 13 SGK",Vận dụng,false,0,0,2,first_tutor_turn,data_information,initial_request,deterministic_regex_v1
BC-HNMU-G8-R0028-STT13-AI04,HNMU-G8-R0028-STT13,8,Bài 2. Thông tin trong môi trường số,"Vận dụng 1, Trang 13 SGK",Vận dụng,true,2,2,4,early_followup,data_information,student_reply_present;attempt_or_answer,deterministic_regex_v1
BC-HNMU-G8-R0028-STT13-AI06,HNMU-G8-R0028-STT13,8,Bài 2. Thông tin trong môi trường số,"Vận dụng 1, Trang 13 SGK",Vận dụng,true,4,4-6,6,early_followup,data_information,student_reply_present;attempt_or_answer,deterministic_regex_v1
BC-HNMU-G8-R0029-STT14-AI02,HNMU-G8-R0029-STT14,8,Bài 2. Thông tin trong môi trường số,"Vận dụng 3, Trang 13 SGK",Vận dụng,false,0,0,2,first_tutor_turn,data_information,initial_request,deterministic_regex_v1
BC-HNMU-G8-R0029-STT14-AI04,HNMU-G8-R0029-STT14,8,Bài 2. Thông tin trong môi trường số,"Vận dụng 3, Trang 13 SGK",Vận dụng,true,2,2,4,early_followup,data_information,student_reply_present;attempt_or_answer,deterministic_regex_v1
BC-HNMU-G8-R0029-STT14-AI06,HNMU-G8-R0029-STT14,8,Bài 2. Thông tin trong môi trường số,"Vận dụng 3, Trang 13 SGK",Vận dụng,true,4,4-6,6,early_followup,data_information,student_reply_present;attempt_or_answer,deterministic_regex_v1
BC-HNMU-G8-R0030-STT1-AI02,HNMU-G8-R0030-STT1,8,Bài 3. Thực hành: Khai thác thông tin số,"Nhiệm vụ 1, Trang 14 SGK",Biết,false,0,0,2,first_tutor_turn,data_information,initial_request,deterministic_regex_v1
BC-HNMU-G8-R0030-STT1-AI04,HNMU-G8-R0030-STT1,8,Bài 3. Thực hành: Khai thác thông tin số,"Nhiệm vụ 1, Trang 14 SGK",Biết,true,2,2,4,early_followup,data_information,student_reply_present;short_confirmation,deterministic_regex_v1
BC-HNMU-G8-R0031-STT2-AI02,HNMU-G8-R0031-STT2,8,Bài 3. Thực hành: Khai thác thông tin số,"Nhiệm vụ 2, Trang 16 SGK",Biết,false,0,0,2,first_tutor_turn,data_information,initial_request,deterministic_regex_v1
BC-HNMU-G8-R0031-STT2-AI04,HNMU-G8-R0031-STT2,8,Bài 3. Thực hành: Khai thác thông tin số,"Nhiệm vụ 2, Trang 16 SGK",Biết,true,2,2,4,early_followup,data_information,student_reply_present;attempt_or_answer,deterministic_regex_v1
BC-HNMU-G8-R0032-STT3-AI02,HNMU-G8-R0032-STT3,8,Bài 3. Thực hành: Khai thác thông tin số,"Nhiệm vụ 3, Trang 16-17 SGK",Biết,false,0,0,2,first_tutor_turn,digital_ethics_safety,initial_request,deterministic_regex_v1
BC-HNMU-G8-R0032-STT3-AI04,HNMU-G8-R0032-STT3,8,Bài 3. Thực hành: Khai thác thông tin số,"Nhiệm vụ 3, Trang 16-17 SGK",Biết,true,2,2,4,early_followup,digital_ethics_safety,student_reply_present;attempt_or_answer,deterministic_regex_v1
BC-HNMU-G8-R0032-STT3-AI06,HNMU-G8-R0032-STT3,8,Bài 3. Thực hành: Khai thác thông tin số,"Nhiệm vụ 3, Trang 16-17 SGK",Biết,true,4,4-6,6,early_followup,digital_ethics_safety,student_reply_present;student_question,deterministic_regex_v1
BC-HNMU-G8-R0033-STT4-AI02,HNMU-G8-R0033-STT4,8,Bài 3. Thực hành: Khai thác thông tin số,"Nhiệm vụ 1, Trang 14 SGK",Biết,false,0,0,2,first_tutor_turn,data_information,initial_request,deterministic_regex_v1
BC-HNMU-G8-R0033-STT4-AI04,HNMU-G8-R0033-STT4,8,Bài 3. Thực hành: Khai thác thông tin số,"Nhiệm vụ 1, Trang 14 SGK",Biết,true,2,2,4,early_followup,data_information,student_reply_present;attempt_or_answer,deterministic_regex_v1
BC-HNMU-G8-R0034-STT5-AI02,HNMU-G8-R0034-STT5,8,Bài 3. Thực hành: Khai thác thông tin số,"Nhiệm vụ 2, Trang 15 SGK",Hiểu,false,0,0,2,first_tutor_turn,data_information,initial_request,deterministic_regex_v1
BC-HNMU-G8-R0034-STT5-AI04,HNMU-G8-R0034-STT5,8,Bài 3. Thực hành: Khai thác thông tin số,"Nhiệm vụ 2, Trang 15 SGK",Hiểu,true,2,2,4,early_followup,data_information,student_reply_present;attempt_or_answer,deterministic_regex_v1
BC-HNMU-G8-R0035-STT6-AI02,HNMU-G8-R0035-STT6,8,Bài 3. Thực hành: Khai thác thông tin số,"Nhiệm vụ 2, Trang 17 SGK",Hiểu,false,0,0,2,first_tutor_turn,data_information,initial_request,deterministic_regex_v1
BC-HNMU-G8-R0035-STT6-AI04,HNMU-G8-R0035-STT6,8,Bài 3. Thực hành: Khai thác thông tin số,"Nhiệm vụ 2, Trang 17 SGK",Hiểu,true,2,2,4,early_followup,data_information,student_reply_present;attempt_or_answer,deterministic_regex_v1
BC-HNMU-G8-R0036-STT7-AI02,HNMU-G8-R0036-STT7,8,Bài 3. Thực hành: Khai thác thông tin số,"Luyện tập 1, Trang 17 SGK",Hiểu,false,0,0,2,first_tutor_turn,hardware_network,initial_request,deterministic_regex_v1
BC-HNMU-G8-R0036-STT7-AI04,HNMU-G8-R0036-STT7,8,Bài 3. Thực hành: Khai thác thông tin số,"Luyện tập 1, Trang 17 SGK",Hiểu,true,2,2,4,early_followup,hardware_network,student_reply_present;attempt_or_answer,deterministic_regex_v1
BC-HNMU-G8-R0037-STT8-AI02,HNMU-G8-R0037-STT8,8,Bài 3. Thực hành: Khai thác thông tin số,Vận dụng thực tế,Hiểu,false,0,0,2,first_tutor_turn,data_information,initial_request,deterministic_regex_v1
BC-HNMU-G8-R0037-STT8-AI04,HNMU-G8-R0037-STT8,8,Bài 3. Thực hành: Khai thác thông tin số,Vận dụng thực tế,Hiểu,true,2,2,4,early_followup,data_information,student_reply_present;attempt_or_answer,deterministic_regex_v1
BC-HNMU-G8-R0038-STT9-AI02,HNMU-G8-R0038-STT9,8,Bài 3. Thực hành: Khai thác thông tin số,"Lưu ý, Trang 30 SGV",Hiểu,false,0,0,2,first_tutor_turn,data_information,initial_request,deterministic_regex_v1
BC-HNMU-G8-R0038-STT9-AI04,HNMU-G8-R0038-STT9,8,Bài 3. Thực hành: Khai thác thông tin số,"Lưu ý, Trang 30 SGV",Hiểu,true,2,2,4,early_followup,data_information,student_reply_present;attempt_or_answer,deterministic_regex_v1
BC-HNMU-G8-R0039-STT10-AI02,HNMU-G8-R0039-STT10,8,Bài 3. Thực hành: Khai thác thông tin số,"Nhiệm vụ 3, Trang 17 SGK",Hiểu,false,0,0,2,first_tutor_turn,code_programming,initial_request,deterministic_regex_v1
BC-HNMU-G8-R0039-STT10-AI04,HNMU-G8-R0039-STT10,8,Bài 3. Thực hành: Khai thác thông tin số,"Nhiệm vụ 3, Trang 17 SGK",Hiểu,true,2,2,4,early_followup,code_programming,student_reply_present;attempt_or_answer,deterministic_regex_v1
BC-HNMU-G8-R0040-STT11-AI02,HNMU-G8-R0040-STT11,8,Bài 3. Thực hành: Khai thác thông tin số,"Nhiệm vụ 1, Bước 2, Trang 15 SGK",Vận dụng,false,0,0,2,first_tutor_turn,algorithm,initial_request,deterministic_regex_v1
BC-HNMU-G8-R0040-STT11-AI04,HNMU-G8-R0040-STT11,8,Bài 3. Thực hành: Khai thác thông tin số,"Nhiệm vụ 1, Bước 2, Trang 15 SGK",Vận dụng,true,2,2,4,early_followup,algorithm,student_reply_present;attempt_or_answer,deterministic_regex_v1
BC-HNMU-G8-R0041-STT12-AI02,HNMU-G8-R0041-STT12,8,Bài 3. Thực hành: Khai thác thông tin số,"Nhiệm vụ 2, Trang 16 SGK",Vận dụng,false,0,0,2,first_tutor_turn,data_information,initial_request,deterministic_regex_v1
BC-HNMU-G8-R0041-STT12-AI04,HNMU-G8-R0041-STT12,8,Bài 3. Thực hành: Khai thác thông tin số,"Nhiệm vụ 2, Trang 16 SGK",Vận dụng,true,2,2,4,early_followup,data_information,student_reply_present;attempt_or_answer,deterministic_regex_v1
BC-HNMU-G8-R0042-STT13-AI02,HNMU-G8-R0042-STT13,8,Bài 3. Thực hành: Khai thác thông tin số,"Luyện tập 2, Trang 17 SGK",Vận dụng,false,0,0,2,first_tutor_turn,data_information,initial_request,deterministic_regex_v1
BC-HNMU-G8-R0042-STT13-AI04,HNMU-G8-R0042-STT13,8,Bài 3. Thực hành: Khai thác thông tin số,"Luyện tập 2, Trang 17 SGK",Vận dụng,true,2,2,4,early_followup,data_information,student_reply_present;attempt_or_answer,deterministic_regex_v1
BC-HNMU-G8-R0042-STT13-AI06,HNMU-G8-R0042-STT13,8,Bài 3. Thực hành: Khai thác thông tin số,"Luyện tập 2, Trang 17 SGK",Vận dụng,true,4,4-6,6,early_followup,data_information,student_reply_present;attempt_or_answer,deterministic_regex_v1
BC-HNMU-G8-R0043-STT14-AI02,HNMU-G8-R0043-STT14,8,Bài 3. Thực hành: Khai thác thông tin số,"Vận dụng 1, Trang 17 SGK",Vận dụng,false,0,0,2,first_tutor_turn,digital_ethics_safety,initial_request,deterministic_regex_v1
BC-HNMU-G8-R0043-STT14-AI04,HNMU-G8-R0043-STT14,8,Bài 3. Thực hành: Khai thác thông tin số,"Vận dụng 1, Trang 17 SGK",Vận dụng,true,2,2,4,early_followup,digital_ethics_safety,student_reply_present;attempt_or_answer,deterministic_regex_v1
BC-HNMU-G8-R0043-STT14-AI06,HNMU-G8-R0043-STT14,8,Bài 3. Thực hành: Khai thác thông tin số,"Vận dụng 1, Trang 17 SGK",Vận dụng,true,4,4-6,6,early_followup,digital_ethics_safety,student_reply_present;attempt_or_answer,deterministic_regex_v1
BC-HNMU-G8-R0044-STT1-AI02,HNMU-G8-R0044-STT1,8,Bài 4. Đạo đức và văn hoá trong sử dụng công nghệ kĩ thuật số,"Mục 1, Trang 18 SGK",Biết,false,0,0,2,first_tutor_turn,multimedia_presentation,initial_request,deterministic_regex_v1
BC-HNMU-G8-R0044-STT1-AI04,HNMU-G8-R0044-STT1,8,Bài 4. Đạo đức và văn hoá trong sử dụng công nghệ kĩ thuật số,"Mục 1, Trang 18 SGK",Biết,true,2,2,4,early_followup,multimedia_presentation,student_reply_present;attempt_or_answer,deterministic_regex_v1
BC-HNMU-G8-R0045-STT2-AI02,HNMU-G8-R0045-STT2,8,Bài 4. Đạo đức và văn hoá trong sử dụng công nghệ kĩ thuật số,"Mục 2, Trang 19 SGK",Biết,false,0,0,2,first_tutor_turn,digital_ethics_safety,initial_request,deterministic_regex_v1
BC-HNMU-G8-R0045-STT2-AI04,HNMU-G8-R0045-STT2,8,Bài 4. Đạo đức và văn hoá trong sử dụng công nghệ kĩ thuật số,"Mục 2, Trang 19 SGK",Biết,true,2,2,4,early_followup,digital_ethics_safety,student_reply_present;attempt_or_answer,deterministic_regex_v1
BC-HNMU-G8-R0046-STT3-AI02,HNMU-G8-R0046-STT3,8,Bài 4. Đạo đức và văn hoá trong sử dụng công nghệ kĩ thuật số,"Mục 1, Trang 18 SGK",Biết,false,0,0,2,first_tutor_turn,digital_ethics_safety,initial_request,deterministic_regex_v1
BC-HNMU-G8-R0046-STT3-AI04,HNMU-G8-R0046-STT3,8,Bài 4. Đạo đức và văn hoá trong sử dụng công nghệ kĩ thuật số,"Mục 1, Trang 18 SGK",Biết,true,2,2,4,early_followup,digital_ethics_safety,student_reply_present;attempt_or_answer,deterministic_regex_v1
BC-HNMU-G8-R0047-STT4-AI02,HNMU-G8-R0047-STT4,8,Bài 4. Đạo đức và văn hoá trong sử dụng công nghệ kĩ thuật số,"Mục 2, Trang 19-20 SGK",Biết,false,0,0,2,first_tutor_turn,digital_ethics_safety,initial_request,deterministic_regex_v1
BC-HNMU-G8-R0047-STT4-AI04,HNMU-G8-R0047-STT4,8,Bài 4. Đạo đức và văn hoá trong sử dụng công nghệ kĩ thuật số,"Mục 2, Trang 19-20 SGK",Biết,true,2,2,4,early_followup,digital_ethics_safety,student_reply_present;attempt_or_answer,deterministic_regex_v1
BC-HNMU-G8-R0048-STT5-AI02,HNMU-G8-R0048-STT5,8,Bài 4. Đạo đức và văn hoá trong sử dụng công nghệ kĩ thuật số,"Mục 1, Trang 19 SGK",Hiểu,false,0,0,2,first_tutor_turn,digital_ethics_safety,initial_request,deterministic_regex_v1
BC-HNMU-G8-R0048-STT5-AI04,HNMU-G8-R0048-STT5,8,Bài 4. Đạo đức và văn hoá trong sử dụng công nghệ kĩ thuật số,"Mục 1, Trang 19 SGK",Hiểu,true,2,2,4,early_followup,digital_ethics_safety,student_reply_present;attempt_or_answer,deterministic_regex_v1
BC-HNMU-G8-R0049-STT6-AI02,HNMU-G8-R0049-STT6,8,Bài 4. Đạo đức và văn hoá trong sử dụng công nghệ kĩ thuật số,"Mục 2, Trang 19 SGK",Hiểu,false,0,0,2,first_tutor_turn,multimedia_presentation,initial_request,deterministic_regex_v1
BC-HNMU-G8-R0049-STT6-AI04,HNMU-G8-R0049-STT6,8,Bài 4. Đạo đức và văn hoá trong sử dụng công nghệ kĩ thuật số,"Mục 2, Trang 19 SGK",Hiểu,true,2,2,4,early_followup,multimedia_presentation,student_reply_present;attempt_or_answer,deterministic_regex_v1
BC-HNMU-G8-R0049-STT6-AI06,HNMU-G8-R0049-STT6,8,Bài 4. Đạo đức và văn hoá trong sử dụng công nghệ kĩ thuật số,"Mục 2, Trang 19 SGK",Hiểu,true,4,4-6,6,early_followup,multimedia_presentation,student_reply_present;attempt_or_answer,deterministic_regex_v1
BC-HNMU-G8-R0050-STT7-AI02,HNMU-G8-R0050-STT7,8,Bài 4. Đạo đức và văn hoá trong sử dụng công nghệ kĩ thuật số,"Mục 1, Trang 19 SGK",Hiểu,false,0,0,2,first_tutor_turn,digital_ethics_safety,initial_request,deterministic_regex_v1
BC-HNMU-G8-R0050-STT7-AI04,HNMU-G8-R0050-STT7,8,Bài 4. Đạo đức và văn hoá trong sử dụng công nghệ kĩ thuật số,"Mục 1, Trang 19 SGK",Hiểu,true,2,2,4,early_followup,digital_ethics_safety,student_reply_present;attempt_or_answer,deterministic_regex_v1
BC-HNMU-G8-R0050-STT7-AI06,HNMU-G8-R0050-STT7,8,Bài 4. Đạo đức và văn hoá trong sử dụng công nghệ kĩ thuật số,"Mục 1, Trang 19 SGK",Hiểu,true,4,4-6,6,early_followup,digital_ethics_safety,student_reply_present;attempt_or_answer,deterministic_regex_v1
BC-HNMU-G8-R0051-STT8-AI02,HNMU-G8-R0051-STT8,8,Bài 4. Đạo đức và văn hoá trong sử dụng công nghệ kĩ thuật số,"Mục 1, Trang 19 SGK",Hiểu,false,0,0,2,first_tutor_turn,digital_ethics_safety,initial_request,deterministic_regex_v1
BC-HNMU-G8-R0051-STT8-AI04,HNMU-G8-R0051-STT8,8,Bài 4. Đạo đức và văn hoá trong sử dụng công nghệ kĩ thuật số,"Mục 1, Trang 19 SGK",Hiểu,true,2,2,4,early_followup,digital_ethics_safety,student_reply_present;attempt_or_answer,deterministic_regex_v1
BC-HNMU-G8-R0052-STT9-AI02,HNMU-G8-R0052-STT9,8,Bài 4. Đạo đức và văn hoá trong sử dụng công nghệ kĩ thuật số,"Mục 1, Trang 18 SGK",Hiểu,false,0,0,2,first_tutor_turn,digital_ethics_safety,initial_request,deterministic_regex_v1
BC-HNMU-G8-R0052-STT9-AI04,HNMU-G8-R0052-STT9,8,Bài 4. Đạo đức và văn hoá trong sử dụng công nghệ kĩ thuật số,"Mục 1, Trang 18 SGK",Hiểu,true,2,2,4,early_followup,digital_ethics_safety,student_reply_present;short_confirmation,deterministic_regex_v1
BC-HNMU-G8-R0053-STT10-AI02,HNMU-G8-R0053-STT10,8,Bài 4. Đạo đức và văn hoá trong sử dụng công nghệ kĩ thuật số,"Mục 1,Trang 18 SGK",Hiểu,false,0,0,2,first_tutor_turn,digital_ethics_safety,initial_request,deterministic_regex_v1
BC-HNMU-G8-R0053-STT10-AI04,HNMU-G8-R0053-STT10,8,Bài 4. Đạo đức và văn hoá trong sử dụng công nghệ kĩ thuật số,"Mục 1,Trang 18 SGK",Hiểu,true,2,2,4,early_followup,digital_ethics_safety,student_reply_present;attempt_or_answer,deterministic_regex_v1
BC-HNMU-G8-R0054-STT11-AI02,HNMU-G8-R0054-STT11,8,Bài 4. Đạo đức và văn hoá trong sử dụng công nghệ kĩ thuật số,Câu hỏi a. Trang 20,Vận dụng,false,0,0,2,first_tutor_turn,multimedia_presentation,initial_request,deterministic_regex_v1
BC-HNMU-G8-R0054-STT11-AI04,HNMU-G8-R0054-STT11,8,Bài 4. Đạo đức và văn hoá trong sử dụng công nghệ kĩ thuật số,Câu hỏi a. Trang 20,Vận dụng,true,2,2,4,early_followup,multimedia_presentation,student_reply_present;attempt_or_answer,deterministic_regex_v1
BC-HNMU-G8-R0055-STT12-AI02,HNMU-G8-R0055-STT12,8,Bài 4. Đạo đức và văn hoá trong sử dụng công nghệ kĩ thuật số,Vận dụng thực tế,Vận dụng,false,0,0,2,first_tutor_turn,digital_ethics_safety,initial_request,deterministic_regex_v1
BC-HNMU-G8-R0055-STT12-AI04,HNMU-G8-R0055-STT12,8,Bài 4. Đạo đức và văn hoá trong sử dụng công nghệ kĩ thuật số,Vận dụng thực tế,Vận dụng,true,2,2,4,early_followup,digital_ethics_safety,student_reply_present;short_confirmation,deterministic_regex_v1
BC-HNMU-G8-R0055-STT12-AI06,HNMU-G8-R0055-STT12,8,Bài 4. Đạo đức và văn hoá trong sử dụng công nghệ kĩ thuật số,Vận dụng thực tế,Vận dụng,true,4,4-6,6,early_followup,digital_ethics_safety,student_reply_present;student_question,deterministic_regex_v1
BC-HNMU-G8-R0056-STT13-AI02,HNMU-G8-R0056-STT13,8,Bài 4. Đạo đức và văn hoá trong sử dụng công nghệ kĩ thuật số,Tình huống ứng dụng,Vận dụng,false,0,0,2,first_tutor_turn,digital_ethics_safety,initial_request,deterministic_regex_v1
BC-HNMU-G8-R0056-STT13-AI04,HNMU-G8-R0056-STT13,8,Bài 4. Đạo đức và văn hoá trong sử dụng công nghệ kĩ thuật số,Tình huống ứng dụng,Vận dụng,true,2,2,4,early_followup,digital_ethics_safety,student_reply_present;attempt_or_answer,deterministic_regex_v1
BC-HNMU-G8-R0056-STT13-AI06,HNMU-G8-R0056-STT13,8,Bài 4. Đạo đức và văn hoá trong sử dụng công nghệ kĩ thuật số,Tình huống ứng dụng,Vận dụng,true,4,4-6,6,early_followup,digital_ethics_safety,student_reply_present;attempt_or_answer,deterministic_regex_v1
BC-HNMU-G8-R0057-STT14-AI02,HNMU-G8-R0057-STT14,8,Bài 4. Đạo đức và văn hoá trong sử dụng công nghệ kĩ thuật số,Dự án học tập,Vận dụng,false,0,0,2,first_tutor_turn,multimedia_presentation,initial_request,deterministic_regex_v1
BC-HNMU-G8-R0057-STT14-AI04,HNMU-G8-R0057-STT14,8,Bài 4. Đạo đức và văn hoá trong sử dụng công nghệ kĩ thuật số,Dự án học tập,Vận dụng,true,2,2,4,early_followup,multimedia_presentation,student_reply_present;attempt_or_answer,deterministic_regex_v1
BC-HNMU-G8-R0057-STT14-AI06,HNMU-G8-R0057-STT14,8,Bài 4. Đạo đức và văn hoá trong sử dụng công nghệ kĩ thuật số,Dự án học tập,Vận dụng,true,4,4-6,6,early_followup,multimedia_presentation,student_reply_present;student_question,deterministic_regex_v1
BC-HNMU-G8-R0058-STT1-AI02,HNMU-G8-R0058-STT1,8,Bài 5: Sử dụng bảng tính giải quyết bài toán thực tế,"Mục 1, Trang 22 SGK",Biết,false,0,0,2,first_tutor_turn,spreadsheet,initial_request,deterministic_regex_v1
BC-HNMU-G8-R0058-STT1-AI04,HNMU-G8-R0058-STT1,8,Bài 5: Sử dụng bảng tính giải quyết bài toán thực tế,"Mục 1, Trang 22 SGK",Biết,true,2,2,4,early_followup,spreadsheet,student_reply_present;attempt_or_answer,deterministic_regex_v1
BC-HNMU-G8-R0058-STT1-AI06,HNMU-G8-R0058-STT1,8,Bài 5: Sử dụng bảng tính giải quyết bài toán thực tế,"Mục 1, Trang 22 SGK",Biết,true,4,4-6,6,early_followup,spreadsheet,student_reply_present;student_question,deterministic_regex_v1
BC-HNMU-G8-R0059-STT2-AI02,HNMU-G8-R0059-STT2,8,Bài 5: Sử dụng bảng tính giải quyết bài toán thực tế,"Mục 2, Trang 23 SGK",Biết,false,0,0,2,first_tutor_turn,spreadsheet,initial_request,deterministic_regex_v1
BC-HNMU-G8-R0059-STT2-AI04,HNMU-G8-R0059-STT2,8,Bài 5: Sử dụng bảng tính giải quyết bài toán thực tế,"Mục 2, Trang 23 SGK",Biết,true,2,2,4,early_followup,spreadsheet,student_reply_present;attempt_or_answer,deterministic_regex_v1
BC-HNMU-G8-R0060-STT3-AI02,HNMU-G8-R0060-STT3,8,Bài 5: Sử dụng bảng tính giải quyết bài toán thực tế,"Mục 2, Trang 23 SGK",Biết,false,0,0,2,first_tutor_turn,spreadsheet,initial_request,deterministic_regex_v1
BC-HNMU-G8-R0060-STT3-AI04,HNMU-G8-R0060-STT3,8,Bài 5: Sử dụng bảng tính giải quyết bài toán thực tế,"Mục 2, Trang 23 SGK",Biết,true,2,2,4,early_followup,spreadsheet,student_reply_present;attempt_or_answer,deterministic_regex_v1
BC-HNMU-G8-R0061-STT4-AI02,HNMU-G8-R0061-STT4,8,Bài 5: Sử dụng bảng tính giải quyết bài toán thực tế,"Mục 2, Trang 23 SGK",Biết,false,0,0,2,first_tutor_turn,spreadsheet,initial_request,deterministic_regex_v1
BC-HNMU-G8-R0061-STT4-AI04,HNMU-G8-R0061-STT4,8,Bài 5: Sử dụng bảng tính giải quyết bài toán thực tế,"Mục 2, Trang 23 SGK",Biết,true,2,2,4,early_followup,spreadsheet,student_reply_present;short_confirmation,deterministic_regex_v1
BC-HNMU-G8-R0061-STT4-AI06,HNMU-G8-R0061-STT4,8,Bài 5: Sử dụng bảng tính giải quyết bài toán thực tế,"Mục 2, Trang 23 SGK",Biết,true,4,4-6,6,early_followup,spreadsheet,student_reply_present;attempt_or_answer,deterministic_regex_v1
BC-HNMU-G8-R0062-STT5-AI02,HNMU-G8-R0062-STT5,8,Bài 5: Sử dụng bảng tính giải quyết bài toán thực tế,"Mục 1, Trang 22 SGK",Hiểu,false,0,0,2,first_tutor_turn,spreadsheet,initial_request,deterministic_regex_v1
BC-HNMU-G8-R0062-STT5-AI04,HNMU-G8-R0062-STT5,8,Bài 5: Sử dụng bảng tính giải quyết bài toán thực tế,"Mục 1, Trang 22 SGK",Hiểu,true,2,2,4,early_followup,spreadsheet,student_reply_present;student_question,deterministic_regex_v1
BC-HNMU-G8-R0063-STT6-AI02,HNMU-G8-R0063-STT6,8,Bài 5: Sử dụng bảng tính giải quyết bài toán thực tế,"Mục 2, Trang 23 SGK",Hiểu,false,0,0,2,first_tutor_turn,spreadsheet,initial_request,deterministic_regex_v1
BC-HNMU-G8-R0063-STT6-AI04,HNMU-G8-R0063-STT6,8,Bài 5: Sử dụng bảng tính giải quyết bài toán thực tế,"Mục 2, Trang 23 SGK",Hiểu,true,2,2,4,early_followup,spreadsheet,student_reply_present;attempt_or_answer,deterministic_regex_v1
BC-HNMU-G8-R0064-STT7-AI02,HNMU-G8-R0064-STT7,8,Bài 5: Sử dụng bảng tính giải quyết bài toán thực tế,"Mục 2, Trang 23 SGK",Hiểu,false,0,0,2,first_tutor_turn,spreadsheet,initial_request,deterministic_regex_v1
BC-HNMU-G8-R0064-STT7-AI04,HNMU-G8-R0064-STT7,8,Bài 5: Sử dụng bảng tính giải quyết bài toán thực tế,"Mục 2, Trang 23 SGK",Hiểu,true,2,2,4,early_followup,spreadsheet,student_reply_present;attempt_or_answer,deterministic_regex_v1
BC-HNMU-G8-R0065-STT8-AI02,HNMU-G8-R0065-STT8,8,Bài 5: Sử dụng bảng tính giải quyết bài toán thực tế,"Luyện tập 2, Trang 26 SGK",Hiểu,false,0,0,2,first_tutor_turn,spreadsheet,initial_request,deterministic_regex_v1
BC-HNMU-G8-R0065-STT8-AI04,HNMU-G8-R0065-STT8,8,Bài 5: Sử dụng bảng tính giải quyết bài toán thực tế,"Luyện tập 2, Trang 26 SGK",Hiểu,true,2,2,4,early_followup,spreadsheet,student_reply_present;attempt_or_answer,deterministic_regex_v1
BC-HNMU-G8-R0066-STT9-AI02,HNMU-G8-R0066-STT9,8,Bài 5: Sử dụng bảng tính giải quyết bài toán thực tế,"Mục 1, Trang 22 SGK",Hiểu,false,0,0,2,first_tutor_turn,spreadsheet,initial_request,deterministic_regex_v1
BC-HNMU-G8-R0066-STT9-AI04,HNMU-G8-R0066-STT9,8,Bài 5: Sử dụng bảng tính giải quyết bài toán thực tế,"Mục 1, Trang 22 SGK",Hiểu,true,2,2,4,early_followup,spreadsheet,student_reply_present;attempt_or_answer,deterministic_regex_v1
BC-HNMU-G8-R0066-STT9-AI06,HNMU-G8-R0066-STT9,8,Bài 5: Sử dụng bảng tính giải quyết bài toán thực tế,"Mục 1, Trang 22 SGK",Hiểu,true,4,4-6,6,early_followup,spreadsheet,student_reply_present;student_question,deterministic_regex_v1
BC-HNMU-G8-R0067-STT10-AI02,HNMU-G8-R0067-STT10,8,Bài 5: Sử dụng bảng tính giải quyết bài toán thực tế,"Mục 1, Trang 22 SGK",Hiểu,false,0,0,2,first_tutor_turn,spreadsheet,initial_request,deterministic_regex_v1
BC-HNMU-G8-R0067-STT10-AI04,HNMU-G8-R0067-STT10,8,Bài 5: Sử dụng bảng tính giải quyết bài toán thực tế,"Mục 1, Trang 22 SGK",Hiểu,true,2,2,4,early_followup,spreadsheet,student_reply_present;attempt_or_answer,deterministic_regex_v1
BC-HNMU-G8-R0069-STT12-AI02,HNMU-G8-R0069-STT12,8,Bài 5: Sử dụng bảng tính giải quyết bài toán thực tế,"Luyện tập 2f, Trang 26 SGK",Vận dụng,false,0,0,2,first_tutor_turn,spreadsheet,initial_request,deterministic_regex_v1
BC-HNMU-G8-R0069-STT12-AI04,HNMU-G8-R0069-STT12,8,Bài 5: Sử dụng bảng tính giải quyết bài toán thực tế,"Luyện tập 2f, Trang 26 SGK",Vận dụng,true,2,2,4,early_followup,spreadsheet,student_reply_present;short_confirmation,deterministic_regex_v1
BC-HNMU-G8-R0069-STT12-AI06,HNMU-G8-R0069-STT12,8,Bài 5: Sử dụng bảng tính giải quyết bài toán thực tế,"Luyện tập 2f, Trang 26 SGK",Vận dụng,true,4,4-6,6,early_followup,spreadsheet,student_reply_present;attempt_or_answer,deterministic_regex_v1
BC-HNMU-G8-R0070-STT13-AI02,HNMU-G8-R0070-STT13,8,Bài 5: Sử dụng bảng tính giải quyết bài toán thực tế,"Luyện tập 2, Trang 26 SGK",Vận dụng,false,0,0,2,first_tutor_turn,spreadsheet,initial_request,deterministic_regex_v1
BC-HNMU-G8-R0070-STT13-AI04,HNMU-G8-R0070-STT13,8,Bài 5: Sử dụng bảng tính giải quyết bài toán thực tế,"Luyện tập 2, Trang 26 SGK",Vận dụng,true,2,2,4,early_followup,spreadsheet,student_reply_present;student_question,deterministic_regex_v1
BC-HNMU-G8-R0070-STT13-AI06,HNMU-G8-R0070-STT13,8,Bài 5: Sử dụng bảng tính giải quyết bài toán thực tế,"Luyện tập 2, Trang 26 SGK",Vận dụng,true,4,4-6,6,early_followup,spreadsheet,student_reply_present;student_question,deterministic_regex_v1
BC-HNMU-G8-R0071-STT14-AI02,HNMU-G8-R0071-STT14,8,Bài 5: Sử dụng bảng tính giải quyết bài toán thực tế,"Vận dụng, Trang 26 SGK",Vận dụng,false,0,0,2,first_tutor_turn,spreadsheet,initial_request,deterministic_regex_v1
BC-HNMU-G8-R0071-STT14-AI04,HNMU-G8-R0071-STT14,8,Bài 5: Sử dụng bảng tính giải quyết bài toán thực tế,"Vận dụng, Trang 26 SGK",Vận dụng,true,2,2,4,early_followup,spreadsheet,student_reply_present;attempt_or_answer,deterministic_regex_v1
BC-HNMU-G8-R0072-STT1-AI02,HNMU-G8-R0072-STT1,8,Bài 6. Săp xếp và lọc dữ liệu,"Mục 2, Trang 28 SGK",Biết,false,0,0,2,first_tutor_turn,algorithm,initial_request,deterministic_regex_v1
BC-HNMU-G8-R0072-STT1-AI04,HNMU-G8-R0072-STT1,8,Bài 6. Săp xếp và lọc dữ liệu,"Mục 2, Trang 28 SGK",Biết,true,2,2,4,early_followup,algorithm,student_reply_present;attempt_or_answer,deterministic_regex_v1
BC-HNMU-G8-R0073-STT2-AI02,HNMU-G8-R0073-STT2,8,Bài 6. Săp xếp và lọc dữ liệu,"Mục 3, Trang 29 SGK",Biết,false,0,0,2,first_tutor_turn,data_information,initial_request,deterministic_regex_v1
BC-HNMU-G8-R0073-STT2-AI04,HNMU-G8-R0073-STT2,8,Bài 6. Săp xếp và lọc dữ liệu,"Mục 3, Trang 29 SGK",Biết,true,2,2,4,early_followup,data_information,student_reply_present;attempt_or_answer,deterministic_regex_v1
BC-HNMU-G8-R0074-STT3-AI02,HNMU-G8-R0074-STT3,8,Bài 6. Săp xếp và lọc dữ liệu,"Hình 6.3, Trang 28 SGK",Biết,false,0,0,2,first_tutor_turn,algorithm,initial_request,deterministic_regex_v1
BC-HNMU-G8-R0074-STT3-AI04,HNMU-G8-R0074-STT3,8,Bài 6. Săp xếp và lọc dữ liệu,"Hình 6.3, Trang 28 SGK",Biết,true,2,2,4,early_followup,algorithm,student_reply_present;attempt_or_answer,deterministic_regex_v1
BC-HNMU-G8-R0075-STT4-AI02,HNMU-G8-R0075-STT4,8,Bài 6. Săp xếp và lọc dữ liệu,"Mục 2, Trang 30 SGK",Biết,false,0,0,2,first_tutor_turn,data_information,initial_request,deterministic_regex_v1
BC-HNMU-G8-R0075-STT4-AI04,HNMU-G8-R0075-STT4,8,Bài 6. Săp xếp và lọc dữ liệu,"Mục 2, Trang 30 SGK",Biết,true,2,2,4,early_followup,data_information,student_reply_present;attempt_or_answer,deterministic_regex_v1
BC-HNMU-G8-R0076-STT5-AI02,HNMU-G8-R0076-STT5,8,Bài 6. Săp xếp và lọc dữ liệu,"Hoạt động 1, Trang 27 SGK",Hiểu,false,0,0,2,first_tutor_turn,data_information,initial_request,deterministic_regex_v1
BC-HNMU-G8-R0076-STT5-AI04,HNMU-G8-R0076-STT5,8,Bài 6. Săp xếp và lọc dữ liệu,"Hoạt động 1, Trang 27 SGK",Hiểu,true,2,2,4,early_followup,data_information,student_reply_present;attempt_or_answer,deterministic_regex_v1
BC-HNMU-G8-R0076-STT5-AI06,HNMU-G8-R0076-STT5,8,Bài 6. Săp xếp và lọc dữ liệu,"Hoạt động 1, Trang 27 SGK",Hiểu,true,4,4-6,6,early_followup,data_information,student_reply_present;attempt_or_answer,deterministic_regex_v1
BC-HNMU-G8-R0077-STT6-AI02,HNMU-G8-R0077-STT6,8,Bài 6. Săp xếp và lọc dữ liệu,"Mục 2, Trang 29 SGK",Hiểu,false,0,0,2,first_tutor_turn,algorithm,initial_request,deterministic_regex_v1
BC-HNMU-G8-R0077-STT6-AI04,HNMU-G8-R0077-STT6,8,Bài 6. Săp xếp và lọc dữ liệu,"Mục 2, Trang 29 SGK",Hiểu,true,2,2,4,early_followup,algorithm,student_reply_present;student_question,deterministic_regex_v1
BC-HNMU-G8-R0078-STT7-AI02,HNMU-G8-R0078-STT7,8,Bài 6. Săp xếp và lọc dữ liệu,"Mục 3, Trang 30 SGK",Hiểu,false,0,0,2,first_tutor_turn,spreadsheet,initial_request,deterministic_regex_v1
BC-HNMU-G8-R0078-STT7-AI04,HNMU-G8-R0078-STT7,8,Bài 6. Săp xếp và lọc dữ liệu,"Mục 3, Trang 30 SGK",Hiểu,true,2,2,4,early_followup,spreadsheet,student_reply_present;attempt_or_answer,deterministic_regex_v1
BC-HNMU-G8-R0079-STT8-AI02,HNMU-G8-R0079-STT8,8,Bài 6. Săp xếp và lọc dữ liệu,"Mục 3, Trang 30 SGK",Hiểu,false,0,0,2,first_tutor_turn,algorithm,initial_request,deterministic_regex_v1
BC-HNMU-G8-R0079-STT8-AI04,HNMU-G8-R0079-STT8,8,Bài 6. Săp xếp và lọc dữ liệu,"Mục 3, Trang 30 SGK",Hiểu,true,2,2,4,early_followup,algorithm,student_reply_present;short_confirmation,deterministic_regex_v1
BC-HNMU-G8-R0080-STT9-AI02,HNMU-G8-R0080-STT9,8,Bài 6. Săp xếp và lọc dữ liệu,"Mục 2, Trang 29 SGK",Hiểu,false,0,0,2,first_tutor_turn,algorithm,initial_request,deterministic_regex_v1
BC-HNMU-G8-R0080-STT9-AI04,HNMU-G8-R0080-STT9,8,Bài 6. Săp xếp và lọc dữ liệu,"Mục 2, Trang 29 SGK",Hiểu,true,2,2,4,early_followup,algorithm,student_reply_present;attempt_or_answer,deterministic_regex_v1
BC-HNMU-G8-R0081-STT10-AI02,HNMU-G8-R0081-STT10,8,Bài 6. Săp xếp và lọc dữ liệu,"Mục 3, Trang 30 SGK",Hiểu,false,0,0,2,first_tutor_turn,data_information,initial_request,deterministic_regex_v1
BC-HNMU-G8-R0081-STT10-AI04,HNMU-G8-R0081-STT10,8,Bài 6. Săp xếp và lọc dữ liệu,"Mục 3, Trang 30 SGK",Hiểu,true,2,2,4,early_followup,data_information,student_reply_present;attempt_or_answer,deterministic_regex_v1
BC-HNMU-G8-R0082-STT11-AI02,HNMU-G8-R0082-STT11,8,Bài 6. Săp xếp và lọc dữ liệu,"Luyện tập (b), Trang 31 SGK",Vận dụng,false,0,0,2,first_tutor_turn,hardware_network,initial_request,deterministic_regex_v1
BC-HNMU-G8-R0082-STT11-AI04,HNMU-G8-R0082-STT11,8,Bài 6. Săp xếp và lọc dữ liệu,"Luyện tập (b), Trang 31 SGK",Vận dụng,true,2,2,4,early_followup,hardware_network,student_reply_present;attempt_or_answer,deterministic_regex_v1
BC-HNMU-G8-R0082-STT11-AI06,HNMU-G8-R0082-STT11,8,Bài 6. Săp xếp và lọc dữ liệu,"Luyện tập (b), Trang 31 SGK",Vận dụng,true,4,4-6,6,early_followup,hardware_network,student_reply_present;attempt_or_answer,deterministic_regex_v1
BC-HNMU-G8-R0083-STT12-AI02,HNMU-G8-R0083-STT12,8,Bài 6. Săp xếp và lọc dữ liệu,"Luyện tập (d), Trang 31 SGK",Vận dụng,false,0,0,2,first_tutor_turn,data_information,initial_request,deterministic_regex_v1
BC-HNMU-G8-R0083-STT12-AI04,HNMU-G8-R0083-STT12,8,Bài 6. Săp xếp và lọc dữ liệu,"Luyện tập (d), Trang 31 SGK",Vận dụng,true,2,2,4,early_followup,data_information,student_reply_present;short_confirmation,deterministic_regex_v1
BC-HNMU-G8-R0083-STT12-AI06,HNMU-G8-R0083-STT12,8,Bài 6. Săp xếp và lọc dữ liệu,"Luyện tập (d), Trang 31 SGK",Vận dụng,true,4,4-6,6,early_followup,data_information,student_reply_present;student_question,deterministic_regex_v1
BC-HNMU-G8-R0084-STT13-AI02,HNMU-G8-R0084-STT13,8,Bài 6. Săp xếp và lọc dữ liệu,"Luyện tập (c), Trang 31 SGK",Vận dụng,false,0,0,2,first_tutor_turn,algorithm,initial_request,deterministic_regex_v1
BC-HNMU-G8-R0084-STT13-AI04,HNMU-G8-R0084-STT13,8,Bài 6. Săp xếp và lọc dữ liệu,"Luyện tập (c), Trang 31 SGK",Vận dụng,true,2,2,4,early_followup,algorithm,student_reply_present;short_confirmation,deterministic_regex_v1
BC-HNMU-G8-R0084-STT13-AI06,HNMU-G8-R0084-STT13,8,Bài 6. Săp xếp và lọc dữ liệu,"Luyện tập (c), Trang 31 SGK",Vận dụng,true,4,4-6,6,early_followup,algorithm,student_reply_present;student_question,deterministic_regex_v1
BC-HNMU-G8-R0085-STT14-AI02,HNMU-G8-R0085-STT14,8,Bài 6. Săp xếp và lọc dữ liệu,"Vận dụng, Trang 31 SGK",Vận dụng,false,0,0,2,first_tutor_turn,data_information,initial_request,deterministic_regex_v1
BC-HNMU-G8-R0085-STT14-AI04,HNMU-G8-R0085-STT14,8,Bài 6. Săp xếp và lọc dữ liệu,"Vận dụng, Trang 31 SGK",Vận dụng,true,2,2,4,early_followup,data_information,student_reply_present;short_confirmation,deterministic_regex_v1
BC-HNMU-G8-R0086-STT1-AI02,HNMU-G8-R0086-STT1,8,Bài 7. Trình bày dữ liệu bằng biểu đồ,"Mục 1, Trang 33 SGK",Biết,false,0,0,2,first_tutor_turn,data_information,initial_request,deterministic_regex_v1
BC-HNMU-G8-R0086-STT1-AI04,HNMU-G8-R0086-STT1,8,Bài 7. Trình bày dữ liệu bằng biểu đồ,"Mục 1, Trang 33 SGK",Biết,true,2,2,4,early_followup,data_information,student_reply_present;attempt_or_answer,deterministic_regex_v1
BC-HNMU-G8-R0086-STT1-AI06,HNMU-G8-R0086-STT1,8,Bài 7. Trình bày dữ liệu bằng biểu đồ,"Mục 1, Trang 33 SGK",Biết,true,4,4-6,6,early_followup,data_information,student_reply_present;student_question,deterministic_regex_v1
BC-HNMU-G8-R0087-STT2-AI02,HNMU-G8-R0087-STT2,8,Bài 7. Trình bày dữ liệu bằng biểu đồ,"Mục 1, Trang 32-33 SGK",Biết,false,0,0,2,first_tutor_turn,spreadsheet,initial_request,deterministic_regex_v1
BC-HNMU-G8-R0087-STT2-AI04,HNMU-G8-R0087-STT2,8,Bài 7. Trình bày dữ liệu bằng biểu đồ,"Mục 1, Trang 32-33 SGK",Biết,true,2,2,4,early_followup,spreadsheet,student_reply_present;attempt_or_answer,deterministic_regex_v1
BC-HNMU-G8-R0088-STT3-AI02,HNMU-G8-R0088-STT3,8,Bài 7. Trình bày dữ liệu bằng biểu đồ,"Mục 1, Trang 32 SGK",Biết,false,0,0,2,first_tutor_turn,data_information,initial_request,deterministic_regex_v1
BC-HNMU-G8-R0088-STT3-AI04,HNMU-G8-R0088-STT3,8,Bài 7. Trình bày dữ liệu bằng biểu đồ,"Mục 1, Trang 32 SGK",Biết,true,2,2,4,early_followup,data_information,student_reply_present;attempt_or_answer,deterministic_regex_v1
BC-HNMU-G8-R0089-STT4-AI02,HNMU-G8-R0089-STT4,8,Bài 7. Trình bày dữ liệu bằng biểu đồ,"Mục 1, Trang 33 SGK",Biết,false,0,0,2,first_tutor_turn,data_information,initial_request,deterministic_regex_v1
BC-HNMU-G8-R0089-STT4-AI04,HNMU-G8-R0089-STT4,8,Bài 7. Trình bày dữ liệu bằng biểu đồ,"Mục 1, Trang 33 SGK",Biết,true,2,2,4,early_followup,data_information,student_reply_present;attempt_or_answer,deterministic_regex_v1
BC-HNMU-G8-R0090-STT5-AI02,HNMU-G8-R0090-STT5,8,Bài 7. Trình bày dữ liệu bằng biểu đồ,"Hoạt động 1, Trang 32 SGK",Hiểu,false,0,0,2,first_tutor_turn,data_information,initial_request,deterministic_regex_v1
BC-HNMU-G8-R0090-STT5-AI04,HNMU-G8-R0090-STT5,8,Bài 7. Trình bày dữ liệu bằng biểu đồ,"Hoạt động 1, Trang 32 SGK",Hiểu,true,2,2,4,early_followup,data_information,student_reply_present;attempt_or_answer,deterministic_regex_v1
BC-HNMU-G8-R0091-STT6-AI02,HNMU-G8-R0091-STT6,8,Bài 7. Trình bày dữ liệu bằng biểu đồ,"Mục 1, Trang 33 SGK",Hiểu,false,0,0,2,first_tutor_turn,data_information,initial_request,deterministic_regex_v1
BC-HNMU-G8-R0091-STT6-AI04,HNMU-G8-R0091-STT6,8,Bài 7. Trình bày dữ liệu bằng biểu đồ,"Mục 1, Trang 33 SGK",Hiểu,true,2,2,4,early_followup,data_information,student_reply_present;attempt_or_answer,deterministic_regex_v1
BC-HNMU-G8-R0092-STT7-AI02,HNMU-G8-R0092-STT7,8,Bài 7. Trình bày dữ liệu bằng biểu đồ,"Lưu ý, Trang 35 SGK",Hiểu,false,0,0,2,first_tutor_turn,data_information,initial_request,deterministic_regex_v1
BC-HNMU-G8-R0092-STT7-AI04,HNMU-G8-R0092-STT7,8,Bài 7. Trình bày dữ liệu bằng biểu đồ,"Lưu ý, Trang 35 SGK",Hiểu,true,2,2,4,early_followup,data_information,student_reply_present;attempt_or_answer,deterministic_regex_v1
BC-HNMU-G8-R0093-STT8-AI02,HNMU-G8-R0093-STT8,8,Bài 7. Trình bày dữ liệu bằng biểu đồ,"Hình 7.2, Trang 32 SGK",Hiểu,false,0,0,2,first_tutor_turn,data_information,initial_request,deterministic_regex_v1
BC-HNMU-G8-R0093-STT8-AI04,HNMU-G8-R0093-STT8,8,Bài 7. Trình bày dữ liệu bằng biểu đồ,"Hình 7.2, Trang 32 SGK",Hiểu,true,2,2,4,early_followup,data_information,student_reply_present;attempt_or_answer,deterministic_regex_v1
BC-HNMU-G8-R0094-STT9-AI02,HNMU-G8-R0094-STT9,8,Bài 7. Trình bày dữ liệu bằng biểu đồ,"Kiến thức mới, Trang 32",Hiểu,false,0,0,2,first_tutor_turn,spreadsheet,initial_request,deterministic_regex_v1
BC-HNMU-G8-R0094-STT9-AI04,HNMU-G8-R0094-STT9,8,Bài 7. Trình bày dữ liệu bằng biểu đồ,"Kiến thức mới, Trang 32",Hiểu,true,2,2,4,early_followup,spreadsheet,student_reply_present;student_question,deterministic_regex_v1
BC-HNMU-G8-R0095-STT10-AI02,HNMU-G8-R0095-STT10,8,Bài 7. Trình bày dữ liệu bằng biểu đồ,"Mục 1, Trang 32 SGK",Hiểu,false,0,0,2,first_tutor_turn,data_information,initial_request,deterministic_regex_v1
BC-HNMU-G8-R0095-STT10-AI04,HNMU-G8-R0095-STT10,8,Bài 7. Trình bày dữ liệu bằng biểu đồ,"Mục 1, Trang 32 SGK",Hiểu,true,2,2,4,early_followup,data_information,student_reply_present;short_confirmation,deterministic_regex_v1
BC-HNMU-G8-R0096-STT11-AI02,HNMU-G8-R0096-STT11,8,Bài 7. Trình bày dữ liệu bằng biểu đồ,"Luyện tập 1.a, Trang 35",Vận dụng,false,0,0,2,first_tutor_turn,data_information,initial_request,deterministic_regex_v1
BC-HNMU-G8-R0096-STT11-AI04,HNMU-G8-R0096-STT11,8,Bài 7. Trình bày dữ liệu bằng biểu đồ,"Luyện tập 1.a, Trang 35",Vận dụng,true,2,2,4,early_followup,data_information,student_reply_present;attempt_or_answer,deterministic_regex_v1
BC-HNMU-G8-R0097-STT12-AI02,HNMU-G8-R0097-STT12,8,Bài 7. Trình bày dữ liệu bằng biểu đồ,"Luyện tập 1.b, Trang 35",Vận dụng,false,0,0,2,first_tutor_turn,spreadsheet,initial_request,deterministic_regex_v1
BC-HNMU-G8-R0097-STT12-AI04,HNMU-G8-R0097-STT12,8,Bài 7. Trình bày dữ liệu bằng biểu đồ,"Luyện tập 1.b, Trang 35",Vận dụng,true,2,2,4,early_followup,spreadsheet,student_reply_present;attempt_or_answer,deterministic_regex_v1
BC-HNMU-G8-R0098-STT13-AI02,HNMU-G8-R0098-STT13,8,Bài 7. Trình bày dữ liệu bằng biểu đồ,"Luyện tập 2, Trang 35 SGK",Vận dụng,false,0,0,2,first_tutor_turn,data_information,initial_request,deterministic_regex_v1
BC-HNMU-G8-R0098-STT13-AI04,HNMU-G8-R0098-STT13,8,Bài 7. Trình bày dữ liệu bằng biểu đồ,"Luyện tập 2, Trang 35 SGK",Vận dụng,true,2,2,4,early_followup,data_information,student_reply_present;attempt_or_answer,deterministic_regex_v1
BC-HNMU-G8-R0098-STT13-AI06,HNMU-G8-R0098-STT13,8,Bài 7. Trình bày dữ liệu bằng biểu đồ,"Luyện tập 2, Trang 35 SGK",Vận dụng,true,4,4-6,6,early_followup,data_information,student_reply_present;attempt_or_answer,deterministic_regex_v1
BC-HNMU-G8-R0099-STT14-AI02,HNMU-G8-R0099-STT14,8,Bài 7. Trình bày dữ liệu bằng biểu đồ,"Vận dụng, Trang 35 SGK",Vận dụng,false,0,0,2,first_tutor_turn,data_information,initial_request,deterministic_regex_v1
BC-HNMU-G8-R0099-STT14-AI04,HNMU-G8-R0099-STT14,8,Bài 7. Trình bày dữ liệu bằng biểu đồ,"Vận dụng, Trang 35 SGK",Vận dụng,true,2,2,4,early_followup,data_information,student_reply_present;attempt_or_answer,deterministic_regex_v1
BC-HNMU-G8-R0156-STT1-AI02,HNMU-G8-R0156-STT1,8,[8b] Làm quen với phần mềm chỉnh sửa ảnh,Mở đầu / Khám phá,Biết,false,0,0,2,first_tutor_turn,multimedia_presentation,initial_request,deterministic_regex_v1
BC-HNMU-G8-R0156-STT1-AI04,HNMU-G8-R0156-STT1,8,[8b] Làm quen với phần mềm chỉnh sửa ảnh,Mở đầu / Khám phá,Biết,true,2,2,4,early_followup,multimedia_presentation,student_reply_present;attempt_or_answer,deterministic_regex_v1
BC-HNMU-G8-R0156-STT1-AI06,HNMU-G8-R0156-STT1,8,[8b] Làm quen với phần mềm chỉnh sửa ảnh,Mở đầu / Khám phá,Biết,true,4,4-6,6,early_followup,multimedia_presentation,student_reply_present;attempt_or_answer,deterministic_regex_v1
BC-HNMU-G8-R0156-STT1-AI08,HNMU-G8-R0156-STT1,8,[8b] Làm quen với phần mềm chỉnh sửa ảnh,Mở đầu / Khám phá,Biết,true,6,4-6,8,later_followup,multimedia_presentation,student_reply_present;attempt_or_answer,deterministic_regex_v1
BC-HNMU-G8-R0157-STT2-AI02,HNMU-G8-R0157-STT2,8,[8b] Làm quen với phần mềm chỉnh sửa ảnh,Mục 1. Kiến thức mới,Biết,false,0,0,2,first_tutor_turn,multimedia_presentation,initial_request,deterministic_regex_v1
BC-HNMU-G8-R0157-STT2-AI04,HNMU-G8-R0157-STT2,8,[8b] Làm quen với phần mềm chỉnh sửa ảnh,Mục 1. Kiến thức mới,Biết,true,2,2,4,early_followup,multimedia_presentation,student_reply_present;student_question,deterministic_regex_v1
BC-HNMU-G8-R0157-STT2-AI06,HNMU-G8-R0157-STT2,8,[8b] Làm quen với phần mềm chỉnh sửa ảnh,Mục 1. Kiến thức mới,Biết,true,4,4-6,6,early_followup,multimedia_presentation,student_reply_present;attempt_or_answer,deterministic_regex_v1
BC-HNMU-G8-R0157-STT2-AI08,HNMU-G8-R0157-STT2,8,[8b] Làm quen với phần mềm chỉnh sửa ảnh,Mục 1. Kiến thức mới,Biết,true,6,4-6,8,later_followup,multimedia_presentation,student_reply_present;attempt_or_answer,deterministic_regex_v1
BC-HNMU-G8-R0158-STT3-AI02,HNMU-G8-R0158-STT3,8,[8b] Làm quen với phần mềm chỉnh sửa ảnh,Mục 2. Lưu và xuất tệp,Biết,false,0,0,2,first_tutor_turn,multimedia_presentation,initial_request,deterministic_regex_v1
BC-HNMU-G8-R0158-STT3-AI04,HNMU-G8-R0158-STT3,8,[8b] Làm quen với phần mềm chỉnh sửa ảnh,Mục 2. Lưu và xuất tệp,Biết,true,2,2,4,early_followup,multimedia_presentation,student_reply_present;student_question,deterministic_regex_v1
BC-HNMU-G8-R0158-STT3-AI06,HNMU-G8-R0158-STT3,8,[8b] Làm quen với phần mềm chỉnh sửa ảnh,Mục 2. Lưu và xuất tệp,Biết,true,4,4-6,6,early_followup,multimedia_presentation,student_reply_present;attempt_or_answer,deterministic_regex_v1
BC-HNMU-G8-R0159-STT4-AI02,HNMU-G8-R0159-STT4,8,[8b] Làm quen với phần mềm chỉnh sửa ảnh,Mục 3. Công cụ chọn,Biết,false,0,0,2,first_tutor_turn,multimedia_presentation,initial_request,deterministic_regex_v1
BC-HNMU-G8-R0159-STT4-AI04,HNMU-G8-R0159-STT4,8,[8b] Làm quen với phần mềm chỉnh sửa ảnh,Mục 3. Công cụ chọn,Biết,true,2,2,4,early_followup,multimedia_presentation,student_reply_present;short_confirmation,deterministic_regex_v1
BC-HNMU-G8-R0159-STT4-AI06,HNMU-G8-R0159-STT4,8,[8b] Làm quen với phần mềm chỉnh sửa ảnh,Mục 3. Công cụ chọn,Biết,true,4,4-6,6,early_followup,multimedia_presentation,student_reply_present;attempt_or_answer,deterministic_regex_v1
BC-HNMU-G8-R0159-STT4-AI08,HNMU-G8-R0159-STT4,8,[8b] Làm quen với phần mềm chỉnh sửa ảnh,Mục 3. Công cụ chọn,Biết,true,6,4-6,8,later_followup,multimedia_presentation,student_reply_present;attempt_or_answer,deterministic_regex_v1
BC-HNMU-G8-R0160-STT5-AI02,HNMU-G8-R0160-STT5,8,[8b] Làm quen với phần mềm chỉnh sửa ảnh,Luyện tập,Hiểu,false,0,0,2,first_tutor_turn,multimedia_presentation,initial_request,deterministic_regex_v1
BC-HNMU-G8-R0160-STT5-AI04,HNMU-G8-R0160-STT5,8,[8b] Làm quen với phần mềm chỉnh sửa ảnh,Luyện tập,Hiểu,true,2,2,4,early_followup,multimedia_presentation,student_reply_present;attempt_or_answer,deterministic_regex_v1
BC-HNMU-G8-R0160-STT5-AI06,HNMU-G8-R0160-STT5,8,[8b] Làm quen với phần mềm chỉnh sửa ảnh,Luyện tập,Hiểu,true,4,4-6,6,early_followup,multimedia_presentation,student_reply_present;student_question,deterministic_regex_v1
BC-HNMU-G8-R0160-STT5-AI08,HNMU-G8-R0160-STT5,8,[8b] Làm quen với phần mềm chỉnh sửa ảnh,Luyện tập,Hiểu,true,6,4-6,8,later_followup,multimedia_presentation,student_reply_present;student_question,deterministic_regex_v1
BC-HNMU-G8-R0161-STT6-AI02,HNMU-G8-R0161-STT6,8,[8b] Làm quen với phần mềm chỉnh sửa ảnh,Mục 1. Khám phá,Hiểu,false,0,0,2,first_tutor_turn,multimedia_presentation,initial_request,deterministic_regex_v1
BC-HNMU-G8-R0161-STT6-AI04,HNMU-G8-R0161-STT6,8,[8b] Làm quen với phần mềm chỉnh sửa ảnh,Mục 1. Khám phá,Hiểu,true,2,2,4,early_followup,multimedia_presentation,student_reply_present;attempt_or_answer,deterministic_regex_v1
BC-HNMU-G8-R0161-STT6-AI06,HNMU-G8-R0161-STT6,8,[8b] Làm quen với phần mềm chỉnh sửa ảnh,Mục 1. Khám phá,Hiểu,true,4,4-6,6,early_followup,multimedia_presentation,student_reply_present;student_question,deterministic_regex_v1
BC-HNMU-G8-R0161-STT6-AI08,HNMU-G8-R0161-STT6,8,[8b] Làm quen với phần mềm chỉnh sửa ảnh,Mục 1. Khám phá,Hiểu,true,6,4-6,8,later_followup,multimedia_presentation,student_reply_present;attempt_or_answer,deterministic_regex_v1
BC-HNMU-G8-R0162-STT7-AI02,HNMU-G8-R0162-STT7,8,[8b] Làm quen với phần mềm chỉnh sửa ảnh,Câu hỏi củng cố,Hiểu,false,0,0,2,first_tutor_turn,multimedia_presentation,initial_request,deterministic_regex_v1
BC-HNMU-G8-R0162-STT7-AI04,HNMU-G8-R0162-STT7,8,[8b] Làm quen với phần mềm chỉnh sửa ảnh,Câu hỏi củng cố,Hiểu,true,2,2,4,early_followup,multimedia_presentation,student_reply_present;attempt_or_answer,deterministic_regex_v1
BC-HNMU-G8-R0162-STT7-AI06,HNMU-G8-R0162-STT7,8,[8b] Làm quen với phần mềm chỉnh sửa ảnh,Câu hỏi củng cố,Hiểu,true,4,4-6,6,early_followup,multimedia_presentation,student_reply_present;attempt_or_answer,deterministic_regex_v1
BC-HNMU-G8-R0163-STT8-AI02,HNMU-G8-R0163-STT8,8,[8b] Làm quen với phần mềm chỉnh sửa ảnh,Mục 1. Kiến thức mới,Hiểu,false,0,0,2,first_tutor_turn,multimedia_presentation,initial_request,deterministic_regex_v1
BC-HNMU-G8-R0163-STT8-AI04,HNMU-G8-R0163-STT8,8,[8b] Làm quen với phần mềm chỉnh sửa ảnh,Mục 1. Kiến thức mới,Hiểu,true,2,2,4,early_followup,multimedia_presentation,student_reply_present;attempt_or_answer,deterministic_regex_v1
BC-HNMU-G8-R0163-STT8-AI06,HNMU-G8-R0163-STT8,8,[8b] Làm quen với phần mềm chỉnh sửa ảnh,Mục 1. Kiến thức mới,Hiểu,true,4,4-6,6,early_followup,multimedia_presentation,student_reply_present;short_confirmation,deterministic_regex_v1
BC-HNMU-G8-R0163-STT8-AI08,HNMU-G8-R0163-STT8,8,[8b] Làm quen với phần mềm chỉnh sửa ảnh,Mục 1. Kiến thức mới,Hiểu,true,6,4-6,8,later_followup,multimedia_presentation,student_reply_present;attempt_or_answer,deterministic_regex_v1
BC-HNMU-G8-R0164-STT9-AI02,HNMU-G8-R0164-STT9,8,[8b] Làm quen với phần mềm chỉnh sửa ảnh,Luyện tập,Hiểu,false,0,0,2,first_tutor_turn,multimedia_presentation,initial_request,deterministic_regex_v1
BC-HNMU-G8-R0164-STT9-AI04,HNMU-G8-R0164-STT9,8,[8b] Làm quen với phần mềm chỉnh sửa ảnh,Luyện tập,Hiểu,true,2,2,4,early_followup,multimedia_presentation,student_reply_present;attempt_or_answer,deterministic_regex_v1
BC-HNMU-G8-R0164-STT9-AI06,HNMU-G8-R0164-STT9,8,[8b] Làm quen với phần mềm chỉnh sửa ảnh,Luyện tập,Hiểu,true,4,4-6,6,early_followup,multimedia_presentation,student_reply_present;attempt_or_answer,deterministic_regex_v1
BC-HNMU-G8-R0164-STT9-AI08,HNMU-G8-R0164-STT9,8,[8b] Làm quen với phần mềm chỉnh sửa ảnh,Luyện tập,Hiểu,true,6,4-6,8,later_followup,multimedia_presentation,student_reply_present;short_confirmation,deterministic_regex_v1
BC-HNMU-G8-R0165-STT10-AI02,HNMU-G8-R0165-STT10,8,[8b] Làm quen với phần mềm chỉnh sửa ảnh,Mục 4. Công cụ cắt,Hiểu,false,0,0,2,first_tutor_turn,multimedia_presentation,initial_request,deterministic_regex_v1
BC-HNMU-G8-R0165-STT10-AI04,HNMU-G8-R0165-STT10,8,[8b] Làm quen với phần mềm chỉnh sửa ảnh,Mục 4. Công cụ cắt,Hiểu,true,2,2,4,early_followup,multimedia_presentation,student_reply_present;attempt_or_answer,deterministic_regex_v1
BC-HNMU-G8-R0165-STT10-AI06,HNMU-G8-R0165-STT10,8,[8b] Làm quen với phần mềm chỉnh sửa ảnh,Mục 4. Công cụ cắt,Hiểu,true,4,4-6,6,early_followup,multimedia_presentation,student_reply_present;attempt_or_answer,deterministic_regex_v1
BC-HNMU-G8-R0165-STT10-AI08,HNMU-G8-R0165-STT10,8,[8b] Làm quen với phần mềm chỉnh sửa ảnh,Mục 4. Công cụ cắt,Hiểu,true,6,4-6,8,later_followup,multimedia_presentation,student_reply_present;attempt_or_answer,deterministic_regex_v1
BC-HNMU-G8-R0166-STT11-AI02,HNMU-G8-R0166-STT11,8,[8b] Làm quen với phần mềm chỉnh sửa ảnh,Vận dụng,Vận dụng,false,0,0,2,first_tutor_turn,multimedia_presentation,initial_request,deterministic_regex_v1
BC-HNMU-G8-R0166-STT11-AI04,HNMU-G8-R0166-STT11,8,[8b] Làm quen với phần mềm chỉnh sửa ảnh,Vận dụng,Vận dụng,true,2,2,4,early_followup,multimedia_presentation,student_reply_present;attempt_or_answer,deterministic_regex_v1
BC-HNMU-G8-R0166-STT11-AI06,HNMU-G8-R0166-STT11,8,[8b] Làm quen với phần mềm chỉnh sửa ảnh,Vận dụng,Vận dụng,true,4,4-6,6,early_followup,multimedia_presentation,student_reply_present;student_question,deterministic_regex_v1
BC-HNMU-G8-R0166-STT11-AI08,HNMU-G8-R0166-STT11,8,[8b] Làm quen với phần mềm chỉnh sửa ảnh,Vận dụng,Vận dụng,true,6,4-6,8,later_followup,multimedia_presentation,student_reply_present;attempt_or_answer,deterministic_regex_v1
BC-HNMU-G8-R0167-STT12-AI02,HNMU-G8-R0167-STT12,8,[8b] Làm quen với phần mềm chỉnh sửa ảnh,Thực hành,Vận dụng,false,0,0,2,first_tutor_turn,multimedia_presentation,initial_request,deterministic_regex_v1
BC-HNMU-G8-R0167-STT12-AI04,HNMU-G8-R0167-STT12,8,[8b] Làm quen với phần mềm chỉnh sửa ảnh,Thực hành,Vận dụng,true,2,2,4,early_followup,multimedia_presentation,student_reply_present;attempt_or_answer,deterministic_regex_v1
BC-HNMU-G8-R0167-STT12-AI06,HNMU-G8-R0167-STT12,8,[8b] Làm quen với phần mềm chỉnh sửa ảnh,Thực hành,Vận dụng,true,4,4-6,6,early_followup,multimedia_presentation,student_reply_present;attempt_or_answer,deterministic_regex_v1
BC-HNMU-G8-R0167-STT12-AI08,HNMU-G8-R0167-STT12,8,[8b] Làm quen với phần mềm chỉnh sửa ảnh,Thực hành,Vận dụng,true,6,4-6,8,later_followup,multimedia_presentation,student_reply_present;attempt_or_answer,deterministic_regex_v1
BC-HNMU-G8-R0168-STT13-AI02,HNMU-G8-R0168-STT13,8,[8b] Làm quen với phần mềm chỉnh sửa ảnh,Vận dụng,Vận dụng,false,0,0,2,first_tutor_turn,multimedia_presentation,initial_request,deterministic_regex_v1
BC-HNMU-G8-R0168-STT13-AI04,HNMU-G8-R0168-STT13,8,[8b] Làm quen với phần mềm chỉnh sửa ảnh,Vận dụng,Vận dụng,true,2,2,4,early_followup,multimedia_presentation,student_reply_present;student_question,deterministic_regex_v1
BC-HNMU-G8-R0168-STT13-AI06,HNMU-G8-R0168-STT13,8,[8b] Làm quen với phần mềm chỉnh sửa ảnh,Vận dụng,Vận dụng,true,4,4-6,6,early_followup,multimedia_presentation,student_reply_present;attempt_or_answer,deterministic_regex_v1
BC-HNMU-G8-R0168-STT13-AI08,HNMU-G8-R0168-STT13,8,[8b] Làm quen với phần mềm chỉnh sửa ảnh,Vận dụng,Vận dụng,true,6,4-6,8,later_followup,multimedia_presentation,student_reply_present;student_question,deterministic_regex_v1
BC-HNMU-G8-R0169-STT14-AI02,HNMU-G8-R0169-STT14,8,[8b] Làm quen với phần mềm chỉnh sửa ảnh,Thực hành tổng hợp,Vận dụng,false,0,0,2,first_tutor_turn,multimedia_presentation,initial_request,deterministic_regex_v1
BC-HNMU-G8-R0169-STT14-AI04,HNMU-G8-R0169-STT14,8,[8b] Làm quen với phần mềm chỉnh sửa ảnh,Thực hành tổng hợp,Vận dụng,true,2,2,4,early_followup,multimedia_presentation,student_reply_present;short_confirmation,deterministic_regex_v1
BC-HNMU-G8-R0169-STT14-AI06,HNMU-G8-R0169-STT14,8,[8b] Làm quen với phần mềm chỉnh sửa ảnh,Thực hành tổng hợp,Vận dụng,true,4,4-6,6,early_followup,multimedia_presentation,student_reply_present;student_question,deterministic_regex_v1
BC-HNMU-G8-R0169-STT14-AI08,HNMU-G8-R0169-STT14,8,[8b] Làm quen với phần mềm chỉnh sửa ảnh,Thực hành tổng hợp,Vận dụng,true,6,4-6,8,later_followup,multimedia_presentation,student_reply_present;attempt_or_answer,deterministic_regex_v1
BC-HNMU-G8-R0169-STT14-AI10,HNMU-G8-R0169-STT14,8,[8b] Làm quen với phần mềm chỉnh sửa ảnh,Thực hành tổng hợp,Vận dụng,true,8,8+,10,later_followup,multimedia_presentation,student_reply_present;attempt_or_answer,deterministic_regex_v1
BC-HNMU-G8-R0170-STT1-AI02,HNMU-G8-R0170-STT1,8,"[9b] Thay đổi khung hình, kích thước ảnh",Mục 1. Khám phá (Trang 58),Biết,false,0,0,2,first_tutor_turn,concept_or_other,initial_request,deterministic_regex_v1
BC-HNMU-G8-R0170-STT1-AI04,HNMU-G8-R0170-STT1,8,"[9b] Thay đổi khung hình, kích thước ảnh",Mục 1. Khám phá (Trang 58),Biết,true,2,2,4,early_followup,concept_or_other,student_reply_present;student_question,deterministic_regex_v1
BC-HNMU-G8-R0170-STT1-AI06,HNMU-G8-R0170-STT1,8,"[9b] Thay đổi khung hình, kích thước ảnh",Mục 1. Khám phá (Trang 58),Biết,true,4,4-6,6,early_followup,concept_or_other,student_reply_present;attempt_or_answer,deterministic_regex_v1
BC-HNMU-G8-R0171-STT2-AI02,HNMU-G8-R0171-STT2,8,"[9b] Thay đổi khung hình, kích thước ảnh",Mục 2. Khám phá (Trang 60),Biết,false,0,0,2,first_tutor_turn,concept_or_other,initial_request,deterministic_regex_v1
BC-HNMU-G8-R0171-STT2-AI04,HNMU-G8-R0171-STT2,8,"[9b] Thay đổi khung hình, kích thước ảnh",Mục 2. Khám phá (Trang 60),Biết,true,2,2,4,early_followup,concept_or_other,student_reply_present;student_question,deterministic_regex_v1
BC-HNMU-G8-R0171-STT2-AI06,HNMU-G8-R0171-STT2,8,"[9b] Thay đổi khung hình, kích thước ảnh",Mục 2. Khám phá (Trang 60),Biết,true,4,4-6,6,early_followup,concept_or_other,student_reply_present;attempt_or_answer,deterministic_regex_v1
BC-HNMU-G8-R0172-STT3-AI02,HNMU-G8-R0172-STT3,8,"[9b] Thay đổi khung hình, kích thước ảnh",Mục 3. Khám phá (Trang 61),Biết,false,0,0,2,first_tutor_turn,concept_or_other,initial_request,deterministic_regex_v1
BC-HNMU-G8-R0172-STT3-AI04,HNMU-G8-R0172-STT3,8,"[9b] Thay đổi khung hình, kích thước ảnh",Mục 3. Khám phá (Trang 61),Biết,true,2,2,4,early_followup,concept_or_other,student_reply_present;student_question,deterministic_regex_v1
BC-HNMU-G8-R0172-STT3-AI06,HNMU-G8-R0172-STT3,8,"[9b] Thay đổi khung hình, kích thước ảnh",Mục 3. Khám phá (Trang 61),Biết,true,4,4-6,6,early_followup,concept_or_other,student_reply_present;student_question,deterministic_regex_v1
BC-HNMU-G8-R0173-STT4-AI02,HNMU-G8-R0173-STT4,8,"[9b] Thay đổi khung hình, kích thước ảnh",Luyện tập (Trang 62),Biết,false,0,0,2,first_tutor_turn,concept_or_other,initial_request,deterministic_regex_v1
BC-HNMU-G8-R0173-STT4-AI04,HNMU-G8-R0173-STT4,8,"[9b] Thay đổi khung hình, kích thước ảnh",Luyện tập (Trang 62),Biết,true,2,2,4,early_followup,concept_or_other,student_reply_present;attempt_or_answer,deterministic_regex_v1
BC-HNMU-G8-R0173-STT4-AI06,HNMU-G8-R0173-STT4,8,"[9b] Thay đổi khung hình, kích thước ảnh",Luyện tập (Trang 62),Biết,true,4,4-6,6,early_followup,concept_or_other,student_reply_present;student_question,deterministic_regex_v1
BC-HNMU-G8-R0174-STT5-AI02,HNMU-G8-R0174-STT5,8,"[9b] Thay đổi khung hình, kích thước ảnh",Mục 1. Kiến thức mới,Hiểu,false,0,0,2,first_tutor_turn,multimedia_presentation,initial_request,deterministic_regex_v1
BC-HNMU-G8-R0174-STT5-AI04,HNMU-G8-R0174-STT5,8,"[9b] Thay đổi khung hình, kích thước ảnh",Mục 1. Kiến thức mới,Hiểu,true,2,2,4,early_followup,multimedia_presentation,student_reply_present;attempt_or_answer,deterministic_regex_v1
BC-HNMU-G8-R0174-STT5-AI06,HNMU-G8-R0174-STT5,8,"[9b] Thay đổi khung hình, kích thước ảnh",Mục 1. Kiến thức mới,Hiểu,true,4,4-6,6,early_followup,multimedia_presentation,student_reply_present;student_question,deterministic_regex_v1
BC-HNMU-G8-R0175-STT6-AI02,HNMU-G8-R0175-STT6,8,"[9b] Thay đổi khung hình, kích thước ảnh",Thực hành (Trang 59),Hiểu,false,0,0,2,first_tutor_turn,concept_or_other,initial_request,deterministic_regex_v1
BC-HNMU-G8-R0175-STT6-AI04,HNMU-G8-R0175-STT6,8,"[9b] Thay đổi khung hình, kích thước ảnh",Thực hành (Trang 59),Hiểu,true,2,2,4,early_followup,concept_or_other,student_reply_present;attempt_or_answer,deterministic_regex_v1
BC-HNMU-G8-R0175-STT6-AI06,HNMU-G8-R0175-STT6,8,"[9b] Thay đổi khung hình, kích thước ảnh",Thực hành (Trang 59),Hiểu,true,4,4-6,6,early_followup,concept_or_other,student_reply_present;student_question,deterministic_regex_v1
BC-HNMU-G8-R0176-STT7-AI02,HNMU-G8-R0176-STT7,8,"[9b] Thay đổi khung hình, kích thước ảnh",Mục 2. Kiến thức mới (Trang 60),Hiểu,false,0,0,2,first_tutor_turn,concept_or_other,initial_request,deterministic_regex_v1
BC-HNMU-G8-R0176-STT7-AI04,HNMU-G8-R0176-STT7,8,"[9b] Thay đổi khung hình, kích thước ảnh",Mục 2. Kiến thức mới (Trang 60),Hiểu,true,2,2,4,early_followup,concept_or_other,student_reply_present;attempt_or_answer,deterministic_regex_v1
BC-HNMU-G8-R0176-STT7-AI06,HNMU-G8-R0176-STT7,8,"[9b] Thay đổi khung hình, kích thước ảnh",Mục 2. Kiến thức mới (Trang 60),Hiểu,true,4,4-6,6,early_followup,concept_or_other,student_reply_present;attempt_or_answer,deterministic_regex_v1
BC-HNMU-G8-R0177-STT8-AI02,HNMU-G8-R0177-STT8,8,"[9b] Thay đổi khung hình, kích thước ảnh",Mục 2. Kiến thức mới (Trang 60),Hiểu,false,0,0,2,first_tutor_turn,concept_or_other,initial_request,deterministic_regex_v1
BC-HNMU-G8-R0177-STT8-AI04,HNMU-G8-R0177-STT8,8,"[9b] Thay đổi khung hình, kích thước ảnh",Mục 2. Kiến thức mới (Trang 60),Hiểu,true,2,2,4,early_followup,concept_or_other,student_reply_present;attempt_or_answer,deterministic_regex_v1
BC-HNMU-G8-R0177-STT8-AI06,HNMU-G8-R0177-STT8,8,"[9b] Thay đổi khung hình, kích thước ảnh",Mục 2. Kiến thức mới (Trang 60),Hiểu,true,4,4-6,6,early_followup,concept_or_other,student_reply_present;student_question,deterministic_regex_v1
BC-HNMU-G8-R0178-STT9-AI02,HNMU-G8-R0178-STT9,8,"[9b] Thay đổi khung hình, kích thước ảnh",Mục 3. Khám phá (Trang 61),Hiểu,false,0,0,2,first_tutor_turn,concept_or_other,initial_request,deterministic_regex_v1
BC-HNMU-G8-R0178-STT9-AI04,HNMU-G8-R0178-STT9,8,"[9b] Thay đổi khung hình, kích thước ảnh",Mục 3. Khám phá (Trang 61),Hiểu,true,2,2,4,early_followup,concept_or_other,student_reply_present;attempt_or_answer,deterministic_regex_v1
BC-HNMU-G8-R0178-STT9-AI06,HNMU-G8-R0178-STT9,8,"[9b] Thay đổi khung hình, kích thước ảnh",Mục 3. Khám phá (Trang 61),Hiểu,true,4,4-6,6,early_followup,concept_or_other,student_reply_present;attempt_or_answer,deterministic_regex_v1
BC-HNMU-G8-R0179-STT10-AI02,HNMU-G8-R0179-STT10,8,"[9b] Thay đổi khung hình, kích thước ảnh",Luyện tập (Trang 62),Hiểu,false,0,0,2,first_tutor_turn,concept_or_other,initial_request,deterministic_regex_v1
BC-HNMU-G8-R0179-STT10-AI04,HNMU-G8-R0179-STT10,8,"[9b] Thay đổi khung hình, kích thước ảnh",Luyện tập (Trang 62),Hiểu,true,2,2,4,early_followup,concept_or_other,student_reply_present;student_question,deterministic_regex_v1
BC-HNMU-G8-R0179-STT10-AI06,HNMU-G8-R0179-STT10,8,"[9b] Thay đổi khung hình, kích thước ảnh",Luyện tập (Trang 62),Hiểu,true,4,4-6,6,early_followup,concept_or_other,student_reply_present;attempt_or_answer,deterministic_regex_v1
BC-HNMU-G8-R0180-STT11-AI02,HNMU-G8-R0180-STT11,8,"[9b] Thay đổi khung hình, kích thước ảnh",Vận dụng (Trang 62),Vận dụng,false,0,0,2,first_tutor_turn,concept_or_other,initial_request,deterministic_regex_v1
BC-HNMU-G8-R0180-STT11-AI04,HNMU-G8-R0180-STT11,8,"[9b] Thay đổi khung hình, kích thước ảnh",Vận dụng (Trang 62),Vận dụng,true,2,2,4,early_followup,concept_or_other,student_reply_present;attempt_or_answer,deterministic_regex_v1
BC-HNMU-G8-R0180-STT11-AI06,HNMU-G8-R0180-STT11,8,"[9b] Thay đổi khung hình, kích thước ảnh",Vận dụng (Trang 62),Vận dụng,true,4,4-6,6,early_followup,concept_or_other,student_reply_present;attempt_or_answer,deterministic_regex_v1
BC-HNMU-G8-R0180-STT11-AI08,HNMU-G8-R0180-STT11,8,"[9b] Thay đổi khung hình, kích thước ảnh",Vận dụng (Trang 62),Vận dụng,true,6,4-6,8,later_followup,concept_or_other,student_reply_present;attempt_or_answer,deterministic_regex_v1
BC-HNMU-G8-R0181-STT12-AI02,HNMU-G8-R0181-STT12,8,"[9b] Thay đổi khung hình, kích thước ảnh",Thực hành tổng hợp,Vận dụng,false,0,0,2,first_tutor_turn,concept_or_other,initial_request,deterministic_regex_v1
BC-HNMU-G8-R0181-STT12-AI04,HNMU-G8-R0181-STT12,8,"[9b] Thay đổi khung hình, kích thước ảnh",Thực hành tổng hợp,Vận dụng,true,2,2,4,early_followup,concept_or_other,student_reply_present;short_confirmation,deterministic_regex_v1
BC-HNMU-G8-R0181-STT12-AI06,HNMU-G8-R0181-STT12,8,"[9b] Thay đổi khung hình, kích thước ảnh",Thực hành tổng hợp,Vận dụng,true,4,4-6,6,early_followup,concept_or_other,student_reply_present;attempt_or_answer,deterministic_regex_v1
BC-HNMU-G8-R0181-STT12-AI08,HNMU-G8-R0181-STT12,8,"[9b] Thay đổi khung hình, kích thước ảnh",Thực hành tổng hợp,Vận dụng,true,6,4-6,8,later_followup,concept_or_other,student_reply_present;student_question,deterministic_regex_v1
BC-HNMU-G8-R0182-STT13-AI02,HNMU-G8-R0182-STT13,8,"[9b] Thay đổi khung hình, kích thước ảnh",Vận dụng,Vận dụng,false,0,0,2,first_tutor_turn,concept_or_other,initial_request,deterministic_regex_v1
BC-HNMU-G8-R0182-STT13-AI04,HNMU-G8-R0182-STT13,8,"[9b] Thay đổi khung hình, kích thước ảnh",Vận dụng,Vận dụng,true,2,2,4,early_followup,concept_or_other,student_reply_present;attempt_or_answer,deterministic_regex_v1
BC-HNMU-G8-R0182-STT13-AI06,HNMU-G8-R0182-STT13,8,"[9b] Thay đổi khung hình, kích thước ảnh",Vận dụng,Vận dụng,true,4,4-6,6,early_followup,concept_or_other,student_reply_present;attempt_or_answer,deterministic_regex_v1
BC-HNMU-G8-R0182-STT13-AI08,HNMU-G8-R0182-STT13,8,"[9b] Thay đổi khung hình, kích thước ảnh",Vận dụng,Vận dụng,true,6,4-6,8,later_followup,concept_or_other,student_reply_present;attempt_or_answer,deterministic_regex_v1
BC-HNMU-G8-R0183-STT14-AI02,HNMU-G8-R0183-STT14,8,"[9b] Thay đổi khung hình, kích thước ảnh",Thực hành tổng hợp,Vận dụng,false,0,0,2,first_tutor_turn,concept_or_other,initial_request,deterministic_regex_v1
BC-HNMU-G8-R0183-STT14-AI04,HNMU-G8-R0183-STT14,8,"[9b] Thay đổi khung hình, kích thước ảnh",Thực hành tổng hợp,Vận dụng,true,2,2,4,early_followup,concept_or_other,student_reply_present;attempt_or_answer,deterministic_regex_v1
BC-HNMU-G8-R0183-STT14-AI06,HNMU-G8-R0183-STT14,8,"[9b] Thay đổi khung hình, kích thước ảnh",Thực hành tổng hợp,Vận dụng,true,4,4-6,6,early_followup,concept_or_other,student_reply_present;attempt_or_answer,deterministic_regex_v1
BC-HNMU-G8-R0183-STT14-AI08,HNMU-G8-R0183-STT14,8,"[9b] Thay đổi khung hình, kích thước ảnh",Thực hành tổng hợp,Vận dụng,true,6,4-6,8,later_followup,concept_or_other,student_reply_present;attempt_or_answer,deterministic_regex_v1
BC-HNMU-G8-R0184-STT1-AI02,HNMU-G8-R0184-STT1,8,"[10b] Thêm văn bản, tạo hiệu ứng cho ảnh",Mục 1. Thêm văn bản (Trang 66),Biết,false,0,0,2,first_tutor_turn,digital_document_tool,initial_request,deterministic_regex_v1
BC-HNMU-G8-R0184-STT1-AI04,HNMU-G8-R0184-STT1,8,"[10b] Thêm văn bản, tạo hiệu ứng cho ảnh",Mục 1. Thêm văn bản (Trang 66),Biết,true,2,2,4,early_followup,digital_document_tool,student_reply_present;short_confirmation,deterministic_regex_v1
BC-HNMU-G8-R0184-STT1-AI06,HNMU-G8-R0184-STT1,8,"[10b] Thêm văn bản, tạo hiệu ứng cho ảnh",Mục 1. Thêm văn bản (Trang 66),Biết,true,4,4-6,6,early_followup,digital_document_tool,student_reply_present;attempt_or_answer,deterministic_regex_v1
BC-HNMU-G8-R0184-STT1-AI08,HNMU-G8-R0184-STT1,8,"[10b] Thêm văn bản, tạo hiệu ứng cho ảnh",Mục 1. Thêm văn bản (Trang 66),Biết,true,6,4-6,8,later_followup,digital_document_tool,student_reply_present;attempt_or_answer,deterministic_regex_v1
BC-HNMU-G8-R0185-STT2-AI02,HNMU-G8-R0185-STT2,8,"[10b] Thêm văn bản, tạo hiệu ứng cho ảnh",Mục 2. Tạo hiệu ứng (Trang 67),Biết,false,0,0,2,first_tutor_turn,digital_document_tool,initial_request,deterministic_regex_v1
BC-HNMU-G8-R0185-STT2-AI04,HNMU-G8-R0185-STT2,8,"[10b] Thêm văn bản, tạo hiệu ứng cho ảnh",Mục 2. Tạo hiệu ứng (Trang 67),Biết,true,2,2,4,early_followup,digital_document_tool,student_reply_present;short_confirmation,deterministic_regex_v1
BC-HNMU-G8-R0185-STT2-AI06,HNMU-G8-R0185-STT2,8,"[10b] Thêm văn bản, tạo hiệu ứng cho ảnh",Mục 2. Tạo hiệu ứng (Trang 67),Biết,true,4,4-6,6,early_followup,digital_document_tool,student_reply_present;attempt_or_answer,deterministic_regex_v1
BC-HNMU-G8-R0185-STT2-AI08,HNMU-G8-R0185-STT2,8,"[10b] Thêm văn bản, tạo hiệu ứng cho ảnh",Mục 2. Tạo hiệu ứng (Trang 67),Biết,true,6,4-6,8,later_followup,digital_document_tool,student_reply_present;attempt_or_answer,deterministic_regex_v1
BC-HNMU-G8-R0186-STT3-AI02,HNMU-G8-R0186-STT3,8,"[10b] Thêm văn bản, tạo hiệu ứng cho ảnh",Thực hành: Tạo khung viền cho ảnh (Trang 68),Biết,false,0,0,2,first_tutor_turn,digital_document_tool,initial_request,deterministic_regex_v1
BC-HNMU-G8-R0186-STT3-AI04,HNMU-G8-R0186-STT3,8,"[10b] Thêm văn bản, tạo hiệu ứng cho ảnh",Thực hành: Tạo khung viền cho ảnh (Trang 68),Biết,true,2,2,4,early_followup,digital_document_tool,student_reply_present;attempt_or_answer,deterministic_regex_v1
BC-HNMU-G8-R0186-STT3-AI06,HNMU-G8-R0186-STT3,8,"[10b] Thêm văn bản, tạo hiệu ứng cho ảnh",Thực hành: Tạo khung viền cho ảnh (Trang 68),Biết,true,4,4-6,6,early_followup,digital_document_tool,student_reply_present;short_confirmation,deterministic_regex_v1
BC-HNMU-G8-R0186-STT3-AI08,HNMU-G8-R0186-STT3,8,"[10b] Thêm văn bản, tạo hiệu ứng cho ảnh",Thực hành: Tạo khung viền cho ảnh (Trang 68),Biết,true,6,4-6,8,later_followup,digital_document_tool,student_reply_present;attempt_or_answer,deterministic_regex_v1
BC-HNMU-G8-R0187-STT4-AI02,HNMU-G8-R0187-STT4,8,"[10b] Thêm văn bản, tạo hiệu ứng cho ảnh",Mục 2. Tạo hiệu ứng (Trang 67),Biết,false,0,0,2,first_tutor_turn,digital_document_tool,initial_request,deterministic_regex_v1
BC-HNMU-G8-R0187-STT4-AI04,HNMU-G8-R0187-STT4,8,"[10b] Thêm văn bản, tạo hiệu ứng cho ảnh",Mục 2. Tạo hiệu ứng (Trang 67),Biết,true,2,2,4,early_followup,digital_document_tool,student_reply_present;student_question,deterministic_regex_v1
BC-HNMU-G8-R0187-STT4-AI06,HNMU-G8-R0187-STT4,8,"[10b] Thêm văn bản, tạo hiệu ứng cho ảnh",Mục 2. Tạo hiệu ứng (Trang 67),Biết,true,4,4-6,6,early_followup,digital_document_tool,student_reply_present;attempt_or_answer,deterministic_regex_v1
BC-HNMU-G8-R0187-STT4-AI08,HNMU-G8-R0187-STT4,8,"[10b] Thêm văn bản, tạo hiệu ứng cho ảnh",Mục 2. Tạo hiệu ứng (Trang 67),Biết,true,6,4-6,8,later_followup,digital_document_tool,student_reply_present;attempt_or_answer,deterministic_regex_v1
BC-HNMU-G8-R0188-STT5-AI02,HNMU-G8-R0188-STT5,8,"[10b] Thêm văn bản, tạo hiệu ứng cho ảnh",Mục 1. Thêm văn bản (Trang 66),Hiểu,false,0,0,2,first_tutor_turn,digital_document_tool,initial_request,deterministic_regex_v1
BC-HNMU-G8-R0188-STT5-AI04,HNMU-G8-R0188-STT5,8,"[10b] Thêm văn bản, tạo hiệu ứng cho ảnh",Mục 1. Thêm văn bản (Trang 66),Hiểu,true,2,2,4,early_followup,digital_document_tool,student_reply_present;attempt_or_answer,deterministic_regex_v1
BC-HNMU-G8-R0188-STT5-AI06,HNMU-G8-R0188-STT5,8,"[10b] Thêm văn bản, tạo hiệu ứng cho ảnh",Mục 1. Thêm văn bản (Trang 66),Hiểu,true,4,4-6,6,early_followup,digital_document_tool,student_reply_present;attempt_or_answer,deterministic_regex_v1
BC-HNMU-G8-R0188-STT5-AI08,HNMU-G8-R0188-STT5,8,"[10b] Thêm văn bản, tạo hiệu ứng cho ảnh",Mục 1. Thêm văn bản (Trang 66),Hiểu,true,6,4-6,8,later_followup,digital_document_tool,student_reply_present;attempt_or_answer,deterministic_regex_v1
BC-HNMU-G8-R0189-STT6-AI02,HNMU-G8-R0189-STT6,8,"[10b] Thêm văn bản, tạo hiệu ứng cho ảnh",Thực hành: Tạo khung viền (Trang 68),Hiểu,false,0,0,2,first_tutor_turn,digital_document_tool,initial_request,deterministic_regex_v1
BC-HNMU-G8-R0189-STT6-AI04,HNMU-G8-R0189-STT6,8,"[10b] Thêm văn bản, tạo hiệu ứng cho ảnh",Thực hành: Tạo khung viền (Trang 68),Hiểu,true,2,2,4,early_followup,digital_document_tool,student_reply_present;student_question,deterministic_regex_v1
BC-HNMU-G8-R0189-STT6-AI06,HNMU-G8-R0189-STT6,8,"[10b] Thêm văn bản, tạo hiệu ứng cho ảnh",Thực hành: Tạo khung viền (Trang 68),Hiểu,true,4,4-6,6,early_followup,digital_document_tool,student_reply_present;attempt_or_answer,deterministic_regex_v1
BC-HNMU-G8-R0190-STT7-AI02,HNMU-G8-R0190-STT7,8,"[10b] Thêm văn bản, tạo hiệu ứng cho ảnh",Mục 2. Tạo hiệu ứng (Trang 67),Hiểu,false,0,0,2,first_tutor_turn,digital_document_tool,initial_request,deterministic_regex_v1
BC-HNMU-G8-R0190-STT7-AI04,HNMU-G8-R0190-STT7,8,"[10b] Thêm văn bản, tạo hiệu ứng cho ảnh",Mục 2. Tạo hiệu ứng (Trang 67),Hiểu,true,2,2,4,early_followup,digital_document_tool,student_reply_present;attempt_or_answer,deterministic_regex_v1
BC-HNMU-G8-R0190-STT7-AI06,HNMU-G8-R0190-STT7,8,"[10b] Thêm văn bản, tạo hiệu ứng cho ảnh",Mục 2. Tạo hiệu ứng (Trang 67),Hiểu,true,4,4-6,6,early_followup,digital_document_tool,student_reply_present;attempt_or_answer,deterministic_regex_v1
BC-HNMU-G8-R0191-STT8-AI02,HNMU-G8-R0191-STT8,8,"[10b] Thêm văn bản, tạo hiệu ứng cho ảnh",Mục 2. Tạo hiệu ứng (Trang 67),Hiểu,false,0,0,2,first_tutor_turn,digital_document_tool,initial_request,deterministic_regex_v1
BC-HNMU-G8-R0191-STT8-AI04,HNMU-G8-R0191-STT8,8,"[10b] Thêm văn bản, tạo hiệu ứng cho ảnh",Mục 2. Tạo hiệu ứng (Trang 67),Hiểu,true,2,2,4,early_followup,digital_document_tool,student_reply_present;attempt_or_answer,deterministic_regex_v1
BC-HNMU-G8-R0191-STT8-AI06,HNMU-G8-R0191-STT8,8,"[10b] Thêm văn bản, tạo hiệu ứng cho ảnh",Mục 2. Tạo hiệu ứng (Trang 67),Hiểu,true,4,4-6,6,early_followup,digital_document_tool,student_reply_present;attempt_or_answer,deterministic_regex_v1
BC-HNMU-G8-R0191-STT8-AI08,HNMU-G8-R0191-STT8,8,"[10b] Thêm văn bản, tạo hiệu ứng cho ảnh",Mục 2. Tạo hiệu ứng (Trang 67),Hiểu,true,6,4-6,8,later_followup,digital_document_tool,student_reply_present;attempt_or_answer,deterministic_regex_v1
BC-HNMU-G8-R0192-STT9-AI02,HNMU-G8-R0192-STT9,8,"[10b] Thêm văn bản, tạo hiệu ứng cho ảnh",Thực hành: Tạo khung viền (Trang 68),Hiểu,false,0,0,2,first_tutor_turn,digital_document_tool,initial_request,deterministic_regex_v1
BC-HNMU-G8-R0192-STT9-AI04,HNMU-G8-R0192-STT9,8,"[10b] Thêm văn bản, tạo hiệu ứng cho ảnh",Thực hành: Tạo khung viền (Trang 68),Hiểu,true,2,2,4,early_followup,digital_document_tool,student_reply_present;attempt_or_answer,deterministic_regex_v1
BC-HNMU-G8-R0192-STT9-AI06,HNMU-G8-R0192-STT9,8,"[10b] Thêm văn bản, tạo hiệu ứng cho ảnh",Thực hành: Tạo khung viền (Trang 68),Hiểu,true,4,4-6,6,early_followup,digital_document_tool,student_reply_present;attempt_or_answer,deterministic_regex_v1
BC-HNMU-G8-R0192-STT9-AI08,HNMU-G8-R0192-STT9,8,"[10b] Thêm văn bản, tạo hiệu ứng cho ảnh",Thực hành: Tạo khung viền (Trang 68),Hiểu,true,6,4-6,8,later_followup,digital_document_tool,student_reply_present;student_question,deterministic_regex_v1
BC-HNMU-G8-R0192-STT9-AI10,HNMU-G8-R0192-STT9,8,"[10b] Thêm văn bản, tạo hiệu ứng cho ảnh",Thực hành: Tạo khung viền (Trang 68),Hiểu,true,8,8+,10,later_followup,digital_document_tool,student_reply_present;attempt_or_answer,deterministic_regex_v1
BC-HNMU-G8-R0193-STT10-AI02,HNMU-G8-R0193-STT10,8,"[10b] Thêm văn bản, tạo hiệu ứng cho ảnh",Thực hành: Tạo khung viền (Trang 68),Hiểu,false,0,0,2,first_tutor_turn,digital_document_tool,initial_request,deterministic_regex_v1
BC-HNMU-G8-R0193-STT10-AI04,HNMU-G8-R0193-STT10,8,"[10b] Thêm văn bản, tạo hiệu ứng cho ảnh",Thực hành: Tạo khung viền (Trang 68),Hiểu,true,2,2,4,early_followup,digital_document_tool,student_reply_present;attempt_or_answer,deterministic_regex_v1
BC-HNMU-G8-R0193-STT10-AI06,HNMU-G8-R0193-STT10,8,"[10b] Thêm văn bản, tạo hiệu ứng cho ảnh",Thực hành: Tạo khung viền (Trang 68),Hiểu,true,4,4-6,6,early_followup,digital_document_tool,student_reply_present;attempt_or_answer,deterministic_regex_v1
BC-HNMU-G8-R0193-STT10-AI08,HNMU-G8-R0193-STT10,8,"[10b] Thêm văn bản, tạo hiệu ứng cho ảnh",Thực hành: Tạo khung viền (Trang 68),Hiểu,true,6,4-6,8,later_followup,digital_document_tool,student_reply_present;attempt_or_answer,deterministic_regex_v1
BC-HNMU-G8-R0193-STT10-AI10,HNMU-G8-R0193-STT10,8,"[10b] Thêm văn bản, tạo hiệu ứng cho ảnh",Thực hành: Tạo khung viền (Trang 68),Hiểu,true,8,8+,10,later_followup,digital_document_tool,student_reply_present;attempt_or_answer,deterministic_regex_v1
BC-HNMU-G8-R0194-STT11-AI02,HNMU-G8-R0194-STT11,8,"[10b] Thêm văn bản, tạo hiệu ứng cho ảnh",Vận dụng (Trang 69),Vận dụng,false,0,0,2,first_tutor_turn,digital_document_tool,initial_request,deterministic_regex_v1
BC-HNMU-G8-R0194-STT11-AI04,HNMU-G8-R0194-STT11,8,"[10b] Thêm văn bản, tạo hiệu ứng cho ảnh",Vận dụng (Trang 69),Vận dụng,true,2,2,4,early_followup,digital_document_tool,student_reply_present;attempt_or_answer,deterministic_regex_v1
BC-HNMU-G8-R0194-STT11-AI06,HNMU-G8-R0194-STT11,8,"[10b] Thêm văn bản, tạo hiệu ứng cho ảnh",Vận dụng (Trang 69),Vận dụng,true,4,4-6,6,early_followup,digital_document_tool,student_reply_present;attempt_or_answer,deterministic_regex_v1
BC-HNMU-G8-R0194-STT11-AI08,HNMU-G8-R0194-STT11,8,"[10b] Thêm văn bản, tạo hiệu ứng cho ảnh",Vận dụng (Trang 69),Vận dụng,true,6,4-6,8,later_followup,digital_document_tool,student_reply_present;attempt_or_answer,deterministic_regex_v1
BC-HNMU-G8-R0195-STT12-AI02,HNMU-G8-R0195-STT12,8,"[10b] Thêm văn bản, tạo hiệu ứng cho ảnh",Vận dụng (Trang 69),Vận dụng,false,0,0,2,first_tutor_turn,digital_document_tool,initial_request,deterministic_regex_v1
BC-HNMU-G8-R0195-STT12-AI04,HNMU-G8-R0195-STT12,8,"[10b] Thêm văn bản, tạo hiệu ứng cho ảnh",Vận dụng (Trang 69),Vận dụng,true,2,2,4,early_followup,digital_document_tool,student_reply_present;student_question,deterministic_regex_v1
BC-HNMU-G8-R0195-STT12-AI06,HNMU-G8-R0195-STT12,8,"[10b] Thêm văn bản, tạo hiệu ứng cho ảnh",Vận dụng (Trang 69),Vận dụng,true,4,4-6,6,early_followup,digital_document_tool,student_reply_present;attempt_or_answer,deterministic_regex_v1
BC-HNMU-G8-R0195-STT12-AI08,HNMU-G8-R0195-STT12,8,"[10b] Thêm văn bản, tạo hiệu ứng cho ảnh",Vận dụng (Trang 69),Vận dụng,true,6,4-6,8,later_followup,digital_document_tool,student_reply_present;attempt_or_answer,deterministic_regex_v1
BC-HNMU-G8-R0195-STT12-AI10,HNMU-G8-R0195-STT12,8,"[10b] Thêm văn bản, tạo hiệu ứng cho ảnh",Vận dụng (Trang 69),Vận dụng,true,8,8+,10,later_followup,digital_document_tool,student_reply_present;attempt_or_answer,deterministic_regex_v1
BC-HNMU-G8-R0196-STT13-AI02,HNMU-G8-R0196-STT13,8,"[10b] Thêm văn bản, tạo hiệu ứng cho ảnh",Thực hành (Trang 68),Vận dụng,false,0,0,2,first_tutor_turn,digital_document_tool,initial_request,deterministic_regex_v1
BC-HNMU-G8-R0196-STT13-AI04,HNMU-G8-R0196-STT13,8,"[10b] Thêm văn bản, tạo hiệu ứng cho ảnh",Thực hành (Trang 68),Vận dụng,true,2,2,4,early_followup,digital_document_tool,student_reply_present;attempt_or_answer,deterministic_regex_v1
BC-HNMU-G8-R0196-STT13-AI06,HNMU-G8-R0196-STT13,8,"[10b] Thêm văn bản, tạo hiệu ứng cho ảnh",Thực hành (Trang 68),Vận dụng,true,4,4-6,6,early_followup,digital_document_tool,student_reply_present;attempt_or_answer,deterministic_regex_v1
BC-HNMU-G8-R0196-STT13-AI08,HNMU-G8-R0196-STT13,8,"[10b] Thêm văn bản, tạo hiệu ứng cho ảnh",Thực hành (Trang 68),Vận dụng,true,6,4-6,8,later_followup,digital_document_tool,student_reply_present;attempt_or_answer,deterministic_regex_v1
BC-HNMU-G8-R0196-STT13-AI10,HNMU-G8-R0196-STT13,8,"[10b] Thêm văn bản, tạo hiệu ứng cho ảnh",Thực hành (Trang 68),Vận dụng,true,8,8+,10,later_followup,digital_document_tool,student_reply_present;attempt_or_answer,deterministic_regex_v1
BC-HNMU-G8-R0197-STT14-AI02,HNMU-G8-R0197-STT14,8,"[10b] Thêm văn bản, tạo hiệu ứng cho ảnh",Vận dụng (Trang 69),Vận dụng,false,0,0,2,first_tutor_turn,digital_document_tool,initial_request,deterministic_regex_v1
BC-HNMU-G8-R0197-STT14-AI04,HNMU-G8-R0197-STT14,8,"[10b] Thêm văn bản, tạo hiệu ứng cho ảnh",Vận dụng (Trang 69),Vận dụng,true,2,2,4,early_followup,digital_document_tool,student_reply_present;student_question,deterministic_regex_v1
BC-HNMU-G8-R0197-STT14-AI06,HNMU-G8-R0197-STT14,8,"[10b] Thêm văn bản, tạo hiệu ứng cho ảnh",Vận dụng (Trang 69),Vận dụng,true,4,4-6,6,early_followup,digital_document_tool,student_reply_present;attempt_or_answer,deterministic_regex_v1
BC-HNMU-G8-R0197-STT14-AI08,HNMU-G8-R0197-STT14,8,"[10b] Thêm văn bản, tạo hiệu ứng cho ảnh",Vận dụng (Trang 69),Vận dụng,true,6,4-6,8,later_followup,digital_document_tool,student_reply_present;attempt_or_answer,deterministic_regex_v1
BC-HNMU-G8-R0198-STT1-AI02,HNMU-G8-R0198-STT1,8,[11b] Thực hành tổng hợp,Bước 3. Ghép ảnh vào tờ rơi (Trang 72),Biết,false,0,0,2,first_tutor_turn,multimedia_presentation,initial_request,deterministic_regex_v1
BC-HNMU-G8-R0198-STT1-AI04,HNMU-G8-R0198-STT1,8,[11b] Thực hành tổng hợp,Bước 3. Ghép ảnh vào tờ rơi (Trang 72),Biết,true,2,2,4,early_followup,multimedia_presentation,student_reply_present;student_question,deterministic_regex_v1
BC-HNMU-G8-R0198-STT1-AI06,HNMU-G8-R0198-STT1,8,[11b] Thực hành tổng hợp,Bước 3. Ghép ảnh vào tờ rơi (Trang 72),Biết,true,4,4-6,6,early_followup,multimedia_presentation,student_reply_present;attempt_or_answer,deterministic_regex_v1
BC-HNMU-G8-R0198-STT1-AI08,HNMU-G8-R0198-STT1,8,[11b] Thực hành tổng hợp,Bước 3. Ghép ảnh vào tờ rơi (Trang 72),Biết,true,6,4-6,8,later_followup,multimedia_presentation,student_reply_present;attempt_or_answer,deterministic_regex_v1
BC-HNMU-G8-R0199-STT2-AI02,HNMU-G8-R0199-STT2,8,[11b] Thực hành tổng hợp,Bước 3. Ghép ảnh vào tờ rơi (Trang 72),Biết,false,0,0,2,first_tutor_turn,concept_or_other,initial_request,deterministic_regex_v1
BC-HNMU-G8-R0199-STT2-AI04,HNMU-G8-R0199-STT2,8,[11b] Thực hành tổng hợp,Bước 3. Ghép ảnh vào tờ rơi (Trang 72),Biết,true,2,2,4,early_followup,concept_or_other,student_reply_present;short_confirmation,deterministic_regex_v1
BC-HNMU-G8-R0199-STT2-AI06,HNMU-G8-R0199-STT2,8,[11b] Thực hành tổng hợp,Bước 3. Ghép ảnh vào tờ rơi (Trang 72),Biết,true,4,4-6,6,early_followup,concept_or_other,student_reply_present;attempt_or_answer,deterministic_regex_v1
BC-HNMU-G8-R0199-STT2-AI08,HNMU-G8-R0199-STT2,8,[11b] Thực hành tổng hợp,Bước 3. Ghép ảnh vào tờ rơi (Trang 72),Biết,true,6,4-6,8,later_followup,concept_or_other,student_reply_present;attempt_or_answer,deterministic_regex_v1
BC-HNMU-G8-R0200-STT3-AI02,HNMU-G8-R0200-STT3,8,[11b] Thực hành tổng hợp,Bước 2. Tạo khung viền (Trang 71),Biết,false,0,0,2,first_tutor_turn,concept_or_other,initial_request,deterministic_regex_v1
BC-HNMU-G8-R0200-STT3-AI04,HNMU-G8-R0200-STT3,8,[11b] Thực hành tổng hợp,Bước 2. Tạo khung viền (Trang 71),Biết,true,2,2,4,early_followup,concept_or_other,student_reply_present;attempt_or_answer,deterministic_regex_v1
BC-HNMU-G8-R0200-STT3-AI06,HNMU-G8-R0200-STT3,8,[11b] Thực hành tổng hợp,Bước 2. Tạo khung viền (Trang 71),Biết,true,4,4-6,6,early_followup,concept_or_other,student_reply_present;attempt_or_answer,deterministic_regex_v1
BC-HNMU-G8-R0200-STT3-AI08,HNMU-G8-R0200-STT3,8,[11b] Thực hành tổng hợp,Bước 2. Tạo khung viền (Trang 71),Biết,true,6,4-6,8,later_followup,concept_or_other,student_reply_present;attempt_or_answer,deterministic_regex_v1
BC-HNMU-G8-R0201-STT4-AI02,HNMU-G8-R0201-STT4,8,[11b] Thực hành tổng hợp,Bước 2. Tạo khung viền (Trang 71),Biết,false,0,0,2,first_tutor_turn,concept_or_other,initial_request,deterministic_regex_v1
BC-HNMU-G8-R0201-STT4-AI04,HNMU-G8-R0201-STT4,8,[11b] Thực hành tổng hợp,Bước 2. Tạo khung viền (Trang 71),Biết,true,2,2,4,early_followup,concept_or_other,student_reply_present;attempt_or_answer,deterministic_regex_v1
BC-HNMU-G8-R0201-STT4-AI06,HNMU-G8-R0201-STT4,8,[11b] Thực hành tổng hợp,Bước 2. Tạo khung viền (Trang 71),Biết,true,4,4-6,6,early_followup,concept_or_other,student_reply_present;short_confirmation,deterministic_regex_v1
BC-HNMU-G8-R0201-STT4-AI08,HNMU-G8-R0201-STT4,8,[11b] Thực hành tổng hợp,Bước 2. Tạo khung viền (Trang 71),Biết,true,6,4-6,8,later_followup,concept_or_other,student_reply_present;attempt_or_answer,deterministic_regex_v1
BC-HNMU-G8-R0203-STT6-AI02,HNMU-G8-R0203-STT6,8,[11b] Thực hành tổng hợp,Bước 2. Tạo khung viền (Trang 71),Hiểu,false,0,0,2,first_tutor_turn,code_programming,initial_request,deterministic_regex_v1
BC-HNMU-G8-R0203-STT6-AI04,HNMU-G8-R0203-STT6,8,[11b] Thực hành tổng hợp,Bước 2. Tạo khung viền (Trang 71),Hiểu,true,2,2,4,early_followup,code_programming,student_reply_present;short_confirmation,deterministic_regex_v1
BC-HNMU-G8-R0203-STT6-AI06,HNMU-G8-R0203-STT6,8,[11b] Thực hành tổng hợp,Bước 2. Tạo khung viền (Trang 71),Hiểu,true,4,4-6,6,early_followup,code_programming,student_reply_present;attempt_or_answer,deterministic_regex_v1
BC-HNMU-G8-R0203-STT6-AI08,HNMU-G8-R0203-STT6,8,[11b] Thực hành tổng hợp,Bước 2. Tạo khung viền (Trang 71),Hiểu,true,6,4-6,8,later_followup,code_programming,student_reply_present;attempt_or_answer,deterministic_regex_v1
BC-HNMU-G8-R0203-STT6-AI10,HNMU-G8-R0203-STT6,8,[11b] Thực hành tổng hợp,Bước 2. Tạo khung viền (Trang 71),Hiểu,true,8,8+,10,later_followup,code_programming,student_reply_present;attempt_or_answer,deterministic_regex_v1
BC-HNMU-G8-R0204-STT7-AI02,HNMU-G8-R0204-STT7,8,[11b] Thực hành tổng hợp,Bước 3. Ghép ảnh vào tờ rơi (Trang 72),Hiểu,false,0,0,2,first_tutor_turn,multimedia_presentation,initial_request,deterministic_regex_v1
BC-HNMU-G8-R0204-STT7-AI04,HNMU-G8-R0204-STT7,8,[11b] Thực hành tổng hợp,Bước 3. Ghép ảnh vào tờ rơi (Trang 72),Hiểu,true,2,2,4,early_followup,multimedia_presentation,student_reply_present;student_question,deterministic_regex_v1
BC-HNMU-G8-R0204-STT7-AI06,HNMU-G8-R0204-STT7,8,[11b] Thực hành tổng hợp,Bước 3. Ghép ảnh vào tờ rơi (Trang 72),Hiểu,true,4,4-6,6,early_followup,multimedia_presentation,student_reply_present;student_question,deterministic_regex_v1
BC-HNMU-G8-R0204-STT7-AI08,HNMU-G8-R0204-STT7,8,[11b] Thực hành tổng hợp,Bước 3. Ghép ảnh vào tờ rơi (Trang 72),Hiểu,true,6,4-6,8,later_followup,multimedia_presentation,student_reply_present;attempt_or_answer,deterministic_regex_v1
BC-HNMU-G8-R0205-STT8-AI02,HNMU-G8-R0205-STT8,8,[11b] Thực hành tổng hợp,Bước 3. Ghép ảnh vào tờ rơi (Trang 72),Hiểu,false,0,0,2,first_tutor_turn,multimedia_presentation,initial_request,deterministic_regex_v1
BC-HNMU-G8-R0205-STT8-AI04,HNMU-G8-R0205-STT8,8,[11b] Thực hành tổng hợp,Bước 3. Ghép ảnh vào tờ rơi (Trang 72),Hiểu,true,2,2,4,early_followup,multimedia_presentation,student_reply_present;student_question,deterministic_regex_v1
BC-HNMU-G8-R0205-STT8-AI06,HNMU-G8-R0205-STT8,8,[11b] Thực hành tổng hợp,Bước 3. Ghép ảnh vào tờ rơi (Trang 72),Hiểu,true,4,4-6,6,early_followup,multimedia_presentation,student_reply_present;attempt_or_answer,deterministic_regex_v1
BC-HNMU-G8-R0205-STT8-AI08,HNMU-G8-R0205-STT8,8,[11b] Thực hành tổng hợp,Bước 3. Ghép ảnh vào tờ rơi (Trang 72),Hiểu,true,6,4-6,8,later_followup,multimedia_presentation,student_reply_present;student_question,deterministic_regex_v1
BC-HNMU-G8-R0206-STT9-AI02,HNMU-G8-R0206-STT9,8,[11b] Thực hành tổng hợp,Bước 4. Hoàn thiện sản phẩm (Trang 72),Hiểu,false,0,0,2,first_tutor_turn,concept_or_other,initial_request,deterministic_regex_v1
BC-HNMU-G8-R0206-STT9-AI04,HNMU-G8-R0206-STT9,8,[11b] Thực hành tổng hợp,Bước 4. Hoàn thiện sản phẩm (Trang 72),Hiểu,true,2,2,4,early_followup,concept_or_other,student_reply_present;attempt_or_answer,deterministic_regex_v1
BC-HNMU-G8-R0206-STT9-AI06,HNMU-G8-R0206-STT9,8,[11b] Thực hành tổng hợp,Bước 4. Hoàn thiện sản phẩm (Trang 72),Hiểu,true,4,4-6,6,early_followup,concept_or_other,student_reply_present;attempt_or_answer,deterministic_regex_v1
BC-HNMU-G8-R0206-STT9-AI08,HNMU-G8-R0206-STT9,8,[11b] Thực hành tổng hợp,Bước 4. Hoàn thiện sản phẩm (Trang 72),Hiểu,true,6,4-6,8,later_followup,concept_or_other,student_reply_present;attempt_or_answer,deterministic_regex_v1
BC-HNMU-G8-R0209-STT12-AI02,HNMU-G8-R0209-STT12,8,[11b] Thực hành tổng hợp,Bước 3. Ghép ảnh vào tờ rơi (Trang 72),Vận dụng,false,0,0,2,first_tutor_turn,concept_or_other,initial_request,deterministic_regex_v1
BC-HNMU-G8-R0209-STT12-AI04,HNMU-G8-R0209-STT12,8,[11b] Thực hành tổng hợp,Bước 3. Ghép ảnh vào tờ rơi (Trang 72),Vận dụng,true,2,2,4,early_followup,concept_or_other,student_reply_present;attempt_or_answer,deterministic_regex_v1
BC-HNMU-G8-R0209-STT12-AI06,HNMU-G8-R0209-STT12,8,[11b] Thực hành tổng hợp,Bước 3. Ghép ảnh vào tờ rơi (Trang 72),Vận dụng,true,4,4-6,6,early_followup,concept_or_other,student_reply_present;attempt_or_answer,deterministic_regex_v1
BC-HNMU-G8-R0209-STT12-AI08,HNMU-G8-R0209-STT12,8,[11b] Thực hành tổng hợp,Bước 3. Ghép ảnh vào tờ rơi (Trang 72),Vận dụng,true,6,4-6,8,later_followup,concept_or_other,student_reply_present;student_question,deterministic_regex_v1
BC-HNMU-G8-R0210-STT13-AI02,HNMU-G8-R0210-STT13,8,[11b] Thực hành tổng hợp,Bước 3. Ghép ảnh vào tờ rơi (Trang 72),Vận dụng,false,0,0,2,first_tutor_turn,concept_or_other,initial_request,deterministic_regex_v1
BC-HNMU-G8-R0210-STT13-AI04,HNMU-G8-R0210-STT13,8,[11b] Thực hành tổng hợp,Bước 3. Ghép ảnh vào tờ rơi (Trang 72),Vận dụng,true,2,2,4,early_followup,concept_or_other,student_reply_present;attempt_or_answer,deterministic_regex_v1
BC-HNMU-G8-R0210-STT13-AI06,HNMU-G8-R0210-STT13,8,[11b] Thực hành tổng hợp,Bước 3. Ghép ảnh vào tờ rơi (Trang 72),Vận dụng,true,4,4-6,6,early_followup,concept_or_other,student_reply_present;attempt_or_answer,deterministic_regex_v1
BC-HNMU-G8-R0210-STT13-AI08,HNMU-G8-R0210-STT13,8,[11b] Thực hành tổng hợp,Bước 3. Ghép ảnh vào tờ rơi (Trang 72),Vận dụng,true,6,4-6,8,later_followup,concept_or_other,student_reply_present;attempt_or_answer,deterministic_regex_v1
BC-HNMU-G8-R0211-STT14-AI02,HNMU-G8-R0211-STT14,8,[11b] Thực hành tổng hợp,Toàn bộ bài thực hành (Trang 70-72),Vận dụng,false,0,0,2,first_tutor_turn,concept_or_other,initial_request,deterministic_regex_v1
BC-HNMU-G8-R0211-STT14-AI04,HNMU-G8-R0211-STT14,8,[11b] Thực hành tổng hợp,Toàn bộ bài thực hành (Trang 70-72),Vận dụng,true,2,2,4,early_followup,concept_or_other,student_reply_present;attempt_or_answer,deterministic_regex_v1
BC-HNMU-G8-R0211-STT14-AI06,HNMU-G8-R0211-STT14,8,[11b] Thực hành tổng hợp,Toàn bộ bài thực hành (Trang 70-72),Vận dụng,true,4,4-6,6,early_followup,concept_or_other,student_reply_present;attempt_or_answer,deterministic_regex_v1
BC-HNMU-G8-R0211-STT14-AI08,HNMU-G8-R0211-STT14,8,[11b] Thực hành tổng hợp,Toàn bộ bài thực hành (Trang 70-72),Vận dụng,true,6,4-6,8,later_followup,concept_or_other,student_reply_present;attempt_or_answer,deterministic_regex_v1
BC-HNMU-G8-R0211-STT14-AI10,HNMU-G8-R0211-STT14,8,[11b] Thực hành tổng hợp,Toàn bộ bài thực hành (Trang 70-72),Vận dụng,true,8,8+,10,later_followup,concept_or_other,student_reply_present;attempt_or_answer,deterministic_regex_v1
BC-HNMU-G8-R0213-STT2-AI02,HNMU-G8-R0213-STT2,8,Bài 12,Mục 2. Kiến thức mới (Tr. 72 SGK),Biết,false,0,0,2,first_tutor_turn,code_programming,initial_request,deterministic_regex_v1
BC-HNMU-G8-R0213-STT2-AI04,HNMU-G8-R0213-STT2,8,Bài 12,Mục 2. Kiến thức mới (Tr. 72 SGK),Biết,true,2,2,4,early_followup,code_programming,student_reply_present;attempt_or_answer,deterministic_regex_v1
BC-HNMU-G8-R0214-STT3-AI02,HNMU-G8-R0214-STT3,8,Bài 12,Hoạt động 1 (Tr. 71 SGK),Biết,false,0,0,2,first_tutor_turn,data_information,initial_request,deterministic_regex_v1
BC-HNMU-G8-R0214-STT3-AI04,HNMU-G8-R0214-STT3,8,Bài 12,Hoạt động 1 (Tr. 71 SGK),Biết,true,2,2,4,early_followup,data_information,student_reply_present;attempt_or_answer,deterministic_regex_v1
BC-HNMU-G8-R0215-STT4-AI02,HNMU-G8-R0215-STT4,8,Bài 12,Mục 2. Thực hành (Tr. 73 SGK),Biết,false,0,0,2,first_tutor_turn,code_programming,initial_request,deterministic_regex_v1
BC-HNMU-G8-R0215-STT4-AI04,HNMU-G8-R0215-STT4,8,Bài 12,Mục 2. Thực hành (Tr. 73 SGK),Biết,true,2,2,4,early_followup,code_programming,student_reply_present;attempt_or_answer,deterministic_regex_v1
BC-HNMU-G8-R0216-STT5-AI02,HNMU-G8-R0216-STT5,8,Bài 12,Mục 1. Kiến thức mới (Tr. 71 SGK),Hiểu,false,0,0,2,first_tutor_turn,code_programming,initial_request,deterministic_regex_v1
BC-HNMU-G8-R0216-STT5-AI04,HNMU-G8-R0216-STT5,8,Bài 12,Mục 1. Kiến thức mới (Tr. 71 SGK),Hiểu,true,2,2,4,early_followup,code_programming,student_reply_present;attempt_or_answer,deterministic_regex_v1
BC-HNMU-G8-R0217-STT6-AI02,HNMU-G8-R0217-STT6,8,Bài 12,Mục 2. Kiến thức mới (Tr. 72 SGK),Hiểu,false,0,0,2,first_tutor_turn,code_programming,initial_request,deterministic_regex_v1
BC-HNMU-G8-R0217-STT6-AI04,HNMU-G8-R0217-STT6,8,Bài 12,Mục 2. Kiến thức mới (Tr. 72 SGK),Hiểu,true,2,2,4,early_followup,code_programming,student_reply_present;attempt_or_answer,deterministic_regex_v1
BC-HNMU-G8-R0217-STT6-AI06,HNMU-G8-R0217-STT6,8,Bài 12,Mục 2. Kiến thức mới (Tr. 72 SGK),Hiểu,true,4,4-6,6,early_followup,code_programming,student_reply_present;student_question,deterministic_regex_v1
BC-HNMU-G8-R0218-STT7-AI02,HNMU-G8-R0218-STT7,8,Bài 12,Hình 12.4 (Tr. 75 SGK),Hiểu,false,0,0,2,first_tutor_turn,code_programming,initial_request,deterministic_regex_v1
BC-HNMU-G8-R0218-STT7-AI04,HNMU-G8-R0218-STT7,8,Bài 12,Hình 12.4 (Tr. 75 SGK),Hiểu,true,2,2,4,early_followup,code_programming,student_reply_present;short_confirmation,deterministic_regex_v1
BC-HNMU-G8-R0219-STT8-AI02,HNMU-G8-R0219-STT8,8,Bài 12,Câu hỏi 2 (Tr. 72 SGK),Hiểu,false,0,0,2,first_tutor_turn,concept_or_other,initial_request,deterministic_regex_v1
BC-HNMU-G8-R0219-STT8-AI04,HNMU-G8-R0219-STT8,8,Bài 12,Câu hỏi 2 (Tr. 72 SGK),Hiểu,true,2,2,4,early_followup,concept_or_other,student_reply_present;attempt_or_answer,deterministic_regex_v1
BC-HNMU-G8-R0220-STT9-AI02,HNMU-G8-R0220-STT9,8,Bài 12,Hoạt động 2 (Tr. 72 SGK),Hiểu,false,0,0,2,first_tutor_turn,code_programming,initial_request,deterministic_regex_v1
BC-HNMU-G8-R0220-STT9-AI04,HNMU-G8-R0220-STT9,8,Bài 12,Hoạt động 2 (Tr. 72 SGK),Hiểu,true,2,2,4,early_followup,code_programming,student_reply_present;attempt_or_answer,deterministic_regex_v1
BC-HNMU-G8-R0221-STT10-AI02,HNMU-G8-R0221-STT10,8,Bài 12,Luyện tập 3 (Tr. 75 SGK),Hiểu,false,0,0,2,first_tutor_turn,code_programming,initial_request,deterministic_regex_v1
BC-HNMU-G8-R0221-STT10-AI04,HNMU-G8-R0221-STT10,8,Bài 12,Luyện tập 3 (Tr. 75 SGK),Hiểu,true,2,2,4,early_followup,code_programming,student_reply_present;attempt_or_answer,deterministic_regex_v1
BC-HNMU-G8-R0221-STT10-AI06,HNMU-G8-R0221-STT10,8,Bài 12,Luyện tập 3 (Tr. 75 SGK),Hiểu,true,4,4-6,6,early_followup,code_programming,student_reply_present;attempt_or_answer,deterministic_regex_v1
BC-HNMU-G8-R0222-STT11-AI02,HNMU-G8-R0222-STT11,8,Bài 12,Luyện tập 1 (Tr. 75 SGK),Vận dụng,false,0,0,2,first_tutor_turn,concept_or_other,initial_request,deterministic_regex_v1
BC-HNMU-G8-R0222-STT11-AI04,HNMU-G8-R0222-STT11,8,Bài 12,Luyện tập 1 (Tr. 75 SGK),Vận dụng,true,2,2,4,early_followup,concept_or_other,student_reply_present;student_question,deterministic_regex_v1
BC-HNMU-G8-R0223-STT12-AI02,HNMU-G8-R0223-STT12,8,Bài 12,Nhiệm vụ 1 (Tr. 73 SGK),Vận dụng,false,0,0,2,first_tutor_turn,concept_or_other,initial_request,deterministic_regex_v1
BC-HNMU-G8-R0223-STT12-AI04,HNMU-G8-R0223-STT12,8,Bài 12,Nhiệm vụ 1 (Tr. 73 SGK),Vận dụng,true,2,2,4,early_followup,concept_or_other,student_reply_present;attempt_or_answer,deterministic_regex_v1
BC-HNMU-G8-R0225-STT14-AI02,HNMU-G8-R0225-STT14,8,Bài 12,Vận dụng (Tr. 75 SGK),Vận dụng,false,0,0,2,first_tutor_turn,code_programming,initial_request,deterministic_regex_v1
BC-HNMU-G8-R0225-STT14-AI04,HNMU-G8-R0225-STT14,8,Bài 12,Vận dụng (Tr. 75 SGK),Vận dụng,true,2,2,4,early_followup,code_programming,student_reply_present;attempt_or_answer,deterministic_regex_v1
BC-HNMU-G8-R0226-STT1-AI02,HNMU-G8-R0226-STT1,8,Bài 13: Biểu diễn dữ liệu,Mục 1. Kiến thức mới (Tr. 76),Biết,false,0,0,2,first_tutor_turn,data_information,initial_request,deterministic_regex_v1
BC-HNMU-G8-R0226-STT1-AI04,HNMU-G8-R0226-STT1,8,Bài 13: Biểu diễn dữ liệu,Mục 1. Kiến thức mới (Tr. 76),Biết,true,2,2,4,early_followup,data_information,student_reply_present;attempt_or_answer,deterministic_regex_v1
BC-HNMU-G8-R0226-STT1-AI06,HNMU-G8-R0226-STT1,8,Bài 13: Biểu diễn dữ liệu,Mục 1. Kiến thức mới (Tr. 76),Biết,true,4,4-6,6,early_followup,data_information,student_reply_present;attempt_or_answer,deterministic_regex_v1
BC-HNMU-G8-R0227-STT2-AI02,HNMU-G8-R0227-STT2,8,Bài 13: Biểu diễn dữ liệu,Mục 1. Hoạt động 1 (Tr. 76),Biết,false,0,0,2,first_tutor_turn,data_information,initial_request,deterministic_regex_v1
BC-HNMU-G8-R0227-STT2-AI04,HNMU-G8-R0227-STT2,8,Bài 13: Biểu diễn dữ liệu,Mục 1. Hoạt động 1 (Tr. 76),Biết,true,2,2,4,early_followup,data_information,student_reply_present;attempt_or_answer,deterministic_regex_v1
BC-HNMU-G8-R0228-STT3-AI02,HNMU-G8-R0228-STT3,8,Bài 13: Biểu diễn dữ liệu,Mục 2. Các phép toán (Tr. 77),Biết,false,0,0,2,first_tutor_turn,data_information,initial_request,deterministic_regex_v1
BC-HNMU-G8-R0228-STT3-AI04,HNMU-G8-R0228-STT3,8,Bài 13: Biểu diễn dữ liệu,Mục 2. Các phép toán (Tr. 77),Biết,true,2,2,4,early_followup,data_information,student_reply_present;attempt_or_answer,deterministic_regex_v1
BC-HNMU-G8-R0229-STT4-AI02,HNMU-G8-R0229-STT4,8,Bài 13: Biểu diễn dữ liệu,Hình 13.1 (Tr. 77),Biết,false,0,0,2,first_tutor_turn,code_programming,initial_request,deterministic_regex_v1
BC-HNMU-G8-R0229-STT4-AI04,HNMU-G8-R0229-STT4,8,Bài 13: Biểu diễn dữ liệu,Hình 13.1 (Tr. 77),Biết,true,2,2,4,early_followup,code_programming,student_reply_present;attempt_or_answer,deterministic_regex_v1
BC-HNMU-G8-R0230-STT5-AI02,HNMU-G8-R0230-STT5,8,Bài 13: Biểu diễn dữ liệu,Mục 1. Kiến thức mới (Tr. 76),Hiểu,false,0,0,2,first_tutor_turn,data_information,initial_request,deterministic_regex_v1
BC-HNMU-G8-R0230-STT5-AI04,HNMU-G8-R0230-STT5,8,Bài 13: Biểu diễn dữ liệu,Mục 1. Kiến thức mới (Tr. 76),Hiểu,true,2,2,4,early_followup,data_information,student_reply_present;attempt_or_answer,deterministic_regex_v1
BC-HNMU-G8-R0231-STT6-AI02,HNMU-G8-R0231-STT6,8,Bài 13: Biểu diễn dữ liệu,Mục 2. Các phép toán (Tr. 77),Hiểu,false,0,0,2,first_tutor_turn,data_information,initial_request,deterministic_regex_v1
BC-HNMU-G8-R0231-STT6-AI04,HNMU-G8-R0231-STT6,8,Bài 13: Biểu diễn dữ liệu,Mục 2. Các phép toán (Tr. 77),Hiểu,true,2,2,4,early_followup,data_information,student_reply_present;short_confirmation,deterministic_regex_v1
BC-HNMU-G8-R0233-STT8-AI02,HNMU-G8-R0233-STT8,8,Bài 13: Biểu diễn dữ liệu,Mục 2. Lưu ý (SGV Tr. 85),Hiểu,false,0,0,2,first_tutor_turn,code_programming,initial_request,deterministic_regex_v1
BC-HNMU-G8-R0233-STT8-AI04,HNMU-G8-R0233-STT8,8,Bài 13: Biểu diễn dữ liệu,Mục 2. Lưu ý (SGV Tr. 85),Hiểu,true,2,2,4,early_followup,code_programming,student_reply_present;attempt_or_answer,deterministic_regex_v1
BC-HNMU-G8-R0234-STT9-AI02,HNMU-G8-R0234-STT9,8,Bài 13: Biểu diễn dữ liệu,Câu hỏi 2 (Tr. 77),Hiểu,false,0,0,2,first_tutor_turn,data_information,initial_request,deterministic_regex_v1
BC-HNMU-G8-R0234-STT9-AI04,HNMU-G8-R0234-STT9,8,Bài 13: Biểu diễn dữ liệu,Câu hỏi 2 (Tr. 77),Hiểu,true,2,2,4,early_followup,data_information,student_reply_present;attempt_or_answer,deterministic_regex_v1
BC-HNMU-G8-R0235-STT10-AI02,HNMU-G8-R0235-STT10,8,Bài 13: Biểu diễn dữ liệu,Hình 13.1 (Tr. 77),Hiểu,false,0,0,2,first_tutor_turn,code_programming,initial_request,deterministic_regex_v1
BC-HNMU-G8-R0235-STT10-AI04,HNMU-G8-R0235-STT10,8,Bài 13: Biểu diễn dữ liệu,Hình 13.1 (Tr. 77),Hiểu,true,2,2,4,early_followup,code_programming,student_reply_present;short_confirmation,deterministic_regex_v1
BC-HNMU-G8-R0236-STT11-AI02,HNMU-G8-R0236-STT11,8,Bài 13: Biểu diễn dữ liệu,Luyện tập (Tr. 79),Vận dụng,false,0,0,2,first_tutor_turn,code_programming,initial_request,deterministic_regex_v1
BC-HNMU-G8-R0236-STT11-AI04,HNMU-G8-R0236-STT11,8,Bài 13: Biểu diễn dữ liệu,Luyện tập (Tr. 79),Vận dụng,true,2,2,4,early_followup,code_programming,student_reply_present;short_confirmation,deterministic_regex_v1
BC-HNMU-G8-R0236-STT11-AI06,HNMU-G8-R0236-STT11,8,Bài 13: Biểu diễn dữ liệu,Luyện tập (Tr. 79),Vận dụng,true,4,4-6,6,early_followup,code_programming,student_reply_present;short_confirmation,deterministic_regex_v1
BC-HNMU-G8-R0238-STT13-AI02,HNMU-G8-R0238-STT13,8,Bài 13: Biểu diễn dữ liệu,Thực hành (Tr. 78),Vận dụng,false,0,0,2,first_tutor_turn,data_information,initial_request,deterministic_regex_v1
BC-HNMU-G8-R0238-STT13-AI04,HNMU-G8-R0238-STT13,8,Bài 13: Biểu diễn dữ liệu,Thực hành (Tr. 78),Vận dụng,true,2,2,4,early_followup,data_information,student_reply_present;attempt_or_answer,deterministic_regex_v1
BC-HNMU-G8-R0239-STT14-AI02,HNMU-G8-R0239-STT14,8,Bài 13: Biểu diễn dữ liệu,Vận dụng (Tr. 79),Vận dụng,false,0,0,2,first_tutor_turn,data_information,initial_request,deterministic_regex_v1
BC-HNMU-G8-R0239-STT14-AI04,HNMU-G8-R0239-STT14,8,Bài 13: Biểu diễn dữ liệu,Vận dụng (Tr. 79),Vận dụng,true,2,2,4,early_followup,data_information,student_reply_present;student_question,deterministic_regex_v1
BC-HNMU-G8-R0240-STT1-AI02,HNMU-G8-R0240-STT1,8,Bài 14: Cấu trúc điều khiển,Mục 1. Cấu trúc tuần tự (Tr. 80 SGK),Biết,false,0,0,2,first_tutor_turn,code_programming,initial_request,deterministic_regex_v1
BC-HNMU-G8-R0240-STT1-AI04,HNMU-G8-R0240-STT1,8,Bài 14: Cấu trúc điều khiển,Mục 1. Cấu trúc tuần tự (Tr. 80 SGK),Biết,true,2,2,4,early_followup,code_programming,student_reply_present;attempt_or_answer,deterministic_regex_v1
BC-HNMU-G8-R0240-STT1-AI06,HNMU-G8-R0240-STT1,8,Bài 14: Cấu trúc điều khiển,Mục 1. Cấu trúc tuần tự (Tr. 80 SGK),Biết,true,4,4-6,6,early_followup,code_programming,student_reply_present;attempt_or_answer,deterministic_regex_v1
BC-HNMU-G8-R0241-STT2-AI02,HNMU-G8-R0241-STT2,8,Bài 14: Cấu trúc điều khiển,Mục 1. Cấu trúc rẽ nhánh (Tr. 81 SGK),Biết,false,0,0,2,first_tutor_turn,code_programming,initial_request,deterministic_regex_v1
BC-HNMU-G8-R0241-STT2-AI04,HNMU-G8-R0241-STT2,8,Bài 14: Cấu trúc điều khiển,Mục 1. Cấu trúc rẽ nhánh (Tr. 81 SGK),Biết,true,2,2,4,early_followup,code_programming,student_reply_present;attempt_or_answer,deterministic_regex_v1
BC-HNMU-G8-R0242-STT3-AI02,HNMU-G8-R0242-STT3,8,Bài 14: Cấu trúc điều khiển,Mục 1. Cấu trúc lặp (Tr. 84 SGK),Biết,false,0,0,2,first_tutor_turn,code_programming,initial_request,deterministic_regex_v1
BC-HNMU-G8-R0242-STT3-AI04,HNMU-G8-R0242-STT3,8,Bài 14: Cấu trúc điều khiển,Mục 1. Cấu trúc lặp (Tr. 84 SGK),Biết,true,2,2,4,early_followup,code_programming,student_reply_present;attempt_or_answer,deterministic_regex_v1
BC-HNMU-G8-R0243-STT4-AI02,HNMU-G8-R0243-STT4,8,Bài 14: Cấu trúc điều khiển,Hoạt động 1. Đoán số (Tr. 80 SGK),Biết,false,0,0,2,first_tutor_turn,code_programming,initial_request,deterministic_regex_v1
BC-HNMU-G8-R0243-STT4-AI04,HNMU-G8-R0243-STT4,8,Bài 14: Cấu trúc điều khiển,Hoạt động 1. Đoán số (Tr. 80 SGK),Biết,true,2,2,4,early_followup,code_programming,student_reply_present;attempt_or_answer,deterministic_regex_v1
BC-HNMU-G8-R0246-STT7-AI02,HNMU-G8-R0246-STT7,8,Bài 14: Cấu trúc điều khiển,Câu hỏi 2 (Tr. 81 SGK),Hiểu,false,0,0,2,first_tutor_turn,concept_or_other,initial_request,deterministic_regex_v1
BC-HNMU-G8-R0246-STT7-AI04,HNMU-G8-R0246-STT7,8,Bài 14: Cấu trúc điều khiển,Câu hỏi 2 (Tr. 81 SGK),Hiểu,true,2,2,4,early_followup,concept_or_other,student_reply_present;short_confirmation,deterministic_regex_v1
BC-HNMU-G8-R0248-STT9-AI02,HNMU-G8-R0248-STT9,8,Bài 14: Cấu trúc điều khiển,Mục 1. Cấu trúc lặp (Tr. 84 SGK),Hiểu,false,0,0,2,first_tutor_turn,code_programming,initial_request,deterministic_regex_v1
BC-HNMU-G8-R0248-STT9-AI04,HNMU-G8-R0248-STT9,8,Bài 14: Cấu trúc điều khiển,Mục 1. Cấu trúc lặp (Tr. 84 SGK),Hiểu,true,2,2,4,early_followup,code_programming,student_reply_present;attempt_or_answer,deterministic_regex_v1
BC-HNMU-G8-R0249-STT10-AI02,HNMU-G8-R0249-STT10,8,Bài 14: Cấu trúc điều khiển,Câu hỏi (Tr. 83 SGK),Hiểu,false,0,0,2,first_tutor_turn,concept_or_other,initial_request,deterministic_regex_v1
BC-HNMU-G8-R0249-STT10-AI04,HNMU-G8-R0249-STT10,8,Bài 14: Cấu trúc điều khiển,Câu hỏi (Tr. 83 SGK),Hiểu,true,2,2,4,early_followup,concept_or_other,student_reply_present;student_question,deterministic_regex_v1
BC-HNMU-G8-R0250-STT11-AI02,HNMU-G8-R0250-STT11,8,Bài 14: Cấu trúc điều khiển,Vận dụng 1 (Tr. 81 SGK),Vận dụng,false,0,0,2,first_tutor_turn,concept_or_other,initial_request,deterministic_regex_v1
BC-HNMU-G8-R0250-STT11-AI04,HNMU-G8-R0250-STT11,8,Bài 14: Cấu trúc điều khiển,Vận dụng 1 (Tr. 81 SGK),Vận dụng,true,2,2,4,early_followup,concept_or_other,student_reply_present;student_question,deterministic_regex_v1
BC-HNMU-G8-R0251-STT12-AI02,HNMU-G8-R0251-STT12,8,Bài 14: Cấu trúc điều khiển,Vận dụng 2 (Tr. 81 SGK),Vận dụng,false,0,0,2,first_tutor_turn,code_programming,initial_request,deterministic_regex_v1
BC-HNMU-G8-R0251-STT12-AI04,HNMU-G8-R0251-STT12,8,Bài 14: Cấu trúc điều khiển,Vận dụng 2 (Tr. 81 SGK),Vận dụng,true,2,2,4,early_followup,code_programming,student_reply_present;attempt_or_answer,deterministic_regex_v1
BC-HNMU-G8-R0252-STT13-AI02,HNMU-G8-R0252-STT13,8,Bài 14: Cấu trúc điều khiển,Bảng 14.1 (Tr. 84 SGK),Vận dụng,false,0,0,2,first_tutor_turn,concept_or_other,initial_request,deterministic_regex_v1
BC-HNMU-G8-R0252-STT13-AI04,HNMU-G8-R0252-STT13,8,Bài 14: Cấu trúc điều khiển,Bảng 14.1 (Tr. 84 SGK),Vận dụng,true,2,2,4,early_followup,concept_or_other,student_reply_present;attempt_or_answer,deterministic_regex_v1
BC-HNMU-G8-R0253-STT14-AI02,HNMU-G8-R0253-STT14,8,Bài 14: Cấu trúc điều khiển,Thực hành (Tr. 83-84 SGK),Vận dụng,false,0,0,2,first_tutor_turn,concept_or_other,initial_request,deterministic_regex_v1
BC-HNMU-G8-R0253-STT14-AI04,HNMU-G8-R0253-STT14,8,Bài 14: Cấu trúc điều khiển,Thực hành (Tr. 83-84 SGK),Vận dụng,true,2,2,4,early_followup,concept_or_other,student_reply_present;student_question,deterministic_regex_v1
BC-HNMU-G8-R0255-STT2-AI02,HNMU-G8-R0255-STT2,8,Bài 15: Gỡ lỗi,Mục 1. Hoạt động 1 (Tr. 85 SGK),Biết,false,0,0,2,first_tutor_turn,concept_or_other,initial_request,deterministic_regex_v1
BC-HNMU-G8-R0255-STT2-AI04,HNMU-G8-R0255-STT2,8,Bài 15: Gỡ lỗi,Mục 1. Hoạt động 1 (Tr. 85 SGK),Biết,true,2,2,4,early_followup,concept_or_other,student_reply_present;attempt_or_answer,deterministic_regex_v1
BC-HNMU-G8-R0256-STT3-AI02,HNMU-G8-R0256-STT3,8,Bài 15: Gỡ lỗi,Mục 2. Phân loại lỗi (Tr. 86 SGK),Biết,false,0,0,2,first_tutor_turn,code_programming,initial_request,deterministic_regex_v1
BC-HNMU-G8-R0256-STT3-AI04,HNMU-G8-R0256-STT3,8,Bài 15: Gỡ lỗi,Mục 2. Phân loại lỗi (Tr. 86 SGK),Biết,true,2,2,4,early_followup,code_programming,student_reply_present;attempt_or_answer,deterministic_regex_v1
BC-HNMU-G8-R0257-STT4-AI02,HNMU-G8-R0257-STT4,8,Bài 15: Gỡ lỗi,Hình 15.2 (Tr. 86 SGK),Biết,false,0,0,2,first_tutor_turn,concept_or_other,initial_request,deterministic_regex_v1
BC-HNMU-G8-R0257-STT4-AI04,HNMU-G8-R0257-STT4,8,Bài 15: Gỡ lỗi,Hình 15.2 (Tr. 86 SGK),Biết,true,2,2,4,early_followup,concept_or_other,student_reply_present;attempt_or_answer,deterministic_regex_v1
BC-HNMU-G8-R0258-STT5-AI02,HNMU-G8-R0258-STT5,8,Bài 15: Gỡ lỗi,Mục 1. Kiến thức mới (Tr. 85 SGK),Hiểu,false,0,0,2,first_tutor_turn,code_programming,initial_request,deterministic_regex_v1
BC-HNMU-G8-R0258-STT5-AI04,HNMU-G8-R0258-STT5,8,Bài 15: Gỡ lỗi,Mục 1. Kiến thức mới (Tr. 85 SGK),Hiểu,true,2,2,4,early_followup,code_programming,student_reply_present;attempt_or_answer,deterministic_regex_v1
BC-HNMU-G8-R0259-STT6-AI02,HNMU-G8-R0259-STT6,8,Bài 15: Gỡ lỗi,Mục 1. Lưu ý (Tr. 85 SGK),Hiểu,false,0,0,2,first_tutor_turn,data_information,initial_request,deterministic_regex_v1
BC-HNMU-G8-R0259-STT6-AI04,HNMU-G8-R0259-STT6,8,Bài 15: Gỡ lỗi,Mục 1. Lưu ý (Tr. 85 SGK),Hiểu,true,2,2,4,early_followup,data_information,student_reply_present;attempt_or_answer,deterministic_regex_v1
BC-HNMU-G8-R0260-STT7-AI02,HNMU-G8-R0260-STT7,8,Bài 15: Gỡ lỗi,Hoạt động 1 (Tr. 85 SGK),Hiểu,false,0,0,2,first_tutor_turn,concept_or_other,initial_request,deterministic_regex_v1
BC-HNMU-G8-R0260-STT7-AI04,HNMU-G8-R0260-STT7,8,Bài 15: Gỡ lỗi,Hoạt động 1 (Tr. 85 SGK),Hiểu,true,2,2,4,early_followup,concept_or_other,student_reply_present;attempt_or_answer,deterministic_regex_v1
BC-HNMU-G8-R0263-STT10-AI02,HNMU-G8-R0263-STT10,8,Bài 15: Gỡ lỗi,Câu hỏi 2 (Tr. 86 SGK),Hiểu,false,0,0,2,first_tutor_turn,concept_or_other,initial_request,deterministic_regex_v1
BC-HNMU-G8-R0263-STT10-AI04,HNMU-G8-R0263-STT10,8,Bài 15: Gỡ lỗi,Câu hỏi 2 (Tr. 86 SGK),Hiểu,true,2,2,4,early_followup,concept_or_other,student_reply_present;attempt_or_answer,deterministic_regex_v1
BC-HNMU-G8-R0263-STT10-AI06,HNMU-G8-R0263-STT10,8,Bài 15: Gỡ lỗi,Câu hỏi 2 (Tr. 86 SGK),Hiểu,true,4,4-6,6,early_followup,concept_or_other,student_reply_present;attempt_or_answer,deterministic_regex_v1
BC-HNMU-G8-R0264-STT11-AI02,HNMU-G8-R0264-STT11,8,Bài 15: Gỡ lỗi,Hoạt động 2 (Tr. 86 SGK),Vận dụng,false,0,0,2,first_tutor_turn,algorithm,initial_request,deterministic_regex_v1
BC-HNMU-G8-R0264-STT11-AI04,HNMU-G8-R0264-STT11,8,Bài 15: Gỡ lỗi,Hoạt động 2 (Tr. 86 SGK),Vận dụng,true,2,2,4,early_followup,algorithm,student_reply_present;attempt_or_answer,deterministic_regex_v1
BC-HNMU-G8-R0265-STT12-AI02,HNMU-G8-R0265-STT12,8,Bài 15: Gỡ lỗi,Bảng 16.2 (Tr. 86 SGK),Vận dụng,false,0,0,2,first_tutor_turn,code_programming,initial_request,deterministic_regex_v1
BC-HNMU-G8-R0265-STT12-AI04,HNMU-G8-R0265-STT12,8,Bài 15: Gỡ lỗi,Bảng 16.2 (Tr. 86 SGK),Vận dụng,true,2,2,4,early_followup,code_programming,student_reply_present;attempt_or_answer,deterministic_regex_v1
BC-HNMU-G8-R0266-STT13-AI02,HNMU-G8-R0266-STT13,8,Bài 15: Gỡ lỗi,Luyện tập 2 (Tr. 86 SGK),Vận dụng,false,0,0,2,first_tutor_turn,data_information,initial_request,deterministic_regex_v1
BC-HNMU-G8-R0266-STT13-AI04,HNMU-G8-R0266-STT13,8,Bài 15: Gỡ lỗi,Luyện tập 2 (Tr. 86 SGK),Vận dụng,true,2,2,4,early_followup,data_information,student_reply_present;student_question,deterministic_regex_v1
BC-HNMU-G8-R0267-STT14-AI02,HNMU-G8-R0267-STT14,8,Bài 15: Gỡ lỗi,Vận dụng (Tr. 86 SGK),Vận dụng,false,0,0,2,first_tutor_turn,concept_or_other,initial_request,deterministic_regex_v1
BC-HNMU-G8-R0267-STT14-AI04,HNMU-G8-R0267-STT14,8,Bài 15: Gỡ lỗi,Vận dụng (Tr. 86 SGK),Vận dụng,true,2,2,4,early_followup,concept_or_other,student_reply_present;attempt_or_answer,deterministic_regex_v1
BC-HNMU-G8-R0268-STT1-AI02,HNMU-G8-R0268-STT1,8,Bài 16,Mục 1 (Tr. 89 SGK),Biết,false,0,0,2,first_tutor_turn,concept_or_other,initial_request,deterministic_regex_v1
BC-HNMU-G8-R0268-STT1-AI04,HNMU-G8-R0268-STT1,8,Bài 16,Mục 1 (Tr. 89 SGK),Biết,true,2,2,4,early_followup,concept_or_other,student_reply_present;attempt_or_answer,deterministic_regex_v1
BC-HNMU-G8-R0269-STT2-AI02,HNMU-G8-R0269-STT2,8,Bài 16,Mục 1 (Tr. 87 SGK),Biết,false,0,0,2,first_tutor_turn,code_programming,initial_request,deterministic_regex_v1
BC-HNMU-G8-R0269-STT2-AI04,HNMU-G8-R0269-STT2,8,Bài 16,Mục 1 (Tr. 87 SGK),Biết,true,2,2,4,early_followup,code_programming,student_reply_present;attempt_or_answer,deterministic_regex_v1
BC-HNMU-G8-R0270-STT3-AI02,HNMU-G8-R0270-STT3,8,Bài 16,Mục 2 (Tr. 90 SGK),Biết,false,0,0,2,first_tutor_turn,code_programming,initial_request,deterministic_regex_v1
BC-HNMU-G8-R0270-STT3-AI04,HNMU-G8-R0270-STT3,8,Bài 16,Mục 2 (Tr. 90 SGK),Biết,true,2,2,4,early_followup,code_programming,student_reply_present;attempt_or_answer,deterministic_regex_v1
BC-HNMU-G8-R0271-STT4-AI02,HNMU-G8-R0271-STT4,8,Bài 16,Câu hỏi 1 (Tr. 89 SGK),Biết,false,0,0,2,first_tutor_turn,concept_or_other,initial_request,deterministic_regex_v1
BC-HNMU-G8-R0271-STT4-AI04,HNMU-G8-R0271-STT4,8,Bài 16,Câu hỏi 1 (Tr. 89 SGK),Biết,true,2,2,4,early_followup,concept_or_other,student_reply_present;attempt_or_answer,deterministic_regex_v1
BC-HNMU-G8-R0273-STT6-AI02,HNMU-G8-R0273-STT6,8,Bài 16,Mục 1 (Tr. 89 SGK),Hiểu,false,0,0,2,first_tutor_turn,algorithm,initial_request,deterministic_regex_v1
BC-HNMU-G8-R0273-STT6-AI04,HNMU-G8-R0273-STT6,8,Bài 16,Mục 1 (Tr. 89 SGK),Hiểu,true,2,2,4,early_followup,algorithm,student_reply_present;attempt_or_answer,deterministic_regex_v1
BC-HNMU-G8-R0274-STT7-AI02,HNMU-G8-R0274-STT7,8,Bài 16,Mục 2 (Tr. 90 SGK),Hiểu,false,0,0,2,first_tutor_turn,concept_or_other,initial_request,deterministic_regex_v1
BC-HNMU-G8-R0274-STT7-AI04,HNMU-G8-R0274-STT7,8,Bài 16,Mục 2 (Tr. 90 SGK),Hiểu,true,2,2,4,early_followup,concept_or_other,student_reply_present;attempt_or_answer,deterministic_regex_v1
BC-HNMU-G8-R0275-STT8-AI02,HNMU-G8-R0275-STT8,8,Bài 16,Mục 1 (Tr. 87 SGK),Hiểu,false,0,0,2,first_tutor_turn,concept_or_other,initial_request,deterministic_regex_v1
BC-HNMU-G8-R0275-STT8-AI04,HNMU-G8-R0275-STT8,8,Bài 16,Mục 1 (Tr. 87 SGK),Hiểu,true,2,2,4,early_followup,concept_or_other,student_reply_present;attempt_or_answer,deterministic_regex_v1
BC-HNMU-G8-R0276-STT9-AI02,HNMU-G8-R0276-STT9,8,Bài 16,Luyện tập 2 (Tr. 90 SGK),Hiểu,false,0,0,2,first_tutor_turn,concept_or_other,initial_request,deterministic_regex_v1
BC-HNMU-G8-R0276-STT9-AI04,HNMU-G8-R0276-STT9,8,Bài 16,Luyện tập 2 (Tr. 90 SGK),Hiểu,true,2,2,4,early_followup,concept_or_other,student_reply_present;attempt_or_answer,deterministic_regex_v1
BC-HNMU-G8-R0277-STT10-AI02,HNMU-G8-R0277-STT10,8,Bài 16,Mục 1 (Tr. 87 SGK),Hiểu,false,0,0,2,first_tutor_turn,data_information,initial_request,deterministic_regex_v1
BC-HNMU-G8-R0277-STT10-AI04,HNMU-G8-R0277-STT10,8,Bài 16,Mục 1 (Tr. 87 SGK),Hiểu,true,2,2,4,early_followup,data_information,student_reply_present;attempt_or_answer,deterministic_regex_v1
BC-HNMU-G8-R0278-STT11-AI02,HNMU-G8-R0278-STT11,8,Bài 16,Vận dụng 1 (Tr. 90 SGK),Vận dụng,false,0,0,2,first_tutor_turn,concept_or_other,initial_request,deterministic_regex_v1
BC-HNMU-G8-R0278-STT11-AI04,HNMU-G8-R0278-STT11,8,Bài 16,Vận dụng 1 (Tr. 90 SGK),Vận dụng,true,2,2,4,early_followup,concept_or_other,student_reply_present;student_question,deterministic_regex_v1
BC-HNMU-G8-R0279-STT12-AI02,HNMU-G8-R0279-STT12,8,Bài 16,Hoạt động 2 (Tr. 89 SGK),Vận dụng,false,0,0,2,first_tutor_turn,concept_or_other,initial_request,deterministic_regex_v1
BC-HNMU-G8-R0279-STT12-AI04,HNMU-G8-R0279-STT12,8,Bài 16,Hoạt động 2 (Tr. 89 SGK),Vận dụng,true,2,2,4,early_followup,concept_or_other,student_reply_present;attempt_or_answer,deterministic_regex_v1
BC-HNMU-G8-R0279-STT12-AI06,HNMU-G8-R0279-STT12,8,Bài 16,Hoạt động 2 (Tr. 89 SGK),Vận dụng,true,4,4-6,6,early_followup,concept_or_other,student_reply_present;student_question,deterministic_regex_v1
BC-HNMU-G8-R0280-STT13-AI02,HNMU-G8-R0280-STT13,8,Bài 16,Luyện tập 1 (Tr. 90 SGK),Vận dụng,false,0,0,2,first_tutor_turn,multimedia_presentation,initial_request,deterministic_regex_v1
BC-HNMU-G8-R0280-STT13-AI04,HNMU-G8-R0280-STT13,8,Bài 16,Luyện tập 1 (Tr. 90 SGK),Vận dụng,true,2,2,4,early_followup,multimedia_presentation,student_reply_present;attempt_or_answer,deterministic_regex_v1
BC-HNMU-G8-R0280-STT13-AI06,HNMU-G8-R0280-STT13,8,Bài 16,Luyện tập 1 (Tr. 90 SGK),Vận dụng,true,4,4-6,6,early_followup,multimedia_presentation,student_reply_present;attempt_or_answer,deterministic_regex_v1
BC-HNMU-G8-R0281-STT14-AI02,HNMU-G8-R0281-STT14,8,Bài 16,Mục 3 (Tr. 99 SGV),Vận dụng,false,0,0,2,first_tutor_turn,concept_or_other,initial_request,deterministic_regex_v1
BC-HNMU-G8-R0281-STT14-AI04,HNMU-G8-R0281-STT14,8,Bài 16,Mục 3 (Tr. 99 SGV),Vận dụng,true,2,2,4,early_followup,concept_or_other,student_reply_present;attempt_or_answer,deterministic_regex_v1
BC-HNMU-G9-R0002-STT1-AI02,HNMU-G9-R0002-STT1,9,Bài 1: Thế giới kĩ thuật số,Mục 1. Thế giới kĩ thuật số (Tr. 5 SGK),Biết,false,0,0,2,first_tutor_turn,concept_or_other,initial_request,deterministic_regex_v1
BC-HNMU-G9-R0002-STT1-AI04,HNMU-G9-R0002-STT1,9,Bài 1: Thế giới kĩ thuật số,Mục 1. Thế giới kĩ thuật số (Tr. 5 SGK),Biết,true,2,2,4,early_followup,concept_or_other,student_reply_present;attempt_or_answer,deterministic_regex_v1
BC-HNMU-G9-R0004-STT3-AI02,HNMU-G9-R0004-STT3,9,Bài 1: Thế giới kĩ thuật số,Mục 3. Tác động (Tr. 7 SGK),Biết,false,0,0,2,first_tutor_turn,concept_or_other,initial_request,deterministic_regex_v1
BC-HNMU-G9-R0004-STT3-AI04,HNMU-G9-R0004-STT3,9,Bài 1: Thế giới kĩ thuật số,Mục 3. Tác động (Tr. 7 SGK),Biết,true,2,2,4,early_followup,concept_or_other,student_reply_present;student_question,deterministic_regex_v1
BC-HNMU-G9-R0005-STT4-AI02,HNMU-G9-R0005-STT4,9,Bài 1: Thế giới kĩ thuật số,Mục 1. Kiến thức mới (Tr. 5 SGK),Biết,false,0,0,2,first_tutor_turn,hardware_network,initial_request,deterministic_regex_v1
BC-HNMU-G9-R0005-STT4-AI04,HNMU-G9-R0005-STT4,9,Bài 1: Thế giới kĩ thuật số,Mục 1. Kiến thức mới (Tr. 5 SGK),Biết,true,2,2,4,early_followup,hardware_network,student_reply_present;attempt_or_answer,deterministic_regex_v1
BC-HNMU-G9-R0008-STT7-AI02,HNMU-G9-R0008-STT7,9,Bài 1: Thế giới kĩ thuật số,Câu hỏi 2 (Tr. 19 SGV),Hiểu,false,0,0,2,first_tutor_turn,data_information,initial_request,deterministic_regex_v1
BC-HNMU-G9-R0008-STT7-AI04,HNMU-G9-R0008-STT7,9,Bài 1: Thế giới kĩ thuật số,Câu hỏi 2 (Tr. 19 SGV),Hiểu,true,2,2,4,early_followup,data_information,student_reply_present;attempt_or_answer,deterministic_regex_v1
BC-HNMU-G9-R0010-STT9-AI02,HNMU-G9-R0010-STT9,9,Bài 1: Thế giới kĩ thuật số,Câu hỏi (Tr. 20 SGV),Hiểu,false,0,0,2,first_tutor_turn,hardware_network,initial_request,deterministic_regex_v1
BC-HNMU-G9-R0010-STT9-AI04,HNMU-G9-R0010-STT9,9,Bài 1: Thế giới kĩ thuật số,Câu hỏi (Tr. 20 SGV),Hiểu,true,2,2,4,early_followup,hardware_network,student_reply_present;attempt_or_answer,deterministic_regex_v1
BC-HNMU-G9-R0011-STT10-AI02,HNMU-G9-R0011-STT10,9,Bài 1: Thế giới kĩ thuật số,Hình 1.4 (Tr. 7 SGK),Hiểu,false,0,0,2,first_tutor_turn,code_programming,initial_request,deterministic_regex_v1
BC-HNMU-G9-R0011-STT10-AI04,HNMU-G9-R0011-STT10,9,Bài 1: Thế giới kĩ thuật số,Hình 1.4 (Tr. 7 SGK),Hiểu,true,2,2,4,early_followup,code_programming,student_reply_present;attempt_or_answer,deterministic_regex_v1
BC-HNMU-G9-R0012-STT11-AI02,HNMU-G9-R0012-STT11,9,Bài 1: Thế giới kĩ thuật số,Luyện tập 1 (Tr. 8 SGK),Vận dụng,false,0,0,2,first_tutor_turn,hardware_network,initial_request,deterministic_regex_v1
BC-HNMU-G9-R0012-STT11-AI04,HNMU-G9-R0012-STT11,9,Bài 1: Thế giới kĩ thuật số,Luyện tập 1 (Tr. 8 SGK),Vận dụng,true,2,2,4,early_followup,hardware_network,student_reply_present;attempt_or_answer,deterministic_regex_v1
BC-HNMU-G9-R0013-STT12-AI02,HNMU-G9-R0013-STT12,9,Bài 1: Thế giới kĩ thuật số,Luyện tập 2 (Tr. 8 SGK),Vận dụng,false,0,0,2,first_tutor_turn,hardware_network,initial_request,deterministic_regex_v1
BC-HNMU-G9-R0013-STT12-AI04,HNMU-G9-R0013-STT12,9,Bài 1: Thế giới kĩ thuật số,Luyện tập 2 (Tr. 8 SGK),Vận dụng,true,2,2,4,early_followup,hardware_network,student_reply_present;attempt_or_answer,deterministic_regex_v1
BC-HNMU-G9-R0015-STT14-AI02,HNMU-G9-R0015-STT14,9,Bài 1: Thế giới kĩ thuật số,Vận dụng (Tr. 8 SGK),Vận dụng,false,0,0,2,first_tutor_turn,concept_or_other,initial_request,deterministic_regex_v1
BC-HNMU-G9-R0015-STT14-AI04,HNMU-G9-R0015-STT14,9,Bài 1: Thế giới kĩ thuật số,Vận dụng (Tr. 8 SGK),Vận dụng,true,2,2,4,early_followup,concept_or_other,student_reply_present;attempt_or_answer,deterministic_regex_v1
BC-HNMU-G9-R0016-STT1-AI02,HNMU-G9-R0016-STT1,9,Bài 2: Thông tin trong giải quyết vấn đề,Mục 1. Chất lượng thông tin (Tr. 9 SGK),Biết,false,0,0,2,first_tutor_turn,data_information,initial_request,deterministic_regex_v1
BC-HNMU-G9-R0016-STT1-AI04,HNMU-G9-R0016-STT1,9,Bài 2: Thông tin trong giải quyết vấn đề,Mục 1. Chất lượng thông tin (Tr. 9 SGK),Biết,true,2,2,4,early_followup,data_information,student_reply_present;attempt_or_answer,deterministic_regex_v1
BC-HNMU-G9-R0019-STT4-AI02,HNMU-G9-R0019-STT4,9,Bài 2: Thông tin trong giải quyết vấn đề,Mục 1. d (Tr. 9 SGK),Biết,false,0,0,2,first_tutor_turn,data_information,initial_request,deterministic_regex_v1
BC-HNMU-G9-R0019-STT4-AI04,HNMU-G9-R0019-STT4,9,Bài 2: Thông tin trong giải quyết vấn đề,Mục 1. d (Tr. 9 SGK),Biết,true,2,2,4,early_followup,data_information,student_reply_present;attempt_or_answer,deterministic_regex_v1
BC-HNMU-G9-R0019-STT4-AI06,HNMU-G9-R0019-STT4,9,Bài 2: Thông tin trong giải quyết vấn đề,Mục 1. d (Tr. 9 SGK),Biết,true,4,4-6,6,early_followup,data_information,student_reply_present;attempt_or_answer,deterministic_regex_v1
BC-HNMU-G9-R0023-STT8-AI02,HNMU-G9-R0023-STT8,9,Bài 2: Thông tin trong giải quyết vấn đề,Mục 2 (Tr. 11 SGK),Hiểu,false,0,0,2,first_tutor_turn,data_information,initial_request,deterministic_regex_v1
BC-HNMU-G9-R0023-STT8-AI04,HNMU-G9-R0023-STT8,9,Bài 2: Thông tin trong giải quyết vấn đề,Mục 2 (Tr. 11 SGK),Hiểu,true,2,2,4,early_followup,data_information,student_reply_present;attempt_or_answer,deterministic_regex_v1
BC-HNMU-G9-R0023-STT8-AI06,HNMU-G9-R0023-STT8,9,Bài 2: Thông tin trong giải quyết vấn đề,Mục 2 (Tr. 11 SGK),Hiểu,true,4,4-6,6,early_followup,data_information,student_reply_present;attempt_or_answer,deterministic_regex_v1
BC-HNMU-G9-R0026-STT11-AI02,HNMU-G9-R0026-STT11,9,Bài 2: Thông tin trong giải quyết vấn đề,Câu hỏi c (Tr. 11 SGK),Vận dụng,false,0,0,2,first_tutor_turn,data_information,initial_request,deterministic_regex_v1
BC-HNMU-G9-R0026-STT11-AI04,HNMU-G9-R0026-STT11,9,Bài 2: Thông tin trong giải quyết vấn đề,Câu hỏi c (Tr. 11 SGK),Vận dụng,true,2,2,4,early_followup,data_information,student_reply_present;attempt_or_answer,deterministic_regex_v1
BC-HNMU-G9-R0026-STT11-AI06,HNMU-G9-R0026-STT11,9,Bài 2: Thông tin trong giải quyết vấn đề,Câu hỏi c (Tr. 11 SGK),Vận dụng,true,4,4-6,6,early_followup,data_information,student_reply_present;attempt_or_answer,deterministic_regex_v1
BC-HNMU-G9-R0027-STT12-AI02,HNMU-G9-R0027-STT12,9,Bài 2: Thông tin trong giải quyết vấn đề,Nhiệm vụ 1 (Tr. 12 SGK),Vận dụng,false,0,0,2,first_tutor_turn,data_information,initial_request,deterministic_regex_v1
BC-HNMU-G9-R0027-STT12-AI04,HNMU-G9-R0027-STT12,9,Bài 2: Thông tin trong giải quyết vấn đề,Nhiệm vụ 1 (Tr. 12 SGK),Vận dụng,true,2,2,4,early_followup,data_information,student_reply_present;attempt_or_answer,deterministic_regex_v1
BC-HNMU-G9-R0028-STT13-AI02,HNMU-G9-R0028-STT13,9,Bài 2: Thông tin trong giải quyết vấn đề,Nhiệm vụ 2 (Tr. 14 SGK),Vận dụng,false,0,0,2,first_tutor_turn,algorithm,initial_request,deterministic_regex_v1
BC-HNMU-G9-R0028-STT13-AI04,HNMU-G9-R0028-STT13,9,Bài 2: Thông tin trong giải quyết vấn đề,Nhiệm vụ 2 (Tr. 14 SGK),Vận dụng,true,2,2,4,early_followup,algorithm,student_reply_present;attempt_or_answer,deterministic_regex_v1
BC-HNMU-G9-R0029-STT14-AI02,HNMU-G9-R0029-STT14,9,Bài 2: Thông tin trong giải quyết vấn đề,Vận dụng (Tr. 14 SGK),Vận dụng,false,0,0,2,first_tutor_turn,multimedia_presentation,initial_request,deterministic_regex_v1
BC-HNMU-G9-R0029-STT14-AI04,HNMU-G9-R0029-STT14,9,Bài 2: Thông tin trong giải quyết vấn đề,Vận dụng (Tr. 14 SGK),Vận dụng,true,2,2,4,early_followup,multimedia_presentation,student_reply_present;attempt_or_answer,deterministic_regex_v1
BC-HNMU-G9-R0030-STT1-AI02,HNMU-G9-R0030-STT1,9,Bài 3: Thực hành: Đánh giá chất lượng thông tin,Mục 1. a (Tr. 9 SGK),Biết,false,0,0,2,first_tutor_turn,data_information,initial_request,deterministic_regex_v1
BC-HNMU-G9-R0030-STT1-AI04,HNMU-G9-R0030-STT1,9,Bài 3: Thực hành: Đánh giá chất lượng thông tin,Mục 1. a (Tr. 9 SGK),Biết,true,2,2,4,early_followup,data_information,student_reply_present;attempt_or_answer,deterministic_regex_v1
BC-HNMU-G9-R0031-STT2-AI02,HNMU-G9-R0031-STT2,9,Bài 3: Thực hành: Đánh giá chất lượng thông tin,Mục 1. a (Tr. 9 SGK),Biết,false,0,0,2,first_tutor_turn,data_information,initial_request,deterministic_regex_v1
BC-HNMU-G9-R0031-STT2-AI04,HNMU-G9-R0031-STT2,9,Bài 3: Thực hành: Đánh giá chất lượng thông tin,Mục 1. a (Tr. 9 SGK),Biết,true,2,2,4,early_followup,data_information,student_reply_present;attempt_or_answer,deterministic_regex_v1
BC-HNMU-G9-R0033-STT4-AI02,HNMU-G9-R0033-STT4,9,Bài 3: Thực hành: Đánh giá chất lượng thông tin,Mục 2 (Tr. 13 SGK),Biết,false,0,0,2,first_tutor_turn,hardware_network,initial_request,deterministic_regex_v1
BC-HNMU-G9-R0033-STT4-AI04,HNMU-G9-R0033-STT4,9,Bài 3: Thực hành: Đánh giá chất lượng thông tin,Mục 2 (Tr. 13 SGK),Biết,true,2,2,4,early_followup,hardware_network,student_reply_present;attempt_or_answer,deterministic_regex_v1
BC-HNMU-G9-R0034-STT5-AI02,HNMU-G9-R0034-STT5,9,Bài 3: Thực hành: Đánh giá chất lượng thông tin,Mục 2 (Tr. 11 SGK),Hiểu,false,0,0,2,first_tutor_turn,data_information,initial_request,deterministic_regex_v1
BC-HNMU-G9-R0034-STT5-AI04,HNMU-G9-R0034-STT5,9,Bài 3: Thực hành: Đánh giá chất lượng thông tin,Mục 2 (Tr. 11 SGK),Hiểu,true,2,2,4,early_followup,data_information,student_reply_present;attempt_or_answer,deterministic_regex_v1
BC-HNMU-G9-R0036-STT7-AI02,HNMU-G9-R0036-STT7,9,Bài 3: Thực hành: Đánh giá chất lượng thông tin,Mục 1. b (Tr. 9 SGK),Hiểu,false,0,0,2,first_tutor_turn,data_information,initial_request,deterministic_regex_v1
BC-HNMU-G9-R0036-STT7-AI04,HNMU-G9-R0036-STT7,9,Bài 3: Thực hành: Đánh giá chất lượng thông tin,Mục 1. b (Tr. 9 SGK),Hiểu,true,2,2,4,early_followup,data_information,student_reply_present;attempt_or_answer,deterministic_regex_v1
BC-HNMU-G9-R0040-STT11-AI02,HNMU-G9-R0040-STT11,9,Bài 3: Thực hành: Đánh giá chất lượng thông tin,Vận dụng (Tr. 11 SGK),Vận dụng,false,0,0,2,first_tutor_turn,data_information,initial_request,deterministic_regex_v1
BC-HNMU-G9-R0040-STT11-AI04,HNMU-G9-R0040-STT11,9,Bài 3: Thực hành: Đánh giá chất lượng thông tin,Vận dụng (Tr. 11 SGK),Vận dụng,true,2,2,4,early_followup,data_information,student_reply_present;attempt_or_answer,deterministic_regex_v1
BC-HNMU-G9-R0041-STT12-AI02,HNMU-G9-R0041-STT12,9,Bài 3: Thực hành: Đánh giá chất lượng thông tin,Nhiệm vụ 1 (Tr. 12 SGK),Vận dụng,false,0,0,2,first_tutor_turn,data_information,initial_request,deterministic_regex_v1
BC-HNMU-G9-R0041-STT12-AI04,HNMU-G9-R0041-STT12,9,Bài 3: Thực hành: Đánh giá chất lượng thông tin,Nhiệm vụ 1 (Tr. 12 SGK),Vận dụng,true,2,2,4,early_followup,data_information,student_reply_present;attempt_or_answer,deterministic_regex_v1
BC-HNMU-G9-R0042-STT13-AI02,HNMU-G9-R0042-STT13,9,Bài 3: Thực hành: Đánh giá chất lượng thông tin,Nhiệm vụ 2 (Tr. 14 SGK),Vận dụng,false,0,0,2,first_tutor_turn,algorithm,initial_request,deterministic_regex_v1
BC-HNMU-G9-R0042-STT13-AI04,HNMU-G9-R0042-STT13,9,Bài 3: Thực hành: Đánh giá chất lượng thông tin,Nhiệm vụ 2 (Tr. 14 SGK),Vận dụng,true,2,2,4,early_followup,algorithm,student_reply_present;short_confirmation,deterministic_regex_v1
BC-HNMU-G9-R0043-STT14-AI02,HNMU-G9-R0043-STT14,9,Bài 3: Thực hành: Đánh giá chất lượng thông tin,Vận dụng (Tr. 14 SGK),Vận dụng,false,0,0,2,first_tutor_turn,data_information,initial_request,deterministic_regex_v1
BC-HNMU-G9-R0043-STT14-AI04,HNMU-G9-R0043-STT14,9,Bài 3: Thực hành: Đánh giá chất lượng thông tin,Vận dụng (Tr. 14 SGK),Vận dụng,true,2,2,4,early_followup,data_information,student_reply_present;attempt_or_answer,deterministic_regex_v1
BC-HNMU-G9-R0044-STT1-AI02,HNMU-G9-R0044-STT1,9,Bài 4: Một số vấn đề pháp lý về sử dụng dịch vụ Internet,Mục 1. a (Tr. 15 SGK),Biết,false,0,0,2,first_tutor_turn,hardware_network,initial_request,deterministic_regex_v1
BC-HNMU-G9-R0044-STT1-AI04,HNMU-G9-R0044-STT1,9,Bài 4: Một số vấn đề pháp lý về sử dụng dịch vụ Internet,Mục 1. a (Tr. 15 SGK),Biết,true,2,2,4,early_followup,hardware_network,student_reply_present;attempt_or_answer,deterministic_regex_v1
BC-HNMU-G9-R0045-STT2-AI02,HNMU-G9-R0045-STT2,9,Bài 4: Một số vấn đề pháp lý về sử dụng dịch vụ Internet,Mục 1. b (Tr. 16 SGK),Biết,false,0,0,2,first_tutor_turn,digital_ethics_safety,initial_request,deterministic_regex_v1
BC-HNMU-G9-R0045-STT2-AI04,HNMU-G9-R0045-STT2,9,Bài 4: Một số vấn đề pháp lý về sử dụng dịch vụ Internet,Mục 1. b (Tr. 16 SGK),Biết,true,2,2,4,early_followup,digital_ethics_safety,student_reply_present;attempt_or_answer,deterministic_regex_v1
BC-HNMU-G9-R0045-STT2-AI06,HNMU-G9-R0045-STT2,9,Bài 4: Một số vấn đề pháp lý về sử dụng dịch vụ Internet,Mục 1. b (Tr. 16 SGK),Biết,true,4,4-6,6,early_followup,digital_ethics_safety,student_reply_present;attempt_or_answer,deterministic_regex_v1
BC-HNMU-G9-R0046-STT3-AI02,HNMU-G9-R0046-STT3,9,Bài 4: Một số vấn đề pháp lý về sử dụng dịch vụ Internet,Mục 2. a (Tr. 17 SGK),Biết,false,0,0,2,first_tutor_turn,hardware_network,initial_request,deterministic_regex_v1
BC-HNMU-G9-R0046-STT3-AI04,HNMU-G9-R0046-STT3,9,Bài 4: Một số vấn đề pháp lý về sử dụng dịch vụ Internet,Mục 2. a (Tr. 17 SGK),Biết,true,2,2,4,early_followup,hardware_network,student_reply_present;attempt_or_answer,deterministic_regex_v1
BC-HNMU-G9-R0047-STT4-AI02,HNMU-G9-R0047-STT4,9,Bài 4: Một số vấn đề pháp lý về sử dụng dịch vụ Internet,Hoạt động 3 (Tr. 18 SGK),Biết,false,0,0,2,first_tutor_turn,hardware_network,initial_request,deterministic_regex_v1
BC-HNMU-G9-R0047-STT4-AI04,HNMU-G9-R0047-STT4,9,Bài 4: Một số vấn đề pháp lý về sử dụng dịch vụ Internet,Hoạt động 3 (Tr. 18 SGK),Biết,true,2,2,4,early_followup,hardware_network,student_reply_present;attempt_or_answer,deterministic_regex_v1
BC-HNMU-G9-R0053-STT10-AI02,HNMU-G9-R0053-STT10,9,Bài 4: Một số vấn đề pháp lý về sử dụng dịch vụ Internet,Câu hỏi 2 (Tr. 17 SGK),Hiểu,false,0,0,2,first_tutor_turn,digital_ethics_safety,initial_request,deterministic_regex_v1
BC-HNMU-G9-R0053-STT10-AI04,HNMU-G9-R0053-STT10,9,Bài 4: Một số vấn đề pháp lý về sử dụng dịch vụ Internet,Câu hỏi 2 (Tr. 17 SGK),Hiểu,true,2,2,4,early_followup,digital_ethics_safety,student_reply_present;attempt_or_answer,deterministic_regex_v1
BC-HNMU-G9-R0054-STT11-AI02,HNMU-G9-R0054-STT11,9,Bài 4: Một số vấn đề pháp lý về sử dụng dịch vụ Internet,Luyện tập 2 (Tr. 19 SGK),Vận dụng,false,0,0,2,first_tutor_turn,hardware_network,initial_request,deterministic_regex_v1
BC-HNMU-G9-R0054-STT11-AI04,HNMU-G9-R0054-STT11,9,Bài 4: Một số vấn đề pháp lý về sử dụng dịch vụ Internet,Luyện tập 2 (Tr. 19 SGK),Vận dụng,true,2,2,4,early_followup,hardware_network,student_reply_present;attempt_or_answer,deterministic_regex_v1
BC-HNMU-G9-R0055-STT12-AI02,HNMU-G9-R0055-STT12,9,Bài 4: Một số vấn đề pháp lý về sử dụng dịch vụ Internet,Vận dụng (Tr. 19 SGK),Vận dụng,false,0,0,2,first_tutor_turn,digital_ethics_safety,initial_request,deterministic_regex_v1
BC-HNMU-G9-R0055-STT12-AI04,HNMU-G9-R0055-STT12,9,Bài 4: Một số vấn đề pháp lý về sử dụng dịch vụ Internet,Vận dụng (Tr. 19 SGK),Vận dụng,true,2,2,4,early_followup,digital_ethics_safety,student_reply_present;attempt_or_answer,deterministic_regex_v1
BC-HNMU-G9-R0056-STT13-AI02,HNMU-G9-R0056-STT13,9,Bài 4: Một số vấn đề pháp lý về sử dụng dịch vụ Internet,SGV Tr. 32,Vận dụng,false,0,0,2,first_tutor_turn,digital_ethics_safety,initial_request,deterministic_regex_v1
BC-HNMU-G9-R0056-STT13-AI04,HNMU-G9-R0056-STT13,9,Bài 4: Một số vấn đề pháp lý về sử dụng dịch vụ Internet,SGV Tr. 32,Vận dụng,true,2,2,4,early_followup,digital_ethics_safety,student_reply_present;attempt_or_answer,deterministic_regex_v1
BC-HNMU-G9-R0057-STT14-AI02,HNMU-G9-R0057-STT14,9,Bài 4: Một số vấn đề pháp lý về sử dụng dịch vụ Internet,Vận dụng (Tr. 19 SGK),Vận dụng,false,0,0,2,first_tutor_turn,multimedia_presentation,initial_request,deterministic_regex_v1
BC-HNMU-G9-R0057-STT14-AI04,HNMU-G9-R0057-STT14,9,Bài 4: Một số vấn đề pháp lý về sử dụng dịch vụ Internet,Vận dụng (Tr. 19 SGK),Vận dụng,true,2,2,4,early_followup,multimedia_presentation,student_reply_present;attempt_or_answer,deterministic_regex_v1
BC-HNMU-G9-R0058-STT1-AI02,HNMU-G9-R0058-STT1,9,Bài 5: Tìm hiểu phần mềm mô phỏng,Mục 1 (Tr. 20 SGK),Biết,false,0,0,2,first_tutor_turn,digital_document_tool,initial_request,deterministic_regex_v1
BC-HNMU-G9-R0058-STT1-AI04,HNMU-G9-R0058-STT1,9,Bài 5: Tìm hiểu phần mềm mô phỏng,Mục 1 (Tr. 20 SGK),Biết,true,2,2,4,early_followup,digital_document_tool,student_reply_present;attempt_or_answer,deterministic_regex_v1
BC-HNMU-G9-R0059-STT2-AI02,HNMU-G9-R0059-STT2,9,Bài 5: Tìm hiểu phần mềm mô phỏng,Mục 1 (Tr. 20 SGK),Biết,false,0,0,2,first_tutor_turn,digital_document_tool,initial_request,deterministic_regex_v1
BC-HNMU-G9-R0059-STT2-AI04,HNMU-G9-R0059-STT2,9,Bài 5: Tìm hiểu phần mềm mô phỏng,Mục 1 (Tr. 20 SGK),Biết,true,2,2,4,early_followup,digital_document_tool,student_reply_present;attempt_or_answer,deterministic_regex_v1
BC-HNMU-G9-R0063-STT6-AI02,HNMU-G9-R0063-STT6,9,Bài 5: Tìm hiểu phần mềm mô phỏng,Mục 1 (Tr. 20 SGK),Hiểu,false,0,0,2,first_tutor_turn,multimedia_presentation,initial_request,deterministic_regex_v1
BC-HNMU-G9-R0063-STT6-AI04,HNMU-G9-R0063-STT6,9,Bài 5: Tìm hiểu phần mềm mô phỏng,Mục 1 (Tr. 20 SGK),Hiểu,true,2,2,4,early_followup,multimedia_presentation,student_reply_present;attempt_or_answer,deterministic_regex_v1
BC-HNMU-G9-R0065-STT8-AI02,HNMU-G9-R0065-STT8,9,Bài 5: Tìm hiểu phần mềm mô phỏng,Mục 2 (Tr. 21 SGK),Hiểu,false,0,0,2,first_tutor_turn,digital_document_tool,initial_request,deterministic_regex_v1
BC-HNMU-G9-R0065-STT8-AI04,HNMU-G9-R0065-STT8,9,Bài 5: Tìm hiểu phần mềm mô phỏng,Mục 2 (Tr. 21 SGK),Hiểu,true,2,2,4,early_followup,digital_document_tool,student_reply_present;attempt_or_answer,deterministic_regex_v1
BC-HNMU-G9-R0067-STT10-AI02,HNMU-G9-R0067-STT10,9,Bài 5: Tìm hiểu phần mềm mô phỏng,Mục 1 (SGV Tr. 36),Hiểu,false,0,0,2,first_tutor_turn,multimedia_presentation,initial_request,deterministic_regex_v1
BC-HNMU-G9-R0067-STT10-AI04,HNMU-G9-R0067-STT10,9,Bài 5: Tìm hiểu phần mềm mô phỏng,Mục 1 (SGV Tr. 36),Hiểu,true,2,2,4,early_followup,multimedia_presentation,student_reply_present;attempt_or_answer,deterministic_regex_v1
BC-HNMU-G9-R0068-STT11-AI02,HNMU-G9-R0068-STT11,9,Bài 5: Tìm hiểu phần mềm mô phỏng,Luyện tập (Tr. 22 SGK),Vận dụng,false,0,0,2,first_tutor_turn,digital_document_tool,initial_request,deterministic_regex_v1
BC-HNMU-G9-R0068-STT11-AI04,HNMU-G9-R0068-STT11,9,Bài 5: Tìm hiểu phần mềm mô phỏng,Luyện tập (Tr. 22 SGK),Vận dụng,true,2,2,4,early_followup,digital_document_tool,student_reply_present;student_question,deterministic_regex_v1
BC-HNMU-G9-R0069-STT12-AI02,HNMU-G9-R0069-STT12,9,Bài 5: Tìm hiểu phần mềm mô phỏng,Vận dụng (Tr. 22 SGK),Vận dụng,false,0,0,2,first_tutor_turn,digital_document_tool,initial_request,deterministic_regex_v1
BC-HNMU-G9-R0069-STT12-AI04,HNMU-G9-R0069-STT12,9,Bài 5: Tìm hiểu phần mềm mô phỏng,Vận dụng (Tr. 22 SGK),Vận dụng,true,2,2,4,early_followup,digital_document_tool,student_reply_present;attempt_or_answer,deterministic_regex_v1
BC-HNMU-G9-R0070-STT13-AI02,HNMU-G9-R0070-STT13,9,Bài 5: Tìm hiểu phần mềm mô phỏng,SGV Tr. 43,Vận dụng,false,0,0,2,first_tutor_turn,digital_document_tool,initial_request,deterministic_regex_v1
BC-HNMU-G9-R0070-STT13-AI04,HNMU-G9-R0070-STT13,9,Bài 5: Tìm hiểu phần mềm mô phỏng,SGV Tr. 43,Vận dụng,true,2,2,4,early_followup,digital_document_tool,student_reply_present;attempt_or_answer,deterministic_regex_v1
BC-HNMU-G9-R0072-STT1-AI02,HNMU-G9-R0072-STT1,9,Bài 6: Thực hành: Khai thác phần mềm mô phỏng,Hoạt động 1 (Tr. 23 SGK),Biết,false,0,0,2,first_tutor_turn,digital_document_tool,initial_request,deterministic_regex_v1
BC-HNMU-G9-R0072-STT1-AI04,HNMU-G9-R0072-STT1,9,Bài 6: Thực hành: Khai thác phần mềm mô phỏng,Hoạt động 1 (Tr. 23 SGK),Biết,true,2,2,4,early_followup,digital_document_tool,student_reply_present;attempt_or_answer,deterministic_regex_v1
BC-HNMU-G9-R0073-STT2-AI02,HNMU-G9-R0073-STT2,9,Bài 6: Thực hành: Khai thác phần mềm mô phỏng,Nhiệm vụ 2 (Tr. 25 SGK),Biết,false,0,0,2,first_tutor_turn,digital_document_tool,initial_request,deterministic_regex_v1
BC-HNMU-G9-R0073-STT2-AI04,HNMU-G9-R0073-STT2,9,Bài 6: Thực hành: Khai thác phần mềm mô phỏng,Nhiệm vụ 2 (Tr. 25 SGK),Biết,true,2,2,4,early_followup,digital_document_tool,student_reply_present;short_confirmation,deterministic_regex_v1
BC-HNMU-G9-R0074-STT3-AI02,HNMU-G9-R0074-STT3,9,Bài 6: Thực hành: Khai thác phần mềm mô phỏng,Mục 2. b (Tr. 25 SGK),Biết,false,0,0,2,first_tutor_turn,digital_document_tool,initial_request,deterministic_regex_v1
BC-HNMU-G9-R0074-STT3-AI04,HNMU-G9-R0074-STT3,9,Bài 6: Thực hành: Khai thác phần mềm mô phỏng,Mục 2. b (Tr. 25 SGK),Biết,true,2,2,4,early_followup,digital_document_tool,student_reply_present;attempt_or_answer,deterministic_regex_v1
BC-HNMU-G9-R0075-STT4-AI02,HNMU-G9-R0075-STT4,9,Bài 6: Thực hành: Khai thác phần mềm mô phỏng,Hoạt động 1 (Tr. 23 SGK),Biết,false,0,0,2,first_tutor_turn,digital_document_tool,initial_request,deterministic_regex_v1
BC-HNMU-G9-R0075-STT4-AI04,HNMU-G9-R0075-STT4,9,Bài 6: Thực hành: Khai thác phần mềm mô phỏng,Hoạt động 1 (Tr. 23 SGK),Biết,true,2,2,4,early_followup,digital_document_tool,student_reply_present;short_confirmation,deterministic_regex_v1
BC-HNMU-G9-R0076-STT5-AI02,HNMU-G9-R0076-STT5,9,Bài 6: Thực hành: Khai thác phần mềm mô phỏng,Nhiệm vụ 1 (Tr. 23 SGK),Hiểu,false,0,0,2,first_tutor_turn,digital_document_tool,initial_request,deterministic_regex_v1
BC-HNMU-G9-R0076-STT5-AI04,HNMU-G9-R0076-STT5,9,Bài 6: Thực hành: Khai thác phần mềm mô phỏng,Nhiệm vụ 1 (Tr. 23 SGK),Hiểu,true,2,2,4,early_followup,digital_document_tool,student_reply_present;attempt_or_answer,deterministic_regex_v1
BC-HNMU-G9-R0078-STT7-AI02,HNMU-G9-R0078-STT7,9,Bài 6: Thực hành: Khai thác phần mềm mô phỏng,Nhiệm vụ 1 (Tr. 23 SGK),Hiểu,false,0,0,2,first_tutor_turn,digital_document_tool,initial_request,deterministic_regex_v1
BC-HNMU-G9-R0078-STT7-AI04,HNMU-G9-R0078-STT7,9,Bài 6: Thực hành: Khai thác phần mềm mô phỏng,Nhiệm vụ 1 (Tr. 23 SGK),Hiểu,true,2,2,4,early_followup,digital_document_tool,student_reply_present;attempt_or_answer,deterministic_regex_v1
BC-HNMU-G9-R0081-STT10-AI02,HNMU-G9-R0081-STT10,9,Bài 6: Thực hành: Khai thác phần mềm mô phỏng,Nhiệm vụ 1 (Tr. 24 SGK),Hiểu,false,0,0,2,first_tutor_turn,digital_document_tool,initial_request,deterministic_regex_v1
BC-HNMU-G9-R0081-STT10-AI04,HNMU-G9-R0081-STT10,9,Bài 6: Thực hành: Khai thác phần mềm mô phỏng,Nhiệm vụ 1 (Tr. 24 SGK),Hiểu,true,2,2,4,early_followup,digital_document_tool,student_reply_present;attempt_or_answer,deterministic_regex_v1
BC-HNMU-G9-R0082-STT11-AI02,HNMU-G9-R0082-STT11,9,Bài 6: Thực hành: Khai thác phần mềm mô phỏng,Luyện tập (Tr. 26 SGK),Vận dụng,false,0,0,2,first_tutor_turn,digital_document_tool,initial_request,deterministic_regex_v1
BC-HNMU-G9-R0082-STT11-AI04,HNMU-G9-R0082-STT11,9,Bài 6: Thực hành: Khai thác phần mềm mô phỏng,Luyện tập (Tr. 26 SGK),Vận dụng,true,2,2,4,early_followup,digital_document_tool,student_reply_present;attempt_or_answer,deterministic_regex_v1
BC-HNMU-G9-R0084-STT13-AI02,HNMU-G9-R0084-STT13,9,Bài 6: Thực hành: Khai thác phần mềm mô phỏng,Nhiệm vụ 2 (Tr. 25 SGK),Vận dụng,false,0,0,2,first_tutor_turn,digital_document_tool,initial_request,deterministic_regex_v1
BC-HNMU-G9-R0084-STT13-AI04,HNMU-G9-R0084-STT13,9,Bài 6: Thực hành: Khai thác phần mềm mô phỏng,Nhiệm vụ 2 (Tr. 25 SGK),Vận dụng,true,2,2,4,early_followup,digital_document_tool,student_reply_present;attempt_or_answer,deterministic_regex_v1
BC-HNMU-G9-R0085-STT14-AI02,HNMU-G9-R0085-STT14,9,Bài 6: Thực hành: Khai thác phần mềm mô phỏng,Nhiệm vụ 1 (Tr. 24 SGK),Vận dụng,false,0,0,2,first_tutor_turn,data_information,initial_request,deterministic_regex_v1
BC-HNMU-G9-R0085-STT14-AI04,HNMU-G9-R0085-STT14,9,Bài 6: Thực hành: Khai thác phần mềm mô phỏng,Nhiệm vụ 1 (Tr. 24 SGK),Vận dụng,true,2,2,4,early_followup,data_information,student_reply_present;student_question,deterministic_regex_v1
BC-HNMU-G9-R0086-STT1-AI02,HNMU-G9-R0086-STT1,9,Bài 7: Trình bày thông tin trong trao đổi hợp tác,Mục 1 (Tr. 27 SGK),Biết,false,0,0,2,first_tutor_turn,multimedia_presentation,initial_request,deterministic_regex_v1
BC-HNMU-G9-R0086-STT1-AI04,HNMU-G9-R0086-STT1,9,Bài 7: Trình bày thông tin trong trao đổi hợp tác,Mục 1 (Tr. 27 SGK),Biết,true,2,2,4,early_followup,multimedia_presentation,student_reply_present;student_question,deterministic_regex_v1
BC-HNMU-G9-R0087-STT2-AI02,HNMU-G9-R0087-STT2,9,Bài 7: Trình bày thông tin trong trao đổi hợp tác,Mục 1 (Tr. 27 SGK),Biết,false,0,0,2,first_tutor_turn,multimedia_presentation,initial_request,deterministic_regex_v1
BC-HNMU-G9-R0087-STT2-AI04,HNMU-G9-R0087-STT2,9,Bài 7: Trình bày thông tin trong trao đổi hợp tác,Mục 1 (Tr. 27 SGK),Biết,true,2,2,4,early_followup,multimedia_presentation,student_reply_present;attempt_or_answer,deterministic_regex_v1
BC-HNMU-G9-R0088-STT3-AI02,HNMU-G9-R0088-STT3,9,Bài 7: Trình bày thông tin trong trao đổi hợp tác,Hoạt động 1 (Tr. 27 SGK),Biết,false,0,0,2,first_tutor_turn,spreadsheet,initial_request,deterministic_regex_v1
BC-HNMU-G9-R0088-STT3-AI04,HNMU-G9-R0088-STT3,9,Bài 7: Trình bày thông tin trong trao đổi hợp tác,Hoạt động 1 (Tr. 27 SGK),Biết,true,2,2,4,early_followup,spreadsheet,student_reply_present;attempt_or_answer,deterministic_regex_v1
BC-HNMU-G9-R0089-STT4-AI02,HNMU-G9-R0089-STT4,9,Bài 7: Trình bày thông tin trong trao đổi hợp tác,Mục 1 (Tr. 28 SGK),Biết,false,0,0,2,first_tutor_turn,data_information,initial_request,deterministic_regex_v1
BC-HNMU-G9-R0089-STT4-AI04,HNMU-G9-R0089-STT4,9,Bài 7: Trình bày thông tin trong trao đổi hợp tác,Mục 1 (Tr. 28 SGK),Biết,true,2,2,4,early_followup,data_information,student_reply_present;attempt_or_answer,deterministic_regex_v1
BC-HNMU-G9-R0091-STT6-AI02,HNMU-G9-R0091-STT6,9,Bài 7: Trình bày thông tin trong trao đổi hợp tác,Hoạt động 1 (Tr. 27 SGK),Hiểu,false,0,0,2,first_tutor_turn,data_information,initial_request,deterministic_regex_v1
BC-HNMU-G9-R0091-STT6-AI04,HNMU-G9-R0091-STT6,9,Bài 7: Trình bày thông tin trong trao đổi hợp tác,Hoạt động 1 (Tr. 27 SGK),Hiểu,true,2,2,4,early_followup,data_information,student_reply_present;attempt_or_answer,deterministic_regex_v1
BC-HNMU-G9-R0093-STT8-AI02,HNMU-G9-R0093-STT8,9,Bài 7: Trình bày thông tin trong trao đổi hợp tác,Mục 1 (Tr. 28 SGK),Hiểu,false,0,0,2,first_tutor_turn,data_information,initial_request,deterministic_regex_v1
BC-HNMU-G9-R0093-STT8-AI04,HNMU-G9-R0093-STT8,9,Bài 7: Trình bày thông tin trong trao đổi hợp tác,Mục 1 (Tr. 28 SGK),Hiểu,true,2,2,4,early_followup,data_information,student_reply_present;attempt_or_answer,deterministic_regex_v1
BC-HNMU-G9-R0094-STT9-AI02,HNMU-G9-R0094-STT9,9,Bài 7: Trình bày thông tin trong trao đổi hợp tác,Mục 1 (Tr. 28 SGK),Hiểu,false,0,0,2,first_tutor_turn,data_information,initial_request,deterministic_regex_v1
BC-HNMU-G9-R0094-STT9-AI04,HNMU-G9-R0094-STT9,9,Bài 7: Trình bày thông tin trong trao đổi hợp tác,Mục 1 (Tr. 28 SGK),Hiểu,true,2,2,4,early_followup,data_information,student_reply_present;student_question,deterministic_regex_v1
BC-HNMU-G9-R0096-STT11-AI02,HNMU-G9-R0096-STT11,9,Bài 7: Trình bày thông tin trong trao đổi hợp tác,Luyện tập (Tr. 29 SGK),Vận dụng,false,0,0,2,first_tutor_turn,data_information,initial_request,deterministic_regex_v1
BC-HNMU-G9-R0096-STT11-AI04,HNMU-G9-R0096-STT11,9,Bài 7: Trình bày thông tin trong trao đổi hợp tác,Luyện tập (Tr. 29 SGK),Vận dụng,true,2,2,4,early_followup,data_information,student_reply_present;attempt_or_answer,deterministic_regex_v1
BC-HNMU-G9-R0097-STT12-AI02,HNMU-G9-R0097-STT12,9,Bài 7: Trình bày thông tin trong trao đổi hợp tác,Vận dụng (Tr. 29 SGK),Vận dụng,false,0,0,2,first_tutor_turn,multimedia_presentation,initial_request,deterministic_regex_v1
BC-HNMU-G9-R0097-STT12-AI04,HNMU-G9-R0097-STT12,9,Bài 7: Trình bày thông tin trong trao đổi hợp tác,Vận dụng (Tr. 29 SGK),Vận dụng,true,2,2,4,early_followup,multimedia_presentation,student_reply_present;attempt_or_answer,deterministic_regex_v1
BC-HNMU-G9-R0098-STT13-AI02,HNMU-G9-R0098-STT13,9,Bài 7: Trình bày thông tin trong trao đổi hợp tác,Vận dụng (Tr. 29 SGK),Vận dụng,false,0,0,2,first_tutor_turn,multimedia_presentation,initial_request,deterministic_regex_v1
BC-HNMU-G9-R0098-STT13-AI04,HNMU-G9-R0098-STT13,9,Bài 7: Trình bày thông tin trong trao đổi hợp tác,Vận dụng (Tr. 29 SGK),Vận dụng,true,2,2,4,early_followup,multimedia_presentation,student_reply_present;attempt_or_answer,deterministic_regex_v1
BC-HNMU-G9-R0100-STT1-AI02,HNMU-G9-R0100-STT1,9,Bài 8: Sử dụng công cụ trực quan trình bày thông tin trong trao đổi và hợp tác,"Mục đích, yêu cầu (Tr. 30 SGK/Tr. 46 SGV)",Biết,false,0,0,2,first_tutor_turn,data_information,initial_request,deterministic_regex_v1
BC-HNMU-G9-R0100-STT1-AI04,HNMU-G9-R0100-STT1,9,Bài 8: Sử dụng công cụ trực quan trình bày thông tin trong trao đổi và hợp tác,"Mục đích, yêu cầu (Tr. 30 SGK/Tr. 46 SGV)",Biết,true,2,2,4,early_followup,data_information,student_reply_present;attempt_or_answer,deterministic_regex_v1
BC-HNMU-G9-R0102-STT3-AI02,HNMU-G9-R0102-STT3,9,Bài 8: Sử dụng công cụ trực quan trình bày thông tin trong trao đổi và hợp tác,Nhiệm vụ 1 (Tr. 31 SGK),Biết,false,0,0,2,first_tutor_turn,data_information,initial_request,deterministic_regex_v1
BC-HNMU-G9-R0102-STT3-AI04,HNMU-G9-R0102-STT3,9,Bài 8: Sử dụng công cụ trực quan trình bày thông tin trong trao đổi và hợp tác,Nhiệm vụ 1 (Tr. 31 SGK),Biết,true,2,2,4,early_followup,data_information,student_reply_present;short_confirmation,deterministic_regex_v1
BC-HNMU-G9-R0103-STT4-AI02,HNMU-G9-R0103-STT4,9,Bài 8: Sử dụng công cụ trực quan trình bày thông tin trong trao đổi và hợp tác,Mục 2 (Tr. 28 SGK),Biết,false,0,0,2,first_tutor_turn,spreadsheet,initial_request,deterministic_regex_v1
BC-HNMU-G9-R0103-STT4-AI04,HNMU-G9-R0103-STT4,9,Bài 8: Sử dụng công cụ trực quan trình bày thông tin trong trao đổi và hợp tác,Mục 2 (Tr. 28 SGK),Biết,true,2,2,4,early_followup,spreadsheet,student_reply_present;attempt_or_answer,deterministic_regex_v1
BC-HNMU-G9-R0104-STT5-AI02,HNMU-G9-R0104-STT5,9,Bài 8: Sử dụng công cụ trực quan trình bày thông tin trong trao đổi và hợp tác,Chuẩn bị (Tr. 46 SGV),Hiểu,false,0,0,2,first_tutor_turn,data_information,initial_request,deterministic_regex_v1
BC-HNMU-G9-R0104-STT5-AI04,HNMU-G9-R0104-STT5,9,Bài 8: Sử dụng công cụ trực quan trình bày thông tin trong trao đổi và hợp tác,Chuẩn bị (Tr. 46 SGV),Hiểu,true,2,2,4,early_followup,data_information,student_reply_present;explicit_uncertainty,deterministic_regex_v1
BC-HNMU-G9-R0109-STT10-AI02,HNMU-G9-R0109-STT10,9,Bài 8: Sử dụng công cụ trực quan trình bày thông tin trong trao đổi và hợp tác,Nhiệm vụ 2 (Tr. 47 SGV),Hiểu,false,0,0,2,first_tutor_turn,data_information,initial_request,deterministic_regex_v1
BC-HNMU-G9-R0109-STT10-AI04,HNMU-G9-R0109-STT10,9,Bài 8: Sử dụng công cụ trực quan trình bày thông tin trong trao đổi và hợp tác,Nhiệm vụ 2 (Tr. 47 SGV),Hiểu,true,2,2,4,early_followup,data_information,student_reply_present;attempt_or_answer,deterministic_regex_v1
BC-HNMU-G9-R0110-STT11-AI02,HNMU-G9-R0110-STT11,9,Bài 8: Sử dụng công cụ trực quan trình bày thông tin trong trao đổi và hợp tác,Luyện tập (Tr. 29 SGK),Vận dụng,false,0,0,2,first_tutor_turn,data_information,initial_request,deterministic_regex_v1
BC-HNMU-G9-R0110-STT11-AI04,HNMU-G9-R0110-STT11,9,Bài 8: Sử dụng công cụ trực quan trình bày thông tin trong trao đổi và hợp tác,Luyện tập (Tr. 29 SGK),Vận dụng,true,2,2,4,early_followup,data_information,student_reply_present;attempt_or_answer,deterministic_regex_v1
BC-HNMU-G9-R0111-STT12-AI02,HNMU-G9-R0111-STT12,9,Bài 8: Sử dụng công cụ trực quan trình bày thông tin trong trao đổi và hợp tác,Nhiệm vụ 1 (Tr. 31 SGK),Vận dụng,false,0,0,2,first_tutor_turn,spreadsheet,initial_request,deterministic_regex_v1
BC-HNMU-G9-R0111-STT12-AI04,HNMU-G9-R0111-STT12,9,Bài 8: Sử dụng công cụ trực quan trình bày thông tin trong trao đổi và hợp tác,Nhiệm vụ 1 (Tr. 31 SGK),Vận dụng,true,2,2,4,early_followup,spreadsheet,student_reply_present;attempt_or_answer,deterministic_regex_v1
BC-HNMU-G9-R0112-STT13-AI02,HNMU-G9-R0112-STT13,9,Bài 8: Sử dụng công cụ trực quan trình bày thông tin trong trao đổi và hợp tác,Nhiệm vụ 3 (Tr. 32 SGK),Vận dụng,false,0,0,2,first_tutor_turn,multimedia_presentation,initial_request,deterministic_regex_v1
BC-HNMU-G9-R0112-STT13-AI04,HNMU-G9-R0112-STT13,9,Bài 8: Sử dụng công cụ trực quan trình bày thông tin trong trao đổi và hợp tác,Nhiệm vụ 3 (Tr. 32 SGK),Vận dụng,true,2,2,4,early_followup,multimedia_presentation,student_reply_present;attempt_or_answer,deterministic_regex_v1
BC-HNMU-G9-R0128-STT1-AI02,HNMU-G9-R0128-STT1,9,10a. Sử dụng hàm Countif,"Mục 1, Trang 42 SGK",Biết,false,0,0,2,first_tutor_turn,spreadsheet,initial_request,deterministic_regex_v1
BC-HNMU-G9-R0128-STT1-AI04,HNMU-G9-R0128-STT1,9,10a. Sử dụng hàm Countif,"Mục 1, Trang 42 SGK",Biết,true,2,2,4,early_followup,spreadsheet,student_reply_present;student_question,deterministic_regex_v1
BC-HNMU-G9-R0128-STT1-AI06,HNMU-G9-R0128-STT1,9,10a. Sử dụng hàm Countif,"Mục 1, Trang 42 SGK",Biết,true,4,4-6,6,early_followup,spreadsheet,student_reply_present;attempt_or_answer,deterministic_regex_v1
BC-HNMU-G9-R0129-STT2-AI02,HNMU-G9-R0129-STT2,9,10a. Sử dụng hàm Countif,"Mục 1, Trang 42 SGK",Biết,false,0,0,2,first_tutor_turn,spreadsheet,initial_request,deterministic_regex_v1
BC-HNMU-G9-R0129-STT2-AI04,HNMU-G9-R0129-STT2,9,10a. Sử dụng hàm Countif,"Mục 1, Trang 42 SGK",Biết,true,2,2,4,early_followup,spreadsheet,student_reply_present;attempt_or_answer,deterministic_regex_v1
BC-HNMU-G9-R0130-STT3-AI02,HNMU-G9-R0130-STT3,9,10a. Sử dụng hàm Countif,"Mục 1, Trang 42 SGK",Biết,false,0,0,2,first_tutor_turn,spreadsheet,initial_request,deterministic_regex_v1
BC-HNMU-G9-R0130-STT3-AI04,HNMU-G9-R0130-STT3,9,10a. Sử dụng hàm Countif,"Mục 1, Trang 42 SGK",Biết,true,2,2,4,early_followup,spreadsheet,student_reply_present;attempt_or_answer,deterministic_regex_v1
BC-HNMU-G9-R0131-STT4-AI02,HNMU-G9-R0131-STT4,9,10a. Sử dụng hàm Countif,"Mục 1, Trang 42 SGK",Biết,false,0,0,2,first_tutor_turn,spreadsheet,initial_request,deterministic_regex_v1
BC-HNMU-G9-R0131-STT4-AI04,HNMU-G9-R0131-STT4,9,10a. Sử dụng hàm Countif,"Mục 1, Trang 42 SGK",Biết,true,2,2,4,early_followup,spreadsheet,student_reply_present;student_question,deterministic_regex_v1
BC-HNMU-G9-R0132-STT5-AI02,HNMU-G9-R0132-STT5,9,10a. Sử dụng hàm Countif,"Mục 1, Trang 41 SGK",Hiểu,false,0,0,2,first_tutor_turn,spreadsheet,initial_request,deterministic_regex_v1
BC-HNMU-G9-R0132-STT5-AI04,HNMU-G9-R0132-STT5,9,10a. Sử dụng hàm Countif,"Mục 1, Trang 41 SGK",Hiểu,true,2,2,4,early_followup,spreadsheet,student_reply_present;attempt_or_answer,deterministic_regex_v1
BC-HNMU-G9-R0133-STT6-AI02,HNMU-G9-R0133-STT6,9,10a. Sử dụng hàm Countif,"Hình 10a.1, Trang 41 SGK",Hiểu,false,0,0,2,first_tutor_turn,spreadsheet,initial_request,deterministic_regex_v1
BC-HNMU-G9-R0133-STT6-AI04,HNMU-G9-R0133-STT6,9,10a. Sử dụng hàm Countif,"Hình 10a.1, Trang 41 SGK",Hiểu,true,2,2,4,early_followup,spreadsheet,student_reply_present;attempt_or_answer,deterministic_regex_v1
BC-HNMU-G9-R0134-STT7-AI02,HNMU-G9-R0134-STT7,9,10a. Sử dụng hàm Countif,"Câu hỏi, Trang 43 SGK",Hiểu,false,0,0,2,first_tutor_turn,spreadsheet,initial_request,deterministic_regex_v1
BC-HNMU-G9-R0134-STT7-AI04,HNMU-G9-R0134-STT7,9,10a. Sử dụng hàm Countif,"Câu hỏi, Trang 43 SGK",Hiểu,true,2,2,4,early_followup,spreadsheet,student_reply_present;student_question,deterministic_regex_v1
BC-HNMU-G9-R0135-STT8-AI02,HNMU-G9-R0135-STT8,9,10a. Sử dụng hàm Countif,"Mục 2, Trang 43 SGK",Hiểu,false,0,0,2,first_tutor_turn,spreadsheet,initial_request,deterministic_regex_v1
BC-HNMU-G9-R0135-STT8-AI04,HNMU-G9-R0135-STT8,9,10a. Sử dụng hàm Countif,"Mục 2, Trang 43 SGK",Hiểu,true,2,2,4,early_followup,spreadsheet,student_reply_present;attempt_or_answer,deterministic_regex_v1
BC-HNMU-G9-R0136-STT9-AI02,HNMU-G9-R0136-STT9,9,10a. Sử dụng hàm Countif,"Mục 1, Trang 42 SGK",Hiểu,false,0,0,2,first_tutor_turn,spreadsheet,initial_request,deterministic_regex_v1
BC-HNMU-G9-R0136-STT9-AI04,HNMU-G9-R0136-STT9,9,10a. Sử dụng hàm Countif,"Mục 1, Trang 42 SGK",Hiểu,true,2,2,4,early_followup,spreadsheet,student_reply_present;attempt_or_answer,deterministic_regex_v1
BC-HNMU-G9-R0137-STT10-AI02,HNMU-G9-R0137-STT10,9,10a. Sử dụng hàm Countif,"Mục 1, Trang 42 SGK",Hiểu,false,0,0,2,first_tutor_turn,spreadsheet,initial_request,deterministic_regex_v1
BC-HNMU-G9-R0137-STT10-AI04,HNMU-G9-R0137-STT10,9,10a. Sử dụng hàm Countif,"Mục 1, Trang 42 SGK",Hiểu,true,2,2,4,early_followup,spreadsheet,student_reply_present;short_confirmation,deterministic_regex_v1
BC-HNMU-G9-R0137-STT10-AI06,HNMU-G9-R0137-STT10,9,10a. Sử dụng hàm Countif,"Mục 1, Trang 42 SGK",Hiểu,true,4,4-6,6,early_followup,spreadsheet,student_reply_present;attempt_or_answer,deterministic_regex_v1
BC-HNMU-G9-R0138-STT11-AI02,HNMU-G9-R0138-STT11,9,10a. Sử dụng hàm Countif,"Luyện tập 2, Trang 44 SGK",Vận dụng,false,0,0,2,first_tutor_turn,spreadsheet,initial_request,deterministic_regex_v1
BC-HNMU-G9-R0138-STT11-AI04,HNMU-G9-R0138-STT11,9,10a. Sử dụng hàm Countif,"Luyện tập 2, Trang 44 SGK",Vận dụng,true,2,2,4,early_followup,spreadsheet,student_reply_present;short_confirmation,deterministic_regex_v1
BC-HNMU-G9-R0138-STT11-AI06,HNMU-G9-R0138-STT11,9,10a. Sử dụng hàm Countif,"Luyện tập 2, Trang 44 SGK",Vận dụng,true,4,4-6,6,early_followup,spreadsheet,student_reply_present;short_confirmation,deterministic_regex_v1
BC-HNMU-G9-R0139-STT12-AI02,HNMU-G9-R0139-STT12,9,10a. Sử dụng hàm Countif,"Luyện tập 2, Trang 42 SGK",Vận dụng,false,0,0,2,first_tutor_turn,spreadsheet,initial_request,deterministic_regex_v1
BC-HNMU-G9-R0139-STT12-AI04,HNMU-G9-R0139-STT12,9,10a. Sử dụng hàm Countif,"Luyện tập 2, Trang 42 SGK",Vận dụng,true,2,2,4,early_followup,spreadsheet,student_reply_present;attempt_or_answer,deterministic_regex_v1
BC-HNMU-G9-R0140-STT13-AI02,HNMU-G9-R0140-STT13,9,10a. Sử dụng hàm Countif,"Thực hành, Trang 43 SGK",Vận dụng,false,0,0,2,first_tutor_turn,spreadsheet,initial_request,deterministic_regex_v1
BC-HNMU-G9-R0140-STT13-AI04,HNMU-G9-R0140-STT13,9,10a. Sử dụng hàm Countif,"Thực hành, Trang 43 SGK",Vận dụng,true,2,2,4,early_followup,spreadsheet,student_reply_present;short_confirmation,deterministic_regex_v1
BC-HNMU-G9-R0141-STT14-AI02,HNMU-G9-R0141-STT14,9,10a. Sử dụng hàm Countif,"Vận dụng, Trang 44 SGK",Vận dụng,false,0,0,2,first_tutor_turn,spreadsheet,initial_request,deterministic_regex_v1
BC-HNMU-G9-R0141-STT14-AI04,HNMU-G9-R0141-STT14,9,10a. Sử dụng hàm Countif,"Vận dụng, Trang 44 SGK",Vận dụng,true,2,2,4,early_followup,spreadsheet,student_reply_present;student_question,deterministic_regex_v1
BC-HNMU-G9-R0141-STT14-AI06,HNMU-G9-R0141-STT14,9,10a. Sử dụng hàm Countif,"Vận dụng, Trang 44 SGK",Vận dụng,true,4,4-6,6,early_followup,spreadsheet,student_reply_present;short_confirmation,deterministic_regex_v1
BC-HNMU-G9-R0141-STT14-AI08,HNMU-G9-R0141-STT14,9,10a. Sử dụng hàm Countif,"Vận dụng, Trang 44 SGK",Vận dụng,true,6,4-6,8,later_followup,spreadsheet,student_reply_present;student_question,deterministic_regex_v1
BC-HNMU-G9-R0142-STT1-AI02,HNMU-G9-R0142-STT1,9,11a. Sử dụng hàm Sumif,"Mục 1, Trang 45 SGK",Biết,false,0,0,2,first_tutor_turn,spreadsheet,initial_request,deterministic_regex_v1
BC-HNMU-G9-R0142-STT1-AI04,HNMU-G9-R0142-STT1,9,11a. Sử dụng hàm Sumif,"Mục 1, Trang 45 SGK",Biết,true,2,2,4,early_followup,spreadsheet,student_reply_present;attempt_or_answer,deterministic_regex_v1
BC-HNMU-G9-R0142-STT1-AI06,HNMU-G9-R0142-STT1,9,11a. Sử dụng hàm Sumif,"Mục 1, Trang 45 SGK",Biết,true,4,4-6,6,early_followup,spreadsheet,student_reply_present;attempt_or_answer,deterministic_regex_v1
BC-HNMU-G9-R0143-STT2-AI02,HNMU-G9-R0143-STT2,9,11a. Sử dụng hàm Sumif,"Mục 1, Trang 45 SGK",Biết,false,0,0,2,first_tutor_turn,spreadsheet,initial_request,deterministic_regex_v1
BC-HNMU-G9-R0143-STT2-AI04,HNMU-G9-R0143-STT2,9,11a. Sử dụng hàm Sumif,"Mục 1, Trang 45 SGK",Biết,true,2,2,4,early_followup,spreadsheet,student_reply_present;attempt_or_answer,deterministic_regex_v1
BC-HNMU-G9-R0144-STT3-AI02,HNMU-G9-R0144-STT3,9,11a. Sử dụng hàm Sumif,"Mục 1, Trang 4 SGK",Biết,false,0,0,2,first_tutor_turn,spreadsheet,initial_request,deterministic_regex_v1
BC-HNMU-G9-R0144-STT3-AI04,HNMU-G9-R0144-STT3,9,11a. Sử dụng hàm Sumif,"Mục 1, Trang 4 SGK",Biết,true,2,2,4,early_followup,spreadsheet,student_reply_present;student_question,deterministic_regex_v1
BC-HNMU-G9-R0145-STT4-AI02,HNMU-G9-R0145-STT4,9,11a. Sử dụng hàm Sumif,"Mục 1, Trang 46 SGK",Biết,false,0,0,2,first_tutor_turn,spreadsheet,initial_request,deterministic_regex_v1
BC-HNMU-G9-R0145-STT4-AI04,HNMU-G9-R0145-STT4,9,11a. Sử dụng hàm Sumif,"Mục 1, Trang 46 SGK",Biết,true,2,2,4,early_followup,spreadsheet,student_reply_present;student_question,deterministic_regex_v1
BC-HNMU-G9-R0146-STT5-AI02,HNMU-G9-R0146-STT5,9,11a. Sử dụng hàm Sumif,"Mục 1, Trang 4 SGK",Hiểu,false,0,0,2,first_tutor_turn,spreadsheet,initial_request,deterministic_regex_v1
BC-HNMU-G9-R0146-STT5-AI04,HNMU-G9-R0146-STT5,9,11a. Sử dụng hàm Sumif,"Mục 1, Trang 4 SGK",Hiểu,true,2,2,4,early_followup,spreadsheet,student_reply_present;short_confirmation,deterministic_regex_v1
BC-HNMU-G9-R0146-STT5-AI06,HNMU-G9-R0146-STT5,9,11a. Sử dụng hàm Sumif,"Mục 1, Trang 4 SGK",Hiểu,true,4,4-6,6,early_followup,spreadsheet,student_reply_present;attempt_or_answer,deterministic_regex_v1
BC-HNMU-G9-R0147-STT6-AI02,HNMU-G9-R0147-STT6,9,11a. Sử dụng hàm Sumif,"Mục 1, Trang 46 SGK",Hiểu,false,0,0,2,first_tutor_turn,spreadsheet,initial_request,deterministic_regex_v1
BC-HNMU-G9-R0147-STT6-AI04,HNMU-G9-R0147-STT6,9,11a. Sử dụng hàm Sumif,"Mục 1, Trang 46 SGK",Hiểu,true,2,2,4,early_followup,spreadsheet,student_reply_present;attempt_or_answer,deterministic_regex_v1
BC-HNMU-G9-R0147-STT6-AI06,HNMU-G9-R0147-STT6,9,11a. Sử dụng hàm Sumif,"Mục 1, Trang 46 SGK",Hiểu,true,4,4-6,6,early_followup,spreadsheet,student_reply_present;student_question,deterministic_regex_v1
BC-HNMU-G9-R0148-STT7-AI02,HNMU-G9-R0148-STT7,9,11a. Sử dụng hàm Sumif,"Hình 11a.2, Trang 45 SGK",Hiểu,false,0,0,2,first_tutor_turn,spreadsheet,initial_request,deterministic_regex_v1
BC-HNMU-G9-R0148-STT7-AI04,HNMU-G9-R0148-STT7,9,11a. Sử dụng hàm Sumif,"Hình 11a.2, Trang 45 SGK",Hiểu,true,2,2,4,early_followup,spreadsheet,student_reply_present;attempt_or_answer,deterministic_regex_v1
BC-HNMU-G9-R0149-STT8-AI02,HNMU-G9-R0149-STT8,9,11a. Sử dụng hàm Sumif,"Hình 11a.1, Trang 46 SGK",Hiểu,false,0,0,2,first_tutor_turn,spreadsheet,initial_request,deterministic_regex_v1
BC-HNMU-G9-R0149-STT8-AI04,HNMU-G9-R0149-STT8,9,11a. Sử dụng hàm Sumif,"Hình 11a.1, Trang 46 SGK",Hiểu,true,2,2,4,early_followup,spreadsheet,student_reply_present;attempt_or_answer,deterministic_regex_v1
BC-HNMU-G9-R0150-STT9-AI02,HNMU-G9-R0150-STT9,9,11a. Sử dụng hàm Sumif,"Mục 2.a, Trang 47 SGK",Hiểu,false,0,0,2,first_tutor_turn,spreadsheet,initial_request,deterministic_regex_v1
BC-HNMU-G9-R0150-STT9-AI04,HNMU-G9-R0150-STT9,9,11a. Sử dụng hàm Sumif,"Mục 2.a, Trang 47 SGK",Hiểu,true,2,2,4,early_followup,spreadsheet,student_reply_present;attempt_or_answer,deterministic_regex_v1
BC-HNMU-G9-R0150-STT9-AI06,HNMU-G9-R0150-STT9,9,11a. Sử dụng hàm Sumif,"Mục 2.a, Trang 47 SGK",Hiểu,true,4,4-6,6,early_followup,spreadsheet,student_reply_present;attempt_or_answer,deterministic_regex_v1
BC-HNMU-G9-R0151-STT10-AI02,HNMU-G9-R0151-STT10,9,11a. Sử dụng hàm Sumif,"Mục 1, Trang 4 SGK",Hiểu,false,0,0,2,first_tutor_turn,spreadsheet,initial_request,deterministic_regex_v1
BC-HNMU-G9-R0151-STT10-AI04,HNMU-G9-R0151-STT10,9,11a. Sử dụng hàm Sumif,"Mục 1, Trang 4 SGK",Hiểu,true,2,2,4,early_followup,spreadsheet,student_reply_present;attempt_or_answer,deterministic_regex_v1
BC-HNMU-G9-R0152-STT11-AI02,HNMU-G9-R0152-STT11,9,11a. Sử dụng hàm Sumif,"Thực hành, Trang 47 SGK",Vận dụng,false,0,0,2,first_tutor_turn,spreadsheet,initial_request,deterministic_regex_v1
BC-HNMU-G9-R0152-STT11-AI04,HNMU-G9-R0152-STT11,9,11a. Sử dụng hàm Sumif,"Thực hành, Trang 47 SGK",Vận dụng,true,2,2,4,early_followup,spreadsheet,student_reply_present;attempt_or_answer,deterministic_regex_v1
BC-HNMU-G9-R0152-STT11-AI06,HNMU-G9-R0152-STT11,9,11a. Sử dụng hàm Sumif,"Thực hành, Trang 47 SGK",Vận dụng,true,4,4-6,6,early_followup,spreadsheet,student_reply_present;attempt_or_answer,deterministic_regex_v1
BC-HNMU-G9-R0153-STT12-AI02,HNMU-G9-R0153-STT12,9,11a. Sử dụng hàm Sumif,"Thực hành, Trang 47 SGK",Vận dụng,false,0,0,2,first_tutor_turn,spreadsheet,initial_request,deterministic_regex_v1
BC-HNMU-G9-R0153-STT12-AI04,HNMU-G9-R0153-STT12,9,11a. Sử dụng hàm Sumif,"Thực hành, Trang 47 SGK",Vận dụng,true,2,2,4,early_followup,spreadsheet,student_reply_present;attempt_or_answer,deterministic_regex_v1
BC-HNMU-G9-R0154-STT13-AI02,HNMU-G9-R0154-STT13,9,11a. Sử dụng hàm Sumif,"Thực hành, Trang 47 SGK",Vận dụng,false,0,0,2,first_tutor_turn,spreadsheet,initial_request,deterministic_regex_v1
BC-HNMU-G9-R0154-STT13-AI04,HNMU-G9-R0154-STT13,9,11a. Sử dụng hàm Sumif,"Thực hành, Trang 47 SGK",Vận dụng,true,2,2,4,early_followup,spreadsheet,student_reply_present;attempt_or_answer,deterministic_regex_v1
BC-HNMU-G9-R0155-STT14-AI02,HNMU-G9-R0155-STT14,9,11a. Sử dụng hàm Sumif,"Vận dụng, Trang 47 SGK",Vận dụng,false,0,0,2,first_tutor_turn,spreadsheet,initial_request,deterministic_regex_v1
BC-HNMU-G9-R0155-STT14-AI04,HNMU-G9-R0155-STT14,9,11a. Sử dụng hàm Sumif,"Vận dụng, Trang 47 SGK",Vận dụng,true,2,2,4,early_followup,spreadsheet,student_reply_present;student_question,deterministic_regex_v1
BC-HNMU-G9-R0155-STT14-AI06,HNMU-G9-R0155-STT14,9,11a. Sử dụng hàm Sumif,"Vận dụng, Trang 47 SGK",Vận dụng,true,4,4-6,6,early_followup,spreadsheet,student_reply_present;attempt_or_answer,deterministic_regex_v1
BC-HNMU-G9-R0184-STT1-AI02,HNMU-G9-R0184-STT1,9,[9b]: Các chức năng chính của phần mềm làm Video,Mục 1 (Tr. 55),Biết,false,0,0,2,first_tutor_turn,multimedia_presentation,initial_request,deterministic_regex_v1
BC-HNMU-G9-R0184-STT1-AI04,HNMU-G9-R0184-STT1,9,[9b]: Các chức năng chính của phần mềm làm Video,Mục 1 (Tr. 55),Biết,true,2,2,4,early_followup,multimedia_presentation,student_reply_present;short_confirmation,deterministic_regex_v1
BC-HNMU-G9-R0184-STT1-AI06,HNMU-G9-R0184-STT1,9,[9b]: Các chức năng chính của phần mềm làm Video,Mục 1 (Tr. 55),Biết,true,4,4-6,6,early_followup,multimedia_presentation,student_reply_present;attempt_or_answer,deterministic_regex_v1
BC-HNMU-G9-R0184-STT1-AI08,HNMU-G9-R0184-STT1,9,[9b]: Các chức năng chính của phần mềm làm Video,Mục 1 (Tr. 55),Biết,true,6,4-6,8,later_followup,multimedia_presentation,student_reply_present;attempt_or_answer,deterministic_regex_v1
BC-HNMU-G9-R0184-STT1-AI10,HNMU-G9-R0184-STT1,9,[9b]: Các chức năng chính của phần mềm làm Video,Mục 1 (Tr. 55),Biết,true,8,8+,10,later_followup,multimedia_presentation,student_reply_present;attempt_or_answer,deterministic_regex_v1
BC-HNMU-G9-R0185-STT2-AI02,HNMU-G9-R0185-STT2,9,[9b]: Các chức năng chính của phần mềm làm Video,Câu hỏi Mục 2 (Tr. 57),Biết,false,0,0,2,first_tutor_turn,multimedia_presentation,initial_request,deterministic_regex_v1
BC-HNMU-G9-R0185-STT2-AI04,HNMU-G9-R0185-STT2,9,[9b]: Các chức năng chính của phần mềm làm Video,Câu hỏi Mục 2 (Tr. 57),Biết,true,2,2,4,early_followup,multimedia_presentation,student_reply_present;short_confirmation,deterministic_regex_v1
BC-HNMU-G9-R0185-STT2-AI06,HNMU-G9-R0185-STT2,9,[9b]: Các chức năng chính của phần mềm làm Video,Câu hỏi Mục 2 (Tr. 57),Biết,true,4,4-6,6,early_followup,multimedia_presentation,student_reply_present;short_confirmation,deterministic_regex_v1
BC-HNMU-G9-R0185-STT2-AI08,HNMU-G9-R0185-STT2,9,[9b]: Các chức năng chính của phần mềm làm Video,Câu hỏi Mục 2 (Tr. 57),Biết,true,6,4-6,8,later_followup,multimedia_presentation,student_reply_present;attempt_or_answer,deterministic_regex_v1
BC-HNMU-G9-R0185-STT2-AI10,HNMU-G9-R0185-STT2,9,[9b]: Các chức năng chính của phần mềm làm Video,Câu hỏi Mục 2 (Tr. 57),Biết,true,8,8+,10,later_followup,multimedia_presentation,student_reply_present;attempt_or_answer,deterministic_regex_v1
BC-HNMU-G9-R0186-STT3-AI02,HNMU-G9-R0186-STT3,9,[9b]: Các chức năng chính của phần mềm làm Video,Mục 3a (Tr. 57),Biết,false,0,0,2,first_tutor_turn,multimedia_presentation,initial_request,deterministic_regex_v1
BC-HNMU-G9-R0186-STT3-AI04,HNMU-G9-R0186-STT3,9,[9b]: Các chức năng chính của phần mềm làm Video,Mục 3a (Tr. 57),Biết,true,2,2,4,early_followup,multimedia_presentation,student_reply_present;attempt_or_answer,deterministic_regex_v1
BC-HNMU-G9-R0186-STT3-AI06,HNMU-G9-R0186-STT3,9,[9b]: Các chức năng chính của phần mềm làm Video,Mục 3a (Tr. 57),Biết,true,4,4-6,6,early_followup,multimedia_presentation,student_reply_present;attempt_or_answer,deterministic_regex_v1
BC-HNMU-G9-R0186-STT3-AI08,HNMU-G9-R0186-STT3,9,[9b]: Các chức năng chính của phần mềm làm Video,Mục 3a (Tr. 57),Biết,true,6,4-6,8,later_followup,multimedia_presentation,student_reply_present;attempt_or_answer,deterministic_regex_v1
BC-HNMU-G9-R0187-STT4-AI02,HNMU-G9-R0187-STT4,9,[9b]: Các chức năng chính của phần mềm làm Video,Mục 3b (Tr. 58),Biết,false,0,0,2,first_tutor_turn,multimedia_presentation,initial_request,deterministic_regex_v1
BC-HNMU-G9-R0187-STT4-AI04,HNMU-G9-R0187-STT4,9,[9b]: Các chức năng chính của phần mềm làm Video,Mục 3b (Tr. 58),Biết,true,2,2,4,early_followup,multimedia_presentation,student_reply_present;attempt_or_answer,deterministic_regex_v1
BC-HNMU-G9-R0187-STT4-AI06,HNMU-G9-R0187-STT4,9,[9b]: Các chức năng chính của phần mềm làm Video,Mục 3b (Tr. 58),Biết,true,4,4-6,6,early_followup,multimedia_presentation,student_reply_present;attempt_or_answer,deterministic_regex_v1
BC-HNMU-G9-R0187-STT4-AI08,HNMU-G9-R0187-STT4,9,[9b]: Các chức năng chính của phần mềm làm Video,Mục 3b (Tr. 58),Biết,true,6,4-6,8,later_followup,multimedia_presentation,student_reply_present;student_question,deterministic_regex_v1
BC-HNMU-G9-R0188-STT5-AI02,HNMU-G9-R0188-STT5,9,[9b]: Các chức năng chính của phần mềm làm Video,HĐ 1 (Tr. 55),Hiểu,false,0,0,2,first_tutor_turn,multimedia_presentation,initial_request,deterministic_regex_v1
BC-HNMU-G9-R0188-STT5-AI04,HNMU-G9-R0188-STT5,9,[9b]: Các chức năng chính của phần mềm làm Video,HĐ 1 (Tr. 55),Hiểu,true,2,2,4,early_followup,multimedia_presentation,student_reply_present;attempt_or_answer,deterministic_regex_v1
BC-HNMU-G9-R0188-STT5-AI06,HNMU-G9-R0188-STT5,9,[9b]: Các chức năng chính của phần mềm làm Video,HĐ 1 (Tr. 55),Hiểu,true,4,4-6,6,early_followup,multimedia_presentation,student_reply_present;attempt_or_answer,deterministic_regex_v1
BC-HNMU-G9-R0188-STT5-AI08,HNMU-G9-R0188-STT5,9,[9b]: Các chức năng chính của phần mềm làm Video,HĐ 1 (Tr. 55),Hiểu,true,6,4-6,8,later_followup,multimedia_presentation,student_reply_present;attempt_or_answer,deterministic_regex_v1
BC-HNMU-G9-R0189-STT6-AI02,HNMU-G9-R0189-STT6,9,[9b]: Các chức năng chính của phần mềm làm Video,"Mục 3b, c (Tr. 58)",Hiểu,false,0,0,2,first_tutor_turn,algorithm,initial_request,deterministic_regex_v1
BC-HNMU-G9-R0189-STT6-AI04,HNMU-G9-R0189-STT6,9,[9b]: Các chức năng chính của phần mềm làm Video,"Mục 3b, c (Tr. 58)",Hiểu,true,2,2,4,early_followup,algorithm,student_reply_present;attempt_or_answer,deterministic_regex_v1
BC-HNMU-G9-R0189-STT6-AI06,HNMU-G9-R0189-STT6,9,[9b]: Các chức năng chính của phần mềm làm Video,"Mục 3b, c (Tr. 58)",Hiểu,true,4,4-6,6,early_followup,algorithm,student_reply_present;student_question,deterministic_regex_v1
BC-HNMU-G9-R0189-STT6-AI08,HNMU-G9-R0189-STT6,9,[9b]: Các chức năng chính của phần mềm làm Video,"Mục 3b, c (Tr. 58)",Hiểu,true,6,4-6,8,later_followup,algorithm,student_reply_present;attempt_or_answer,deterministic_regex_v1
BC-HNMU-G9-R0190-STT7-AI02,HNMU-G9-R0190-STT7,9,[9b]: Các chức năng chính của phần mềm làm Video,Mục 3c (Tr. 58),Hiểu,false,0,0,2,first_tutor_turn,multimedia_presentation,initial_request,deterministic_regex_v1
BC-HNMU-G9-R0190-STT7-AI04,HNMU-G9-R0190-STT7,9,[9b]: Các chức năng chính của phần mềm làm Video,Mục 3c (Tr. 58),Hiểu,true,2,2,4,early_followup,multimedia_presentation,student_reply_present;attempt_or_answer,deterministic_regex_v1
BC-HNMU-G9-R0190-STT7-AI06,HNMU-G9-R0190-STT7,9,[9b]: Các chức năng chính của phần mềm làm Video,Mục 3c (Tr. 58),Hiểu,true,4,4-6,6,early_followup,multimedia_presentation,student_reply_present;attempt_or_answer,deterministic_regex_v1
BC-HNMU-G9-R0190-STT7-AI08,HNMU-G9-R0190-STT7,9,[9b]: Các chức năng chính của phần mềm làm Video,Mục 3c (Tr. 58),Hiểu,true,6,4-6,8,later_followup,multimedia_presentation,student_reply_present;student_question,deterministic_regex_v1
BC-HNMU-G9-R0192-STT9-AI02,HNMU-G9-R0192-STT9,9,[9b]: Các chức năng chính của phần mềm làm Video,Mục 3c (Tr. 58),Hiểu,false,0,0,2,first_tutor_turn,multimedia_presentation,initial_request,deterministic_regex_v1
BC-HNMU-G9-R0192-STT9-AI04,HNMU-G9-R0192-STT9,9,[9b]: Các chức năng chính của phần mềm làm Video,Mục 3c (Tr. 58),Hiểu,true,2,2,4,early_followup,multimedia_presentation,student_reply_present;attempt_or_answer,deterministic_regex_v1
BC-HNMU-G9-R0192-STT9-AI06,HNMU-G9-R0192-STT9,9,[9b]: Các chức năng chính của phần mềm làm Video,Mục 3c (Tr. 58),Hiểu,true,4,4-6,6,early_followup,multimedia_presentation,student_reply_present;attempt_or_answer,deterministic_regex_v1
BC-HNMU-G9-R0192-STT9-AI08,HNMU-G9-R0192-STT9,9,[9b]: Các chức năng chính của phần mềm làm Video,Mục 3c (Tr. 58),Hiểu,true,6,4-6,8,later_followup,multimedia_presentation,student_reply_present;attempt_or_answer,deterministic_regex_v1
BC-HNMU-G9-R0193-STT10-AI02,HNMU-G9-R0193-STT10,9,[9b]: Các chức năng chính của phần mềm làm Video,Sinh thêm (Tr. 57),Hiểu,false,0,0,2,first_tutor_turn,multimedia_presentation,initial_request,deterministic_regex_v1
BC-HNMU-G9-R0193-STT10-AI04,HNMU-G9-R0193-STT10,9,[9b]: Các chức năng chính của phần mềm làm Video,Sinh thêm (Tr. 57),Hiểu,true,2,2,4,early_followup,multimedia_presentation,student_reply_present;attempt_or_answer,deterministic_regex_v1
BC-HNMU-G9-R0193-STT10-AI06,HNMU-G9-R0193-STT10,9,[9b]: Các chức năng chính của phần mềm làm Video,Sinh thêm (Tr. 57),Hiểu,true,4,4-6,6,early_followup,multimedia_presentation,student_reply_present;attempt_or_answer,deterministic_regex_v1
BC-HNMU-G9-R0193-STT10-AI08,HNMU-G9-R0193-STT10,9,[9b]: Các chức năng chính của phần mềm làm Video,Sinh thêm (Tr. 57),Hiểu,true,6,4-6,8,later_followup,multimedia_presentation,student_reply_present;attempt_or_answer,deterministic_regex_v1
BC-HNMU-G9-R0194-STT11-AI02,HNMU-G9-R0194-STT11,9,[9b]: Các chức năng chính của phần mềm làm Video,Luyện tập (Tr. 59),Vận dụng,false,0,0,2,first_tutor_turn,multimedia_presentation,initial_request,deterministic_regex_v1
BC-HNMU-G9-R0194-STT11-AI04,HNMU-G9-R0194-STT11,9,[9b]: Các chức năng chính của phần mềm làm Video,Luyện tập (Tr. 59),Vận dụng,true,2,2,4,early_followup,multimedia_presentation,student_reply_present;attempt_or_answer,deterministic_regex_v1
BC-HNMU-G9-R0194-STT11-AI06,HNMU-G9-R0194-STT11,9,[9b]: Các chức năng chính của phần mềm làm Video,Luyện tập (Tr. 59),Vận dụng,true,4,4-6,6,early_followup,multimedia_presentation,student_reply_present;attempt_or_answer,deterministic_regex_v1
BC-HNMU-G9-R0194-STT11-AI08,HNMU-G9-R0194-STT11,9,[9b]: Các chức năng chính của phần mềm làm Video,Luyện tập (Tr. 59),Vận dụng,true,6,4-6,8,later_followup,multimedia_presentation,student_reply_present;student_question,deterministic_regex_v1
BC-HNMU-G9-R0194-STT11-AI10,HNMU-G9-R0194-STT11,9,[9b]: Các chức năng chính của phần mềm làm Video,Luyện tập (Tr. 59),Vận dụng,true,8,8+,10,later_followup,multimedia_presentation,student_reply_present;attempt_or_answer,deterministic_regex_v1
BC-HNMU-G9-R0195-STT12-AI02,HNMU-G9-R0195-STT12,9,[9b]: Các chức năng chính của phần mềm làm Video,Luyện tập (Tr. 59),Vận dụng,false,0,0,2,first_tutor_turn,multimedia_presentation,initial_request,deterministic_regex_v1
BC-HNMU-G9-R0195-STT12-AI04,HNMU-G9-R0195-STT12,9,[9b]: Các chức năng chính của phần mềm làm Video,Luyện tập (Tr. 59),Vận dụng,true,2,2,4,early_followup,multimedia_presentation,student_reply_present;student_question,deterministic_regex_v1
BC-HNMU-G9-R0195-STT12-AI06,HNMU-G9-R0195-STT12,9,[9b]: Các chức năng chính của phần mềm làm Video,Luyện tập (Tr. 59),Vận dụng,true,4,4-6,6,early_followup,multimedia_presentation,student_reply_present;attempt_or_answer,deterministic_regex_v1
BC-HNMU-G9-R0195-STT12-AI08,HNMU-G9-R0195-STT12,9,[9b]: Các chức năng chính của phần mềm làm Video,Luyện tập (Tr. 59),Vận dụng,true,6,4-6,8,later_followup,multimedia_presentation,student_reply_present;attempt_or_answer,deterministic_regex_v1
BC-HNMU-G9-R0196-STT13-AI02,HNMU-G9-R0196-STT13,9,[9b]: Các chức năng chính của phần mềm làm Video,Vận dụng (Tr. 59),Vận dụng,false,0,0,2,first_tutor_turn,algorithm,initial_request,deterministic_regex_v1
BC-HNMU-G9-R0196-STT13-AI04,HNMU-G9-R0196-STT13,9,[9b]: Các chức năng chính của phần mềm làm Video,Vận dụng (Tr. 59),Vận dụng,true,2,2,4,early_followup,algorithm,student_reply_present;attempt_or_answer,deterministic_regex_v1
BC-HNMU-G9-R0196-STT13-AI06,HNMU-G9-R0196-STT13,9,[9b]: Các chức năng chính của phần mềm làm Video,Vận dụng (Tr. 59),Vận dụng,true,4,4-6,6,early_followup,algorithm,student_reply_present;attempt_or_answer,deterministic_regex_v1
BC-HNMU-G9-R0196-STT13-AI08,HNMU-G9-R0196-STT13,9,[9b]: Các chức năng chính của phần mềm làm Video,Vận dụng (Tr. 59),Vận dụng,true,6,4-6,8,later_followup,algorithm,student_reply_present;student_question,deterministic_regex_v1
BC-HNMU-G9-R0196-STT13-AI10,HNMU-G9-R0196-STT13,9,[9b]: Các chức năng chính của phần mềm làm Video,Vận dụng (Tr. 59),Vận dụng,true,8,8+,10,later_followup,algorithm,student_reply_present;attempt_or_answer,deterministic_regex_v1
BC-HNMU-G9-R0197-STT14-AI02,HNMU-G9-R0197-STT14,9,[9b]: Các chức năng chính của phần mềm làm Video,Vận dụng (Tr. 59),Vận dụng,false,0,0,2,first_tutor_turn,multimedia_presentation,initial_request,deterministic_regex_v1
BC-HNMU-G9-R0197-STT14-AI04,HNMU-G9-R0197-STT14,9,[9b]: Các chức năng chính của phần mềm làm Video,Vận dụng (Tr. 59),Vận dụng,true,2,2,4,early_followup,multimedia_presentation,student_reply_present;attempt_or_answer,deterministic_regex_v1
BC-HNMU-G9-R0197-STT14-AI06,HNMU-G9-R0197-STT14,9,[9b]: Các chức năng chính của phần mềm làm Video,Vận dụng (Tr. 59),Vận dụng,true,4,4-6,6,early_followup,multimedia_presentation,student_reply_present;student_question,deterministic_regex_v1
BC-HNMU-G9-R0197-STT14-AI08,HNMU-G9-R0197-STT14,9,[9b]: Các chức năng chính của phần mềm làm Video,Vận dụng (Tr. 59),Vận dụng,true,6,4-6,8,later_followup,multimedia_presentation,student_reply_present;attempt_or_answer,deterministic_regex_v1
BC-HNMU-G9-R0197-STT14-AI10,HNMU-G9-R0197-STT14,9,[9b]: Các chức năng chính của phần mềm làm Video,Vận dụng (Tr. 59),Vận dụng,true,8,8+,10,later_followup,multimedia_presentation,student_reply_present;attempt_or_answer,deterministic_regex_v1
BC-HNMU-G9-R0198-STT1-AI02,HNMU-G9-R0198-STT1,9,[10b]: Chuẩn bị dữ liệu và dựng video,Mục 1 (Tr. 60),Biết,false,0,0,2,first_tutor_turn,multimedia_presentation,initial_request,deterministic_regex_v1
BC-HNMU-G9-R0198-STT1-AI04,HNMU-G9-R0198-STT1,9,[10b]: Chuẩn bị dữ liệu và dựng video,Mục 1 (Tr. 60),Biết,true,2,2,4,early_followup,multimedia_presentation,student_reply_present;attempt_or_answer,deterministic_regex_v1
BC-HNMU-G9-R0198-STT1-AI06,HNMU-G9-R0198-STT1,9,[10b]: Chuẩn bị dữ liệu và dựng video,Mục 1 (Tr. 60),Biết,true,4,4-6,6,early_followup,multimedia_presentation,student_reply_present;student_question,deterministic_regex_v1
BC-HNMU-G9-R0198-STT1-AI08,HNMU-G9-R0198-STT1,9,[10b]: Chuẩn bị dữ liệu và dựng video,Mục 1 (Tr. 60),Biết,true,6,4-6,8,later_followup,multimedia_presentation,student_reply_present;attempt_or_answer,deterministic_regex_v1
BC-HNMU-G9-R0198-STT1-AI10,HNMU-G9-R0198-STT1,9,[10b]: Chuẩn bị dữ liệu và dựng video,Mục 1 (Tr. 60),Biết,true,8,8+,10,later_followup,multimedia_presentation,student_reply_present;attempt_or_answer,deterministic_regex_v1
BC-HNMU-G9-R0198-STT1-AI12,HNMU-G9-R0198-STT1,9,[10b]: Chuẩn bị dữ liệu và dựng video,Mục 1 (Tr. 60),Biết,true,10,8+,12,later_followup,multimedia_presentation,student_reply_present;attempt_or_answer,deterministic_regex_v1
BC-HNMU-G9-R0199-STT2-AI02,HNMU-G9-R0199-STT2,9,[10b]: Chuẩn bị dữ liệu và dựng video,Mục 1 (Tr. 60),Biết,false,0,0,2,first_tutor_turn,multimedia_presentation,initial_request,deterministic_regex_v1
BC-HNMU-G9-R0199-STT2-AI04,HNMU-G9-R0199-STT2,9,[10b]: Chuẩn bị dữ liệu và dựng video,Mục 1 (Tr. 60),Biết,true,2,2,4,early_followup,multimedia_presentation,student_reply_present;attempt_or_answer,deterministic_regex_v1
BC-HNMU-G9-R0199-STT2-AI06,HNMU-G9-R0199-STT2,9,[10b]: Chuẩn bị dữ liệu và dựng video,Mục 1 (Tr. 60),Biết,true,4,4-6,6,early_followup,multimedia_presentation,student_reply_present;attempt_or_answer,deterministic_regex_v1
BC-HNMU-G9-R0199-STT2-AI08,HNMU-G9-R0199-STT2,9,[10b]: Chuẩn bị dữ liệu và dựng video,Mục 1 (Tr. 60),Biết,true,6,4-6,8,later_followup,multimedia_presentation,student_reply_present;attempt_or_answer,deterministic_regex_v1
BC-HNMU-G9-R0199-STT2-AI10,HNMU-G9-R0199-STT2,9,[10b]: Chuẩn bị dữ liệu và dựng video,Mục 1 (Tr. 60),Biết,true,8,8+,10,later_followup,multimedia_presentation,student_reply_present;attempt_or_answer,deterministic_regex_v1
BC-HNMU-G9-R0200-STT3-AI02,HNMU-G9-R0200-STT3,9,[10b]: Chuẩn bị dữ liệu và dựng video,Mục 2a (Tr. 61),Biết,false,0,0,2,first_tutor_turn,multimedia_presentation,initial_request,deterministic_regex_v1
BC-HNMU-G9-R0200-STT3-AI04,HNMU-G9-R0200-STT3,9,[10b]: Chuẩn bị dữ liệu và dựng video,Mục 2a (Tr. 61),Biết,true,2,2,4,early_followup,multimedia_presentation,student_reply_present;attempt_or_answer,deterministic_regex_v1
BC-HNMU-G9-R0200-STT3-AI06,HNMU-G9-R0200-STT3,9,[10b]: Chuẩn bị dữ liệu và dựng video,Mục 2a (Tr. 61),Biết,true,4,4-6,6,early_followup,multimedia_presentation,student_reply_present;attempt_or_answer,deterministic_regex_v1
BC-HNMU-G9-R0200-STT3-AI08,HNMU-G9-R0200-STT3,9,[10b]: Chuẩn bị dữ liệu và dựng video,Mục 2a (Tr. 61),Biết,true,6,4-6,8,later_followup,multimedia_presentation,student_reply_present;attempt_or_answer,deterministic_regex_v1
BC-HNMU-G9-R0201-STT4-AI02,HNMU-G9-R0201-STT4,9,[10b]: Chuẩn bị dữ liệu và dựng video,Mục 2b (Tr. 62),Biết,false,0,0,2,first_tutor_turn,multimedia_presentation,initial_request,deterministic_regex_v1
BC-HNMU-G9-R0201-STT4-AI04,HNMU-G9-R0201-STT4,9,[10b]: Chuẩn bị dữ liệu và dựng video,Mục 2b (Tr. 62),Biết,true,2,2,4,early_followup,multimedia_presentation,student_reply_present;attempt_or_answer,deterministic_regex_v1
BC-HNMU-G9-R0201-STT4-AI06,HNMU-G9-R0201-STT4,9,[10b]: Chuẩn bị dữ liệu và dựng video,Mục 2b (Tr. 62),Biết,true,4,4-6,6,early_followup,multimedia_presentation,student_reply_present;student_question,deterministic_regex_v1
BC-HNMU-G9-R0201-STT4-AI08,HNMU-G9-R0201-STT4,9,[10b]: Chuẩn bị dữ liệu và dựng video,Mục 2b (Tr. 62),Biết,true,6,4-6,8,later_followup,multimedia_presentation,student_reply_present;attempt_or_answer,deterministic_regex_v1
BC-HNMU-G9-R0202-STT5-AI02,HNMU-G9-R0202-STT5,9,[10b]: Chuẩn bị dữ liệu và dựng video,Mục 1 (Tr. 60),Hiểu,false,0,0,2,first_tutor_turn,multimedia_presentation,initial_request,deterministic_regex_v1
BC-HNMU-G9-R0202-STT5-AI04,HNMU-G9-R0202-STT5,9,[10b]: Chuẩn bị dữ liệu và dựng video,Mục 1 (Tr. 60),Hiểu,true,2,2,4,early_followup,multimedia_presentation,student_reply_present;attempt_or_answer,deterministic_regex_v1
BC-HNMU-G9-R0202-STT5-AI06,HNMU-G9-R0202-STT5,9,[10b]: Chuẩn bị dữ liệu và dựng video,Mục 1 (Tr. 60),Hiểu,true,4,4-6,6,early_followup,multimedia_presentation,student_reply_present;explicit_uncertainty,deterministic_regex_v1
BC-HNMU-G9-R0202-STT5-AI08,HNMU-G9-R0202-STT5,9,[10b]: Chuẩn bị dữ liệu và dựng video,Mục 1 (Tr. 60),Hiểu,true,6,4-6,8,later_followup,multimedia_presentation,student_reply_present;attempt_or_answer,deterministic_regex_v1
BC-HNMU-G9-R0203-STT6-AI02,HNMU-G9-R0203-STT6,9,[10b]: Chuẩn bị dữ liệu và dựng video,Mục 1 (Tr. 60),Hiểu,false,0,0,2,first_tutor_turn,algorithm,initial_request,deterministic_regex_v1
BC-HNMU-G9-R0203-STT6-AI04,HNMU-G9-R0203-STT6,9,[10b]: Chuẩn bị dữ liệu và dựng video,Mục 1 (Tr. 60),Hiểu,true,2,2,4,early_followup,algorithm,student_reply_present;student_question,deterministic_regex_v1
BC-HNMU-G9-R0203-STT6-AI06,HNMU-G9-R0203-STT6,9,[10b]: Chuẩn bị dữ liệu và dựng video,Mục 1 (Tr. 60),Hiểu,true,4,4-6,6,early_followup,algorithm,student_reply_present;attempt_or_answer,deterministic_regex_v1
BC-HNMU-G9-R0203-STT6-AI08,HNMU-G9-R0203-STT6,9,[10b]: Chuẩn bị dữ liệu và dựng video,Mục 1 (Tr. 60),Hiểu,true,6,4-6,8,later_followup,algorithm,student_reply_present;attempt_or_answer,deterministic_regex_v1
BC-HNMU-G9-R0204-STT7-AI02,HNMU-G9-R0204-STT7,9,[10b]: Chuẩn bị dữ liệu và dựng video,Mục 2a (Tr. 61),Hiểu,false,0,0,2,first_tutor_turn,multimedia_presentation,initial_request,deterministic_regex_v1
BC-HNMU-G9-R0204-STT7-AI04,HNMU-G9-R0204-STT7,9,[10b]: Chuẩn bị dữ liệu và dựng video,Mục 2a (Tr. 61),Hiểu,true,2,2,4,early_followup,multimedia_presentation,student_reply_present;attempt_or_answer,deterministic_regex_v1
BC-HNMU-G9-R0204-STT7-AI06,HNMU-G9-R0204-STT7,9,[10b]: Chuẩn bị dữ liệu và dựng video,Mục 2a (Tr. 61),Hiểu,true,4,4-6,6,early_followup,multimedia_presentation,student_reply_present;attempt_or_answer,deterministic_regex_v1
BC-HNMU-G9-R0204-STT7-AI08,HNMU-G9-R0204-STT7,9,[10b]: Chuẩn bị dữ liệu và dựng video,Mục 2a (Tr. 61),Hiểu,true,6,4-6,8,later_followup,multimedia_presentation,student_reply_present;attempt_or_answer,deterministic_regex_v1
BC-HNMU-G9-R0205-STT8-AI02,HNMU-G9-R0205-STT8,9,[10b]: Chuẩn bị dữ liệu và dựng video,Mục 2b (Tr. 62),Hiểu,false,0,0,2,first_tutor_turn,multimedia_presentation,initial_request,deterministic_regex_v1
BC-HNMU-G9-R0205-STT8-AI04,HNMU-G9-R0205-STT8,9,[10b]: Chuẩn bị dữ liệu và dựng video,Mục 2b (Tr. 62),Hiểu,true,2,2,4,early_followup,multimedia_presentation,student_reply_present;attempt_or_answer,deterministic_regex_v1
BC-HNMU-G9-R0205-STT8-AI06,HNMU-G9-R0205-STT8,9,[10b]: Chuẩn bị dữ liệu và dựng video,Mục 2b (Tr. 62),Hiểu,true,4,4-6,6,early_followup,multimedia_presentation,student_reply_present;attempt_or_answer,deterministic_regex_v1
BC-HNMU-G9-R0205-STT8-AI08,HNMU-G9-R0205-STT8,9,[10b]: Chuẩn bị dữ liệu và dựng video,Mục 2b (Tr. 62),Hiểu,true,6,4-6,8,later_followup,multimedia_presentation,student_reply_present;attempt_or_answer,deterministic_regex_v1
BC-HNMU-G9-R0205-STT8-AI10,HNMU-G9-R0205-STT8,9,[10b]: Chuẩn bị dữ liệu và dựng video,Mục 2b (Tr. 62),Hiểu,true,8,8+,10,later_followup,multimedia_presentation,student_reply_present;attempt_or_answer,deterministic_regex_v1
BC-HNMU-G9-R0206-STT9-AI02,HNMU-G9-R0206-STT9,9,[10b]: Chuẩn bị dữ liệu và dựng video,Mục 2b (Tr. 62),Hiểu,false,0,0,2,first_tutor_turn,multimedia_presentation,initial_request,deterministic_regex_v1
BC-HNMU-G9-R0206-STT9-AI04,HNMU-G9-R0206-STT9,9,[10b]: Chuẩn bị dữ liệu và dựng video,Mục 2b (Tr. 62),Hiểu,true,2,2,4,early_followup,multimedia_presentation,student_reply_present;attempt_or_answer,deterministic_regex_v1
BC-HNMU-G9-R0206-STT9-AI06,HNMU-G9-R0206-STT9,9,[10b]: Chuẩn bị dữ liệu và dựng video,Mục 2b (Tr. 62),Hiểu,true,4,4-6,6,early_followup,multimedia_presentation,student_reply_present;attempt_or_answer,deterministic_regex_v1
BC-HNMU-G9-R0206-STT9-AI08,HNMU-G9-R0206-STT9,9,[10b]: Chuẩn bị dữ liệu và dựng video,Mục 2b (Tr. 62),Hiểu,true,6,4-6,8,later_followup,multimedia_presentation,student_reply_present;attempt_or_answer,deterministic_regex_v1
BC-HNMU-G9-R0206-STT9-AI10,HNMU-G9-R0206-STT9,9,[10b]: Chuẩn bị dữ liệu và dựng video,Mục 2b (Tr. 62),Hiểu,true,8,8+,10,later_followup,multimedia_presentation,student_reply_present;attempt_or_answer,deterministic_regex_v1
BC-HNMU-G9-R0206-STT9-AI12,HNMU-G9-R0206-STT9,9,[10b]: Chuẩn bị dữ liệu và dựng video,Mục 2b (Tr. 62),Hiểu,true,10,8+,12,later_followup,multimedia_presentation,student_reply_present;attempt_or_answer,deterministic_regex_v1
BC-HNMU-G9-R0207-STT10-AI02,HNMU-G9-R0207-STT10,9,[10b]: Chuẩn bị dữ liệu và dựng video,Câu hỏi (Tr. 61),Hiểu,false,0,0,2,first_tutor_turn,algorithm,initial_request,deterministic_regex_v1
BC-HNMU-G9-R0207-STT10-AI04,HNMU-G9-R0207-STT10,9,[10b]: Chuẩn bị dữ liệu và dựng video,Câu hỏi (Tr. 61),Hiểu,true,2,2,4,early_followup,algorithm,student_reply_present;attempt_or_answer,deterministic_regex_v1
BC-HNMU-G9-R0207-STT10-AI06,HNMU-G9-R0207-STT10,9,[10b]: Chuẩn bị dữ liệu và dựng video,Câu hỏi (Tr. 61),Hiểu,true,4,4-6,6,early_followup,algorithm,student_reply_present;attempt_or_answer,deterministic_regex_v1
BC-HNMU-G9-R0207-STT10-AI08,HNMU-G9-R0207-STT10,9,[10b]: Chuẩn bị dữ liệu và dựng video,Câu hỏi (Tr. 61),Hiểu,true,6,4-6,8,later_followup,algorithm,student_reply_present;attempt_or_answer,deterministic_regex_v1
BC-HNMU-G9-R0207-STT10-AI10,HNMU-G9-R0207-STT10,9,[10b]: Chuẩn bị dữ liệu và dựng video,Câu hỏi (Tr. 61),Hiểu,true,8,8+,10,later_followup,algorithm,student_reply_present;attempt_or_answer,deterministic_regex_v1
BC-HNMU-G9-R0207-STT10-AI12,HNMU-G9-R0207-STT10,9,[10b]: Chuẩn bị dữ liệu và dựng video,Câu hỏi (Tr. 61),Hiểu,true,10,8+,12,later_followup,algorithm,student_reply_present;attempt_or_answer,deterministic_regex_v1
BC-HNMU-G9-R0208-STT11-AI02,HNMU-G9-R0208-STT11,9,[10b]: Chuẩn bị dữ liệu và dựng video,Thực hành (Tr. 61),Vận dụng,false,0,0,2,first_tutor_turn,multimedia_presentation,initial_request,deterministic_regex_v1
BC-HNMU-G9-R0208-STT11-AI04,HNMU-G9-R0208-STT11,9,[10b]: Chuẩn bị dữ liệu và dựng video,Thực hành (Tr. 61),Vận dụng,true,2,2,4,early_followup,multimedia_presentation,student_reply_present;attempt_or_answer,deterministic_regex_v1
BC-HNMU-G9-R0208-STT11-AI06,HNMU-G9-R0208-STT11,9,[10b]: Chuẩn bị dữ liệu và dựng video,Thực hành (Tr. 61),Vận dụng,true,4,4-6,6,early_followup,multimedia_presentation,student_reply_present;attempt_or_answer,deterministic_regex_v1
BC-HNMU-G9-R0208-STT11-AI08,HNMU-G9-R0208-STT11,9,[10b]: Chuẩn bị dữ liệu và dựng video,Thực hành (Tr. 61),Vận dụng,true,6,4-6,8,later_followup,multimedia_presentation,student_reply_present;attempt_or_answer,deterministic_regex_v1
BC-HNMU-G9-R0209-STT12-AI02,HNMU-G9-R0209-STT12,9,[10b]: Chuẩn bị dữ liệu và dựng video,Thực hành (Tr. 61),Vận dụng,false,0,0,2,first_tutor_turn,multimedia_presentation,initial_request,deterministic_regex_v1
BC-HNMU-G9-R0209-STT12-AI04,HNMU-G9-R0209-STT12,9,[10b]: Chuẩn bị dữ liệu và dựng video,Thực hành (Tr. 61),Vận dụng,true,2,2,4,early_followup,multimedia_presentation,student_reply_present;attempt_or_answer,deterministic_regex_v1
BC-HNMU-G9-R0209-STT12-AI06,HNMU-G9-R0209-STT12,9,[10b]: Chuẩn bị dữ liệu và dựng video,Thực hành (Tr. 61),Vận dụng,true,4,4-6,6,early_followup,multimedia_presentation,student_reply_present;attempt_or_answer,deterministic_regex_v1
BC-HNMU-G9-R0209-STT12-AI08,HNMU-G9-R0209-STT12,9,[10b]: Chuẩn bị dữ liệu và dựng video,Thực hành (Tr. 61),Vận dụng,true,6,4-6,8,later_followup,multimedia_presentation,student_reply_present;attempt_or_answer,deterministic_regex_v1
BC-HNMU-G9-R0209-STT12-AI10,HNMU-G9-R0209-STT12,9,[10b]: Chuẩn bị dữ liệu và dựng video,Thực hành (Tr. 61),Vận dụng,true,8,8+,10,later_followup,multimedia_presentation,student_reply_present;attempt_or_answer,deterministic_regex_v1
BC-HNMU-G9-R0210-STT13-AI02,HNMU-G9-R0210-STT13,9,[10b]: Chuẩn bị dữ liệu và dựng video,Thực hành (Tr. 62),Vận dụng,false,0,0,2,first_tutor_turn,multimedia_presentation,initial_request,deterministic_regex_v1
BC-HNMU-G9-R0210-STT13-AI04,HNMU-G9-R0210-STT13,9,[10b]: Chuẩn bị dữ liệu và dựng video,Thực hành (Tr. 62),Vận dụng,true,2,2,4,early_followup,multimedia_presentation,student_reply_present;attempt_or_answer,deterministic_regex_v1
BC-HNMU-G9-R0210-STT13-AI06,HNMU-G9-R0210-STT13,9,[10b]: Chuẩn bị dữ liệu và dựng video,Thực hành (Tr. 62),Vận dụng,true,4,4-6,6,early_followup,multimedia_presentation,student_reply_present;student_question,deterministic_regex_v1
BC-HNMU-G9-R0210-STT13-AI08,HNMU-G9-R0210-STT13,9,[10b]: Chuẩn bị dữ liệu và dựng video,Thực hành (Tr. 62),Vận dụng,true,6,4-6,8,later_followup,multimedia_presentation,student_reply_present;attempt_or_answer,deterministic_regex_v1
BC-HNMU-G9-R0210-STT13-AI10,HNMU-G9-R0210-STT13,9,[10b]: Chuẩn bị dữ liệu và dựng video,Thực hành (Tr. 62),Vận dụng,true,8,8+,10,later_followup,multimedia_presentation,student_reply_present;attempt_or_answer,deterministic_regex_v1
BC-HNMU-G9-R0211-STT14-AI02,HNMU-G9-R0211-STT14,9,[10b]: Chuẩn bị dữ liệu và dựng video,Thực hành (Tr. 62),Vận dụng,false,0,0,2,first_tutor_turn,multimedia_presentation,initial_request,deterministic_regex_v1
BC-HNMU-G9-R0211-STT14-AI04,HNMU-G9-R0211-STT14,9,[10b]: Chuẩn bị dữ liệu và dựng video,Thực hành (Tr. 62),Vận dụng,true,2,2,4,early_followup,multimedia_presentation,student_reply_present;attempt_or_answer,deterministic_regex_v1
BC-HNMU-G9-R0211-STT14-AI06,HNMU-G9-R0211-STT14,9,[10b]: Chuẩn bị dữ liệu và dựng video,Thực hành (Tr. 62),Vận dụng,true,4,4-6,6,early_followup,multimedia_presentation,student_reply_present;attempt_or_answer,deterministic_regex_v1
BC-HNMU-G9-R0211-STT14-AI08,HNMU-G9-R0211-STT14,9,[10b]: Chuẩn bị dữ liệu và dựng video,Thực hành (Tr. 62),Vận dụng,true,6,4-6,8,later_followup,multimedia_presentation,student_reply_present;attempt_or_answer,deterministic_regex_v1
BC-HNMU-G9-R0211-STT14-AI10,HNMU-G9-R0211-STT14,9,[10b]: Chuẩn bị dữ liệu và dựng video,Thực hành (Tr. 62),Vận dụng,true,8,8+,10,later_followup,multimedia_presentation,student_reply_present;attempt_or_answer,deterministic_regex_v1
BC-HNMU-G9-R0211-STT14-AI12,HNMU-G9-R0211-STT14,9,[10b]: Chuẩn bị dữ liệu và dựng video,Thực hành (Tr. 62),Vận dụng,true,10,8+,12,later_followup,multimedia_presentation,student_reply_present;attempt_or_answer,deterministic_regex_v1
BC-HNMU-G9-R0212-STT1-AI02,HNMU-G9-R0212-STT1,9,[11b]: Thực hành Dựng video theo kịch bản,Mục 1 (Tr. 65),Biết,false,0,0,2,first_tutor_turn,multimedia_presentation,initial_request,deterministic_regex_v1
BC-HNMU-G9-R0212-STT1-AI04,HNMU-G9-R0212-STT1,9,[11b]: Thực hành Dựng video theo kịch bản,Mục 1 (Tr. 65),Biết,true,2,2,4,early_followup,multimedia_presentation,student_reply_present;attempt_or_answer,deterministic_regex_v1
BC-HNMU-G9-R0212-STT1-AI06,HNMU-G9-R0212-STT1,9,[11b]: Thực hành Dựng video theo kịch bản,Mục 1 (Tr. 65),Biết,true,4,4-6,6,early_followup,multimedia_presentation,student_reply_present;attempt_or_answer,deterministic_regex_v1
BC-HNMU-G9-R0212-STT1-AI08,HNMU-G9-R0212-STT1,9,[11b]: Thực hành Dựng video theo kịch bản,Mục 1 (Tr. 65),Biết,true,6,4-6,8,later_followup,multimedia_presentation,student_reply_present;attempt_or_answer,deterministic_regex_v1
BC-HNMU-G9-R0213-STT2-AI02,HNMU-G9-R0213-STT2,9,[11b]: Thực hành Dựng video theo kịch bản,Mục 2 (Tr. 66),Biết,false,0,0,2,first_tutor_turn,multimedia_presentation,initial_request,deterministic_regex_v1
BC-HNMU-G9-R0213-STT2-AI04,HNMU-G9-R0213-STT2,9,[11b]: Thực hành Dựng video theo kịch bản,Mục 2 (Tr. 66),Biết,true,2,2,4,early_followup,multimedia_presentation,student_reply_present;attempt_or_answer,deterministic_regex_v1
BC-HNMU-G9-R0213-STT2-AI06,HNMU-G9-R0213-STT2,9,[11b]: Thực hành Dựng video theo kịch bản,Mục 2 (Tr. 66),Biết,true,4,4-6,6,early_followup,multimedia_presentation,student_reply_present;attempt_or_answer,deterministic_regex_v1
BC-HNMU-G9-R0213-STT2-AI08,HNMU-G9-R0213-STT2,9,[11b]: Thực hành Dựng video theo kịch bản,Mục 2 (Tr. 66),Biết,true,6,4-6,8,later_followup,multimedia_presentation,student_reply_present;attempt_or_answer,deterministic_regex_v1
BC-HNMU-G9-R0214-STT3-AI02,HNMU-G9-R0214-STT3,9,[11b]: Thực hành Dựng video theo kịch bản,Mục 3 (Tr. 67),Biết,false,0,0,2,first_tutor_turn,multimedia_presentation,initial_request,deterministic_regex_v1
BC-HNMU-G9-R0214-STT3-AI04,HNMU-G9-R0214-STT3,9,[11b]: Thực hành Dựng video theo kịch bản,Mục 3 (Tr. 67),Biết,true,2,2,4,early_followup,multimedia_presentation,student_reply_present;student_question,deterministic_regex_v1
BC-HNMU-G9-R0214-STT3-AI06,HNMU-G9-R0214-STT3,9,[11b]: Thực hành Dựng video theo kịch bản,Mục 3 (Tr. 67),Biết,true,4,4-6,6,early_followup,multimedia_presentation,student_reply_present;short_confirmation,deterministic_regex_v1
BC-HNMU-G9-R0214-STT3-AI08,HNMU-G9-R0214-STT3,9,[11b]: Thực hành Dựng video theo kịch bản,Mục 3 (Tr. 67),Biết,true,6,4-6,8,later_followup,multimedia_presentation,student_reply_present;attempt_or_answer,deterministic_regex_v1
BC-HNMU-G9-R0215-STT4-AI02,HNMU-G9-R0215-STT4,9,[11b]: Thực hành Dựng video theo kịch bản,Mục 4 (Tr. 67),Biết,false,0,0,2,first_tutor_turn,multimedia_presentation,initial_request,deterministic_regex_v1
BC-HNMU-G9-R0215-STT4-AI04,HNMU-G9-R0215-STT4,9,[11b]: Thực hành Dựng video theo kịch bản,Mục 4 (Tr. 67),Biết,true,2,2,4,early_followup,multimedia_presentation,student_reply_present;attempt_or_answer,deterministic_regex_v1
BC-HNMU-G9-R0215-STT4-AI06,HNMU-G9-R0215-STT4,9,[11b]: Thực hành Dựng video theo kịch bản,Mục 4 (Tr. 67),Biết,true,4,4-6,6,early_followup,multimedia_presentation,student_reply_present;attempt_or_answer,deterministic_regex_v1
BC-HNMU-G9-R0215-STT4-AI08,HNMU-G9-R0215-STT4,9,[11b]: Thực hành Dựng video theo kịch bản,Mục 4 (Tr. 67),Biết,true,6,4-6,8,later_followup,multimedia_presentation,student_reply_present;attempt_or_answer,deterministic_regex_v1
BC-HNMU-G9-R0216-STT5-AI02,HNMU-G9-R0216-STT5,9,[11b]: Thực hành Dựng video theo kịch bản,Mục 1 (Tr. 65),Hiểu,false,0,0,2,first_tutor_turn,multimedia_presentation,initial_request,deterministic_regex_v1
BC-HNMU-G9-R0216-STT5-AI04,HNMU-G9-R0216-STT5,9,[11b]: Thực hành Dựng video theo kịch bản,Mục 1 (Tr. 65),Hiểu,true,2,2,4,early_followup,multimedia_presentation,student_reply_present;attempt_or_answer,deterministic_regex_v1
BC-HNMU-G9-R0216-STT5-AI06,HNMU-G9-R0216-STT5,9,[11b]: Thực hành Dựng video theo kịch bản,Mục 1 (Tr. 65),Hiểu,true,4,4-6,6,early_followup,multimedia_presentation,student_reply_present;student_question,deterministic_regex_v1
BC-HNMU-G9-R0216-STT5-AI08,HNMU-G9-R0216-STT5,9,[11b]: Thực hành Dựng video theo kịch bản,Mục 1 (Tr. 65),Hiểu,true,6,4-6,8,later_followup,multimedia_presentation,student_reply_present;attempt_or_answer,deterministic_regex_v1
BC-HNMU-G9-R0217-STT6-AI02,HNMU-G9-R0217-STT6,9,[11b]: Thực hành Dựng video theo kịch bản,Mục 3 (Tr. 67),Hiểu,false,0,0,2,first_tutor_turn,multimedia_presentation,initial_request,deterministic_regex_v1
BC-HNMU-G9-R0217-STT6-AI04,HNMU-G9-R0217-STT6,9,[11b]: Thực hành Dựng video theo kịch bản,Mục 3 (Tr. 67),Hiểu,true,2,2,4,early_followup,multimedia_presentation,student_reply_present;attempt_or_answer,deterministic_regex_v1
BC-HNMU-G9-R0217-STT6-AI06,HNMU-G9-R0217-STT6,9,[11b]: Thực hành Dựng video theo kịch bản,Mục 3 (Tr. 67),Hiểu,true,4,4-6,6,early_followup,multimedia_presentation,student_reply_present;student_question,deterministic_regex_v1
BC-HNMU-G9-R0217-STT6-AI08,HNMU-G9-R0217-STT6,9,[11b]: Thực hành Dựng video theo kịch bản,Mục 3 (Tr. 67),Hiểu,true,6,4-6,8,later_followup,multimedia_presentation,student_reply_present;student_question,deterministic_regex_v1
BC-HNMU-G9-R0218-STT7-AI02,HNMU-G9-R0218-STT7,9,[11b]: Thực hành Dựng video theo kịch bản,Mục 3 (Tr. 67),Hiểu,false,0,0,2,first_tutor_turn,multimedia_presentation,initial_request,deterministic_regex_v1
BC-HNMU-G9-R0218-STT7-AI04,HNMU-G9-R0218-STT7,9,[11b]: Thực hành Dựng video theo kịch bản,Mục 3 (Tr. 67),Hiểu,true,2,2,4,early_followup,multimedia_presentation,student_reply_present;attempt_or_answer,deterministic_regex_v1
BC-HNMU-G9-R0218-STT7-AI06,HNMU-G9-R0218-STT7,9,[11b]: Thực hành Dựng video theo kịch bản,Mục 3 (Tr. 67),Hiểu,true,4,4-6,6,early_followup,multimedia_presentation,student_reply_present;student_question,deterministic_regex_v1
BC-HNMU-G9-R0218-STT7-AI08,HNMU-G9-R0218-STT7,9,[11b]: Thực hành Dựng video theo kịch bản,Mục 3 (Tr. 67),Hiểu,true,6,4-6,8,later_followup,multimedia_presentation,student_reply_present;attempt_or_answer,deterministic_regex_v1
BC-HNMU-G9-R0219-STT8-AI02,HNMU-G9-R0219-STT8,9,[11b]: Thực hành Dựng video theo kịch bản,Mục 4 (Tr. 68),Hiểu,false,0,0,2,first_tutor_turn,multimedia_presentation,initial_request,deterministic_regex_v1
BC-HNMU-G9-R0219-STT8-AI04,HNMU-G9-R0219-STT8,9,[11b]: Thực hành Dựng video theo kịch bản,Mục 4 (Tr. 68),Hiểu,true,2,2,4,early_followup,multimedia_presentation,student_reply_present;attempt_or_answer,deterministic_regex_v1
BC-HNMU-G9-R0219-STT8-AI06,HNMU-G9-R0219-STT8,9,[11b]: Thực hành Dựng video theo kịch bản,Mục 4 (Tr. 68),Hiểu,true,4,4-6,6,early_followup,multimedia_presentation,student_reply_present;student_question,deterministic_regex_v1
BC-HNMU-G9-R0219-STT8-AI08,HNMU-G9-R0219-STT8,9,[11b]: Thực hành Dựng video theo kịch bản,Mục 4 (Tr. 68),Hiểu,true,6,4-6,8,later_followup,multimedia_presentation,student_reply_present;attempt_or_answer,deterministic_regex_v1
BC-HNMU-G9-R0219-STT8-AI10,HNMU-G9-R0219-STT8,9,[11b]: Thực hành Dựng video theo kịch bản,Mục 4 (Tr. 68),Hiểu,true,8,8+,10,later_followup,multimedia_presentation,student_reply_present;attempt_or_answer,deterministic_regex_v1
BC-HNMU-G9-R0220-STT9-AI02,HNMU-G9-R0220-STT9,9,[11b]: Thực hành Dựng video theo kịch bản,Mục 2 (Tr. 66),Hiểu,false,0,0,2,first_tutor_turn,multimedia_presentation,initial_request,deterministic_regex_v1
BC-HNMU-G9-R0220-STT9-AI04,HNMU-G9-R0220-STT9,9,[11b]: Thực hành Dựng video theo kịch bản,Mục 2 (Tr. 66),Hiểu,true,2,2,4,early_followup,multimedia_presentation,student_reply_present;attempt_or_answer,deterministic_regex_v1
BC-HNMU-G9-R0220-STT9-AI06,HNMU-G9-R0220-STT9,9,[11b]: Thực hành Dựng video theo kịch bản,Mục 2 (Tr. 66),Hiểu,true,4,4-6,6,early_followup,multimedia_presentation,student_reply_present;attempt_or_answer,deterministic_regex_v1
BC-HNMU-G9-R0220-STT9-AI08,HNMU-G9-R0220-STT9,9,[11b]: Thực hành Dựng video theo kịch bản,Mục 2 (Tr. 66),Hiểu,true,6,4-6,8,later_followup,multimedia_presentation,student_reply_present;attempt_or_answer,deterministic_regex_v1
BC-HNMU-G9-R0220-STT9-AI10,HNMU-G9-R0220-STT9,9,[11b]: Thực hành Dựng video theo kịch bản,Mục 2 (Tr. 66),Hiểu,true,8,8+,10,later_followup,multimedia_presentation,student_reply_present;attempt_or_answer,deterministic_regex_v1
BC-HNMU-G9-R0221-STT10-AI02,HNMU-G9-R0221-STT10,9,[11b]: Thực hành Dựng video theo kịch bản,Mục 1 (Tr. 65),Hiểu,false,0,0,2,first_tutor_turn,multimedia_presentation,initial_request,deterministic_regex_v1
BC-HNMU-G9-R0221-STT10-AI04,HNMU-G9-R0221-STT10,9,[11b]: Thực hành Dựng video theo kịch bản,Mục 1 (Tr. 65),Hiểu,true,2,2,4,early_followup,multimedia_presentation,student_reply_present;attempt_or_answer,deterministic_regex_v1
BC-HNMU-G9-R0221-STT10-AI06,HNMU-G9-R0221-STT10,9,[11b]: Thực hành Dựng video theo kịch bản,Mục 1 (Tr. 65),Hiểu,true,4,4-6,6,early_followup,multimedia_presentation,student_reply_present;attempt_or_answer,deterministic_regex_v1
BC-HNMU-G9-R0221-STT10-AI08,HNMU-G9-R0221-STT10,9,[11b]: Thực hành Dựng video theo kịch bản,Mục 1 (Tr. 65),Hiểu,true,6,4-6,8,later_followup,multimedia_presentation,student_reply_present;attempt_or_answer,deterministic_regex_v1
BC-HNMU-G9-R0221-STT10-AI10,HNMU-G9-R0221-STT10,9,[11b]: Thực hành Dựng video theo kịch bản,Mục 1 (Tr. 65),Hiểu,true,8,8+,10,later_followup,multimedia_presentation,student_reply_present;attempt_or_answer,deterministic_regex_v1
BC-HNMU-G9-R0222-STT11-AI02,HNMU-G9-R0222-STT11,9,[11b]: Thực hành Dựng video theo kịch bản,Thực hành 1 (Tr. 65),Vận dụng,false,0,0,2,first_tutor_turn,multimedia_presentation,initial_request,deterministic_regex_v1
BC-HNMU-G9-R0222-STT11-AI04,HNMU-G9-R0222-STT11,9,[11b]: Thực hành Dựng video theo kịch bản,Thực hành 1 (Tr. 65),Vận dụng,true,2,2,4,early_followup,multimedia_presentation,student_reply_present;student_question,deterministic_regex_v1
BC-HNMU-G9-R0222-STT11-AI06,HNMU-G9-R0222-STT11,9,[11b]: Thực hành Dựng video theo kịch bản,Thực hành 1 (Tr. 65),Vận dụng,true,4,4-6,6,early_followup,multimedia_presentation,student_reply_present;attempt_or_answer,deterministic_regex_v1
BC-HNMU-G9-R0222-STT11-AI08,HNMU-G9-R0222-STT11,9,[11b]: Thực hành Dựng video theo kịch bản,Thực hành 1 (Tr. 65),Vận dụng,true,6,4-6,8,later_followup,multimedia_presentation,student_reply_present;attempt_or_answer,deterministic_regex_v1
BC-HNMU-G9-R0222-STT11-AI10,HNMU-G9-R0222-STT11,9,[11b]: Thực hành Dựng video theo kịch bản,Thực hành 1 (Tr. 65),Vận dụng,true,8,8+,10,later_followup,multimedia_presentation,student_reply_present;attempt_or_answer,deterministic_regex_v1
BC-HNMU-G9-R0223-STT12-AI02,HNMU-G9-R0223-STT12,9,[11b]: Thực hành Dựng video theo kịch bản,Thực hành 2 (Tr. 66),Vận dụng,false,0,0,2,first_tutor_turn,multimedia_presentation,initial_request,deterministic_regex_v1
BC-HNMU-G9-R0223-STT12-AI04,HNMU-G9-R0223-STT12,9,[11b]: Thực hành Dựng video theo kịch bản,Thực hành 2 (Tr. 66),Vận dụng,true,2,2,4,early_followup,multimedia_presentation,student_reply_present;attempt_or_answer,deterministic_regex_v1
BC-HNMU-G9-R0223-STT12-AI06,HNMU-G9-R0223-STT12,9,[11b]: Thực hành Dựng video theo kịch bản,Thực hành 2 (Tr. 66),Vận dụng,true,4,4-6,6,early_followup,multimedia_presentation,student_reply_present;attempt_or_answer,deterministic_regex_v1
BC-HNMU-G9-R0223-STT12-AI08,HNMU-G9-R0223-STT12,9,[11b]: Thực hành Dựng video theo kịch bản,Thực hành 2 (Tr. 66),Vận dụng,true,6,4-6,8,later_followup,multimedia_presentation,student_reply_present;attempt_or_answer,deterministic_regex_v1
BC-HNMU-G9-R0224-STT13-AI02,HNMU-G9-R0224-STT13,9,[11b]: Thực hành Dựng video theo kịch bản,Thực hành 4 (Tr. 67),Vận dụng,false,0,0,2,first_tutor_turn,multimedia_presentation,initial_request,deterministic_regex_v1
BC-HNMU-G9-R0224-STT13-AI04,HNMU-G9-R0224-STT13,9,[11b]: Thực hành Dựng video theo kịch bản,Thực hành 4 (Tr. 67),Vận dụng,true,2,2,4,early_followup,multimedia_presentation,student_reply_present;attempt_or_answer,deterministic_regex_v1
BC-HNMU-G9-R0224-STT13-AI06,HNMU-G9-R0224-STT13,9,[11b]: Thực hành Dựng video theo kịch bản,Thực hành 4 (Tr. 67),Vận dụng,true,4,4-6,6,early_followup,multimedia_presentation,student_reply_present;attempt_or_answer,deterministic_regex_v1
BC-HNMU-G9-R0224-STT13-AI08,HNMU-G9-R0224-STT13,9,[11b]: Thực hành Dựng video theo kịch bản,Thực hành 4 (Tr. 67),Vận dụng,true,6,4-6,8,later_followup,multimedia_presentation,student_reply_present;attempt_or_answer,deterministic_regex_v1
BC-HNMU-G9-R0224-STT13-AI10,HNMU-G9-R0224-STT13,9,[11b]: Thực hành Dựng video theo kịch bản,Thực hành 4 (Tr. 67),Vận dụng,true,8,8+,10,later_followup,multimedia_presentation,student_reply_present;attempt_or_answer,deterministic_regex_v1
BC-HNMU-G9-R0225-STT14-AI02,HNMU-G9-R0225-STT14,9,[11b]: Thực hành Dựng video theo kịch bản,Vận dụng (Tr. 68),Vận dụng,false,0,0,2,first_tutor_turn,multimedia_presentation,initial_request,deterministic_regex_v1
BC-HNMU-G9-R0225-STT14-AI04,HNMU-G9-R0225-STT14,9,[11b]: Thực hành Dựng video theo kịch bản,Vận dụng (Tr. 68),Vận dụng,true,2,2,4,early_followup,multimedia_presentation,student_reply_present;attempt_or_answer,deterministic_regex_v1
BC-HNMU-G9-R0225-STT14-AI06,HNMU-G9-R0225-STT14,9,[11b]: Thực hành Dựng video theo kịch bản,Vận dụng (Tr. 68),Vận dụng,true,4,4-6,6,early_followup,multimedia_presentation,student_reply_present;attempt_or_answer,deterministic_regex_v1
BC-HNMU-G9-R0225-STT14-AI08,HNMU-G9-R0225-STT14,9,[11b]: Thực hành Dựng video theo kịch bản,Vận dụng (Tr. 68),Vận dụng,true,6,4-6,8,later_followup,multimedia_presentation,student_reply_present;attempt_or_answer,deterministic_regex_v1
BC-HNMU-G9-R0225-STT14-AI10,HNMU-G9-R0225-STT14,9,[11b]: Thực hành Dựng video theo kịch bản,Vận dụng (Tr. 68),Vận dụng,true,8,8+,10,later_followup,multimedia_presentation,student_reply_present;attempt_or_answer,deterministic_regex_v1
BC-HNMU-G9-R0225-STT14-AI12,HNMU-G9-R0225-STT14,9,[11b]: Thực hành Dựng video theo kịch bản,Vận dụng (Tr. 68),Vận dụng,true,10,8+,12,later_followup,multimedia_presentation,student_reply_present;attempt_or_answer,deterministic_regex_v1
BC-HNMU-G9-R0226-STT1-AI02,HNMU-G9-R0226-STT1,9,[12b]: Hoàn thành việc dựng video,Mục 1 (Tr. 69),Biết,false,0,0,2,first_tutor_turn,multimedia_presentation,initial_request,deterministic_regex_v1
BC-HNMU-G9-R0226-STT1-AI04,HNMU-G9-R0226-STT1,9,[12b]: Hoàn thành việc dựng video,Mục 1 (Tr. 69),Biết,true,2,2,4,early_followup,multimedia_presentation,student_reply_present;attempt_or_answer,deterministic_regex_v1
BC-HNMU-G9-R0226-STT1-AI06,HNMU-G9-R0226-STT1,9,[12b]: Hoàn thành việc dựng video,Mục 1 (Tr. 69),Biết,true,4,4-6,6,early_followup,multimedia_presentation,student_reply_present;attempt_or_answer,deterministic_regex_v1
BC-HNMU-G9-R0226-STT1-AI08,HNMU-G9-R0226-STT1,9,[12b]: Hoàn thành việc dựng video,Mục 1 (Tr. 69),Biết,true,6,4-6,8,later_followup,multimedia_presentation,student_reply_present;attempt_or_answer,deterministic_regex_v1
BC-HNMU-G9-R0227-STT2-AI02,HNMU-G9-R0227-STT2,9,[12b]: Hoàn thành việc dựng video,Mục 2 (Tr. 71),Biết,false,0,0,2,first_tutor_turn,multimedia_presentation,initial_request,deterministic_regex_v1
BC-HNMU-G9-R0227-STT2-AI04,HNMU-G9-R0227-STT2,9,[12b]: Hoàn thành việc dựng video,Mục 2 (Tr. 71),Biết,true,2,2,4,early_followup,multimedia_presentation,student_reply_present;attempt_or_answer,deterministic_regex_v1
BC-HNMU-G9-R0227-STT2-AI06,HNMU-G9-R0227-STT2,9,[12b]: Hoàn thành việc dựng video,Mục 2 (Tr. 71),Biết,true,4,4-6,6,early_followup,multimedia_presentation,student_reply_present;attempt_or_answer,deterministic_regex_v1
BC-HNMU-G9-R0227-STT2-AI08,HNMU-G9-R0227-STT2,9,[12b]: Hoàn thành việc dựng video,Mục 2 (Tr. 71),Biết,true,6,4-6,8,later_followup,multimedia_presentation,student_reply_present;attempt_or_answer,deterministic_regex_v1
BC-HNMU-G9-R0228-STT3-AI02,HNMU-G9-R0228-STT3,9,[12b]: Hoàn thành việc dựng video,Mục 1 (Tr. 69),Biết,false,0,0,2,first_tutor_turn,multimedia_presentation,initial_request,deterministic_regex_v1
BC-HNMU-G9-R0228-STT3-AI04,HNMU-G9-R0228-STT3,9,[12b]: Hoàn thành việc dựng video,Mục 1 (Tr. 69),Biết,true,2,2,4,early_followup,multimedia_presentation,student_reply_present;attempt_or_answer,deterministic_regex_v1
BC-HNMU-G9-R0228-STT3-AI06,HNMU-G9-R0228-STT3,9,[12b]: Hoàn thành việc dựng video,Mục 1 (Tr. 69),Biết,true,4,4-6,6,early_followup,multimedia_presentation,student_reply_present;attempt_or_answer,deterministic_regex_v1
BC-HNMU-G9-R0228-STT3-AI08,HNMU-G9-R0228-STT3,9,[12b]: Hoàn thành việc dựng video,Mục 1 (Tr. 69),Biết,true,6,4-6,8,later_followup,multimedia_presentation,student_reply_present;attempt_or_answer,deterministic_regex_v1
BC-HNMU-G9-R0229-STT4-AI02,HNMU-G9-R0229-STT4,9,[12b]: Hoàn thành việc dựng video,Mục 2 (Tr. 72),Biết,false,0,0,2,first_tutor_turn,multimedia_presentation,initial_request,deterministic_regex_v1
BC-HNMU-G9-R0229-STT4-AI04,HNMU-G9-R0229-STT4,9,[12b]: Hoàn thành việc dựng video,Mục 2 (Tr. 72),Biết,true,2,2,4,early_followup,multimedia_presentation,student_reply_present;attempt_or_answer,deterministic_regex_v1
BC-HNMU-G9-R0229-STT4-AI06,HNMU-G9-R0229-STT4,9,[12b]: Hoàn thành việc dựng video,Mục 2 (Tr. 72),Biết,true,4,4-6,6,early_followup,multimedia_presentation,student_reply_present;attempt_or_answer,deterministic_regex_v1
BC-HNMU-G9-R0229-STT4-AI08,HNMU-G9-R0229-STT4,9,[12b]: Hoàn thành việc dựng video,Mục 2 (Tr. 72),Biết,true,6,4-6,8,later_followup,multimedia_presentation,student_reply_present;attempt_or_answer,deterministic_regex_v1
BC-HNMU-G9-R0230-STT5-AI02,HNMU-G9-R0230-STT5,9,[12b]: Hoàn thành việc dựng video,Mục 1 (Tr. 69),Hiểu,false,0,0,2,first_tutor_turn,multimedia_presentation,initial_request,deterministic_regex_v1
BC-HNMU-G9-R0230-STT5-AI04,HNMU-G9-R0230-STT5,9,[12b]: Hoàn thành việc dựng video,Mục 1 (Tr. 69),Hiểu,true,2,2,4,early_followup,multimedia_presentation,student_reply_present;attempt_or_answer,deterministic_regex_v1
BC-HNMU-G9-R0230-STT5-AI06,HNMU-G9-R0230-STT5,9,[12b]: Hoàn thành việc dựng video,Mục 1 (Tr. 69),Hiểu,true,4,4-6,6,early_followup,multimedia_presentation,student_reply_present;attempt_or_answer,deterministic_regex_v1
BC-HNMU-G9-R0230-STT5-AI08,HNMU-G9-R0230-STT5,9,[12b]: Hoàn thành việc dựng video,Mục 1 (Tr. 69),Hiểu,true,6,4-6,8,later_followup,multimedia_presentation,student_reply_present;attempt_or_answer,deterministic_regex_v1
BC-HNMU-G9-R0230-STT5-AI10,HNMU-G9-R0230-STT5,9,[12b]: Hoàn thành việc dựng video,Mục 1 (Tr. 69),Hiểu,true,8,8+,10,later_followup,multimedia_presentation,student_reply_present;attempt_or_answer,deterministic_regex_v1
BC-HNMU-G9-R0231-STT6-AI02,HNMU-G9-R0231-STT6,9,[12b]: Hoàn thành việc dựng video,Mục 2 (Tr. 70),Hiểu,false,0,0,2,first_tutor_turn,multimedia_presentation,initial_request,deterministic_regex_v1
BC-HNMU-G9-R0231-STT6-AI04,HNMU-G9-R0231-STT6,9,[12b]: Hoàn thành việc dựng video,Mục 2 (Tr. 70),Hiểu,true,2,2,4,early_followup,multimedia_presentation,student_reply_present;attempt_or_answer,deterministic_regex_v1
BC-HNMU-G9-R0231-STT6-AI06,HNMU-G9-R0231-STT6,9,[12b]: Hoàn thành việc dựng video,Mục 2 (Tr. 70),Hiểu,true,4,4-6,6,early_followup,multimedia_presentation,student_reply_present;attempt_or_answer,deterministic_regex_v1
BC-HNMU-G9-R0231-STT6-AI08,HNMU-G9-R0231-STT6,9,[12b]: Hoàn thành việc dựng video,Mục 2 (Tr. 70),Hiểu,true,6,4-6,8,later_followup,multimedia_presentation,student_reply_present;attempt_or_answer,deterministic_regex_v1
BC-HNMU-G9-R0232-STT7-AI02,HNMU-G9-R0232-STT7,9,[12b]: Hoàn thành việc dựng video,Sinh thêm (Tr. 70),Vận dụng,false,0,0,2,first_tutor_turn,multimedia_presentation,initial_request,deterministic_regex_v1
BC-HNMU-G9-R0232-STT7-AI04,HNMU-G9-R0232-STT7,9,[12b]: Hoàn thành việc dựng video,Sinh thêm (Tr. 70),Vận dụng,true,2,2,4,early_followup,multimedia_presentation,student_reply_present;attempt_or_answer,deterministic_regex_v1
BC-HNMU-G9-R0232-STT7-AI06,HNMU-G9-R0232-STT7,9,[12b]: Hoàn thành việc dựng video,Sinh thêm (Tr. 70),Vận dụng,true,4,4-6,6,early_followup,multimedia_presentation,student_reply_present;attempt_or_answer,deterministic_regex_v1
BC-HNMU-G9-R0232-STT7-AI08,HNMU-G9-R0232-STT7,9,[12b]: Hoàn thành việc dựng video,Sinh thêm (Tr. 70),Vận dụng,true,6,4-6,8,later_followup,multimedia_presentation,student_reply_present;student_question,deterministic_regex_v1
BC-HNMU-G9-R0233-STT8-AI02,HNMU-G9-R0233-STT8,9,[12b]: Hoàn thành việc dựng video,Mục 2 (Tr. 71),Hiểu,false,0,0,2,first_tutor_turn,multimedia_presentation,initial_request,deterministic_regex_v1
BC-HNMU-G9-R0233-STT8-AI04,HNMU-G9-R0233-STT8,9,[12b]: Hoàn thành việc dựng video,Mục 2 (Tr. 71),Hiểu,true,2,2,4,early_followup,multimedia_presentation,student_reply_present;attempt_or_answer,deterministic_regex_v1
BC-HNMU-G9-R0233-STT8-AI06,HNMU-G9-R0233-STT8,9,[12b]: Hoàn thành việc dựng video,Mục 2 (Tr. 71),Hiểu,true,4,4-6,6,early_followup,multimedia_presentation,student_reply_present;attempt_or_answer,deterministic_regex_v1
BC-HNMU-G9-R0233-STT8-AI08,HNMU-G9-R0233-STT8,9,[12b]: Hoàn thành việc dựng video,Mục 2 (Tr. 71),Hiểu,true,6,4-6,8,later_followup,multimedia_presentation,student_reply_present;attempt_or_answer,deterministic_regex_v1
BC-HNMU-G9-R0234-STT9-AI02,HNMU-G9-R0234-STT9,9,[12b]: Hoàn thành việc dựng video,Mục 2 (Tr. 72),Hiểu,false,0,0,2,first_tutor_turn,multimedia_presentation,initial_request,deterministic_regex_v1
BC-HNMU-G9-R0234-STT9-AI04,HNMU-G9-R0234-STT9,9,[12b]: Hoàn thành việc dựng video,Mục 2 (Tr. 72),Hiểu,true,2,2,4,early_followup,multimedia_presentation,student_reply_present;attempt_or_answer,deterministic_regex_v1
BC-HNMU-G9-R0234-STT9-AI06,HNMU-G9-R0234-STT9,9,[12b]: Hoàn thành việc dựng video,Mục 2 (Tr. 72),Hiểu,true,4,4-6,6,early_followup,multimedia_presentation,student_reply_present;student_question,deterministic_regex_v1
BC-HNMU-G9-R0234-STT9-AI08,HNMU-G9-R0234-STT9,9,[12b]: Hoàn thành việc dựng video,Mục 2 (Tr. 72),Hiểu,true,6,4-6,8,later_followup,multimedia_presentation,student_reply_present;attempt_or_answer,deterministic_regex_v1
BC-HNMU-G9-R0235-STT10-AI02,HNMU-G9-R0235-STT10,9,[12b]: Hoàn thành việc dựng video,Thực hành (Tr. 70),Vận dụng,false,0,0,2,first_tutor_turn,multimedia_presentation,initial_request,deterministic_regex_v1
BC-HNMU-G9-R0235-STT10-AI04,HNMU-G9-R0235-STT10,9,[12b]: Hoàn thành việc dựng video,Thực hành (Tr. 70),Vận dụng,true,2,2,4,early_followup,multimedia_presentation,student_reply_present;attempt_or_answer,deterministic_regex_v1
BC-HNMU-G9-R0235-STT10-AI06,HNMU-G9-R0235-STT10,9,[12b]: Hoàn thành việc dựng video,Thực hành (Tr. 70),Vận dụng,true,4,4-6,6,early_followup,multimedia_presentation,student_reply_present;attempt_or_answer,deterministic_regex_v1
BC-HNMU-G9-R0235-STT10-AI08,HNMU-G9-R0235-STT10,9,[12b]: Hoàn thành việc dựng video,Thực hành (Tr. 70),Vận dụng,true,6,4-6,8,later_followup,multimedia_presentation,student_reply_present;attempt_or_answer,deterministic_regex_v1
BC-HNMU-G9-R0235-STT10-AI10,HNMU-G9-R0235-STT10,9,[12b]: Hoàn thành việc dựng video,Thực hành (Tr. 70),Vận dụng,true,8,8+,10,later_followup,multimedia_presentation,student_reply_present;attempt_or_answer,deterministic_regex_v1
BC-HNMU-G9-R0236-STT11-AI02,HNMU-G9-R0236-STT11,9,[12b]: Hoàn thành việc dựng video,Thực hành (Tr. 71),Vận dụng,false,0,0,2,first_tutor_turn,multimedia_presentation,initial_request,deterministic_regex_v1
BC-HNMU-G9-R0236-STT11-AI04,HNMU-G9-R0236-STT11,9,[12b]: Hoàn thành việc dựng video,Thực hành (Tr. 71),Vận dụng,true,2,2,4,early_followup,multimedia_presentation,student_reply_present;attempt_or_answer,deterministic_regex_v1
BC-HNMU-G9-R0236-STT11-AI06,HNMU-G9-R0236-STT11,9,[12b]: Hoàn thành việc dựng video,Thực hành (Tr. 71),Vận dụng,true,4,4-6,6,early_followup,multimedia_presentation,student_reply_present;attempt_or_answer,deterministic_regex_v1
BC-HNMU-G9-R0236-STT11-AI08,HNMU-G9-R0236-STT11,9,[12b]: Hoàn thành việc dựng video,Thực hành (Tr. 71),Vận dụng,true,6,4-6,8,later_followup,multimedia_presentation,student_reply_present;student_question,deterministic_regex_v1
BC-HNMU-G9-R0236-STT11-AI10,HNMU-G9-R0236-STT11,9,[12b]: Hoàn thành việc dựng video,Thực hành (Tr. 71),Vận dụng,true,8,8+,10,later_followup,multimedia_presentation,student_reply_present;attempt_or_answer,deterministic_regex_v1
BC-HNMU-G9-R0237-STT12-AI02,HNMU-G9-R0237-STT12,9,[12b]: Hoàn thành việc dựng video,Thực hành (Tr. 72),Vận dụng,false,0,0,2,first_tutor_turn,multimedia_presentation,initial_request,deterministic_regex_v1
BC-HNMU-G9-R0237-STT12-AI04,HNMU-G9-R0237-STT12,9,[12b]: Hoàn thành việc dựng video,Thực hành (Tr. 72),Vận dụng,true,2,2,4,early_followup,multimedia_presentation,student_reply_present;student_question,deterministic_regex_v1
BC-HNMU-G9-R0237-STT12-AI06,HNMU-G9-R0237-STT12,9,[12b]: Hoàn thành việc dựng video,Thực hành (Tr. 72),Vận dụng,true,4,4-6,6,early_followup,multimedia_presentation,student_reply_present;attempt_or_answer,deterministic_regex_v1
BC-HNMU-G9-R0237-STT12-AI08,HNMU-G9-R0237-STT12,9,[12b]: Hoàn thành việc dựng video,Thực hành (Tr. 72),Vận dụng,true,6,4-6,8,later_followup,multimedia_presentation,student_reply_present;student_question,deterministic_regex_v1
BC-HNMU-G9-R0237-STT12-AI10,HNMU-G9-R0237-STT12,9,[12b]: Hoàn thành việc dựng video,Thực hành (Tr. 72),Vận dụng,true,8,8+,10,later_followup,multimedia_presentation,student_reply_present;attempt_or_answer,deterministic_regex_v1
BC-HNMU-G9-R0238-STT13-AI02,HNMU-G9-R0238-STT13,9,[12b]: Hoàn thành việc dựng video,Thực hành (Tr. 72),Vận dụng,false,0,0,2,first_tutor_turn,multimedia_presentation,initial_request,deterministic_regex_v1
BC-HNMU-G9-R0238-STT13-AI04,HNMU-G9-R0238-STT13,9,[12b]: Hoàn thành việc dựng video,Thực hành (Tr. 72),Vận dụng,true,2,2,4,early_followup,multimedia_presentation,student_reply_present;attempt_or_answer,deterministic_regex_v1
BC-HNMU-G9-R0238-STT13-AI06,HNMU-G9-R0238-STT13,9,[12b]: Hoàn thành việc dựng video,Thực hành (Tr. 72),Vận dụng,true,4,4-6,6,early_followup,multimedia_presentation,student_reply_present;attempt_or_answer,deterministic_regex_v1
BC-HNMU-G9-R0238-STT13-AI08,HNMU-G9-R0238-STT13,9,[12b]: Hoàn thành việc dựng video,Thực hành (Tr. 72),Vận dụng,true,6,4-6,8,later_followup,multimedia_presentation,student_reply_present;attempt_or_answer,deterministic_regex_v1
BC-HNMU-G9-R0239-STT14-AI02,HNMU-G9-R0239-STT14,9,[12b]: Hoàn thành việc dựng video,Vận dụng (Tr. 72),Vận dụng,false,0,0,2,first_tutor_turn,algorithm,initial_request,deterministic_regex_v1
BC-HNMU-G9-R0239-STT14-AI04,HNMU-G9-R0239-STT14,9,[12b]: Hoàn thành việc dựng video,Vận dụng (Tr. 72),Vận dụng,true,2,2,4,early_followup,algorithm,student_reply_present;attempt_or_answer,deterministic_regex_v1
BC-HNMU-G9-R0239-STT14-AI06,HNMU-G9-R0239-STT14,9,[12b]: Hoàn thành việc dựng video,Vận dụng (Tr. 72),Vận dụng,true,4,4-6,6,early_followup,algorithm,student_reply_present;attempt_or_answer,deterministic_regex_v1
BC-HNMU-G9-R0239-STT14-AI08,HNMU-G9-R0239-STT14,9,[12b]: Hoàn thành việc dựng video,Vận dụng (Tr. 72),Vận dụng,true,6,4-6,8,later_followup,algorithm,student_reply_present;attempt_or_answer,deterministic_regex_v1
BC-HNMU-G9-R0239-STT14-AI10,HNMU-G9-R0239-STT14,9,[12b]: Hoàn thành việc dựng video,Vận dụng (Tr. 72),Vận dụng,true,8,8+,10,later_followup,algorithm,student_reply_present;attempt_or_answer,deterministic_regex_v1
BC-HNMU-G9-R0241-STT2-AI02,HNMU-G9-R0241-STT2,9,[13b]: Biên tập và xuất video,Mục 2 (Tr. 74),Biết,false,0,0,2,first_tutor_turn,multimedia_presentation,initial_request,deterministic_regex_v1
BC-HNMU-G9-R0241-STT2-AI04,HNMU-G9-R0241-STT2,9,[13b]: Biên tập và xuất video,Mục 2 (Tr. 74),Biết,true,2,2,4,early_followup,multimedia_presentation,student_reply_present;attempt_or_answer,deterministic_regex_v1
BC-HNMU-G9-R0241-STT2-AI06,HNMU-G9-R0241-STT2,9,[13b]: Biên tập và xuất video,Mục 2 (Tr. 74),Biết,true,4,4-6,6,early_followup,multimedia_presentation,student_reply_present;attempt_or_answer,deterministic_regex_v1
BC-HNMU-G9-R0241-STT2-AI08,HNMU-G9-R0241-STT2,9,[13b]: Biên tập và xuất video,Mục 2 (Tr. 74),Biết,true,6,4-6,8,later_followup,multimedia_presentation,student_reply_present;attempt_or_answer,deterministic_regex_v1
BC-HNMU-G9-R0242-STT3-AI02,HNMU-G9-R0242-STT3,9,[13b]: Biên tập và xuất video,Mục 2 (Tr. 74),Biết,false,0,0,2,first_tutor_turn,multimedia_presentation,initial_request,deterministic_regex_v1
BC-HNMU-G9-R0242-STT3-AI04,HNMU-G9-R0242-STT3,9,[13b]: Biên tập và xuất video,Mục 2 (Tr. 74),Biết,true,2,2,4,early_followup,multimedia_presentation,student_reply_present;attempt_or_answer,deterministic_regex_v1
BC-HNMU-G9-R0242-STT3-AI06,HNMU-G9-R0242-STT3,9,[13b]: Biên tập và xuất video,Mục 2 (Tr. 74),Biết,true,4,4-6,6,early_followup,multimedia_presentation,student_reply_present;attempt_or_answer,deterministic_regex_v1
BC-HNMU-G9-R0242-STT3-AI08,HNMU-G9-R0242-STT3,9,[13b]: Biên tập và xuất video,Mục 2 (Tr. 74),Biết,true,6,4-6,8,later_followup,multimedia_presentation,student_reply_present;attempt_or_answer,deterministic_regex_v1
BC-HNMU-G9-R0244-STT5-AI02,HNMU-G9-R0244-STT5,9,[13b]: Biên tập và xuất video,"Mục 1, 2 (Tr. 73, 74)",Hiểu,false,0,0,2,first_tutor_turn,multimedia_presentation,initial_request,deterministic_regex_v1
BC-HNMU-G9-R0244-STT5-AI04,HNMU-G9-R0244-STT5,9,[13b]: Biên tập và xuất video,"Mục 1, 2 (Tr. 73, 74)",Hiểu,true,2,2,4,early_followup,multimedia_presentation,student_reply_present;attempt_or_answer,deterministic_regex_v1
BC-HNMU-G9-R0244-STT5-AI06,HNMU-G9-R0244-STT5,9,[13b]: Biên tập và xuất video,"Mục 1, 2 (Tr. 73, 74)",Hiểu,true,4,4-6,6,early_followup,multimedia_presentation,student_reply_present;student_question,deterministic_regex_v1
BC-HNMU-G9-R0244-STT5-AI08,HNMU-G9-R0244-STT5,9,[13b]: Biên tập và xuất video,"Mục 1, 2 (Tr. 73, 74)",Hiểu,true,6,4-6,8,later_followup,multimedia_presentation,student_reply_present;attempt_or_answer,deterministic_regex_v1
BC-HNMU-G9-R0246-STT7-AI02,HNMU-G9-R0246-STT7,9,[13b]: Biên tập và xuất video,Sinh thêm,Hiểu,false,0,0,2,first_tutor_turn,multimedia_presentation,initial_request,deterministic_regex_v1
BC-HNMU-G9-R0246-STT7-AI04,HNMU-G9-R0246-STT7,9,[13b]: Biên tập và xuất video,Sinh thêm,Hiểu,true,2,2,4,early_followup,multimedia_presentation,student_reply_present;student_question,deterministic_regex_v1
BC-HNMU-G9-R0246-STT7-AI06,HNMU-G9-R0246-STT7,9,[13b]: Biên tập và xuất video,Sinh thêm,Hiểu,true,4,4-6,6,early_followup,multimedia_presentation,student_reply_present;attempt_or_answer,deterministic_regex_v1
BC-HNMU-G9-R0246-STT7-AI08,HNMU-G9-R0246-STT7,9,[13b]: Biên tập và xuất video,Sinh thêm,Hiểu,true,6,4-6,8,later_followup,multimedia_presentation,student_reply_present;attempt_or_answer,deterministic_regex_v1
BC-HNMU-G9-R0247-STT8-AI02,HNMU-G9-R0247-STT8,9,[13b]: Biên tập và xuất video,Mục 2 (Tr. 74),Hiểu,false,0,0,2,first_tutor_turn,multimedia_presentation,initial_request,deterministic_regex_v1
BC-HNMU-G9-R0247-STT8-AI04,HNMU-G9-R0247-STT8,9,[13b]: Biên tập và xuất video,Mục 2 (Tr. 74),Hiểu,true,2,2,4,early_followup,multimedia_presentation,student_reply_present;student_question,deterministic_regex_v1
BC-HNMU-G9-R0247-STT8-AI06,HNMU-G9-R0247-STT8,9,[13b]: Biên tập và xuất video,Mục 2 (Tr. 74),Hiểu,true,4,4-6,6,early_followup,multimedia_presentation,student_reply_present;student_question,deterministic_regex_v1
BC-HNMU-G9-R0247-STT8-AI08,HNMU-G9-R0247-STT8,9,[13b]: Biên tập và xuất video,Mục 2 (Tr. 74),Hiểu,true,6,4-6,8,later_followup,multimedia_presentation,student_reply_present;attempt_or_answer,deterministic_regex_v1
BC-HNMU-G9-R0248-STT9-AI02,HNMU-G9-R0248-STT9,9,[13b]: Biên tập và xuất video,Mục 2 (Tr. 74),Hiểu,false,0,0,2,first_tutor_turn,multimedia_presentation,initial_request,deterministic_regex_v1
BC-HNMU-G9-R0248-STT9-AI04,HNMU-G9-R0248-STT9,9,[13b]: Biên tập và xuất video,Mục 2 (Tr. 74),Hiểu,true,2,2,4,early_followup,multimedia_presentation,student_reply_present;attempt_or_answer,deterministic_regex_v1
BC-HNMU-G9-R0248-STT9-AI06,HNMU-G9-R0248-STT9,9,[13b]: Biên tập và xuất video,Mục 2 (Tr. 74),Hiểu,true,4,4-6,6,early_followup,multimedia_presentation,student_reply_present;attempt_or_answer,deterministic_regex_v1
BC-HNMU-G9-R0248-STT9-AI08,HNMU-G9-R0248-STT9,9,[13b]: Biên tập và xuất video,Mục 2 (Tr. 74),Hiểu,true,6,4-6,8,later_followup,multimedia_presentation,student_reply_present;attempt_or_answer,deterministic_regex_v1
BC-HNMU-G9-R0248-STT9-AI10,HNMU-G9-R0248-STT9,9,[13b]: Biên tập và xuất video,Mục 2 (Tr. 74),Hiểu,true,8,8+,10,later_followup,multimedia_presentation,student_reply_present;attempt_or_answer,deterministic_regex_v1
BC-HNMU-G9-R0250-STT11-AI02,HNMU-G9-R0250-STT11,9,[13b]: Biên tập và xuất video,Thực hành (Tr. 74),Vận dụng,false,0,0,2,first_tutor_turn,multimedia_presentation,initial_request,deterministic_regex_v1
BC-HNMU-G9-R0250-STT11-AI04,HNMU-G9-R0250-STT11,9,[13b]: Biên tập và xuất video,Thực hành (Tr. 74),Vận dụng,true,2,2,4,early_followup,multimedia_presentation,student_reply_present;attempt_or_answer,deterministic_regex_v1
BC-HNMU-G9-R0250-STT11-AI06,HNMU-G9-R0250-STT11,9,[13b]: Biên tập và xuất video,Thực hành (Tr. 74),Vận dụng,true,4,4-6,6,early_followup,multimedia_presentation,student_reply_present;attempt_or_answer,deterministic_regex_v1
BC-HNMU-G9-R0250-STT11-AI08,HNMU-G9-R0250-STT11,9,[13b]: Biên tập và xuất video,Thực hành (Tr. 74),Vận dụng,true,6,4-6,8,later_followup,multimedia_presentation,student_reply_present;attempt_or_answer,deterministic_regex_v1
BC-HNMU-G9-R0251-STT12-AI02,HNMU-G9-R0251-STT12,9,[13b]: Biên tập và xuất video,Thực hành (Tr. 75),Vận dụng,false,0,0,2,first_tutor_turn,multimedia_presentation,initial_request,deterministic_regex_v1
BC-HNMU-G9-R0251-STT12-AI04,HNMU-G9-R0251-STT12,9,[13b]: Biên tập và xuất video,Thực hành (Tr. 75),Vận dụng,true,2,2,4,early_followup,multimedia_presentation,student_reply_present;attempt_or_answer,deterministic_regex_v1
BC-HNMU-G9-R0251-STT12-AI06,HNMU-G9-R0251-STT12,9,[13b]: Biên tập và xuất video,Thực hành (Tr. 75),Vận dụng,true,4,4-6,6,early_followup,multimedia_presentation,student_reply_present;attempt_or_answer,deterministic_regex_v1
BC-HNMU-G9-R0251-STT12-AI08,HNMU-G9-R0251-STT12,9,[13b]: Biên tập và xuất video,Thực hành (Tr. 75),Vận dụng,true,6,4-6,8,later_followup,multimedia_presentation,student_reply_present;attempt_or_answer,deterministic_regex_v1
BC-HNMU-G9-R0252-STT13-AI02,HNMU-G9-R0252-STT13,9,[13b]: Biên tập và xuất video,Luyện tập (Tr. 75),Vận dụng,false,0,0,2,first_tutor_turn,multimedia_presentation,initial_request,deterministic_regex_v1
BC-HNMU-G9-R0252-STT13-AI04,HNMU-G9-R0252-STT13,9,[13b]: Biên tập và xuất video,Luyện tập (Tr. 75),Vận dụng,true,2,2,4,early_followup,multimedia_presentation,student_reply_present;short_confirmation,deterministic_regex_v1
BC-HNMU-G9-R0252-STT13-AI06,HNMU-G9-R0252-STT13,9,[13b]: Biên tập và xuất video,Luyện tập (Tr. 75),Vận dụng,true,4,4-6,6,early_followup,multimedia_presentation,student_reply_present;attempt_or_answer,deterministic_regex_v1
BC-HNMU-G9-R0252-STT13-AI08,HNMU-G9-R0252-STT13,9,[13b]: Biên tập và xuất video,Luyện tập (Tr. 75),Vận dụng,true,6,4-6,8,later_followup,multimedia_presentation,student_reply_present;student_question,deterministic_regex_v1
BC-HNMU-G9-R0252-STT13-AI10,HNMU-G9-R0252-STT13,9,[13b]: Biên tập và xuất video,Luyện tập (Tr. 75),Vận dụng,true,8,8+,10,later_followup,multimedia_presentation,student_reply_present;attempt_or_answer,deterministic_regex_v1
BC-HNMU-G9-R0253-STT14-AI02,HNMU-G9-R0253-STT14,9,[13b]: Biên tập và xuất video,Vận dụng (Tr. 75),Vận dụng,false,0,0,2,first_tutor_turn,multimedia_presentation,initial_request,deterministic_regex_v1
BC-HNMU-G9-R0253-STT14-AI04,HNMU-G9-R0253-STT14,9,[13b]: Biên tập và xuất video,Vận dụng (Tr. 75),Vận dụng,true,2,2,4,early_followup,multimedia_presentation,student_reply_present;student_question,deterministic_regex_v1
BC-HNMU-G9-R0253-STT14-AI06,HNMU-G9-R0253-STT14,9,[13b]: Biên tập và xuất video,Vận dụng (Tr. 75),Vận dụng,true,4,4-6,6,early_followup,multimedia_presentation,student_reply_present;attempt_or_answer,deterministic_regex_v1
BC-HNMU-G9-R0253-STT14-AI08,HNMU-G9-R0253-STT14,9,[13b]: Biên tập và xuất video,Vận dụng (Tr. 75),Vận dụng,true,6,4-6,8,later_followup,multimedia_presentation,student_reply_present;attempt_or_answer,deterministic_regex_v1
BC-HNMU-G9-R0253-STT14-AI10,HNMU-G9-R0253-STT14,9,[13b]: Biên tập và xuất video,Vận dụng (Tr. 75),Vận dụng,true,8,8+,10,later_followup,multimedia_presentation,student_reply_present;attempt_or_answer,deterministic_regex_v1
BC-HNMU-G9-R0254-STT1-AI02,HNMU-G9-R0254-STT1,9,Bài 14: Giải quyết vấn đề,"Mục 1, trang 76",Biết,false,0,0,2,first_tutor_turn,algorithm,initial_request,deterministic_regex_v1
BC-HNMU-G9-R0254-STT1-AI04,HNMU-G9-R0254-STT1,9,Bài 14: Giải quyết vấn đề,"Mục 1, trang 76",Biết,true,2,2,4,early_followup,algorithm,student_reply_present;attempt_or_answer,deterministic_regex_v1
BC-HNMU-G9-R0254-STT1-AI06,HNMU-G9-R0254-STT1,9,Bài 14: Giải quyết vấn đề,"Mục 1, trang 76",Biết,true,4,4-6,6,early_followup,algorithm,student_reply_present;attempt_or_answer,deterministic_regex_v1
BC-HNMU-G9-R0254-STT1-AI08,HNMU-G9-R0254-STT1,9,Bài 14: Giải quyết vấn đề,"Mục 1, trang 76",Biết,true,6,4-6,8,later_followup,algorithm,student_reply_present;attempt_or_answer,deterministic_regex_v1
BC-HNMU-G9-R0254-STT1-AI10,HNMU-G9-R0254-STT1,9,Bài 14: Giải quyết vấn đề,"Mục 1, trang 76",Biết,true,8,8+,10,later_followup,algorithm,student_reply_present;attempt_or_answer,deterministic_regex_v1
BC-HNMU-G9-R0255-STT2-AI02,HNMU-G9-R0255-STT2,9,Bài 14: Giải quyết vấn đề,"Mục 1, trang 76",Biết,false,0,0,2,first_tutor_turn,concept_or_other,initial_request,deterministic_regex_v1
BC-HNMU-G9-R0255-STT2-AI04,HNMU-G9-R0255-STT2,9,Bài 14: Giải quyết vấn đề,"Mục 1, trang 76",Biết,true,2,2,4,early_followup,concept_or_other,student_reply_present;attempt_or_answer,deterministic_regex_v1
BC-HNMU-G9-R0255-STT2-AI06,HNMU-G9-R0255-STT2,9,Bài 14: Giải quyết vấn đề,"Mục 1, trang 76",Biết,true,4,4-6,6,early_followup,concept_or_other,student_reply_present;attempt_or_answer,deterministic_regex_v1
BC-HNMU-G9-R0255-STT2-AI08,HNMU-G9-R0255-STT2,9,Bài 14: Giải quyết vấn đề,"Mục 1, trang 76",Biết,true,6,4-6,8,later_followup,concept_or_other,student_reply_present;attempt_or_answer,deterministic_regex_v1
BC-HNMU-G9-R0256-STT3-AI02,HNMU-G9-R0256-STT3,9,Bài 14: Giải quyết vấn đề,"Mục 1, trang 76",Biết,false,0,0,2,first_tutor_turn,concept_or_other,initial_request,deterministic_regex_v1
BC-HNMU-G9-R0256-STT3-AI04,HNMU-G9-R0256-STT3,9,Bài 14: Giải quyết vấn đề,"Mục 1, trang 76",Biết,true,2,2,4,early_followup,concept_or_other,student_reply_present;attempt_or_answer,deterministic_regex_v1
BC-HNMU-G9-R0256-STT3-AI06,HNMU-G9-R0256-STT3,9,Bài 14: Giải quyết vấn đề,"Mục 1, trang 76",Biết,true,4,4-6,6,early_followup,concept_or_other,student_reply_present;attempt_or_answer,deterministic_regex_v1
BC-HNMU-G9-R0256-STT3-AI08,HNMU-G9-R0256-STT3,9,Bài 14: Giải quyết vấn đề,"Mục 1, trang 76",Biết,true,6,4-6,8,later_followup,concept_or_other,student_reply_present;attempt_or_answer,deterministic_regex_v1
BC-HNMU-G9-R0257-STT4-AI02,HNMU-G9-R0257-STT4,9,Bài 14: Giải quyết vấn đề,Câu hỏi mở rộng kiến thức,Biết,false,0,0,2,first_tutor_turn,algorithm,initial_request,deterministic_regex_v1
BC-HNMU-G9-R0257-STT4-AI04,HNMU-G9-R0257-STT4,9,Bài 14: Giải quyết vấn đề,Câu hỏi mở rộng kiến thức,Biết,true,2,2,4,early_followup,algorithm,student_reply_present;attempt_or_answer,deterministic_regex_v1
BC-HNMU-G9-R0257-STT4-AI06,HNMU-G9-R0257-STT4,9,Bài 14: Giải quyết vấn đề,Câu hỏi mở rộng kiến thức,Biết,true,4,4-6,6,early_followup,algorithm,student_reply_present;attempt_or_answer,deterministic_regex_v1
BC-HNMU-G9-R0257-STT4-AI08,HNMU-G9-R0257-STT4,9,Bài 14: Giải quyết vấn đề,Câu hỏi mở rộng kiến thức,Biết,true,6,4-6,8,later_followup,algorithm,student_reply_present;attempt_or_answer,deterministic_regex_v1
BC-HNMU-G9-R0258-STT5-AI02,HNMU-G9-R0258-STT5,9,Bài 14: Giải quyết vấn đề,"Mục 1, trang 76",Hiểu,false,0,0,2,first_tutor_turn,concept_or_other,initial_request,deterministic_regex_v1
BC-HNMU-G9-R0258-STT5-AI04,HNMU-G9-R0258-STT5,9,Bài 14: Giải quyết vấn đề,"Mục 1, trang 76",Hiểu,true,2,2,4,early_followup,concept_or_other,student_reply_present;attempt_or_answer,deterministic_regex_v1
BC-HNMU-G9-R0258-STT5-AI06,HNMU-G9-R0258-STT5,9,Bài 14: Giải quyết vấn đề,"Mục 1, trang 76",Hiểu,true,4,4-6,6,early_followup,concept_or_other,student_reply_present;attempt_or_answer,deterministic_regex_v1
BC-HNMU-G9-R0258-STT5-AI08,HNMU-G9-R0258-STT5,9,Bài 14: Giải quyết vấn đề,"Mục 1, trang 76",Hiểu,true,6,4-6,8,later_followup,concept_or_other,student_reply_present;attempt_or_answer,deterministic_regex_v1
BC-HNMU-G9-R0258-STT5-AI10,HNMU-G9-R0258-STT5,9,Bài 14: Giải quyết vấn đề,"Mục 1, trang 76",Hiểu,true,8,8+,10,later_followup,concept_or_other,student_reply_present;attempt_or_answer,deterministic_regex_v1
BC-HNMU-G9-R0259-STT6-AI02,HNMU-G9-R0259-STT6,9,Bài 14: Giải quyết vấn đề,"Hoạt động 1, trang 76",Hiểu,false,0,0,2,first_tutor_turn,concept_or_other,initial_request,deterministic_regex_v1
BC-HNMU-G9-R0259-STT6-AI04,HNMU-G9-R0259-STT6,9,Bài 14: Giải quyết vấn đề,"Hoạt động 1, trang 76",Hiểu,true,2,2,4,early_followup,concept_or_other,student_reply_present;attempt_or_answer,deterministic_regex_v1
BC-HNMU-G9-R0259-STT6-AI06,HNMU-G9-R0259-STT6,9,Bài 14: Giải quyết vấn đề,"Hoạt động 1, trang 76",Hiểu,true,4,4-6,6,early_followup,concept_or_other,student_reply_present;attempt_or_answer,deterministic_regex_v1
BC-HNMU-G9-R0259-STT6-AI08,HNMU-G9-R0259-STT6,9,Bài 14: Giải quyết vấn đề,"Hoạt động 1, trang 76",Hiểu,true,6,4-6,8,later_followup,concept_or_other,student_reply_present;attempt_or_answer,deterministic_regex_v1
BC-HNMU-G9-R0259-STT6-AI10,HNMU-G9-R0259-STT6,9,Bài 14: Giải quyết vấn đề,"Hoạt động 1, trang 76",Hiểu,true,8,8+,10,later_followup,concept_or_other,student_reply_present;attempt_or_answer,deterministic_regex_v1
BC-HNMU-G9-R0260-STT7-AI02,HNMU-G9-R0260-STT7,9,Bài 14: Giải quyết vấn đề,"Mục 1, câu hỏi sinh thêm",Hiểu,false,0,0,2,first_tutor_turn,algorithm,initial_request,deterministic_regex_v1
BC-HNMU-G9-R0260-STT7-AI04,HNMU-G9-R0260-STT7,9,Bài 14: Giải quyết vấn đề,"Mục 1, câu hỏi sinh thêm",Hiểu,true,2,2,4,early_followup,algorithm,student_reply_present;attempt_or_answer,deterministic_regex_v1
BC-HNMU-G9-R0260-STT7-AI06,HNMU-G9-R0260-STT7,9,Bài 14: Giải quyết vấn đề,"Mục 1, câu hỏi sinh thêm",Hiểu,true,4,4-6,6,early_followup,algorithm,student_reply_present;attempt_or_answer,deterministic_regex_v1
BC-HNMU-G9-R0260-STT7-AI08,HNMU-G9-R0260-STT7,9,Bài 14: Giải quyết vấn đề,"Mục 1, câu hỏi sinh thêm",Hiểu,true,6,4-6,8,later_followup,algorithm,student_reply_present;attempt_or_answer,deterministic_regex_v1
BC-HNMU-G9-R0261-STT8-AI02,HNMU-G9-R0261-STT8,9,Bài 14: Giải quyết vấn đề,"Hoạt động 1, trang 76",Hiểu,false,0,0,2,first_tutor_turn,concept_or_other,initial_request,deterministic_regex_v1
BC-HNMU-G9-R0261-STT8-AI04,HNMU-G9-R0261-STT8,9,Bài 14: Giải quyết vấn đề,"Hoạt động 1, trang 76",Hiểu,true,2,2,4,early_followup,concept_or_other,student_reply_present;attempt_or_answer,deterministic_regex_v1
BC-HNMU-G9-R0261-STT8-AI06,HNMU-G9-R0261-STT8,9,Bài 14: Giải quyết vấn đề,"Hoạt động 1, trang 76",Hiểu,true,4,4-6,6,early_followup,concept_or_other,student_reply_present;attempt_or_answer,deterministic_regex_v1
BC-HNMU-G9-R0261-STT8-AI08,HNMU-G9-R0261-STT8,9,Bài 14: Giải quyết vấn đề,"Hoạt động 1, trang 76",Hiểu,true,6,4-6,8,later_followup,concept_or_other,student_reply_present;attempt_or_answer,deterministic_regex_v1
BC-HNMU-G9-R0261-STT8-AI10,HNMU-G9-R0261-STT8,9,Bài 14: Giải quyết vấn đề,"Hoạt động 1, trang 76",Hiểu,true,8,8+,10,later_followup,concept_or_other,student_reply_present;attempt_or_answer,deterministic_regex_v1
BC-HNMU-G9-R0262-STT9-AI02,HNMU-G9-R0262-STT9,9,Bài 14: Giải quyết vấn đề,"Mục 1, luyện tập (sinh thêm)",Hiểu,false,0,0,2,first_tutor_turn,concept_or_other,initial_request,deterministic_regex_v1
BC-HNMU-G9-R0262-STT9-AI04,HNMU-G9-R0262-STT9,9,Bài 14: Giải quyết vấn đề,"Mục 1, luyện tập (sinh thêm)",Hiểu,true,2,2,4,early_followup,concept_or_other,student_reply_present;short_confirmation,deterministic_regex_v1
BC-HNMU-G9-R0262-STT9-AI06,HNMU-G9-R0262-STT9,9,Bài 14: Giải quyết vấn đề,"Mục 1, luyện tập (sinh thêm)",Hiểu,true,4,4-6,6,early_followup,concept_or_other,student_reply_present;attempt_or_answer,deterministic_regex_v1
BC-HNMU-G9-R0262-STT9-AI08,HNMU-G9-R0262-STT9,9,Bài 14: Giải quyết vấn đề,"Mục 1, luyện tập (sinh thêm)",Hiểu,true,6,4-6,8,later_followup,concept_or_other,student_reply_present;attempt_or_answer,deterministic_regex_v1
BC-HNMU-G9-R0262-STT9-AI10,HNMU-G9-R0262-STT9,9,Bài 14: Giải quyết vấn đề,"Mục 1, luyện tập (sinh thêm)",Hiểu,true,8,8+,10,later_followup,concept_or_other,student_reply_present;attempt_or_answer,deterministic_regex_v1
BC-HNMU-G9-R0263-STT10-AI02,HNMU-G9-R0263-STT10,9,Bài 14: Giải quyết vấn đề,"Vận dụng, trang 76 (sinh thêm)",Hiểu,false,0,0,2,first_tutor_turn,algorithm,initial_request,deterministic_regex_v1
BC-HNMU-G9-R0263-STT10-AI04,HNMU-G9-R0263-STT10,9,Bài 14: Giải quyết vấn đề,"Vận dụng, trang 76 (sinh thêm)",Hiểu,true,2,2,4,early_followup,algorithm,student_reply_present;short_confirmation,deterministic_regex_v1
BC-HNMU-G9-R0263-STT10-AI06,HNMU-G9-R0263-STT10,9,Bài 14: Giải quyết vấn đề,"Vận dụng, trang 76 (sinh thêm)",Hiểu,true,4,4-6,6,early_followup,algorithm,student_reply_present;explicit_uncertainty,deterministic_regex_v1
BC-HNMU-G9-R0263-STT10-AI08,HNMU-G9-R0263-STT10,9,Bài 14: Giải quyết vấn đề,"Vận dụng, trang 76 (sinh thêm)",Hiểu,true,6,4-6,8,later_followup,algorithm,student_reply_present;attempt_or_answer,deterministic_regex_v1
BC-HNMU-G9-R0263-STT10-AI10,HNMU-G9-R0263-STT10,9,Bài 14: Giải quyết vấn đề,"Vận dụng, trang 76 (sinh thêm)",Hiểu,true,8,8+,10,later_followup,algorithm,student_reply_present;attempt_or_answer,deterministic_regex_v1
BC-HNMU-G9-R0264-STT11-AI02,HNMU-G9-R0264-STT11,9,Bài 14: Giải quyết vấn đề,"Phần Vận dụng, trang 82",Vận dụng,false,0,0,2,first_tutor_turn,concept_or_other,initial_request,deterministic_regex_v1
BC-HNMU-G9-R0264-STT11-AI04,HNMU-G9-R0264-STT11,9,Bài 14: Giải quyết vấn đề,"Phần Vận dụng, trang 82",Vận dụng,true,2,2,4,early_followup,concept_or_other,student_reply_present;attempt_or_answer,deterministic_regex_v1
BC-HNMU-G9-R0264-STT11-AI06,HNMU-G9-R0264-STT11,9,Bài 14: Giải quyết vấn đề,"Phần Vận dụng, trang 82",Vận dụng,true,4,4-6,6,early_followup,concept_or_other,student_reply_present;attempt_or_answer,deterministic_regex_v1
BC-HNMU-G9-R0264-STT11-AI08,HNMU-G9-R0264-STT11,9,Bài 14: Giải quyết vấn đề,"Phần Vận dụng, trang 82",Vận dụng,true,6,4-6,8,later_followup,concept_or_other,student_reply_present;attempt_or_answer,deterministic_regex_v1
BC-HNMU-G9-R0265-STT12-AI02,HNMU-G9-R0265-STT12,9,Bài 14: Giải quyết vấn đề,Vận dụng (sinh thêm),Vận dụng,false,0,0,2,first_tutor_turn,concept_or_other,initial_request,deterministic_regex_v1
BC-HNMU-G9-R0265-STT12-AI04,HNMU-G9-R0265-STT12,9,Bài 14: Giải quyết vấn đề,Vận dụng (sinh thêm),Vận dụng,true,2,2,4,early_followup,concept_or_other,student_reply_present;attempt_or_answer,deterministic_regex_v1
BC-HNMU-G9-R0265-STT12-AI06,HNMU-G9-R0265-STT12,9,Bài 14: Giải quyết vấn đề,Vận dụng (sinh thêm),Vận dụng,true,4,4-6,6,early_followup,concept_or_other,student_reply_present;attempt_or_answer,deterministic_regex_v1
BC-HNMU-G9-R0265-STT12-AI08,HNMU-G9-R0265-STT12,9,Bài 14: Giải quyết vấn đề,Vận dụng (sinh thêm),Vận dụng,true,6,4-6,8,later_followup,concept_or_other,student_reply_present;attempt_or_answer,deterministic_regex_v1
BC-HNMU-G9-R0265-STT12-AI10,HNMU-G9-R0265-STT12,9,Bài 14: Giải quyết vấn đề,Vận dụng (sinh thêm),Vận dụng,true,8,8+,10,later_followup,concept_or_other,student_reply_present;attempt_or_answer,deterministic_regex_v1
BC-HNMU-G9-R0266-STT13-AI02,HNMU-G9-R0266-STT13,9,Bài 14: Giải quyết vấn đề,Vận dụng (sinh thêm),Vận dụng,false,0,0,2,first_tutor_turn,algorithm,initial_request,deterministic_regex_v1
BC-HNMU-G9-R0266-STT13-AI04,HNMU-G9-R0266-STT13,9,Bài 14: Giải quyết vấn đề,Vận dụng (sinh thêm),Vận dụng,true,2,2,4,early_followup,algorithm,student_reply_present;attempt_or_answer,deterministic_regex_v1
BC-HNMU-G9-R0266-STT13-AI06,HNMU-G9-R0266-STT13,9,Bài 14: Giải quyết vấn đề,Vận dụng (sinh thêm),Vận dụng,true,4,4-6,6,early_followup,algorithm,student_reply_present;attempt_or_answer,deterministic_regex_v1
BC-HNMU-G9-R0266-STT13-AI08,HNMU-G9-R0266-STT13,9,Bài 14: Giải quyết vấn đề,Vận dụng (sinh thêm),Vận dụng,true,6,4-6,8,later_followup,algorithm,student_reply_present;attempt_or_answer,deterministic_regex_v1
BC-HNMU-G9-R0266-STT13-AI10,HNMU-G9-R0266-STT13,9,Bài 14: Giải quyết vấn đề,Vận dụng (sinh thêm),Vận dụng,true,8,8+,10,later_followup,algorithm,student_reply_present;attempt_or_answer,deterministic_regex_v1
BC-HNMU-G9-R0267-STT14-AI02,HNMU-G9-R0267-STT14,9,Bài 14: Giải quyết vấn đề,"Phần Vận dụng, trang 82",Vận dụng,false,0,0,2,first_tutor_turn,algorithm,initial_request,deterministic_regex_v1
BC-HNMU-G9-R0267-STT14-AI04,HNMU-G9-R0267-STT14,9,Bài 14: Giải quyết vấn đề,"Phần Vận dụng, trang 82",Vận dụng,true,2,2,4,early_followup,algorithm,student_reply_present;attempt_or_answer,deterministic_regex_v1
BC-HNMU-G9-R0267-STT14-AI06,HNMU-G9-R0267-STT14,9,Bài 14: Giải quyết vấn đề,"Phần Vận dụng, trang 82",Vận dụng,true,4,4-6,6,early_followup,algorithm,student_reply_present;attempt_or_answer,deterministic_regex_v1
BC-HNMU-G9-R0267-STT14-AI08,HNMU-G9-R0267-STT14,9,Bài 14: Giải quyết vấn đề,"Phần Vận dụng, trang 82",Vận dụng,true,6,4-6,8,later_followup,algorithm,student_reply_present;attempt_or_answer,deterministic_regex_v1
BC-HNMU-G9-R0267-STT14-AI10,HNMU-G9-R0267-STT14,9,Bài 14: Giải quyết vấn đề,"Phần Vận dụng, trang 82",Vận dụng,true,8,8+,10,later_followup,algorithm,student_reply_present;attempt_or_answer,deterministic_regex_v1
BC-HNMU-G9-R0268-STT1-AI02,HNMU-G9-R0268-STT1,9,Bài 15: Bài toán tin học,"Mục 1, trang 80",Biết,false,0,0,2,first_tutor_turn,concept_or_other,initial_request,deterministic_regex_v1
BC-HNMU-G9-R0268-STT1-AI04,HNMU-G9-R0268-STT1,9,Bài 15: Bài toán tin học,"Mục 1, trang 80",Biết,true,2,2,4,early_followup,concept_or_other,student_reply_present;attempt_or_answer,deterministic_regex_v1
BC-HNMU-G9-R0268-STT1-AI06,HNMU-G9-R0268-STT1,9,Bài 15: Bài toán tin học,"Mục 1, trang 80",Biết,true,4,4-6,6,early_followup,concept_or_other,student_reply_present;attempt_or_answer,deterministic_regex_v1
BC-HNMU-G9-R0268-STT1-AI08,HNMU-G9-R0268-STT1,9,Bài 15: Bài toán tin học,"Mục 1, trang 80",Biết,true,6,4-6,8,later_followup,concept_or_other,student_reply_present;student_question,deterministic_regex_v1
BC-HNMU-G9-R0269-STT2-AI02,HNMU-G9-R0269-STT2,9,Bài 15: Bài toán tin học,"Câu hỏi củng cố, trang 80",Biết,false,0,0,2,first_tutor_turn,data_information,initial_request,deterministic_regex_v1
BC-HNMU-G9-R0269-STT2-AI04,HNMU-G9-R0269-STT2,9,Bài 15: Bài toán tin học,"Câu hỏi củng cố, trang 80",Biết,true,2,2,4,early_followup,data_information,student_reply_present;attempt_or_answer,deterministic_regex_v1
BC-HNMU-G9-R0269-STT2-AI06,HNMU-G9-R0269-STT2,9,Bài 15: Bài toán tin học,"Câu hỏi củng cố, trang 80",Biết,true,4,4-6,6,early_followup,data_information,student_reply_present;attempt_or_answer,deterministic_regex_v1
BC-HNMU-G9-R0269-STT2-AI08,HNMU-G9-R0269-STT2,9,Bài 15: Bài toán tin học,"Câu hỏi củng cố, trang 80",Biết,true,6,4-6,8,later_followup,data_information,student_reply_present;attempt_or_answer,deterministic_regex_v1
BC-HNMU-G9-R0269-STT2-AI10,HNMU-G9-R0269-STT2,9,Bài 15: Bài toán tin học,"Câu hỏi củng cố, trang 80",Biết,true,8,8+,10,later_followup,data_information,student_reply_present;attempt_or_answer,deterministic_regex_v1
BC-HNMU-G9-R0270-STT3-AI02,HNMU-G9-R0270-STT3,9,Bài 15: Bài toán tin học,"Mục 2, trang 80, 81",Biết,false,0,0,2,first_tutor_turn,algorithm,initial_request,deterministic_regex_v1
BC-HNMU-G9-R0270-STT3-AI04,HNMU-G9-R0270-STT3,9,Bài 15: Bài toán tin học,"Mục 2, trang 80, 81",Biết,true,2,2,4,early_followup,algorithm,student_reply_present;attempt_or_answer,deterministic_regex_v1
BC-HNMU-G9-R0270-STT3-AI06,HNMU-G9-R0270-STT3,9,Bài 15: Bài toán tin học,"Mục 2, trang 80, 81",Biết,true,4,4-6,6,early_followup,algorithm,student_reply_present;attempt_or_answer,deterministic_regex_v1
BC-HNMU-G9-R0270-STT3-AI08,HNMU-G9-R0270-STT3,9,Bài 15: Bài toán tin học,"Mục 2, trang 80, 81",Biết,true,6,4-6,8,later_followup,algorithm,student_reply_present;attempt_or_answer,deterministic_regex_v1
BC-HNMU-G9-R0270-STT3-AI10,HNMU-G9-R0270-STT3,9,Bài 15: Bài toán tin học,"Mục 2, trang 80, 81",Biết,true,8,8+,10,later_followup,algorithm,student_reply_present;attempt_or_answer,deterministic_regex_v1
BC-HNMU-G9-R0271-STT4-AI02,HNMU-G9-R0271-STT4,9,Bài 15: Bài toán tin học,"Mục 2 (sinh thêm), trang 80",Biết,false,0,0,2,first_tutor_turn,algorithm,initial_request,deterministic_regex_v1
BC-HNMU-G9-R0271-STT4-AI04,HNMU-G9-R0271-STT4,9,Bài 15: Bài toán tin học,"Mục 2 (sinh thêm), trang 80",Biết,true,2,2,4,early_followup,algorithm,student_reply_present;student_question,deterministic_regex_v1
BC-HNMU-G9-R0271-STT4-AI06,HNMU-G9-R0271-STT4,9,Bài 15: Bài toán tin học,"Mục 2 (sinh thêm), trang 80",Biết,true,4,4-6,6,early_followup,algorithm,student_reply_present;attempt_or_answer,deterministic_regex_v1
BC-HNMU-G9-R0271-STT4-AI08,HNMU-G9-R0271-STT4,9,Bài 15: Bài toán tin học,"Mục 2 (sinh thêm), trang 80",Biết,true,6,4-6,8,later_followup,algorithm,student_reply_present;attempt_or_answer,deterministic_regex_v1
BC-HNMU-G9-R0271-STT4-AI10,HNMU-G9-R0271-STT4,9,Bài 15: Bài toán tin học,"Mục 2 (sinh thêm), trang 80",Biết,true,8,8+,10,later_followup,algorithm,student_reply_present;attempt_or_answer,deterministic_regex_v1
BC-HNMU-G9-R0272-STT5-AI02,HNMU-G9-R0272-STT5,9,Bài 15: Bài toán tin học,"Hoạt động 1, trang 79",Hiểu,false,0,0,2,first_tutor_turn,concept_or_other,initial_request,deterministic_regex_v1
BC-HNMU-G9-R0272-STT5-AI04,HNMU-G9-R0272-STT5,9,Bài 15: Bài toán tin học,"Hoạt động 1, trang 79",Hiểu,true,2,2,4,early_followup,concept_or_other,student_reply_present;attempt_or_answer,deterministic_regex_v1
BC-HNMU-G9-R0272-STT5-AI06,HNMU-G9-R0272-STT5,9,Bài 15: Bài toán tin học,"Hoạt động 1, trang 79",Hiểu,true,4,4-6,6,early_followup,concept_or_other,student_reply_present;attempt_or_answer,deterministic_regex_v1
BC-HNMU-G9-R0272-STT5-AI08,HNMU-G9-R0272-STT5,9,Bài 15: Bài toán tin học,"Hoạt động 1, trang 79",Hiểu,true,6,4-6,8,later_followup,concept_or_other,student_reply_present;attempt_or_answer,deterministic_regex_v1
BC-HNMU-G9-R0272-STT5-AI10,HNMU-G9-R0272-STT5,9,Bài 15: Bài toán tin học,"Hoạt động 1, trang 79",Hiểu,true,8,8+,10,later_followup,concept_or_other,student_reply_present;attempt_or_answer,deterministic_regex_v1
BC-HNMU-G9-R0273-STT6-AI02,HNMU-G9-R0273-STT6,9,Bài 15: Bài toán tin học,"Mục 1 (sinh thêm), trang 80",Hiểu,false,0,0,2,first_tutor_turn,algorithm,initial_request,deterministic_regex_v1
BC-HNMU-G9-R0273-STT6-AI04,HNMU-G9-R0273-STT6,9,Bài 15: Bài toán tin học,"Mục 1 (sinh thêm), trang 80",Hiểu,true,2,2,4,early_followup,algorithm,student_reply_present;attempt_or_answer,deterministic_regex_v1
BC-HNMU-G9-R0273-STT6-AI06,HNMU-G9-R0273-STT6,9,Bài 15: Bài toán tin học,"Mục 1 (sinh thêm), trang 80",Hiểu,true,4,4-6,6,early_followup,algorithm,student_reply_present;attempt_or_answer,deterministic_regex_v1
BC-HNMU-G9-R0273-STT6-AI08,HNMU-G9-R0273-STT6,9,Bài 15: Bài toán tin học,"Mục 1 (sinh thêm), trang 80",Hiểu,true,6,4-6,8,later_followup,algorithm,student_reply_present;attempt_or_answer,deterministic_regex_v1
BC-HNMU-G9-R0274-STT7-AI02,HNMU-G9-R0274-STT7,9,Bài 15: Bài toán tin học,"Mục 2, trang 80",Hiểu,false,0,0,2,first_tutor_turn,algorithm,initial_request,deterministic_regex_v1
BC-HNMU-G9-R0274-STT7-AI04,HNMU-G9-R0274-STT7,9,Bài 15: Bài toán tin học,"Mục 2, trang 80",Hiểu,true,2,2,4,early_followup,algorithm,student_reply_present;attempt_or_answer,deterministic_regex_v1
BC-HNMU-G9-R0274-STT7-AI06,HNMU-G9-R0274-STT7,9,Bài 15: Bài toán tin học,"Mục 2, trang 80",Hiểu,true,4,4-6,6,early_followup,algorithm,student_reply_present;attempt_or_answer,deterministic_regex_v1
BC-HNMU-G9-R0274-STT7-AI08,HNMU-G9-R0274-STT7,9,Bài 15: Bài toán tin học,"Mục 2, trang 80",Hiểu,true,6,4-6,8,later_followup,algorithm,student_reply_present;student_question,deterministic_regex_v1
BC-HNMU-G9-R0275-STT8-AI02,HNMU-G9-R0275-STT8,9,Bài 15: Bài toán tin học,"Mục 2, trang 81",Hiểu,false,0,0,2,first_tutor_turn,data_information,initial_request,deterministic_regex_v1
BC-HNMU-G9-R0275-STT8-AI04,HNMU-G9-R0275-STT8,9,Bài 15: Bài toán tin học,"Mục 2, trang 81",Hiểu,true,2,2,4,early_followup,data_information,student_reply_present;short_confirmation,deterministic_regex_v1
BC-HNMU-G9-R0275-STT8-AI06,HNMU-G9-R0275-STT8,9,Bài 15: Bài toán tin học,"Mục 2, trang 81",Hiểu,true,4,4-6,6,early_followup,data_information,student_reply_present;attempt_or_answer,deterministic_regex_v1
BC-HNMU-G9-R0275-STT8-AI08,HNMU-G9-R0275-STT8,9,Bài 15: Bài toán tin học,"Mục 2, trang 81",Hiểu,true,6,4-6,8,later_followup,data_information,student_reply_present;attempt_or_answer,deterministic_regex_v1
BC-HNMU-G9-R0276-STT9-AI02,HNMU-G9-R0276-STT9,9,Bài 15: Bài toán tin học,"Mục 1 (sinh thêm), trang 80",Hiểu,false,0,0,2,first_tutor_turn,multimedia_presentation,initial_request,deterministic_regex_v1
BC-HNMU-G9-R0276-STT9-AI04,HNMU-G9-R0276-STT9,9,Bài 15: Bài toán tin học,"Mục 1 (sinh thêm), trang 80",Hiểu,true,2,2,4,early_followup,multimedia_presentation,student_reply_present;attempt_or_answer,deterministic_regex_v1
BC-HNMU-G9-R0276-STT9-AI06,HNMU-G9-R0276-STT9,9,Bài 15: Bài toán tin học,"Mục 1 (sinh thêm), trang 80",Hiểu,true,4,4-6,6,early_followup,multimedia_presentation,student_reply_present;attempt_or_answer,deterministic_regex_v1
BC-HNMU-G9-R0276-STT9-AI08,HNMU-G9-R0276-STT9,9,Bài 15: Bài toán tin học,"Mục 1 (sinh thêm), trang 80",Hiểu,true,6,4-6,8,later_followup,multimedia_presentation,student_reply_present;attempt_or_answer,deterministic_regex_v1
BC-HNMU-G9-R0276-STT9-AI10,HNMU-G9-R0276-STT9,9,Bài 15: Bài toán tin học,"Mục 1 (sinh thêm), trang 80",Hiểu,true,8,8+,10,later_followup,multimedia_presentation,student_reply_present;attempt_or_answer,deterministic_regex_v1
BC-HNMU-G9-R0278-STT11-AI02,HNMU-G9-R0278-STT11,9,Bài 15: Bài toán tin học,"Câu hỏi, trang 80",Vận dụng,false,0,0,2,first_tutor_turn,concept_or_other,initial_request,deterministic_regex_v1
BC-HNMU-G9-R0278-STT11-AI04,HNMU-G9-R0278-STT11,9,Bài 15: Bài toán tin học,"Câu hỏi, trang 80",Vận dụng,true,2,2,4,early_followup,concept_or_other,student_reply_present;attempt_or_answer,deterministic_regex_v1
BC-HNMU-G9-R0278-STT11-AI06,HNMU-G9-R0278-STT11,9,Bài 15: Bài toán tin học,"Câu hỏi, trang 80",Vận dụng,true,4,4-6,6,early_followup,concept_or_other,student_reply_present;attempt_or_answer,deterministic_regex_v1
BC-HNMU-G9-R0278-STT11-AI08,HNMU-G9-R0278-STT11,9,Bài 15: Bài toán tin học,"Câu hỏi, trang 80",Vận dụng,true,6,4-6,8,later_followup,concept_or_other,student_reply_present;attempt_or_answer,deterministic_regex_v1
BC-HNMU-G9-R0278-STT11-AI10,HNMU-G9-R0278-STT11,9,Bài 15: Bài toán tin học,"Câu hỏi, trang 80",Vận dụng,true,8,8+,10,later_followup,concept_or_other,student_reply_present;attempt_or_answer,deterministic_regex_v1
BC-HNMU-G9-R0279-STT12-AI02,HNMU-G9-R0279-STT12,9,Bài 15: Bài toán tin học,"Vận dụng 1, trang 82",Vận dụng,false,0,0,2,first_tutor_turn,algorithm,initial_request,deterministic_regex_v1
BC-HNMU-G9-R0279-STT12-AI04,HNMU-G9-R0279-STT12,9,Bài 15: Bài toán tin học,"Vận dụng 1, trang 82",Vận dụng,true,2,2,4,early_followup,algorithm,student_reply_present;attempt_or_answer,deterministic_regex_v1
BC-HNMU-G9-R0279-STT12-AI06,HNMU-G9-R0279-STT12,9,Bài 15: Bài toán tin học,"Vận dụng 1, trang 82",Vận dụng,true,4,4-6,6,early_followup,algorithm,student_reply_present;attempt_or_answer,deterministic_regex_v1
BC-HNMU-G9-R0279-STT12-AI08,HNMU-G9-R0279-STT12,9,Bài 15: Bài toán tin học,"Vận dụng 1, trang 82",Vận dụng,true,6,4-6,8,later_followup,algorithm,student_reply_present;attempt_or_answer,deterministic_regex_v1
BC-HNMU-G9-R0279-STT12-AI10,HNMU-G9-R0279-STT12,9,Bài 15: Bài toán tin học,"Vận dụng 1, trang 82",Vận dụng,true,8,8+,10,later_followup,algorithm,student_reply_present;attempt_or_answer,deterministic_regex_v1
BC-HNMU-G9-R0280-STT13-AI02,HNMU-G9-R0280-STT13,9,Bài 15: Bài toán tin học,Luyện tập (sinh thêm),Vận dụng,false,0,0,2,first_tutor_turn,algorithm,initial_request,deterministic_regex_v1
BC-HNMU-G9-R0280-STT13-AI04,HNMU-G9-R0280-STT13,9,Bài 15: Bài toán tin học,Luyện tập (sinh thêm),Vận dụng,true,2,2,4,early_followup,algorithm,student_reply_present;attempt_or_answer,deterministic_regex_v1
BC-HNMU-G9-R0280-STT13-AI06,HNMU-G9-R0280-STT13,9,Bài 15: Bài toán tin học,Luyện tập (sinh thêm),Vận dụng,true,4,4-6,6,early_followup,algorithm,student_reply_present;attempt_or_answer,deterministic_regex_v1
BC-HNMU-G9-R0280-STT13-AI08,HNMU-G9-R0280-STT13,9,Bài 15: Bài toán tin học,Luyện tập (sinh thêm),Vận dụng,true,6,4-6,8,later_followup,algorithm,student_reply_present;attempt_or_answer,deterministic_regex_v1
BC-HNMU-G9-R0280-STT13-AI10,HNMU-G9-R0280-STT13,9,Bài 15: Bài toán tin học,Luyện tập (sinh thêm),Vận dụng,true,8,8+,10,later_followup,algorithm,student_reply_present;attempt_or_answer,deterministic_regex_v1
BC-HNMU-G9-R0281-STT14-AI02,HNMU-G9-R0281-STT14,9,Bài 15: Bài toán tin học,"Mục 1 (Ví dụ 2), trang 80",Vận dụng,false,0,0,2,first_tutor_turn,concept_or_other,initial_request,deterministic_regex_v1
BC-HNMU-G9-R0281-STT14-AI04,HNMU-G9-R0281-STT14,9,Bài 15: Bài toán tin học,"Mục 1 (Ví dụ 2), trang 80",Vận dụng,true,2,2,4,early_followup,concept_or_other,student_reply_present;attempt_or_answer,deterministic_regex_v1
BC-HNMU-G9-R0281-STT14-AI06,HNMU-G9-R0281-STT14,9,Bài 15: Bài toán tin học,"Mục 1 (Ví dụ 2), trang 80",Vận dụng,true,4,4-6,6,early_followup,concept_or_other,student_reply_present;attempt_or_answer,deterministic_regex_v1
BC-HNMU-G9-R0281-STT14-AI08,HNMU-G9-R0281-STT14,9,Bài 15: Bài toán tin học,"Mục 1 (Ví dụ 2), trang 80",Vận dụng,true,6,4-6,8,later_followup,concept_or_other,student_reply_present;attempt_or_answer,deterministic_regex_v1
BC-HNMU-G9-R0282-STT1-AI02,HNMU-G9-R0282-STT1,9,Bài 16: Thực hành: Lập chương trình máy tính,"Mục tiêu bài học, trang 83",Biết,false,0,0,2,first_tutor_turn,code_programming,initial_request,deterministic_regex_v1
BC-HNMU-G9-R0282-STT1-AI04,HNMU-G9-R0282-STT1,9,Bài 16: Thực hành: Lập chương trình máy tính,"Mục tiêu bài học, trang 83",Biết,true,2,2,4,early_followup,code_programming,student_reply_present;attempt_or_answer,deterministic_regex_v1
BC-HNMU-G9-R0282-STT1-AI06,HNMU-G9-R0282-STT1,9,Bài 16: Thực hành: Lập chương trình máy tính,"Mục tiêu bài học, trang 83",Biết,true,4,4-6,6,early_followup,code_programming,student_reply_present;student_question,deterministic_regex_v1
BC-HNMU-G9-R0282-STT1-AI08,HNMU-G9-R0282-STT1,9,Bài 16: Thực hành: Lập chương trình máy tính,"Mục tiêu bài học, trang 83",Biết,true,6,4-6,8,later_followup,code_programming,student_reply_present;attempt_or_answer,deterministic_regex_v1
BC-HNMU-G9-R0282-STT1-AI10,HNMU-G9-R0282-STT1,9,Bài 16: Thực hành: Lập chương trình máy tính,"Mục tiêu bài học, trang 83",Biết,true,8,8+,10,later_followup,code_programming,student_reply_present;attempt_or_answer,deterministic_regex_v1
BC-HNMU-G9-R0283-STT2-AI02,HNMU-G9-R0283-STT2,9,Bài 16: Thực hành: Lập chương trình máy tính,"Nhiệm vụ 1, trang 83",Biết,false,0,0,2,first_tutor_turn,code_programming,initial_request,deterministic_regex_v1
BC-HNMU-G9-R0283-STT2-AI04,HNMU-G9-R0283-STT2,9,Bài 16: Thực hành: Lập chương trình máy tính,"Nhiệm vụ 1, trang 83",Biết,true,2,2,4,early_followup,code_programming,student_reply_present;attempt_or_answer,deterministic_regex_v1
BC-HNMU-G9-R0283-STT2-AI06,HNMU-G9-R0283-STT2,9,Bài 16: Thực hành: Lập chương trình máy tính,"Nhiệm vụ 1, trang 83",Biết,true,4,4-6,6,early_followup,code_programming,student_reply_present;attempt_or_answer,deterministic_regex_v1
BC-HNMU-G9-R0283-STT2-AI08,HNMU-G9-R0283-STT2,9,Bài 16: Thực hành: Lập chương trình máy tính,"Nhiệm vụ 1, trang 83",Biết,true,6,4-6,8,later_followup,code_programming,student_reply_present;student_question,deterministic_regex_v1
BC-HNMU-G9-R0283-STT2-AI10,HNMU-G9-R0283-STT2,9,Bài 16: Thực hành: Lập chương trình máy tính,"Nhiệm vụ 1, trang 83",Biết,true,8,8+,10,later_followup,code_programming,student_reply_present;attempt_or_answer,deterministic_regex_v1
BC-HNMU-G9-R0284-STT3-AI02,HNMU-G9-R0284-STT3,9,Bài 16: Thực hành: Lập chương trình máy tính,"Mục 1.b Gỡ lỗi, trang 84",Biết,false,0,0,2,first_tutor_turn,code_programming,initial_request,deterministic_regex_v1
BC-HNMU-G9-R0284-STT3-AI04,HNMU-G9-R0284-STT3,9,Bài 16: Thực hành: Lập chương trình máy tính,"Mục 1.b Gỡ lỗi, trang 84",Biết,true,2,2,4,early_followup,code_programming,student_reply_present;attempt_or_answer,deterministic_regex_v1
BC-HNMU-G9-R0284-STT3-AI06,HNMU-G9-R0284-STT3,9,Bài 16: Thực hành: Lập chương trình máy tính,"Mục 1.b Gỡ lỗi, trang 84",Biết,true,4,4-6,6,early_followup,code_programming,student_reply_present;attempt_or_answer,deterministic_regex_v1
BC-HNMU-G9-R0284-STT3-AI08,HNMU-G9-R0284-STT3,9,Bài 16: Thực hành: Lập chương trình máy tính,"Mục 1.b Gỡ lỗi, trang 84",Biết,true,6,4-6,8,later_followup,code_programming,student_reply_present;attempt_or_answer,deterministic_regex_v1
BC-HNMU-G9-R0284-STT3-AI10,HNMU-G9-R0284-STT3,9,Bài 16: Thực hành: Lập chương trình máy tính,"Mục 1.b Gỡ lỗi, trang 84",Biết,true,8,8+,10,later_followup,code_programming,student_reply_present;attempt_or_answer,deterministic_regex_v1
BC-HNMU-G9-R0285-STT4-AI02,HNMU-G9-R0285-STT4,9,Bài 16: Thực hành: Lập chương trình máy tính,"Nhiệm vụ 2, trang 86",Biết,false,0,0,2,first_tutor_turn,code_programming,initial_request,deterministic_regex_v1
BC-HNMU-G9-R0285-STT4-AI04,HNMU-G9-R0285-STT4,9,Bài 16: Thực hành: Lập chương trình máy tính,"Nhiệm vụ 2, trang 86",Biết,true,2,2,4,early_followup,code_programming,student_reply_present;attempt_or_answer,deterministic_regex_v1
BC-HNMU-G9-R0285-STT4-AI06,HNMU-G9-R0285-STT4,9,Bài 16: Thực hành: Lập chương trình máy tính,"Nhiệm vụ 2, trang 86",Biết,true,4,4-6,6,early_followup,code_programming,student_reply_present;attempt_or_answer,deterministic_regex_v1
BC-HNMU-G9-R0285-STT4-AI08,HNMU-G9-R0285-STT4,9,Bài 16: Thực hành: Lập chương trình máy tính,"Nhiệm vụ 2, trang 86",Biết,true,6,4-6,8,later_followup,code_programming,student_reply_present;attempt_or_answer,deterministic_regex_v1
BC-HNMU-G9-R0285-STT4-AI10,HNMU-G9-R0285-STT4,9,Bài 16: Thực hành: Lập chương trình máy tính,"Nhiệm vụ 2, trang 86",Biết,true,8,8+,10,later_followup,code_programming,student_reply_present;attempt_or_answer,deterministic_regex_v1
BC-HNMU-G9-R0286-STT5-AI02,HNMU-G9-R0286-STT5,9,Bài 16: Thực hành: Lập chương trình máy tính,"Mục tiêu bài học, trang 83",Hiểu,false,0,0,2,first_tutor_turn,code_programming,initial_request,deterministic_regex_v1
BC-HNMU-G9-R0286-STT5-AI04,HNMU-G9-R0286-STT5,9,Bài 16: Thực hành: Lập chương trình máy tính,"Mục tiêu bài học, trang 83",Hiểu,true,2,2,4,early_followup,code_programming,student_reply_present;student_question,deterministic_regex_v1
BC-HNMU-G9-R0286-STT5-AI06,HNMU-G9-R0286-STT5,9,Bài 16: Thực hành: Lập chương trình máy tính,"Mục tiêu bài học, trang 83",Hiểu,true,4,4-6,6,early_followup,code_programming,student_reply_present;attempt_or_answer,deterministic_regex_v1
BC-HNMU-G9-R0286-STT5-AI08,HNMU-G9-R0286-STT5,9,Bài 16: Thực hành: Lập chương trình máy tính,"Mục tiêu bài học, trang 83",Hiểu,true,6,4-6,8,later_followup,code_programming,student_reply_present;attempt_or_answer,deterministic_regex_v1
BC-HNMU-G9-R0286-STT5-AI10,HNMU-G9-R0286-STT5,9,Bài 16: Thực hành: Lập chương trình máy tính,"Mục tiêu bài học, trang 83",Hiểu,true,8,8+,10,later_followup,code_programming,student_reply_present;attempt_or_answer,deterministic_regex_v1
BC-HNMU-G9-R0287-STT6-AI02,HNMU-G9-R0287-STT6,9,Bài 16: Thực hành: Lập chương trình máy tính,"Hướng dẫn Nhiệm vụ 1, trang 83",Hiểu,false,0,0,2,first_tutor_turn,code_programming,initial_request,deterministic_regex_v1
BC-HNMU-G9-R0287-STT6-AI04,HNMU-G9-R0287-STT6,9,Bài 16: Thực hành: Lập chương trình máy tính,"Hướng dẫn Nhiệm vụ 1, trang 83",Hiểu,true,2,2,4,early_followup,code_programming,student_reply_present;short_confirmation,deterministic_regex_v1
BC-HNMU-G9-R0287-STT6-AI06,HNMU-G9-R0287-STT6,9,Bài 16: Thực hành: Lập chương trình máy tính,"Hướng dẫn Nhiệm vụ 1, trang 83",Hiểu,true,4,4-6,6,early_followup,code_programming,student_reply_present;attempt_or_answer,deterministic_regex_v1
BC-HNMU-G9-R0287-STT6-AI08,HNMU-G9-R0287-STT6,9,Bài 16: Thực hành: Lập chương trình máy tính,"Hướng dẫn Nhiệm vụ 1, trang 83",Hiểu,true,6,4-6,8,later_followup,code_programming,student_reply_present;attempt_or_answer,deterministic_regex_v1
BC-HNMU-G9-R0287-STT6-AI10,HNMU-G9-R0287-STT6,9,Bài 16: Thực hành: Lập chương trình máy tính,"Hướng dẫn Nhiệm vụ 1, trang 83",Hiểu,true,8,8+,10,later_followup,code_programming,student_reply_present;attempt_or_answer,deterministic_regex_v1
BC-HNMU-G9-R0288-STT7-AI02,HNMU-G9-R0288-STT7,9,Bài 16: Thực hành: Lập chương trình máy tính,"Bảng 16.1 (Gỡ lỗi), trang 84",Hiểu,false,0,0,2,first_tutor_turn,code_programming,initial_request,deterministic_regex_v1
BC-HNMU-G9-R0288-STT7-AI04,HNMU-G9-R0288-STT7,9,Bài 16: Thực hành: Lập chương trình máy tính,"Bảng 16.1 (Gỡ lỗi), trang 84",Hiểu,true,2,2,4,early_followup,code_programming,student_reply_present;attempt_or_answer,deterministic_regex_v1
BC-HNMU-G9-R0288-STT7-AI06,HNMU-G9-R0288-STT7,9,Bài 16: Thực hành: Lập chương trình máy tính,"Bảng 16.1 (Gỡ lỗi), trang 84",Hiểu,true,4,4-6,6,early_followup,code_programming,student_reply_present;attempt_or_answer,deterministic_regex_v1
BC-HNMU-G9-R0288-STT7-AI08,HNMU-G9-R0288-STT7,9,Bài 16: Thực hành: Lập chương trình máy tính,"Bảng 16.1 (Gỡ lỗi), trang 84",Hiểu,true,6,4-6,8,later_followup,code_programming,student_reply_present;attempt_or_answer,deterministic_regex_v1
BC-HNMU-G9-R0289-STT8-AI02,HNMU-G9-R0289-STT8,9,Bài 16: Thực hành: Lập chương trình máy tính,"Bảng 16.1 (Gỡ lỗi), trang 84",Hiểu,false,0,0,2,first_tutor_turn,code_programming,initial_request,deterministic_regex_v1
BC-HNMU-G9-R0289-STT8-AI04,HNMU-G9-R0289-STT8,9,Bài 16: Thực hành: Lập chương trình máy tính,"Bảng 16.1 (Gỡ lỗi), trang 84",Hiểu,true,2,2,4,early_followup,code_programming,student_reply_present;attempt_or_answer,deterministic_regex_v1
BC-HNMU-G9-R0289-STT8-AI06,HNMU-G9-R0289-STT8,9,Bài 16: Thực hành: Lập chương trình máy tính,"Bảng 16.1 (Gỡ lỗi), trang 84",Hiểu,true,4,4-6,6,early_followup,code_programming,student_reply_present;attempt_or_answer,deterministic_regex_v1
BC-HNMU-G9-R0289-STT8-AI08,HNMU-G9-R0289-STT8,9,Bài 16: Thực hành: Lập chương trình máy tính,"Bảng 16.1 (Gỡ lỗi), trang 84",Hiểu,true,6,4-6,8,later_followup,code_programming,student_reply_present;attempt_or_answer,deterministic_regex_v1
BC-HNMU-G9-R0290-STT9-AI02,HNMU-G9-R0290-STT9,9,Bài 16: Thực hành: Lập chương trình máy tính,"Nhiệm vụ 2, trang 86",Hiểu,false,0,0,2,first_tutor_turn,code_programming,initial_request,deterministic_regex_v1
BC-HNMU-G9-R0290-STT9-AI04,HNMU-G9-R0290-STT9,9,Bài 16: Thực hành: Lập chương trình máy tính,"Nhiệm vụ 2, trang 86",Hiểu,true,2,2,4,early_followup,code_programming,student_reply_present;attempt_or_answer,deterministic_regex_v1
BC-HNMU-G9-R0290-STT9-AI06,HNMU-G9-R0290-STT9,9,Bài 16: Thực hành: Lập chương trình máy tính,"Nhiệm vụ 2, trang 86",Hiểu,true,4,4-6,6,early_followup,code_programming,student_reply_present;attempt_or_answer,deterministic_regex_v1
BC-HNMU-G9-R0290-STT9-AI08,HNMU-G9-R0290-STT9,9,Bài 16: Thực hành: Lập chương trình máy tính,"Nhiệm vụ 2, trang 86",Hiểu,true,6,4-6,8,later_followup,code_programming,student_reply_present;attempt_or_answer,deterministic_regex_v1
BC-HNMU-G9-R0290-STT9-AI10,HNMU-G9-R0290-STT9,9,Bài 16: Thực hành: Lập chương trình máy tính,"Nhiệm vụ 2, trang 86",Hiểu,true,8,8+,10,later_followup,code_programming,student_reply_present;attempt_or_answer,deterministic_regex_v1
BC-HNMU-G9-R0291-STT10-AI02,HNMU-G9-R0291-STT10,9,Bài 16: Thực hành: Lập chương trình máy tính,"Nhiệm vụ 2, trang 86",Hiểu,false,0,0,2,first_tutor_turn,code_programming,initial_request,deterministic_regex_v1
BC-HNMU-G9-R0291-STT10-AI04,HNMU-G9-R0291-STT10,9,Bài 16: Thực hành: Lập chương trình máy tính,"Nhiệm vụ 2, trang 86",Hiểu,true,2,2,4,early_followup,code_programming,student_reply_present;short_confirmation,deterministic_regex_v1
BC-HNMU-G9-R0291-STT10-AI06,HNMU-G9-R0291-STT10,9,Bài 16: Thực hành: Lập chương trình máy tính,"Nhiệm vụ 2, trang 86",Hiểu,true,4,4-6,6,early_followup,code_programming,student_reply_present;attempt_or_answer,deterministic_regex_v1
BC-HNMU-G9-R0291-STT10-AI08,HNMU-G9-R0291-STT10,9,Bài 16: Thực hành: Lập chương trình máy tính,"Nhiệm vụ 2, trang 86",Hiểu,true,6,4-6,8,later_followup,code_programming,student_reply_present;attempt_or_answer,deterministic_regex_v1
BC-HNMU-G9-R0291-STT10-AI10,HNMU-G9-R0291-STT10,9,Bài 16: Thực hành: Lập chương trình máy tính,"Nhiệm vụ 2, trang 86",Hiểu,true,8,8+,10,later_followup,code_programming,student_reply_present;attempt_or_answer,deterministic_regex_v1
BC-HNMU-G9-R0292-STT11-AI02,HNMU-G9-R0292-STT11,9,Bài 16: Thực hành: Lập chương trình máy tính,"Nhiệm vụ 1, trang 83",Vận dụng,false,0,0,2,first_tutor_turn,code_programming,initial_request,deterministic_regex_v1
BC-HNMU-G9-R0292-STT11-AI04,HNMU-G9-R0292-STT11,9,Bài 16: Thực hành: Lập chương trình máy tính,"Nhiệm vụ 1, trang 83",Vận dụng,true,2,2,4,early_followup,code_programming,student_reply_present;attempt_or_answer,deterministic_regex_v1
BC-HNMU-G9-R0292-STT11-AI06,HNMU-G9-R0292-STT11,9,Bài 16: Thực hành: Lập chương trình máy tính,"Nhiệm vụ 1, trang 83",Vận dụng,true,4,4-6,6,early_followup,code_programming,student_reply_present;attempt_or_answer,deterministic_regex_v1
BC-HNMU-G9-R0292-STT11-AI08,HNMU-G9-R0292-STT11,9,Bài 16: Thực hành: Lập chương trình máy tính,"Nhiệm vụ 1, trang 83",Vận dụng,true,6,4-6,8,later_followup,code_programming,student_reply_present;attempt_or_answer,deterministic_regex_v1
BC-HNMU-G9-R0292-STT11-AI10,HNMU-G9-R0292-STT11,9,Bài 16: Thực hành: Lập chương trình máy tính,"Nhiệm vụ 1, trang 83",Vận dụng,true,8,8+,10,later_followup,code_programming,student_reply_present;attempt_or_answer,deterministic_regex_v1
BC-HNMU-G9-R0293-STT12-AI02,HNMU-G9-R0293-STT12,9,Bài 16: Thực hành: Lập chương trình máy tính,"Nhiệm vụ 2 (Bảng 16.2), trang 86",Vận dụng,false,0,0,2,first_tutor_turn,code_programming,initial_request,deterministic_regex_v1
BC-HNMU-G9-R0293-STT12-AI04,HNMU-G9-R0293-STT12,9,Bài 16: Thực hành: Lập chương trình máy tính,"Nhiệm vụ 2 (Bảng 16.2), trang 86",Vận dụng,true,2,2,4,early_followup,code_programming,student_reply_present;attempt_or_answer,deterministic_regex_v1
BC-HNMU-G9-R0293-STT12-AI06,HNMU-G9-R0293-STT12,9,Bài 16: Thực hành: Lập chương trình máy tính,"Nhiệm vụ 2 (Bảng 16.2), trang 86",Vận dụng,true,4,4-6,6,early_followup,code_programming,student_reply_present;attempt_or_answer,deterministic_regex_v1
BC-HNMU-G9-R0293-STT12-AI08,HNMU-G9-R0293-STT12,9,Bài 16: Thực hành: Lập chương trình máy tính,"Nhiệm vụ 2 (Bảng 16.2), trang 86",Vận dụng,true,6,4-6,8,later_followup,code_programming,student_reply_present;attempt_or_answer,deterministic_regex_v1
BC-HNMU-G9-R0293-STT12-AI10,HNMU-G9-R0293-STT12,9,Bài 16: Thực hành: Lập chương trình máy tính,"Nhiệm vụ 2 (Bảng 16.2), trang 86",Vận dụng,true,8,8+,10,later_followup,code_programming,student_reply_present;attempt_or_answer,deterministic_regex_v1
BC-HNMU-G9-R0294-STT13-AI02,HNMU-G9-R0294-STT13,9,Bài 16: Thực hành: Lập chương trình máy tính,"Gỡ lỗi (Vận dụng mở rộng), trang 84",Vận dụng,false,0,0,2,first_tutor_turn,code_programming,initial_request,deterministic_regex_v1
BC-HNMU-G9-R0294-STT13-AI04,HNMU-G9-R0294-STT13,9,Bài 16: Thực hành: Lập chương trình máy tính,"Gỡ lỗi (Vận dụng mở rộng), trang 84",Vận dụng,true,2,2,4,early_followup,code_programming,student_reply_present;attempt_or_answer,deterministic_regex_v1
BC-HNMU-G9-R0294-STT13-AI06,HNMU-G9-R0294-STT13,9,Bài 16: Thực hành: Lập chương trình máy tính,"Gỡ lỗi (Vận dụng mở rộng), trang 84",Vận dụng,true,4,4-6,6,early_followup,code_programming,student_reply_present;attempt_or_answer,deterministic_regex_v1
BC-HNMU-G9-R0294-STT13-AI08,HNMU-G9-R0294-STT13,9,Bài 16: Thực hành: Lập chương trình máy tính,"Gỡ lỗi (Vận dụng mở rộng), trang 84",Vận dụng,true,6,4-6,8,later_followup,code_programming,student_reply_present;attempt_or_answer,deterministic_regex_v1
BC-HNMU-G9-R0294-STT13-AI10,HNMU-G9-R0294-STT13,9,Bài 16: Thực hành: Lập chương trình máy tính,"Gỡ lỗi (Vận dụng mở rộng), trang 84",Vận dụng,true,8,8+,10,later_followup,code_programming,student_reply_present;attempt_or_answer,deterministic_regex_v1
BC-HNMU-G9-R0295-STT14-AI02,HNMU-G9-R0295-STT14,9,Bài 16: Thực hành: Lập chương trình máy tính,"Vận dụng, trang 86",Vận dụng,false,0,0,2,first_tutor_turn,code_programming,initial_request,deterministic_regex_v1
BC-HNMU-G9-R0295-STT14-AI04,HNMU-G9-R0295-STT14,9,Bài 16: Thực hành: Lập chương trình máy tính,"Vận dụng, trang 86",Vận dụng,true,2,2,4,early_followup,code_programming,student_reply_present;short_confirmation,deterministic_regex_v1
BC-HNMU-G9-R0295-STT14-AI06,HNMU-G9-R0295-STT14,9,Bài 16: Thực hành: Lập chương trình máy tính,"Vận dụng, trang 86",Vận dụng,true,4,4-6,6,early_followup,code_programming,student_reply_present;attempt_or_answer,deterministic_regex_v1
BC-HNMU-G9-R0295-STT14-AI08,HNMU-G9-R0295-STT14,9,Bài 16: Thực hành: Lập chương trình máy tính,"Vận dụng, trang 86",Vận dụng,true,6,4-6,8,later_followup,code_programming,student_reply_present;attempt_or_answer,deterministic_regex_v1
BC-HNMU-G9-R0295-STT14-AI10,HNMU-G9-R0295-STT14,9,Bài 16: Thực hành: Lập chương trình máy tính,"Vận dụng, trang 86",Vận dụng,true,8,8+,10,later_followup,code_programming,student_reply_present;attempt_or_answer,deterministic_regex_v1
BC-HNMU-G9-R0296-STT1-AI02,HNMU-G9-R0296-STT1,9,Bài 17: Tin học và thế giới nghề nghiệp,"Mục 1, trang 87, 88",Biết,false,0,0,2,first_tutor_turn,algorithm,initial_request,deterministic_regex_v1
BC-HNMU-G9-R0296-STT1-AI04,HNMU-G9-R0296-STT1,9,Bài 17: Tin học và thế giới nghề nghiệp,"Mục 1, trang 87, 88",Biết,true,2,2,4,early_followup,algorithm,student_reply_present;attempt_or_answer,deterministic_regex_v1
BC-HNMU-G9-R0296-STT1-AI06,HNMU-G9-R0296-STT1,9,Bài 17: Tin học và thế giới nghề nghiệp,"Mục 1, trang 87, 88",Biết,true,4,4-6,6,early_followup,algorithm,student_reply_present;attempt_or_answer,deterministic_regex_v1
BC-HNMU-G9-R0296-STT1-AI08,HNMU-G9-R0296-STT1,9,Bài 17: Tin học và thế giới nghề nghiệp,"Mục 1, trang 87, 88",Biết,true,6,4-6,8,later_followup,algorithm,student_reply_present;student_question,deterministic_regex_v1
BC-HNMU-G9-R0297-STT2-AI02,HNMU-G9-R0297-STT2,9,Bài 17: Tin học và thế giới nghề nghiệp,"Mục 1, trang 88",Biết,false,0,0,2,first_tutor_turn,algorithm,initial_request,deterministic_regex_v1
BC-HNMU-G9-R0297-STT2-AI04,HNMU-G9-R0297-STT2,9,Bài 17: Tin học và thế giới nghề nghiệp,"Mục 1, trang 88",Biết,true,2,2,4,early_followup,algorithm,student_reply_present;attempt_or_answer,deterministic_regex_v1
BC-HNMU-G9-R0297-STT2-AI06,HNMU-G9-R0297-STT2,9,Bài 17: Tin học và thế giới nghề nghiệp,"Mục 1, trang 88",Biết,true,4,4-6,6,early_followup,algorithm,student_reply_present;attempt_or_answer,deterministic_regex_v1
BC-HNMU-G9-R0297-STT2-AI08,HNMU-G9-R0297-STT2,9,Bài 17: Tin học và thế giới nghề nghiệp,"Mục 1, trang 88",Biết,true,6,4-6,8,later_followup,algorithm,student_reply_present;attempt_or_answer,deterministic_regex_v1
BC-HNMU-G9-R0298-STT3-AI02,HNMU-G9-R0298-STT3,9,Bài 17: Tin học và thế giới nghề nghiệp,"Mục 2, trang 88",Biết,false,0,0,2,first_tutor_turn,concept_or_other,initial_request,deterministic_regex_v1
BC-HNMU-G9-R0298-STT3-AI04,HNMU-G9-R0298-STT3,9,Bài 17: Tin học và thế giới nghề nghiệp,"Mục 2, trang 88",Biết,true,2,2,4,early_followup,concept_or_other,student_reply_present;attempt_or_answer,deterministic_regex_v1
BC-HNMU-G9-R0298-STT3-AI06,HNMU-G9-R0298-STT3,9,Bài 17: Tin học và thế giới nghề nghiệp,"Mục 2, trang 88",Biết,true,4,4-6,6,early_followup,concept_or_other,student_reply_present;student_question,deterministic_regex_v1
BC-HNMU-G9-R0298-STT3-AI08,HNMU-G9-R0298-STT3,9,Bài 17: Tin học và thế giới nghề nghiệp,"Mục 2, trang 88",Biết,true,6,4-6,8,later_followup,concept_or_other,student_reply_present;attempt_or_answer,deterministic_regex_v1
BC-HNMU-G9-R0299-STT4-AI02,HNMU-G9-R0299-STT4,9,Bài 17: Tin học và thế giới nghề nghiệp,"Mục 3, trang 89",Biết,false,0,0,2,first_tutor_turn,concept_or_other,initial_request,deterministic_regex_v1
BC-HNMU-G9-R0299-STT4-AI04,HNMU-G9-R0299-STT4,9,Bài 17: Tin học và thế giới nghề nghiệp,"Mục 3, trang 89",Biết,true,2,2,4,early_followup,concept_or_other,student_reply_present;attempt_or_answer,deterministic_regex_v1
BC-HNMU-G9-R0299-STT4-AI06,HNMU-G9-R0299-STT4,9,Bài 17: Tin học và thế giới nghề nghiệp,"Mục 3, trang 89",Biết,true,4,4-6,6,early_followup,concept_or_other,student_reply_present;attempt_or_answer,deterministic_regex_v1
BC-HNMU-G9-R0299-STT4-AI08,HNMU-G9-R0299-STT4,9,Bài 17: Tin học và thế giới nghề nghiệp,"Mục 3, trang 89",Biết,true,6,4-6,8,later_followup,concept_or_other,student_reply_present;attempt_or_answer,deterministic_regex_v1
BC-HNMU-G9-R0300-STT5-AI02,HNMU-G9-R0300-STT5,9,Bài 17: Tin học và thế giới nghề nghiệp,"Mục 1, trang 87, 88",Hiểu,false,0,0,2,first_tutor_turn,algorithm,initial_request,deterministic_regex_v1
BC-HNMU-G9-R0300-STT5-AI04,HNMU-G9-R0300-STT5,9,Bài 17: Tin học và thế giới nghề nghiệp,"Mục 1, trang 87, 88",Hiểu,true,2,2,4,early_followup,algorithm,student_reply_present;attempt_or_answer,deterministic_regex_v1
BC-HNMU-G9-R0300-STT5-AI06,HNMU-G9-R0300-STT5,9,Bài 17: Tin học và thế giới nghề nghiệp,"Mục 1, trang 87, 88",Hiểu,true,4,4-6,6,early_followup,algorithm,student_reply_present;attempt_or_answer,deterministic_regex_v1
BC-HNMU-G9-R0300-STT5-AI08,HNMU-G9-R0300-STT5,9,Bài 17: Tin học và thế giới nghề nghiệp,"Mục 1, trang 87, 88",Hiểu,true,6,4-6,8,later_followup,algorithm,student_reply_present;attempt_or_answer,deterministic_regex_v1
BC-HNMU-G9-R0301-STT6-AI02,HNMU-G9-R0301-STT6,9,Bài 17: Tin học và thế giới nghề nghiệp,"Mục 2, trang 88, 89",Hiểu,false,0,0,2,first_tutor_turn,concept_or_other,initial_request,deterministic_regex_v1
BC-HNMU-G9-R0301-STT6-AI04,HNMU-G9-R0301-STT6,9,Bài 17: Tin học và thế giới nghề nghiệp,"Mục 2, trang 88, 89",Hiểu,true,2,2,4,early_followup,concept_or_other,student_reply_present;attempt_or_answer,deterministic_regex_v1
BC-HNMU-G9-R0301-STT6-AI06,HNMU-G9-R0301-STT6,9,Bài 17: Tin học và thế giới nghề nghiệp,"Mục 2, trang 88, 89",Hiểu,true,4,4-6,6,early_followup,concept_or_other,student_reply_present;attempt_or_answer,deterministic_regex_v1
BC-HNMU-G9-R0301-STT6-AI08,HNMU-G9-R0301-STT6,9,Bài 17: Tin học và thế giới nghề nghiệp,"Mục 2, trang 88, 89",Hiểu,true,6,4-6,8,later_followup,concept_or_other,student_reply_present;attempt_or_answer,deterministic_regex_v1
BC-HNMU-G9-R0301-STT6-AI10,HNMU-G9-R0301-STT6,9,Bài 17: Tin học và thế giới nghề nghiệp,"Mục 2, trang 88, 89",Hiểu,true,8,8+,10,later_followup,concept_or_other,student_reply_present;attempt_or_answer,deterministic_regex_v1
BC-HNMU-G9-R0302-STT7-AI02,HNMU-G9-R0302-STT7,9,Bài 17: Tin học và thế giới nghề nghiệp,"Mục 2, trang 88",Hiểu,false,0,0,2,first_tutor_turn,data_information,initial_request,deterministic_regex_v1
BC-HNMU-G9-R0302-STT7-AI04,HNMU-G9-R0302-STT7,9,Bài 17: Tin học và thế giới nghề nghiệp,"Mục 2, trang 88",Hiểu,true,2,2,4,early_followup,data_information,student_reply_present;attempt_or_answer,deterministic_regex_v1
BC-HNMU-G9-R0302-STT7-AI06,HNMU-G9-R0302-STT7,9,Bài 17: Tin học và thế giới nghề nghiệp,"Mục 2, trang 88",Hiểu,true,4,4-6,6,early_followup,data_information,student_reply_present;attempt_or_answer,deterministic_regex_v1
BC-HNMU-G9-R0302-STT7-AI08,HNMU-G9-R0302-STT7,9,Bài 17: Tin học và thế giới nghề nghiệp,"Mục 2, trang 88",Hiểu,true,6,4-6,8,later_followup,data_information,student_reply_present;attempt_or_answer,deterministic_regex_v1
BC-HNMU-G9-R0302-STT7-AI10,HNMU-G9-R0302-STT7,9,Bài 17: Tin học và thế giới nghề nghiệp,"Mục 2, trang 88",Hiểu,true,8,8+,10,later_followup,data_information,student_reply_present;attempt_or_answer,deterministic_regex_v1
BC-HNMU-G9-R0303-STT8-AI02,HNMU-G9-R0303-STT8,9,Bài 17: Tin học và thế giới nghề nghiệp,"Mục 3, trang 89, 90",Hiểu,false,0,0,2,first_tutor_turn,concept_or_other,initial_request,deterministic_regex_v1
BC-HNMU-G9-R0303-STT8-AI04,HNMU-G9-R0303-STT8,9,Bài 17: Tin học và thế giới nghề nghiệp,"Mục 3, trang 89, 90",Hiểu,true,2,2,4,early_followup,concept_or_other,student_reply_present;attempt_or_answer,deterministic_regex_v1
BC-HNMU-G9-R0303-STT8-AI06,HNMU-G9-R0303-STT8,9,Bài 17: Tin học và thế giới nghề nghiệp,"Mục 3, trang 89, 90",Hiểu,true,4,4-6,6,early_followup,concept_or_other,student_reply_present;attempt_or_answer,deterministic_regex_v1
BC-HNMU-G9-R0303-STT8-AI08,HNMU-G9-R0303-STT8,9,Bài 17: Tin học và thế giới nghề nghiệp,"Mục 3, trang 89, 90",Hiểu,true,6,4-6,8,later_followup,concept_or_other,student_reply_present;attempt_or_answer,deterministic_regex_v1
BC-HNMU-G9-R0304-STT9-AI02,HNMU-G9-R0304-STT9,9,Bài 17: Tin học và thế giới nghề nghiệp,"Mục 3, trang 89",Hiểu,false,0,0,2,first_tutor_turn,concept_or_other,initial_request,deterministic_regex_v1
BC-HNMU-G9-R0304-STT9-AI04,HNMU-G9-R0304-STT9,9,Bài 17: Tin học và thế giới nghề nghiệp,"Mục 3, trang 89",Hiểu,true,2,2,4,early_followup,concept_or_other,student_reply_present;attempt_or_answer,deterministic_regex_v1
BC-HNMU-G9-R0304-STT9-AI06,HNMU-G9-R0304-STT9,9,Bài 17: Tin học và thế giới nghề nghiệp,"Mục 3, trang 89",Hiểu,true,4,4-6,6,early_followup,concept_or_other,student_reply_present;attempt_or_answer,deterministic_regex_v1
BC-HNMU-G9-R0304-STT9-AI08,HNMU-G9-R0304-STT9,9,Bài 17: Tin học và thế giới nghề nghiệp,"Mục 3, trang 89",Hiểu,true,6,4-6,8,later_followup,concept_or_other,student_reply_present;attempt_or_answer,deterministic_regex_v1
BC-HNMU-G9-R0305-STT10-AI02,HNMU-G9-R0305-STT10,9,Bài 17: Tin học và thế giới nghề nghiệp,"Mục 3, trang 89",Hiểu,false,0,0,2,first_tutor_turn,code_programming,initial_request,deterministic_regex_v1
BC-HNMU-G9-R0305-STT10-AI04,HNMU-G9-R0305-STT10,9,Bài 17: Tin học và thế giới nghề nghiệp,"Mục 3, trang 89",Hiểu,true,2,2,4,early_followup,code_programming,student_reply_present;attempt_or_answer,deterministic_regex_v1
BC-HNMU-G9-R0305-STT10-AI06,HNMU-G9-R0305-STT10,9,Bài 17: Tin học và thế giới nghề nghiệp,"Mục 3, trang 89",Hiểu,true,4,4-6,6,early_followup,code_programming,student_reply_present;attempt_or_answer,deterministic_regex_v1
BC-HNMU-G9-R0305-STT10-AI08,HNMU-G9-R0305-STT10,9,Bài 17: Tin học và thế giới nghề nghiệp,"Mục 3, trang 89",Hiểu,true,6,4-6,8,later_followup,code_programming,student_reply_present;attempt_or_answer,deterministic_regex_v1
BC-HNMU-G9-R0306-STT11-AI02,HNMU-G9-R0306-STT11,9,Bài 17: Tin học và thế giới nghề nghiệp,"Vận dụng, trang 90",Vận dụng,false,0,0,2,first_tutor_turn,concept_or_other,initial_request,deterministic_regex_v1
BC-HNMU-G9-R0306-STT11-AI04,HNMU-G9-R0306-STT11,9,Bài 17: Tin học và thế giới nghề nghiệp,"Vận dụng, trang 90",Vận dụng,true,2,2,4,early_followup,concept_or_other,student_reply_present;attempt_or_answer,deterministic_regex_v1
BC-HNMU-G9-R0306-STT11-AI06,HNMU-G9-R0306-STT11,9,Bài 17: Tin học và thế giới nghề nghiệp,"Vận dụng, trang 90",Vận dụng,true,4,4-6,6,early_followup,concept_or_other,student_reply_present;attempt_or_answer,deterministic_regex_v1
BC-HNMU-G9-R0306-STT11-AI08,HNMU-G9-R0306-STT11,9,Bài 17: Tin học và thế giới nghề nghiệp,"Vận dụng, trang 90",Vận dụng,true,6,4-6,8,later_followup,concept_or_other,student_reply_present;attempt_or_answer,deterministic_regex_v1
BC-HNMU-G9-R0307-STT12-AI02,HNMU-G9-R0307-STT12,9,Bài 17: Tin học và thế giới nghề nghiệp,"Luyện tập, trang 90",Vận dụng,false,0,0,2,first_tutor_turn,multimedia_presentation,initial_request,deterministic_regex_v1
BC-HNMU-G9-R0307-STT12-AI04,HNMU-G9-R0307-STT12,9,Bài 17: Tin học và thế giới nghề nghiệp,"Luyện tập, trang 90",Vận dụng,true,2,2,4,early_followup,multimedia_presentation,student_reply_present;attempt_or_answer,deterministic_regex_v1
BC-HNMU-G9-R0307-STT12-AI06,HNMU-G9-R0307-STT12,9,Bài 17: Tin học và thế giới nghề nghiệp,"Luyện tập, trang 90",Vận dụng,true,4,4-6,6,early_followup,multimedia_presentation,student_reply_present;attempt_or_answer,deterministic_regex_v1
BC-HNMU-G9-R0307-STT12-AI08,HNMU-G9-R0307-STT12,9,Bài 17: Tin học và thế giới nghề nghiệp,"Luyện tập, trang 90",Vận dụng,true,6,4-6,8,later_followup,multimedia_presentation,student_reply_present;attempt_or_answer,deterministic_regex_v1
BC-HNMU-G9-R0308-STT13-AI02,HNMU-G9-R0308-STT13,9,Bài 17: Tin học và thế giới nghề nghiệp,Vận dụng (sinh thêm),Vận dụng,false,0,0,2,first_tutor_turn,algorithm,initial_request,deterministic_regex_v1
BC-HNMU-G9-R0308-STT13-AI04,HNMU-G9-R0308-STT13,9,Bài 17: Tin học và thế giới nghề nghiệp,Vận dụng (sinh thêm),Vận dụng,true,2,2,4,early_followup,algorithm,student_reply_present;attempt_or_answer,deterministic_regex_v1
BC-HNMU-G9-R0308-STT13-AI06,HNMU-G9-R0308-STT13,9,Bài 17: Tin học và thế giới nghề nghiệp,Vận dụng (sinh thêm),Vận dụng,true,4,4-6,6,early_followup,algorithm,student_reply_present;attempt_or_answer,deterministic_regex_v1
BC-HNMU-G9-R0308-STT13-AI08,HNMU-G9-R0308-STT13,9,Bài 17: Tin học và thế giới nghề nghiệp,Vận dụng (sinh thêm),Vận dụng,true,6,4-6,8,later_followup,algorithm,student_reply_present;attempt_or_answer,deterministic_regex_v1
BC-HNMU-G9-R0309-STT14-AI02,HNMU-G9-R0309-STT14,9,Bài 17: Tin học và thế giới nghề nghiệp,"Vận dụng, trang 90 (sinh thêm)",Vận dụng,false,0,0,2,first_tutor_turn,code_programming,initial_request,deterministic_regex_v1
BC-HNMU-G9-R0309-STT14-AI04,HNMU-G9-R0309-STT14,9,Bài 17: Tin học và thế giới nghề nghiệp,"Vận dụng, trang 90 (sinh thêm)",Vận dụng,true,2,2,4,early_followup,code_programming,student_reply_present;attempt_or_answer,deterministic_regex_v1
BC-HNMU-G9-R0309-STT14-AI06,HNMU-G9-R0309-STT14,9,Bài 17: Tin học và thế giới nghề nghiệp,"Vận dụng, trang 90 (sinh thêm)",Vận dụng,true,4,4-6,6,early_followup,code_programming,student_reply_present;attempt_or_answer,deterministic_regex_v1
BC-HNMU-G9-R0309-STT14-AI08,HNMU-G9-R0309-STT14,9,Bài 17: Tin học và thế giới nghề nghiệp,"Vận dụng, trang 90 (sinh thêm)",Vận dụng,true,6,4-6,8,later_followup,code_programming,student_reply_present;attempt_or_answer,deterministic_regex_v1
