benchmark_candidate_id,sample_id,grade,lesson,position,cognitive_band,history_present,history_turn_count,history_depth_bin,target_tutor_turn_index,target_position_bin,content_form_signal,student_state_signal,feature_method,selection_rank_within_grade,selection_reason,selection_seed,bloom_level,student_prompt,conversation_history,gold_response,gold_answer
BC-HNMU-G6-R0048-STT5-AI04,HNMU-G6-R0048-STT5,6,Bài 4. Mạng máy tính,"Mục 1, Trang 17 SGK",Hiểu,true,2,2,4,early_followup,hardware_network,student_reply_present;attempt_or_answer,deterministic_regex_v1,1,history_depth_quota=2;new:cognitive_band=Hiểu|history_present=true|history_depth_bin=2|target_position_bin=early_followup|content_form_signal=hardware_network|student_state_signal=student_reply_present;attempt_or_answer,plan03-task-discovery-v1,Thông hiểu (Giải thích lợi ích),"Thầy ơi, nếu không có mạng thì máy tính vẫn hoạt động được mà, tại sao phải cần mạng ạ?","[{""turn_index"": 2, ""role"": ""tutor"", ""content"": ""Đúng là máy vẫn chạy, nhưng em thử nghĩ xem: Nếu cả lớp có 30 máy tính mà chỉ có 1 máy in, ta phải làm sao để máy nào cũng in được?""}, {""turn_index"": 3, ""role"": ""student"", ""content"": ""Chắc là phải copy vào USB rồi mang ra máy có nối máy in ạ.""}]","Thế thì hơi vất vả nhỉ? Nếu có mạng, tất cả máy tính có thể ""dùng chung"" máy in đó ngay tại chỗ. Đó gọi là lợi ích gì em nhỉ?","Để chia sẻ dữ liệu, dùng chung thiết bị (như máy in) và dùng chung phần mềm."
BC-HNMU-G6-R0181-STT12-AI02,HNMU-G6-R0181-STT12,6,Bài 13: Tìm kiếm và thay thế,"Luyện tập 2, Trang 66",Vận dụng,false,0,0,2,first_tutor_turn,concept_or_other,initial_request,deterministic_regex_v1,2,history_depth_quota=0;new:cognitive_band=Vận dụng|history_present=false|history_depth_bin=0|target_position_bin=first_tutor_turn|content_form_signal=concept_or_other|student_state_signal=initial_request,plan03-task-discovery-v1,Vận dụng (Thực hiện thay thế lỗi),"Bài tập yêu cầu sửa lỗi viết dính liền ""Sapa"" thành ""Sa Pa"" cho cả bài, em làm thế nào đây thầy?",[],"Đầu tiên, em mở hộp thoại Replace lên. Từ viết sai (Sapa) em sẽ nhập vào ô nào?",(Học sinh thực hiện lệnh Replace All: Find what: Sapa; Replace with: Sa Pa).
BC-HNMU-G6-R0173-STT4-AI06,HNMU-G6-R0173-STT4,6,Bài 13: Tìm kiếm và thay thế,"Mục 2, Trang 65",Biết,true,4,4-6,6,early_followup,digital_document_tool,student_reply_present;student_question,deterministic_regex_v1,3,history_depth_quota=4-6;new:cognitive_band=Biết|history_depth_bin=4-6|content_form_signal=digital_document_tool|student_state_signal=student_reply_present;student_question,plan03-task-discovery-v1,Nhận biết (Nêu tên nút lệnh),"Thầy ơi, nếu văn bản có 100 từ ""Hà Nội"" mà em muốn đổi thành ""Thủ đô"" hết một lượt thì làm thế nào ạ?","[{""turn_index"": 2, ""role"": ""tutor"", ""content"": ""Nếu em nhấn \""Replace\"", máy sẽ chỉ đổi từng từ một. Em có thấy nút nào có chữ \""All\"" (tất cả) ở ngay bên cạnh không?""}, {""turn_index"": 3, ""role"": ""student"", ""content"": ""Dạ có nút Replace All ạ.""}, {""turn_index"": 4, ""role"": ""tutor"", ""content"": ""Đúng rồi! Em đoán xem nút đó sẽ giúp em làm gì?""}, {""turn_index"": 5, ""role"": ""student"", ""content"": ""Chắc là nó sẽ thay thế tất cả các từ máy tìm được cùng một lúc luôn đúng không thầy?""}]",Quá giỏi! Đó chính là cách nhanh nhất để xử lý yêu cầu của em.,Chọn nút lệnh Replace All.
BC-HNMU-G6-R0238-STT13-AI04,HNMU-G6-R0238-STT13,6,Bài 17: Chương trình máy tính,"Vận dụng 1, Trang 81",Vận dụng,true,2,2,4,early_followup,code_programming,student_reply_present;short_confirmation,deterministic_regex_v1,4,history_depth_quota=2;new:content_form_signal=code_programming|student_state_signal=student_reply_present;short_confirmation,plan03-task-discovery-v1,Vận dụng (Tạo được sơ đồ khối),Em không biết dùng hình học nào để vẽ sơ đồ so sánh hai số a và b.,"[{""turn_index"": 2, ""role"": ""tutor"", ""content"": ""Để so sánh hay kiểm tra một điều kiện (như a có lớn hơn b không), em có nhớ Bài 16 hướng dẫn dùng hình gì không?""}, {""turn_index"": 3, ""role"": ""student"", ""content"": ""Dạ dùng hình thoi ạ!""}]","Đúng rồi! Từ hình thoi sẽ có hai nhánh: Đúng và Sai. Nếu ""a > b"" là Đúng, em sẽ thông báo số nào lớn hơn?","Sơ đồ gồm: Bắt đầu -> Nhập a, b -> Kiểm tra a > b? -> Đúng: Xuất a; Sai: Xuất b -> Kết thúc."
BC-HNMU-G6-R0076-STT5-AI04,HNMU-G6-R0076-STT5,6,Bài 6: Mạng thông tin toàn cầu,Mục 1. Kiến thức mới (Tr. 27),Hiểu,true,2,2,4,early_followup,data_information,student_reply_present;attempt_or_answer,deterministic_regex_v1,5,history_depth_quota=2;new:content_form_signal=data_information,plan03-task-discovery-v1,Thông hiểu (Giải thích chức năng),Tại sao mỗi website lại cần một địa chỉ riêng dài dằng dặc thế ạ?,"[{""turn_index"": 2, ""role"": ""tutor"", ""content"": ""Nếu em muốn gửi thư cho một người bạn, em có cần biết địa chỉ nhà bạn ấy không?""}, {""turn_index"": 3, ""role"": ""student"", ""content"": ""Dạ cần chứ ạ, nếu không thư sẽ bị lạc.""}]","Website cũng vậy! Internet rất rộng lớn, địa chỉ website giúp trình duyệt tìm đúng ""căn nhà"" chứa thông tin em cần. Vậy địa chỉ đó có được trùng nhau không nhỉ?",Dùng để xác định vị trí duy nhất của website đó trên mạng để người dùng có thể truy cập.
BC-HNMU-G6-R0091-STT6-AI04,HNMU-G6-R0091-STT6,6,Bài 7: Tìm kiếm thông tin trên Internet,Mục 1. Lưu ý (Tr. 32),Hiểu,true,2,2,4,early_followup,digital_ethics_safety,student_reply_present;attempt_or_answer,deterministic_regex_v1,6,history_depth_quota=2;new:content_form_signal=digital_ethics_safety,plan03-task-discovery-v1,Thông hiểu (Giải thích được sự cần thiết),"Thầy ơi, có trang web hỏi số điện thoại của em để cho xem kết quả, em có nên cho không?","[{""turn_index"": 2, ""role"": ""tutor"", ""content"": ""Em hãy đọc tờ giấy nhớ màu vàng ở trang 32 nhé. Nó khuyên chúng ta \""Không cung cấp thông tin cá nhân\"". Em thử đoán xem nếu người xấu biết số điện thoại của em, họ có thể làm gì?""}, {""turn_index"": 3, ""role"": ""student"", ""content"": ""Họ có thể gọi điện lừa đảo em ạ.""}]",Đúng rồi! Vậy việc giữ kín thông tin là để bảo vệ ai?,Để bảo vệ an toàn cho bản thân và tránh bị kẻ xấu lợi dụng.
BC-HNMU-G6-R0221-STT10-AI04,HNMU-G6-R0221-STT10,6,Bài 16: Các cấu trúc điều khiển,"Mục 1.a, Trang 74",Hiểu,true,2,2,4,early_followup,algorithm,student_reply_present;attempt_or_answer,deterministic_regex_v1,7,history_depth_quota=2;new:content_form_signal=algorithm,plan03-task-discovery-v1,Thông hiểu (Nhận xét về tính logic),"Nếu em đổi bước ""Cho sách vào cặp"" lên trước bước ""Xem thời khóa biểu"" thì thuật toán có chạy được không thầy?","[{""turn_index"": 2, ""role"": ""tutor"", ""content"": ""Em hãy thử tưởng tượng hành động đó xem. Em có biết cần lấy sách môn gì để cho vào cặp không nếu chưa xem thời khóa biểu?""}, {""turn_index"": 3, ""role"": ""student"", ""content"": ""Dạ không, em sẽ lấy nhầm hoặc lấy đại ạ.""}]","Đúng thế! Vậy em có nhận xét gì về tầm quan trọng của ""thứ tự"" trong cấu trúc tuần tự?",Thuật toán sẽ cho kết quả sai hoặc không thể thực hiện được do tính trình tự bị phá vỡ.
BC-HNMU-G6-R0153-STT12-AI04,HNMU-G6-R0153-STT12,6,Bài 11: Định dạng văn bản,Thực hành (Tr. 56-57),Vận dụng,true,2,2,4,early_followup,multimedia_presentation,student_reply_present;attempt_or_answer,deterministic_regex_v1,8,history_depth_quota=2;new:content_form_signal=multimedia_presentation,plan03-task-discovery-v1,Vận dụng (Tạo được sản phẩm số),"Em đang thiết kế tờ rơi nhưng nhìn nó vẫn hơi ""chán"", thầy gợi ý cho em cách làm nó bắt mắt hơn được không ạ? ","[{""turn_index"": 2, ""role"": ""tutor"", ""content"": ""Một tờ rơi hay cần có: 1. Tiêu đề thật to và đậm; 2. Hình ảnh minh họa sinh động; 3. Màu sắc chữ hài hòa. Em đã thử thay đổi phông chữ nào trông hiện đại chưa? ""}, {""turn_index"": 3, ""role"": ""student"", ""content"": ""Dạ chưa, em vẫn dùng phông mặc định ạ. ""}]","Em hãy thử phông ""Arial"" hoặc ""Segoe UI"" xem sao. Đừng quên dùng các màu sắc khác nhau cho các ý chính nhé. Em thử làm rồi cho thầy xem kết quả nào! ","HS tạo văn bản, chèn hình ảnh, định dạng phông chữ, cỡ chữ, màu sắc thu hút người xem."
BC-HNMU-G6-R0230-STT5-AI06,HNMU-G6-R0230-STT5,6,Bài 17: Chương trình máy tính,"Mục 1, Trang 78",Hiểu,true,4,4-6,6,early_followup,code_programming,student_reply_present;explicit_uncertainty,deterministic_regex_v1,9,history_depth_quota=4-6;new:student_state_signal=student_reply_present;explicit_uncertainty,plan03-task-discovery-v1,Thông hiểu (Giải thích sự cần thiết),Tại sao mình không bảo máy tính làm luôn mà phải viết chương trình phức tạp vậy ạ?,"[{""turn_index"": 2, ""role"": ""tutor"", ""content"": ""Theo em, máy tính có \""bộ não\"" thông minh tự nhiên có thể tự suy nghĩ như em không?""}, {""turn_index"": 3, ""role"": ""student"", ""content"": ""Dạ không, nó chỉ là một cái máy thôi ạ.""}, {""turn_index"": 4, ""role"": ""tutor"", ""content"": ""Đúng thế! Vậy nếu không có ai chỉ cho nó \""Bước 1 làm gì, Bước 2 làm gì\"", nó có biết phải bắt đầu từ đâu không?""}, {""turn_index"": 5, ""role"": ""student"", ""content"": ""Em hiểu rồi, nó cần chương trình làm \""bản chỉ dẫn\"" để biết phải hành động thế nào. Nếu không nó chỉ là một khối vật chất không biết hành động.""}]",Cách giải thích của em rất sâu sắc và chính xác!,"Vì máy tính là vật vô tri, nó không tự hiểu ngôn ngữ tự nhiên hay sơ đồ khối, nó cần chương trình để biết các bước thực hiện nhiệm vụ."
BC-HNMU-G6-R0239-STT14-AI08,HNMU-G6-R0239-STT14,6,Bài 17: Chương trình máy tính,"Vận dụng 2, Trang 81",Vận dụng,true,6,4-6,8,later_followup,code_programming,student_reply_present;attempt_or_answer,deterministic_regex_v1,10,history_depth_quota=4-6;new:target_position_bin=later_followup,plan03-task-discovery-v1,Vận dụng (Viết được chương trình),"Thầy ơi, em muốn viết chương trình tính trung bình cộng 3 số trong Scratch nhưng lúng túng quá.","[{""turn_index"": 2, ""role"": ""tutor"", ""content"": ""Đừng lo! Hãy dựa vào logic của bài tính trung bình 3 môn ở Hình 6.15 em vừa học. Đầu tiên em cần mấy câu lệnh \""hỏi\"" để lấy dữ liệu?""}, {""turn_index"": 3, ""role"": ""student"", ""content"": ""Dạ 3 câu hỏi cho 3 số ạ.""}, {""turn_index"": 4, ""role"": ""tutor"", ""content"": ""Đúng! Sau khi có 3 số, em dùng phép toán nào để tính giá trị trung bình?""}, {""turn_index"": 5, ""role"": ""student"", ""content"": ""Em lấy tổng 3 số đó rồi chia cho 3 ạ.""}, {""turn_index"": 6, ""role"": ""tutor"", ""content"": ""Chính xác. Cuối cùng, em dùng khối lệnh nào để máy tính hiện kết quả ra màn hình?""}, {""turn_index"": 7, ""role"": ""student"", ""content"": ""Dùng khối lệnh \""nói\"" ạ. Em làm được rồi, cảm ơn thầy!""}]",Giỏi lắm! Em đã hoàn thành thử thách lập trình một cách độc lập.,Sử dụng các lệnh: khi nhấn vào lá cờ; hỏi và đợi; đặt biến; phép toán cộng và chia; nói.
BC-HNMU-G6-R0044-STT1-AI02,HNMU-G6-R0044-STT1,6,Bài 4. Mạng máy tính,Mục 1. Trang 17 SGK,Biết,false,0,0,2,first_tutor_turn,hardware_network,initial_request,deterministic_regex_v1,11,history_depth_quota=0;rare_stratum_and_family_diversity,plan03-task-discovery-v1,Nhận biết (Biết được khái niệm),"Thầy ơi, mạng máy tính có phải chỉ là các máy tính nối dây với nhau không ạ?",[],"Chào em! Một câu hỏi rất hay để bắt đầu bài học. Em hãy nghĩ xem, ngoài máy tính, điện thoại của em có thể nhận ảnh từ máy tính khác không?",Là tập hợp các máy tính và thiết bị được kết nối để truyền thông tin cho nhau.
BC-HNMU-G6-R0094-STT9-AI04,HNMU-G6-R0094-STT9,6,Bài 7: Tìm kiếm thông tin trên Internet,Mục 2. Lưu ý (SGV Tr. 47),Hiểu,true,2,2,4,early_followup,hardware_network,student_reply_present;attempt_or_answer,deterministic_regex_v1,12,history_depth_quota=2;rare_stratum_and_family_diversity,plan03-task-discovery-v1,Thông hiểu (Giải thích sự cần thiết),"Nếu em muốn tìm ""lịch thi đấu bóng đá"", em chỉ gõ từ ""bóng đá"" thôi được không thầy?","[{""turn_index"": 2, ""role"": ""tutor"", ""content"": ""Nếu em gõ \""bóng đá\"", máy sẽ hiện ra cả triệu kết quả về: luật chơi, bán bóng, tin tức... Liệu em có dễ dàng tìm thấy \""lịch thi đấu\"" không?""}, {""turn_index"": 3, ""role"": ""student"", ""content"": ""Dạ chắc là khó ạ, vì nhiều thông tin quá.""}]","Vậy nếu em thêm chữ ""lịch thi đấu"" vào sau, kết quả sẽ như thế nào?","Để máy tìm kiếm thu hẹp phạm vi và đưa ra kết quả chính xác, đúng nhu cầu hơn."
BC-HNMU-G6-R0171-STT2-AI02,HNMU-G6-R0171-STT2,6,Bài 13: Tìm kiếm và thay thế,"Mục 2, Trang 65",Biết,false,0,0,2,first_tutor_turn,concept_or_other,initial_request,deterministic_regex_v1,13,history_depth_quota=0;rare_stratum_and_family_diversity,plan03-task-discovery-v1,Nhận biết (Nêu tên lệnh),"Thầy ơi, lệnh để thay thế từ này bằng từ khác tên là gì ạ?",[],"Trong tiếng Anh, từ nào có nghĩa là ""thay thế"" nhỉ? Em thử nhìn vào nhóm Editing bên cạnh nút Find xem.",Lệnh Replace trong nhóm Editing của dải lệnh Home.
BC-HNMU-G6-R0149-STT8-AI04,HNMU-G6-R0149-STT8,6,Bài 11: Định dạng văn bản,Luyện tập 1 (Tr. 58),Hiểu,true,2,2,4,early_followup,digital_document_tool,student_reply_present;attempt_or_answer,deterministic_regex_v1,14,history_depth_quota=2;rare_stratum_and_family_diversity,plan03-task-discovery-v1,Thông hiểu (Phát biểu được nhiệm vụ phù hợp),"Thầy ơi, em đang làm một cái bằng khen cho bạn, em nên để tờ giấy đứng hay nằm ngang ạ? ","[{""turn_index"": 2, ""role"": ""tutor"", ""content"": ""Thông thường bằng khen có chiều ngang dài hay chiều đứng dài hơn thì trông trang trọng hơn nhỉ? ""}, {""turn_index"": 3, ""role"": ""student"", ""content"": ""Dạ thường là chiều ngang dài hơn ạ. ""}]",Đúng rồi! Đó là hướng trang ngang. Còn nếu em viết một đơn xin nghỉ học thì sao? ,"Chọn hướng trang (đứng hoặc ngang) tuỳ thuộc vào nội dung và mục đích sử dụng (vd: thư từ thường chọn hướng đứng, thời khóa biểu/chứng chỉ thường chọn hướng ngang)."
BC-HNMU-G6-R0098-STT13-AI02,HNMU-G6-R0098-STT13,6,Bài 7: Tìm kiếm thông tin trên Internet,Câu hỏi (SGV Tr. 47),Vận dụng,false,0,0,2,first_tutor_turn,hardware_network,initial_request,deterministic_regex_v1,15,history_depth_quota=0;rare_stratum_and_family_diversity,plan03-task-discovery-v1,"Vận dụng (Thực hiện được các thao tác, khai thác thông tin)","Thầy ơi, em tìm thấy một đoạn giới thiệu về Hoàng Thành rất hay, em muốn để dành để làm báo cáo thì làm sao ạ?",[],"Em có biết cách ""copy"" (sao chép) không? Đầu tiên em dùng chuột bôi đen đoạn văn đó nhé. Sau đó em nhấn chuột phải, em thấy chữ gì hiện lên?",Chọn đoạn văn bản -> Chuột phải chọn Copy -> Mở Word -> Chuột phải chọn Paste.
BC-HNMU-G6-R0213-STT2-AI04,HNMU-G6-R0213-STT2,6,Bài 16: Các cấu trúc điều khiển,"Mục 1.b, Trang 75",Biết,true,2,2,4,early_followup,concept_or_other,student_reply_present;attempt_or_answer,deterministic_regex_v1,16,history_depth_quota=2;rare_stratum_and_family_diversity,plan03-task-discovery-v1,Nhận biết (Nhận diện được ý nghĩa ký hiệu),"Trong sơ đồ khối ở Hình 6.7, tại sao người ta lại vẽ cái hình thoi hả thầy?","[{""turn_index"": 2, ""role"": ""tutor"", ""content"": ""Hãy nhớ lại trò chơi \""Đúng hay Sai\"" ở trang 74. Khi bạn thứ hai nhận câu hỏi, bạn ấy phải làm gì trước khi gật đầu hoặc lắc đầu?""}, {""turn_index"": 3, ""role"": ""student"", ""content"": ""Bạn ấy phải kiểm tra xem câu đó đúng hay sai ạ.""}]","Đúng rồi! Và để máy tính biết chỗ nào cần ""kiểm tra"" như thế, ta dùng hình thoi. Vậy hình thoi dùng để làm gì?",Hình thoi được dùng để mô tả điều kiện kiểm tra logic.
BC-HNMU-G6-R0176-STT7-AI02,HNMU-G6-R0176-STT7,6,Bài 13: Tìm kiếm và thay thế,"Mục 1, Trang 64",Hiểu,false,0,0,2,first_tutor_turn,digital_document_tool,initial_request,deterministic_regex_v1,17,history_depth_quota=0;rare_stratum_and_family_diversity,plan03-task-discovery-v1,Thông hiểu (Mô tả quy trình),Thầy tóm tắt lại các bước để em tự thực hiện tìm kiếm với ạ.,[],"Đầu tiên, em cần mở công cụ tìm kiếm ở đâu?",B1: Chọn Home/Find; B2: Nhập từ cần tìm vào ô Search; B3: Quan sát các kết quả được đánh dấu trên văn bản.
BC-HNMU-G6-R0057-STT14-AI06,HNMU-G6-R0057-STT14,6,Bài 4. Mạng máy tính,Vận dụng thực tế,Vận dụng,true,4,4-6,6,early_followup,hardware_network,student_reply_present;attempt_or_answer,deterministic_regex_v1,18,history_depth_quota=4-6;rare_stratum_and_family_diversity,plan03-task-discovery-v1,Vận dụng (Giải quyết tình huống),"Máy tính em báo ""Printer Offline"" dù em đã cắm mạng, làm sao đây thầy?","[{""turn_index"": 2, ""role"": ""tutor"", ""content"": ""Bình tĩnh nào! Đầu tiên hãy kiểm tra \""Thiết bị đầu cuối\"" là máy in xem nó đã bật nguồn chưa?""}, {""turn_index"": 3, ""role"": ""student"", ""content"": ""Dạ máy in đang bật đèn xanh ạ.""}, {""turn_index"": 4, ""role"": ""tutor"", ""content"": ""Tốt! Tiếp theo hãy xem \""Thiết bị kết nối\"" là dây cáp mạng có bị lỏng không?""}, {""turn_index"": 5, ""role"": ""student"", ""content"": ""À... dây cáp bị tuột ra một chút ạ. Em cắm lại thì in được rồi!""}]",Tuyệt vời! Em đã biết cách kiểm tra các thành phần mạng để sửa lỗi rồi đấy.,"Kiểm tra kết nối vật lý (dây cáp/wifi), kiểm tra máy in đã bật chưa, kiểm tra phần mềm mạng."
BC-HNMU-G6-R0214-STT3-AI04,HNMU-G6-R0214-STT3,6,Bài 16: Các cấu trúc điều khiển,"Mục 1.a, Trang 74",Biết,true,2,2,4,early_followup,concept_or_other,student_reply_present;attempt_or_answer,deterministic_regex_v1,19,history_depth_quota=2;rare_stratum_and_family_diversity,plan03-task-discovery-v1,Nhận biết (Nêu được khái niệm),Cấu trúc tuần tự là làm các việc cùng lúc hay thế nào ạ?,"[{""turn_index"": 2, ""role"": ""tutor"", ""content"": ""Em hãy nhìn vào Hình 6.6 trang 74. Các mũi tên chỉ từ Lệnh 1 sang Lệnh 2 rồi đến Lệnh 3 theo một đường thẳng hay rẽ hướng khác?""}, {""turn_index"": 3, ""role"": ""student"", ""content"": ""Dạ theo một đường thẳng từ trên xuống dưới ạ.""}]","Đúng vậy, việc thực hiện lần lượt như thế gọi là ""tuần tự"". Em thử nêu lại định nghĩa xem nào?",Cấu trúc tuần tự là cấu trúc mà các bước được thực hiện lần lượt từng bước một từ bắt đầu đến kết thúc.
BC-HNMU-G6-R0192-STT9-AI02,HNMU-G6-R0192-STT9,6,Bài 14: Hoàn thiện sổ lưu niệm,"Mục 1, Trang 54",Hiểu,false,0,0,2,first_tutor_turn,digital_document_tool,initial_request,deterministic_regex_v1,20,history_depth_quota=0;rare_stratum_and_family_diversity,plan03-task-discovery-v1,Thông hiểu (Phân biệt khái niệm),"Thầy ơi, em đang chỉnh màu chữ thì có gọi là biên tập nội dung không ạ?",[],"Hãy nghĩ xem: em đang thay đổi ""ý nghĩa"" của câu văn hay chỉ thay đổi ""vẻ ngoài"" của nó?","Biên tập là chỉnh sửa, bổ sung nội dung chữ; Định dạng là thay đổi cách thể hiện (phông chữ, màu sắc, căn lề)."
BC-HNMU-G6-R0083-STT12-AI06,HNMU-G6-R0083-STT12,6,Bài 6: Mạng thông tin toàn cầu,Vận dụng 2 (Tr. 31),Vận dụng,true,4,4-6,6,early_followup,hardware_network,student_reply_present;attempt_or_answer,deterministic_regex_v1,21,history_depth_quota=4-6;rare_stratum_and_family_diversity,plan03-task-discovery-v1,Vận dụng (Khai thác thông tin),"Thầy ơi, em muốn tra nghĩa của từ tiếng Anh nhưng nhà không có từ điển giấy ạ.","[{""turn_index"": 2, ""role"": ""tutor"", ""content"": ""Internet chính là một kho từ điển khổng lồ đấy! Em hãy thử gõ \""từ điển Soha\"" vào trình duyệt xem.""}, {""turn_index"": 3, ""role"": ""student"", ""content"": ""Em thấy rồi, nó có một ô trống để nhập từ ạ.""}, {""turn_index"": 4, ""role"": ""tutor"", ""content"": ""Đúng rồi! Giờ em hãy nhập từ \""Internet\"" vào đó và nhấn tìm kiếm. Nó hiện ra nghĩa gì nào?""}, {""turn_index"": 5, ""role"": ""student"", ""content"": ""Nó ghi là mạng máy tính toàn cầu kết nối các mạng khác nhau... Hay quá thầy ạ!""}]","Tuyệt vời, giờ em có thể tra bất cứ từ nào em muốn rồi!","Truy cập vào trang web từ điển (như soha.vn hoặc dictionary.cambridge.org), gõ từ ""Internet"" và xem giải nghĩa."
BC-HNMU-G6-R0030-STT1-AI02,HNMU-G6-R0030-STT1,6,Bài 3. Thông tin trong máy tinh,"Mục 1, Trang 14 SGK",Biết,false,0,0,2,first_tutor_turn,data_information,initial_request,deterministic_regex_v1,22,history_depth_quota=0;rare_stratum_and_family_diversity,plan03-task-discovery-v1,Nhận biết (Nêu được tên đơn vị),"Thầy ơi, máy tính dùng đơn vị gì nhỏ nhất để đo thông tin ạ? ",[],Chào em! Rất vui được hỗ trợ em. Em có nhớ mỗi kí hiệu 0 hoặc 1 trong máy tính được gọi là gì không?,Bit
BC-HNMU-G6-R0217-STT6-AI04,HNMU-G6-R0217-STT6,6,Bài 16: Các cấu trúc điều khiển,"Câu hỏi 1, Trang 75",Hiểu,true,2,2,4,early_followup,concept_or_other,student_reply_present;attempt_or_answer,deterministic_regex_v1,23,history_depth_quota=2;rare_stratum_and_family_diversity,plan03-task-discovery-v1,Thông hiểu (Giải thích ví dụ minh họa),"Thầy ơi, sao đánh răng lại gọi là cấu trúc tuần tự ạ?","[{""turn_index"": 2, ""role"": ""tutor"", ""content"": ""Nếu em súc miệng trước khi chải răng và lấy kem sau cùng thì có sạch răng được không?""}, {""turn_index"": 3, ""role"": ""student"", ""content"": ""Ha ha, không ạ, lúc đó kem vẫn còn trong tuýp.""}]",Đúng thế! Vậy các bước này có bắt buộc phải làm lần lượt từ bước 1 đến bước 3 không?,"Vì các bước (lấy kem, chải răng, súc miệng) phải thực hiện lần lượt theo đúng thứ tự, không thể đảo lộn hay bỏ bước."
BC-HNMU-G6-R0182-STT13-AI02,HNMU-G6-R0182-STT13,6,Bài 13: Tìm kiếm và thay thế,"Vận dụng 1, Trang 66",Vận dụng,false,0,0,2,first_tutor_turn,digital_document_tool,initial_request,deterministic_regex_v1,24,history_depth_quota=0;rare_stratum_and_family_diversity,plan03-task-discovery-v1,Vận dụng (Vận dụng linh hoạt),"Thầy ơi, em muốn đổi chủ đề bài viết từ Đà Lạt sang Sa Pa cho nhanh, em dùng công cụ này được không?",[],"Hoàn toàn được chứ! Em hãy nhớ lại các ô ""Find what"" và ""Replace with"". Em sẽ điền gì vào đó?","(Thực hiện thay thế cụm từ ""Đà Lạt"" thành ""Sa Pa"" trong toàn văn bản)."
BC-HNMU-G6-R0086-STT1-AI06,HNMU-G6-R0086-STT1,6,Bài 7: Tìm kiếm thông tin trên Internet,Mục 1. Máy tìm kiếm (Tr. 32),Biết,true,4,4-6,6,early_followup,hardware_network,student_reply_present;attempt_or_answer,deterministic_regex_v1,25,history_depth_quota=4-6;rare_stratum_and_family_diversity,plan03-task-discovery-v1,Nhận biết (Nêu được khái niệm),"Thầy ơi, ""máy tìm kiếm"" là một cái máy giống như máy tính hay là cái gì ạ?","[{""turn_index"": 2, ""role"": ""tutor"", ""content"": ""Chào em! Hãy nhớ lại khi em muốn tìm một bài hát mà chỉ nhớ vài lời, em thường vào trang web nào để gõ lời đó vào?""}, {""turn_index"": 3, ""role"": ""student"", ""content"": ""Dạ em hay vào Google ạ.""}, {""turn_index"": 4, ""role"": ""tutor"", ""content"": ""Đúng rồi! Google không phải là một cái máy vật lý, mà là một \""hệ thống phần mềm\"". Vậy theo em, phần mềm đó giúp mình làm công việc gì trên Internet nhỉ?""}, {""turn_index"": 5, ""role"": ""student"", ""content"": ""Giúp mình tìm thấy thông tin mình cần ạ.""}]",Chính xác! Đó chính là khái niệm về máy tìm kiếm đấy.,Máy tìm kiếm là hệ thống phần mềm hỗ trợ người dùng tìm kiếm thông tin trên Internet theo yêu cầu của người dùng.
BC-HNMU-G6-R0235-STT10-AI02,HNMU-G6-R0235-STT10,6,Bài 17: Chương trình máy tính,"Hình 6.13, Trang 79",Hiểu,false,0,0,2,first_tutor_turn,code_programming,initial_request,deterministic_regex_v1,26,history_depth_quota=0;rare_stratum_and_family_diversity,plan03-task-discovery-v1,Thông hiểu (Đọc hiểu chương trình),"Nhìn vào Hình 6.13, em thấy các khối lệnh Scratch. Nó đang thực hiện việc gì vậy thầy?",[],"Em hãy nhìn vào các khối lệnh màu xanh dương ""hỏi"" và màu cam ""đặt"" nhé. Khối lệnh số 4 và 6 dùng để làm gì nhỉ?","Chương trình thực hiện: Nhập số a, nhập số b, tính tổng = a + b và thông báo kết quả."
BC-HNMU-G6-R0197-STT14-AI04,HNMU-G6-R0197-STT14,6,Bài 14: Hoàn thiện sổ lưu niệm,"Mục 3, Trang 57",Vận dụng,true,2,2,4,early_followup,data_information,student_reply_present;attempt_or_answer,deterministic_regex_v1,27,history_depth_quota=2;rare_stratum_and_family_diversity,plan03-task-discovery-v1,Vận dụng (Lưu trữ sản phẩm),"Em đã làm xong hết rồi, giờ em tắt máy được chưa thầy?","[{""turn_index"": 2, ""role"": ""tutor"", ""content"": ""Khoan đã! Nếu tắt máy bây giờ thì công sức nãy giờ của em sẽ đi đâu?""}, {""turn_index"": 3, ""role"": ""student"", ""content"": ""Ôi em quên, phải lưu bài lại ạ!""}]","Đúng rồi. Em hãy vào menu File, chọn ""Save As"" và đặt tên đúng như em mong muốn nhé.","Vào File/Save As, chọn thư mục lưu và gõ tên tệp theo yêu cầu."
BC-HNMU-G6-R0184-STT1-AI02,HNMU-G6-R0184-STT1,6,Bài 14: Hoàn thiện sổ lưu niệm,"Mục 1, Trang 67",Biết,false,0,0,2,first_tutor_turn,concept_or_other,initial_request,deterministic_regex_v1,28,history_depth_quota=0;rare_stratum_and_family_diversity,plan03-task-discovery-v1,Nhận biết (Nêu được nội dung công việc),"Thầy ơi, bài 14 này chúng ta sẽ làm gì vậy ạ?",[],"Chào em! Hãy nhớ lại các sản phẩm em đã làm ở bài 10, 11, 12 và 13 nhé. Mục tiêu của chúng ta là gom tất cả chúng lại thành một sản phẩm cuối cùng. Em đoán xem đó là gì?","Tổng hợp các kiến thức và kĩ năng đã học để hoàn thiện sản phẩm số là cuốn ""Sổ lưu niệm của lớp""."
BC-HNMU-G6-R0178-STT9-AI06,HNMU-G6-R0178-STT9,6,Bài 13: Tìm kiếm và thay thế,"Mục 1, Trang 64",Hiểu,true,4,4-6,6,early_followup,digital_document_tool,student_reply_present;attempt_or_answer,deterministic_regex_v1,29,history_depth_quota=4-6;rare_stratum_and_family_diversity,plan03-task-discovery-v1,Thông hiểu (Mô tả hiện tượng),Sao em gõ đúng từ rồi mà nhấn Find nó không hiện gì trên văn bản hết thầy?,"[{""turn_index"": 2, ""role"": ""tutor"", ""content"": ""Em hãy thử nhìn vào bảng thông báo hoặc phía dưới ô tìm kiếm xem có dòng chữ nào hiện ra không?""}, {""turn_index"": 3, ""role"": ""student"", ""content"": ""Nó ghi là \""0 of 0\"" hoặc \""No matches\"" ạ.""}, {""turn_index"": 4, ""role"": ""tutor"", ""content"": ""Điều đó có nghĩa là từ em gõ có tồn tại trong văn bản này không?""}, {""turn_index"": 5, ""role"": ""student"", ""content"": ""Dạ không ạ. Có thể là do em gõ sai chính tả hoặc từ đó không có thật trong bài.""}]",Đúng rồi! Khi đó máy tính sẽ báo cho em biết là không tìm thấy kết quả nào phù hợp.,Máy tính sẽ hiện thông báo không tìm thấy kết quả (No matches/Finished searching).
BC-HNMU-G6-R0055-STT12-AI02,HNMU-G6-R0055-STT12,6,Bài 4. Mạng máy tính,"Vận dụng 2, Trang 19 SGK",Vận dụng,false,0,0,2,first_tutor_turn,hardware_network,initial_request,deterministic_regex_v1,30,history_depth_quota=0;rare_stratum_and_family_diversity,plan03-task-discovery-v1,Vận dụng (Vẽ sơ đồ mạng),"Thầy ơi, em muốn vẽ sơ đồ mạng nhà em nhưng không biết cái cục Modem đặt ở đâu.",[],"Thông thường, Modem là nơi đón tín hiệu Internet từ ngoài vào nhà. Vậy em sẽ vẽ nó ở đầu hay ở cuối sơ đồ?","Sơ đồ: Internet -> Modem/Access Point -> (Máy tính, Điện thoại, Tivi)."
BC-HNMU-G6-R0229-STT4-AI04,HNMU-G6-R0229-STT4,6,Bài 17: Chương trình máy tính,"Mục 1, Trang 78",Biết,true,2,2,4,early_followup,code_programming,student_reply_present;attempt_or_answer,deterministic_regex_v1,31,history_depth_quota=2;rare_stratum_and_family_diversity,plan03-task-discovery-v1,Nhận biết (Nhận ra các lệnh),"Làm sao máy tính biết phải làm bước nào trước, bước nào sau hả thầy?","[{""turn_index"": 2, ""role"": ""tutor"", ""content"": ""Trong một chương trình có rất nhiều \""lời chỉ dẫn\"" nhỏ. Máy tính sẽ đọc và thực hiện chúng theo trình tự từ trên xuống dưới. Mỗi lời chỉ dẫn đó được gọi là một \""lệnh\"". Vậy máy tính làm việc dựa trên cái gì?""}, {""turn_index"": 3, ""role"": ""student"", ""content"": ""Dạ, dựa trên các lệnh trong chương trình ạ.""}]",Chính xác! Nó cứ làm lần lượt từng lệnh một cho đến khi hoàn thành.,Máy tính thực hiện công việc bằng cách thực hiện lần lượt các lệnh trong chương trình.
BC-HNMU-G6-R0034-STT5-AI02,HNMU-G6-R0034-STT5,6,Bài 3. Thông tin trong máy tinh,"Mục 1, trang 12 SGK",Hiểu,false,0,0,2,first_tutor_turn,data_information,initial_request,deterministic_regex_v1,32,history_depth_quota=0;rare_stratum_and_family_diversity,plan03-task-discovery-v1,Thông hiểu (Giải thích được lý do),Tại sao không dùng từ 0 đến 9 cho giống con người mà phải dùng mỗi 0 và 1 cho khó hiểu vậy thầy?,[],"Thầy hiểu ý em. Em hãy nghĩ về cái bóng đèn, nó thường có mấy trạng thái cơ bản?",Vì các linh kiện điện tử thông dụng chỉ có hai trạng thái (như tắt/mở).
BC-HNMU-G6-R0224-STT13-AI06,HNMU-G6-R0224-STT13,6,Bài 16: Các cấu trúc điều khiển,"Vận dụng 3, Trang 77",Vận dụng,true,4,4-6,6,early_followup,concept_or_other,student_reply_present;attempt_or_answer,deterministic_regex_v1,33,history_depth_quota=4-6;rare_stratum_and_family_diversity,plan03-task-discovery-v1,Vận dụng (Lựa chọn và mô tả cấu trúc phức hợp),"Bài tập điểm danh này khó quá thầy ơi, em không biết dùng cấu trúc nào.","[{""turn_index"": 2, ""role"": ""tutor"", ""content"": ""Bình tĩnh nào. Việc cô giáo gọi tên từng bạn từ đầu danh sách đến cuối danh sách là hành động diễn ra một lần hay lặp đi lặp lại cho mỗi học sinh?""}, {""turn_index"": 3, ""role"": ""student"", ""content"": ""Dạ là lặp lại cho tất cả các bạn ạ.""}, {""turn_index"": 4, ""role"": ""tutor"", ""content"": ""Đúng! Vậy ta cần cấu trúc Lặp. Thế còn việc cô giáo phải chờ bạn đó trả lời rồi mới quyết định đánh dấu vắng hay gọi tiếp là cấu trúc gì?""}, {""turn_index"": 5, ""role"": ""student"", ""content"": ""À, đó là rẽ nhánh ạ! Nếu bạn trả lời thì thôi, không trả lời thì đánh dấu vắng.""}]",Tuyệt vời! Em hãy kết hợp hình thoi (kiểm tra trả lời) vào bên trong vòng lặp gọi tên nhé.,"Sử dụng cấu trúc lặp để gọi tên từng bạn; bên trong lặp có cấu trúc rẽ nhánh: Nếu bạn trả lời -> Gọi tên tiếp theo; Nếu không -> Đánh dấu vắng,."
BC-HNMU-G6-R0142-STT1-AI02,HNMU-G6-R0142-STT1,6,Bài 11: Định dạng văn bản,Mục 1. Phần mềm soạn thảo văn bản (Tr. 54),Biết,false,0,0,2,first_tutor_turn,digital_document_tool,initial_request,deterministic_regex_v1,34,history_depth_quota=0;rare_stratum_and_family_diversity,plan03-task-discovery-v1,Nhận biết (Kể tên được các chức năng cơ bản),"Thầy AI ơi, phần mềm soạn thảo văn bản giúp mình làm được những gì ngoài viết chữ ạ? ",[],"Chào em! Hãy nhớ lại khi em dùng Word để làm một bài tập, sau khi gõ chữ xong, em có thể thay đổi màu sắc hay sửa lỗi sai không? ","Các chức năng cơ bản: Tạo và định dạng văn bản; Biên tập, chỉnh sửa nội dung; Lưu trữ văn bản; In văn bản."
BC-HNMU-G6-R0090-STT5-AI06,HNMU-G6-R0090-STT5,6,Bài 7: Tìm kiếm thông tin trên Internet,Hoạt động 1 (Tr. 32),Hiểu,true,4,4-6,6,early_followup,hardware_network,student_reply_present;attempt_or_answer,deterministic_regex_v1,35,history_depth_quota=4-6;rare_stratum_and_family_diversity,plan03-task-discovery-v1,Thông hiểu (Giải thích được lợi ích),"Em có sách giáo khoa rồi, cần máy tìm kiếm làm gì nữa thầy?","[{""turn_index"": 2, ""role"": ""tutor"", ""content"": ""Sách giáo khoa rất tốt, nhưng nếu em muốn xem video về một thí nghiệm khoa học hay tìm hình ảnh thực tế của một loài chim quý hiếm không có trong sách, em sẽ làm thế nào?""}, {""turn_index"": 3, ""role"": ""student"", ""content"": ""Em sẽ lên mạng tìm ạ.""}, {""turn_index"": 4, ""role"": ""tutor"", ""content"": ""Chính lúc đó máy tìm kiếm sẽ giúp em. Vậy lợi ích của nó là giúp em tìm thông tin như thế nào so với việc tự đi hỏi từng người?""}, {""turn_index"": 5, ""role"": ""student"", ""content"": ""Nhanh và tiện hơn rất nhiều ạ!""}]",Rất chuẩn!,"Giúp tìm kiếm thông tin nhanh chóng, thuận tiện để phục vụ học tập và giải trí."
BC-HNMU-G6-R0124-STT11-AI02,HNMU-G6-R0124-STT11,6,Bài 9: An toàn thông tin trên Internet,Vận dụng 1 (Tr. 46),Vận dụng,false,0,0,2,first_tutor_turn,digital_ethics_safety,initial_request,deterministic_regex_v1,36,history_depth_quota=0;rare_stratum_and_family_diversity,plan03-task-discovery-v1,Vận dụng (Nhận diện được thông điệp xấu),"Thầy ơi, có số lạ nhắn tin bảo em trúng iPhone 15, bảo em nhấn vào link để nhận quà. Em vui quá!",[],Bình tĩnh nào em! Em có tham gia cuộc thi nào không? Tại sao họ lại biết em mà tặng quà lớn vậy?,"Các dấu hiệu: Tin nhắn trúng thưởng lớn, yêu cầu chuyển phí để nhận quà, tin nhắn khẩn cấp từ bạn bè nhờ chuyển tiền, yêu cầu cung cấp mã OTP/mật khẩu,."
BC-HNMU-G6-R0227-STT2-AI06,HNMU-G6-R0227-STT2,6,Bài 17: Chương trình máy tính,"Mục 1, Trang 78",Biết,true,4,4-6,6,early_followup,code_programming,student_reply_present;attempt_or_answer,deterministic_regex_v1,37,history_depth_quota=4-6;rare_stratum_and_family_diversity,plan03-task-discovery-v1,Nhận biết (Nêu được công dụng),Em chưa hiểu ngôn ngữ lập trình thực sự có ích lợi gì ạ.,"[{""turn_index"": 2, ""role"": ""tutor"", ""content"": ""Em có thể dùng tiếng Việt để bảo máy tính \""Hãy vẽ hình tròn\"" và nó thực hiện ngay được không?""}, {""turn_index"": 3, ""role"": ""student"", ""content"": ""Dạ không, máy tính không hiểu tiếng Việt trực tiếp như thế.""}, {""turn_index"": 4, ""role"": ""tutor"", ""content"": ""Đúng rồi! Vì vậy ta cần một loại ngôn ngữ đặc biệt làm \""cầu nối\"". Theo em, ngôn ngữ này giúp ta tạo ra cái gì để máy tính làm theo?""}, {""turn_index"": 5, ""role"": ""student"", ""content"": ""À, giúp tạo ra chương trình để chỉ dẫn cho máy tính ạ!""}]","Tuyệt vời, em đã hiểu đúng trọng tâm rồi đấy.",Ngôn ngữ lập trình là ngôn ngữ được dùng để tạo ra chương trình chỉ dẫn cho máy tính thực hiện công việc.
BC-HNMU-G6-R0174-STT5-AI06,HNMU-G6-R0174-STT5,6,Bài 13: Tìm kiếm và thay thế,"Hoạt động 1, Trang 64",Hiểu,true,4,4-6,6,early_followup,data_information,student_reply_present;student_question,deterministic_regex_v1,38,history_depth_quota=4-6;rare_stratum_and_family_diversity,plan03-task-discovery-v1,Thông hiểu (Giải thích lợi ích),"Văn bản ngắn em tự tìm bằng mắt cũng được mà, sao phải học công cụ này hả thầy?","[{""turn_index"": 2, ""role"": ""tutor"", ""content"": ""Câu hỏi rất thực tế! Thế nếu văn bản của em dài 100 trang và em cần tìm một cái tên bị viết sai chính tả, em tìm bằng mắt sẽ mất bao lâu?""}, {""turn_index"": 3, ""role"": ""student"", ""content"": ""Ôi, thế thì mỏi mắt và dễ sót lắm ạ.""}, {""turn_index"": 4, ""role"": ""tutor"", ""content"": ""Đúng vậy! Vậy công cụ này giúp ích gì cho em về mặt \""thời gian\"" và độ \""tin cậy\""?""}, {""turn_index"": 5, ""role"": ""student"", ""content"": ""Nó giúp mình làm nhanh hơn và không bị bỏ sót ạ. Vậy là nhanh và chính xác hơn đúng không thầy?""}]",Rất chuẩn xác! Đó chính là ưu điểm lớn nhất của nó.,"Giúp tìm kiếm và thay thế thông tin một cách nhanh chóng và chính xác, đặc biệt với văn bản dài."
BC-HNMU-G6-R0180-STT11-AI06,HNMU-G6-R0180-STT11,6,Bài 13: Tìm kiếm và thay thế,"Luyện tập 1, Trang 66",Vận dụng,true,4,4-6,6,early_followup,concept_or_other,student_reply_present;attempt_or_answer,deterministic_regex_v1,39,history_depth_quota=4-6;rare_stratum_and_family_diversity,plan03-task-discovery-v1,Vận dụng (Thực hiện đếm từ),"Thầy ơi, làm sao biết có tất cả bao nhiêu từ ""Học sinh"" mà không phải ngồi đếm tay ạ?","[{""turn_index"": 2, ""role"": ""tutor"", ""content"": ""Khi em nhập từ \""Học sinh\"" vào ô tìm kiếm (Find), máy tính có hiển thị con số nào kèm theo không?""}, {""turn_index"": 3, ""role"": ""student"", ""content"": ""Dạ, nó hiện \""15 matches\"" ở dưới ô em vừa gõ ạ.""}, {""turn_index"": 4, ""role"": ""tutor"", ""content"": ""Con số 15 đó cho em biết điều gì?""}, {""turn_index"": 5, ""role"": ""student"", ""content"": ""Dạ là có 15 từ \""Học sinh\"" trong văn bản ạ. Tiện quá thầy nhỉ!""}]",Đúng rồi! Em đã vận dụng công cụ Tìm kiếm để thống kê dữ liệu rất tốt.,"(Học sinh thực hiện: Nhập ""Học sinh"" vào ô Find và đọc số lượng kết quả hiện ra)."
BC-HNMU-G6-R0130-STT3-AI06,HNMU-G6-R0130-STT3,6,Bài 10: Sơ đồ tư duy,Hoạt động 2 (Tr. 49),Biết,true,4,4-6,6,early_followup,multimedia_presentation,student_reply_present;attempt_or_answer,deterministic_regex_v1,40,history_depth_quota=4-6;rare_stratum_and_family_diversity,plan03-task-discovery-v1,Nhận biết (Nêu được tên thành phần),Một sơ đồ tư duy cần có những gì để hoàn chỉnh ạ?,"[{""turn_index"": 2, ""role"": ""tutor"", ""content"": ""Hãy nhìn vào Hình 5.2. Ở giữa trung tâm là gì em nhỉ?""}, {""turn_index"": 3, ""role"": ""student"", ""content"": ""Là \""Sổ lưu niệm\"", chắc là chủ đề chính ạ.""}, {""turn_index"": 4, ""role"": ""tutor"", ""content"": ""Giỏi lắm! Từ đó tỏa ra các \""cánh tay\"" gọi là gì? Và trên đó có chữ hay hình gì không?""}, {""turn_index"": 5, ""role"": ""student"", ""content"": ""Dạ là các nhánh, có chữ và cả hình ảnh minh họa nữa ạ.""}]",Tuyệt vời! Em đã liệt kê đủ các thành phần rồi đó.,"Chủ đề chính, chủ đề con (các nhánh), từ khoá, hình ảnh, đường nối."
BC-HNMU-G7-R0193-STT10-AI04,HNMU-G7-R0193-STT10,7,Bài 14. Thuật toán tìm kiếm tuần tự,"Phần Luyện tập (Trang 79, SGK - Câu hỏi sinh thêm)",Hiểu,true,2,2,4,early_followup,algorithm,student_reply_present;attempt_or_answer,deterministic_regex_v1,1,history_depth_quota=2;new:cognitive_band=Hiểu|history_present=true|history_depth_bin=2|target_position_bin=early_followup|content_form_signal=algorithm|student_state_signal=student_reply_present;attempt_or_answer,plan03-task-discovery-v1,Thông hiểu,"Thầy AI ơi, em có thắc mắc. Trong dãy, số 5 xuất hiện tận 2 lần. Máy tính sẽ thông báo kết quả ở vị trí thứ 2, vị trí thứ 4, hay in ra cả hai vị trí ạ?","[{""turn_index"": 2, ""role"": ""tutor"", ""content"": ""Một câu hỏi phản biện rất sắc sảo! Để giải quyết, em hãy lật lại \""điều kiện dừng\"" cốt lõi của thuật toán này. Nó được chỉ định dừng khi nào?""}, {""turn_index"": 3, ""role"": ""student"", ""content"": ""Dạ, thuật toán dừng khi \""đã duyệt hết danh sách\"" hoặc khi \""tìm thấy giá trị cần tìm\"" ạ.""}]","Tốt. Ở bước thứ 2, máy tính xét vị trí số 2 và thấy số 5. Lúc này điều kiện ""tìm thấy giá trị cần tìm"" đã xảy ra chưa?",Máy báo tìm thấy ở vị trí số 2 và thuật toán kết thúc ngay. Các số 5 phía sau không được tìm tới do máy đã thoả mãn điều kiện dừng.
BC-HNMU-G7-R0166-STT11-AI02,HNMU-G7-R0166-STT11,7,Bài 12: Định dạng đối tượng trên trang chiếu,Mục 3. Trang 71,Vận dụng,false,0,0,2,first_tutor_turn,multimedia_presentation,initial_request,deterministic_regex_v1,2,history_depth_quota=0;new:cognitive_band=Vận dụng|history_present=false|history_depth_bin=0|target_position_bin=first_tutor_turn|content_form_signal=multimedia_presentation|student_state_signal=initial_request,plan03-task-discovery-v1,Vận dụng (Thực hiện được),"Em biết chèn ảnh vào file Word, nhưng sang PowerPoint giao diện khác quá em mò mãi không ra nút đó.",[],"Chào em, thật ra triết lí thiết kế của các phần mềm Office của Microsoft khá giống nhau. Đừng hoảng nhé! ",Chọn dải lệnh Insert -> Pictures -> Browse đến thư mục chứa ảnh -> Chọn ảnh và nhấn Insert.
BC-HNMU-G7-R0005-STT4-AI06,HNMU-G7-R0005-STT4,7,Bài 1. Thiết bị vào - ra,"Mục 1, Trang 7 SGK",Biết,true,4,4-6,6,early_followup,hardware_network,student_reply_present;student_question,deterministic_regex_v1,3,history_depth_quota=4-6;new:cognitive_band=Biết|history_depth_bin=4-6|content_form_signal=hardware_network|student_state_signal=student_reply_present;student_question,plan03-task-discovery-v1,Nhận biết (Biết được chức năng hỗn hợp),"Thầy ơi, có thiết bị nào làm được cả hai việc vào và ra không ạ?","[{""turn_index"": 2, ""role"": ""tutor"", ""content"": ""Có chứ em! Em hãy nghĩ về chiếc điện thoại thông minh. Khi em chạm tay vào màn hình để mở ứng dụng, lúc đó màn hình đang làm nhiệm vụ gì?""}, {""turn_index"": 3, ""role"": ""student"", ""content"": ""Dạ là nhận lệnh từ ngón tay em, nên là thiết bị vào ạ.""}, {""turn_index"": 4, ""role"": ""tutor"", ""content"": ""Tốt! Thế cũng chính cái màn hình đó hiện lên hình ảnh cho em xem thì nó là gì?""}, {""turn_index"": 5, ""role"": ""student"", ""content"": ""À, là thiết bị ra! Vậy màn hình cảm ứng là cả hai luôn thầy nhỉ?""}]",Rất xuất sắc! Đó chính là câu trả lời em cần tìm.,B. Màn hình cảm ứng.
BC-HNMU-G7-R0197-STT14-AI12,HNMU-G7-R0197-STT14,7,Bài 14. Thuật toán tìm kiếm tuần tự,"Phần Luyện tập (Trang 79, SGK - Câu hỏi sinh thêm)",Vận dụng,true,10,8+,12,later_followup,code_programming,student_reply_present;attempt_or_answer,deterministic_regex_v1,4,history_depth_quota=8+;new:history_depth_bin=8+|target_position_bin=later_followup|content_form_signal=code_programming,plan03-task-discovery-v1,Vận dụng,"Thưa gia sư, đề bài yêu cầu tìm ""Số lớn nhất"" trong dãy bằng cách lướt tuần tự. Làm sao máy tính ghi nhớ được số nào đang là lớn nhất ạ?","[{""turn_index"": 2, ""role"": ""tutor"", ""content"": ""Chúng ta hãy tưởng tượng em đang làm trọng tài cho trò chơi \""Ai cao nhất\"". Ban đầu, em gọi người số 1 (mang số 5) bước ra. Do chưa có ai khác so sánh, em tạm ghi nhận kỉ lục hiện tại (biến Max) là mấy?""}, {""turn_index"": 3, ""role"": ""student"", ""content"": ""Dạ, tạm thời biến Max là 5 ạ.""}, {""turn_index"": 4, ""role"": ""tutor"", ""content"": ""Tốt lắm. Bước 2, em gọi người số 2 (mang số 9) bước ra. Em làm thao tác gì giữa số 9 và kỉ lục Max (đang là 5)?""}, {""turn_index"": 5, ""role"": ""student"", ""content"": ""Em so sánh hai số. Thấy số 9 lớn hơn số 5, vậy số 9 sẽ đẩy số 5 ra và chiếm lấy vị trí kỉ lục ạ!""}, {""turn_index"": 6, ""role"": ""tutor"", ""content"": ""Rất sinh động! Vậy lúc này bộ nhớ của biến Max đã được cập nhật thành số mấy?""}, {""turn_index"": 7, ""role"": ""student"", ""content"": ""Max được ghi đè và cập nhật bằng 9 ạ.""}, {""turn_index"": 8, ""role"": ""tutor"", ""content"": ""Tiếp tục lướt tuần tự, em duyệt đến người số 3 (mang số 2). So với biến Max hiện tại (số 9) thì thế nào?""}, {""turn_index"": 9, ""role"": ""student"", ""content"": ""Số 2 nhỏ hơn số 9, nên không đủ điều kiện làm kỉ lục. Max vẫn giữ nguyên giá trị là 9.""}, {""turn_index"": 10, ""role"": ""tutor"", ""content"": ""Tương tự với phần tử cuối cùng (số 7) thì sao? Và khi kết thúc dãy, đáp án chung cuộc em thu được là gì?""}, {""turn_index"": 11, ""role"": ""student"", ""content"": ""Số 7 cũng nhỏ hơn 9 nên bị loại. Đã duyệt hết danh sách rồi, vậy chung cuộc số lớn nhất Max là 9 ạ. Em đã hiểu cơ chế máy tính lưu trữ và cập nhật biến Max rồi!""}]","Thật xuất sắc! Em vừa tự xây dựng thành công thuật toán ""Tìm phần tử lớn nhất"" chỉ bằng cách thay đổi phép so sánh của tìm kiếm tuần tự. Em tư duy rất giống một kĩ sư phần mềm.","Gán một biến Max = phần tử đầu tiên. Duyệt lần lượt các phần tử tiếp theo, nếu phần tử đang xét > Max thì cập nhật Max = phần tử đó. Kết quả cuối cùng là Max."
BC-HNMU-G7-R0081-STT10-AI04,HNMU-G7-R0081-STT10,7,Bài 6: Làm quen với phần mềm bảng tính,Mục 2. Lưu ý (Tr. 46 SGK),Hiểu,true,2,2,4,early_followup,spreadsheet,student_reply_present;short_confirmation,deterministic_regex_v1,5,history_depth_quota=2;new:content_form_signal=spreadsheet|student_state_signal=student_reply_present;short_confirmation,plan03-task-discovery-v1,Thông hiểu (Phân biệt được),"Thầy ơi, sao em gõ ""Hoa hồng"" thì nó nằm bên trái, còn gõ số ""15"" nó lại nhảy sang phải ô ạ?","[{""turn_index"": 2, ""role"": ""tutor"", ""content"": ""Đó là cách thông minh để máy tính giúp em phân biệt loại dữ liệu đấy. Theo em, loại nào thì thường được dùng để tính toán (cộng, trừ...)?""}, {""turn_index"": 3, ""role"": ""student"", ""content"": ""Dạ là số ạ.""}]",Đúng rồi! Những gì dùng để tính (Số) sẽ nhảy sang phải. Còn chữ viết (văn bản) sẽ nằm bên nào?,"Dữ liệu số tự động căn lề phải; dữ liệu chữ tự động căn lề trái,."
BC-HNMU-G7-R0062-STT5-AI06,HNMU-G7-R0062-STT5,7,Bài 5. Ứng xử trên mạng,"Mục 2, Trang 24 SGK",Hiểu,true,4,4-6,6,early_followup,concept_or_other,student_reply_present;attempt_or_answer,deterministic_regex_v1,6,history_depth_quota=4-6;new:content_form_signal=concept_or_other,plan03-task-discovery-v1,Thông hiểu (Giải quyết được tình huống),Thưa thầy! khi em đang truy cập mạng mà máy tính hiện lên những trang web có nội dung bạo lực hoặc không phù hợp với lứa tuổi thì em nên làm gì ạ?,"[{""turn_index"": 2, ""role"": ""tutor"", ""content"": ""Theo em, nếu tiếp tục xem những nội dung đó thì có mang lại lợi ích hay có thể gây ảnh hưởng không tốt đến em?""}, {""turn_index"": 3, ""role"": ""student"", ""content"": ""Em nghĩ là không ạ. Những nội dung đó có thể ảnh hưởng xấu đến em.""}, {""turn_index"": 4, ""role"": ""tutor"", ""content"": ""Đúng rồi. Vậy theo em, em nên tiếp tục xem hay đóng ngay trang web đó? Nếu tình trạng vẫn lặp lại thì em nên nhờ ai giúp đỡ?""}, {""turn_index"": 5, ""role"": ""student"", ""content"": ""Em nên đóng ngay trang web đó và nhờ bố mẹ hoặc thầy cô giúp đỡ nếu vẫn gặp lại.""}]","Chính xác!, em cần đóng ngay trang web, không tiếp tục truy cập hoặc chia sẻ nội dung đó, đồng thời báo cho bố mẹ, thầy cô hoặc người lớn đáng tin cậy để được hỗ trợ nhé.","Em cần đóng ngay trang web,không tiếp tục truy cập hoặc chia sẻ nội dung đó, đồng thời báo cho bố mẹ, thầy cô hoặc người lớn đáng tin cậy để được hỗ trợ"
BC-HNMU-G7-R0034-STT5-AI04,HNMU-G7-R0034-STT5,7,Bài 3. Quản lí dữ liệu trong máy tính,"Mục 1, Trang 13 SGK",Hiểu,true,2,2,4,early_followup,data_information,student_reply_present;attempt_or_answer,deterministic_regex_v1,7,history_depth_quota=2;new:content_form_signal=data_information,plan03-task-discovery-v1,Thông hiểu (Giải thích được sự cần thiết),"Thầy ơi, sao mình không để hết tệp ra màn hình cho nhanh mà phải chia vào nhiều thư mục con chi cho mệt ạ?","[{""turn_index"": 2, ""role"": ""tutor"", ""content"": ""Thầy lấy ví dụ nhé: Nếu em có 1000 viên bi đủ màu trong một cái thùng, việc tìm viên màu đỏ sẽ thế nào?""}, {""turn_index"": 3, ""role"": ""student"", ""content"": ""Dạ sẽ rất lâu và khó tìm ạ.""}]",Đúng rồi! Vậy nếu em chia bi vào các túi nhỏ theo màu sắc thì sao?,Để thuận lợi cho việc tìm kiếm dữ liệu khi cần.
BC-HNMU-G7-R0007-STT6-AI06,HNMU-G7-R0007-STT6,7,Bài 1. Thiết bị vào - ra,"Câu hỏi 2, Trang 9 SGK",Hiểu,true,4,4-6,6,early_followup,digital_ethics_safety,student_reply_present;attempt_or_answer,deterministic_regex_v1,8,history_depth_quota=4-6;new:content_form_signal=digital_ethics_safety,plan03-task-discovery-v1,Thông hiểu (Giải thích được tác hại),"Em hay vừa ăn bánh vừa xem phim trên máy tính, sao thầy cô lại cấm ạ?","[{""turn_index"": 2, ""role"": ""tutor"", ""content"": ""Thầy hiểu là rất tiện, nhưng em thử tưởng tượng nếu một mẩu bánh vụn rơi vào kẽ bàn phím thì sao?""}, {""turn_index"": 3, ""role"": ""student"", ""content"": ""Dạ chắc là nó bị kẹt hoặc kiến chui vào ạ.""}, {""turn_index"": 4, ""role"": ""tutor"", ""content"": ""Chính xác! Thậm chí nếu nước ngọt đổ vào mạch điện bên trong thì máy sẽ bị gì nhỉ?""}, {""turn_index"": 5, ""role"": ""student"", ""content"": ""Dạ bị chập mạch và hỏng luôn ạ.""}]","Đúng thế! Vậy việc cấm này là để bảo vệ ""sức khỏe"" cho thiết bị nào của em?","Vì có thể làm rơi thức ăn, nước uống vào thiết bị gây hỏng hóc hoặc mất an toàn."
BC-HNMU-G7-R0024-STT9-AI04,HNMU-G7-R0024-STT9,7,Bài 2. Phần mềm máy tính,"Hoạt động khởi động, Trang 22 SGV",Hiểu,true,2,2,4,early_followup,digital_document_tool,student_reply_present;attempt_or_answer,deterministic_regex_v1,9,history_depth_quota=2;new:content_form_signal=digital_document_tool,plan03-task-discovery-v1,Thông hiểu (Giải thích sự cần thiết),"Thầy ơi, nếu em mua máy tính xịn mà không cài Windows thì có chơi game được không ạ?","[{""turn_index"": 2, ""role"": ""tutor"", ""content"": ""Một câu hỏi rất thực tế! Em hãy nghĩ xem, các linh kiện như CPU hay RAM có biết tự trò chuyện với em không?""}, {""turn_index"": 3, ""role"": ""student"", ""content"": ""Dạ không, nó chỉ là mấy miếng mạch điện thôi ạ.""}]","Đúng rồi! Nếu không có ""người chỉ huy"" là hệ điều hành để biến điện năng thành hành động, thì máy tính sẽ thế nào?",Máy tính sẽ chỉ là một khối vật chất không phản hồi và người dùng không thể sử dụng được.
BC-HNMU-G7-R0160-STT5-AI06,HNMU-G7-R0160-STT5,7,Bài 12: Định dạng đối tượng trên trang chiếu,Mục 1. Trang 69 (Sinh thêm),Hiểu,true,4,4-6,6,early_followup,multimedia_presentation,student_reply_present;explicit_uncertainty,deterministic_regex_v1,10,history_depth_quota=4-6;new:student_state_signal=student_reply_present;explicit_uncertainty,plan03-task-discovery-v1,Thông hiểu (Giải thích được),"Cô giáo bảo slide của em bị ""rối"", do em chèn 5 cái ảnh. Sao nhiều ảnh lại rối ạ?","[{""turn_index"": 2, ""role"": ""tutor"", ""content"": ""Đừng vội nản lòng. Em thử tưởng tượng em bước vào một căn phòng có 5 cái tivi cùng bật 5 kênh khác nhau, em sẽ nhìn vào đâu? ""}, {""turn_index"": 3, ""role"": ""student"", ""content"": ""Em sẽ không biết nhìn vào kênh nào, thấy đau đầu ạ.""}, {""turn_index"": 4, ""role"": ""tutor"", ""content"": ""Trang chiếu cũng vậy. Hình ảnh là để minh hoạ cho \""thông điệp chính\"". Nếu nhồi nhét quá nhiều ảnh, thông điệp chính sẽ ra sao? ""}, {""turn_index"": 5, ""role"": ""student"", ""content"": ""Thông điệp chính sẽ bị mờ nhạt, người xem không biết tập trung vào ý nào.""}]","Rất logic! Ngoài ra, nếu có quá nhiều ảnh, kích thước của chúng sẽ ra sao trên màn hình? ","Làm cho trang chiếu bị rối, phân tán sự chú ý khỏi thông điệp chính và mất tính thẩm mĩ."
BC-HNMU-G7-R0205-STT8-AI04,HNMU-G7-R0205-STT8,7,Bài 15. Thuật toán tìm kiếm nhị phân,"Luyện tập (Sinh thêm cho trang 84, SGK)",Hiểu,true,2,2,4,early_followup,algorithm,student_reply_present;attempt_or_answer,deterministic_regex_v1,11,history_depth_quota=2;rare_stratum_and_family_diversity,plan03-task-discovery-v1,Thông hiểu,Dãy có 8 số thì cần tối đa bao nhiêu bước để tìm bằng nhị phân ạ? Em hay đếm lộn số bước lắm.,"[{""turn_index"": 2, ""role"": ""tutor"", ""content"": ""Ta cùng vẽ sơ đồ tư duy trong đầu nhé. Ban đầu em có dải 8 phần tử. Qua bước lặp thứ 1, thuật toán chia đôi danh sách. Phạm vi tìm kiếm còn lại nhiều nhất bao nhiêu phần tử?""}, {""turn_index"": 3, ""role"": ""student"", ""content"": ""Lấy 8 chia đôi thì còn lại dải 4 phần tử ạ.""}]","Đúng vậy. Tiếp tục bước lặp thứ 2, thuật toán lại chia đôi. Số phần tử còn lại là mấy?",Cần tối đa 3 bước. Vì mỗi bước chia đôi danh sách (8 -> 4 -> 2 -> 1).
BC-HNMU-G7-R0184-STT1-AI06,HNMU-G7-R0184-STT1,7,Bài 14. Thuật toán tìm kiếm tuần tự,"Phần Luyện tập (Trang 80, SGK)",Biết,true,4,4-6,6,early_followup,algorithm,student_reply_present;attempt_or_answer,deterministic_regex_v1,12,history_depth_quota=4-6;rare_stratum_and_family_diversity,plan03-task-discovery-v1,Nhận biết,"Em thưa gia sư, đầu vào của bài toán tìm kiếm tuần tự gồm những gì ạ?","[{""turn_index"": 2, ""role"": ""tutor"", ""content"": ""Chào em. Tưởng tượng mẹ nhờ em tìm một chiếc áo. Em sẽ cần mẹ cung cấp thông tin gì đầu tiên?""}, {""turn_index"": 3, ""role"": ""student"", ""content"": ""Mẹ phải bảo là tìm chiếc áo nào ạ (ví dụ áo màu xanh).""}, {""turn_index"": 4, ""role"": ""tutor"", ""content"": ""Chính xác. Chiếc \""áo màu xanh\"" đó trong Tin học gọi là \""giá trị cần tìm\"". Nhưng em sẽ tìm chiếc áo đó ở đâu?""}, {""turn_index"": 5, ""role"": ""student"", ""content"": ""Em sẽ tìm trong tủ quần áo của em ạ.""}]","Rất tốt. ""Tủ quần áo"" chứa rất nhiều đồ, ta gọi đó là một ""danh sách"". Vậy chốt lại, đầu vào của bài toán tìm kiếm gồm hai yếu tố nào?",Đầu vào gồm hai yếu tố: Danh sách bất kì và giá trị cần tìm.
BC-HNMU-G7-R0211-STT14-AI04,HNMU-G7-R0211-STT14,7,Bài 15. Thuật toán tìm kiếm nhị phân,"Phần Vận dụng (Trang 84, SGK)",Vận dụng,true,2,2,4,early_followup,algorithm,student_reply_present;attempt_or_answer,deterministic_regex_v1,13,history_depth_quota=2;rare_stratum_and_family_diversity,plan03-task-discovery-v1,Vận dụng,"Em đọc bài tập Vận dụng thấy có trò đoán số bí mật từ 1 đến 100. Làm sao để đoán tốn ít số lần nhất ạ? Em toàn đoán bừa 10, 20 thôi.","[{""turn_index"": 2, ""role"": ""tutor"", ""content"": ""Chào em, nếu em đoán bừa thì đó là chơi theo cảm tính, đôi khi rất tốn lượt. Hãy áp dụng tư duy \""chia để trị\"" của thuật toán nhị phân. Trên dải số từ 1 đến 100, số nằm chính giữa là bao nhiêu?""}, {""turn_index"": 3, ""role"": ""student"", ""content"": ""Là số 50 ạ. Em sẽ đoán số 50 đầu tiên.""}]","Giả sử người quản trò trả lời ""Số của tớ lớn hơn 50"". Phạm vi nghi ngờ của em lập tức được thu hẹp còn lại vùng nào?","Luôn đoán số nằm ở chính giữa khoảng phạm vi còn lại. (Ví dụ 50, rồi 25 hoặc 75...). Giúp liên tục loại bỏ được một nửa khoảng tìm kiếm. Tối đa chỉ cần 7 lần đoán."
BC-HNMU-G7-R0202-STT5-AI06,HNMU-G7-R0202-STT5,7,Bài 15. Thuật toán tìm kiếm nhị phân,"Mục 2 (Trang 83, SGK)",Hiểu,true,4,4-6,6,early_followup,algorithm,student_reply_present;attempt_or_answer,deterministic_regex_v1,14,history_depth_quota=4-6;rare_stratum_and_family_diversity,plan03-task-discovery-v1,Thông hiểu,Tại sao tìm kiếm nhị phân lại nhanh hơn tìm kiếm tuần tự vậy ạ? Em thấy thuật toán nào máy tính chạy cũng ra kết quả mà.,"[{""turn_index"": 2, ""role"": ""tutor"", ""content"": ""Trở lại ví dụ tìm số bí mật từ 1 đến 100. Nếu em dùng tuần tự (đoán 1, rồi 2, 3...), giả sử số bí mật là 99 thì em phải đoán bao nhiêu lần?""}, {""turn_index"": 3, ""role"": ""student"", ""content"": ""Em phải đoán đến số 99, tức là tốn 99 lần đoán ạ.""}, {""turn_index"": 4, ""role"": ""tutor"", ""content"": ""Đúng thế. Mỗi lần đoán sai, em loại bỏ được bao nhiêu số khỏi danh sách?""}, {""turn_index"": 5, ""role"": ""student"", ""content"": ""Em chỉ loại bỏ được đúng 1 số (cái số em vừa đoán) thôi ạ.""}]","Nhưng nếu dùng nhị phân, lần đầu tiên em đoán số 50. Người ta bảo ""Số của tôi lớn hơn 50"". Lúc này chuyện gì xảy ra với các số từ 1 đến 50?","Vì sau mỗi bước, tìm kiếm nhị phân loại bỏ được một nửa danh sách, trong khi tìm kiếm tuần tự chỉ loại bỏ được một phần tử."
BC-HNMU-G7-R0159-STT4-AI02,HNMU-G7-R0159-STT4,7,Bài 12: Định dạng đối tượng trên trang chiếu,Mục 2. Trang 70,Biết,false,0,0,2,first_tutor_turn,multimedia_presentation,initial_request,deterministic_regex_v1,15,history_depth_quota=0;rare_stratum_and_family_diversity,plan03-task-discovery-v1,Nhận biết (Nêu được),"Thầy ơi, em thấy thao tác chỉnh chữ tốn thời gian quá, cứ để mặc định chữ đen có được không ạ?",[],"Em từng đọc một tờ báo mà không có tiêu đề in đậm, không có đoạn nhấn mạnh nào chưa? Cảm giác của em thế nào? ","Làm nổi bật nội dung trọng tâm, giúp người xem dễ đọc và dễ nắm bắt thông tin."
BC-HNMU-G7-R0208-STT11-AI04,HNMU-G7-R0208-STT11,7,Bài 15. Thuật toán tìm kiếm nhị phân,"Phần Vận dụng (Trang 84, SGK)",Vận dụng,true,2,2,4,early_followup,algorithm,student_reply_present;attempt_or_answer,deterministic_regex_v1,16,history_depth_quota=2;rare_stratum_and_family_diversity,plan03-task-discovery-v1,Vận dụng,Bài Vận dụng hỏi cách tìm một từ tiếng Anh trong từ điển bằng tìm kiếm nhị phân. Em phải trả lời các bước thao tác sao cho giống ngôn ngữ máy tính ạ?,"[{""turn_index"": 2, ""role"": ""tutor"", ""content"": ""Rất thú vị! Em hãy đóng vai một \""robot nhị phân\"". Cuốn từ điển đã được sắp xếp A-Z. Bước 1, thay vì mở trang đầu tiên, robot sẽ ra lệnh mở ở đâu?""}, {""turn_index"": 3, ""role"": ""student"", ""content"": ""Robot sẽ mở lật cuốn từ điển ra đúng trang chính giữa ạ.""}]","Rất chuẩn. Tại trang giữa đó, giả sử từ bắt đầu bằng vần M. Từ em cần tìm là ""Cat"" (vần C). Em so sánh thứ tự chữ C và chữ M thì thế nào?","Mở giữa quyển từ điển, so sánh từ cần tìm với từ ở trang giữa. Nếu từ cần tìm đứng trước thì tìm ở nửa đầu quyển, ngược lại tìm ở nửa sau. Tiếp tục chia đôi phần còn lại."
BC-HNMU-G7-R0162-STT7-AI02,HNMU-G7-R0162-STT7,7,Bài 12: Định dạng đối tượng trên trang chiếu,Mục 2. Trang 70 (Sinh thêm),Hiểu,false,0,0,2,first_tutor_turn,multimedia_presentation,initial_request,deterministic_regex_v1,17,history_depth_quota=0;rare_stratum_and_family_diversity,plan03-task-discovery-v1,Thông hiểu (Phân biệt được),Tại sao em copy y nguyên cái đoạn văn bản định dạng chữ đen cỡ 14 bên Word sang PowerPoint mà chiếu lên nhìn xấu tệ?,[],"Gặp tình huống này hơi ức chế nhỉ. Cùng xem vấn đề ở đâu nhé! Trong file Word, em gõ những đoạn văn rất dài đúng không? ","Trang chiếu thường dùng chữ to hơn, màu sắc nổi bật, độ tương phản cao với nền, chữ cô đọng; Word thường dùng chữ nhỏ và đơn sắc."
BC-HNMU-G7-R0186-STT3-AI08,HNMU-G7-R0186-STT3,7,Bài 14. Thuật toán tìm kiếm tuần tự,"Mục 1. Thuật toán tìm kiếm tuần tự (Trang 78, SGK)",Biết,true,6,4-6,8,later_followup,algorithm,student_reply_present;attempt_or_answer,deterministic_regex_v1,18,history_depth_quota=4-6;rare_stratum_and_family_diversity,plan03-task-discovery-v1,Nhận biết,"Gia sư ơi, có phải thuật toán cứ chạy mãi không? Khi nào thì nó mới dừng lại ạ?","[{""turn_index"": 2, ""role"": ""tutor"", ""content"": ""Chào em. Nó không chạy mãi đâu. Giả sử em dò tìm số 5 trong dãy 1, 2, 5, 8. Khi em duyệt đến số 5 (vị trí số 3), em làm gì tiếp?""}, {""turn_index"": 3, ""role"": ""student"", ""content"": ""Em dừng lại luôn vì tìm thấy rồi ạ.""}, {""turn_index"": 4, ""role"": ""tutor"", ""content"": ""Đúng! Đó là điều kiện dừng thứ nhất: \""Khi tìm thấy\"". Nhưng giả sử em cần tìm số 9 trong dãy trên, em làm thế nào?""}, {""turn_index"": 5, ""role"": ""student"", ""content"": ""Em xét 1, 2, 5, 8. Xét hết rồi mà không có số 9 nào cả.""}, {""turn_index"": 6, ""role"": ""tutor"", ""content"": ""Vậy lúc xét đến cuối dãy rồi, em có tiếp tục tìm được nữa không?""}, {""turn_index"": 7, ""role"": ""student"", ""content"": ""Dạ không ạ, hết dãy rồi thì phải dừng lại thôi.""}]",Tuyệt vời. Vậy em hãy tóm tắt lại 2 điều kiện để thuật toán tìm kiếm tuần tự dừng lại nhé?,Thuật toán dừng lại khi tìm thấy giá trị cần tìm hoặc khi đã duyệt hết danh sách.
BC-HNMU-G7-R0152-STT11-AI04,HNMU-G7-R0152-STT11,7,Bài 11: Tạo bài trình chiếu,Vận dụng. Trang 65 (Luyện tập thực hành),Vận dụng,true,2,2,4,early_followup,multimedia_presentation,student_reply_present;attempt_or_answer,deterministic_regex_v1,19,history_depth_quota=2;rare_stratum_and_family_diversity,plan03-task-discovery-v1,Vận dụng (Tạo được),"Em muốn tạo trang tiêu đề cho dự án ""Trường học xanh"" của nhóm em thì làm thế nào?","[{""turn_index"": 2, ""role"": ""tutor"", ""content"": ""Rất tốt! Em hãy mở phần mềm lên. Ở slide đầu tiên xuất hiện, em nháy chuột vào cái khung to nhất có chữ \""Click to add title\"" (Thêm tiêu đề). Em sẽ gõ dòng chữ gì vào đó?""}, {""turn_index"": 3, ""role"": ""student"", ""content"": ""Em sẽ gõ chữ \""DỰ ÁN TRƯỜNG HỌC XANH\"" thật to ạ.""}]","Tuyệt vời. Ở khung nhỏ phía dưới ""Click to add subtitle"", em ghi tên những ai?","Tạo được slide đầu tiên, gõ đúng tên chủ đề và tên người thực hiện vào các khung Text box tương ứng."
BC-HNMU-G7-R0204-STT7-AI02,HNMU-G7-R0204-STT7,7,Bài 15. Thuật toán tìm kiếm nhị phân,"Luyện tập (Sinh thêm cho trang 82, SGK)",Hiểu,false,0,0,2,first_tutor_turn,algorithm,initial_request,deterministic_regex_v1,20,history_depth_quota=0;rare_stratum_and_family_diversity,plan03-task-discovery-v1,Thông hiểu,Em phải làm bài kiểm tra mô phỏng quá trình tìm số 8 trong dãy. Em nên viết các bước thế nào ạ?,[],Em hãy đóng vai máy tính chạy từng dòng lệnh nhé. Dãy này có 5 số (vị trí 1 đến 5). Vậy phần tử ở chính giữa (vị trí 3) là số mấy?,"Vị trí giữa là 6. 8 > 6 nên tìm nửa sau. Vị trí giữa mới là 8. Bằng nhau -> Dừng, kết quả vị trí số 4."
BC-HNMU-G7-R0157-STT2-AI08,HNMU-G7-R0157-STT2,7,Bài 12: Định dạng đối tượng trên trang chiếu,Mục 1. Trang 70 (Câu hỏi củng cố),Biết,true,6,4-6,8,later_followup,multimedia_presentation,student_reply_present;attempt_or_answer,deterministic_regex_v1,21,history_depth_quota=4-6;rare_stratum_and_family_diversity,plan03-task-discovery-v1,Nhận biết (Nhận biết được),"Thầy ơi, hình ảnh nào chèn vào slide cũng dùng được ạ?","[{""turn_index"": 2, ""role"": ""tutor"", ""content"": ""Em nghĩ sao nếu một bức ảnh rất đẹp nhưng khi chèn lên màn hình lớn lại bị mờ, vỡ nét? ""}, {""turn_index"": 3, ""role"": ""student"", ""content"": ""Thế thì nhìn rất xấu và không chuyên nghiệp ạ.""}, {""turn_index"": 4, ""role"": ""tutor"", ""content"": ""Đúng rồi. Vậy yêu cầu đầu tiên về mặt chất lượng hình ảnh là gì? ""}, {""turn_index"": 5, ""role"": ""student"", ""content"": ""Là hình ảnh phải rõ nét, chất lượng tốt.""}, {""turn_index"": 6, ""role"": ""tutor"", ""content"": ""Rất tốt. Giả sử em đang làm bài về \""Động vật hoang dã\"", em có nên chèn ảnh siêu nhân vào không? ""}, {""turn_index"": 7, ""role"": ""student"", ""content"": ""Dạ không, vì nó chả liên quan gì đến động vật cả.""}]",Tức là hình ảnh còn phải đáp ứng yêu cầu gì nữa đối với bài học? ,"Phù hợp nội dung, chất lượng tốt, tính thẩm mĩ, kích thước và vị trí thích hợp."
BC-HNMU-G7-R0125-STT12-AI02,HNMU-G7-R0125-STT12,7,Bài 9: Trình bày bảng tính,Câu hỏi 3-4 (Tr. 75 SGV),Vận dụng,false,0,0,2,first_tutor_turn,spreadsheet,initial_request,deterministic_regex_v1,22,history_depth_quota=0;rare_stratum_and_family_diversity,plan03-task-discovery-v1,Vận dụng (Dùng được hàm và định dạng),"Em dùng hàm =SUM(1,3,5) ra kết quả là 9 rồi, giờ em muốn nó hiện thành 9.00 thì làm thế nào ạ?",[],"Em hãy nhìn vào nhóm lệnh Number, có hai nút có các số 0 và mũi tên. Một nút là ""Increase Decimal"" (Tăng), một nút là ""Decrease"" (Giảm). Em thử nhấn nút bên trái xem?",Kết quả hàm SUM là 9; định dạng hiển thị thành 9.00.
BC-HNMU-G7-R0203-STT6-AI04,HNMU-G7-R0203-STT6,7,Bài 15. Thuật toán tìm kiếm nhị phân,"Mục 1 (Trang 82, SGK)",Hiểu,true,2,2,4,early_followup,algorithm,student_reply_present;attempt_or_answer,deterministic_regex_v1,23,history_depth_quota=2;rare_stratum_and_family_diversity,plan03-task-discovery-v1,Thông hiểu,Gia sư có thể giúp em tóm tắt ý tưởng thuật toán này không? Sách viết dài quá em không thuộc được.,"[{""turn_index"": 2, ""role"": ""tutor"", ""content"": ""Không cần học thuộc vẹt đâu. Để tìm một số trong dãy đã sắp xếp, bước đầu tiên thuật toán sẽ chọc thẳng vào kiểm tra phần tử ở vị trí nào?""}, {""turn_index"": 3, ""role"": ""student"", ""content"": ""Nó sẽ kiểm tra phần tử nằm ở vị trí chính giữa của dãy ạ.""}]","Đúng. Khi đem ""giá trị cần tìm"" so sánh với ""phần tử ở giữa"", trường hợp tuyệt vời nhất là gì?","So sánh giá trị cần tìm với phần tử ở giữa danh sách. Nếu bằng thì dừng. Nếu nhỏ hơn tìm ở nửa đầu, nếu lớn hơn tìm ở nửa sau. Lặp lại cho đến khi thấy hoặc hết."
BC-HNMU-G7-R0143-STT2-AI02,HNMU-G7-R0143-STT2,7,Bài 11: Tạo bài trình chiếu,Mục 1. Trang 65,Biết,false,0,0,2,first_tutor_turn,multimedia_presentation,initial_request,deterministic_regex_v1,24,history_depth_quota=0;rare_stratum_and_family_diversity,plan03-task-discovery-v1,Nhận biết (Nêu/Kể tên được),"Ngoài việc để thầy cô dạy học, phần mềm trình chiếu còn dùng làm gì nữa không ạ?",[],"Câu hỏi rất thực tế! Nếu một công ty muốn giới thiệu sản phẩm mới cho khách hàng xem, họ có thể dùng nó không?","Dùng trong các hội thảo, hội nghị, dạy học, quảng cáo, tạo các album ảnh hay video."
BC-HNMU-G7-R0209-STT12-AI10,HNMU-G7-R0209-STT12,7,Bài 15. Thuật toán tìm kiếm nhị phân,"Phần Đánh giá (Trang 91, SGV)",Vận dụng,true,8,8+,10,later_followup,algorithm,student_reply_present;attempt_or_answer,deterministic_regex_v1,25,history_depth_quota=8+;rare_stratum_and_family_diversity,plan03-task-discovery-v1,Vận dụng,"Gia sư ơi, đề bảo dùng tìm kiếm nhị phân tìm điểm số 9.5 trong dãy [7.0, 7.5, 8.0, 8.5, 9.0, 9.5, 10]. Cụ thể các bước viết ra bài thi ra sao ạ?","[{""turn_index"": 2, ""role"": ""tutor"", ""content"": ""Dãy này đã được sắp xếp tăng dần, có 7 số, đánh số vị trí từ 1 đến 7. Bước 1: Phần tử chính giữa là vị trí số mấy?""}, {""turn_index"": 3, ""role"": ""student"", ""content"": ""Vị trí chính giữa là vị trí số 4, ứng với điểm 8.5 ạ.""}, {""turn_index"": 4, ""role"": ""tutor"", ""content"": ""Tốt. Em so sánh \""giá trị cần tìm\"" (9.5) với 8.5, kết quả phép so sánh thế nào?""}, {""turn_index"": 5, ""role"": ""student"", ""content"": ""Dạ 9.5 lớn hơn 8.5 ạ.""}, {""turn_index"": 6, ""role"": ""tutor"", ""content"": ""Do dãy tăng dần, số lớn hơn nằm ở phía sau. Vậy em sẽ lấy nửa nào của danh sách để thiết lập phạm vi tìm tiếp?""}, {""turn_index"": 7, ""role"": ""student"", ""content"": ""Em loại bỏ nửa trước, chỉ lấy nửa sau gồm 3 số là mảng con: [9.0, 9.5, 10].""}, {""turn_index"": 8, ""role"": ""tutor"", ""content"": ""Chuẩn xác. Bước lặp 2: Trong dải mảng con mới [9.0, 9.5, 10], vị trí chính giữa của nó chứa số mấy?""}, {""turn_index"": 9, ""role"": ""student"", ""content"": ""Vị trí chính giữa của mảng mới này là số 9.5 ạ.""}]","Đem so sánh 9.5 với ""giá trị cần tìm"", em thấy điều kiện gì xảy ra?","Vị trí giữa là 8.5. 9.5 > 8.5, tìm nửa sau [9.0, 9.5, 10]. Vị trí giữa mới là 9.5. Bằng giá trị cần tìm -> Dừng, kết quả vị trí 6."
BC-HNMU-G7-R0109-STT10-AI06,HNMU-G7-R0109-STT10,7,Bài 8: Công cụ hỗ trợ tính toán,Thực hành (Tr. 53 SGK),Hiểu,true,4,4-6,6,early_followup,spreadsheet,student_reply_present;attempt_or_answer,deterministic_regex_v1,26,history_depth_quota=4-6;rare_stratum_and_family_diversity,plan03-task-discovery-v1,Thông hiểu (Trình bày được quá trình),Em gõ tên hàm xong rồi mà máy cứ trơ ra không tính là sao thầy? ,"[{""turn_index"": 2, ""role"": ""tutor"", ""content"": ""Em hãy kiểm tra xem trước tên hàm em đã có \""chìa khóa\"" mở cửa chưa? ""}, {""turn_index"": 3, ""role"": ""student"", ""content"": ""Chìa khóa là dấu bằng (=) đúng không thầy? Em quên mất! ""}, {""turn_index"": 4, ""role"": ""tutor"", ""content"": ""Đúng rồi! Sau dấu bằng là tên hàm, vậy sau tên hàm em cần dùng cặp dấu gì để bao lấy các con số? ""}, {""turn_index"": 5, ""role"": ""student"", ""content"": ""Dạ là dấu ngoặc đơn ( ) ạ. ""}]",Rất tốt! Hãy thực hiện theo thứ tự đó nhé.,B1: Chọn ô; B2: Gõ dấu =; B3: Gõ tên hàm và mở ngoặc; B4: Nhập tham số; B5: Đóng ngoặc và Enter.
BC-HNMU-G7-R0156-STT1-AI02,HNMU-G7-R0156-STT1,7,Bài 12: Định dạng đối tượng trên trang chiếu,Mục 1. Trang 69,Biết,false,0,0,2,first_tutor_turn,multimedia_presentation,initial_request,deterministic_regex_v1,27,history_depth_quota=0;rare_stratum_and_family_diversity,plan03-task-discovery-v1,Nhận biết (Nêu được),"Thầy ơi, cô giáo bảo bài thuyết trình của em khô khan quá. Em chẳng biết làm sao cho bớt khô khan.",[],"Đừng lo lắng, chúng ta sẽ làm nó thú vị hơn nhé. Em đã chèn bức ảnh nào vào slide chưa? ","Làm cho bài trình chiếu thêm sinh động, hấp dẫn, trực quan và dễ hiểu."
BC-HNMU-G7-R0194-STT11-AI10,HNMU-G7-R0194-STT11,7,Bài 14. Thuật toán tìm kiếm tuần tự,"Phần Vận dụng (Trang 80, SGK)",Vận dụng,true,8,8+,10,later_followup,algorithm,student_reply_present;attempt_or_answer,deterministic_regex_v1,28,history_depth_quota=8+;rare_stratum_and_family_diversity,plan03-task-discovery-v1,Vận dụng,Bài tập Vận dụng hỏi dùng thuật toán tìm kiếm tuần tự để tra từ điển tiếng Anh có hợp lí không. Em nghĩ là hợp lí vì mình cũng lật tìm từng trang chứ sao ạ?,"[{""turn_index"": 2, ""role"": ""tutor"", ""content"": ""Một góc nhìn thú vị! Cùng phân tích thực tế nhé. Giả sử em cần tra từ \""Zebra\"" (con ngựa vằn). Nếu áp dụng khắt khe thuật toán tuần tự, em sẽ bắt đầu lật từ trang chứa chữ gì?""}, {""turn_index"": 3, ""role"": ""student"", ""content"": ""Em sẽ phải lật bắt đầu từ trang đầu tiên là chữ A, xong duyệt tới B, C, D... cho tới khi gặp chữ Z ạ.""}, {""turn_index"": 4, ""role"": ""tutor"", ""content"": ""Em thấy quá trình lật thủ công từ A đến Z của một cuốn từ điển dày 1000 trang tốn kém như thế nào?""}, {""turn_index"": 5, ""role"": ""student"", ""content"": ""Ui, thế thì quá lâu và mất sức ạ. Bình thường em sẽ dùng tay tách thẳng về phía cuối cuốn sách luôn.""}, {""turn_index"": 6, ""role"": ""tutor"", ""content"": ""Tại sao em lại biết chữ Z chắc chắn nằm ở cuối sách để mở thẳng ra đó mà không sợ bị lố?""}, {""turn_index"": 7, ""role"": ""student"", ""content"": ""Vì từ điển người ta đã sắp xếp sẵn theo thứ tự bảng chữ cái ABC rồi ạ.""}, {""turn_index"": 8, ""role"": ""tutor"", ""content"": ""Rất chuẩn xác! Dữ liệu từ điển là dữ liệu đã được sắp xếp. Vậy áp dụng cách lật dò từng trang từ đầu đến cuối cho loại dữ liệu này có còn hiệu quả không?""}, {""turn_index"": 9, ""role"": ""student"", ""content"": ""Dạ không hợp lí chút nào. Với dữ liệu đã sắp xếp thì dùng tìm kiếm tuần tự rất tốn thời gian, mình nên dùng cách khác thông minh hơn.""}]","Em phân tích quá hay! Sự bất hợp lí đó chính là điểm yếu của tìm kiếm tuần tự, nó chỉ tối ưu khi làm việc với danh sách lộn xộn chưa sắp xếp thôi.","Không hợp lí. Vì từ điển là danh sách đã được sắp xếp, dùng tìm kiếm tuần tự sẽ mất rất nhiều thời gian dò từng trang."
BC-HNMU-G7-R0118-STT5-AI02,HNMU-G7-R0118-STT5,7,Bài 9: Trình bày bảng tính,Mục 2. Trình bày bảng tính (Tr. 59 SGK),Hiểu,false,0,0,2,first_tutor_turn,spreadsheet,initial_request,deterministic_regex_v1,29,history_depth_quota=0;rare_stratum_and_family_diversity,plan03-task-discovery-v1,Thông hiểu (Giải thích lợi ích),"Em thấy để tiêu đề ở ô đầu tiên cũng được, sao phải gộp nhiều ô làm gì cho mất công ạ?",[],"Nếu em để ở ô đầu tiên, khi bảng của em rất rộng, tiêu đề sẽ bị lệch sang một bên. Em có thấy như thế là mất cân đối không?","Để tạo tiêu đề bảng cân đối, giúp bảng tính chuyên nghiệp và dễ đọc hơn."
BC-HNMU-G7-R0142-STT1-AI04,HNMU-G7-R0142-STT1,7,Bài 11: Tạo bài trình chiếu,Mục 1. Trang 64,Biết,true,2,2,4,early_followup,multimedia_presentation,student_reply_present;attempt_or_answer,deterministic_regex_v1,30,history_depth_quota=2;rare_stratum_and_family_diversity,plan03-task-discovery-v1,Nhận biết (Nêu được),"Thầy AI ơi, phần mềm trình chiếu có tác dụng gì chính ạ?","[{""turn_index"": 2, ""role"": ""tutor"", ""content"": ""Chào em! Em đã bao giờ xem các thầy cô dùng máy chiếu để dạy học trên lớp chưa?""}, {""turn_index"": 3, ""role"": ""student"", ""content"": ""Dạ em thấy suốt ạ, trên tivi hoặc màn chiếu to đùng.""}]","Đúng rồi. Các bài giảng đó được tạo từ phần mềm trình chiếu. Vậy theo em, mục đích chính của phần mềm này là tạo ra cái gì và làm cho bài giảng trở nên như thế nào?","Chức năng cơ bản là tạo bài trình chiếu và các hiệu ứng để làm cho nội dung trình bày thêm sinh động, hấp dẫn."
BC-HNMU-G7-R0210-STT13-AI08,HNMU-G7-R0210-STT13,7,Bài 15. Thuật toán tìm kiếm nhị phân,"Mục 1 (Trang 82, SGK)",Vận dụng,true,6,4-6,8,later_followup,algorithm,student_reply_present;attempt_or_answer,deterministic_regex_v1,31,history_depth_quota=4-6;rare_stratum_and_family_diversity,plan03-task-discovery-v1,Vận dụng,"Thưa AI, thuật toán nhị phân sẽ dừng lại khi nào ạ? Nó có giống hệt 2 điều kiện dừng của thuật toán tìm kiếm tuần tự không?","[{""turn_index"": 2, ""role"": ""tutor"", ""content"": ""Nó có một điểm giống hoàn toàn. Giả sử em đang tìm số 5, em vừa cắt đôi danh sách, ngay lần kiểm tra đầu tiên số ở giữa đã là 5. Em sẽ ra lệnh cho máy tính làm gì?""}, {""turn_index"": 3, ""role"": ""student"", ""content"": ""Em ra lệnh dừng lại luôn và báo cáo là tìm thấy rồi ạ.""}, {""turn_index"": 4, ""role"": ""tutor"", ""content"": ""Đúng! Đó là điều kiện 1: Dừng khi \""tìm thấy giá trị cần tìm\"". Nhưng giả sử số em cần tìm không hề tồn tại trong danh sách thì sao?""}, {""turn_index"": 5, ""role"": ""student"", ""content"": ""Thì em sẽ tiếp tục cắt đôi danh sách mãi... Ơ nhưng mà cắt đến bao giờ mới chịu dừng ạ?""}, {""turn_index"": 6, ""role"": ""tutor"", ""content"": ""Máy tính cứ cắt đôi liên tục, danh sách từ 8 phần tử, xuống 4, xuống 2, xuống 1. Khi chỉ còn 1 phần tử mà đem so sánh vẫn không trúng, nếu máy tính cố cắt nữa thì danh sách mới sẽ có mấy phần tử?""}, {""turn_index"": 7, ""role"": ""student"", ""content"": ""Sẽ không còn phần tử nào, danh sách trống rỗng luôn ạ!""}]","Khi danh sách trống rỗng (trong Tin học gọi là ""vùng tìm kiếm bị thu hẹp bằng rỗng""), em còn bất kì dữ liệu nào để mà tìm nữa không?","Thuật toán dừng khi: 1) Tìm thấy giá trị cần tìm, hoặc 2) Vùng tìm kiếm bị thu hẹp bằng rỗng (chứng tỏ không tìm thấy)."
BC-HNMU-G7-R0006-STT5-AI02,HNMU-G7-R0006-STT5,7,Bài 1. Thiết bị vào - ra,"Mục 1, Trang 5 SGK",Hiểu,false,0,0,2,first_tutor_turn,hardware_network,initial_request,deterministic_regex_v1,32,history_depth_quota=0;rare_stratum_and_family_diversity,plan03-task-discovery-v1,Thông hiểu (Mô tả được chức năng),"Thầy ơi, sao người ta không gọi bàn phím là thiết bị xử lý mà lại gọi là thiết bị vào ạ?",[],"Một câu hỏi rất hay để làm rõ khái niệm! Bản thân bàn phím có tự suy nghĩ hay tính toán được không, hay nó chỉ chờ em gõ vào?",Vì chúng giúp con người truyền lệnh và dữ liệu vào máy tính xử lý.
BC-HNMU-G7-R0073-STT2-AI02,HNMU-G7-R0073-STT2,7,Bài 6: Làm quen với phần mềm bảng tính,Mục 1. Giao diện (Tr. 42 SGK),Biết,false,0,0,2,first_tutor_turn,spreadsheet,initial_request,deterministic_regex_v1,33,history_depth_quota=0;rare_stratum_and_family_diversity,plan03-task-discovery-v1,Nhận biết (Nêu được tên thành phần),"Thầy ơi, làm sao em gọi tên một hàng bất kỳ trên màn hình ạ?",[],Em hãy nhìn vào mép bên trái của vùng làm việc. Em thấy dãy ký hiệu nào chạy dọc từ trên xuống dưới không?,"Các hàng được đặt tên theo số thứ tự 1, 2, 3... từ trên xuống dưới."
BC-HNMU-G7-R0169-STT14-AI10,HNMU-G7-R0169-STT14,7,Bài 12: Định dạng đối tượng trên trang chiếu,Luyện tập. Trang 71,Vận dụng,true,8,8+,10,later_followup,multimedia_presentation,student_reply_present;attempt_or_answer,deterministic_regex_v1,34,history_depth_quota=8+;rare_stratum_and_family_diversity,plan03-task-discovery-v1,Vận dụng (Chỉnh sửa được),"Thầy ơi, em thu nhỏ ảnh xong nhìn mặt người trong ảnh bị bẹp dúm lại, kì cục và xấu xí lắm ạ. Cứu em với!","[{""turn_index"": 2, ""role"": ""tutor"", ""content"": ""Cười một chút nào, lỗi làm bẹp ảnh này rất phổ biến với những người mới học thiết kế! Em nhớ lại xem mình đã dùng nút kéo ở vị trí nào của ảnh? Cạnh bên hay ở góc? ""}, {""turn_index"": 3, ""role"": ""student"", ""content"": ""Em cầm ở cạnh bên kéo vào cho nó nhỏ lại cho nhanh ạ.""}, {""turn_index"": 4, ""role"": ""tutor"", ""content"": ""Đó chính là thủ phạm! Kéo ở các cạnh bên/trên/dưới sẽ làm ảnh bị ép lại và biến dạng (móp méo). Để giữ nguyên tỉ lệ khung hình (không bị bẹp), em bắt buộc phải dùng các nút chấm tròn nằm ở vị trí nào? ""}, {""turn_index"": 5, ""role"": ""student"", ""content"": ""Em đoán là nằm ở 4 GÓC của bức ảnh ạ?""}, {""turn_index"": 6, ""role"": ""tutor"", ""content"": ""Rất thông minh! Em ấn phím Ctrl + Z để hoàn tác (undo) bức ảnh bị bẹp đi, rồi thử kéo thu nhỏ bằng nút ở GÓC xem nào. ""}, {""turn_index"": 7, ""role"": ""student"", ""content"": ""Dạ em làm được rồi. Ảnh thu nhỏ lại mà mặt người tỉ lệ vẫn chuẩn, không bị méo nữa.""}, {""turn_index"": 8, ""role"": ""tutor"", ""content"": ""Tốt lắm. Vậy giờ để đẩy bức ảnh sang một bên nhường chỗ cho đoạn văn bản, em dùng chuột làm thao tác gì? ""}, {""turn_index"": 9, ""role"": ""student"", ""content"": ""Em nháy và giữ chuột trái vào khu vực giữa ảnh, kéo thả nó sang bên phải màn hình ạ.""}]",Tuyệt vời! Em xử lí tình huống như một chuyên gia thiết kế thực thụ rồi đấy.,Nháy chuột chọn ảnh -> Kéo thả các nút tròn ở góc để đổi kích thước -> Nháy và giữ chuột lên ảnh để kéo đến vị trí mới.
BC-HNMU-G7-R0206-STT9-AI10,HNMU-G7-R0206-STT9,7,Bài 15. Thuật toán tìm kiếm nhị phân,"Mục 2 (Trang 83, SGK)",Hiểu,true,8,8+,10,later_followup,algorithm,student_reply_present;attempt_or_answer,deterministic_regex_v1,35,history_depth_quota=8+;rare_stratum_and_family_diversity,plan03-task-discovery-v1,Thông hiểu,"Thưa gia sư, thuật toán tìm kiếm tuần tự và nhị phân khác nhau thế nào về ""điều kiện sử dụng"" ạ?","[{""turn_index"": 2, ""role"": ""tutor"", ""content"": ""Nếu em có một quyển danh bạ điện thoại bị in lỗi, tên người bị xáo trộn lung tung không theo quy luật. Em có dùng được tìm kiếm nhị phân để tìm tên không?""}, {""turn_index"": 3, ""role"": ""student"", ""content"": ""Dạ không, vì nhị phân bắt buộc phải sắp xếp sẵn thì mới biết so sánh lớn nhỏ để biết đi về nửa nào ạ.""}, {""turn_index"": 4, ""role"": ""tutor"", ""content"": ""Đúng rồi. Vậy đối phó với cái danh bạ lộn xộn đó, em đành phải dùng thuật toán nào?""}, {""turn_index"": 5, ""role"": ""student"", ""content"": ""Em chỉ có thể dùng tìm kiếm tuần tự (dò từng cái một từ đầu đến cuối) thôi ạ.""}, {""turn_index"": 6, ""role"": ""tutor"", ""content"": ""Tốt. Vậy giả sử quyển danh bạ đó ĐÃ ĐƯỢC in chuẩn, sắp xếp ABC đàng hoàng. Em có thể dùng tìm kiếm tuần tự trên đó không?""}, {""turn_index"": 7, ""role"": ""student"", ""content"": ""Vẫn dùng tuần tự được ạ, nhưng dò từ đầu sẽ hơi chậm.""}, {""turn_index"": 8, ""role"": ""tutor"", ""content"": ""Đồng thời em có dùng được tìm kiếm nhị phân trên quyển danh bạ đã sắp xếp đó không?""}, {""turn_index"": 9, ""role"": ""student"", ""content"": ""Được luôn ạ, và nó sẽ tìm cực nhanh!""}]","Vậy tóm lại, em hãy đối chiếu điểm khác biệt lớn nhất về ""điều kiện áp dụng"" của 2 thuật toán là gì?",Tìm kiếm tuần tự áp dụng cho mọi danh sách (đã hoặc chưa sắp xếp). Tìm kiếm nhị phân chỉ áp dụng cho danh sách đã được sắp xếp.
BC-HNMU-G7-R0196-STT13-AI10,HNMU-G7-R0196-STT13,7,Bài 14. Thuật toán tìm kiếm tuần tự,"Phần Luyện tập (Trang 79, SGK - Câu hỏi sinh thêm)",Vận dụng,true,8,8+,10,later_followup,code_programming,student_reply_present;attempt_or_answer,deterministic_regex_v1,36,history_depth_quota=8+;rare_stratum_and_family_diversity,plan03-task-discovery-v1,Vận dụng,"Thầy AI ơi, bài yêu cầu ""đếm xem có bao nhiêu số 2 trong dãy"". Nếu em áp dụng y nguyên bài cũ, tức là cứ thấy số 2 là thuật toán dừng lại, thì máy báo có 1 số. Như vậy là đếm sai bét rồi!","[{""turn_index"": 2, ""role"": ""tutor"", ""content"": ""Em phân tích và tự phát hiện lỗi sai rất chính xác! Thuật toán cũ dùng để \""tìm kiếm một giá trị\"", còn mục tiêu của bài này là \""đếm toàn bộ\"". Theo em, để không bỏ sót bất kì số 2 nào ở phía sau, máy tính có được phép dừng lại giữa chừng không?""}, {""turn_index"": 3, ""role"": ""student"", ""content"": ""Dạ tuyệt đối không được phép dừng ạ, dừng sớm là sẽ đếm thiếu ngay.""}, {""turn_index"": 4, ""role"": ""tutor"", ""content"": ""Vậy để rà soát toàn bộ, máy tính bắt buộc phải đi từ đầu cho đến vị trí nào của danh sách?""}, {""turn_index"": 5, ""role"": ""student"", ""content"": ""Phải đi cho đến phần tử cuối cùng, tức là duyệt hết danh sách mới được phép dừng ạ.""}, {""turn_index"": 6, ""role"": ""tutor"", ""content"": ""Đúng! Vậy là ta đã thiết lập lại được điều kiện dừng. Thế còn khi duyệt qua mỗi vị trí, nếu phát hiện phần tử đó đúng là số 2, em sẽ làm thao tác gì để \""đếm\""?""}, {""turn_index"": 7, ""role"": ""student"", ""content"": ""Em sẽ lấy bút gạch 1 nét ra nháp, hoặc tự cộng thêm 1 vào trí nhớ của em ạ.""}, {""turn_index"": 8, ""role"": ""tutor"", ""content"": ""Trong lập trình, \""trí nhớ\"" đó gọi là dùng một \""biến đếm\"". Vậy em hãy phát biểu trọn vẹn thuật toán đếm cải tiến này nào!""}, {""turn_index"": 9, ""role"": ""student"", ""content"": ""Dạ, ta duyệt tuần tự từ đầu đến hết danh sách, mỗi khi phần tử bằng số 2 thì ta tăng biến đếm lên 1. Khi kết thúc dãy, giá trị biến đếm chính là đáp án số lượng ạ!""}]","Quá tuyệt vời! Bằng tư duy hệ thống, em đã tự nâng cấp thuật toán tìm kiếm cơ bản thành thuật toán đếm rồi đó.","Phải bỏ điều kiện dừng khi ""tìm thấy"". Thuật toán bắt buộc duyệt từ đầu đến cuối danh sách, mỗi lần tìm thấy thì tăng biến đếm lên 1."
BC-HNMU-G7-R0158-STT3-AI10,HNMU-G7-R0158-STT3,7,Bài 12: Định dạng đối tượng trên trang chiếu,Mục 2. Trang 70,Biết,true,8,8+,10,later_followup,multimedia_presentation,student_reply_present;attempt_or_answer,deterministic_regex_v1,37,history_depth_quota=8+;rare_stratum_and_family_diversity,plan03-task-discovery-v1,Nhận biết (Kể tên được),Em muốn đoạn văn trên slide nhìn bắt mắt hơn thì có những lựa chọn thay đổi nào ạ?,"[{""turn_index"": 2, ""role"": ""tutor"", ""content"": ""Hãy nghĩ về việc em thiết kế một tấm áp phích. Chữ ở tên tiêu đề em sẽ viết to hay nhỏ? ""}, {""turn_index"": 3, ""role"": ""student"", ""content"": ""Em sẽ viết thật to để mọi người đứng xa cũng thấy.""}, {""turn_index"": 4, ""role"": ""tutor"", ""content"": ""Rất đúng! \""Viết to\"" đó chính là thay đổi thuộc tính nào của văn bản? ""}, {""turn_index"": 5, ""role"": ""student"", ""content"": ""Là thay đổi Cỡ chữ ạ.""}, {""turn_index"": 6, ""role"": ""tutor"", ""content"": ""Chính xác. Còn nếu em muốn dòng chữ đó có màu xanh lá cây thay vì màu đen thì em phải đổi thuộc tính gì? ""}, {""turn_index"": 7, ""role"": ""student"", ""content"": ""Em sẽ đổi Màu chữ.""}, {""turn_index"": 8, ""role"": ""tutor"", ""content"": ""Thế em muốn chữ hơi nghiêng đi một chút cho điệu đà thì sao? ""}, {""turn_index"": 9, ""role"": ""student"", ""content"": ""Đó là thay đổi Kiểu chữ ạ! Vậy là có Cỡ chữ, Màu chữ, Kiểu chữ!""}]",Rất xuất sắc! Định dạng trên slide cung cấp đầy đủ các thuộc tính đó.,"Phông chữ, cỡ chữ, màu sắc, kiểu chữ (in đậm, in nghiêng...), căn lề."
BC-HNMU-G7-R0164-STT9-AI10,HNMU-G7-R0164-STT9,7,Bài 12: Định dạng đối tượng trên trang chiếu,Mục 3. Trang 71,Hiểu,true,8,8+,10,later_followup,multimedia_presentation,student_reply_present;attempt_or_answer,deterministic_regex_v1,38,history_depth_quota=8+;rare_stratum_and_family_diversity,plan03-task-discovery-v1,Thông hiểu (Mô tả được),"Thầy ơi, sao em bôi đen chữ bên Word xong, qua PowerPoint em chả thấy nút Dán (Paste) ở đâu để bấm cả?","[{""turn_index"": 2, ""role"": ""tutor"", ""content"": ""Em đừng vội, các phần mềm đôi khi làm mờ hoặc ẩn nút đi nếu em click chưa đúng khu vực đấy. ""}, {""turn_index"": 3, ""role"": ""student"", ""content"": ""Vậy em phải click chuột vào đâu ạ?""}, {""turn_index"": 4, ""role"": ""tutor"", ""content"": ""Trong PowerPoint, chữ chỉ có thể nằm trong các \""Hộp văn bản\"" (Text box). Em thử click chuột vào bên trong cái khung mờ có chữ \""Click to add text\"" xem sao. ""}, {""turn_index"": 5, ""role"": ""student"", ""content"": ""A, em thấy con trỏ chuột đang nhấp nháy ở trong khung rồi ạ.""}, {""turn_index"": 6, ""role"": ""tutor"", ""content"": ""Tốt lắm. Khi con trỏ nhấp nháy, em hãy thử dùng tổ hợp phím trên bàn phím thay vì tìm nút trên màn hình xem. Phím tắt để Dán là gì nhỉ? ""}, {""turn_index"": 7, ""role"": ""student"", ""content"": ""Là tổ hợp Ctrl + V ạ. (Bấm thử) ... Ồ, chữ hiện ra ngay rồi thầy ơi!""}, {""turn_index"": 8, ""role"": ""tutor"", ""content"": ""Tuyệt vời! Bây giờ em có thể tự mô tả lại 2 bước đơn giản để sao chép dữ liệu từ Word sang PowerPoint cho các bạn khác không? ""}, {""turn_index"": 9, ""role"": ""student"", ""content"": ""Bước 1: Copy bên Word. Bước 2: Phải click chuột vào Text box bên PowerPoint trước, rồi ấn Ctrl + V để Paste.""}]","Rất hoàn hảo, em đã tự giải quyết được trục trặc kĩ thuật rồi đó.",Bôi đen văn bản nguồn -> Sao chép (Ctrl+C) -> Mở trang chiếu -> Nháy chuột vào khung văn bản -> Dán (Ctrl+V).
BC-HNMU-G7-R0187-STT4-AI10,HNMU-G7-R0187-STT4,7,Bài 14. Thuật toán tìm kiếm tuần tự,"Hoạt động 1 (Trang 78, SGK)",Biết,true,8,8+,10,later_followup,algorithm,student_reply_present;attempt_or_answer,deterministic_regex_v1,39,history_depth_quota=8+;rare_stratum_and_family_diversity,plan03-task-discovery-v1,Nhận biết,Trong thực tế mình có hay dùng tìm kiếm tuần tự không AI? Em cần một ví dụ để dễ nhớ bài.,"[{""turn_index"": 2, ""role"": ""tutor"", ""content"": ""Em chắc chắn đã dùng rồi! Nhớ lại lúc cô giáo trả bài kiểm tra, cô cầm một tệp giấy lộn xộn. Cô muốn tìm bài của em, cô sẽ làm gì?""}, {""turn_index"": 3, ""role"": ""student"", ""content"": ""Cô sẽ lật từng tờ bài kiểm tra từ trên xuống dưới ạ.""}, {""turn_index"": 4, ""role"": ""tutor"", ""content"": ""Đúng vậy. Khi cô lật tờ thứ nhất, cô kiểm tra điều gì?""}, {""turn_index"": 5, ""role"": ""student"", ""content"": ""Cô xem tên trên bài có phải là tên của em không. Nếu không phải cô lật tiếp tờ thứ hai ạ.""}, {""turn_index"": 6, ""role"": ""tutor"", ""content"": ""Quá trình lật đó sẽ kéo dài đến bao giờ?""}, {""turn_index"": 7, ""role"": ""student"", ""content"": ""Đến khi cô thấy bài của em, hoặc lật hết tệp bài mà không thấy ạ.""}, {""turn_index"": 8, ""role"": ""tutor"", ""content"": ""Tuyệt vời. Hành động \""lật từng tờ\"" và \""kiểm tra tên\"" đó chính là cách máy tính thực hiện tìm kiếm tuần tự. Em có thể nghĩ ra một ví dụ tương tự của bản thân không?""}, {""turn_index"": 9, ""role"": ""student"", ""content"": ""Dạ có. Em sẽ rút từng cuốn vở trong cặp ra xem nhãn vở, đúng môn thì lấy, sai thì cất lại và rút cuốn tiếp theo ạ.""}]",Em phân tích rất chuẩn xác! Em đã hoàn toàn hiểu bản chất của thuật toán thông qua thực tiễn rồi.,Ví dụ: Khách hàng tìm mua một cuốn sách cụ thể bằng cách lướt nhìn từng cuốn sách trên giá từ đầu đến cuối; Rút từng hồ sơ từ trên xuống dưới để tìm hồ sơ của một học sinh.
BC-HNMU-G7-R0168-STT13-AI10,HNMU-G7-R0168-STT13,7,Bài 12: Định dạng đối tượng trên trang chiếu,Mục 3. Trang 71 (Kiến thức bổ sung),Vận dụng,true,8,8+,10,later_followup,multimedia_presentation,student_reply_present;attempt_or_answer,deterministic_regex_v1,40,history_depth_quota=8+;rare_stratum_and_family_diversity,plan03-task-discovery-v1,Vận dụng (Thêm được),"Thầy ơi, em muốn gõ chữ vào trong cái hình mũi tên (Shapes). Em vẽ một cái Text box (hộp văn bản) rồi đặt đè lên trên cái mũi tên có được không ạ?","[{""turn_index"": 2, ""role"": ""tutor"", ""content"": ""Cách đó cũng hiển thị được chữ, nhưng sẽ rất vất vả khi em muốn di chuyển mũi tên đi chỗ khác vì Text box sẽ bị rớt lại phía sau. Em có muốn một cách thông minh hơn không? ""}, {""turn_index"": 3, ""role"": ""student"", ""content"": ""Có ạ, cách nào mà chữ dính chặt vào thân mũi tên luôn ấy thầy.""}, {""turn_index"": 4, ""role"": ""tutor"", ""content"": ""Em chọn luôn cái mũi tên đó. Phần lớn các công cụ ẩn để thiết lập cho một đối tượng đều nằm trong menu khi ta sử dụng chuột phải. Em thử nháy phải chuột vào mũi tên xem. ""}, {""turn_index"": 5, ""role"": ""student"", ""content"": ""Em thấy menu hiện ra rồi.""}, {""turn_index"": 6, ""role"": ""tutor"", ""content"": ""Trong đó có dòng lệnh nào liên quan đến từ \""Text\"" (Văn bản) không? ""}, {""turn_index"": 7, ""role"": ""student"", ""content"": ""Có dòng lệnh \""Edit Text\"" ạ. Em đoán là nó!""}, {""turn_index"": 8, ""role"": ""tutor"", ""content"": ""Thử click ngay xem sự kì diệu nào! ""}, {""turn_index"": 9, ""role"": ""student"", ""content"": ""Wow, em gõ được chữ ngay trên thân mũi tên rồi. Khi em kéo mũi tên di chuyển, chữ cũng đi theo luôn.""}]",Tuyệt cú mèo! Đây là kĩ thuật tối ưu nhất để kết hợp hình khối và văn bản đấy em.,Vẽ hình khối (Insert -> Shapes) -> Nháy chuột phải vào hình khối -> Chọn Edit Text (hoặc Add Text) -> Gõ văn bản.
BC-HNMU-G8-R0260-STT7-AI04,HNMU-G8-R0260-STT7,8,Bài 15: Gỡ lỗi,Hoạt động 1 (Tr. 85 SGK),Hiểu,true,2,2,4,early_followup,concept_or_other,student_reply_present;attempt_or_answer,deterministic_regex_v1,1,history_depth_quota=2;new:cognitive_band=Hiểu|history_present=true|history_depth_bin=2|target_position_bin=early_followup|content_form_signal=concept_or_other|student_state_signal=student_reply_present;attempt_or_answer,plan03-task-discovery-v1,Thông hiểu (Trình bày được quá trình),"Khi thấy kết quả sai, em nên làm gì đầu tiên hả thầy?","[{""turn_index"": 2, ""role"": ""tutor"", ""content"": ""Đừng vội sửa ngay nhé! Đầu tiên em phải biết \""lỗi là gì\"" (Xác định lỗi). Tiếp theo, em phải làm gì để biết đoạn code nào gây ra nó?""}, {""turn_index"": 3, ""role"": ""student"", ""content"": ""Em phải đi tìm chỗ nào viết sai ạ.""}]","Đúng! Đó là bước ""Tìm vị trí"". Sau khi sửa xong, em có nên chạy lại lần nữa không?",B1: Xác định lỗi; B2: Tìm vị trí gây lỗi; B3: Sửa lỗi và kiểm tra lại.
BC-HNMU-G8-R0085-STT14-AI02,HNMU-G8-R0085-STT14,8,Bài 6. Săp xếp và lọc dữ liệu,"Vận dụng, Trang 31 SGK",Vận dụng,false,0,0,2,first_tutor_turn,data_information,initial_request,deterministic_regex_v1,2,history_depth_quota=0;new:cognitive_band=Vận dụng|history_present=false|history_depth_bin=0|target_position_bin=first_tutor_turn|content_form_signal=data_information|student_state_signal=initial_request,plan03-task-discovery-v1,Vận dụng (Sử dụng lọc điều kiện số),"Thầy ơi, trong danh sách số dài quá, em tích từng số 3, 4 lâu quá ạ.",[],"Có một cách nhanh hơn đấy! Trong menu lọc, em có thấy mục Number Filters không? Em muốn tìm các số ""Ở giữa"" (Between) 3 và 4 phải không nào?","Filter cột 3-4 giờ -> Number Filters -> Between -> Smallest: 3, Largest: 4."
BC-HNMU-G8-R0058-STT1-AI06,HNMU-G8-R0058-STT1,8,Bài 5: Sử dụng bảng tính giải quyết bài toán thực tế,"Mục 1, Trang 22 SGK",Biết,true,4,4-6,6,early_followup,spreadsheet,student_reply_present;student_question,deterministic_regex_v1,3,history_depth_quota=4-6;new:cognitive_band=Biết|history_depth_bin=4-6|content_form_signal=spreadsheet|student_state_signal=student_reply_present;student_question,plan03-task-discovery-v1,Nhận biết (Nêu được khái niệm),"Thầy ơi, khi em gõ ""=A1+B1"" rồi kéo xuống, tại sao nó lại tự đổi thành ""=A2+B2"" ạ?","[{""turn_index"": 2, ""role"": ""tutor"", ""content"": ""Chào em! Đó là một tính năng rất thông minh của bảng tính. Em có nhớ trong bài học, loại địa chỉ nào sẽ \""tự động thay đổi\"" khi ta sao chép công thức không?""}, {""turn_index"": 3, ""role"": ""student"", ""content"": ""Dạ, em nhớ có hai loại là tương đối và tuyệt đối ạ.""}, {""turn_index"": 4, ""role"": ""tutor"", ""content"": ""Đúng rồi! Vậy loại nào là \""mặc định\"" và có tính chất thay đổi theo vị trí mới nhỉ?""}, {""turn_index"": 5, ""role"": ""student"", ""content"": ""À, là địa chỉ tương đối đúng không thầy?""}]",Chính xác! Em đã nhận ra tính chất của nó rồi đấy.,Là tự động thay đổi khi sao chép công thức nhưng vẫn giữ nguyên vị trí tương đối giữa ô chứa công thức và ô có địa chỉ tương đối trong công thức.
BC-HNMU-G8-R0203-STT6-AI10,HNMU-G8-R0203-STT6,8,[11b] Thực hành tổng hợp,Bước 2. Tạo khung viền (Trang 71),Hiểu,true,8,8+,10,later_followup,code_programming,student_reply_present;attempt_or_answer,deterministic_regex_v1,4,history_depth_quota=8+;new:history_depth_bin=8+|target_position_bin=later_followup|content_form_signal=code_programming,plan03-task-discovery-v1,Thông hiểu,"Thầy ơi em bực quá, em vừa tô màu Gradient cho cái lớp ""Khungvien"" xong thì cái ảnh phong cảnh của em biến mất tiêu luôn. Phần mềm bị lỗi ạ?","[{""turn_index"": 2, ""role"": ""tutor"", ""content"": ""Không phải phần mềm lỗi đâu em, đây là nguyên lí hiển thị của Layer! Em hãy tưởng tượng các Layer giống như một xấp giấy chồng lên nhau. Em đang nhìn từ trên xuống dưới.""}, {""turn_index"": 3, ""role"": ""student"", ""content"": ""Dạ vâng.""}, {""turn_index"": 4, ""role"": ""tutor"", ""content"": ""Trong bảng Layers ở góc phải, em xem lớp \""Khungvien\"" (có màu Gradient) đang nằm bên trên hay bên dưới lớp ảnh phong cảnh?""}, {""turn_index"": 5, ""role"": ""student"", ""content"": ""Nó đang nằm trên cùng ạ.""}, {""turn_index"": 6, ""role"": ""tutor"", ""content"": ""Khung viền thì bự, lại nằm trên cùng, bảo sao nó che kín mít bức ảnh ở dưới! Theo em, cái khung tranh thì phải nằm dưới hay nằm trên bức ảnh?""}, {""turn_index"": 7, ""role"": ""student"", ""content"": ""Khung tranh (cái nền) thì phải nằm dưới bức ảnh ạ.""}, {""turn_index"": 8, ""role"": ""tutor"", ""content"": ""Chuẩn luôn! Vậy em dùng chuột, nhấn giữ vào cái dòng chữ \""Khungvien\"" trong bảng đó, lôi nó kéo tụt xuống bên dưới lớp ảnh phong cảnh đi.""}, {""turn_index"": 9, ""role"": ""student"", ""content"": ""Ôi ảo diệu quá, em kéo xuống là bức ảnh phong cảnh hiện ra nằm chễm chệ giữa cái khung viền luôn rồi thầy ơi.""}]",Em nhớ nhé: Thay đổi vị trí Lên/Xuống trong bảng Layer sẽ thay đổi thứ tự Trước/Sau trên màn hình.,"Dùng chuột kéo thả lớp ""Khungvien"" xuống dưới lớp ảnh gốc (hoặc kéo lớp ảnh gốc lên trên) trong bảng điều khiển Layers."
BC-HNMU-G8-R0169-STT14-AI04,HNMU-G8-R0169-STT14,8,[8b] Làm quen với phần mềm chỉnh sửa ảnh,Thực hành tổng hợp,Vận dụng,true,2,2,4,early_followup,multimedia_presentation,student_reply_present;short_confirmation,deterministic_regex_v1,5,history_depth_quota=2;new:content_form_signal=multimedia_presentation|student_state_signal=student_reply_present;short_confirmation,plan03-task-discovery-v1,Vận dụng,Em muốn tự thiết kế một cái thiệp. Bắt đầu thế nào thầy?,"[{""turn_index"": 2, ""role"": ""tutor"", ""content"": ""Bắt đầu bằng việc tạo một \""tờ giấy trắng\"". Trong mọi phần mềm, lệnh tạo mới luôn nằm ở menu File. Tên nó là gì em nhỉ?""}, {""turn_index"": 3, ""role"": ""student"", ""content"": ""Dạ là File -> New.""}]",Đúng. Phần mềm hỏi em kích thước Width (chiều rộng) và Height (chiều cao). Thiệp của em hình chữ nhật nằm ngang thì Rộng hay Cao phải lớn hơn?,"File -> New -> Nhập Width, Height -> Dùng Bucket Fill tô màu -> File -> Save."
BC-HNMU-G8-R0193-STT10-AI04,HNMU-G8-R0193-STT10,8,"[10b] Thêm văn bản, tạo hiệu ứng cho ảnh",Thực hành: Tạo khung viền (Trang 68),Hiểu,true,2,2,4,early_followup,digital_document_tool,student_reply_present;attempt_or_answer,deterministic_regex_v1,6,history_depth_quota=2;new:content_form_signal=digital_document_tool,plan03-task-discovery-v1,Thông hiểu,"Thầy ơi em làm y như sách. Lớp trên là ảnh cái cây, lớp dưới là cái nền màu vàng. Nhưng mà ảnh cái cây bự quá che lấp hết lớp màu vàng rồi. Làm sao để có viền vàng xung quanh ảnh?","[{""turn_index"": 2, ""role"": ""tutor"", ""content"": ""Em tư duy không gian rất tốt khi nhận ra lớp trên đang \""che khuất\"" lớp dưới. Giờ để lộ lớp nền vàng xung quanh ra, lớp trên (ảnh cái cây) cần phải làm gì?""}, {""turn_index"": 3, ""role"": ""student"", ""content"": ""Nó phải nhỏ lại ạ, nhỏ hơn cái nền vàng thì mới lòi viền ra được.""}]","Lập luận vô cùng chính xác! Để thu nhỏ kích thước của riêng cái lớp ảnh cái cây, ta dùng công cụ gì đã học ở bài 9b?",Công cụ Scale dùng để thu nhỏ ảnh gốc nằm lọt vào giữa khung nền. Công cụ Move dùng để kéo căn chỉnh ảnh nằm cân đối chính giữa khung viền.
BC-HNMU-G8-R0051-STT8-AI04,HNMU-G8-R0051-STT8,8,Bài 4. Đạo đức và văn hoá trong sử dụng công nghệ kĩ thuật số,"Mục 1, Trang 19 SGK",Hiểu,true,2,2,4,early_followup,digital_ethics_safety,student_reply_present;attempt_or_answer,deterministic_regex_v1,7,history_depth_quota=2;new:content_form_signal=digital_ethics_safety,plan03-task-discovery-v1,Thông hiểu (Phân biệt được chức năng),"Thầy ơi, em lấy ảnh trên mạng về làm slide, em chỉ cần ghi địa chỉ web là được đúng không ạ?","[{""turn_index"": 2, ""role"": ""tutor"", ""content"": ""Việc em ghi địa chỉ web đó gọi là \""trích dẫn nguồn\"". Nếu em lấy ảnh đó và nói là \""tự mình vẽ\"" thì là gì?""}, {""turn_index"": 3, ""role"": ""student"", ""content"": ""Dạ lúc đó là em đang nói dối, là vi phạm bản quyền ạ.""}]",Rất tốt! Vậy sự khác biệt lớn nhất ở đây là gì?,Trích dẫn nguồn là nêu rõ tên tác giả/nguồn gốc; Vi phạm là nhận tác phẩm của người khác là của mình.
BC-HNMU-G8-R0273-STT6-AI04,HNMU-G8-R0273-STT6,8,Bài 16,Mục 1 (Tr. 89 SGK),Hiểu,true,2,2,4,early_followup,algorithm,student_reply_present;attempt_or_answer,deterministic_regex_v1,8,history_depth_quota=2;new:content_form_signal=algorithm,plan03-task-discovery-v1,Thông hiểu (Phân biệt được),"Thầy ơi, cả hai nhóm này đều dùng máy tính, vậy chúng khác nhau chỗ nào ạ?","[{""turn_index"": 2, ""role"": ""tutor"", ""content"": ""Em hãy tưởng tượng: Một bên là người \""chế tạo ra chiếc xe\"" (thuật toán, công nghệ), một bên là người \""lái xe giỏi\"" để đi giao hàng (dùng công nghệ vào việc khác). Bên nào là Khoa học máy tính?""}, {""turn_index"": 3, ""role"": ""student"", ""content"": ""Dạ người chế tạo xe là Khoa học máy tính ạ.""}]",Rất giỏi! Vậy những nghề như thiết kế đồ họa hay dùng phần mềm kế toán thì thuộc nhóm nào?,"Khoa học máy tính: nghiên cứu lý thuyết, thuật toán; Tin học ứng dụng: sử dụng công cụ tin học để giải quyết vấn đề trong các lĩnh vực khác."
BC-HNMU-G8-R0007-STT6-AI04,HNMU-G8-R0007-STT6,8,Bài 1. Lược sử công cụ tính toán,"Mục 3, Trang 9 SGK",Hiểu,true,2,2,4,early_followup,hardware_network,student_reply_present;attempt_or_answer,deterministic_regex_v1,9,history_depth_quota=2;new:content_form_signal=hardware_network,plan03-task-discovery-v1,Thông hiểu (Trình bày được sự thay đổi),"Thầy ơi, tại sao Internet lại làm thay đổi cách chúng em học tập ạ?","[{""turn_index"": 2, ""role"": ""tutor"", ""content"": ""Hãy thử tưởng tượng nhé: Nếu trường học bị đóng cửa vì dịch bệnh mà không có Internet, em có thể tiếp tục nghe cô giáo giảng bài không?""}, {""turn_index"": 3, ""role"": ""student"", ""content"": ""Dạ không ạ, lúc đó chắc chỉ có thể tự đọc sách ở nhà thôi.""}]","Đúng thế. Nhưng hiện nay, nhờ có máy tính nối mạng, em có thể tham gia vào các lớp học như thế nào mà không cần đến trường?","Học sinh có thể học mọi lúc mọi nơi, tiếp cận kho tri thức khổng lồ, học trực tuyến và tương tác với giáo viên, chuyên gia trên toàn thế giới."
BC-HNMU-G8-R0200-STT3-AI02,HNMU-G8-R0200-STT3,8,[11b] Thực hành tổng hợp,Bước 2. Tạo khung viền (Trang 71),Biết,false,0,0,2,first_tutor_turn,concept_or_other,initial_request,deterministic_regex_v1,10,history_depth_quota=0;rare_stratum_and_family_diversity,plan03-task-discovery-v1,Nhận biết,"Thầy ơi, cô giáo bảo làm xong khung viền thì phải gộp nó lại với ảnh gốc cho gọn. Em bôi đen cả 2 lớp được không?",[],"Trong GIMP, để gộp lớp, ta không ""bôi đen"" mà dùng lệnh trộn lớp. Em hãy để ý trong bảng Layers, lớp khung viền đang nằm ngay phía trên lớp ảnh gốc đúng không?",Lệnh Merge Down (chuột phải vào lớp chọn Merge Down).
BC-HNMU-G8-R0180-STT11-AI04,HNMU-G8-R0180-STT11,8,"[9b] Thay đổi khung hình, kích thước ảnh",Vận dụng (Trang 62),Vận dụng,true,2,2,4,early_followup,concept_or_other,student_reply_present;attempt_or_answer,deterministic_regex_v1,11,history_depth_quota=2;rare_stratum_and_family_diversity,plan03-task-discovery-v1,Vận dụng,Em muốn cắt ảnh này làm bìa YouTube. Em đã chọn Crop và kéo khung rồi nhưng em không biết khung này đã chuẩn chưa.,"[{""turn_index"": 2, ""role"": ""tutor"", ""content"": ""Cắt bìa YouTube cần căn bố cục rất kĩ. Em có thấy trên khung Crop em vừa kéo, có 4 góc và 4 cạnh viền không?""}, {""turn_index"": 3, ""role"": ""student"", ""content"": ""Dạ thấy, nó có mấy cái chấm vuông mờ mờ ạ.""}]","Đúng rồi, đó là các điểm neo (handles). Thay vì bấm Enter ngay, em hãy đưa chuột vào cái chấm ở góc trái trên cùng, giữ và kéo để chỉnh lại cho khuôn mặt em nằm chính giữa khung xem.",Chọn Crop Tool -> Quét chuột quanh đối tượng chính -> Điều chỉnh lại viền -> Nhấn Enter.
BC-HNMU-G8-R0095-STT10-AI02,HNMU-G8-R0095-STT10,8,Bài 7. Trình bày dữ liệu bằng biểu đồ,"Mục 1, Trang 32 SGK",Hiểu,false,0,0,2,first_tutor_turn,data_information,initial_request,deterministic_regex_v1,12,history_depth_quota=0;rare_stratum_and_family_diversity,plan03-task-discovery-v1,Thông hiểu (Giải thích lựa chọn),"Trong Hình 7.2, sao họ không dùng hình tròn mà lại dùng cột hả thầy AI?",[],"Em nhìn xem, mục tiêu của tác giả là muốn em thấy nội dung nào có ""nhiều"" bạn thích nhất và nội dung nào ""ít"" nhất đúng không?",Vì mục đích là để so sánh số lượng học sinh quan tâm giữa các nội dung Tin học khác nhau.
BC-HNMU-G8-R0199-STT2-AI06,HNMU-G8-R0199-STT2,8,[11b] Thực hành tổng hợp,Bước 3. Ghép ảnh vào tờ rơi (Trang 72),Biết,true,4,4-6,6,early_followup,concept_or_other,student_reply_present;attempt_or_answer,deterministic_regex_v1,13,history_depth_quota=4-6;rare_stratum_and_family_diversity,plan03-task-discovery-v1,Nhận biết,Thầy ơi sao em lấy chuột kéo bông hoa đi chỗ khác mà nó cứ vẽ ra mấy cái đường nét đứt (vùng chọn) chứ không di chuyển ạ?,"[{""turn_index"": 2, ""role"": ""tutor"", ""content"": ""Đó là do em đang dùng nhầm công cụ Chọn (Select) thay vì công cụ Di chuyển. Để di chuyển một đối tượng đồ hoạ, mình cần một công cụ chuyên dụng. Từ \""di chuyển\"" trong tiếng Anh là gì em nhỉ?""}, {""turn_index"": 3, ""role"": ""student"", ""content"": ""Dạ là Move ạ.""}, {""turn_index"": 4, ""role"": ""tutor"", ""content"": ""Rất tốt. Em hãy nhìn vào Hộp công cụ (Toolbox), tìm biểu tượng có 4 mũi tên toả ra 4 hướng. Khi trỏ chuột vào nó hiện chữ gì?""}, {""turn_index"": 5, ""role"": ""student"", ""content"": ""Nó hiện chữ \""Move Tool\"" ạ.""}]","Tuyệt vời. Bây giờ em nháy chọn Move Tool, click thẳng vào bông hoa rồi giữ chuột kéo đi xem.",Công cụ Move (biểu tượng mũi tên 4 chiều).
BC-HNMU-G8-R0042-STT13-AI02,HNMU-G8-R0042-STT13,8,Bài 3. Thực hành: Khai thác thông tin số,"Luyện tập 2, Trang 17 SGK",Vận dụng,false,0,0,2,first_tutor_turn,data_information,initial_request,deterministic_regex_v1,14,history_depth_quota=0;rare_stratum_and_family_diversity,plan03-task-discovery-v1,Vận dụng (Chọn lọc thông tin phù hợp),"Thầy giúp em chọn câu này với, em thấy Fanclub (A) chắc là biết nhiều tin nhất.",[],"Fan thường rất yêu quý đội bóng, liệu họ có luôn đưa tin khách quan (không thiên vị) không em?",C. Liên đoàn bóng đá châu Phi.
BC-HNMU-G8-R0275-STT8-AI04,HNMU-G8-R0275-STT8,8,Bài 16,Mục 1 (Tr. 87 SGK),Hiểu,true,2,2,4,early_followup,concept_or_other,student_reply_present;attempt_or_answer,deterministic_regex_v1,15,history_depth_quota=2;rare_stratum_and_family_diversity,plan03-task-discovery-v1,Thông hiểu (Mô tả được sự thay đổi),Tin học làm thay đổi các nghề cũ như thế nào hả thầy?,"[{""turn_index"": 2, ""role"": ""tutor"", ""content"": ""Em hãy nghĩ về nghề thợ may. Trước đây họ làm hoàn toàn bằng tay, giờ đây họ có thể dùng phần mềm để thiết kế mẫu trên máy tính. Em thấy cách làm nào nhanh hơn?""}, {""turn_index"": 3, ""role"": ""student"", ""content"": ""Dạ dùng máy tính nhanh và chính xác hơn ạ.""}]","Đúng rồi! Tin học không thay thế nghề cũ mà giúp con người làm việc đó ""hiệu quả hơn"" bằng các công cụ hiện đại.","Làm thay đổi phương thức làm việc, tự động hóa quy trình và tạo ra nhiều nghề mới."
BC-HNMU-G8-R0088-STT3-AI02,HNMU-G8-R0088-STT3,8,Bài 7. Trình bày dữ liệu bằng biểu đồ,"Mục 1, Trang 32 SGK",Biết,false,0,0,2,first_tutor_turn,data_information,initial_request,deterministic_regex_v1,16,history_depth_quota=0;rare_stratum_and_family_diversity,plan03-task-discovery-v1,Nhận biết (Nêu được vai trò),Khi nào thì mình nên vẽ biểu đồ cột hả thầy?,[],"Em hãy nghĩ về cuộc thi chạy của lớp mình. Để biết ai chạy nhanh hơn ai dựa trên các cột thời gian, biểu đồ cột có giúp ích không?",Thường được sử dụng để so sánh dữ liệu.
BC-HNMU-G8-R0168-STT13-AI06,HNMU-G8-R0168-STT13,8,[8b] Làm quen với phần mềm chỉnh sửa ảnh,Vận dụng,Vận dụng,true,4,4-6,6,early_followup,multimedia_presentation,student_reply_present;attempt_or_answer,deterministic_regex_v1,17,history_depth_quota=4-6;rare_stratum_and_family_diversity,plan03-task-discovery-v1,Vận dụng,Thầy hướng dẫn em xoay ảnh cho thẳng cột cờ với ạ.,"[{""turn_index"": 2, ""role"": ""tutor"", ""content"": ""Em tìm biểu tượng Rotate (hai mũi tên xoay). Khi em nhấp vào ảnh, một bảng thông số hiện ra. Em thử giữ chuột vào góc ảnh và kéo lên/xuống nhẹ nhẹ xem.""}, {""turn_index"": 3, ""role"": ""student"", ""content"": ""Ồ ảnh xoay theo chuột rồi. Cột cờ thẳng rồi ạ, em nhấn nút Rotate nhé?""}, {""turn_index"": 4, ""role"": ""tutor"", ""content"": ""Nhấn đi em. Nhưng em quan sát kĩ 4 góc bức ảnh xem có gì bất thường không?""}, {""turn_index"": 5, ""role"": ""student"", ""content"": ""Nó bị thừa ra mấy cái góc nền trong suốt ạ.""}]",Chính xác. Giờ mình không thể để bức ảnh lởm chởm vậy được. Công cụ nào giúp cắt một khung chữ nhật chuẩn ở giữa và vứt bỏ phần thừa xung quanh?,Dùng Rotate Tool xoay cho thẳng góc -> Dùng Crop Tool xén phần viền lởm chởm.
BC-HNMU-G8-R0246-STT7-AI02,HNMU-G8-R0246-STT7,8,Bài 14: Cấu trúc điều khiển,Câu hỏi 2 (Tr. 81 SGK),Hiểu,false,0,0,2,first_tutor_turn,concept_or_other,initial_request,deterministic_regex_v1,18,history_depth_quota=0;rare_stratum_and_family_diversity,plan03-task-discovery-v1,Thông hiểu (Giải thích được lý do),"Thầy ơi, sao trong sơ đồ Hình 14.2a, bạn Khoa chỉ dùng 2 hình thoi mà so sánh được cả 3 trường hợp lớn, nhỏ, bằng ạ?",[],"Một câu hỏi rất hay! Nếu một số không lớn hơn và cũng không nhỏ hơn số kia, thì chắc chắn nó phải là gì em nhỉ?","Vì các trường hợp ""nhỏ hơn"" và ""lớn hơn"" đã loại trừ lẫn nhau, nên chỉ cần kiểm tra hai lần là đủ xác định quan hệ."
BC-HNMU-G8-R0089-STT4-AI04,HNMU-G8-R0089-STT4,8,Bài 7. Trình bày dữ liệu bằng biểu đồ,"Mục 1, Trang 33 SGK",Biết,true,2,2,4,early_followup,data_information,student_reply_present;attempt_or_answer,deterministic_regex_v1,19,history_depth_quota=2;rare_stratum_and_family_diversity,plan03-task-discovery-v1,Nhận biết (Nêu được vai trò),"Thầy ơi, sao biểu đồ hình tròn lại hay ghi phần trăm (%) vậy ạ?","[{""turn_index"": 2, ""role"": ""tutor"", ""content"": ""Một quan sát rất tốt! Hãy tưởng tượng cả cái hình tròn là toàn bộ số học sinh lớp em. Mỗi \""miếng bánh\"" nhỏ đại diện cho một nhóm bạn thích môn học khác nhau. Lúc đó em đang muốn xem điều gì?""}, {""turn_index"": 3, ""role"": ""student"", ""content"": ""Dạ em muốn xem mỗi nhóm chiếm bao nhiêu phần so với cả lớp ạ.""}]",Chính xác! Vậy biểu đồ hình quạt tròn dùng để thể hiện cái gì của từng phần so với tổng thể nhỉ?,Thường dùng để mô tả tỉ lệ của từng phần so với tổng thể.
BC-HNMU-G8-R0280-STT13-AI02,HNMU-G8-R0280-STT13,8,Bài 16,Luyện tập 1 (Tr. 90 SGK),Vận dụng,false,0,0,2,first_tutor_turn,multimedia_presentation,initial_request,deterministic_regex_v1,20,history_depth_quota=0;rare_stratum_and_family_diversity,plan03-task-discovery-v1,Vận dụng (Thực hiện nhiệm vụ giáo viên đặt ra),"Thầy ơi, trong trường học của mình thì tin học được ứng dụng vào việc gì ạ?",[],Em hãy nhớ lại mỗi khi cô giáo nhập điểm cho em. Cô dùng sổ tay hay dùng cái gì?,"Y tế: Quản lý bệnh án điện tử, chẩn đoán hình ảnh. Giáo dục: Dạy học trực tuyến, phần mềm quản lý điểm."
BC-HNMU-G8-R0176-STT7-AI06,HNMU-G8-R0176-STT7,8,"[9b] Thay đổi khung hình, kích thước ảnh",Mục 2. Kiến thức mới (Trang 60),Hiểu,true,4,4-6,6,early_followup,concept_or_other,student_reply_present;attempt_or_answer,deterministic_regex_v1,21,history_depth_quota=4-6;rare_stratum_and_family_diversity,plan03-task-discovery-v1,Thông hiểu,"Thầy ơi, em muốn bức ảnh dài ra theo chiều dọc để đăng lên Story điện thoại. Em phải làm sao?","[{""turn_index"": 2, ""role"": ""tutor"", ""content"": ""Để đổi kích thước, em mở công cụ Scale. Một hộp thoại hiện ra, em có thấy hai thông số Width và Height không?""}, {""turn_index"": 3, ""role"": ""student"", ""content"": ""Dạ thấy, nó ghi là Width: 1000, Height: 800.""}, {""turn_index"": 4, ""role"": ""tutor"", ""content"": ""Ảnh Story điện thoại là dạng dọc, tức là chiều cao phải lớn hơn chiều rộng. Trong 2 từ Width và Height, từ nào chỉ chiều cao em nhỉ?""}, {""turn_index"": 5, ""role"": ""student"", ""content"": ""Height là chiều cao ạ.""}]","Rất thông minh! Vậy em hãy nhập số ở Height lớn hơn Width (ví dụ Height 1200, Width 700) rồi bấm Scale xem sao.","Width là chiều rộng, Height là chiều cao của ảnh. Thay đổi 2 số này để chỉnh kích thước ảnh tính theo pixel."
BC-HNMU-G8-R0256-STT3-AI04,HNMU-G8-R0256-STT3,8,Bài 15: Gỡ lỗi,Mục 2. Phân loại lỗi (Tr. 86 SGK),Biết,true,2,2,4,early_followup,code_programming,student_reply_present;attempt_or_answer,deterministic_regex_v1,22,history_depth_quota=2;rare_stratum_and_family_diversity,plan03-task-discovery-v1,Nhận biết (Nêu được thành phần),"Thầy ơi, có những kiểu sai nào trong lập trình hả thầy?","[{""turn_index"": 2, ""role"": ""tutor"", ""content"": ""Em hãy nhớ lại khi tập viết văn: có lỗi viết sai chính tả và lỗi viết câu đúng chính tả nhưng ý nghĩa lại buồn cười. Trong lập trình cũng vậy, ta chia thành lỗi \""ngữ pháp máy tính\"" (cú pháp) và lỗi về \""cách tư duy\"". Em thử gọi tên 2 loại này xem?""}, {""turn_index"": 3, ""role"": ""student"", ""content"": ""Dạ là lỗi cú pháp và lỗi lôgic ạ!""}]","Rất chuẩn! Em đã nhận diện được hai ""kẻ thù"" chính của lập trình viên rồi.",Có 2 loại lỗi chính: lỗi cú pháp và lỗi lôgic.
BC-HNMU-G8-R0083-STT12-AI02,HNMU-G8-R0083-STT12,8,Bài 6. Săp xếp và lọc dữ liệu,"Luyện tập (d), Trang 31 SGK",Vận dụng,false,0,0,2,first_tutor_turn,data_information,initial_request,deterministic_regex_v1,23,history_depth_quota=0;rare_stratum_and_family_diversity,plan03-task-discovery-v1,Vận dụng (Giải quyết nhiệm vụ),"Thầy ơi, em muốn tìm lớp nào ""ngoan"" nhất, không có ai dùng máy trên 5 tiếng ạ.",[],"Mục tiêu của em là lọc ra những lớp có số lượng ở cột ""Từ 5 giờ trở lên"" bằng mấy?","Bật Filter -> Cột ""Từ 5 giờ trở lên"" -> Bỏ chọn các số khác 0 (hoặc chọn Number Filters -> Equals -> 0)."
BC-HNMU-G8-R0188-STT5-AI06,HNMU-G8-R0188-STT5,8,"[10b] Thêm văn bản, tạo hiệu ứng cho ảnh",Mục 1. Thêm văn bản (Trang 66),Hiểu,true,4,4-6,6,early_followup,digital_document_tool,student_reply_present;attempt_or_answer,deterministic_regex_v1,24,history_depth_quota=4-6;rare_stratum_and_family_diversity,plan03-task-discovery-v1,Thông hiểu,"Thầy ơi em lúng túng quá, em bấm nút Text rồi mà chữ em gõ ra nó bé tí ti màu đen, không nổi bật chút nào trên nền ảnh.","[{""turn_index"": 2, ""role"": ""tutor"", ""content"": ""Đừng lo lắng em nhé, đây là tình huống thường gặp. Để thay đổi chiếc áo cho dòng chữ, quy tắc đầu tiên là \""Muốn sửa ai, phải bôi đen người đó\"". Em hãy dùng chuột quét khối (bôi đen) toàn bộ chữ em vừa gõ đi.""}, {""turn_index"": 3, ""role"": ""student"", ""content"": ""Em quét khối rồi, nó được đóng trong cái khung vuông nhỏ.""}, {""turn_index"": 4, ""role"": ""tutor"", ""content"": ""Rất tốt. Giờ em hướng mắt xuống góc dưới bên trái màn hình, bảng \""Tool Options\"". Em thấy khu vực nào có con số kích thước và ô màu đen không?""}, {""turn_index"": 5, ""role"": ""student"", ""content"": ""Dạ có, số đang là 18, ô màu đang là đen.""}]","Đấy chính là trung tâm điều khiển của chữ! Em hãy nhập số 18 thành 60, và nhấp vào ô màu đen để đổi sang màu Trắng hoặc Vàng xem.","Chọn công cụ Text -> Nháy chuột vào vị trí cần chèn -> Gõ chữ -> Quét chọn khối chữ -> Chỉnh sửa cỡ chữ, phông, màu ở bảng Tool Options."
BC-HNMU-G8-R0156-STT1-AI02,HNMU-G8-R0156-STT1,8,[8b] Làm quen với phần mềm chỉnh sửa ảnh,Mở đầu / Khám phá,Biết,false,0,0,2,first_tutor_turn,multimedia_presentation,initial_request,deterministic_regex_v1,25,history_depth_quota=0;rare_stratum_and_family_diversity,plan03-task-discovery-v1,Nhận biết,"Thầy ơi, GIMP có giống Paint không ạ?",[],Câu hỏi rất hay! Paint là công cụ vẽ cơ bản. Em có nhớ GIMP được xếp vào nhóm phần mềm gì theo SGK không?,GIMP
BC-HNMU-G8-R0211-STT14-AI06,HNMU-G8-R0211-STT14,8,[11b] Thực hành tổng hợp,Toàn bộ bài thực hành (Trang 70-72),Vận dụng,true,4,4-6,6,early_followup,concept_or_other,student_reply_present;attempt_or_answer,deterministic_regex_v1,26,history_depth_quota=4-6;rare_stratum_and_family_diversity,plan03-task-discovery-v1,Vận dụng,"Bài tập cuối chương yêu cầu tự thiết kế một poster ""Kêu gọi bảo vệ môi trường"". Em tải 1 ảnh Trái đất và 1 ảnh cây xanh về máy rồi. Nhưng vô GIMP em bị ""ngợp"", không biết đi nét nào trước.","[{""turn_index"": 2, ""role"": ""tutor"", ""content"": ""Cảm giác \""ngợp\"" trước màn hình trống là rất bình thường với nhà thiết kế! Để giải quyết, ta áp dụng phương pháp \""Chia nhỏ vấn đề\"". Hãy nhắm mắt lại và tưởng tượng poster của em có 3 lớp lang: Nền (dưới cùng), Hình ảnh (ở giữa), và Chữ (trên cùng). Em định làm cái gì đầu tiên?""}, {""turn_index"": 3, ""role"": ""student"", ""content"": ""Chắc em phải trải cái Nền ra trước ạ.""}, {""turn_index"": 4, ""role"": ""tutor"", ""content"": ""Chuẩn xác. Em hãy tạo một File > New để làm nền, có thể tô màu Gradient xanh lá cây cho đúng chủ đề môi trường nhé. Xong nền thì ta làm gì tiếp?""}, {""turn_index"": 5, ""role"": ""student"", ""content"": ""Ta đặt Hình ảnh lên nền. Em sẽ dùng lệnh \""Open as Layers\"" lôi ảnh Trái đất và cây xanh vào, rồi dùng Scale và Move để xếp nó cho cân đối.""}]","Lộ trình thao tác của em quá hoàn hảo! Sau khi xếp ảnh xong, lớp trên cùng để người ta đọc và hiểu thông điệp là gì?","Lên ý tưởng -> Tìm ảnh nền/ảnh ghép -> Dùng GIMP (New Layer khung, Open as Layers ghép ảnh, Rotate/Scale/Move bố cục, Text ghi chú) -> Chỉnh màu -> Export JPG."
BC-HNMU-G8-R0235-STT10-AI02,HNMU-G8-R0235-STT10,8,Bài 13: Biểu diễn dữ liệu,Hình 13.1 (Tr. 77),Hiểu,false,0,0,2,first_tutor_turn,code_programming,initial_request,deterministic_regex_v1,27,history_depth_quota=0;rare_stratum_and_family_diversity,plan03-task-discovery-v1,Thông hiểu (Mô tả được quy trình),"Thầy ơi, trong một câu lệnh dài có cả and, or, not thì máy tính làm cái nào trước ạ?",[],"Máy tính cũng có quy tắc ""ưu tiên"" giống như nhân chia trước cộng trừ sau vậy. Em hãy nhớ thứ tự: 1. Phủ định, 2. Và, 3. Hoặc. Vậy cái nào được ưu tiên cao nhất?","Thực hiện not trước, sau đó đến and, cuối cùng là or."
BC-HNMU-G8-R0018-STT3-AI06,HNMU-G8-R0018-STT3,8,Bài 2. Thông tin trong môi trường số,"Mục 2, Trang 12 SGK",Biết,true,4,4-6,6,early_followup,data_information,student_reply_present;attempt_or_answer,deterministic_regex_v1,28,history_depth_quota=4-6;rare_stratum_and_family_diversity,plan03-task-discovery-v1,Nhận biết (Biết được vai trò),"Tại sao mình phải mất công tìm thông tin ""đáng tin cậy"" hả thầy? Cứ có thông tin là được chứ ạ?","[{""turn_index"": 2, ""role"": ""tutor"", ""content"": ""Một câu hỏi rất hay! Thử tưởng tượng em xem dự báo thời tiết bảo \""nắng đẹp\"" nhưng thực tế lại \""bão lớn\"", em có gặp nguy hiểm không?""}, {""turn_index"": 3, ""role"": ""student"", ""content"": ""Dạ có chứ ạ, em sẽ bị ướt hết và hỏng đồ đạc.""}, {""turn_index"": 4, ""role"": ""tutor"", ""content"": ""Đúng vậy. Vậy nếu thông tin \""đáng tin\"", nó sẽ giúp em đưa ra quyết định như thế nào cho chuyến đi?""}, {""turn_index"": 5, ""role"": ""student"", ""content"": ""Dạ giúp em quyết định hành động đúng là ở nhà ạ!""}]",Chính xác! Đó chính là vai trò của thông tin đáng tin cậy đấy.,"Giúp con người đưa ra những kết luận đúng, quyết định hành động đúng và giải quyết được vấn đề."
BC-HNMU-G8-R0196-STT13-AI02,HNMU-G8-R0196-STT13,8,"[10b] Thêm văn bản, tạo hiệu ứng cho ảnh",Thực hành (Trang 68),Vận dụng,false,0,0,2,first_tutor_turn,digital_document_tool,initial_request,deterministic_regex_v1,29,history_depth_quota=0;rare_stratum_and_family_diversity,plan03-task-discovery-v1,Vận dụng,Thầy hướng dẫn em làm một khung viền màu cầu vồng cho bức ảnh chú chó nhà em với. Bài thực hành này nhiều bước quá em hơi rối.,[],"Không sao cả, chúng ta sẽ làm từng bước như một thợ làm khung tranh thật nhé. Để có một cái khung, em phải có một tấm ván gỗ bự hơn bức ảnh đúng không? Tấm ván gỗ đó trong phần mềm là một Layer mới. Em hãy tạo một New Layer và đặt kích thước (Width, Height) to hơn ảnh gốc khoảng 200 pixel nhé.",Tạo Layer mới (kích thước lớn) -> Nằm dưới lớp ảnh gốc -> Dùng công cụ Gradient kéo dải màu -> Dùng Scale/Move chỉnh ảnh gốc lọt vào giữa khung.
BC-HNMU-G8-R0174-STT5-AI06,HNMU-G8-R0174-STT5,8,"[9b] Thay đổi khung hình, kích thước ảnh",Mục 1. Kiến thức mới,Hiểu,true,4,4-6,6,early_followup,multimedia_presentation,student_reply_present;student_question,deterministic_regex_v1,30,history_depth_quota=4-6;rare_stratum_and_family_diversity,plan03-task-discovery-v1,Thông hiểu,"Em muốn ảnh này bé lại để ghép vào tờ rơi, em lấy Crop cắt nhỏ nhưng bị mất mặt mất tiêu.","[{""turn_index"": 2, ""role"": ""tutor"", ""content"": ""Hiện tượng này rất phổ biến! Khi em dùng Crop, em đang bảo máy tính \""cắt bỏ\"" phần bên ngoài ô vuông. Nên mặt em bị cắt mất. Em muốn giữ nguyên cảnh và mặt, chỉ làm nó nhỏ đi thôi đúng không?""}, {""turn_index"": 3, ""role"": ""student"", ""content"": ""Dạ vâng, em muốn giữ hết mọi thứ nhưng nhỏ lại ạ.""}, {""turn_index"": 4, ""role"": ""tutor"", ""content"": ""Trong trường hợp này, em không được dùng lệnh \""cắt\"" (Crop) mà phải dùng lệnh \""thu phóng\"" toàn bộ. Đó là công cụ nào ta đã học?""}, {""turn_index"": 5, ""role"": ""student"", ""content"": ""Là công cụ Scale ạ?""}]","Tuyệt vời. Đầu tiên em ấn Ctrl+Z để lấy lại cái mặt bị cắt nhé, sau đó chọn Scale Tool.","Crop là cắt bỏ phần thừa (mất đi chi tiết), Scale là co/giãn toàn bộ ảnh (giữ nguyên tất cả chi tiết)."
BC-HNMU-G8-R0061-STT4-AI02,HNMU-G8-R0061-STT4,8,Bài 5: Sử dụng bảng tính giải quyết bài toán thực tế,"Mục 2, Trang 23 SGK",Biết,false,0,0,2,first_tutor_turn,spreadsheet,initial_request,deterministic_regex_v1,31,history_depth_quota=0;rare_stratum_and_family_diversity,plan03-task-discovery-v1,Nhận biết (Nêu được khái niệm),"Thầy ơi, địa chỉ tuyệt đối khác gì địa chỉ tương đối ạ?",[],"Em hãy tưởng tượng địa chỉ tuyệt đối giống như một ""địa chỉ nhà cố định"" trên bản đồ. Dù em có đứng ở đâu thì số nhà đó có đổi không?",Là địa chỉ ô tính không thay đổi khi sao chép công thức sang vị trí khác.
BC-HNMU-G8-R0015-STT14-AI06,HNMU-G8-R0015-STT14,8,Bài 1. Lược sử công cụ tính toán,Dự án học tập,Vận dụng,true,4,4-6,6,early_followup,concept_or_other,student_reply_present;attempt_or_answer,deterministic_regex_v1,32,history_depth_quota=4-6;rare_stratum_and_family_diversity,plan03-task-discovery-v1,Vận dụng (Tạo sản phẩm số/tổng hợp),"Thầy ơi, có nhiều mốc quá, em nên chọn 5 mốc nào là tiêu biểu nhất để làm timeline ạ?","[{""turn_index"": 2, ""role"": ""tutor"", ""content"": ""Em hãy chọn những cái tên tạo ra \""cuộc cách mạng\"" nhé. Đầu tiên là công cụ dùng tay sớm nhất?""}, {""turn_index"": 3, ""role"": ""student"", ""content"": ""Dạ là Bàn tính ạ.""}, {""turn_index"": 4, ""role"": ""tutor"", ""content"": ""Tốt! Thứ hai là máy tính cơ khí đầu tiên của Pascal? Tiếp theo là ý tưởng \""cha đẻ\"" của Babbage?""}, {""turn_index"": 5, ""role"": ""student"", ""content"": ""Dạ em sẽ chọn Pascaline và Máy phân tích. Còn 2 mốc cuối là máy tính điện tử đầu tiên và chip vi xử lý hiện nay ạ.""}]",Tuyệt vời! Đó là một dòng thời gian rất logic và đầy đủ. Em hãy vẽ nó ra vở nhé!,1. Bàn tính (cổ đại); 2. Pascaline (1642); 3. Máy phân tích (1830s); 4. ENIAC (1945); 5. Vi xử lý (1971).
BC-HNMU-G8-R0221-STT10-AI02,HNMU-G8-R0221-STT10,8,Bài 12,Luyện tập 3 (Tr. 75 SGK),Hiểu,false,0,0,2,first_tutor_turn,code_programming,initial_request,deterministic_regex_v1,33,history_depth_quota=0;rare_stratum_and_family_diversity,plan03-task-discovery-v1,Thông hiểu (Trình bày được quá trình),Làm sao để cái xe tự dừng khi thấy hòn đá hả thầy? (Hình 12.5),[],"Đầu tiên, xe cần ""cảm nhận"" được khoảng cách. Theo em, điều kiện để xe dừng lại ở đây là gì?","B1: Xác định điều kiện (khoảng cách < 120); B2: Lập kịch bản (nếu đúng thì dừng, sai thì đi); B3: Viết mã Scratch."
BC-HNMU-G8-R0032-STT3-AI06,HNMU-G8-R0032-STT3,8,Bài 3. Thực hành: Khai thác thông tin số,"Nhiệm vụ 3, Trang 16-17 SGK",Biết,true,4,4-6,6,early_followup,digital_ethics_safety,student_reply_present;student_question,deterministic_regex_v1,34,history_depth_quota=4-6;rare_stratum_and_family_diversity,plan03-task-discovery-v1,Nhận biết (Nêu tên được kênh chia sẻ),"Thầy ơi, làm xong bài thuyết trình em gửi cho cô giáo bằng cách nào ạ?","[{""turn_index"": 2, ""role"": ""tutor"", ""content"": ""Có nhiều cách lắm! Nếu em muốn gửi vào \""hộp thư số\"" cá nhân của cô thì dùng dịch vụ gì?""}, {""turn_index"": 3, ""role"": ""student"", ""content"": ""Dạ dùng Thư điện tử (Email) ạ.""}, {""turn_index"": 4, ""role"": ""tutor"", ""content"": ""Đúng rồi! Còn nếu muốn cả lớp cùng xem và bình luận trên một nhóm, em có thể dùng kênh gì?""}, {""turn_index"": 5, ""role"": ""student"", ""content"": ""À, mạng xã hội hoặc các ổ đĩa dùng chung thầy nhỉ?""}]",Quá chuẩn luôn!,"Thư điện tử (Email), mạng xã hội, không gian lưu trữ dùng chung."
BC-HNMU-G8-R0195-STT12-AI10,HNMU-G8-R0195-STT12,8,"[10b] Thêm văn bản, tạo hiệu ứng cho ảnh",Vận dụng (Trang 69),Vận dụng,true,8,8+,10,later_followup,digital_document_tool,student_reply_present;attempt_or_answer,deterministic_regex_v1,35,history_depth_quota=8+;rare_stratum_and_family_diversity,plan03-task-discovery-v1,Vận dụng,"Thầy ơi ảnh hoàng hôn này em chụp đẹp lắm nhưng bầu trời thì rực rỡ mà mặt đất, cây cối ở dưới nó đen ngòm. Làm sao cho phần dưới nó rõ lên ạ?","[{""turn_index"": 2, ""role"": ""tutor"", ""content"": ""Hiện tượng này trong nhiếp ảnh gọi là \""ngược sáng\"". Để cứu vớt các chi tiết bị chìm trong vùng tối (đen ngòm), ta cần tác động vào tổng thể ánh sáng của bức ảnh. Công cụ quen thuộc nào trong menu Colors giúp điều chỉnh mức sáng tối chung em nhỉ?""}, {""turn_index"": 3, ""role"": ""student"", ""content"": ""Là công cụ Brightness-Contrast đúng không ạ?""}, {""turn_index"": 4, ""role"": ""tutor"", ""content"": ""Rất chính xác. Em hãy mở bảng đó lên. Để mặt đất bớt đen, em cần tăng hay giảm thông số Brightness?""}, {""turn_index"": 5, ""role"": ""student"", ""content"": ""Em phải kéo tăng thông số Brightness lên. A, lá cây và con đường dưới đất hiện ra rõ mồn một rồi thầy ơi.""}, {""turn_index"": 6, ""role"": ""tutor"", ""content"": ""Tốt lắm. Nhưng em có để ý khi kéo Brightness lên mạnh quá, bức ảnh bị phủ một lớp sương mù trắng trắng, nhìn nhạt nhạt không thật không?""}, {""turn_index"": 7, ""role"": ""student"", ""content"": ""Dạ đúng, màu nó cứ bạc bệch ra ạ.""}, {""turn_index"": 8, ""role"": ""tutor"", ""content"": ""Đó là lúc thông số thứ hai (Contrast) phát huy tác dụng. Em hãy kéo thanh Contrast nhích lên dần dần, nó sẽ ép các điểm đen đen lại, điểm màu rực rỡ rực lên, xua tan lớp mù sương đó.""}, {""turn_index"": 9, ""role"": ""student"", ""content"": ""Đỉnh quá thầy ơi! Kéo Contrast cái là ảnh trong vắt, màu sắc đậm đà mà vẫn thấy rõ mặt đất. Bức ảnh hoàn hảo luôn ạ!""}]",Em đã làm chủ nghệ thuật cân bằng ánh sáng - độ tương phản rồi đấy.,Menu Colors -> Brightness-Contrast -> Kéo thanh trượt Brightness tăng lên (sáng hơn) -> Kéo Contrast tăng nhẹ để ảnh trong trẻo -> Nhấn OK.
BC-HNMU-G8-R0192-STT9-AI10,HNMU-G8-R0192-STT9,8,"[10b] Thêm văn bản, tạo hiệu ứng cho ảnh",Thực hành: Tạo khung viền (Trang 68),Hiểu,true,8,8+,10,later_followup,digital_document_tool,student_reply_present;attempt_or_answer,deterministic_regex_v1,36,history_depth_quota=8+;rare_stratum_and_family_diversity,plan03-task-discovery-v1,Thông hiểu,"Sách bảo trang trí khung viền bằng cách chuyển màu Gradient cho đẹp, mà em mò hoài không ra công cụ đó ở đâu.","[{""turn_index"": 2, ""role"": ""tutor"", ""content"": ""Thầy gợi ý nhé, các công cụ \""đổ màu\"" thường ở chung một nhà với nhau. Công cụ đổ màu cơ bản nhất là Thùng sơn (Bucket Fill). Em đã thấy nó chưa?""}, {""turn_index"": 3, ""role"": ""student"", ""content"": ""Dạ em thấy cái Thùng sơn rồi ạ.""}, {""turn_index"": 4, ""role"": ""tutor"", ""content"": ""Trong GIMP, những công cụ có mũi tên nhỏ ở góc chứa các công cụ ẩn. Em hãy nhấp chuột phải (hoặc nhấn giữ) vào Thùng sơn, em thấy dòng chữ nào hiện ra?""}, {""turn_index"": 5, ""role"": ""student"", ""content"": ""A, nó hiện ra \""Gradient\"". Em chọn nó rồi ạ.""}, {""turn_index"": 6, ""role"": ""tutor"", ""content"": ""Tuyệt. Giờ em nhìn xuống bảng Tool Options, nhấp vào ô hình chữ nhật có màu chuyển sắc để chọn một kiểu màu cầu vồng tuỳ thích.""}, {""turn_index"": 7, ""role"": ""student"", ""content"": ""Em chọn dải màu xanh-tím rồi. Giờ bấm đổ màu giống Thùng sơn hả thầy?""}, {""turn_index"": 8, ""role"": ""tutor"", ""content"": ""Không đơn giản chỉ click một cái đâu! Gradient cần một \""hướng\"" chảy màu. Em hãy nhấn giữ chuột ở góc trái của ảnh, kéo một đường chéo dài xuống góc phải rồi mới thả chuột ra.""}, {""turn_index"": 9, ""role"": ""student"", ""content"": ""Ôi đẹp quá, màu nó loang từ xanh sang tím từ trái qua phải luôn rồi. Ảo diệu thật!""}]",Thao tác kéo chuột của em rất chuẩn xác. Em có thể thử kéo đường ngắn hoặc đường từ trên xuống dưới để khám phá thêm nhé.,Chọn công cụ Gradient -> Chọn kiểu Gradient phối màu ưng ý -> Nhấn giữ chuột trái và kéo một đường thẳng qua lớp nền để tạo dải màu chuyển dần.
BC-HNMU-G8-R0030-STT1-AI04,HNMU-G8-R0030-STT1,8,Bài 3. Thực hành: Khai thác thông tin số,"Nhiệm vụ 1, Trang 14 SGK",Biết,true,2,2,4,early_followup,data_information,student_reply_present;short_confirmation,deterministic_regex_v1,37,history_depth_quota=2;rare_stratum_and_family_diversity,plan03-task-discovery-v1,Nhận biết (Nêu tên được công cụ),"Thầy ơi, để tìm tài liệu về năng lượng mặt trời, em nên dùng phần mềm nào ạ?","[{""turn_index"": 2, ""role"": ""tutor"", ""content"": ""Chào em! Để tìm kiếm mọi thứ trên Internet, ta cần một \""cỗ máy\"" tìm kiếm. Em thường thấy mọi người nhắc đến cái tên nào nhiều nhất nhỉ?""}, {""turn_index"": 3, ""role"": ""student"", ""content"": ""Dạ là Google ạ.""}]","Chính xác! Google là một ""máy tìm kiếm"". Vậy công cụ chung để khai thác thông tin số chính là gì em nhỉ?","Máy tìm kiếm (ví dụ: Google, Bing...)."
BC-HNMU-G8-R0166-STT11-AI02,HNMU-G8-R0166-STT11,8,[8b] Làm quen với phần mềm chỉnh sửa ảnh,Vận dụng,Vận dụng,false,0,0,2,first_tutor_turn,multimedia_presentation,initial_request,deterministic_regex_v1,38,history_depth_quota=0;rare_stratum_and_family_diversity,plan03-task-discovery-v1,Vận dụng,Em cắt ảnh (Crop) xong rồi nhưng giờ nộp bài lên hệ thống nó báo sai định dạng tệp.,[],"Thầy phân tích nhé: Hệ thống yêu cầu nộp file ảnh (.jpg, .png). Đuôi file hiện tại em đang nộp là đuôi gì?",Dùng Crop quét vùng -> Nhấn Enter -> File -> Export As -> .jpg.
BC-HNMU-G8-R0094-STT9-AI04,HNMU-G8-R0094-STT9,8,Bài 7. Trình bày dữ liệu bằng biểu đồ,"Kiến thức mới, Trang 32",Hiểu,true,2,2,4,early_followup,spreadsheet,student_reply_present;student_question,deterministic_regex_v1,39,history_depth_quota=2;rare_stratum_and_family_diversity,plan03-task-discovery-v1,Thông hiểu (Giải thích cơ chế),"Thầy ơi, nếu em gõ nhầm số trong bảng, em có phải xóa biểu đồ đi vẽ lại không ạ?","[{""turn_index"": 2, ""role"": ""tutor"", ""content"": ""Một tính năng tuyệt vời của Excel là tính \""tự động\"". Em thử sửa một con số trong bảng xem cái cột tương ứng trong biểu đồ có động đậy không?""}, {""turn_index"": 3, ""role"": ""student"", ""content"": ""Ồ! Nó tự cao lên thầy ạ! Tại sao vậy thầy?""}]","Vì biểu đồ và bảng dữ liệu luôn ""nắm tay nhau"". Khi bảng thay đổi thì biểu đồ cũng phải... ?",Biểu đồ sẽ tự động thay đổi theo vì nó được liên kết trực tiếp với dữ liệu trong bảng tính.
BC-HNMU-G8-R0271-STT4-AI02,HNMU-G8-R0271-STT4,8,Bài 16,Câu hỏi 1 (Tr. 89 SGK),Biết,false,0,0,2,first_tutor_turn,concept_or_other,initial_request,deterministic_regex_v1,40,history_depth_quota=0;rare_stratum_and_family_diversity,plan03-task-discovery-v1,Nhận biết (Nhận biết được nhóm nghề),Câu này em đang phân vân giữa B và C vì quản lý thư viện cũng dùng máy tính ạ.,[],"Em hãy nhớ lại: Nhóm Khoa học máy tính tập trung vào việc ""nghiên cứu lý thuyết và thuật toán"" để tạo ra công nghệ mới. Theo em, giữa việc ""dùng máy tính để quản lý sách"" và ""tạo ra trí tuệ nhân tạo"", cái nào cần nghiên cứu sâu hơn về công nghệ?",Đáp án B.
BC-HNMU-G9-R0233-STT8-AI06,HNMU-G9-R0233-STT8,9,[12b]: Hoàn thành việc dựng video,Mục 2 (Tr. 71),Hiểu,true,4,4-6,6,early_followup,multimedia_presentation,student_reply_present;attempt_or_answer,deterministic_regex_v1,1,history_depth_quota=4-6;new:cognitive_band=Hiểu|history_present=true|history_depth_bin=4-6|target_position_bin=early_followup|content_form_signal=multimedia_presentation|student_state_signal=student_reply_present;attempt_or_answer,plan03-task-discovery-v1,Thông hiểu,"Em thấy nút Split để chia nhỏ video. Nhưng chia ra rồi nó vẫn chiếu y hệt nhau, thế chia làm gì cho mất công ạ?","[{""turn_index"": 2, ""role"": ""tutor"", ""content"": ""Một thắc mắc rất hợp lí! Giả sử em quay video bạn em vừa hát vừa múa dài 2 phút. Phút đầu bạn hát, phút sau bạn múa. Em muốn chèn chữ \""Phần 1: Hát\"" và \""Phần 2: Múa\"" thì sao?""}, {""turn_index"": 3, ""role"": ""student"", ""content"": ""Em thêm Text vào thôi ạ.""}, {""turn_index"": 4, ""role"": ""tutor"", ""content"": ""Nhưng nếu để nguyên 1 clip dài, khi em chèn Text, chữ sẽ hiện trên toàn bộ clip. Em có muốn chữ \""Phần 1: Hát\"" hiện cả lúc bạn đang múa không?""}, {""turn_index"": 5, ""role"": ""student"", ""content"": ""Ồ, không ạ. Vậy em phải dùng Split cắt clip làm đôi ở phút thứ 1!""}]","Quá thông minh! Khi tách làm 2 clip riêng biệt, em có thể làm gì với clip 1 mà không ảnh hưởng đến clip 2?","Dùng để cắt bỏ đoạn video lỗi ở giữa, chèn thêm hình ảnh/hiệu ứng/chữ vào giữa một video dài, hoặc tách một video ra áp dụng các hiệu ứng khác nhau cho từng phần."
BC-HNMU-G9-R0239-STT14-AI02,HNMU-G9-R0239-STT14,9,[12b]: Hoàn thành việc dựng video,Vận dụng (Tr. 72),Vận dụng,false,0,0,2,first_tutor_turn,algorithm,initial_request,deterministic_regex_v1,2,history_depth_quota=0;new:cognitive_band=Vận dụng|history_present=false|history_depth_bin=0|target_position_bin=first_tutor_turn|content_form_signal=algorithm|student_state_signal=initial_request,plan03-task-discovery-v1,Vận dụng,Em đã đến phần cuối cùng: Hoàn thiện dự án MyVideo. Dữ liệu của em là clip đi thả diều. Nhưng em có nhiều ý tưởng quá chưa biết sắp xếp thế nào.,[],"Trở thành một đạo diễn thực thụ rồi đây! Mình lên checklist nhé. 1. Nếu video có đoạn đi bộ rườm rà, em dùng nút gì để chia ra và cắt bỏ?","HS tự thao tác kết hợp Custom audio, Split, Rotate, Speed, Themes và cuối cùng là Back up dự án cá nhân."
BC-HNMU-G9-R0284-STT3-AI10,HNMU-G9-R0284-STT3,9,Bài 16: Thực hành: Lập chương trình máy tính,"Mục 1.b Gỡ lỗi, trang 84",Biết,true,8,8+,10,later_followup,code_programming,student_reply_present;attempt_or_answer,deterministic_regex_v1,3,history_depth_quota=8+;new:cognitive_band=Biết|history_depth_bin=8+|target_position_bin=later_followup|content_form_signal=code_programming,plan03-task-discovery-v1,Nhận biết,"Thầy ơi, em thấy việc tạo Bảng dữ liệu kiểm thử ở trang 84 mất thời gian quá, nó có thực sự cần thiết không ạ?","[{""turn_index"": 2, ""role"": ""tutor"", ""content"": ""[Kiểm soát thất vọng] Câu hỏi rất phản biện! Thầy lấy ví dụ nhé, em viết chương trình tính tiền mua vé xem phim. Em nhập 2 vé, nó tính ra 100k, đúng. Nhưng nếu em nhập -2 vé, máy tính trừ tiền của rạp để trả lại em. Điều đó có ổn không?""}, {""turn_index"": 3, ""role"": ""student"", ""content"": ""Chết, thế thì lỗi logic nặng quá ạ.""}, {""turn_index"": 4, ""role"": ""tutor"", ""content"": ""[Giảm bậc tự do] Đúng vậy! Lỗi đó xảy ra vì em chưa bẫy trường hợp người dùng nhập số âm. Vậy để biết chương trình có bị lỗi như thế không, em phải làm gì trước khi giao cho khách hàng?""}, {""turn_index"": 5, ""role"": ""student"", ""content"": ""Em phải tự nhập thử nhiều con số khác nhau, kể cả số âm vào chương trình xem nó chạy ra sao.""}, {""turn_index"": 6, ""role"": ""tutor"", ""content"": ""[Đặt câu hỏi Socratic] Rất chuẩn. Tập hợp tất cả những con số em định nhập thử đó (như số âm, số 0, số rất lớn), người ta gọi chung là gì trong bài học?""}, {""turn_index"": 7, ""role"": ""student"", ""content"": ""Đó chính là \""bộ dữ liệu kiểm thử\"" ạ.""}, {""turn_index"": 8, ""role"": ""tutor"", ""content"": ""[Đánh dấu đặc điểm] Hoàn hảo. Vậy mục đích cuối cùng của bộ dữ liệu này là giúp em làm gì?""}, {""turn_index"": 9, ""role"": ""student"", ""content"": ""Giúp em phát hiện lỗi ở các tình huống khác nhau để sửa trước khi nộp ạ.""}]",[ZPD Achieved] Em tự phân tích được tầm quan trọng của nó rồi đấy!,"Để chạy thử chương trình, đối chiếu kết quả với các tình huống tính toán thực tế, từ đó phát hiện xem chương trình có bị lỗi hay không để sửa chữa."
BC-HNMU-G9-R0134-STT7-AI04,HNMU-G9-R0134-STT7,9,10a. Sử dụng hàm Countif,"Câu hỏi, Trang 43 SGK",Hiểu,true,2,2,4,early_followup,spreadsheet,student_reply_present;student_question,deterministic_regex_v1,4,history_depth_quota=2;new:history_depth_bin=2|content_form_signal=spreadsheet|student_state_signal=student_reply_present;student_question,plan03-task-discovery-v1,Thông hiểu (Giải thích sự thay đổi địa chỉ),"Thầy ơi, em kéo công thức xuống hàng dưới thì kết quả bị sai, vùng dữ liệu cứ bị tụt xuống ạ","[{""turn_index"": 2, ""role"": ""tutor"", ""content"": ""Đó là do địa chỉ tương đối đấy! Để \""khóa\"" vùng dữ liệu đó lại để nó \""đứng im\"" dù em có kéo đi đâu, em cần dùng loại địa chỉ nào?""}, {""turn_index"": 3, ""role"": ""student"", ""content"": ""Dạ là địa chỉ tuyệt đối có dấu $ đúng không thầy?""}]","Rất giỏi! Việc dùng địa chỉ tuyệt đối giúp đảm bảo máy luôn đếm trên đúng cái ""vùng gốc"" ban đầu.","Để cố định vùng dữ liệu cần đếm, giúp vùng này không bị dịch chuyển khi kéo công thức xuống các ô khác."
BC-HNMU-G9-R0262-STT9-AI04,HNMU-G9-R0262-STT9,9,Bài 14: Giải quyết vấn đề,"Mục 1, luyện tập (sinh thêm)",Hiểu,true,2,2,4,early_followup,concept_or_other,student_reply_present;short_confirmation,deterministic_regex_v1,5,history_depth_quota=2;new:content_form_signal=concept_or_other|student_state_signal=student_reply_present;short_confirmation,plan03-task-discovery-v1,Thông hiểu,"Tại sao trong Tin học người ta hay nói phải ""đánh giá giải pháp"" trước khi chọn ạ?","[{""turn_index"": 2, ""role"": ""tutor"", ""content"": ""[Đồng cảm] Đây là bước thể hiện tư duy của người lập trình đấy em. Giả sử em có bài toán: \""Sắp xếp 1000 quyển sách theo thứ tự ABC\"". Em có giải pháp 1: Tìm từng cuốn một; Giải pháp 2: Xếp sách lên kệ có nhãn dán.""}, {""turn_index"": 3, ""role"": ""student"", ""content"": ""Vâng ạ.""}]","[Đặt câu hỏi Socratic] Nếu áp dụng giải pháp 1 cho 1000 cuốn sách, em nghĩ thời gian sẽ thế nào so với giải pháp 2?","Để so sánh ưu điểm, nhược điểm, từ đó chọn được cách giải quyết tối ưu nhất, tiết kiệm thời gian hoặc tài nguyên nhất cho máy tính."
BC-HNMU-G9-R0104-STT5-AI04,HNMU-G9-R0104-STT5,9,Bài 8: Sử dụng công cụ trực quan trình bày thông tin trong trao đổi và hợp tác,Chuẩn bị (Tr. 46 SGV),Hiểu,true,2,2,4,early_followup,data_information,student_reply_present;explicit_uncertainty,deterministic_regex_v1,6,history_depth_quota=2;new:content_form_signal=data_information|student_state_signal=student_reply_present;explicit_uncertainty,plan03-task-discovery-v1,Hiểu (Giải thích sự cần thiết),Em cứ vừa làm vừa lên mạng tìm ảnh đính kèm có được không thầy?,"[{""turn_index"": 2, ""role"": ""tutor"", ""content"": ""Hãy tưởng tượng em đang nấu ăn mà cứ mỗi lúc lại phải chạy ra chợ mua một thứ gia vị, món ăn của em có ngon và nhanh được không?""}, {""turn_index"": 3, ""role"": ""student"", ""content"": ""Dạ không, sẽ rất lâu và bị rối ạ.""}]",Đúng vậy! Việc chuẩn bị dữ liệu vào một thư mục trước giúp em làm gì cho quá trình thực hành?,"Để quá trình thực hiện liên tục, không bị ngắt quãng và đảm bảo có sẵn dữ liệu để đính kèm."
BC-HNMU-G9-R0045-STT2-AI06,HNMU-G9-R0045-STT2,9,Bài 4: Một số vấn đề pháp lý về sử dụng dịch vụ Internet,Mục 1. b (Tr. 16 SGK),Biết,true,4,4-6,6,early_followup,digital_ethics_safety,student_reply_present;attempt_or_answer,deterministic_regex_v1,7,history_depth_quota=4-6;new:content_form_signal=digital_ethics_safety,plan03-task-discovery-v1,Nhận biết (Nêu được khái niệm),Tại sao em lấy ảnh trên mạng về đăng lại bị coi là vi phạm bản quyền ạ?,"[{""turn_index"": 2, ""role"": ""tutor"", ""content"": ""Em hãy tưởng tượng em vẽ một bức tranh rất đẹp, nhưng người khác lại ký tên họ vào đó thì em thấy sao?""}, {""turn_index"": 3, ""role"": ""student"", ""content"": ""Dạ em sẽ thấy rất bất công vì đó là công sức của em.""}, {""turn_index"": 4, ""role"": ""tutor"", ""content"": ""Đúng rồi! Sự công nhận và bảo vệ công sức đó gọi là \""Quyền tác giả\"". Vậy theo em, quyền này thuộc về ai?""}, {""turn_index"": 5, ""role"": ""student"", ""content"": ""Thuộc về người đã sáng tạo ra tác phẩm đó ạ!""}]",Giỏi lắm! Đó chính là cốt lõi của vấn đề bản quyền.,"Là quyền của tổ chức, cá nhân đối với tác phẩm do mình sáng tạo ra hoặc sở hữu."
BC-HNMU-G9-R0082-STT11-AI04,HNMU-G9-R0082-STT11,9,Bài 6: Thực hành: Khai thác phần mềm mô phỏng,Luyện tập (Tr. 26 SGK),Vận dụng,true,2,2,4,early_followup,digital_document_tool,student_reply_present;attempt_or_answer,deterministic_regex_v1,8,history_depth_quota=2;new:content_form_signal=digital_document_tool,plan03-task-discovery-v1,Vận dụng (Thực hiện được nhiệm vụ đặt ra),"Thầy hướng dẫn em pha màu xanh lá mạ với ạ, em pha toàn ra xanh đậm thôi.","[{""turn_index"": 2, ""role"": ""tutor"", ""content"": ""Màu xanh lá mạ thì trông \""vàng\"" hơn hay \""xanh\"" hơn màu cỏ bình thường em nhỉ?""}, {""turn_index"": 3, ""role"": ""student"", ""content"": ""Dạ nó hơi vàng chanh một chút ạ.""}]","Đúng rồi! Vậy em hãy bắt đầu với màu Vàng, sau đó nhấn dấu (+) vào màu Xanh lam thật chậm rãi từng chút một cho đến khi ưng ý nhé. Em làm được chứ?","Chọn Vàng (Yellow) + Xanh lam (Blue) với tỉ lệ Vàng nhiều hơn (vd: 70% Vàng, 30% Lam)."
BC-HNMU-G9-R0013-STT12-AI04,HNMU-G9-R0013-STT12,9,Bài 1: Thế giới kĩ thuật số,Luyện tập 2 (Tr. 8 SGK),Vận dụng,true,2,2,4,early_followup,hardware_network,student_reply_present;attempt_or_answer,deterministic_regex_v1,9,history_depth_quota=2;new:content_form_signal=hardware_network,plan03-task-discovery-v1,Vận dụng (Khai thác được thông tin),"Trên Internet nhiều tin giả lắm, em có nên học trên đó không thầy?","[{""turn_index"": 2, ""role"": ""tutor"", ""content"": ""Quan trọng là em biết \""chọn lọc\"" nguồn tin uy tín. Em đã từng tự học được một kĩ năng nào đó qua Youtube hay các trang học tập chưa?""}, {""turn_index"": 3, ""role"": ""student"", ""content"": ""Dạ có, em học được cách gấp giấy Origami và học từ vựng tiếng Anh ạ.""}]",Tuyệt vời! Đó chính là cách em đang khai thác CNTT để phát triển bản thân đấy. Em hãy chia sẻ điều này với các bạn trong lớp nhé.,"HS nêu ví dụ cụ thể (vd: học ngoại ngữ, học cách nấu ăn, tìm hiểu về khoa học...)."
BC-HNMU-G9-R0248-STT9-AI06,HNMU-G9-R0248-STT9,9,[13b]: Biên tập và xuất video,Mục 2 (Tr. 74),Hiểu,true,4,4-6,6,early_followup,multimedia_presentation,student_reply_present;attempt_or_answer,deterministic_regex_v1,10,history_depth_quota=4-6;rare_stratum_and_family_diversity,plan03-task-discovery-v1,Thông hiểu,"Sắp thi thực hành, AI dò lại quy trình xuất video cho em với. Bước 1 làm gì ạ?","[{""turn_index"": 2, ""role"": ""tutor"", ""content"": ""Tuyệt vời, mình cùng rà soát nhé. Đóng vai em đã dựng xong phim. Nút đầu tiên em bấm ở góc trên bên phải là?""}, {""turn_index"": 3, ""role"": ""student"", ""content"": ""Là \""Finish video\"" ạ.""}, {""turn_index"": 4, ""role"": ""tutor"", ""content"": ""Bấm xong, một bảng nhỏ hiện ra hỏi em điều gì?""}, {""turn_index"": 5, ""role"": ""student"", ""content"": ""Bảng hỏi chọn \""Video quality\"" (High, Medium, Low).""}]","Đúng. Chọn xong, em bấm nút ""Export"" màu xanh. Máy tính có xuất ngay lập tức không hay nó hỏi thêm gì?",Nháy Finish video -> Chọn Video quality -> Nháy Export -> Chọn vị trí và đặt tên -> Nháy Export.
BC-HNMU-G9-R0251-STT12-AI06,HNMU-G9-R0251-STT12,9,[13b]: Biên tập và xuất video,Thực hành (Tr. 75),Vận dụng,true,4,4-6,6,early_followup,multimedia_presentation,student_reply_present;attempt_or_answer,deterministic_regex_v1,11,history_depth_quota=4-6;rare_stratum_and_family_diversity,plan03-task-discovery-v1,Vận dụng,"Nhiệm vụ bảo lưu file video vào đúng thư mục dự án. Nhưng lúc em ấn Export, nó tự nhảy ra một thư mục lạ hoắc.","[{""turn_index"": 2, ""role"": ""tutor"", ""content"": ""Đó là thư mục mặc định của Windows. Em hãy nhớ lại bài 10, thư mục dự án \""SanPhamTinHoc\"" của em đang nằm ở ổ đĩa nào?""}, {""turn_index"": 3, ""role"": ""student"", ""content"": ""Nó nằm ở ổ đĩa D ạ.""}, {""turn_index"": 4, ""role"": ""tutor"", ""content"": ""Tốt. Vậy trong cửa sổ chọn vị trí lưu hiện tại, em hãy nhìn sang cột bên trái (Navigation pane). Em tìm chữ \""(D:)\"" hoặc \""Data (D:)\"".""}, {""turn_index"": 5, ""role"": ""student"", ""content"": ""Em thấy ổ D rồi, em nháy vào đó. Thấy thư mục \""SanPhamTinHoc\"" rồi. Em đúp chuột vào mở nó ra.""}]","Rất giỏi! Lúc này trên thanh địa chỉ ghi là ""D:\SanPhamTinHoc"", tức là em đã vào đúng nhà. Giờ đặt tên và ấn Export nhé.","Trong hộp thoại Export, trỏ đường dẫn đến thư mục ""SanPhamTinHoc"", sau đó mới nhấn nút lưu."
BC-HNMU-G9-R0188-STT5-AI06,HNMU-G9-R0188-STT5,9,[9b]: Các chức năng chính của phần mềm làm Video,HĐ 1 (Tr. 55),Hiểu,true,4,4-6,6,early_followup,multimedia_presentation,student_reply_present;attempt_or_answer,deterministic_regex_v1,12,history_depth_quota=4-6;rare_stratum_and_family_diversity,plan03-task-discovery-v1,Thông hiểu,Tại sao video lại hiệu quả hơn chỉ dùng văn bản ạ?,"[{""turn_index"": 2, ""role"": ""tutor"", ""content"": ""Em thích đọc một cuốn truyện chữ dày cộp hay xem bộ phim chuyển thể từ truyện đó?""}, {""turn_index"": 3, ""role"": ""student"", ""content"": ""Em thích xem phim hơn ạ.""}, {""turn_index"": 4, ""role"": ""tutor"", ""content"": ""Vì sao thế?""}, {""turn_index"": 5, ""role"": ""student"", ""content"": ""Vì phim có hình ảnh chuyển động, có âm thanh sinh động, dễ xem hơn.""}]","Đúng vậy. Văn bản chỉ tác động vào thị giác (đọc), còn video tác động vào những giác quan nào?","Kích thích nhiều giác quan (nghe, nhìn) cùng lúc, gây ấn tượng mạnh, truyền đạt thông tin hiệu quả và hấp dẫn hơn."
BC-HNMU-G9-R0242-STT3-AI08,HNMU-G9-R0242-STT3,9,[13b]: Biên tập và xuất video,Mục 2 (Tr. 74),Biết,true,6,4-6,8,later_followup,multimedia_presentation,student_reply_present;attempt_or_answer,deterministic_regex_v1,13,history_depth_quota=4-6;rare_stratum_and_family_diversity,plan03-task-discovery-v1,Nhận biết,"Em xuất video xong rồi, nhưng em sợ máy tính của cô giáo không xem được file này.","[{""turn_index"": 2, ""role"": ""tutor"", ""content"": ""Em hãy mở thư mục vừa lưu, click chuột phải vào file video và chọn Properties. Em đọc xem dòng \""Type of file\"" ghi chữ gì?""}, {""turn_index"": 3, ""role"": ""student"", ""content"": ""Ghi là \""MP4 File (.mp4)\"" ạ.""}, {""turn_index"": 4, ""role"": ""tutor"", ""content"": ""Em có biết mp4 là định dạng video như thế nào không?""}, {""turn_index"": 5, ""role"": ""student"", ""content"": ""Dạ hình như nó rất phổ biến, điện thoại của em cũng quay ra file mp4.""}, {""turn_index"": 6, ""role"": ""tutor"", ""content"": ""Đúng rồi. Định dạng mp4 được hỗ trợ trên gần như TẤT CẢ các thiết bị: máy tính, điện thoại, tivi. Vậy cô giáo có mở được không?""}, {""turn_index"": 7, ""role"": ""student"", ""content"": ""Dạ chắc chắn mở được ạ. Em yên tâm rồi.""}]","Tuyệt vời, em đã tự kiểm chứng được mức độ tương thích của định dạng này.",Tệp có phần mở rộng .mp4.
BC-HNMU-G9-R0232-STT7-AI06,HNMU-G9-R0232-STT7,9,[12b]: Hoàn thành việc dựng video,Sinh thêm (Tr. 70),Vận dụng,true,4,4-6,6,early_followup,multimedia_presentation,student_reply_present;attempt_or_answer,deterministic_regex_v1,14,history_depth_quota=4-6;rare_stratum_and_family_diversity,plan03-task-discovery-v1,Vận dụng,"Thầy AI ơi, em có một đoạn video quay cảnh đánh cầu lông. Em muốn làm hiệu ứng quay chậm (Slow motion) giống trên tivi thì phần mềm có làm được không?","[{""turn_index"": 2, ""role"": ""tutor"", ""content"": ""Chắc chắn là được! Để thay đổi tốc độ, ta dùng công cụ \""Speed\"". Đầu tiên, em hãy chọn đoạn video đánh cầu lông ở dưới bàn dựng.""}, {""turn_index"": 3, ""role"": ""student"", ""content"": ""Xong ạ. Trên thanh công cụ em thấy nút \""Speed\"" có biểu tượng cái đồng hồ tốc độ rồi. Em click vào đó.""}, {""turn_index"": 4, ""role"": ""tutor"", ""content"": ""Rất tốt. Cửa sổ Speed hiện ra với một thanh trượt. Điểm ở giữa ghi là \""Normal\"" (Bình thường). Để làm chậm, em kéo sang trái hay phải?""}, {""turn_index"": 5, ""role"": ""student"", ""content"": ""Em kéo về phía bên trái (chữ Slow) ạ. Em để ở mức 0.5x.""}]",Chuẩn luôn! Mức 0.5x nghĩa là video sẽ chạy với tốc độ bằng một nửa bình thường. Em hãy Play thử xem.,Chọn đoạn video dưới Storyboard -> Nháy nút Speed (biểu tượng đồng hồ) -> Kéo thanh trượt sang trái (Slow) hoặc phải (Fast).
BC-HNMU-G9-R0231-STT6-AI08,HNMU-G9-R0231-STT6,9,[12b]: Hoàn thành việc dựng video,Mục 2 (Tr. 70),Hiểu,true,6,4-6,8,later_followup,multimedia_presentation,student_reply_present;attempt_or_answer,deterministic_regex_v1,15,history_depth_quota=4-6;rare_stratum_and_family_diversity,plan03-task-discovery-v1,Thông hiểu,"Khi em chèn đoạn ghi âm bằng Custom audio, tiếng của em bị cất lên đột ngột quá. Có cách nào cho nó tự nhiên hơn không?","[{""turn_index"": 2, ""role"": ""tutor"", ""content"": ""Có một kĩ thuật trong âm thanh gọi là \""Fade\"". Em nhìn vào bảng tùy chỉnh âm thanh xem có ô nào tên là Fade in hay Fade out không?""}, {""turn_index"": 3, ""role"": ""student"", ""content"": ""Dạ có hai ô vuông cho phép đánh dấu tích vào ạ.""}, {""turn_index"": 4, ""role"": ""tutor"", ""content"": ""\""Fade in\"" có nghĩa là \""hiện dần vào\"", \""Fade out\"" là \""mờ dần ra\"". Khi em tích vào Fade in, âm thanh đầu clip sẽ thế nào?""}, {""turn_index"": 5, ""role"": ""student"", ""content"": ""Em đoán là nó sẽ bắt đầu từ âm lượng 0 rồi to dần lên mức bình thường.""}, {""turn_index"": 6, ""role"": ""tutor"", ""content"": ""Hoàn toàn chính xác. Điều này giúp khán giả không bị giật mình. Còn Fade out thì sao?""}, {""turn_index"": 7, ""role"": ""student"", ""content"": ""Khi hết clip, tiếng sẽ nhỏ dần đi chứ không bị ngắt cái \""bụp\"" một phát.""}]","Rất chuẩn. Đặc biệt khi em cắt (Split) một đoạn nhạc ở giữa bài hát, Fade out là cứu cánh tuyệt vời để nó không bị lửng lơ. Thử ngay nhé!","""Fade in"" làm âm thanh lớn dần lên lúc bắt đầu, ""Fade out"" làm âm thanh nhỏ dần đi lúc kết thúc, giúp video không bị thay đổi âm lượng đột ngột, gây chói tai."
BC-HNMU-G9-R0212-STT1-AI02,HNMU-G9-R0212-STT1,9,[11b]: Thực hành Dựng video theo kịch bản,Mục 1 (Tr. 65),Biết,false,0,0,2,first_tutor_turn,multimedia_presentation,initial_request,deterministic_regex_v1,16,history_depth_quota=0;rare_stratum_and_family_diversity,plan03-task-discovery-v1,Nhận biết,"Em muốn làm video có hiệu ứng tuyết rơi, pháo hoa thì tìm ở đâu ạ?",[],Chào em. Các hiệu ứng sinh động đó được gọi chung là hiệu ứng không gian 3 chiều. Em đang thao tác ở khu vực nào của phần mềm?,"Trên thanh công cụ của bàn dựng, nháy chọn nút lệnh ""3D effects""."
BC-HNMU-G9-R0211-STT14-AI04,HNMU-G9-R0211-STT14,9,[10b]: Chuẩn bị dữ liệu và dựng video,Thực hành (Tr. 62),Vận dụng,true,2,2,4,early_followup,multimedia_presentation,student_reply_present;attempt_or_answer,deterministic_regex_v1,17,history_depth_quota=2;rare_stratum_and_family_diversity,plan03-task-discovery-v1,Vận dụng,"Yêu cầu cuối cùng là tạo Title card có dòng chữ ""Sản phẩm, kết quả của các dự án Tin học"" giống trong sách. Trông nó hơi phức tạp.","[{""turn_index"": 2, ""role"": ""tutor"", ""content"": ""Chúng ta sẽ bẻ nhỏ nó ra làm 3 việc nhé: 1. Tạo nền đỏ, 2. Gõ chữ, 3. Chọn hiệu ứng. Việc 1, em thêm Title card và đổi nền đỏ. Làm được chứ?""}, {""turn_index"": 3, ""role"": ""student"", ""content"": ""Dạ được, Add title card -> Background -> Chọn màu đỏ.""}]","Rất nhanh. Việc 2, gõ chữ. Em dùng công cụ nào?","Add title card -> Text -> Nhập chữ -> Chọn kiểu ""Adventure"" hoặc ""Joy"" -> Chọn Layout -> Done."
BC-HNMU-G9-R0205-STT8-AI02,HNMU-G9-R0205-STT8,9,[10b]: Chuẩn bị dữ liệu và dựng video,Mục 2b (Tr. 62),Hiểu,false,0,0,2,first_tutor_turn,multimedia_presentation,initial_request,deterministic_regex_v1,18,history_depth_quota=0;rare_stratum_and_family_diversity,plan03-task-discovery-v1,Thông hiểu,"AI ơi, em đã thêm ""Title card"" nhưng nó chỉ là một ô màu xanh trống trơn. Em phải thao tác tiếp thế nào để có chữ và hiệu ứng?",[],"Chúng ta sẽ biến ô màu xanh đó thành một tiêu đề sinh động nhé! Em hãy chọn vào thẻ tiêu đề đó, rồi nhìn lên thanh công cụ. Nút nào dùng để xử lí văn bản?",Chọn Text -> Nhập nội dung vào ô trên cùng bên phải -> Chọn kiểu hiển thị (Animated text style) -> Chọn vị trí hiển thị (Layout) -> Nháy Done.
BC-HNMU-G9-R0214-STT3-AI08,HNMU-G9-R0214-STT3,9,[11b]: Thực hành Dựng video theo kịch bản,Mục 3 (Tr. 67),Biết,true,6,4-6,8,later_followup,multimedia_presentation,student_reply_present;attempt_or_answer,deterministic_regex_v1,19,history_depth_quota=4-6;rare_stratum_and_family_diversity,plan03-task-discovery-v1,Nhận biết,"Em dựng xong hình ảnh rồi, giờ muốn có nhạc chạy từ đầu đến cuối video thì làm thế nào?","[{""turn_index"": 2, ""role"": ""tutor"", ""content"": ""Để thêm nhạc nền cho toàn bộ video, phần mềm có một công cụ tự động rất thông minh. Em hãy nhìn lên thanh công cụ trên cùng, góc bên phải.""}, {""turn_index"": 3, ""role"": ""student"", ""content"": ""Em thấy có nút \""Background music\"" và \""Custom audio\"". Em chọn cái nào ạ?""}, {""turn_index"": 4, ""role"": ""tutor"", ""content"": ""\""Background\"" nghĩa là nền. Vậy theo em, để có nhạc nền chạy xuyên suốt tự động, ta chọn nút nào?""}, {""turn_index"": 5, ""role"": ""student"", ""content"": ""Dạ chọn \""Background music\"".""}, {""turn_index"": 6, ""role"": ""tutor"", ""content"": ""Rất logic. Em hãy nháy vào đó. Nó sẽ đưa ra một danh sách các bản nhạc phần mềm cung cấp sẵn.""}, {""turn_index"": 7, ""role"": ""student"", ""content"": ""Em thấy rồi, có cả nhạc theo tâm trạng nữa. Em chọn bài \""Blossoming\"" ạ.""}]",Lựa chọn tuyệt vời! Em bấm Done là video đã có âm nhạc sống động rồi đó.,"Nháy chuột chọn nút ""Background music"" ở phía trên, bên phải màn hình."
BC-HNMU-G9-R0250-STT11-AI04,HNMU-G9-R0250-STT11,9,[13b]: Biên tập và xuất video,Thực hành (Tr. 74),Vận dụng,true,2,2,4,early_followup,multimedia_presentation,student_reply_present;attempt_or_answer,deterministic_regex_v1,20,history_depth_quota=2;rare_stratum_and_family_diversity,plan03-task-discovery-v1,Vận dụng,"Yêu cầu thực hành là xuất video với độ phân giải cao nhất. Em tìm chữ ""Cao nhất"" không thấy.","[{""turn_index"": 2, ""role"": ""tutor"", ""content"": ""\""Cao nhất\"" là một từ chỉ mức độ. Trong tiếng Anh, cao, trung bình, thấp tương ứng với các từ gì em nhỉ?""}, {""turn_index"": 3, ""role"": ""student"", ""content"": ""High, Medium, Low ạ.""}]","Vậy trong mục Video quality, em sẽ chọn chữ nào?",Chọn Finish video -> Video quality: High 1080p -> Export -> Đặt tên tệp -> Export.
BC-HNMU-G9-R0263-STT10-AI02,HNMU-G9-R0263-STT10,9,Bài 14: Giải quyết vấn đề,"Vận dụng, trang 76 (sinh thêm)",Hiểu,false,0,0,2,first_tutor_turn,algorithm,initial_request,deterministic_regex_v1,21,history_depth_quota=0;rare_stratum_and_family_diversity,plan03-task-discovery-v1,Thông hiểu,"Thầy ơi, nếu mình dùng thuật toán bám tường, robot có tìm được đường ngắn nhất không ạ?",[],[Khởi tạo hỗ trợ] Một câu hỏi rất hay về hiệu suất thuật toán. Hãy cùng phân tích nhé! Nếu trong mê cung có một lối đi tắt thẳng tắp nối từ cổng vào đến cổng ra nằm ở giữa mê cung (không dính vào tường bao).,"Vì thuật toán bám tường bắt robot phải đi dọc theo mọi ngóc ngách của bức tường đó (kể cả ngõ cụt), nên quãng đường thực tế thường rất dài,."
BC-HNMU-G9-R0199-STT2-AI08,HNMU-G9-R0199-STT2,9,[10b]: Chuẩn bị dữ liệu và dựng video,Mục 1 (Tr. 60),Biết,true,6,4-6,8,later_followup,multimedia_presentation,student_reply_present;attempt_or_answer,deterministic_regex_v1,22,history_depth_quota=4-6;rare_stratum_and_family_diversity,plan03-task-discovery-v1,Nhận biết,"AI cho em hỏi, chuẩn bị dữ liệu để làm video là chuẩn bị những gì?","[{""turn_index"": 2, ""role"": ""tutor"", ""content"": ""Giả sử em đang làm video về câu lạc bộ Tin học. Trong kịch bản có đoạn cần hình ảnh các bạn đang thực hành. Em sẽ làm gì?""}, {""turn_index"": 3, ""role"": ""student"", ""content"": ""Em sẽ lấy điện thoại ra chụp các bạn ạ.""}, {""turn_index"": 4, ""role"": ""tutor"", ""content"": ""Rất tốt. Nếu kịch bản cần một đoạn phỏng vấn chủ nhiệm câu lạc bộ thì sao?""}, {""turn_index"": 5, ""role"": ""student"", ""content"": ""Em sẽ bật chế độ quay video và ghi âm lời bạn ấy nói.""}, {""turn_index"": 6, ""role"": ""tutor"", ""content"": ""Đúng vậy. Ngoài hình ảnh, âm thanh, video, em có cần thêm lời dẫn bằng chữ để hiện trên màn hình không?""}, {""turn_index"": 7, ""role"": ""student"", ""content"": ""Dạ có, em phải soạn sẵn lời dẫn hoặc phụ đề.""}]","Vậy tổng hợp lại, khâu chuẩn bị dữ liệu bao gồm những hoạt động nào?","Thu thập tất cả dữ liệu cần thiết theo kịch bản đã xây dựng (Quay video, chụp ảnh, thu âm thanh bằng máy quay, điện thoại thông minh, webcam; viết phụ đề)."
BC-HNMU-G9-R0306-STT11-AI02,HNMU-G9-R0306-STT11,9,Bài 17: Tin học và thế giới nghề nghiệp,"Vận dụng, trang 90",Vận dụng,false,0,0,2,first_tutor_turn,concept_or_other,initial_request,deterministic_regex_v1,23,history_depth_quota=0;rare_stratum_and_family_diversity,plan03-task-discovery-v1,Vận dụng,Đề bài yêu cầu tìm 2 công việc Tin học ứng dụng ngay trong trường phổ thông. Em thấy các thầy cô chỉ đi dạy thôi chứ làm gì có nhân viên IT ạ?,[],"[Thu hút sự chú ý] Đằng sau sự vận hành trơn tru của nhà trường có rất nhiều công việc thầm lặng đấy! Em nhớ đợt dịch Covid, trường mình phải tổ chức học trực tuyến qua Zoom/Teams không?","Có thể là: Quản trị viên website của trường, kĩ thuật viên hỗ trợ phòng máy tính, hoặc kĩ thuật viên thiết kế bài giảng E-learning."
BC-HNMU-G9-R0260-STT7-AI04,HNMU-G9-R0260-STT7,9,Bài 14: Giải quyết vấn đề,"Mục 1, câu hỏi sinh thêm",Hiểu,true,2,2,4,early_followup,algorithm,student_reply_present;attempt_or_answer,deterministic_regex_v1,24,history_depth_quota=2;rare_stratum_and_family_diversity,plan03-task-discovery-v1,Thông hiểu,"Em cứ hay bị nhầm lẫn giữa Lựa chọn giải pháp với Mô tả thuật toán, chúng có phải là một không thầy?","[{""turn_index"": 2, ""role"": ""tutor"", ""content"": ""[Kiểm soát thất vọng] Hai khái niệm này rất hay đi liền nhau nên dễ nhầm. Thầy lấy ví dụ nhé: Lớp em muốn làm áo đồng phục. Các em quyết định chọn \""Mua áo may sẵn rồi in logo\"" thay vì \""Tự mua vải về may\"". Quyết định đó tương ứng với bước nào trong Tin học?""}, {""turn_index"": 3, ""role"": ""student"", ""content"": ""Quyết định đó là \""Lựa chọn giải pháp\"" ạ.""}]","[Phản hồi tức thì] Rất đúng. Sau khi chốt phương án mua áo sẵn, lớp trưởng phải viết ra danh sách: 1. Thu tiền, 2. Liên hệ xưởng, 3. Gửi file logo, 4. Nhận áo. Bản danh sách các bước đó tương đương với bước nào?","Lựa chọn giải pháp là đưa ra ý tưởng tổng quát (chọn cách làm). Mô tả thuật toán là viết chi tiết ý tưởng đó thành các bước tuần tự cụ thể,."
BC-HNMU-G9-R0285-STT4-AI02,HNMU-G9-R0285-STT4,9,Bài 16: Thực hành: Lập chương trình máy tính,"Nhiệm vụ 2, trang 86",Biết,false,0,0,2,first_tutor_turn,code_programming,initial_request,deterministic_regex_v1,25,history_depth_quota=0;rare_stratum_and_family_diversity,plan03-task-discovery-v1,Nhận biết,Em không hiểu sao thuật toán lại phải tạo ra biến max ạ. Tại sao không nhìn 1 lượt là ra luôn số lớn nhất?,[],"[Đồng cảm] Mắt người thì có thể nhìn một lượt cả dãy số, nhưng máy tính thì ""mù"" lắm em ạ, nó chỉ đọc được từng số một thôi. Hãy tưởng tượng em đang đứng trong bóng tối và các bạn lần lượt đi qua đọc chiều cao cho em nghe.","Biến max dùng để lưu trữ giá trị lớn nhất tạm thời trong suốt quá trình duyệt các số trong dãy, cho đến khi kết thúc sẽ là số lớn nhất thực sự."
BC-HNMU-G9-R0139-STT12-AI04,HNMU-G9-R0139-STT12,9,10a. Sử dụng hàm Countif,"Luyện tập 2, Trang 42 SGK",Vận dụng,true,2,2,4,early_followup,spreadsheet,student_reply_present;attempt_or_answer,deterministic_regex_v1,26,history_depth_quota=2;rare_stratum_and_family_diversity,plan03-task-discovery-v1,Vận dụng (Dùng được địa chỉ trong công thức),"Em muốn kéo công thức xuống để đếm cho cả Trường B, C nữa nhưng không muốn gõ lại vùng B4:B13.","[{""turn_index"": 2, ""role"": ""tutor"", ""content"": ""Em hãy dùng \""ổ khóa\"" $ để khóa vùng đó lại. Em hãy thử thêm dấu $ vào trước vùng dữ liệu xem nào""}, {""turn_index"": 3, ""role"": ""student"", ""content"": ""Dạ $B$4:$B$13 ạ""}]",Chuẩn luôn! Giờ em có thể thay vào công thức Countif được chưa nào,"=COUNTIF($B$4:$B$13, D5) (với D5 chứa tên trường cần đếm)."
BC-HNMU-G9-R0206-STT9-AI10,HNMU-G9-R0206-STT9,9,[10b]: Chuẩn bị dữ liệu và dựng video,Mục 2b (Tr. 62),Hiểu,true,8,8+,10,later_followup,multimedia_presentation,student_reply_present;attempt_or_answer,deterministic_regex_v1,27,history_depth_quota=8+;rare_stratum_and_family_diversity,plan03-task-discovery-v1,Thông hiểu,"AI ơi, em lỡ thêm thẻ tiêu đề nhưng màu nền của nó chói quá, làm thế nào để đổi màu khác cho dịu mắt hơn ạ?","[{""turn_index"": 2, ""role"": ""tutor"", ""content"": ""Em có nhớ lúc nãy để viết chữ ta dùng nút \""Text\"" không? Ngay cạnh nút \""Text\"" đó có một nút tên là gì nhỉ?""}, {""turn_index"": 3, ""role"": ""student"", ""content"": ""Dạ em thấy nút tên là \""Background\"".""}, {""turn_index"": 4, ""role"": ""tutor"", ""content"": ""Nghĩa tiếng Việt của \""Background\"" là gì em biết không?""}, {""turn_index"": 5, ""role"": ""student"", ""content"": ""Là \""Hình nền\"" hoặc \""Phông nền\"" ạ.""}, {""turn_index"": 6, ""role"": ""tutor"", ""content"": ""Chuẩn luôn. Em thử nháy chuột vào đó xem nó cung cấp cho ta những công cụ gì?""}, {""turn_index"": 7, ""role"": ""student"", ""content"": ""Nó mở ra một bảng màu (Color palette) với các màu sắc khác nhau.""}, {""turn_index"": 8, ""role"": ""tutor"", ""content"": ""Giờ em hãy chọn một màu tối hoặc dịu hơn để chữ của em nổi bật lên nhé.""}, {""turn_index"": 9, ""role"": ""student"", ""content"": ""Em chọn màu xanh đậm. Màn hình preview cập nhật luôn màu nền rồi ạ. Trông hài hoà hơn hẳn.""}]","Tuyệt vời. Vậy em có thể tự rút ra kết luận chức năng của ""Background"" dùng để làm gì không?","Background giúp thay đổi màu nền của thẻ tiêu đề, giúp người dùng tuỳ chỉnh màu sắc phù hợp với thẩm mĩ và nội dung của video."
BC-HNMU-G9-R0256-STT3-AI02,HNMU-G9-R0256-STT3,9,Bài 14: Giải quyết vấn đề,"Mục 1, trang 76",Biết,false,0,0,2,first_tutor_turn,concept_or_other,initial_request,deterministic_regex_v1,28,history_depth_quota=0;rare_stratum_and_family_diversity,plan03-task-discovery-v1,Nhận biết,"Em không biết phải định nghĩa thế nào về ""Lựa chọn giải pháp"" cho đúng sách giáo khoa ạ.",[],"[Đồng cảm] Đừng lo, ta cùng xem xét nhé. Sau khi đã phân tích và biết được các cách để giải một bài toán, em có thể thực hiện tất cả các cách cùng lúc không?","Là việc lựa chọn cách giải quyết vấn đề phù hợp để di chuyển sang bước tiếp theo, dựa trên phân tích các phương án."
BC-HNMU-G9-R0041-STT12-AI04,HNMU-G9-R0041-STT12,9,Bài 3: Thực hành: Đánh giá chất lượng thông tin,Nhiệm vụ 1 (Tr. 12 SGK),Vận dụng,true,2,2,4,early_followup,data_information,student_reply_present;attempt_or_answer,deterministic_regex_v1,29,history_depth_quota=2;rare_stratum_and_family_diversity,plan03-task-discovery-v1,Vận dụng (Khai thác được thông tin),Thầy xem bảng thông tin 3 trường em tìm được đã ổn chưa ạ?,"[{""turn_index"": 2, ""role"": ""tutor"", ""content"": ""Em đã có tên trường và điểm chuẩn rồi. Nhưng để biết trường nào \""mới\"" nhất, em đã kiểm tra xem đây là điểm của năm 2023 hay 2024 chưa?""}, {""turn_index"": 3, ""role"": ""student"", ""content"": ""A, em mới lấy đại một con số, để em xem lại năm cập nhật ạ.""}]","Đúng rồi! Đừng quên ghi thêm khoảng cách từ nhà em đến trường để đảm bảo tính ""sử dụng được"" nhé.","HS lập được danh sách gồm: Tên trường, điểm chuẩn 3 năm gần nhất, chỉ tiêu tuyển sinh và địa chỉ,."
BC-HNMU-G9-R0203-STT6-AI02,HNMU-G9-R0203-STT6,9,[10b]: Chuẩn bị dữ liệu và dựng video,Mục 1 (Tr. 60),Hiểu,false,0,0,2,first_tutor_turn,algorithm,initial_request,deterministic_regex_v1,30,history_depth_quota=0;rare_stratum_and_family_diversity,plan03-task-discovery-v1,Thông hiểu,"Bước 3 là Dựng video, bước 4 là Biên tập video. Em thấy hai bước này giống hệt nhau, đều là chỉnh sửa trên phần mềm mà AI.",[],"Có vẻ giống nhau nhưng mục đích khác nhau đấy. Khi em viết một bài văn, việc em cắm cúi viết từng đoạn Mở bài, Thân bài, Kết bài tương ứng với bước nào?","Dựng video: là quá trình ghép nối, sắp xếp dữ liệu, thêm hiệu ứng, phụ đề tạo thành bản thô. Biên tập video: là việc xem lại tổng thể, kiểm tra sự ăn khớp giữa âm thanh và hình ảnh, cắt bỏ chi tiết lỗi để chốt bản hoàn chỉnh."
BC-HNMU-G9-R0283-STT2-AI10,HNMU-G9-R0283-STT2,9,Bài 16: Thực hành: Lập chương trình máy tính,"Nhiệm vụ 1, trang 83",Biết,true,8,8+,10,later_followup,code_programming,student_reply_present;attempt_or_answer,deterministic_regex_v1,31,history_depth_quota=8+;rare_stratum_and_family_diversity,plan03-task-discovery-v1,Nhận biết,"Thầy ơi, sách bảo dùng khối lệnh lặp với điều kiện trước, em tìm trong Scratch không thấy khối nào tên như thế cả.","[{""turn_index"": 2, ""role"": ""tutor"", ""content"": ""[Đồng cảm] Scratch dùng ngôn ngữ gần với tự nhiên nên tên gọi sẽ hơi khác sách lý thuyết một chút. Em muốn máy tính bắt người dùng nhập đi nhập lại mật khẩu nếu họ nhập sai đúng không?""}, {""turn_index"": 3, ""role"": ""student"", ""content"": ""Vâng ạ, sai thì bắt nhập lại.""}, {""turn_index"": 4, ""role"": ""tutor"", ""content"": ""[Đặt câu hỏi Socratic] Vậy máy tính sẽ \""Lặp lại\"" việc hỏi mật khẩu \""cho đến khi\"" điều gì xảy ra?""}, {""turn_index"": 5, ""role"": ""student"", ""content"": ""Cho đến khi người dùng nhập đúng mật khẩu ạ.""}, {""turn_index"": 6, ""role"": ""tutor"", ""content"": ""[Đánh dấu đặc điểm quan trọng] Chính xác! Cụm từ em vừa nói chính là tên khối lệnh trong Scratch đấy. Em thử ghép lại xem tên khối lệnh đó là gì?""}, {""turn_index"": 7, ""role"": ""student"", ""content"": ""À, có phải là khối lệnh \""Lặp lại cho đến khi\"" không ạ?""}, {""turn_index"": 8, ""role"": ""tutor"", ""content"": ""[Phản hồi tức thì] Hoàn toàn đúng! Kèm theo sau đó là một ô hình lục giác để em điền điều kiện vào.""}, {""turn_index"": 9, ""role"": ""student"", ""content"": ""Dạ em tìm thấy khối lệnh đó màu cam trong nhóm Điều khiển rồi ạ.""}]","[Trao quyền] Tuyệt vời, em áp dụng vào bài thực hành ngay nhé.","Khối lệnh ""Lặp lại cho đến khi <điều kiện>"" trong Scratch được sử dụng để thể hiện vòng lặp với điều kiện trước."
BC-HNMU-G9-R0138-STT11-AI02,HNMU-G9-R0138-STT11,9,10a. Sử dụng hàm Countif,"Luyện tập 2, Trang 44 SGK",Vận dụng,false,0,0,2,first_tutor_turn,spreadsheet,initial_request,deterministic_regex_v1,32,history_depth_quota=0;rare_stratum_and_family_diversity,plan03-task-discovery-v1,Vận dụng (Dùng được địa chỉ trong công thức),"Thầy giúp em viết công thức đếm các bạn chọn ""Trường A"" với ạ.",[],"Chào em! Đầu tiên, vùng dữ liệu (Range) của mình là từ đâu đến đâu nhỉ?","=COUNTIF(B4:B13, ""Trường A"")."
BC-HNMU-G9-R0230-STT5-AI10,HNMU-G9-R0230-STT5,9,[12b]: Hoàn thành việc dựng video,Mục 1 (Tr. 69),Hiểu,true,8,8+,10,later_followup,multimedia_presentation,student_reply_present;attempt_or_answer,deterministic_regex_v1,33,history_depth_quota=8+;rare_stratum_and_family_diversity,plan03-task-discovery-v1,Thông hiểu,"Em vẫn chưa rạch ròi được khi nào dùng ""Background music"", khi nào dùng ""Custom audio"" AI ạ.","[{""turn_index"": 2, ""role"": ""tutor"", ""content"": ""Hãy tưởng tượng em đang xem một bản tin thời sự. Tiếng nhạc dạo dồn dập chạy từ đầu đến cuối bản tin là loại nào?""}, {""turn_index"": 3, ""role"": ""student"", ""content"": ""Nó chạy suốt video thì chắc chắn là \""Background music\"" ạ.""}, {""turn_index"": 4, ""role"": ""tutor"", ""content"": ""Chuẩn. Nhưng trong bản tin đó, thỉnh thoảng có tiếng của phóng viên ở hiện trường cất lên. Tiếng phóng viên đó chèn qua công cụ nào?""}, {""turn_index"": 5, ""role"": ""student"", ""content"": ""Phóng viên chỉ nói một đoạn ngắn thôi, vậy là dùng \""Custom audio\"".""}, {""turn_index"": 6, ""role"": ""tutor"", ""content"": ""Tuyệt vời. Vậy nếu em kéo thả 3 video nhỏ vào bàn dựng, Background music sẽ xử lí nhạc thế nào?""}, {""turn_index"": 7, ""role"": ""student"", ""content"": ""Nó tự động trải đều nhạc lên cả 3 video đó.""}, {""turn_index"": 8, ""role"": ""tutor"", ""content"": ""Còn Custom audio?""}, {""turn_index"": 9, ""role"": ""student"", ""content"": ""Em có thể chỉ định âm thanh chỉ phát ở video số 2, số 1 và 3 không có tiếng.""}]",Em phân biệt cực kì sắc sảo! Một đạo diễn sẽ luôn biết cách phối hợp cả 2 công cụ này.,"Background music: tự động điều chỉnh độ dài khớp với toàn bộ video. Custom audio: cho phép chèn âm thanh (nhạc, ghi âm) vào từng đoạn nhỏ, chỉ định điểm bắt đầu và kết thúc tuỳ ý."
BC-HNMU-G9-R0255-STT2-AI02,HNMU-G9-R0255-STT2,9,Bài 14: Giải quyết vấn đề,"Mục 1, trang 76",Biết,false,0,0,2,first_tutor_turn,concept_or_other,initial_request,deterministic_regex_v1,34,history_depth_quota=0;rare_stratum_and_family_diversity,plan03-task-discovery-v1,Nhận biết,Em không hiểu mục đích của bước phân tích vấn đề là để làm gì ạ.,[],[Duy trì định hướng] Chào em! Hãy tưởng tượng em được giao lắp ráp một bộ Lego 1000 mảnh. Em sẽ đổ hết ra ráp bừa hay phải làm gì trước?,"Để hiểu rõ vấn đề, chia vấn đề thành những vấn đề nhỏ hơn, dễ giải quyết hơn."
BC-HNMU-G9-R0279-STT12-AI10,HNMU-G9-R0279-STT12,9,Bài 15: Bài toán tin học,"Vận dụng 1, trang 82",Vận dụng,true,8,8+,10,later_followup,algorithm,student_reply_present;attempt_or_answer,deterministic_regex_v1,35,history_depth_quota=8+;rare_stratum_and_family_diversity,plan03-task-discovery-v1,Vận dụng,"Câu 1 phần Vận dụng trang 82 yêu cầu mô tả đầu vào/đầu ra bài toán sắp xếp dãy số tăng dần. Đầu vào là một dãy số, đầu ra cũng là một dãy số, nghe nó cứ vô lí sao ấy thầy?","[{""turn_index"": 2, ""role"": ""tutor"", ""content"": ""[Kiểm soát thất vọng] Không vô lí đâu em, trực giác của em rất nhạy bén khi nhận ra điều đó! Thầy lấy ví dụ, em có một bộ bài tây đang xáo trộn lung tung. Bộ bài đó gọi là gì?""}, {""turn_index"": 3, ""role"": ""student"", ""content"": ""Là Đầu vào ạ.""}, {""turn_index"": 4, ""role"": ""tutor"", ""content"": ""[Giảm bậc tự do] Đúng! Em bỏ thời gian sắp xếp lại các lá bài từ Ách đến K. Bộ bài sau khi xếp xong gọi là gì?""}, {""turn_index"": 5, ""role"": ""student"", ""content"": ""Là Đầu ra ạ.""}, {""turn_index"": 6, ""role"": ""tutor"", ""content"": ""[Đặt câu hỏi Socratic] Quá chuẩn! Bộ bài Đầu ra có sinh thêm lá bài mới nào hay mất đi lá bài nào so với bộ bài Đầu vào không?""}, {""turn_index"": 7, ""role"": ""student"", ""content"": ""Dạ không, số lượng lá bài và chất bài vẫn giữ nguyên y hệt.""}, {""turn_index"": 8, ""role"": ""tutor"", ""content"": ""[Đánh dấu đặc điểm quan trọng] Vậy sự khác biệt duy nhất khiến Đầu ra mang giá trị so với Đầu vào là gì?""}, {""turn_index"": 9, ""role"": ""student"", ""content"": ""Sự khác biệt là Đầu vào thì các lá bài lộn xộn, còn Đầu ra thì các lá bài đã nằm đúng thứ tự tăng dần.""}]","[ZPD Achieved] Em tự giải thích được sự ""hợp lí"" của nó rồi đó! Ứng dụng vào dãy số, Đầu vào là dãy số bất kì, Đầu ra là CHÍNH DÃY SỐ ĐÓ nhưng ĐÃ ĐƯỢC SẮP XẾP TĂNG DẦN. Rất xuất sắc!",Đầu vào: Một dãy các số bất kì. Đầu ra: Dãy các số đó nhưng đã được sắp xếp theo thứ tự tăng dần.
BC-HNMU-G9-R0302-STT7-AI10,HNMU-G9-R0302-STT7,9,Bài 17: Tin học và thế giới nghề nghiệp,"Mục 2, trang 88",Hiểu,true,8,8+,10,later_followup,data_information,student_reply_present;attempt_or_answer,deterministic_regex_v1,36,history_depth_quota=8+;rare_stratum_and_family_diversity,plan03-task-discovery-v1,Thông hiểu,Em thắc mắc bài tập yêu cầu kể việc của nhân viên IT trong ngân hàng. Chẳng lẽ họ ngồi sửa máy in cho nhân viên ngân hàng ạ?,"[{""turn_index"": 2, ""role"": ""tutor"", ""content"": ""[Kiểm soát thất vọng] Sửa máy in cũng là một việc, nhưng công việc của họ vĩ mô hơn nhiều! Em có từng thấy bố mẹ chuyển khoản bằng app điện thoại chưa?""}, {""turn_index"": 3, ""role"": ""student"", ""content"": ""Dạ ngày nào bố mẹ em cũng dùng app ngân hàng ạ.""}, {""turn_index"": 4, ""role"": ""tutor"", ""content"": ""[Giảm bậc tự do] Thông tin về số tiền hàng tỷ đồng của hàng triệu khách hàng được lưu ở đâu? Kĩ sư IT phải làm nhiệm vụ gì với đống dữ liệu khổng lồ đó?""}, {""turn_index"": 5, ""role"": ""student"", ""content"": ""Dữ liệu lưu trong máy chủ, họ phải quản trị cơ sở dữ liệu đó ạ.""}, {""turn_index"": 6, ""role"": ""tutor"", ""content"": ""[Đặt câu hỏi Socratic] Rất chuẩn! Nếu có một nhóm hacker muốn tấn công máy chủ đó để trộm tiền, bộ phận IT của ngân hàng phải xây dựng hàng rào gì?""}, {""turn_index"": 7, ""role"": ""student"", ""content"": ""Họ phải làm công việc bảo mật hệ thống thông tin ạ.""}, {""turn_index"": 8, ""role"": ""tutor"", ""content"": ""[Đánh dấu đặc điểm] Hoàn toàn chính xác. Ngoài ra họ còn phát triển tính năng mới cho app. Vậy tóm lại, kĩ sư IT trong ngân hàng nắm giữ những vai trò sống còn nào?""}, {""turn_index"": 9, ""role"": ""student"", ""content"": ""Họ quản trị hệ thống, quản trị dữ liệu, bảo mật và phát triển phần mềm giao dịch.""}]",[Trao quyền] Em phân tích như một chuyên gia định hướng nghề nghiệp thực thụ!,"Họ có thể đảm nhận các công việc như: quản trị hệ thống mạng, quản trị cơ sở dữ liệu khách hàng, bảo mật dữ liệu, phát triển ứng dụng giao dịch trực tuyến,."
BC-HNMU-G9-R0282-STT1-AI10,HNMU-G9-R0282-STT1,9,Bài 16: Thực hành: Lập chương trình máy tính,"Mục tiêu bài học, trang 83",Biết,true,8,8+,10,later_followup,code_programming,student_reply_present;attempt_or_answer,deterministic_regex_v1,37,history_depth_quota=8+;rare_stratum_and_family_diversity,plan03-task-discovery-v1,Nhận biết,"Em không nhớ 3 cấu trúc điều khiển cơ bản là gì, thầy gợi ý giúp em với.","[{""turn_index"": 2, ""role"": ""tutor"", ""content"": ""[Kiểm soát thất vọng] Không sao, chuyện quên là bình thường mà. Chúng ta cùng ôn lại qua thực tế nhé. Khi em thức dậy: Bước 1 đánh răng, Bước 2 ăn sáng, Bước 3 đi học. Việc làm lần lượt như vậy tương ứng với cấu trúc nào?""}, {""turn_index"": 3, ""role"": ""student"", ""content"": ""Em nghĩ đó là cấu trúc tuần tự.""}, {""turn_index"": 4, ""role"": ""tutor"", ""content"": ""[Phản hồi tức thì] Chính xác! Bây giờ, khi đi đến ngã tư, nếu đèn đỏ thì dừng lại, nếu đèn xanh thì đi tiếp. Việc kiểm tra điều kiện để quyết định hành động tương đương với cấu trúc nào?""}, {""turn_index"": 5, ""role"": ""student"", ""content"": ""À, đó là rẽ nhánh đúng không thầy?""}, {""turn_index"": 6, ""role"": ""tutor"", ""content"": ""[Đặt câu hỏi Socratic] Rất chuẩn xác! Cuối cùng, nếu thầy phạt em chép bài 10 lần. Việc chép đi chép lại đó gọi là gì?""}, {""turn_index"": 7, ""role"": ""student"", ""content"": ""Là lặp lại ạ.""}, {""turn_index"": 8, ""role"": ""tutor"", ""content"": ""[Đánh dấu đặc điểm] Đúng thế! Vậy trong lập trình, khi muốn máy tính làm một việc nhiều lần, ta dùng cấu trúc lặp. Em thử tổng hợp lại 3 cấu trúc xem?""}, {""turn_index"": 9, ""role"": ""student"", ""content"": ""Dạ là Tuần tự, Rẽ nhánh và Lặp ạ.""}]",[ZPD Achieved] Em tự tìm ra đáp án bằng cách liên hệ thực tế rất xuất sắc!,"Các cấu trúc điều khiển cơ bản gồm: cấu trúc tuần tự, cấu trúc rẽ nhánh, và cấu trúc lặp."
BC-HNMU-G9-R0194-STT11-AI10,HNMU-G9-R0194-STT11,9,[9b]: Các chức năng chính của phần mềm làm Video,Luyện tập (Tr. 59),Vận dụng,true,8,8+,10,later_followup,multimedia_presentation,student_reply_present;attempt_or_answer,deterministic_regex_v1,38,history_depth_quota=8+;rare_stratum_and_family_diversity,plan03-task-discovery-v1,Vận dụng,"Bài Luyện tập có nhiều bước quá, em bắt đầu từ đâu AI ơi?","[{""turn_index"": 2, ""role"": ""tutor"", ""content"": ""Đừng lo, chúng ta làm từng bước. Đọc yêu cầu a: Khởi động và tạo dự án. Em làm được chứ?""}, {""turn_index"": 3, ""role"": ""student"", ""content"": ""(Thực hành)... Xong ạ, dự án \""SanPhamTinHoc\"" đã mở.""}, {""turn_index"": 4, ""role"": ""tutor"", ""content"": ""Tốt. Yêu cầu b: Nhập tệp em đã thu thập vào. Em thao tác ở vùng nào của giao diện?""}, {""turn_index"": 5, ""role"": ""student"", ""content"": ""Em click \""+ Add\"" ở vùng Project library ạ.""}, {""turn_index"": 6, ""role"": ""tutor"", ""content"": ""Cứ làm đi, AI đợi...""}, {""turn_index"": 7, ""role"": ""student"", ""content"": ""Xong ạ. Ảnh đã vào thư viện. Yêu cầu c: Đưa dữ liệu vào bàn dựng. Em kéo thả hết xuống Storyboard được không?""}, {""turn_index"": 8, ""role"": ""tutor"", ""content"": ""Hoàn toàn được! Kéo từng cái hoặc tick chọn nhiều cái rồi nhấn \""Place in storyboard\"".""}, {""turn_index"": 9, ""role"": ""student"", ""content"": ""Em làm xong cả 3 bước rồi, video đã ghép thành chuỗi bên dưới!""}]",Giỏi lắm! Việc chia nhỏ bài toán đã giúp em hoàn thành xuất sắc.,HS thao tác đúng các bước: New project -> Đặt tên -> Add dữ liệu -> Kéo thả vào Storyboard.
BC-HNMU-G9-R0272-STT5-AI10,HNMU-G9-R0272-STT5,9,Bài 15: Bài toán tin học,"Hoạt động 1, trang 79",Hiểu,true,8,8+,10,later_followup,concept_or_other,student_reply_present;attempt_or_answer,deterministic_regex_v1,39,history_depth_quota=8+;rare_stratum_and_family_diversity,plan03-task-discovery-v1,Thông hiểu,"Thầy ơi, Hoạt động 1 yêu cầu nhìn hình 15.1 mô tả quy trình thanh toán lương nhưng em thấy nhiều hộp quá, hơi rối ạ.","[{""turn_index"": 2, ""role"": ""tutor"", ""content"": ""[Đồng cảm] Hình sơ đồ khối đôi khi làm ta hoa mắt. Thầy sẽ giúp em đóng vai giám đốc nhé! Cuối tháng, để biết trả cho nhân viên bao nhiêu tiền, việc đầu tiên em phải kiểm tra xem họ làm việc bao nhiêu giờ. Bước đó gọi là gì?""}, {""turn_index"": 3, ""role"": ""student"", ""content"": ""Đó là bước \""Chấm công\"" ạ.""}, {""turn_index"": 4, ""role"": ""tutor"", ""content"": ""[Phản hồi tức thì] Tốt! Có số giờ rồi, em nhân với mức lương mỗi giờ để ra tổng tiền. Hành động đó tương ứng hộp nào?""}, {""turn_index"": 5, ""role"": ""student"", ""content"": ""Là hộp \""Tính toán tiền lương\"".""}, {""turn_index"": 6, ""role"": ""tutor"", ""content"": ""[Đặt câu hỏi Socratic] Chính xác. Kế toán không thể tự ý rút tiền mà phải làm một tờ giấy đề nghị rút tiền từ quỹ. Đó là bước nào?""}, {""turn_index"": 7, ""role"": ""student"", ""content"": ""Là bước \""Lập phiếu chi lương\"" ạ.""}, {""turn_index"": 8, ""role"": ""tutor"", ""content"": ""[Đánh dấu đặc điểm] Rất logic. Có phiếu rồi, người ta mới cầm tiền đưa cho nhân viên (Thanh toán tiền lương). Sau khi trả tiền xong, sổ sách chứng từ phải làm gì để tháng sau đối chiếu?""}, {""turn_index"": 9, ""role"": ""student"", ""content"": ""Phải cất đi, tức là \""Lưu hồ sơ\"" ạ.""}]","[ZPD Achieved] Em thấy không, bằng logic thực tế, em vừa đọc hiểu toàn bộ lưu đồ thuật toán tính lương cực kì dễ dàng rồi đó!",Bắt đầu -> Chấm công -> Tính toán tiền lương -> Lập phiếu chi lương -> Thanh toán tiền lương -> Lưu hồ sơ -> Kết thúc.
BC-HNMU-G9-R0269-STT2-AI10,HNMU-G9-R0269-STT2,9,Bài 15: Bài toán tin học,"Câu hỏi củng cố, trang 80",Biết,true,8,8+,10,later_followup,data_information,student_reply_present;attempt_or_answer,deterministic_regex_v1,40,history_depth_quota=8+;rare_stratum_and_family_diversity,plan03-task-discovery-v1,Nhận biết,Tại sao để xác định một bài toán tin học em lại phải tìm yếu tố gì đó ạ? Em không nhớ.,"[{""turn_index"": 2, ""role"": ""tutor"", ""content"": ""[Đồng cảm] Khởi đầu bao giờ cũng có chút khó nhớ, ta cùng liên hệ thực tế nhé. Giả sử em nhờ máy tính tính tiền điện nghiệm thu tháng này. Em có thể bắt máy tính tính ngay nếu không cung cấp số điện không?""}, {""turn_index"": 3, ""role"": ""student"", ""content"": ""Chắc chắn là không ạ, máy tính phải biết số điện tháng này dùng bao nhiêu đã.""}, {""turn_index"": 4, ""role"": ""tutor"", ""content"": ""[Giảm bậc tự do] Đúng rồi, những dữ liệu cho trước như \""số điện\"" đó, trong tin học gọi là \""Đầu...\"" gì?""}, {""turn_index"": 5, ""role"": ""student"", ""content"": ""Là Đầu vào ạ.""}, {""turn_index"": 6, ""role"": ""tutor"", ""content"": ""[Đặt câu hỏi Socratic] Tốt lắm! Sau khi máy tính xử lí xong số điện đó, nó sẽ in ra cho em một tờ hoá đơn báo số tiền cần nộp. Kết quả đó được gọi là gì?""}, {""turn_index"": 7, ""role"": ""student"", ""content"": ""Em đoán nó là Đầu ra.""}, {""turn_index"": 8, ""role"": ""tutor"", ""content"": ""[Đánh dấu đặc điểm quan trọng] Rất thông minh! Vậy tóm lại, bất kì bài toán nào giao cho máy tính cũng phải được xác định rõ ràng bởi 2 yếu tố nào?""}, {""turn_index"": 9, ""role"": ""student"", ""content"": ""Phải xác định bởi Đầu vào (những gì đã biết) và Đầu ra (kết quả cần tìm).""}]",[Trao quyền] Em tự đúc kết cực kì chuẩn xác. Sách giáo khoa viết đúng như những gì em vừa suy luận!,Bài toán được xác định bởi đầu vào (dữ liệu đã biết) và đầu ra (kết quả cần tìm).
