benchmark_candidate_id,sample_id,source_batch,source_file,source_row_number,target_tutor_turn_index,split_strategy,dialogue_correction_ids
BC-HNMU-G6-R0030-STT1-AI02,HNMU-G6-R0030-STT1,grade6_7,shared/raw_data/HNMU-teacher_dialog_samples/Lớp 6.xlsx,30,2,each_tutor_turn,[]
BC-HNMU-G6-R0030-STT1-AI04,HNMU-G6-R0030-STT1,grade6_7,shared/raw_data/HNMU-teacher_dialog_samples/Lớp 6.xlsx,30,4,each_tutor_turn,[]
BC-HNMU-G6-R0030-STT1-AI06,HNMU-G6-R0030-STT1,grade6_7,shared/raw_data/HNMU-teacher_dialog_samples/Lớp 6.xlsx,30,6,each_tutor_turn,[]
BC-HNMU-G6-R0033-STT4-AI02,HNMU-G6-R0033-STT4,grade6_7,shared/raw_data/HNMU-teacher_dialog_samples/Lớp 6.xlsx,33,2,each_tutor_turn,[]
BC-HNMU-G6-R0033-STT4-AI04,HNMU-G6-R0033-STT4,grade6_7,shared/raw_data/HNMU-teacher_dialog_samples/Lớp 6.xlsx,33,4,each_tutor_turn,[]
BC-HNMU-G6-R0034-STT5-AI02,HNMU-G6-R0034-STT5,grade6_7,shared/raw_data/HNMU-teacher_dialog_samples/Lớp 6.xlsx,34,2,each_tutor_turn,[]
BC-HNMU-G6-R0034-STT5-AI04,HNMU-G6-R0034-STT5,grade6_7,shared/raw_data/HNMU-teacher_dialog_samples/Lớp 6.xlsx,34,4,each_tutor_turn,[]
BC-HNMU-G6-R0038-STT9-AI02,HNMU-G6-R0038-STT9,grade6_7,shared/raw_data/HNMU-teacher_dialog_samples/Lớp 6.xlsx,38,2,each_tutor_turn,[]
BC-HNMU-G6-R0038-STT9-AI04,HNMU-G6-R0038-STT9,grade6_7,shared/raw_data/HNMU-teacher_dialog_samples/Lớp 6.xlsx,38,4,each_tutor_turn,[]
BC-HNMU-G6-R0041-STT12-AI02,HNMU-G6-R0041-STT12,grade6_7,shared/raw_data/HNMU-teacher_dialog_samples/Lớp 6.xlsx,41,2,each_tutor_turn,[]
BC-HNMU-G6-R0041-STT12-AI04,HNMU-G6-R0041-STT12,grade6_7,shared/raw_data/HNMU-teacher_dialog_samples/Lớp 6.xlsx,41,4,each_tutor_turn,[]
BC-HNMU-G6-R0041-STT12-AI06,HNMU-G6-R0041-STT12,grade6_7,shared/raw_data/HNMU-teacher_dialog_samples/Lớp 6.xlsx,41,6,each_tutor_turn,[]
BC-HNMU-G6-R0042-STT13-AI02,HNMU-G6-R0042-STT13,grade6_7,shared/raw_data/HNMU-teacher_dialog_samples/Lớp 6.xlsx,42,2,each_tutor_turn,[]
BC-HNMU-G6-R0042-STT13-AI04,HNMU-G6-R0042-STT13,grade6_7,shared/raw_data/HNMU-teacher_dialog_samples/Lớp 6.xlsx,42,4,each_tutor_turn,[]
BC-HNMU-G6-R0042-STT13-AI06,HNMU-G6-R0042-STT13,grade6_7,shared/raw_data/HNMU-teacher_dialog_samples/Lớp 6.xlsx,42,6,each_tutor_turn,[]
BC-HNMU-G6-R0044-STT1-AI02,HNMU-G6-R0044-STT1,grade6_7,shared/raw_data/HNMU-teacher_dialog_samples/Lớp 6.xlsx,44,2,each_tutor_turn,[]
BC-HNMU-G6-R0044-STT1-AI04,HNMU-G6-R0044-STT1,grade6_7,shared/raw_data/HNMU-teacher_dialog_samples/Lớp 6.xlsx,44,4,each_tutor_turn,[]
BC-HNMU-G6-R0044-STT1-AI06,HNMU-G6-R0044-STT1,grade6_7,shared/raw_data/HNMU-teacher_dialog_samples/Lớp 6.xlsx,44,6,each_tutor_turn,[]
BC-HNMU-G6-R0046-STT3-AI02,HNMU-G6-R0046-STT3,grade6_7,shared/raw_data/HNMU-teacher_dialog_samples/Lớp 6.xlsx,46,2,each_tutor_turn,[]
BC-HNMU-G6-R0046-STT3-AI04,HNMU-G6-R0046-STT3,grade6_7,shared/raw_data/HNMU-teacher_dialog_samples/Lớp 6.xlsx,46,4,each_tutor_turn,[]
BC-HNMU-G6-R0047-STT4-AI02,HNMU-G6-R0047-STT4,grade6_7,shared/raw_data/HNMU-teacher_dialog_samples/Lớp 6.xlsx,47,2,each_tutor_turn,[]
BC-HNMU-G6-R0047-STT4-AI04,HNMU-G6-R0047-STT4,grade6_7,shared/raw_data/HNMU-teacher_dialog_samples/Lớp 6.xlsx,47,4,each_tutor_turn,[]
BC-HNMU-G6-R0048-STT5-AI02,HNMU-G6-R0048-STT5,grade6_7,shared/raw_data/HNMU-teacher_dialog_samples/Lớp 6.xlsx,48,2,each_tutor_turn,[]
BC-HNMU-G6-R0048-STT5-AI04,HNMU-G6-R0048-STT5,grade6_7,shared/raw_data/HNMU-teacher_dialog_samples/Lớp 6.xlsx,48,4,each_tutor_turn,[]
BC-HNMU-G6-R0049-STT6-AI02,HNMU-G6-R0049-STT6,grade6_7,shared/raw_data/HNMU-teacher_dialog_samples/Lớp 6.xlsx,49,2,each_tutor_turn,[]
BC-HNMU-G6-R0049-STT6-AI04,HNMU-G6-R0049-STT6,grade6_7,shared/raw_data/HNMU-teacher_dialog_samples/Lớp 6.xlsx,49,4,each_tutor_turn,[]
BC-HNMU-G6-R0050-STT7-AI02,HNMU-G6-R0050-STT7,grade6_7,shared/raw_data/HNMU-teacher_dialog_samples/Lớp 6.xlsx,50,2,each_tutor_turn,[]
BC-HNMU-G6-R0050-STT7-AI04,HNMU-G6-R0050-STT7,grade6_7,shared/raw_data/HNMU-teacher_dialog_samples/Lớp 6.xlsx,50,4,each_tutor_turn,[]
BC-HNMU-G6-R0051-STT8-AI02,HNMU-G6-R0051-STT8,grade6_7,shared/raw_data/HNMU-teacher_dialog_samples/Lớp 6.xlsx,51,2,each_tutor_turn,[]
BC-HNMU-G6-R0051-STT8-AI04,HNMU-G6-R0051-STT8,grade6_7,shared/raw_data/HNMU-teacher_dialog_samples/Lớp 6.xlsx,51,4,each_tutor_turn,[]
BC-HNMU-G6-R0052-STT9-AI02,HNMU-G6-R0052-STT9,grade6_7,shared/raw_data/HNMU-teacher_dialog_samples/Lớp 6.xlsx,52,2,each_tutor_turn,[]
BC-HNMU-G6-R0052-STT9-AI04,HNMU-G6-R0052-STT9,grade6_7,shared/raw_data/HNMU-teacher_dialog_samples/Lớp 6.xlsx,52,4,each_tutor_turn,[]
BC-HNMU-G6-R0053-STT10-AI02,HNMU-G6-R0053-STT10,grade6_7,shared/raw_data/HNMU-teacher_dialog_samples/Lớp 6.xlsx,53,2,each_tutor_turn,[]
BC-HNMU-G6-R0053-STT10-AI04,HNMU-G6-R0053-STT10,grade6_7,shared/raw_data/HNMU-teacher_dialog_samples/Lớp 6.xlsx,53,4,each_tutor_turn,[]
BC-HNMU-G6-R0053-STT10-AI06,HNMU-G6-R0053-STT10,grade6_7,shared/raw_data/HNMU-teacher_dialog_samples/Lớp 6.xlsx,53,6,each_tutor_turn,[]
BC-HNMU-G6-R0054-STT11-AI02,HNMU-G6-R0054-STT11,grade6_7,shared/raw_data/HNMU-teacher_dialog_samples/Lớp 6.xlsx,54,2,each_tutor_turn,[]
BC-HNMU-G6-R0054-STT11-AI04,HNMU-G6-R0054-STT11,grade6_7,shared/raw_data/HNMU-teacher_dialog_samples/Lớp 6.xlsx,54,4,each_tutor_turn,[]
BC-HNMU-G6-R0054-STT11-AI06,HNMU-G6-R0054-STT11,grade6_7,shared/raw_data/HNMU-teacher_dialog_samples/Lớp 6.xlsx,54,6,each_tutor_turn,[]
BC-HNMU-G6-R0055-STT12-AI02,HNMU-G6-R0055-STT12,grade6_7,shared/raw_data/HNMU-teacher_dialog_samples/Lớp 6.xlsx,55,2,each_tutor_turn,[]
BC-HNMU-G6-R0055-STT12-AI04,HNMU-G6-R0055-STT12,grade6_7,shared/raw_data/HNMU-teacher_dialog_samples/Lớp 6.xlsx,55,4,each_tutor_turn,[]
BC-HNMU-G6-R0055-STT12-AI06,HNMU-G6-R0055-STT12,grade6_7,shared/raw_data/HNMU-teacher_dialog_samples/Lớp 6.xlsx,55,6,each_tutor_turn,[]
BC-HNMU-G6-R0056-STT13-AI02,HNMU-G6-R0056-STT13,grade6_7,shared/raw_data/HNMU-teacher_dialog_samples/Lớp 6.xlsx,56,2,each_tutor_turn,[]
BC-HNMU-G6-R0056-STT13-AI04,HNMU-G6-R0056-STT13,grade6_7,shared/raw_data/HNMU-teacher_dialog_samples/Lớp 6.xlsx,56,4,each_tutor_turn,[]
BC-HNMU-G6-R0057-STT14-AI02,HNMU-G6-R0057-STT14,grade6_7,shared/raw_data/HNMU-teacher_dialog_samples/Lớp 6.xlsx,57,2,each_tutor_turn,[]
BC-HNMU-G6-R0057-STT14-AI04,HNMU-G6-R0057-STT14,grade6_7,shared/raw_data/HNMU-teacher_dialog_samples/Lớp 6.xlsx,57,4,each_tutor_turn,[]
BC-HNMU-G6-R0057-STT14-AI06,HNMU-G6-R0057-STT14,grade6_7,shared/raw_data/HNMU-teacher_dialog_samples/Lớp 6.xlsx,57,6,each_tutor_turn,[]
BC-HNMU-G6-R0073-STT2-AI02,HNMU-G6-R0073-STT2,grade6_7,shared/raw_data/HNMU-teacher_dialog_samples/Lớp 6.xlsx,73,2,each_tutor_turn,[]
BC-HNMU-G6-R0073-STT2-AI04,HNMU-G6-R0073-STT2,grade6_7,shared/raw_data/HNMU-teacher_dialog_samples/Lớp 6.xlsx,73,4,each_tutor_turn,[]
BC-HNMU-G6-R0076-STT5-AI02,HNMU-G6-R0076-STT5,grade6_7,shared/raw_data/HNMU-teacher_dialog_samples/Lớp 6.xlsx,76,2,each_tutor_turn,[]
BC-HNMU-G6-R0076-STT5-AI04,HNMU-G6-R0076-STT5,grade6_7,shared/raw_data/HNMU-teacher_dialog_samples/Lớp 6.xlsx,76,4,each_tutor_turn,[]
BC-HNMU-G6-R0076-STT5-AI06,HNMU-G6-R0076-STT5,grade6_7,shared/raw_data/HNMU-teacher_dialog_samples/Lớp 6.xlsx,76,6,each_tutor_turn,[]
BC-HNMU-G6-R0080-STT9-AI02,HNMU-G6-R0080-STT9,grade6_7,shared/raw_data/HNMU-teacher_dialog_samples/Lớp 6.xlsx,80,2,each_tutor_turn,[]
BC-HNMU-G6-R0080-STT9-AI04,HNMU-G6-R0080-STT9,grade6_7,shared/raw_data/HNMU-teacher_dialog_samples/Lớp 6.xlsx,80,4,each_tutor_turn,[]
BC-HNMU-G6-R0082-STT11-AI02,HNMU-G6-R0082-STT11,grade6_7,shared/raw_data/HNMU-teacher_dialog_samples/Lớp 6.xlsx,82,2,each_tutor_turn,[]
BC-HNMU-G6-R0082-STT11-AI04,HNMU-G6-R0082-STT11,grade6_7,shared/raw_data/HNMU-teacher_dialog_samples/Lớp 6.xlsx,82,4,each_tutor_turn,[]
BC-HNMU-G6-R0082-STT11-AI06,HNMU-G6-R0082-STT11,grade6_7,shared/raw_data/HNMU-teacher_dialog_samples/Lớp 6.xlsx,82,6,each_tutor_turn,[]
BC-HNMU-G6-R0083-STT12-AI02,HNMU-G6-R0083-STT12,grade6_7,shared/raw_data/HNMU-teacher_dialog_samples/Lớp 6.xlsx,83,2,each_tutor_turn,[]
BC-HNMU-G6-R0083-STT12-AI04,HNMU-G6-R0083-STT12,grade6_7,shared/raw_data/HNMU-teacher_dialog_samples/Lớp 6.xlsx,83,4,each_tutor_turn,[]
BC-HNMU-G6-R0083-STT12-AI06,HNMU-G6-R0083-STT12,grade6_7,shared/raw_data/HNMU-teacher_dialog_samples/Lớp 6.xlsx,83,6,each_tutor_turn,[]
BC-HNMU-G6-R0085-STT14-AI02,HNMU-G6-R0085-STT14,grade6_7,shared/raw_data/HNMU-teacher_dialog_samples/Lớp 6.xlsx,85,2,each_tutor_turn,[]
BC-HNMU-G6-R0085-STT14-AI04,HNMU-G6-R0085-STT14,grade6_7,shared/raw_data/HNMU-teacher_dialog_samples/Lớp 6.xlsx,85,4,each_tutor_turn,[]
BC-HNMU-G6-R0085-STT14-AI06,HNMU-G6-R0085-STT14,grade6_7,shared/raw_data/HNMU-teacher_dialog_samples/Lớp 6.xlsx,85,6,each_tutor_turn,[]
BC-HNMU-G6-R0086-STT1-AI02,HNMU-G6-R0086-STT1,grade6_7,shared/raw_data/HNMU-teacher_dialog_samples/Lớp 6.xlsx,86,2,each_tutor_turn,[]
BC-HNMU-G6-R0086-STT1-AI04,HNMU-G6-R0086-STT1,grade6_7,shared/raw_data/HNMU-teacher_dialog_samples/Lớp 6.xlsx,86,4,each_tutor_turn,[]
BC-HNMU-G6-R0086-STT1-AI06,HNMU-G6-R0086-STT1,grade6_7,shared/raw_data/HNMU-teacher_dialog_samples/Lớp 6.xlsx,86,6,each_tutor_turn,[]
BC-HNMU-G6-R0087-STT2-AI02,HNMU-G6-R0087-STT2,grade6_7,shared/raw_data/HNMU-teacher_dialog_samples/Lớp 6.xlsx,87,2,each_tutor_turn,[]
BC-HNMU-G6-R0087-STT2-AI04,HNMU-G6-R0087-STT2,grade6_7,shared/raw_data/HNMU-teacher_dialog_samples/Lớp 6.xlsx,87,4,each_tutor_turn,[]
BC-HNMU-G6-R0088-STT3-AI02,HNMU-G6-R0088-STT3,grade6_7,shared/raw_data/HNMU-teacher_dialog_samples/Lớp 6.xlsx,88,2,each_tutor_turn,[]
BC-HNMU-G6-R0088-STT3-AI04,HNMU-G6-R0088-STT3,grade6_7,shared/raw_data/HNMU-teacher_dialog_samples/Lớp 6.xlsx,88,4,each_tutor_turn,[]
BC-HNMU-G6-R0088-STT3-AI06,HNMU-G6-R0088-STT3,grade6_7,shared/raw_data/HNMU-teacher_dialog_samples/Lớp 6.xlsx,88,6,each_tutor_turn,[]
BC-HNMU-G6-R0089-STT4-AI02,HNMU-G6-R0089-STT4,grade6_7,shared/raw_data/HNMU-teacher_dialog_samples/Lớp 6.xlsx,89,2,each_tutor_turn,[]
BC-HNMU-G6-R0089-STT4-AI04,HNMU-G6-R0089-STT4,grade6_7,shared/raw_data/HNMU-teacher_dialog_samples/Lớp 6.xlsx,89,4,each_tutor_turn,[]
BC-HNMU-G6-R0090-STT5-AI02,HNMU-G6-R0090-STT5,grade6_7,shared/raw_data/HNMU-teacher_dialog_samples/Lớp 6.xlsx,90,2,each_tutor_turn,[]
BC-HNMU-G6-R0090-STT5-AI04,HNMU-G6-R0090-STT5,grade6_7,shared/raw_data/HNMU-teacher_dialog_samples/Lớp 6.xlsx,90,4,each_tutor_turn,[]
BC-HNMU-G6-R0090-STT5-AI06,HNMU-G6-R0090-STT5,grade6_7,shared/raw_data/HNMU-teacher_dialog_samples/Lớp 6.xlsx,90,6,each_tutor_turn,[]
BC-HNMU-G6-R0091-STT6-AI02,HNMU-G6-R0091-STT6,grade6_7,shared/raw_data/HNMU-teacher_dialog_samples/Lớp 6.xlsx,91,2,each_tutor_turn,[]
BC-HNMU-G6-R0091-STT6-AI04,HNMU-G6-R0091-STT6,grade6_7,shared/raw_data/HNMU-teacher_dialog_samples/Lớp 6.xlsx,91,4,each_tutor_turn,[]
BC-HNMU-G6-R0093-STT8-AI02,HNMU-G6-R0093-STT8,grade6_7,shared/raw_data/HNMU-teacher_dialog_samples/Lớp 6.xlsx,93,2,each_tutor_turn,[]
BC-HNMU-G6-R0093-STT8-AI04,HNMU-G6-R0093-STT8,grade6_7,shared/raw_data/HNMU-teacher_dialog_samples/Lớp 6.xlsx,93,4,each_tutor_turn,[]
BC-HNMU-G6-R0094-STT9-AI02,HNMU-G6-R0094-STT9,grade6_7,shared/raw_data/HNMU-teacher_dialog_samples/Lớp 6.xlsx,94,2,each_tutor_turn,[]
BC-HNMU-G6-R0094-STT9-AI04,HNMU-G6-R0094-STT9,grade6_7,shared/raw_data/HNMU-teacher_dialog_samples/Lớp 6.xlsx,94,4,each_tutor_turn,[]
BC-HNMU-G6-R0094-STT9-AI06,HNMU-G6-R0094-STT9,grade6_7,shared/raw_data/HNMU-teacher_dialog_samples/Lớp 6.xlsx,94,6,each_tutor_turn,[]
BC-HNMU-G6-R0095-STT10-AI02,HNMU-G6-R0095-STT10,grade6_7,shared/raw_data/HNMU-teacher_dialog_samples/Lớp 6.xlsx,95,2,each_tutor_turn,[]
BC-HNMU-G6-R0095-STT10-AI04,HNMU-G6-R0095-STT10,grade6_7,shared/raw_data/HNMU-teacher_dialog_samples/Lớp 6.xlsx,95,4,each_tutor_turn,[]
BC-HNMU-G6-R0096-STT11-AI02,HNMU-G6-R0096-STT11,grade6_7,shared/raw_data/HNMU-teacher_dialog_samples/Lớp 6.xlsx,96,2,each_tutor_turn,[]
BC-HNMU-G6-R0096-STT11-AI04,HNMU-G6-R0096-STT11,grade6_7,shared/raw_data/HNMU-teacher_dialog_samples/Lớp 6.xlsx,96,4,each_tutor_turn,[]
BC-HNMU-G6-R0096-STT11-AI06,HNMU-G6-R0096-STT11,grade6_7,shared/raw_data/HNMU-teacher_dialog_samples/Lớp 6.xlsx,96,6,each_tutor_turn,[]
BC-HNMU-G6-R0097-STT12-AI02,HNMU-G6-R0097-STT12,grade6_7,shared/raw_data/HNMU-teacher_dialog_samples/Lớp 6.xlsx,97,2,each_tutor_turn,[]
BC-HNMU-G6-R0097-STT12-AI04,HNMU-G6-R0097-STT12,grade6_7,shared/raw_data/HNMU-teacher_dialog_samples/Lớp 6.xlsx,97,4,each_tutor_turn,[]
BC-HNMU-G6-R0097-STT12-AI06,HNMU-G6-R0097-STT12,grade6_7,shared/raw_data/HNMU-teacher_dialog_samples/Lớp 6.xlsx,97,6,each_tutor_turn,[]
BC-HNMU-G6-R0098-STT13-AI02,HNMU-G6-R0098-STT13,grade6_7,shared/raw_data/HNMU-teacher_dialog_samples/Lớp 6.xlsx,98,2,each_tutor_turn,[]
BC-HNMU-G6-R0098-STT13-AI04,HNMU-G6-R0098-STT13,grade6_7,shared/raw_data/HNMU-teacher_dialog_samples/Lớp 6.xlsx,98,4,each_tutor_turn,[]
BC-HNMU-G6-R0099-STT14-AI02,HNMU-G6-R0099-STT14,grade6_7,shared/raw_data/HNMU-teacher_dialog_samples/Lớp 6.xlsx,99,2,each_tutor_turn,[]
BC-HNMU-G6-R0099-STT14-AI04,HNMU-G6-R0099-STT14,grade6_7,shared/raw_data/HNMU-teacher_dialog_samples/Lớp 6.xlsx,99,4,each_tutor_turn,[]
BC-HNMU-G6-R0099-STT14-AI06,HNMU-G6-R0099-STT14,grade6_7,shared/raw_data/HNMU-teacher_dialog_samples/Lớp 6.xlsx,99,6,each_tutor_turn,[]
BC-HNMU-G6-R0114-STT1-AI02,HNMU-G6-R0114-STT1,grade6_7,shared/raw_data/HNMU-teacher_dialog_samples/Lớp 6.xlsx,114,2,each_tutor_turn,[]
BC-HNMU-G6-R0114-STT1-AI04,HNMU-G6-R0114-STT1,grade6_7,shared/raw_data/HNMU-teacher_dialog_samples/Lớp 6.xlsx,114,4,each_tutor_turn,[]
BC-HNMU-G6-R0116-STT3-AI02,HNMU-G6-R0116-STT3,grade6_7,shared/raw_data/HNMU-teacher_dialog_samples/Lớp 6.xlsx,116,2,each_tutor_turn,[]
BC-HNMU-G6-R0116-STT3-AI04,HNMU-G6-R0116-STT3,grade6_7,shared/raw_data/HNMU-teacher_dialog_samples/Lớp 6.xlsx,116,4,each_tutor_turn,[]
BC-HNMU-G6-R0117-STT4-AI02,HNMU-G6-R0117-STT4,grade6_7,shared/raw_data/HNMU-teacher_dialog_samples/Lớp 6.xlsx,117,2,each_tutor_turn,[]
BC-HNMU-G6-R0117-STT4-AI04,HNMU-G6-R0117-STT4,grade6_7,shared/raw_data/HNMU-teacher_dialog_samples/Lớp 6.xlsx,117,4,each_tutor_turn,[]
BC-HNMU-G6-R0118-STT5-AI02,HNMU-G6-R0118-STT5,grade6_7,shared/raw_data/HNMU-teacher_dialog_samples/Lớp 6.xlsx,118,2,each_tutor_turn,[]
BC-HNMU-G6-R0118-STT5-AI04,HNMU-G6-R0118-STT5,grade6_7,shared/raw_data/HNMU-teacher_dialog_samples/Lớp 6.xlsx,118,4,each_tutor_turn,[]
BC-HNMU-G6-R0119-STT6-AI02,HNMU-G6-R0119-STT6,grade6_7,shared/raw_data/HNMU-teacher_dialog_samples/Lớp 6.xlsx,119,2,each_tutor_turn,[]
BC-HNMU-G6-R0119-STT6-AI04,HNMU-G6-R0119-STT6,grade6_7,shared/raw_data/HNMU-teacher_dialog_samples/Lớp 6.xlsx,119,4,each_tutor_turn,[]
BC-HNMU-G6-R0120-STT7-AI02,HNMU-G6-R0120-STT7,grade6_7,shared/raw_data/HNMU-teacher_dialog_samples/Lớp 6.xlsx,120,2,each_tutor_turn,[]
BC-HNMU-G6-R0120-STT7-AI04,HNMU-G6-R0120-STT7,grade6_7,shared/raw_data/HNMU-teacher_dialog_samples/Lớp 6.xlsx,120,4,each_tutor_turn,[]
BC-HNMU-G6-R0124-STT11-AI02,HNMU-G6-R0124-STT11,grade6_7,shared/raw_data/HNMU-teacher_dialog_samples/Lớp 6.xlsx,124,2,each_tutor_turn,[]
BC-HNMU-G6-R0124-STT11-AI04,HNMU-G6-R0124-STT11,grade6_7,shared/raw_data/HNMU-teacher_dialog_samples/Lớp 6.xlsx,124,4,each_tutor_turn,[]
BC-HNMU-G6-R0130-STT3-AI02,HNMU-G6-R0130-STT3,grade6_7,shared/raw_data/HNMU-teacher_dialog_samples/Lớp 6.xlsx,130,2,each_tutor_turn,[]
BC-HNMU-G6-R0130-STT3-AI04,HNMU-G6-R0130-STT3,grade6_7,shared/raw_data/HNMU-teacher_dialog_samples/Lớp 6.xlsx,130,4,each_tutor_turn,[]
BC-HNMU-G6-R0130-STT3-AI06,HNMU-G6-R0130-STT3,grade6_7,shared/raw_data/HNMU-teacher_dialog_samples/Lớp 6.xlsx,130,6,each_tutor_turn,[]
BC-HNMU-G6-R0137-STT10-AI02,HNMU-G6-R0137-STT10,grade6_7,shared/raw_data/HNMU-teacher_dialog_samples/Lớp 6.xlsx,137,2,each_tutor_turn,[]
BC-HNMU-G6-R0137-STT10-AI04,HNMU-G6-R0137-STT10,grade6_7,shared/raw_data/HNMU-teacher_dialog_samples/Lớp 6.xlsx,137,4,each_tutor_turn,[]
BC-HNMU-G6-R0139-STT12-AI02,HNMU-G6-R0139-STT12,grade6_7,shared/raw_data/HNMU-teacher_dialog_samples/Lớp 6.xlsx,139,2,each_tutor_turn,[]
BC-HNMU-G6-R0139-STT12-AI04,HNMU-G6-R0139-STT12,grade6_7,shared/raw_data/HNMU-teacher_dialog_samples/Lớp 6.xlsx,139,4,each_tutor_turn,[]
BC-HNMU-G6-R0140-STT13-AI02,HNMU-G6-R0140-STT13,grade6_7,shared/raw_data/HNMU-teacher_dialog_samples/Lớp 6.xlsx,140,2,each_tutor_turn,[]
BC-HNMU-G6-R0140-STT13-AI04,HNMU-G6-R0140-STT13,grade6_7,shared/raw_data/HNMU-teacher_dialog_samples/Lớp 6.xlsx,140,4,each_tutor_turn,[]
BC-HNMU-G6-R0141-STT14-AI02,HNMU-G6-R0141-STT14,grade6_7,shared/raw_data/HNMU-teacher_dialog_samples/Lớp 6.xlsx,141,2,each_tutor_turn,[]
BC-HNMU-G6-R0141-STT14-AI04,HNMU-G6-R0141-STT14,grade6_7,shared/raw_data/HNMU-teacher_dialog_samples/Lớp 6.xlsx,141,4,each_tutor_turn,[]
BC-HNMU-G6-R0142-STT1-AI02,HNMU-G6-R0142-STT1,grade6_7,shared/raw_data/HNMU-teacher_dialog_samples/Lớp 6.xlsx,142,2,each_tutor_turn,[]
BC-HNMU-G6-R0142-STT1-AI04,HNMU-G6-R0142-STT1,grade6_7,shared/raw_data/HNMU-teacher_dialog_samples/Lớp 6.xlsx,142,4,each_tutor_turn,[]
BC-HNMU-G6-R0142-STT1-AI06,HNMU-G6-R0142-STT1,grade6_7,shared/raw_data/HNMU-teacher_dialog_samples/Lớp 6.xlsx,142,6,each_tutor_turn,[]
BC-HNMU-G6-R0143-STT2-AI02,HNMU-G6-R0143-STT2,grade6_7,shared/raw_data/HNMU-teacher_dialog_samples/Lớp 6.xlsx,143,2,each_tutor_turn,[]
BC-HNMU-G6-R0143-STT2-AI04,HNMU-G6-R0143-STT2,grade6_7,shared/raw_data/HNMU-teacher_dialog_samples/Lớp 6.xlsx,143,4,each_tutor_turn,[]
BC-HNMU-G6-R0143-STT2-AI06,HNMU-G6-R0143-STT2,grade6_7,shared/raw_data/HNMU-teacher_dialog_samples/Lớp 6.xlsx,143,6,each_tutor_turn,[]
BC-HNMU-G6-R0144-STT3-AI02,HNMU-G6-R0144-STT3,grade6_7,shared/raw_data/HNMU-teacher_dialog_samples/Lớp 6.xlsx,144,2,each_tutor_turn,[]
BC-HNMU-G6-R0144-STT3-AI04,HNMU-G6-R0144-STT3,grade6_7,shared/raw_data/HNMU-teacher_dialog_samples/Lớp 6.xlsx,144,4,each_tutor_turn,[]
BC-HNMU-G6-R0145-STT4-AI02,HNMU-G6-R0145-STT4,grade6_7,shared/raw_data/HNMU-teacher_dialog_samples/Lớp 6.xlsx,145,2,each_tutor_turn,[]
BC-HNMU-G6-R0145-STT4-AI04,HNMU-G6-R0145-STT4,grade6_7,shared/raw_data/HNMU-teacher_dialog_samples/Lớp 6.xlsx,145,4,each_tutor_turn,[]
BC-HNMU-G6-R0145-STT4-AI06,HNMU-G6-R0145-STT4,grade6_7,shared/raw_data/HNMU-teacher_dialog_samples/Lớp 6.xlsx,145,6,each_tutor_turn,[]
BC-HNMU-G6-R0146-STT5-AI02,HNMU-G6-R0146-STT5,grade6_7,shared/raw_data/HNMU-teacher_dialog_samples/Lớp 6.xlsx,146,2,each_tutor_turn,[]
BC-HNMU-G6-R0146-STT5-AI04,HNMU-G6-R0146-STT5,grade6_7,shared/raw_data/HNMU-teacher_dialog_samples/Lớp 6.xlsx,146,4,each_tutor_turn,[]
BC-HNMU-G6-R0146-STT5-AI06,HNMU-G6-R0146-STT5,grade6_7,shared/raw_data/HNMU-teacher_dialog_samples/Lớp 6.xlsx,146,6,each_tutor_turn,[]
BC-HNMU-G6-R0147-STT6-AI02,HNMU-G6-R0147-STT6,grade6_7,shared/raw_data/HNMU-teacher_dialog_samples/Lớp 6.xlsx,147,2,each_tutor_turn,[]
BC-HNMU-G6-R0147-STT6-AI04,HNMU-G6-R0147-STT6,grade6_7,shared/raw_data/HNMU-teacher_dialog_samples/Lớp 6.xlsx,147,4,each_tutor_turn,[]
BC-HNMU-G6-R0147-STT6-AI06,HNMU-G6-R0147-STT6,grade6_7,shared/raw_data/HNMU-teacher_dialog_samples/Lớp 6.xlsx,147,6,each_tutor_turn,[]
BC-HNMU-G6-R0149-STT8-AI02,HNMU-G6-R0149-STT8,grade6_7,shared/raw_data/HNMU-teacher_dialog_samples/Lớp 6.xlsx,149,2,each_tutor_turn,[]
BC-HNMU-G6-R0149-STT8-AI04,HNMU-G6-R0149-STT8,grade6_7,shared/raw_data/HNMU-teacher_dialog_samples/Lớp 6.xlsx,149,4,each_tutor_turn,[]
BC-HNMU-G6-R0149-STT8-AI06,HNMU-G6-R0149-STT8,grade6_7,shared/raw_data/HNMU-teacher_dialog_samples/Lớp 6.xlsx,149,6,each_tutor_turn,[]
BC-HNMU-G6-R0151-STT10-AI02,HNMU-G6-R0151-STT10,grade6_7,shared/raw_data/HNMU-teacher_dialog_samples/Lớp 6.xlsx,151,2,each_tutor_turn,[]
BC-HNMU-G6-R0151-STT10-AI04,HNMU-G6-R0151-STT10,grade6_7,shared/raw_data/HNMU-teacher_dialog_samples/Lớp 6.xlsx,151,4,each_tutor_turn,[]
BC-HNMU-G6-R0151-STT10-AI06,HNMU-G6-R0151-STT10,grade6_7,shared/raw_data/HNMU-teacher_dialog_samples/Lớp 6.xlsx,151,6,each_tutor_turn,[]
BC-HNMU-G6-R0152-STT11-AI02,HNMU-G6-R0152-STT11,grade6_7,shared/raw_data/HNMU-teacher_dialog_samples/Lớp 6.xlsx,152,2,each_tutor_turn,[]
BC-HNMU-G6-R0152-STT11-AI04,HNMU-G6-R0152-STT11,grade6_7,shared/raw_data/HNMU-teacher_dialog_samples/Lớp 6.xlsx,152,4,each_tutor_turn,[]
BC-HNMU-G6-R0152-STT11-AI06,HNMU-G6-R0152-STT11,grade6_7,shared/raw_data/HNMU-teacher_dialog_samples/Lớp 6.xlsx,152,6,each_tutor_turn,[]
BC-HNMU-G6-R0153-STT12-AI02,HNMU-G6-R0153-STT12,grade6_7,shared/raw_data/HNMU-teacher_dialog_samples/Lớp 6.xlsx,153,2,each_tutor_turn,[]
BC-HNMU-G6-R0153-STT12-AI04,HNMU-G6-R0153-STT12,grade6_7,shared/raw_data/HNMU-teacher_dialog_samples/Lớp 6.xlsx,153,4,each_tutor_turn,[]
BC-HNMU-G6-R0153-STT12-AI06,HNMU-G6-R0153-STT12,grade6_7,shared/raw_data/HNMU-teacher_dialog_samples/Lớp 6.xlsx,153,6,each_tutor_turn,[]
BC-HNMU-G6-R0154-STT13-AI02,HNMU-G6-R0154-STT13,grade6_7,shared/raw_data/HNMU-teacher_dialog_samples/Lớp 6.xlsx,154,2,each_tutor_turn,[]
BC-HNMU-G6-R0154-STT13-AI04,HNMU-G6-R0154-STT13,grade6_7,shared/raw_data/HNMU-teacher_dialog_samples/Lớp 6.xlsx,154,4,each_tutor_turn,[]
BC-HNMU-G6-R0154-STT13-AI06,HNMU-G6-R0154-STT13,grade6_7,shared/raw_data/HNMU-teacher_dialog_samples/Lớp 6.xlsx,154,6,each_tutor_turn,[]
BC-HNMU-G6-R0170-STT1-AI02,HNMU-G6-R0170-STT1,grade6_7,shared/raw_data/HNMU-teacher_dialog_samples/Lớp 6.xlsx,170,2,each_tutor_turn,[]
BC-HNMU-G6-R0170-STT1-AI04,HNMU-G6-R0170-STT1,grade6_7,shared/raw_data/HNMU-teacher_dialog_samples/Lớp 6.xlsx,170,4,each_tutor_turn,[]
BC-HNMU-G6-R0170-STT1-AI06,HNMU-G6-R0170-STT1,grade6_7,shared/raw_data/HNMU-teacher_dialog_samples/Lớp 6.xlsx,170,6,each_tutor_turn,[]
BC-HNMU-G6-R0171-STT2-AI02,HNMU-G6-R0171-STT2,grade6_7,shared/raw_data/HNMU-teacher_dialog_samples/Lớp 6.xlsx,171,2,each_tutor_turn,[]
BC-HNMU-G6-R0171-STT2-AI04,HNMU-G6-R0171-STT2,grade6_7,shared/raw_data/HNMU-teacher_dialog_samples/Lớp 6.xlsx,171,4,each_tutor_turn,[]
BC-HNMU-G6-R0171-STT2-AI06,HNMU-G6-R0171-STT2,grade6_7,shared/raw_data/HNMU-teacher_dialog_samples/Lớp 6.xlsx,171,6,each_tutor_turn,[]
BC-HNMU-G6-R0172-STT3-AI02,HNMU-G6-R0172-STT3,grade6_7,shared/raw_data/HNMU-teacher_dialog_samples/Lớp 6.xlsx,172,2,each_tutor_turn,[]
BC-HNMU-G6-R0172-STT3-AI04,HNMU-G6-R0172-STT3,grade6_7,shared/raw_data/HNMU-teacher_dialog_samples/Lớp 6.xlsx,172,4,each_tutor_turn,[]
BC-HNMU-G6-R0172-STT3-AI06,HNMU-G6-R0172-STT3,grade6_7,shared/raw_data/HNMU-teacher_dialog_samples/Lớp 6.xlsx,172,6,each_tutor_turn,[]
BC-HNMU-G6-R0173-STT4-AI02,HNMU-G6-R0173-STT4,grade6_7,shared/raw_data/HNMU-teacher_dialog_samples/Lớp 6.xlsx,173,2,each_tutor_turn,[]
BC-HNMU-G6-R0173-STT4-AI04,HNMU-G6-R0173-STT4,grade6_7,shared/raw_data/HNMU-teacher_dialog_samples/Lớp 6.xlsx,173,4,each_tutor_turn,[]
BC-HNMU-G6-R0173-STT4-AI06,HNMU-G6-R0173-STT4,grade6_7,shared/raw_data/HNMU-teacher_dialog_samples/Lớp 6.xlsx,173,6,each_tutor_turn,[]
BC-HNMU-G6-R0174-STT5-AI02,HNMU-G6-R0174-STT5,grade6_7,shared/raw_data/HNMU-teacher_dialog_samples/Lớp 6.xlsx,174,2,each_tutor_turn,[]
BC-HNMU-G6-R0174-STT5-AI04,HNMU-G6-R0174-STT5,grade6_7,shared/raw_data/HNMU-teacher_dialog_samples/Lớp 6.xlsx,174,4,each_tutor_turn,[]
BC-HNMU-G6-R0174-STT5-AI06,HNMU-G6-R0174-STT5,grade6_7,shared/raw_data/HNMU-teacher_dialog_samples/Lớp 6.xlsx,174,6,each_tutor_turn,[]
BC-HNMU-G6-R0175-STT6-AI02,HNMU-G6-R0175-STT6,grade6_7,shared/raw_data/HNMU-teacher_dialog_samples/Lớp 6.xlsx,175,2,each_tutor_turn,[]
BC-HNMU-G6-R0175-STT6-AI04,HNMU-G6-R0175-STT6,grade6_7,shared/raw_data/HNMU-teacher_dialog_samples/Lớp 6.xlsx,175,4,each_tutor_turn,[]
BC-HNMU-G6-R0175-STT6-AI06,HNMU-G6-R0175-STT6,grade6_7,shared/raw_data/HNMU-teacher_dialog_samples/Lớp 6.xlsx,175,6,each_tutor_turn,[]
BC-HNMU-G6-R0176-STT7-AI02,HNMU-G6-R0176-STT7,grade6_7,shared/raw_data/HNMU-teacher_dialog_samples/Lớp 6.xlsx,176,2,each_tutor_turn,[]
BC-HNMU-G6-R0176-STT7-AI04,HNMU-G6-R0176-STT7,grade6_7,shared/raw_data/HNMU-teacher_dialog_samples/Lớp 6.xlsx,176,4,each_tutor_turn,[]
BC-HNMU-G6-R0176-STT7-AI06,HNMU-G6-R0176-STT7,grade6_7,shared/raw_data/HNMU-teacher_dialog_samples/Lớp 6.xlsx,176,6,each_tutor_turn,[]
BC-HNMU-G6-R0176-STT7-AI08,HNMU-G6-R0176-STT7,grade6_7,shared/raw_data/HNMU-teacher_dialog_samples/Lớp 6.xlsx,176,8,each_tutor_turn,[]
BC-HNMU-G6-R0178-STT9-AI02,HNMU-G6-R0178-STT9,grade6_7,shared/raw_data/HNMU-teacher_dialog_samples/Lớp 6.xlsx,178,2,each_tutor_turn,[]
BC-HNMU-G6-R0178-STT9-AI04,HNMU-G6-R0178-STT9,grade6_7,shared/raw_data/HNMU-teacher_dialog_samples/Lớp 6.xlsx,178,4,each_tutor_turn,[]
BC-HNMU-G6-R0178-STT9-AI06,HNMU-G6-R0178-STT9,grade6_7,shared/raw_data/HNMU-teacher_dialog_samples/Lớp 6.xlsx,178,6,each_tutor_turn,[]
BC-HNMU-G6-R0179-STT10-AI02,HNMU-G6-R0179-STT10,grade6_7,shared/raw_data/HNMU-teacher_dialog_samples/Lớp 6.xlsx,179,2,each_tutor_turn,[]
BC-HNMU-G6-R0179-STT10-AI04,HNMU-G6-R0179-STT10,grade6_7,shared/raw_data/HNMU-teacher_dialog_samples/Lớp 6.xlsx,179,4,each_tutor_turn,[]
BC-HNMU-G6-R0179-STT10-AI06,HNMU-G6-R0179-STT10,grade6_7,shared/raw_data/HNMU-teacher_dialog_samples/Lớp 6.xlsx,179,6,each_tutor_turn,[]
BC-HNMU-G6-R0180-STT11-AI02,HNMU-G6-R0180-STT11,grade6_7,shared/raw_data/HNMU-teacher_dialog_samples/Lớp 6.xlsx,180,2,each_tutor_turn,[]
BC-HNMU-G6-R0180-STT11-AI04,HNMU-G6-R0180-STT11,grade6_7,shared/raw_data/HNMU-teacher_dialog_samples/Lớp 6.xlsx,180,4,each_tutor_turn,[]
BC-HNMU-G6-R0180-STT11-AI06,HNMU-G6-R0180-STT11,grade6_7,shared/raw_data/HNMU-teacher_dialog_samples/Lớp 6.xlsx,180,6,each_tutor_turn,[]
BC-HNMU-G6-R0181-STT12-AI02,HNMU-G6-R0181-STT12,grade6_7,shared/raw_data/HNMU-teacher_dialog_samples/Lớp 6.xlsx,181,2,each_tutor_turn,[]
BC-HNMU-G6-R0181-STT12-AI04,HNMU-G6-R0181-STT12,grade6_7,shared/raw_data/HNMU-teacher_dialog_samples/Lớp 6.xlsx,181,4,each_tutor_turn,[]
BC-HNMU-G6-R0181-STT12-AI06,HNMU-G6-R0181-STT12,grade6_7,shared/raw_data/HNMU-teacher_dialog_samples/Lớp 6.xlsx,181,6,each_tutor_turn,[]
BC-HNMU-G6-R0181-STT12-AI08,HNMU-G6-R0181-STT12,grade6_7,shared/raw_data/HNMU-teacher_dialog_samples/Lớp 6.xlsx,181,8,each_tutor_turn,[]
BC-HNMU-G6-R0182-STT13-AI02,HNMU-G6-R0182-STT13,grade6_7,shared/raw_data/HNMU-teacher_dialog_samples/Lớp 6.xlsx,182,2,each_tutor_turn,[]
BC-HNMU-G6-R0182-STT13-AI04,HNMU-G6-R0182-STT13,grade6_7,shared/raw_data/HNMU-teacher_dialog_samples/Lớp 6.xlsx,182,4,each_tutor_turn,[]
BC-HNMU-G6-R0182-STT13-AI06,HNMU-G6-R0182-STT13,grade6_7,shared/raw_data/HNMU-teacher_dialog_samples/Lớp 6.xlsx,182,6,each_tutor_turn,[]
BC-HNMU-G6-R0184-STT1-AI02,HNMU-G6-R0184-STT1,grade6_7,shared/raw_data/HNMU-teacher_dialog_samples/Lớp 6.xlsx,184,2,each_tutor_turn,[]
BC-HNMU-G6-R0184-STT1-AI04,HNMU-G6-R0184-STT1,grade6_7,shared/raw_data/HNMU-teacher_dialog_samples/Lớp 6.xlsx,184,4,each_tutor_turn,[]
BC-HNMU-G6-R0185-STT2-AI02,HNMU-G6-R0185-STT2,grade6_7,shared/raw_data/HNMU-teacher_dialog_samples/Lớp 6.xlsx,185,2,each_tutor_turn,[]
BC-HNMU-G6-R0185-STT2-AI04,HNMU-G6-R0185-STT2,grade6_7,shared/raw_data/HNMU-teacher_dialog_samples/Lớp 6.xlsx,185,4,each_tutor_turn,[]
BC-HNMU-G6-R0186-STT3-AI02,HNMU-G6-R0186-STT3,grade6_7,shared/raw_data/HNMU-teacher_dialog_samples/Lớp 6.xlsx,186,2,each_tutor_turn,[]
BC-HNMU-G6-R0186-STT3-AI04,HNMU-G6-R0186-STT3,grade6_7,shared/raw_data/HNMU-teacher_dialog_samples/Lớp 6.xlsx,186,4,each_tutor_turn,[]
BC-HNMU-G6-R0187-STT4-AI02,HNMU-G6-R0187-STT4,grade6_7,shared/raw_data/HNMU-teacher_dialog_samples/Lớp 6.xlsx,187,2,each_tutor_turn,[]
BC-HNMU-G6-R0187-STT4-AI04,HNMU-G6-R0187-STT4,grade6_7,shared/raw_data/HNMU-teacher_dialog_samples/Lớp 6.xlsx,187,4,each_tutor_turn,[]
BC-HNMU-G6-R0188-STT5-AI02,HNMU-G6-R0188-STT5,grade6_7,shared/raw_data/HNMU-teacher_dialog_samples/Lớp 6.xlsx,188,2,each_tutor_turn,[]
BC-HNMU-G6-R0188-STT5-AI04,HNMU-G6-R0188-STT5,grade6_7,shared/raw_data/HNMU-teacher_dialog_samples/Lớp 6.xlsx,188,4,each_tutor_turn,[]
BC-HNMU-G6-R0192-STT9-AI02,HNMU-G6-R0192-STT9,grade6_7,shared/raw_data/HNMU-teacher_dialog_samples/Lớp 6.xlsx,192,2,each_tutor_turn,[]
BC-HNMU-G6-R0192-STT9-AI04,HNMU-G6-R0192-STT9,grade6_7,shared/raw_data/HNMU-teacher_dialog_samples/Lớp 6.xlsx,192,4,each_tutor_turn,[]
BC-HNMU-G6-R0193-STT10-AI02,HNMU-G6-R0193-STT10,grade6_7,shared/raw_data/HNMU-teacher_dialog_samples/Lớp 6.xlsx,193,2,each_tutor_turn,[]
BC-HNMU-G6-R0193-STT10-AI04,HNMU-G6-R0193-STT10,grade6_7,shared/raw_data/HNMU-teacher_dialog_samples/Lớp 6.xlsx,193,4,each_tutor_turn,[]
BC-HNMU-G6-R0195-STT12-AI02,HNMU-G6-R0195-STT12,grade6_7,shared/raw_data/HNMU-teacher_dialog_samples/Lớp 6.xlsx,195,2,each_tutor_turn,[]
BC-HNMU-G6-R0195-STT12-AI04,HNMU-G6-R0195-STT12,grade6_7,shared/raw_data/HNMU-teacher_dialog_samples/Lớp 6.xlsx,195,4,each_tutor_turn,[]
BC-HNMU-G6-R0197-STT14-AI02,HNMU-G6-R0197-STT14,grade6_7,shared/raw_data/HNMU-teacher_dialog_samples/Lớp 6.xlsx,197,2,each_tutor_turn,[]
BC-HNMU-G6-R0197-STT14-AI04,HNMU-G6-R0197-STT14,grade6_7,shared/raw_data/HNMU-teacher_dialog_samples/Lớp 6.xlsx,197,4,each_tutor_turn,[]
BC-HNMU-G6-R0213-STT2-AI02,HNMU-G6-R0213-STT2,grade6_7,shared/raw_data/HNMU-teacher_dialog_samples/Lớp 6.xlsx,213,2,each_tutor_turn,[]
BC-HNMU-G6-R0213-STT2-AI04,HNMU-G6-R0213-STT2,grade6_7,shared/raw_data/HNMU-teacher_dialog_samples/Lớp 6.xlsx,213,4,each_tutor_turn,[]
BC-HNMU-G6-R0213-STT2-AI06,HNMU-G6-R0213-STT2,grade6_7,shared/raw_data/HNMU-teacher_dialog_samples/Lớp 6.xlsx,213,6,each_tutor_turn,[]
BC-HNMU-G6-R0214-STT3-AI02,HNMU-G6-R0214-STT3,grade6_7,shared/raw_data/HNMU-teacher_dialog_samples/Lớp 6.xlsx,214,2,each_tutor_turn,[]
BC-HNMU-G6-R0214-STT3-AI04,HNMU-G6-R0214-STT3,grade6_7,shared/raw_data/HNMU-teacher_dialog_samples/Lớp 6.xlsx,214,4,each_tutor_turn,[]
BC-HNMU-G6-R0214-STT3-AI06,HNMU-G6-R0214-STT3,grade6_7,shared/raw_data/HNMU-teacher_dialog_samples/Lớp 6.xlsx,214,6,each_tutor_turn,[]
BC-HNMU-G6-R0215-STT4-AI02,HNMU-G6-R0215-STT4,grade6_7,shared/raw_data/HNMU-teacher_dialog_samples/Lớp 6.xlsx,215,2,each_tutor_turn,[]
BC-HNMU-G6-R0215-STT4-AI04,HNMU-G6-R0215-STT4,grade6_7,shared/raw_data/HNMU-teacher_dialog_samples/Lớp 6.xlsx,215,4,each_tutor_turn,[]
BC-HNMU-G6-R0215-STT4-AI06,HNMU-G6-R0215-STT4,grade6_7,shared/raw_data/HNMU-teacher_dialog_samples/Lớp 6.xlsx,215,6,each_tutor_turn,[]
BC-HNMU-G6-R0216-STT5-AI02,HNMU-G6-R0216-STT5,grade6_7,shared/raw_data/HNMU-teacher_dialog_samples/Lớp 6.xlsx,216,2,each_tutor_turn,[]
BC-HNMU-G6-R0216-STT5-AI04,HNMU-G6-R0216-STT5,grade6_7,shared/raw_data/HNMU-teacher_dialog_samples/Lớp 6.xlsx,216,4,each_tutor_turn,[]
BC-HNMU-G6-R0216-STT5-AI06,HNMU-G6-R0216-STT5,grade6_7,shared/raw_data/HNMU-teacher_dialog_samples/Lớp 6.xlsx,216,6,each_tutor_turn,[]
BC-HNMU-G6-R0217-STT6-AI02,HNMU-G6-R0217-STT6,grade6_7,shared/raw_data/HNMU-teacher_dialog_samples/Lớp 6.xlsx,217,2,each_tutor_turn,[]
BC-HNMU-G6-R0217-STT6-AI04,HNMU-G6-R0217-STT6,grade6_7,shared/raw_data/HNMU-teacher_dialog_samples/Lớp 6.xlsx,217,4,each_tutor_turn,[]
BC-HNMU-G6-R0217-STT6-AI06,HNMU-G6-R0217-STT6,grade6_7,shared/raw_data/HNMU-teacher_dialog_samples/Lớp 6.xlsx,217,6,each_tutor_turn,[]
BC-HNMU-G6-R0219-STT8-AI02,HNMU-G6-R0219-STT8,grade6_7,shared/raw_data/HNMU-teacher_dialog_samples/Lớp 6.xlsx,219,2,each_tutor_turn,[]
BC-HNMU-G6-R0219-STT8-AI04,HNMU-G6-R0219-STT8,grade6_7,shared/raw_data/HNMU-teacher_dialog_samples/Lớp 6.xlsx,219,4,each_tutor_turn,[]
BC-HNMU-G6-R0219-STT8-AI06,HNMU-G6-R0219-STT8,grade6_7,shared/raw_data/HNMU-teacher_dialog_samples/Lớp 6.xlsx,219,6,each_tutor_turn,[]
BC-HNMU-G6-R0220-STT9-AI02,HNMU-G6-R0220-STT9,grade6_7,shared/raw_data/HNMU-teacher_dialog_samples/Lớp 6.xlsx,220,2,each_tutor_turn,[]
BC-HNMU-G6-R0220-STT9-AI04,HNMU-G6-R0220-STT9,grade6_7,shared/raw_data/HNMU-teacher_dialog_samples/Lớp 6.xlsx,220,4,each_tutor_turn,[]
BC-HNMU-G6-R0220-STT9-AI06,HNMU-G6-R0220-STT9,grade6_7,shared/raw_data/HNMU-teacher_dialog_samples/Lớp 6.xlsx,220,6,each_tutor_turn,[]
BC-HNMU-G6-R0221-STT10-AI02,HNMU-G6-R0221-STT10,grade6_7,shared/raw_data/HNMU-teacher_dialog_samples/Lớp 6.xlsx,221,2,each_tutor_turn,[]
BC-HNMU-G6-R0221-STT10-AI04,HNMU-G6-R0221-STT10,grade6_7,shared/raw_data/HNMU-teacher_dialog_samples/Lớp 6.xlsx,221,4,each_tutor_turn,[]
BC-HNMU-G6-R0221-STT10-AI06,HNMU-G6-R0221-STT10,grade6_7,shared/raw_data/HNMU-teacher_dialog_samples/Lớp 6.xlsx,221,6,each_tutor_turn,[]
BC-HNMU-G6-R0222-STT11-AI02,HNMU-G6-R0222-STT11,grade6_7,shared/raw_data/HNMU-teacher_dialog_samples/Lớp 6.xlsx,222,2,each_tutor_turn,[]
BC-HNMU-G6-R0222-STT11-AI04,HNMU-G6-R0222-STT11,grade6_7,shared/raw_data/HNMU-teacher_dialog_samples/Lớp 6.xlsx,222,4,each_tutor_turn,[]
BC-HNMU-G6-R0222-STT11-AI06,HNMU-G6-R0222-STT11,grade6_7,shared/raw_data/HNMU-teacher_dialog_samples/Lớp 6.xlsx,222,6,each_tutor_turn,[]
BC-HNMU-G6-R0223-STT12-AI02,HNMU-G6-R0223-STT12,grade6_7,shared/raw_data/HNMU-teacher_dialog_samples/Lớp 6.xlsx,223,2,each_tutor_turn,[]
BC-HNMU-G6-R0223-STT12-AI04,HNMU-G6-R0223-STT12,grade6_7,shared/raw_data/HNMU-teacher_dialog_samples/Lớp 6.xlsx,223,4,each_tutor_turn,[]
BC-HNMU-G6-R0223-STT12-AI06,HNMU-G6-R0223-STT12,grade6_7,shared/raw_data/HNMU-teacher_dialog_samples/Lớp 6.xlsx,223,6,each_tutor_turn,[]
BC-HNMU-G6-R0224-STT13-AI02,HNMU-G6-R0224-STT13,grade6_7,shared/raw_data/HNMU-teacher_dialog_samples/Lớp 6.xlsx,224,2,each_tutor_turn,[]
BC-HNMU-G6-R0224-STT13-AI04,HNMU-G6-R0224-STT13,grade6_7,shared/raw_data/HNMU-teacher_dialog_samples/Lớp 6.xlsx,224,4,each_tutor_turn,[]
BC-HNMU-G6-R0224-STT13-AI06,HNMU-G6-R0224-STT13,grade6_7,shared/raw_data/HNMU-teacher_dialog_samples/Lớp 6.xlsx,224,6,each_tutor_turn,[]
BC-HNMU-G6-R0226-STT1-AI02,HNMU-G6-R0226-STT1,grade6_7,shared/raw_data/HNMU-teacher_dialog_samples/Lớp 6.xlsx,226,2,each_tutor_turn,[]
BC-HNMU-G6-R0226-STT1-AI04,HNMU-G6-R0226-STT1,grade6_7,shared/raw_data/HNMU-teacher_dialog_samples/Lớp 6.xlsx,226,4,each_tutor_turn,[]
BC-HNMU-G6-R0226-STT1-AI06,HNMU-G6-R0226-STT1,grade6_7,shared/raw_data/HNMU-teacher_dialog_samples/Lớp 6.xlsx,226,6,each_tutor_turn,[]
BC-HNMU-G6-R0227-STT2-AI02,HNMU-G6-R0227-STT2,grade6_7,shared/raw_data/HNMU-teacher_dialog_samples/Lớp 6.xlsx,227,2,each_tutor_turn,[]
BC-HNMU-G6-R0227-STT2-AI04,HNMU-G6-R0227-STT2,grade6_7,shared/raw_data/HNMU-teacher_dialog_samples/Lớp 6.xlsx,227,4,each_tutor_turn,[]
BC-HNMU-G6-R0227-STT2-AI06,HNMU-G6-R0227-STT2,grade6_7,shared/raw_data/HNMU-teacher_dialog_samples/Lớp 6.xlsx,227,6,each_tutor_turn,[]
BC-HNMU-G6-R0228-STT3-AI02,HNMU-G6-R0228-STT3,grade6_7,shared/raw_data/HNMU-teacher_dialog_samples/Lớp 6.xlsx,228,2,each_tutor_turn,[]
BC-HNMU-G6-R0228-STT3-AI04,HNMU-G6-R0228-STT3,grade6_7,shared/raw_data/HNMU-teacher_dialog_samples/Lớp 6.xlsx,228,4,each_tutor_turn,[]
BC-HNMU-G6-R0229-STT4-AI02,HNMU-G6-R0229-STT4,grade6_7,shared/raw_data/HNMU-teacher_dialog_samples/Lớp 6.xlsx,229,2,each_tutor_turn,[]
BC-HNMU-G6-R0229-STT4-AI04,HNMU-G6-R0229-STT4,grade6_7,shared/raw_data/HNMU-teacher_dialog_samples/Lớp 6.xlsx,229,4,each_tutor_turn,[]
BC-HNMU-G6-R0230-STT5-AI02,HNMU-G6-R0230-STT5,grade6_7,shared/raw_data/HNMU-teacher_dialog_samples/Lớp 6.xlsx,230,2,each_tutor_turn,[]
BC-HNMU-G6-R0230-STT5-AI04,HNMU-G6-R0230-STT5,grade6_7,shared/raw_data/HNMU-teacher_dialog_samples/Lớp 6.xlsx,230,4,each_tutor_turn,[]
BC-HNMU-G6-R0230-STT5-AI06,HNMU-G6-R0230-STT5,grade6_7,shared/raw_data/HNMU-teacher_dialog_samples/Lớp 6.xlsx,230,6,each_tutor_turn,[]
BC-HNMU-G6-R0231-STT6-AI02,HNMU-G6-R0231-STT6,grade6_7,shared/raw_data/HNMU-teacher_dialog_samples/Lớp 6.xlsx,231,2,each_tutor_turn,[]
BC-HNMU-G6-R0231-STT6-AI04,HNMU-G6-R0231-STT6,grade6_7,shared/raw_data/HNMU-teacher_dialog_samples/Lớp 6.xlsx,231,4,each_tutor_turn,[]
BC-HNMU-G6-R0231-STT6-AI06,HNMU-G6-R0231-STT6,grade6_7,shared/raw_data/HNMU-teacher_dialog_samples/Lớp 6.xlsx,231,6,each_tutor_turn,[]
BC-HNMU-G6-R0232-STT7-AI02,HNMU-G6-R0232-STT7,grade6_7,shared/raw_data/HNMU-teacher_dialog_samples/Lớp 6.xlsx,232,2,each_tutor_turn,[]
BC-HNMU-G6-R0232-STT7-AI04,HNMU-G6-R0232-STT7,grade6_7,shared/raw_data/HNMU-teacher_dialog_samples/Lớp 6.xlsx,232,4,each_tutor_turn,[]
BC-HNMU-G6-R0232-STT7-AI06,HNMU-G6-R0232-STT7,grade6_7,shared/raw_data/HNMU-teacher_dialog_samples/Lớp 6.xlsx,232,6,each_tutor_turn,[]
BC-HNMU-G6-R0233-STT8-AI02,HNMU-G6-R0233-STT8,grade6_7,shared/raw_data/HNMU-teacher_dialog_samples/Lớp 6.xlsx,233,2,each_tutor_turn,[]
BC-HNMU-G6-R0233-STT8-AI04,HNMU-G6-R0233-STT8,grade6_7,shared/raw_data/HNMU-teacher_dialog_samples/Lớp 6.xlsx,233,4,each_tutor_turn,[]
BC-HNMU-G6-R0233-STT8-AI06,HNMU-G6-R0233-STT8,grade6_7,shared/raw_data/HNMU-teacher_dialog_samples/Lớp 6.xlsx,233,6,each_tutor_turn,[]
BC-HNMU-G6-R0235-STT10-AI02,HNMU-G6-R0235-STT10,grade6_7,shared/raw_data/HNMU-teacher_dialog_samples/Lớp 6.xlsx,235,2,each_tutor_turn,[]
BC-HNMU-G6-R0235-STT10-AI04,HNMU-G6-R0235-STT10,grade6_7,shared/raw_data/HNMU-teacher_dialog_samples/Lớp 6.xlsx,235,4,each_tutor_turn,[]
BC-HNMU-G6-R0235-STT10-AI06,HNMU-G6-R0235-STT10,grade6_7,shared/raw_data/HNMU-teacher_dialog_samples/Lớp 6.xlsx,235,6,each_tutor_turn,[]
BC-HNMU-G6-R0236-STT11-AI02,HNMU-G6-R0236-STT11,grade6_7,shared/raw_data/HNMU-teacher_dialog_samples/Lớp 6.xlsx,236,2,each_tutor_turn,[]
BC-HNMU-G6-R0236-STT11-AI04,HNMU-G6-R0236-STT11,grade6_7,shared/raw_data/HNMU-teacher_dialog_samples/Lớp 6.xlsx,236,4,each_tutor_turn,[]
BC-HNMU-G6-R0236-STT11-AI06,HNMU-G6-R0236-STT11,grade6_7,shared/raw_data/HNMU-teacher_dialog_samples/Lớp 6.xlsx,236,6,each_tutor_turn,[]
BC-HNMU-G6-R0237-STT12-AI02,HNMU-G6-R0237-STT12,grade6_7,shared/raw_data/HNMU-teacher_dialog_samples/Lớp 6.xlsx,237,2,each_tutor_turn,[]
BC-HNMU-G6-R0237-STT12-AI04,HNMU-G6-R0237-STT12,grade6_7,shared/raw_data/HNMU-teacher_dialog_samples/Lớp 6.xlsx,237,4,each_tutor_turn,[]
BC-HNMU-G6-R0237-STT12-AI06,HNMU-G6-R0237-STT12,grade6_7,shared/raw_data/HNMU-teacher_dialog_samples/Lớp 6.xlsx,237,6,each_tutor_turn,[]
BC-HNMU-G6-R0238-STT13-AI02,HNMU-G6-R0238-STT13,grade6_7,shared/raw_data/HNMU-teacher_dialog_samples/Lớp 6.xlsx,238,2,each_tutor_turn,[]
BC-HNMU-G6-R0238-STT13-AI04,HNMU-G6-R0238-STT13,grade6_7,shared/raw_data/HNMU-teacher_dialog_samples/Lớp 6.xlsx,238,4,each_tutor_turn,[]
BC-HNMU-G6-R0238-STT13-AI06,HNMU-G6-R0238-STT13,grade6_7,shared/raw_data/HNMU-teacher_dialog_samples/Lớp 6.xlsx,238,6,each_tutor_turn,[]
BC-HNMU-G6-R0239-STT14-AI02,HNMU-G6-R0239-STT14,grade6_7,shared/raw_data/HNMU-teacher_dialog_samples/Lớp 6.xlsx,239,2,each_tutor_turn,[]
BC-HNMU-G6-R0239-STT14-AI04,HNMU-G6-R0239-STT14,grade6_7,shared/raw_data/HNMU-teacher_dialog_samples/Lớp 6.xlsx,239,4,each_tutor_turn,[]
BC-HNMU-G6-R0239-STT14-AI06,HNMU-G6-R0239-STT14,grade6_7,shared/raw_data/HNMU-teacher_dialog_samples/Lớp 6.xlsx,239,6,each_tutor_turn,[]
BC-HNMU-G6-R0239-STT14-AI08,HNMU-G6-R0239-STT14,grade6_7,shared/raw_data/HNMU-teacher_dialog_samples/Lớp 6.xlsx,239,8,each_tutor_turn,[]
BC-HNMU-G7-R0002-STT1-AI02,HNMU-G7-R0002-STT1,grade6_7,shared/raw_data/HNMU-teacher_dialog_samples/Lớp 7.xlsx,2,2,each_tutor_turn,[]
BC-HNMU-G7-R0002-STT1-AI04,HNMU-G7-R0002-STT1,grade6_7,shared/raw_data/HNMU-teacher_dialog_samples/Lớp 7.xlsx,2,4,each_tutor_turn,[]
BC-HNMU-G7-R0002-STT1-AI06,HNMU-G7-R0002-STT1,grade6_7,shared/raw_data/HNMU-teacher_dialog_samples/Lớp 7.xlsx,2,6,each_tutor_turn,[]
BC-HNMU-G7-R0003-STT2-AI02,HNMU-G7-R0003-STT2,grade6_7,shared/raw_data/HNMU-teacher_dialog_samples/Lớp 7.xlsx,3,2,each_tutor_turn,[]
BC-HNMU-G7-R0003-STT2-AI04,HNMU-G7-R0003-STT2,grade6_7,shared/raw_data/HNMU-teacher_dialog_samples/Lớp 7.xlsx,3,4,each_tutor_turn,[]
BC-HNMU-G7-R0003-STT2-AI06,HNMU-G7-R0003-STT2,grade6_7,shared/raw_data/HNMU-teacher_dialog_samples/Lớp 7.xlsx,3,6,each_tutor_turn,[]
BC-HNMU-G7-R0004-STT3-AI02,HNMU-G7-R0004-STT3,grade6_7,shared/raw_data/HNMU-teacher_dialog_samples/Lớp 7.xlsx,4,2,each_tutor_turn,[]
BC-HNMU-G7-R0004-STT3-AI04,HNMU-G7-R0004-STT3,grade6_7,shared/raw_data/HNMU-teacher_dialog_samples/Lớp 7.xlsx,4,4,each_tutor_turn,[]
BC-HNMU-G7-R0004-STT3-AI06,HNMU-G7-R0004-STT3,grade6_7,shared/raw_data/HNMU-teacher_dialog_samples/Lớp 7.xlsx,4,6,each_tutor_turn,[]
BC-HNMU-G7-R0005-STT4-AI02,HNMU-G7-R0005-STT4,grade6_7,shared/raw_data/HNMU-teacher_dialog_samples/Lớp 7.xlsx,5,2,each_tutor_turn,[]
BC-HNMU-G7-R0005-STT4-AI04,HNMU-G7-R0005-STT4,grade6_7,shared/raw_data/HNMU-teacher_dialog_samples/Lớp 7.xlsx,5,4,each_tutor_turn,[]
BC-HNMU-G7-R0005-STT4-AI06,HNMU-G7-R0005-STT4,grade6_7,shared/raw_data/HNMU-teacher_dialog_samples/Lớp 7.xlsx,5,6,each_tutor_turn,[]
BC-HNMU-G7-R0006-STT5-AI02,HNMU-G7-R0006-STT5,grade6_7,shared/raw_data/HNMU-teacher_dialog_samples/Lớp 7.xlsx,6,2,each_tutor_turn,[]
BC-HNMU-G7-R0006-STT5-AI04,HNMU-G7-R0006-STT5,grade6_7,shared/raw_data/HNMU-teacher_dialog_samples/Lớp 7.xlsx,6,4,each_tutor_turn,[]
BC-HNMU-G7-R0007-STT6-AI02,HNMU-G7-R0007-STT6,grade6_7,shared/raw_data/HNMU-teacher_dialog_samples/Lớp 7.xlsx,7,2,each_tutor_turn,[]
BC-HNMU-G7-R0007-STT6-AI04,HNMU-G7-R0007-STT6,grade6_7,shared/raw_data/HNMU-teacher_dialog_samples/Lớp 7.xlsx,7,4,each_tutor_turn,[]
BC-HNMU-G7-R0007-STT6-AI06,HNMU-G7-R0007-STT6,grade6_7,shared/raw_data/HNMU-teacher_dialog_samples/Lớp 7.xlsx,7,6,each_tutor_turn,[]
BC-HNMU-G7-R0008-STT7-AI02,HNMU-G7-R0008-STT7,grade6_7,shared/raw_data/HNMU-teacher_dialog_samples/Lớp 7.xlsx,8,2,each_tutor_turn,[]
BC-HNMU-G7-R0008-STT7-AI04,HNMU-G7-R0008-STT7,grade6_7,shared/raw_data/HNMU-teacher_dialog_samples/Lớp 7.xlsx,8,4,each_tutor_turn,[]
BC-HNMU-G7-R0008-STT7-AI06,HNMU-G7-R0008-STT7,grade6_7,shared/raw_data/HNMU-teacher_dialog_samples/Lớp 7.xlsx,8,6,each_tutor_turn,[]
BC-HNMU-G7-R0009-STT8-AI02,HNMU-G7-R0009-STT8,grade6_7,shared/raw_data/HNMU-teacher_dialog_samples/Lớp 7.xlsx,9,2,each_tutor_turn,[]
BC-HNMU-G7-R0009-STT8-AI04,HNMU-G7-R0009-STT8,grade6_7,shared/raw_data/HNMU-teacher_dialog_samples/Lớp 7.xlsx,9,4,each_tutor_turn,[]
BC-HNMU-G7-R0009-STT8-AI06,HNMU-G7-R0009-STT8,grade6_7,shared/raw_data/HNMU-teacher_dialog_samples/Lớp 7.xlsx,9,6,each_tutor_turn,[]
BC-HNMU-G7-R0011-STT10-AI02,HNMU-G7-R0011-STT10,grade6_7,shared/raw_data/HNMU-teacher_dialog_samples/Lớp 7.xlsx,11,2,each_tutor_turn,[]
BC-HNMU-G7-R0011-STT10-AI04,HNMU-G7-R0011-STT10,grade6_7,shared/raw_data/HNMU-teacher_dialog_samples/Lớp 7.xlsx,11,4,each_tutor_turn,[]
BC-HNMU-G7-R0012-STT11-AI02,HNMU-G7-R0012-STT11,grade6_7,shared/raw_data/HNMU-teacher_dialog_samples/Lớp 7.xlsx,12,2,each_tutor_turn,[]
BC-HNMU-G7-R0012-STT11-AI04,HNMU-G7-R0012-STT11,grade6_7,shared/raw_data/HNMU-teacher_dialog_samples/Lớp 7.xlsx,12,4,each_tutor_turn,[]
BC-HNMU-G7-R0012-STT11-AI06,HNMU-G7-R0012-STT11,grade6_7,shared/raw_data/HNMU-teacher_dialog_samples/Lớp 7.xlsx,12,6,each_tutor_turn,[]
BC-HNMU-G7-R0012-STT11-AI08,HNMU-G7-R0012-STT11,grade6_7,shared/raw_data/HNMU-teacher_dialog_samples/Lớp 7.xlsx,12,8,each_tutor_turn,[]
BC-HNMU-G7-R0013-STT12-AI02,HNMU-G7-R0013-STT12,grade6_7,shared/raw_data/HNMU-teacher_dialog_samples/Lớp 7.xlsx,13,2,each_tutor_turn,[]
BC-HNMU-G7-R0013-STT12-AI04,HNMU-G7-R0013-STT12,grade6_7,shared/raw_data/HNMU-teacher_dialog_samples/Lớp 7.xlsx,13,4,each_tutor_turn,[]
BC-HNMU-G7-R0013-STT12-AI06,HNMU-G7-R0013-STT12,grade6_7,shared/raw_data/HNMU-teacher_dialog_samples/Lớp 7.xlsx,13,6,each_tutor_turn,[]
BC-HNMU-G7-R0014-STT13-AI02,HNMU-G7-R0014-STT13,grade6_7,shared/raw_data/HNMU-teacher_dialog_samples/Lớp 7.xlsx,14,2,each_tutor_turn,[]
BC-HNMU-G7-R0014-STT13-AI04,HNMU-G7-R0014-STT13,grade6_7,shared/raw_data/HNMU-teacher_dialog_samples/Lớp 7.xlsx,14,4,each_tutor_turn,[]
BC-HNMU-G7-R0014-STT13-AI06,HNMU-G7-R0014-STT13,grade6_7,shared/raw_data/HNMU-teacher_dialog_samples/Lớp 7.xlsx,14,6,each_tutor_turn,[]
BC-HNMU-G7-R0015-STT14-AI02,HNMU-G7-R0015-STT14,grade6_7,shared/raw_data/HNMU-teacher_dialog_samples/Lớp 7.xlsx,15,2,each_tutor_turn,[]
BC-HNMU-G7-R0015-STT14-AI04,HNMU-G7-R0015-STT14,grade6_7,shared/raw_data/HNMU-teacher_dialog_samples/Lớp 7.xlsx,15,4,each_tutor_turn,[]
BC-HNMU-G7-R0015-STT14-AI06,HNMU-G7-R0015-STT14,grade6_7,shared/raw_data/HNMU-teacher_dialog_samples/Lớp 7.xlsx,15,6,each_tutor_turn,[]
BC-HNMU-G7-R0015-STT14-AI08,HNMU-G7-R0015-STT14,grade6_7,shared/raw_data/HNMU-teacher_dialog_samples/Lớp 7.xlsx,15,8,each_tutor_turn,[]
BC-HNMU-G7-R0018-STT3-AI02,HNMU-G7-R0018-STT3,grade6_7,shared/raw_data/HNMU-teacher_dialog_samples/Lớp 7.xlsx,18,2,each_tutor_turn,[]
BC-HNMU-G7-R0018-STT3-AI04,HNMU-G7-R0018-STT3,grade6_7,shared/raw_data/HNMU-teacher_dialog_samples/Lớp 7.xlsx,18,4,each_tutor_turn,[]
BC-HNMU-G7-R0018-STT3-AI06,HNMU-G7-R0018-STT3,grade6_7,shared/raw_data/HNMU-teacher_dialog_samples/Lớp 7.xlsx,18,6,each_tutor_turn,[]
BC-HNMU-G7-R0019-STT4-AI02,HNMU-G7-R0019-STT4,grade6_7,shared/raw_data/HNMU-teacher_dialog_samples/Lớp 7.xlsx,19,2,each_tutor_turn,[]
BC-HNMU-G7-R0019-STT4-AI04,HNMU-G7-R0019-STT4,grade6_7,shared/raw_data/HNMU-teacher_dialog_samples/Lớp 7.xlsx,19,4,each_tutor_turn,[]
BC-HNMU-G7-R0020-STT5-AI02,HNMU-G7-R0020-STT5,grade6_7,shared/raw_data/HNMU-teacher_dialog_samples/Lớp 7.xlsx,20,2,each_tutor_turn,[]
BC-HNMU-G7-R0020-STT5-AI04,HNMU-G7-R0020-STT5,grade6_7,shared/raw_data/HNMU-teacher_dialog_samples/Lớp 7.xlsx,20,4,each_tutor_turn,[]
BC-HNMU-G7-R0021-STT6-AI02,HNMU-G7-R0021-STT6,grade6_7,shared/raw_data/HNMU-teacher_dialog_samples/Lớp 7.xlsx,21,2,each_tutor_turn,[]
BC-HNMU-G7-R0021-STT6-AI04,HNMU-G7-R0021-STT6,grade6_7,shared/raw_data/HNMU-teacher_dialog_samples/Lớp 7.xlsx,21,4,each_tutor_turn,[]
BC-HNMU-G7-R0021-STT6-AI06,HNMU-G7-R0021-STT6,grade6_7,shared/raw_data/HNMU-teacher_dialog_samples/Lớp 7.xlsx,21,6,each_tutor_turn,[]
BC-HNMU-G7-R0024-STT9-AI02,HNMU-G7-R0024-STT9,grade6_7,shared/raw_data/HNMU-teacher_dialog_samples/Lớp 7.xlsx,24,2,each_tutor_turn,[]
BC-HNMU-G7-R0024-STT9-AI04,HNMU-G7-R0024-STT9,grade6_7,shared/raw_data/HNMU-teacher_dialog_samples/Lớp 7.xlsx,24,4,each_tutor_turn,[]
BC-HNMU-G7-R0024-STT9-AI06,HNMU-G7-R0024-STT9,grade6_7,shared/raw_data/HNMU-teacher_dialog_samples/Lớp 7.xlsx,24,6,each_tutor_turn,[]
BC-HNMU-G7-R0025-STT10-AI02,HNMU-G7-R0025-STT10,grade6_7,shared/raw_data/HNMU-teacher_dialog_samples/Lớp 7.xlsx,25,2,each_tutor_turn,[]
BC-HNMU-G7-R0025-STT10-AI04,HNMU-G7-R0025-STT10,grade6_7,shared/raw_data/HNMU-teacher_dialog_samples/Lớp 7.xlsx,25,4,each_tutor_turn,[]
BC-HNMU-G7-R0026-STT11-AI02,HNMU-G7-R0026-STT11,grade6_7,shared/raw_data/HNMU-teacher_dialog_samples/Lớp 7.xlsx,26,2,each_tutor_turn,[]
BC-HNMU-G7-R0026-STT11-AI04,HNMU-G7-R0026-STT11,grade6_7,shared/raw_data/HNMU-teacher_dialog_samples/Lớp 7.xlsx,26,4,each_tutor_turn,[]
BC-HNMU-G7-R0026-STT11-AI06,HNMU-G7-R0026-STT11,grade6_7,shared/raw_data/HNMU-teacher_dialog_samples/Lớp 7.xlsx,26,6,each_tutor_turn,[]
BC-HNMU-G7-R0027-STT12-AI02,HNMU-G7-R0027-STT12,grade6_7,shared/raw_data/HNMU-teacher_dialog_samples/Lớp 7.xlsx,27,2,each_tutor_turn,[]
BC-HNMU-G7-R0027-STT12-AI04,HNMU-G7-R0027-STT12,grade6_7,shared/raw_data/HNMU-teacher_dialog_samples/Lớp 7.xlsx,27,4,each_tutor_turn,[]
BC-HNMU-G7-R0027-STT12-AI06,HNMU-G7-R0027-STT12,grade6_7,shared/raw_data/HNMU-teacher_dialog_samples/Lớp 7.xlsx,27,6,each_tutor_turn,[]
BC-HNMU-G7-R0028-STT13-AI02,HNMU-G7-R0028-STT13,grade6_7,shared/raw_data/HNMU-teacher_dialog_samples/Lớp 7.xlsx,28,2,each_tutor_turn,[]
BC-HNMU-G7-R0028-STT13-AI04,HNMU-G7-R0028-STT13,grade6_7,shared/raw_data/HNMU-teacher_dialog_samples/Lớp 7.xlsx,28,4,each_tutor_turn,[]
BC-HNMU-G7-R0029-STT14-AI02,HNMU-G7-R0029-STT14,grade6_7,shared/raw_data/HNMU-teacher_dialog_samples/Lớp 7.xlsx,29,2,each_tutor_turn,[]
BC-HNMU-G7-R0029-STT14-AI04,HNMU-G7-R0029-STT14,grade6_7,shared/raw_data/HNMU-teacher_dialog_samples/Lớp 7.xlsx,29,4,each_tutor_turn,[]
BC-HNMU-G7-R0030-STT1-AI02,HNMU-G7-R0030-STT1,grade6_7,shared/raw_data/HNMU-teacher_dialog_samples/Lớp 7.xlsx,30,2,each_tutor_turn,[]
BC-HNMU-G7-R0030-STT1-AI04,HNMU-G7-R0030-STT1,grade6_7,shared/raw_data/HNMU-teacher_dialog_samples/Lớp 7.xlsx,30,4,each_tutor_turn,[]
BC-HNMU-G7-R0030-STT1-AI06,HNMU-G7-R0030-STT1,grade6_7,shared/raw_data/HNMU-teacher_dialog_samples/Lớp 7.xlsx,30,6,each_tutor_turn,[]
BC-HNMU-G7-R0031-STT2-AI02,HNMU-G7-R0031-STT2,grade6_7,shared/raw_data/HNMU-teacher_dialog_samples/Lớp 7.xlsx,31,2,each_tutor_turn,[]
BC-HNMU-G7-R0031-STT2-AI04,HNMU-G7-R0031-STT2,grade6_7,shared/raw_data/HNMU-teacher_dialog_samples/Lớp 7.xlsx,31,4,each_tutor_turn,[]
BC-HNMU-G7-R0032-STT3-AI02,HNMU-G7-R0032-STT3,grade6_7,shared/raw_data/HNMU-teacher_dialog_samples/Lớp 7.xlsx,32,2,each_tutor_turn,[]
BC-HNMU-G7-R0032-STT3-AI04,HNMU-G7-R0032-STT3,grade6_7,shared/raw_data/HNMU-teacher_dialog_samples/Lớp 7.xlsx,32,4,each_tutor_turn,[]
BC-HNMU-G7-R0033-STT4-AI02,HNMU-G7-R0033-STT4,grade6_7,shared/raw_data/HNMU-teacher_dialog_samples/Lớp 7.xlsx,33,2,each_tutor_turn,[]
BC-HNMU-G7-R0033-STT4-AI04,HNMU-G7-R0033-STT4,grade6_7,shared/raw_data/HNMU-teacher_dialog_samples/Lớp 7.xlsx,33,4,each_tutor_turn,[]
BC-HNMU-G7-R0034-STT5-AI02,HNMU-G7-R0034-STT5,grade6_7,shared/raw_data/HNMU-teacher_dialog_samples/Lớp 7.xlsx,34,2,each_tutor_turn,[]
BC-HNMU-G7-R0034-STT5-AI04,HNMU-G7-R0034-STT5,grade6_7,shared/raw_data/HNMU-teacher_dialog_samples/Lớp 7.xlsx,34,4,each_tutor_turn,[]
BC-HNMU-G7-R0034-STT5-AI06,HNMU-G7-R0034-STT5,grade6_7,shared/raw_data/HNMU-teacher_dialog_samples/Lớp 7.xlsx,34,6,each_tutor_turn,[]
BC-HNMU-G7-R0035-STT6-AI02,HNMU-G7-R0035-STT6,grade6_7,shared/raw_data/HNMU-teacher_dialog_samples/Lớp 7.xlsx,35,2,each_tutor_turn,[]
BC-HNMU-G7-R0035-STT6-AI04,HNMU-G7-R0035-STT6,grade6_7,shared/raw_data/HNMU-teacher_dialog_samples/Lớp 7.xlsx,35,4,each_tutor_turn,[]
BC-HNMU-G7-R0036-STT7-AI02,HNMU-G7-R0036-STT7,grade6_7,shared/raw_data/HNMU-teacher_dialog_samples/Lớp 7.xlsx,36,2,each_tutor_turn,[]
BC-HNMU-G7-R0036-STT7-AI04,HNMU-G7-R0036-STT7,grade6_7,shared/raw_data/HNMU-teacher_dialog_samples/Lớp 7.xlsx,36,4,each_tutor_turn,[]
BC-HNMU-G7-R0036-STT7-AI06,HNMU-G7-R0036-STT7,grade6_7,shared/raw_data/HNMU-teacher_dialog_samples/Lớp 7.xlsx,36,6,each_tutor_turn,[]
BC-HNMU-G7-R0037-STT8-AI02,HNMU-G7-R0037-STT8,grade6_7,shared/raw_data/HNMU-teacher_dialog_samples/Lớp 7.xlsx,37,2,each_tutor_turn,[]
BC-HNMU-G7-R0037-STT8-AI04,HNMU-G7-R0037-STT8,grade6_7,shared/raw_data/HNMU-teacher_dialog_samples/Lớp 7.xlsx,37,4,each_tutor_turn,[]
BC-HNMU-G7-R0038-STT9-AI02,HNMU-G7-R0038-STT9,grade6_7,shared/raw_data/HNMU-teacher_dialog_samples/Lớp 7.xlsx,38,2,each_tutor_turn,[]
BC-HNMU-G7-R0038-STT9-AI04,HNMU-G7-R0038-STT9,grade6_7,shared/raw_data/HNMU-teacher_dialog_samples/Lớp 7.xlsx,38,4,each_tutor_turn,[]
BC-HNMU-G7-R0039-STT10-AI02,HNMU-G7-R0039-STT10,grade6_7,shared/raw_data/HNMU-teacher_dialog_samples/Lớp 7.xlsx,39,2,each_tutor_turn,[]
BC-HNMU-G7-R0039-STT10-AI04,HNMU-G7-R0039-STT10,grade6_7,shared/raw_data/HNMU-teacher_dialog_samples/Lớp 7.xlsx,39,4,each_tutor_turn,[]
BC-HNMU-G7-R0040-STT11-AI02,HNMU-G7-R0040-STT11,grade6_7,shared/raw_data/HNMU-teacher_dialog_samples/Lớp 7.xlsx,40,2,each_tutor_turn,[]
BC-HNMU-G7-R0040-STT11-AI04,HNMU-G7-R0040-STT11,grade6_7,shared/raw_data/HNMU-teacher_dialog_samples/Lớp 7.xlsx,40,4,each_tutor_turn,[]
BC-HNMU-G7-R0040-STT11-AI06,HNMU-G7-R0040-STT11,grade6_7,shared/raw_data/HNMU-teacher_dialog_samples/Lớp 7.xlsx,40,6,each_tutor_turn,[]
BC-HNMU-G7-R0041-STT12-AI02,HNMU-G7-R0041-STT12,grade6_7,shared/raw_data/HNMU-teacher_dialog_samples/Lớp 7.xlsx,41,2,each_tutor_turn,[]
BC-HNMU-G7-R0041-STT12-AI04,HNMU-G7-R0041-STT12,grade6_7,shared/raw_data/HNMU-teacher_dialog_samples/Lớp 7.xlsx,41,4,each_tutor_turn,[]
BC-HNMU-G7-R0041-STT12-AI06,HNMU-G7-R0041-STT12,grade6_7,shared/raw_data/HNMU-teacher_dialog_samples/Lớp 7.xlsx,41,6,each_tutor_turn,[]
BC-HNMU-G7-R0042-STT13-AI02,HNMU-G7-R0042-STT13,grade6_7,shared/raw_data/HNMU-teacher_dialog_samples/Lớp 7.xlsx,42,2,each_tutor_turn,[]
BC-HNMU-G7-R0042-STT13-AI04,HNMU-G7-R0042-STT13,grade6_7,shared/raw_data/HNMU-teacher_dialog_samples/Lớp 7.xlsx,42,4,each_tutor_turn,[]
BC-HNMU-G7-R0043-STT14-AI02,HNMU-G7-R0043-STT14,grade6_7,shared/raw_data/HNMU-teacher_dialog_samples/Lớp 7.xlsx,43,2,each_tutor_turn,[]
BC-HNMU-G7-R0043-STT14-AI04,HNMU-G7-R0043-STT14,grade6_7,shared/raw_data/HNMU-teacher_dialog_samples/Lớp 7.xlsx,43,4,each_tutor_turn,[]
BC-HNMU-G7-R0043-STT14-AI06,HNMU-G7-R0043-STT14,grade6_7,shared/raw_data/HNMU-teacher_dialog_samples/Lớp 7.xlsx,43,6,each_tutor_turn,[]
BC-HNMU-G7-R0058-STT1-AI02,HNMU-G7-R0058-STT1,grade6_7,shared/raw_data/HNMU-teacher_dialog_samples/Lớp 7.xlsx,58,2,each_tutor_turn,[]
BC-HNMU-G7-R0058-STT1-AI04,HNMU-G7-R0058-STT1,grade6_7,shared/raw_data/HNMU-teacher_dialog_samples/Lớp 7.xlsx,58,4,each_tutor_turn,[]
BC-HNMU-G7-R0058-STT1-AI06,HNMU-G7-R0058-STT1,grade6_7,shared/raw_data/HNMU-teacher_dialog_samples/Lớp 7.xlsx,58,6,each_tutor_turn,[]
BC-HNMU-G7-R0059-STT2-AI02,HNMU-G7-R0059-STT2,grade6_7,shared/raw_data/HNMU-teacher_dialog_samples/Lớp 7.xlsx,59,2,each_tutor_turn,[]
BC-HNMU-G7-R0059-STT2-AI04,HNMU-G7-R0059-STT2,grade6_7,shared/raw_data/HNMU-teacher_dialog_samples/Lớp 7.xlsx,59,4,each_tutor_turn,[]
BC-HNMU-G7-R0060-STT3-AI02,HNMU-G7-R0060-STT3,grade6_7,shared/raw_data/HNMU-teacher_dialog_samples/Lớp 7.xlsx,60,2,each_tutor_turn,[]
BC-HNMU-G7-R0060-STT3-AI04,HNMU-G7-R0060-STT3,grade6_7,shared/raw_data/HNMU-teacher_dialog_samples/Lớp 7.xlsx,60,4,each_tutor_turn,[]
BC-HNMU-G7-R0061-STT4-AI02,HNMU-G7-R0061-STT4,grade6_7,shared/raw_data/HNMU-teacher_dialog_samples/Lớp 7.xlsx,61,2,each_tutor_turn,[]
BC-HNMU-G7-R0061-STT4-AI04,HNMU-G7-R0061-STT4,grade6_7,shared/raw_data/HNMU-teacher_dialog_samples/Lớp 7.xlsx,61,4,each_tutor_turn,[]
BC-HNMU-G7-R0061-STT4-AI06,HNMU-G7-R0061-STT4,grade6_7,shared/raw_data/HNMU-teacher_dialog_samples/Lớp 7.xlsx,61,6,each_tutor_turn,[]
BC-HNMU-G7-R0062-STT5-AI02,HNMU-G7-R0062-STT5,grade6_7,shared/raw_data/HNMU-teacher_dialog_samples/Lớp 7.xlsx,62,2,each_tutor_turn,[]
BC-HNMU-G7-R0062-STT5-AI04,HNMU-G7-R0062-STT5,grade6_7,shared/raw_data/HNMU-teacher_dialog_samples/Lớp 7.xlsx,62,4,each_tutor_turn,[]
BC-HNMU-G7-R0062-STT5-AI06,HNMU-G7-R0062-STT5,grade6_7,shared/raw_data/HNMU-teacher_dialog_samples/Lớp 7.xlsx,62,6,each_tutor_turn,[]
BC-HNMU-G7-R0063-STT6-AI02,HNMU-G7-R0063-STT6,grade6_7,shared/raw_data/HNMU-teacher_dialog_samples/Lớp 7.xlsx,63,2,each_tutor_turn,[]
BC-HNMU-G7-R0063-STT6-AI04,HNMU-G7-R0063-STT6,grade6_7,shared/raw_data/HNMU-teacher_dialog_samples/Lớp 7.xlsx,63,4,each_tutor_turn,[]
BC-HNMU-G7-R0063-STT6-AI06,HNMU-G7-R0063-STT6,grade6_7,shared/raw_data/HNMU-teacher_dialog_samples/Lớp 7.xlsx,63,6,each_tutor_turn,[]
BC-HNMU-G7-R0066-STT9-AI02,HNMU-G7-R0066-STT9,grade6_7,shared/raw_data/HNMU-teacher_dialog_samples/Lớp 7.xlsx,66,2,each_tutor_turn,[]
BC-HNMU-G7-R0066-STT9-AI04,HNMU-G7-R0066-STT9,grade6_7,shared/raw_data/HNMU-teacher_dialog_samples/Lớp 7.xlsx,66,4,each_tutor_turn,[]
BC-HNMU-G7-R0066-STT9-AI06,HNMU-G7-R0066-STT9,grade6_7,shared/raw_data/HNMU-teacher_dialog_samples/Lớp 7.xlsx,66,6,each_tutor_turn,[]
BC-HNMU-G7-R0067-STT10-AI02,HNMU-G7-R0067-STT10,grade6_7,shared/raw_data/HNMU-teacher_dialog_samples/Lớp 7.xlsx,67,2,each_tutor_turn,[]
BC-HNMU-G7-R0067-STT10-AI04,HNMU-G7-R0067-STT10,grade6_7,shared/raw_data/HNMU-teacher_dialog_samples/Lớp 7.xlsx,67,4,each_tutor_turn,[]
BC-HNMU-G7-R0067-STT10-AI06,HNMU-G7-R0067-STT10,grade6_7,shared/raw_data/HNMU-teacher_dialog_samples/Lớp 7.xlsx,67,6,each_tutor_turn,[]
BC-HNMU-G7-R0069-STT12-AI02,HNMU-G7-R0069-STT12,grade6_7,shared/raw_data/HNMU-teacher_dialog_samples/Lớp 7.xlsx,69,2,each_tutor_turn,[]
BC-HNMU-G7-R0069-STT12-AI04,HNMU-G7-R0069-STT12,grade6_7,shared/raw_data/HNMU-teacher_dialog_samples/Lớp 7.xlsx,69,4,each_tutor_turn,[]
BC-HNMU-G7-R0069-STT12-AI06,HNMU-G7-R0069-STT12,grade6_7,shared/raw_data/HNMU-teacher_dialog_samples/Lớp 7.xlsx,69,6,each_tutor_turn,[]
BC-HNMU-G7-R0071-STT14-AI02,HNMU-G7-R0071-STT14,grade6_7,shared/raw_data/HNMU-teacher_dialog_samples/Lớp 7.xlsx,71,2,each_tutor_turn,[]
BC-HNMU-G7-R0071-STT14-AI04,HNMU-G7-R0071-STT14,grade6_7,shared/raw_data/HNMU-teacher_dialog_samples/Lớp 7.xlsx,71,4,each_tutor_turn,[]
BC-HNMU-G7-R0071-STT14-AI06,HNMU-G7-R0071-STT14,grade6_7,shared/raw_data/HNMU-teacher_dialog_samples/Lớp 7.xlsx,71,6,each_tutor_turn,[]
BC-HNMU-G7-R0072-STT1-AI02,HNMU-G7-R0072-STT1,grade6_7,shared/raw_data/HNMU-teacher_dialog_samples/Lớp 7.xlsx,72,2,each_tutor_turn,[]
BC-HNMU-G7-R0072-STT1-AI04,HNMU-G7-R0072-STT1,grade6_7,shared/raw_data/HNMU-teacher_dialog_samples/Lớp 7.xlsx,72,4,each_tutor_turn,[]
BC-HNMU-G7-R0073-STT2-AI02,HNMU-G7-R0073-STT2,grade6_7,shared/raw_data/HNMU-teacher_dialog_samples/Lớp 7.xlsx,73,2,each_tutor_turn,[]
BC-HNMU-G7-R0073-STT2-AI04,HNMU-G7-R0073-STT2,grade6_7,shared/raw_data/HNMU-teacher_dialog_samples/Lớp 7.xlsx,73,4,each_tutor_turn,[]
BC-HNMU-G7-R0074-STT3-AI02,HNMU-G7-R0074-STT3,grade6_7,shared/raw_data/HNMU-teacher_dialog_samples/Lớp 7.xlsx,74,2,each_tutor_turn,[]
BC-HNMU-G7-R0074-STT3-AI04,HNMU-G7-R0074-STT3,grade6_7,shared/raw_data/HNMU-teacher_dialog_samples/Lớp 7.xlsx,74,4,each_tutor_turn,[]
BC-HNMU-G7-R0074-STT3-AI06,HNMU-G7-R0074-STT3,grade6_7,shared/raw_data/HNMU-teacher_dialog_samples/Lớp 7.xlsx,74,6,each_tutor_turn,[]
BC-HNMU-G7-R0075-STT4-AI02,HNMU-G7-R0075-STT4,grade6_7,shared/raw_data/HNMU-teacher_dialog_samples/Lớp 7.xlsx,75,2,each_tutor_turn,[]
BC-HNMU-G7-R0075-STT4-AI04,HNMU-G7-R0075-STT4,grade6_7,shared/raw_data/HNMU-teacher_dialog_samples/Lớp 7.xlsx,75,4,each_tutor_turn,[]
BC-HNMU-G7-R0076-STT5-AI02,HNMU-G7-R0076-STT5,grade6_7,shared/raw_data/HNMU-teacher_dialog_samples/Lớp 7.xlsx,76,2,each_tutor_turn,[]
BC-HNMU-G7-R0076-STT5-AI04,HNMU-G7-R0076-STT5,grade6_7,shared/raw_data/HNMU-teacher_dialog_samples/Lớp 7.xlsx,76,4,each_tutor_turn,[]
BC-HNMU-G7-R0077-STT6-AI02,HNMU-G7-R0077-STT6,grade6_7,shared/raw_data/HNMU-teacher_dialog_samples/Lớp 7.xlsx,77,2,each_tutor_turn,[]
BC-HNMU-G7-R0077-STT6-AI04,HNMU-G7-R0077-STT6,grade6_7,shared/raw_data/HNMU-teacher_dialog_samples/Lớp 7.xlsx,77,4,each_tutor_turn,[]
BC-HNMU-G7-R0079-STT8-AI02,HNMU-G7-R0079-STT8,grade6_7,shared/raw_data/HNMU-teacher_dialog_samples/Lớp 7.xlsx,79,2,each_tutor_turn,[]
BC-HNMU-G7-R0079-STT8-AI04,HNMU-G7-R0079-STT8,grade6_7,shared/raw_data/HNMU-teacher_dialog_samples/Lớp 7.xlsx,79,4,each_tutor_turn,[]
BC-HNMU-G7-R0080-STT9-AI02,HNMU-G7-R0080-STT9,grade6_7,shared/raw_data/HNMU-teacher_dialog_samples/Lớp 7.xlsx,80,2,each_tutor_turn,[]
BC-HNMU-G7-R0080-STT9-AI04,HNMU-G7-R0080-STT9,grade6_7,shared/raw_data/HNMU-teacher_dialog_samples/Lớp 7.xlsx,80,4,each_tutor_turn,[]
BC-HNMU-G7-R0081-STT10-AI02,HNMU-G7-R0081-STT10,grade6_7,shared/raw_data/HNMU-teacher_dialog_samples/Lớp 7.xlsx,81,2,each_tutor_turn,[]
BC-HNMU-G7-R0081-STT10-AI04,HNMU-G7-R0081-STT10,grade6_7,shared/raw_data/HNMU-teacher_dialog_samples/Lớp 7.xlsx,81,4,each_tutor_turn,[]
BC-HNMU-G7-R0082-STT11-AI02,HNMU-G7-R0082-STT11,grade6_7,shared/raw_data/HNMU-teacher_dialog_samples/Lớp 7.xlsx,82,2,each_tutor_turn,[]
BC-HNMU-G7-R0082-STT11-AI04,HNMU-G7-R0082-STT11,grade6_7,shared/raw_data/HNMU-teacher_dialog_samples/Lớp 7.xlsx,82,4,each_tutor_turn,[]
BC-HNMU-G7-R0082-STT11-AI06,HNMU-G7-R0082-STT11,grade6_7,shared/raw_data/HNMU-teacher_dialog_samples/Lớp 7.xlsx,82,6,each_tutor_turn,[]
BC-HNMU-G7-R0083-STT12-AI02,HNMU-G7-R0083-STT12,grade6_7,shared/raw_data/HNMU-teacher_dialog_samples/Lớp 7.xlsx,83,2,each_tutor_turn,[]
BC-HNMU-G7-R0083-STT12-AI04,HNMU-G7-R0083-STT12,grade6_7,shared/raw_data/HNMU-teacher_dialog_samples/Lớp 7.xlsx,83,4,each_tutor_turn,[]
BC-HNMU-G7-R0083-STT12-AI06,HNMU-G7-R0083-STT12,grade6_7,shared/raw_data/HNMU-teacher_dialog_samples/Lớp 7.xlsx,83,6,each_tutor_turn,[]
BC-HNMU-G7-R0084-STT13-AI02,HNMU-G7-R0084-STT13,grade6_7,shared/raw_data/HNMU-teacher_dialog_samples/Lớp 7.xlsx,84,2,each_tutor_turn,[]
BC-HNMU-G7-R0084-STT13-AI04,HNMU-G7-R0084-STT13,grade6_7,shared/raw_data/HNMU-teacher_dialog_samples/Lớp 7.xlsx,84,4,each_tutor_turn,[]
BC-HNMU-G7-R0085-STT14-AI02,HNMU-G7-R0085-STT14,grade6_7,shared/raw_data/HNMU-teacher_dialog_samples/Lớp 7.xlsx,85,2,each_tutor_turn,[]
BC-HNMU-G7-R0085-STT14-AI04,HNMU-G7-R0085-STT14,grade6_7,shared/raw_data/HNMU-teacher_dialog_samples/Lớp 7.xlsx,85,4,each_tutor_turn,[]
BC-HNMU-G7-R0101-STT2-AI02,HNMU-G7-R0101-STT2,grade6_7,shared/raw_data/HNMU-teacher_dialog_samples/Lớp 7.xlsx,101,2,each_tutor_turn,[]
BC-HNMU-G7-R0101-STT2-AI04,HNMU-G7-R0101-STT2,grade6_7,shared/raw_data/HNMU-teacher_dialog_samples/Lớp 7.xlsx,101,4,each_tutor_turn,[]
BC-HNMU-G7-R0104-STT5-AI02,HNMU-G7-R0104-STT5,grade6_7,shared/raw_data/HNMU-teacher_dialog_samples/Lớp 7.xlsx,104,2,each_tutor_turn,[]
BC-HNMU-G7-R0104-STT5-AI04,HNMU-G7-R0104-STT5,grade6_7,shared/raw_data/HNMU-teacher_dialog_samples/Lớp 7.xlsx,104,4,each_tutor_turn,[]
BC-HNMU-G7-R0104-STT5-AI06,HNMU-G7-R0104-STT5,grade6_7,shared/raw_data/HNMU-teacher_dialog_samples/Lớp 7.xlsx,104,6,each_tutor_turn,[]
BC-HNMU-G7-R0105-STT6-AI02,HNMU-G7-R0105-STT6,grade6_7,shared/raw_data/HNMU-teacher_dialog_samples/Lớp 7.xlsx,105,2,each_tutor_turn,[]
BC-HNMU-G7-R0105-STT6-AI04,HNMU-G7-R0105-STT6,grade6_7,shared/raw_data/HNMU-teacher_dialog_samples/Lớp 7.xlsx,105,4,each_tutor_turn,[]
BC-HNMU-G7-R0106-STT7-AI02,HNMU-G7-R0106-STT7,grade6_7,shared/raw_data/HNMU-teacher_dialog_samples/Lớp 7.xlsx,106,2,each_tutor_turn,[]
BC-HNMU-G7-R0106-STT7-AI04,HNMU-G7-R0106-STT7,grade6_7,shared/raw_data/HNMU-teacher_dialog_samples/Lớp 7.xlsx,106,4,each_tutor_turn,[]
BC-HNMU-G7-R0107-STT8-AI02,HNMU-G7-R0107-STT8,grade6_7,shared/raw_data/HNMU-teacher_dialog_samples/Lớp 7.xlsx,107,2,each_tutor_turn,[]
BC-HNMU-G7-R0107-STT8-AI04,HNMU-G7-R0107-STT8,grade6_7,shared/raw_data/HNMU-teacher_dialog_samples/Lớp 7.xlsx,107,4,each_tutor_turn,[]
BC-HNMU-G7-R0107-STT8-AI06,HNMU-G7-R0107-STT8,grade6_7,shared/raw_data/HNMU-teacher_dialog_samples/Lớp 7.xlsx,107,6,each_tutor_turn,[]
BC-HNMU-G7-R0109-STT10-AI02,HNMU-G7-R0109-STT10,grade6_7,shared/raw_data/HNMU-teacher_dialog_samples/Lớp 7.xlsx,109,2,each_tutor_turn,[]
BC-HNMU-G7-R0109-STT10-AI04,HNMU-G7-R0109-STT10,grade6_7,shared/raw_data/HNMU-teacher_dialog_samples/Lớp 7.xlsx,109,4,each_tutor_turn,[]
BC-HNMU-G7-R0109-STT10-AI06,HNMU-G7-R0109-STT10,grade6_7,shared/raw_data/HNMU-teacher_dialog_samples/Lớp 7.xlsx,109,6,each_tutor_turn,[]
BC-HNMU-G7-R0110-STT11-AI02,HNMU-G7-R0110-STT11,grade6_7,shared/raw_data/HNMU-teacher_dialog_samples/Lớp 7.xlsx,110,2,each_tutor_turn,[]
BC-HNMU-G7-R0110-STT11-AI04,HNMU-G7-R0110-STT11,grade6_7,shared/raw_data/HNMU-teacher_dialog_samples/Lớp 7.xlsx,110,4,each_tutor_turn,[]
BC-HNMU-G7-R0110-STT11-AI06,HNMU-G7-R0110-STT11,grade6_7,shared/raw_data/HNMU-teacher_dialog_samples/Lớp 7.xlsx,110,6,each_tutor_turn,[]
BC-HNMU-G7-R0111-STT12-AI02,HNMU-G7-R0111-STT12,grade6_7,shared/raw_data/HNMU-teacher_dialog_samples/Lớp 7.xlsx,111,2,each_tutor_turn,[]
BC-HNMU-G7-R0111-STT12-AI04,HNMU-G7-R0111-STT12,grade6_7,shared/raw_data/HNMU-teacher_dialog_samples/Lớp 7.xlsx,111,4,each_tutor_turn,[]
BC-HNMU-G7-R0114-STT1-AI02,HNMU-G7-R0114-STT1,grade6_7,shared/raw_data/HNMU-teacher_dialog_samples/Lớp 7.xlsx,114,2,each_tutor_turn,[]
BC-HNMU-G7-R0114-STT1-AI04,HNMU-G7-R0114-STT1,grade6_7,shared/raw_data/HNMU-teacher_dialog_samples/Lớp 7.xlsx,114,4,each_tutor_turn,[]
BC-HNMU-G7-R0115-STT2-AI02,HNMU-G7-R0115-STT2,grade6_7,shared/raw_data/HNMU-teacher_dialog_samples/Lớp 7.xlsx,115,2,each_tutor_turn,[]
BC-HNMU-G7-R0115-STT2-AI04,HNMU-G7-R0115-STT2,grade6_7,shared/raw_data/HNMU-teacher_dialog_samples/Lớp 7.xlsx,115,4,each_tutor_turn,[]
BC-HNMU-G7-R0117-STT4-AI02,HNMU-G7-R0117-STT4,grade6_7,shared/raw_data/HNMU-teacher_dialog_samples/Lớp 7.xlsx,117,2,each_tutor_turn,[]
BC-HNMU-G7-R0117-STT4-AI04,HNMU-G7-R0117-STT4,grade6_7,shared/raw_data/HNMU-teacher_dialog_samples/Lớp 7.xlsx,117,4,each_tutor_turn,[]
BC-HNMU-G7-R0118-STT5-AI02,HNMU-G7-R0118-STT5,grade6_7,shared/raw_data/HNMU-teacher_dialog_samples/Lớp 7.xlsx,118,2,each_tutor_turn,[]
BC-HNMU-G7-R0118-STT5-AI04,HNMU-G7-R0118-STT5,grade6_7,shared/raw_data/HNMU-teacher_dialog_samples/Lớp 7.xlsx,118,4,each_tutor_turn,[]
BC-HNMU-G7-R0119-STT6-AI02,HNMU-G7-R0119-STT6,grade6_7,shared/raw_data/HNMU-teacher_dialog_samples/Lớp 7.xlsx,119,2,each_tutor_turn,[]
BC-HNMU-G7-R0119-STT6-AI04,HNMU-G7-R0119-STT6,grade6_7,shared/raw_data/HNMU-teacher_dialog_samples/Lớp 7.xlsx,119,4,each_tutor_turn,[]
BC-HNMU-G7-R0121-STT8-AI02,HNMU-G7-R0121-STT8,grade6_7,shared/raw_data/HNMU-teacher_dialog_samples/Lớp 7.xlsx,121,2,each_tutor_turn,[]
BC-HNMU-G7-R0121-STT8-AI04,HNMU-G7-R0121-STT8,grade6_7,shared/raw_data/HNMU-teacher_dialog_samples/Lớp 7.xlsx,121,4,each_tutor_turn,[]
BC-HNMU-G7-R0122-STT9-AI02,HNMU-G7-R0122-STT9,grade6_7,shared/raw_data/HNMU-teacher_dialog_samples/Lớp 7.xlsx,122,2,each_tutor_turn,[]
BC-HNMU-G7-R0122-STT9-AI04,HNMU-G7-R0122-STT9,grade6_7,shared/raw_data/HNMU-teacher_dialog_samples/Lớp 7.xlsx,122,4,each_tutor_turn,[]
BC-HNMU-G7-R0124-STT11-AI02,HNMU-G7-R0124-STT11,grade6_7,shared/raw_data/HNMU-teacher_dialog_samples/Lớp 7.xlsx,124,2,each_tutor_turn,[]
BC-HNMU-G7-R0124-STT11-AI04,HNMU-G7-R0124-STT11,grade6_7,shared/raw_data/HNMU-teacher_dialog_samples/Lớp 7.xlsx,124,4,each_tutor_turn,[]
BC-HNMU-G7-R0125-STT12-AI02,HNMU-G7-R0125-STT12,grade6_7,shared/raw_data/HNMU-teacher_dialog_samples/Lớp 7.xlsx,125,2,each_tutor_turn,[]
BC-HNMU-G7-R0125-STT12-AI04,HNMU-G7-R0125-STT12,grade6_7,shared/raw_data/HNMU-teacher_dialog_samples/Lớp 7.xlsx,125,4,each_tutor_turn,[]
BC-HNMU-G7-R0126-STT13-AI02,HNMU-G7-R0126-STT13,grade6_7,shared/raw_data/HNMU-teacher_dialog_samples/Lớp 7.xlsx,126,2,each_tutor_turn,[]
BC-HNMU-G7-R0126-STT13-AI04,HNMU-G7-R0126-STT13,grade6_7,shared/raw_data/HNMU-teacher_dialog_samples/Lớp 7.xlsx,126,4,each_tutor_turn,[]
BC-HNMU-G7-R0127-STT14-AI02,HNMU-G7-R0127-STT14,grade6_7,shared/raw_data/HNMU-teacher_dialog_samples/Lớp 7.xlsx,127,2,each_tutor_turn,[]
BC-HNMU-G7-R0127-STT14-AI04,HNMU-G7-R0127-STT14,grade6_7,shared/raw_data/HNMU-teacher_dialog_samples/Lớp 7.xlsx,127,4,each_tutor_turn,[]
BC-HNMU-G7-R0142-STT1-AI02,HNMU-G7-R0142-STT1,grade6_7,shared/raw_data/HNMU-teacher_dialog_samples/Lớp 7.xlsx,142,2,each_tutor_turn,[]
BC-HNMU-G7-R0142-STT1-AI04,HNMU-G7-R0142-STT1,grade6_7,shared/raw_data/HNMU-teacher_dialog_samples/Lớp 7.xlsx,142,4,each_tutor_turn,[]
BC-HNMU-G7-R0142-STT1-AI06,HNMU-G7-R0142-STT1,grade6_7,shared/raw_data/HNMU-teacher_dialog_samples/Lớp 7.xlsx,142,6,each_tutor_turn,[]
BC-HNMU-G7-R0143-STT2-AI02,HNMU-G7-R0143-STT2,grade6_7,shared/raw_data/HNMU-teacher_dialog_samples/Lớp 7.xlsx,143,2,each_tutor_turn,[]
BC-HNMU-G7-R0143-STT2-AI04,HNMU-G7-R0143-STT2,grade6_7,shared/raw_data/HNMU-teacher_dialog_samples/Lớp 7.xlsx,143,4,each_tutor_turn,[]
BC-HNMU-G7-R0143-STT2-AI06,HNMU-G7-R0143-STT2,grade6_7,shared/raw_data/HNMU-teacher_dialog_samples/Lớp 7.xlsx,143,6,each_tutor_turn,[]
BC-HNMU-G7-R0144-STT3-AI02,HNMU-G7-R0144-STT3,grade6_7,shared/raw_data/HNMU-teacher_dialog_samples/Lớp 7.xlsx,144,2,each_tutor_turn,[]
BC-HNMU-G7-R0144-STT3-AI04,HNMU-G7-R0144-STT3,grade6_7,shared/raw_data/HNMU-teacher_dialog_samples/Lớp 7.xlsx,144,4,each_tutor_turn,[]
BC-HNMU-G7-R0144-STT3-AI06,HNMU-G7-R0144-STT3,grade6_7,shared/raw_data/HNMU-teacher_dialog_samples/Lớp 7.xlsx,144,6,each_tutor_turn,[]
BC-HNMU-G7-R0145-STT4-AI02,HNMU-G7-R0145-STT4,grade6_7,shared/raw_data/HNMU-teacher_dialog_samples/Lớp 7.xlsx,145,2,each_tutor_turn,[]
BC-HNMU-G7-R0145-STT4-AI04,HNMU-G7-R0145-STT4,grade6_7,shared/raw_data/HNMU-teacher_dialog_samples/Lớp 7.xlsx,145,4,each_tutor_turn,[]
BC-HNMU-G7-R0146-STT5-AI02,HNMU-G7-R0146-STT5,grade6_7,shared/raw_data/HNMU-teacher_dialog_samples/Lớp 7.xlsx,146,2,each_tutor_turn,[]
BC-HNMU-G7-R0146-STT5-AI04,HNMU-G7-R0146-STT5,grade6_7,shared/raw_data/HNMU-teacher_dialog_samples/Lớp 7.xlsx,146,4,each_tutor_turn,[]
BC-HNMU-G7-R0146-STT5-AI06,HNMU-G7-R0146-STT5,grade6_7,shared/raw_data/HNMU-teacher_dialog_samples/Lớp 7.xlsx,146,6,each_tutor_turn,[]
BC-HNMU-G7-R0147-STT6-AI02,HNMU-G7-R0147-STT6,grade6_7,shared/raw_data/HNMU-teacher_dialog_samples/Lớp 7.xlsx,147,2,each_tutor_turn,[]
BC-HNMU-G7-R0147-STT6-AI04,HNMU-G7-R0147-STT6,grade6_7,shared/raw_data/HNMU-teacher_dialog_samples/Lớp 7.xlsx,147,4,each_tutor_turn,[]
BC-HNMU-G7-R0148-STT7-AI02,HNMU-G7-R0148-STT7,grade6_7,shared/raw_data/HNMU-teacher_dialog_samples/Lớp 7.xlsx,148,2,each_tutor_turn,[]
BC-HNMU-G7-R0148-STT7-AI04,HNMU-G7-R0148-STT7,grade6_7,shared/raw_data/HNMU-teacher_dialog_samples/Lớp 7.xlsx,148,4,each_tutor_turn,[]
BC-HNMU-G7-R0149-STT8-AI02,HNMU-G7-R0149-STT8,grade6_7,shared/raw_data/HNMU-teacher_dialog_samples/Lớp 7.xlsx,149,2,each_tutor_turn,[]
BC-HNMU-G7-R0149-STT8-AI04,HNMU-G7-R0149-STT8,grade6_7,shared/raw_data/HNMU-teacher_dialog_samples/Lớp 7.xlsx,149,4,each_tutor_turn,[]
BC-HNMU-G7-R0150-STT9-AI02,HNMU-G7-R0150-STT9,grade6_7,shared/raw_data/HNMU-teacher_dialog_samples/Lớp 7.xlsx,150,2,each_tutor_turn,[]
BC-HNMU-G7-R0150-STT9-AI04,HNMU-G7-R0150-STT9,grade6_7,shared/raw_data/HNMU-teacher_dialog_samples/Lớp 7.xlsx,150,4,each_tutor_turn,[]
BC-HNMU-G7-R0151-STT10-AI02,HNMU-G7-R0151-STT10,grade6_7,shared/raw_data/HNMU-teacher_dialog_samples/Lớp 7.xlsx,151,2,each_tutor_turn,[]
BC-HNMU-G7-R0151-STT10-AI04,HNMU-G7-R0151-STT10,grade6_7,shared/raw_data/HNMU-teacher_dialog_samples/Lớp 7.xlsx,151,4,each_tutor_turn,[]
BC-HNMU-G7-R0152-STT11-AI02,HNMU-G7-R0152-STT11,grade6_7,shared/raw_data/HNMU-teacher_dialog_samples/Lớp 7.xlsx,152,2,each_tutor_turn,[]
BC-HNMU-G7-R0152-STT11-AI04,HNMU-G7-R0152-STT11,grade6_7,shared/raw_data/HNMU-teacher_dialog_samples/Lớp 7.xlsx,152,4,each_tutor_turn,[]
BC-HNMU-G7-R0153-STT12-AI02,HNMU-G7-R0153-STT12,grade6_7,shared/raw_data/HNMU-teacher_dialog_samples/Lớp 7.xlsx,153,2,each_tutor_turn,[]
BC-HNMU-G7-R0153-STT12-AI04,HNMU-G7-R0153-STT12,grade6_7,shared/raw_data/HNMU-teacher_dialog_samples/Lớp 7.xlsx,153,4,each_tutor_turn,[]
BC-HNMU-G7-R0156-STT1-AI02,HNMU-G7-R0156-STT1,grade6_7,shared/raw_data/HNMU-teacher_dialog_samples/Lớp 7.xlsx,156,2,each_tutor_turn,[]
BC-HNMU-G7-R0156-STT1-AI04,HNMU-G7-R0156-STT1,grade6_7,shared/raw_data/HNMU-teacher_dialog_samples/Lớp 7.xlsx,156,4,each_tutor_turn,[]
BC-HNMU-G7-R0156-STT1-AI06,HNMU-G7-R0156-STT1,grade6_7,shared/raw_data/HNMU-teacher_dialog_samples/Lớp 7.xlsx,156,6,each_tutor_turn,[]
BC-HNMU-G7-R0156-STT1-AI08,HNMU-G7-R0156-STT1,grade6_7,shared/raw_data/HNMU-teacher_dialog_samples/Lớp 7.xlsx,156,8,each_tutor_turn,[]
BC-HNMU-G7-R0156-STT1-AI10,HNMU-G7-R0156-STT1,grade6_7,shared/raw_data/HNMU-teacher_dialog_samples/Lớp 7.xlsx,156,10,each_tutor_turn,[]
BC-HNMU-G7-R0157-STT2-AI02,HNMU-G7-R0157-STT2,grade6_7,shared/raw_data/HNMU-teacher_dialog_samples/Lớp 7.xlsx,157,2,each_tutor_turn,[]
BC-HNMU-G7-R0157-STT2-AI04,HNMU-G7-R0157-STT2,grade6_7,shared/raw_data/HNMU-teacher_dialog_samples/Lớp 7.xlsx,157,4,each_tutor_turn,[]
BC-HNMU-G7-R0157-STT2-AI06,HNMU-G7-R0157-STT2,grade6_7,shared/raw_data/HNMU-teacher_dialog_samples/Lớp 7.xlsx,157,6,each_tutor_turn,[]
BC-HNMU-G7-R0157-STT2-AI08,HNMU-G7-R0157-STT2,grade6_7,shared/raw_data/HNMU-teacher_dialog_samples/Lớp 7.xlsx,157,8,each_tutor_turn,[]
BC-HNMU-G7-R0157-STT2-AI10,HNMU-G7-R0157-STT2,grade6_7,shared/raw_data/HNMU-teacher_dialog_samples/Lớp 7.xlsx,157,10,each_tutor_turn,[]
BC-HNMU-G7-R0158-STT3-AI02,HNMU-G7-R0158-STT3,grade6_7,shared/raw_data/HNMU-teacher_dialog_samples/Lớp 7.xlsx,158,2,each_tutor_turn,[]
BC-HNMU-G7-R0158-STT3-AI04,HNMU-G7-R0158-STT3,grade6_7,shared/raw_data/HNMU-teacher_dialog_samples/Lớp 7.xlsx,158,4,each_tutor_turn,[]
BC-HNMU-G7-R0158-STT3-AI06,HNMU-G7-R0158-STT3,grade6_7,shared/raw_data/HNMU-teacher_dialog_samples/Lớp 7.xlsx,158,6,each_tutor_turn,[]
BC-HNMU-G7-R0158-STT3-AI08,HNMU-G7-R0158-STT3,grade6_7,shared/raw_data/HNMU-teacher_dialog_samples/Lớp 7.xlsx,158,8,each_tutor_turn,[]
BC-HNMU-G7-R0158-STT3-AI10,HNMU-G7-R0158-STT3,grade6_7,shared/raw_data/HNMU-teacher_dialog_samples/Lớp 7.xlsx,158,10,each_tutor_turn,[]
BC-HNMU-G7-R0159-STT4-AI02,HNMU-G7-R0159-STT4,grade6_7,shared/raw_data/HNMU-teacher_dialog_samples/Lớp 7.xlsx,159,2,each_tutor_turn,[]
BC-HNMU-G7-R0159-STT4-AI04,HNMU-G7-R0159-STT4,grade6_7,shared/raw_data/HNMU-teacher_dialog_samples/Lớp 7.xlsx,159,4,each_tutor_turn,[]
BC-HNMU-G7-R0159-STT4-AI06,HNMU-G7-R0159-STT4,grade6_7,shared/raw_data/HNMU-teacher_dialog_samples/Lớp 7.xlsx,159,6,each_tutor_turn,[]
BC-HNMU-G7-R0159-STT4-AI08,HNMU-G7-R0159-STT4,grade6_7,shared/raw_data/HNMU-teacher_dialog_samples/Lớp 7.xlsx,159,8,each_tutor_turn,[]
BC-HNMU-G7-R0160-STT5-AI02,HNMU-G7-R0160-STT5,grade6_7,shared/raw_data/HNMU-teacher_dialog_samples/Lớp 7.xlsx,160,2,each_tutor_turn,[]
BC-HNMU-G7-R0160-STT5-AI04,HNMU-G7-R0160-STT5,grade6_7,shared/raw_data/HNMU-teacher_dialog_samples/Lớp 7.xlsx,160,4,each_tutor_turn,[]
BC-HNMU-G7-R0160-STT5-AI06,HNMU-G7-R0160-STT5,grade6_7,shared/raw_data/HNMU-teacher_dialog_samples/Lớp 7.xlsx,160,6,each_tutor_turn,[]
BC-HNMU-G7-R0160-STT5-AI08,HNMU-G7-R0160-STT5,grade6_7,shared/raw_data/HNMU-teacher_dialog_samples/Lớp 7.xlsx,160,8,each_tutor_turn,[]
BC-HNMU-G7-R0161-STT6-AI02,HNMU-G7-R0161-STT6,grade6_7,shared/raw_data/HNMU-teacher_dialog_samples/Lớp 7.xlsx,161,2,each_tutor_turn,[]
BC-HNMU-G7-R0161-STT6-AI04,HNMU-G7-R0161-STT6,grade6_7,shared/raw_data/HNMU-teacher_dialog_samples/Lớp 7.xlsx,161,4,each_tutor_turn,[]
BC-HNMU-G7-R0161-STT6-AI06,HNMU-G7-R0161-STT6,grade6_7,shared/raw_data/HNMU-teacher_dialog_samples/Lớp 7.xlsx,161,6,each_tutor_turn,[]
BC-HNMU-G7-R0161-STT6-AI08,HNMU-G7-R0161-STT6,grade6_7,shared/raw_data/HNMU-teacher_dialog_samples/Lớp 7.xlsx,161,8,each_tutor_turn,[]
BC-HNMU-G7-R0161-STT6-AI10,HNMU-G7-R0161-STT6,grade6_7,shared/raw_data/HNMU-teacher_dialog_samples/Lớp 7.xlsx,161,10,each_tutor_turn,[]
BC-HNMU-G7-R0162-STT7-AI02,HNMU-G7-R0162-STT7,grade6_7,shared/raw_data/HNMU-teacher_dialog_samples/Lớp 7.xlsx,162,2,each_tutor_turn,[]
BC-HNMU-G7-R0162-STT7-AI04,HNMU-G7-R0162-STT7,grade6_7,shared/raw_data/HNMU-teacher_dialog_samples/Lớp 7.xlsx,162,4,each_tutor_turn,[]
BC-HNMU-G7-R0162-STT7-AI06,HNMU-G7-R0162-STT7,grade6_7,shared/raw_data/HNMU-teacher_dialog_samples/Lớp 7.xlsx,162,6,each_tutor_turn,[]
BC-HNMU-G7-R0162-STT7-AI08,HNMU-G7-R0162-STT7,grade6_7,shared/raw_data/HNMU-teacher_dialog_samples/Lớp 7.xlsx,162,8,each_tutor_turn,[]
BC-HNMU-G7-R0162-STT7-AI10,HNMU-G7-R0162-STT7,grade6_7,shared/raw_data/HNMU-teacher_dialog_samples/Lớp 7.xlsx,162,10,each_tutor_turn,[]
BC-HNMU-G7-R0163-STT8-AI02,HNMU-G7-R0163-STT8,grade6_7,shared/raw_data/HNMU-teacher_dialog_samples/Lớp 7.xlsx,163,2,each_tutor_turn,[]
BC-HNMU-G7-R0163-STT8-AI04,HNMU-G7-R0163-STT8,grade6_7,shared/raw_data/HNMU-teacher_dialog_samples/Lớp 7.xlsx,163,4,each_tutor_turn,[]
BC-HNMU-G7-R0163-STT8-AI06,HNMU-G7-R0163-STT8,grade6_7,shared/raw_data/HNMU-teacher_dialog_samples/Lớp 7.xlsx,163,6,each_tutor_turn,[]
BC-HNMU-G7-R0163-STT8-AI08,HNMU-G7-R0163-STT8,grade6_7,shared/raw_data/HNMU-teacher_dialog_samples/Lớp 7.xlsx,163,8,each_tutor_turn,[]
BC-HNMU-G7-R0163-STT8-AI10,HNMU-G7-R0163-STT8,grade6_7,shared/raw_data/HNMU-teacher_dialog_samples/Lớp 7.xlsx,163,10,each_tutor_turn,[]
BC-HNMU-G7-R0164-STT9-AI02,HNMU-G7-R0164-STT9,grade6_7,shared/raw_data/HNMU-teacher_dialog_samples/Lớp 7.xlsx,164,2,each_tutor_turn,[]
BC-HNMU-G7-R0164-STT9-AI04,HNMU-G7-R0164-STT9,grade6_7,shared/raw_data/HNMU-teacher_dialog_samples/Lớp 7.xlsx,164,4,each_tutor_turn,[]
BC-HNMU-G7-R0164-STT9-AI06,HNMU-G7-R0164-STT9,grade6_7,shared/raw_data/HNMU-teacher_dialog_samples/Lớp 7.xlsx,164,6,each_tutor_turn,[]
BC-HNMU-G7-R0164-STT9-AI08,HNMU-G7-R0164-STT9,grade6_7,shared/raw_data/HNMU-teacher_dialog_samples/Lớp 7.xlsx,164,8,each_tutor_turn,[]
BC-HNMU-G7-R0164-STT9-AI10,HNMU-G7-R0164-STT9,grade6_7,shared/raw_data/HNMU-teacher_dialog_samples/Lớp 7.xlsx,164,10,each_tutor_turn,[]
BC-HNMU-G7-R0165-STT10-AI02,HNMU-G7-R0165-STT10,grade6_7,shared/raw_data/HNMU-teacher_dialog_samples/Lớp 7.xlsx,165,2,each_tutor_turn,[]
BC-HNMU-G7-R0165-STT10-AI04,HNMU-G7-R0165-STT10,grade6_7,shared/raw_data/HNMU-teacher_dialog_samples/Lớp 7.xlsx,165,4,each_tutor_turn,[]
BC-HNMU-G7-R0165-STT10-AI06,HNMU-G7-R0165-STT10,grade6_7,shared/raw_data/HNMU-teacher_dialog_samples/Lớp 7.xlsx,165,6,each_tutor_turn,[]
BC-HNMU-G7-R0165-STT10-AI08,HNMU-G7-R0165-STT10,grade6_7,shared/raw_data/HNMU-teacher_dialog_samples/Lớp 7.xlsx,165,8,each_tutor_turn,[]
BC-HNMU-G7-R0165-STT10-AI10,HNMU-G7-R0165-STT10,grade6_7,shared/raw_data/HNMU-teacher_dialog_samples/Lớp 7.xlsx,165,10,each_tutor_turn,[]
BC-HNMU-G7-R0166-STT11-AI02,HNMU-G7-R0166-STT11,grade6_7,shared/raw_data/HNMU-teacher_dialog_samples/Lớp 7.xlsx,166,2,each_tutor_turn,[]
BC-HNMU-G7-R0166-STT11-AI04,HNMU-G7-R0166-STT11,grade6_7,shared/raw_data/HNMU-teacher_dialog_samples/Lớp 7.xlsx,166,4,each_tutor_turn,[]
BC-HNMU-G7-R0166-STT11-AI06,HNMU-G7-R0166-STT11,grade6_7,shared/raw_data/HNMU-teacher_dialog_samples/Lớp 7.xlsx,166,6,each_tutor_turn,[]
BC-HNMU-G7-R0166-STT11-AI08,HNMU-G7-R0166-STT11,grade6_7,shared/raw_data/HNMU-teacher_dialog_samples/Lớp 7.xlsx,166,8,each_tutor_turn,[]
BC-HNMU-G7-R0166-STT11-AI10,HNMU-G7-R0166-STT11,grade6_7,shared/raw_data/HNMU-teacher_dialog_samples/Lớp 7.xlsx,166,10,each_tutor_turn,[]
BC-HNMU-G7-R0166-STT11-AI12,HNMU-G7-R0166-STT11,grade6_7,shared/raw_data/HNMU-teacher_dialog_samples/Lớp 7.xlsx,166,12,each_tutor_turn,[]
BC-HNMU-G7-R0167-STT12-AI02,HNMU-G7-R0167-STT12,grade6_7,shared/raw_data/HNMU-teacher_dialog_samples/Lớp 7.xlsx,167,2,each_tutor_turn,[]
BC-HNMU-G7-R0167-STT12-AI04,HNMU-G7-R0167-STT12,grade6_7,shared/raw_data/HNMU-teacher_dialog_samples/Lớp 7.xlsx,167,4,each_tutor_turn,[]
BC-HNMU-G7-R0167-STT12-AI06,HNMU-G7-R0167-STT12,grade6_7,shared/raw_data/HNMU-teacher_dialog_samples/Lớp 7.xlsx,167,6,each_tutor_turn,[]
BC-HNMU-G7-R0167-STT12-AI08,HNMU-G7-R0167-STT12,grade6_7,shared/raw_data/HNMU-teacher_dialog_samples/Lớp 7.xlsx,167,8,each_tutor_turn,[]
BC-HNMU-G7-R0167-STT12-AI10,HNMU-G7-R0167-STT12,grade6_7,shared/raw_data/HNMU-teacher_dialog_samples/Lớp 7.xlsx,167,10,each_tutor_turn,[]
BC-HNMU-G7-R0168-STT13-AI02,HNMU-G7-R0168-STT13,grade6_7,shared/raw_data/HNMU-teacher_dialog_samples/Lớp 7.xlsx,168,2,each_tutor_turn,[]
BC-HNMU-G7-R0168-STT13-AI04,HNMU-G7-R0168-STT13,grade6_7,shared/raw_data/HNMU-teacher_dialog_samples/Lớp 7.xlsx,168,4,each_tutor_turn,[]
BC-HNMU-G7-R0168-STT13-AI06,HNMU-G7-R0168-STT13,grade6_7,shared/raw_data/HNMU-teacher_dialog_samples/Lớp 7.xlsx,168,6,each_tutor_turn,[]
BC-HNMU-G7-R0168-STT13-AI08,HNMU-G7-R0168-STT13,grade6_7,shared/raw_data/HNMU-teacher_dialog_samples/Lớp 7.xlsx,168,8,each_tutor_turn,[]
BC-HNMU-G7-R0168-STT13-AI10,HNMU-G7-R0168-STT13,grade6_7,shared/raw_data/HNMU-teacher_dialog_samples/Lớp 7.xlsx,168,10,each_tutor_turn,[]
BC-HNMU-G7-R0169-STT14-AI02,HNMU-G7-R0169-STT14,grade6_7,shared/raw_data/HNMU-teacher_dialog_samples/Lớp 7.xlsx,169,2,each_tutor_turn,[]
BC-HNMU-G7-R0169-STT14-AI04,HNMU-G7-R0169-STT14,grade6_7,shared/raw_data/HNMU-teacher_dialog_samples/Lớp 7.xlsx,169,4,each_tutor_turn,[]
BC-HNMU-G7-R0169-STT14-AI06,HNMU-G7-R0169-STT14,grade6_7,shared/raw_data/HNMU-teacher_dialog_samples/Lớp 7.xlsx,169,6,each_tutor_turn,[]
BC-HNMU-G7-R0169-STT14-AI08,HNMU-G7-R0169-STT14,grade6_7,shared/raw_data/HNMU-teacher_dialog_samples/Lớp 7.xlsx,169,8,each_tutor_turn,[]
BC-HNMU-G7-R0169-STT14-AI10,HNMU-G7-R0169-STT14,grade6_7,shared/raw_data/HNMU-teacher_dialog_samples/Lớp 7.xlsx,169,10,each_tutor_turn,[]
BC-HNMU-G7-R0184-STT1-AI02,HNMU-G7-R0184-STT1,grade6_7,shared/raw_data/HNMU-teacher_dialog_samples/Lớp 7.xlsx,184,2,each_tutor_turn,[]
BC-HNMU-G7-R0184-STT1-AI04,HNMU-G7-R0184-STT1,grade6_7,shared/raw_data/HNMU-teacher_dialog_samples/Lớp 7.xlsx,184,4,each_tutor_turn,[]
BC-HNMU-G7-R0184-STT1-AI06,HNMU-G7-R0184-STT1,grade6_7,shared/raw_data/HNMU-teacher_dialog_samples/Lớp 7.xlsx,184,6,each_tutor_turn,[]
BC-HNMU-G7-R0184-STT1-AI08,HNMU-G7-R0184-STT1,grade6_7,shared/raw_data/HNMU-teacher_dialog_samples/Lớp 7.xlsx,184,8,each_tutor_turn,[]
BC-HNMU-G7-R0185-STT2-AI02,HNMU-G7-R0185-STT2,grade6_7,shared/raw_data/HNMU-teacher_dialog_samples/Lớp 7.xlsx,185,2,each_tutor_turn,[]
BC-HNMU-G7-R0185-STT2-AI04,HNMU-G7-R0185-STT2,grade6_7,shared/raw_data/HNMU-teacher_dialog_samples/Lớp 7.xlsx,185,4,each_tutor_turn,[]
BC-HNMU-G7-R0185-STT2-AI06,HNMU-G7-R0185-STT2,grade6_7,shared/raw_data/HNMU-teacher_dialog_samples/Lớp 7.xlsx,185,6,each_tutor_turn,[]
BC-HNMU-G7-R0185-STT2-AI08,HNMU-G7-R0185-STT2,grade6_7,shared/raw_data/HNMU-teacher_dialog_samples/Lớp 7.xlsx,185,8,each_tutor_turn,[]
BC-HNMU-G7-R0186-STT3-AI02,HNMU-G7-R0186-STT3,grade6_7,shared/raw_data/HNMU-teacher_dialog_samples/Lớp 7.xlsx,186,2,each_tutor_turn,[]
BC-HNMU-G7-R0186-STT3-AI04,HNMU-G7-R0186-STT3,grade6_7,shared/raw_data/HNMU-teacher_dialog_samples/Lớp 7.xlsx,186,4,each_tutor_turn,[]
BC-HNMU-G7-R0186-STT3-AI06,HNMU-G7-R0186-STT3,grade6_7,shared/raw_data/HNMU-teacher_dialog_samples/Lớp 7.xlsx,186,6,each_tutor_turn,[]
BC-HNMU-G7-R0186-STT3-AI08,HNMU-G7-R0186-STT3,grade6_7,shared/raw_data/HNMU-teacher_dialog_samples/Lớp 7.xlsx,186,8,each_tutor_turn,[]
BC-HNMU-G7-R0186-STT3-AI10,HNMU-G7-R0186-STT3,grade6_7,shared/raw_data/HNMU-teacher_dialog_samples/Lớp 7.xlsx,186,10,each_tutor_turn,[]
BC-HNMU-G7-R0187-STT4-AI02,HNMU-G7-R0187-STT4,grade6_7,shared/raw_data/HNMU-teacher_dialog_samples/Lớp 7.xlsx,187,2,each_tutor_turn,[]
BC-HNMU-G7-R0187-STT4-AI04,HNMU-G7-R0187-STT4,grade6_7,shared/raw_data/HNMU-teacher_dialog_samples/Lớp 7.xlsx,187,4,each_tutor_turn,[]
BC-HNMU-G7-R0187-STT4-AI06,HNMU-G7-R0187-STT4,grade6_7,shared/raw_data/HNMU-teacher_dialog_samples/Lớp 7.xlsx,187,6,each_tutor_turn,[]
BC-HNMU-G7-R0187-STT4-AI08,HNMU-G7-R0187-STT4,grade6_7,shared/raw_data/HNMU-teacher_dialog_samples/Lớp 7.xlsx,187,8,each_tutor_turn,[]
BC-HNMU-G7-R0187-STT4-AI10,HNMU-G7-R0187-STT4,grade6_7,shared/raw_data/HNMU-teacher_dialog_samples/Lớp 7.xlsx,187,10,each_tutor_turn,[]
BC-HNMU-G7-R0188-STT5-AI02,HNMU-G7-R0188-STT5,grade6_7,shared/raw_data/HNMU-teacher_dialog_samples/Lớp 7.xlsx,188,2,each_tutor_turn,[]
BC-HNMU-G7-R0188-STT5-AI04,HNMU-G7-R0188-STT5,grade6_7,shared/raw_data/HNMU-teacher_dialog_samples/Lớp 7.xlsx,188,4,each_tutor_turn,[]
BC-HNMU-G7-R0188-STT5-AI06,HNMU-G7-R0188-STT5,grade6_7,shared/raw_data/HNMU-teacher_dialog_samples/Lớp 7.xlsx,188,6,each_tutor_turn,[]
BC-HNMU-G7-R0188-STT5-AI08,HNMU-G7-R0188-STT5,grade6_7,shared/raw_data/HNMU-teacher_dialog_samples/Lớp 7.xlsx,188,8,each_tutor_turn,[]
BC-HNMU-G7-R0188-STT5-AI10,HNMU-G7-R0188-STT5,grade6_7,shared/raw_data/HNMU-teacher_dialog_samples/Lớp 7.xlsx,188,10,each_tutor_turn,[]
BC-HNMU-G7-R0189-STT6-AI02,HNMU-G7-R0189-STT6,grade6_7,shared/raw_data/HNMU-teacher_dialog_samples/Lớp 7.xlsx,189,2,each_tutor_turn,"[""DCR-20260723-001""]"
BC-HNMU-G7-R0189-STT6-AI04,HNMU-G7-R0189-STT6,grade6_7,shared/raw_data/HNMU-teacher_dialog_samples/Lớp 7.xlsx,189,4,each_tutor_turn,"[""DCR-20260723-001""]"
BC-HNMU-G7-R0189-STT6-AI06,HNMU-G7-R0189-STT6,grade6_7,shared/raw_data/HNMU-teacher_dialog_samples/Lớp 7.xlsx,189,6,each_tutor_turn,"[""DCR-20260723-001""]"
BC-HNMU-G7-R0189-STT6-AI08,HNMU-G7-R0189-STT6,grade6_7,shared/raw_data/HNMU-teacher_dialog_samples/Lớp 7.xlsx,189,8,each_tutor_turn,"[""DCR-20260723-001""]"
BC-HNMU-G7-R0189-STT6-AI10,HNMU-G7-R0189-STT6,grade6_7,shared/raw_data/HNMU-teacher_dialog_samples/Lớp 7.xlsx,189,10,each_tutor_turn,"[""DCR-20260723-001""]"
BC-HNMU-G7-R0190-STT7-AI02,HNMU-G7-R0190-STT7,grade6_7,shared/raw_data/HNMU-teacher_dialog_samples/Lớp 7.xlsx,190,2,each_tutor_turn,[]
BC-HNMU-G7-R0190-STT7-AI04,HNMU-G7-R0190-STT7,grade6_7,shared/raw_data/HNMU-teacher_dialog_samples/Lớp 7.xlsx,190,4,each_tutor_turn,[]
BC-HNMU-G7-R0190-STT7-AI06,HNMU-G7-R0190-STT7,grade6_7,shared/raw_data/HNMU-teacher_dialog_samples/Lớp 7.xlsx,190,6,each_tutor_turn,[]
BC-HNMU-G7-R0190-STT7-AI08,HNMU-G7-R0190-STT7,grade6_7,shared/raw_data/HNMU-teacher_dialog_samples/Lớp 7.xlsx,190,8,each_tutor_turn,[]
BC-HNMU-G7-R0190-STT7-AI10,HNMU-G7-R0190-STT7,grade6_7,shared/raw_data/HNMU-teacher_dialog_samples/Lớp 7.xlsx,190,10,each_tutor_turn,[]
BC-HNMU-G7-R0191-STT8-AI02,HNMU-G7-R0191-STT8,grade6_7,shared/raw_data/HNMU-teacher_dialog_samples/Lớp 7.xlsx,191,2,each_tutor_turn,[]
BC-HNMU-G7-R0191-STT8-AI04,HNMU-G7-R0191-STT8,grade6_7,shared/raw_data/HNMU-teacher_dialog_samples/Lớp 7.xlsx,191,4,each_tutor_turn,[]
BC-HNMU-G7-R0191-STT8-AI06,HNMU-G7-R0191-STT8,grade6_7,shared/raw_data/HNMU-teacher_dialog_samples/Lớp 7.xlsx,191,6,each_tutor_turn,[]
BC-HNMU-G7-R0191-STT8-AI08,HNMU-G7-R0191-STT8,grade6_7,shared/raw_data/HNMU-teacher_dialog_samples/Lớp 7.xlsx,191,8,each_tutor_turn,[]
BC-HNMU-G7-R0192-STT9-AI02,HNMU-G7-R0192-STT9,grade6_7,shared/raw_data/HNMU-teacher_dialog_samples/Lớp 7.xlsx,192,2,each_tutor_turn,[]
BC-HNMU-G7-R0192-STT9-AI04,HNMU-G7-R0192-STT9,grade6_7,shared/raw_data/HNMU-teacher_dialog_samples/Lớp 7.xlsx,192,4,each_tutor_turn,[]
BC-HNMU-G7-R0192-STT9-AI06,HNMU-G7-R0192-STT9,grade6_7,shared/raw_data/HNMU-teacher_dialog_samples/Lớp 7.xlsx,192,6,each_tutor_turn,[]
BC-HNMU-G7-R0192-STT9-AI08,HNMU-G7-R0192-STT9,grade6_7,shared/raw_data/HNMU-teacher_dialog_samples/Lớp 7.xlsx,192,8,each_tutor_turn,[]
BC-HNMU-G7-R0192-STT9-AI10,HNMU-G7-R0192-STT9,grade6_7,shared/raw_data/HNMU-teacher_dialog_samples/Lớp 7.xlsx,192,10,each_tutor_turn,[]
BC-HNMU-G7-R0193-STT10-AI02,HNMU-G7-R0193-STT10,grade6_7,shared/raw_data/HNMU-teacher_dialog_samples/Lớp 7.xlsx,193,2,each_tutor_turn,[]
BC-HNMU-G7-R0193-STT10-AI04,HNMU-G7-R0193-STT10,grade6_7,shared/raw_data/HNMU-teacher_dialog_samples/Lớp 7.xlsx,193,4,each_tutor_turn,[]
BC-HNMU-G7-R0193-STT10-AI06,HNMU-G7-R0193-STT10,grade6_7,shared/raw_data/HNMU-teacher_dialog_samples/Lớp 7.xlsx,193,6,each_tutor_turn,[]
BC-HNMU-G7-R0193-STT10-AI08,HNMU-G7-R0193-STT10,grade6_7,shared/raw_data/HNMU-teacher_dialog_samples/Lớp 7.xlsx,193,8,each_tutor_turn,[]
BC-HNMU-G7-R0193-STT10-AI10,HNMU-G7-R0193-STT10,grade6_7,shared/raw_data/HNMU-teacher_dialog_samples/Lớp 7.xlsx,193,10,each_tutor_turn,[]
BC-HNMU-G7-R0194-STT11-AI02,HNMU-G7-R0194-STT11,grade6_7,shared/raw_data/HNMU-teacher_dialog_samples/Lớp 7.xlsx,194,2,each_tutor_turn,[]
BC-HNMU-G7-R0194-STT11-AI04,HNMU-G7-R0194-STT11,grade6_7,shared/raw_data/HNMU-teacher_dialog_samples/Lớp 7.xlsx,194,4,each_tutor_turn,[]
BC-HNMU-G7-R0194-STT11-AI06,HNMU-G7-R0194-STT11,grade6_7,shared/raw_data/HNMU-teacher_dialog_samples/Lớp 7.xlsx,194,6,each_tutor_turn,[]
BC-HNMU-G7-R0194-STT11-AI08,HNMU-G7-R0194-STT11,grade6_7,shared/raw_data/HNMU-teacher_dialog_samples/Lớp 7.xlsx,194,8,each_tutor_turn,[]
BC-HNMU-G7-R0194-STT11-AI10,HNMU-G7-R0194-STT11,grade6_7,shared/raw_data/HNMU-teacher_dialog_samples/Lớp 7.xlsx,194,10,each_tutor_turn,[]
BC-HNMU-G7-R0196-STT13-AI02,HNMU-G7-R0196-STT13,grade6_7,shared/raw_data/HNMU-teacher_dialog_samples/Lớp 7.xlsx,196,2,each_tutor_turn,[]
BC-HNMU-G7-R0196-STT13-AI04,HNMU-G7-R0196-STT13,grade6_7,shared/raw_data/HNMU-teacher_dialog_samples/Lớp 7.xlsx,196,4,each_tutor_turn,[]
BC-HNMU-G7-R0196-STT13-AI06,HNMU-G7-R0196-STT13,grade6_7,shared/raw_data/HNMU-teacher_dialog_samples/Lớp 7.xlsx,196,6,each_tutor_turn,[]
BC-HNMU-G7-R0196-STT13-AI08,HNMU-G7-R0196-STT13,grade6_7,shared/raw_data/HNMU-teacher_dialog_samples/Lớp 7.xlsx,196,8,each_tutor_turn,[]
BC-HNMU-G7-R0196-STT13-AI10,HNMU-G7-R0196-STT13,grade6_7,shared/raw_data/HNMU-teacher_dialog_samples/Lớp 7.xlsx,196,10,each_tutor_turn,[]
BC-HNMU-G7-R0197-STT14-AI02,HNMU-G7-R0197-STT14,grade6_7,shared/raw_data/HNMU-teacher_dialog_samples/Lớp 7.xlsx,197,2,each_tutor_turn,[]
BC-HNMU-G7-R0197-STT14-AI04,HNMU-G7-R0197-STT14,grade6_7,shared/raw_data/HNMU-teacher_dialog_samples/Lớp 7.xlsx,197,4,each_tutor_turn,[]
BC-HNMU-G7-R0197-STT14-AI06,HNMU-G7-R0197-STT14,grade6_7,shared/raw_data/HNMU-teacher_dialog_samples/Lớp 7.xlsx,197,6,each_tutor_turn,[]
BC-HNMU-G7-R0197-STT14-AI08,HNMU-G7-R0197-STT14,grade6_7,shared/raw_data/HNMU-teacher_dialog_samples/Lớp 7.xlsx,197,8,each_tutor_turn,[]
BC-HNMU-G7-R0197-STT14-AI10,HNMU-G7-R0197-STT14,grade6_7,shared/raw_data/HNMU-teacher_dialog_samples/Lớp 7.xlsx,197,10,each_tutor_turn,[]
BC-HNMU-G7-R0197-STT14-AI12,HNMU-G7-R0197-STT14,grade6_7,shared/raw_data/HNMU-teacher_dialog_samples/Lớp 7.xlsx,197,12,each_tutor_turn,[]
BC-HNMU-G7-R0198-STT1-AI02,HNMU-G7-R0198-STT1,grade6_7,shared/raw_data/HNMU-teacher_dialog_samples/Lớp 7.xlsx,198,2,each_tutor_turn,[]
BC-HNMU-G7-R0198-STT1-AI04,HNMU-G7-R0198-STT1,grade6_7,shared/raw_data/HNMU-teacher_dialog_samples/Lớp 7.xlsx,198,4,each_tutor_turn,[]
BC-HNMU-G7-R0198-STT1-AI06,HNMU-G7-R0198-STT1,grade6_7,shared/raw_data/HNMU-teacher_dialog_samples/Lớp 7.xlsx,198,6,each_tutor_turn,[]
BC-HNMU-G7-R0198-STT1-AI08,HNMU-G7-R0198-STT1,grade6_7,shared/raw_data/HNMU-teacher_dialog_samples/Lớp 7.xlsx,198,8,each_tutor_turn,[]
BC-HNMU-G7-R0198-STT1-AI10,HNMU-G7-R0198-STT1,grade6_7,shared/raw_data/HNMU-teacher_dialog_samples/Lớp 7.xlsx,198,10,each_tutor_turn,[]
BC-HNMU-G7-R0199-STT2-AI02,HNMU-G7-R0199-STT2,grade6_7,shared/raw_data/HNMU-teacher_dialog_samples/Lớp 7.xlsx,199,2,each_tutor_turn,[]
BC-HNMU-G7-R0199-STT2-AI04,HNMU-G7-R0199-STT2,grade6_7,shared/raw_data/HNMU-teacher_dialog_samples/Lớp 7.xlsx,199,4,each_tutor_turn,[]
BC-HNMU-G7-R0199-STT2-AI06,HNMU-G7-R0199-STT2,grade6_7,shared/raw_data/HNMU-teacher_dialog_samples/Lớp 7.xlsx,199,6,each_tutor_turn,[]
BC-HNMU-G7-R0199-STT2-AI08,HNMU-G7-R0199-STT2,grade6_7,shared/raw_data/HNMU-teacher_dialog_samples/Lớp 7.xlsx,199,8,each_tutor_turn,[]
BC-HNMU-G7-R0199-STT2-AI10,HNMU-G7-R0199-STT2,grade6_7,shared/raw_data/HNMU-teacher_dialog_samples/Lớp 7.xlsx,199,10,each_tutor_turn,[]
BC-HNMU-G7-R0200-STT3-AI02,HNMU-G7-R0200-STT3,grade6_7,shared/raw_data/HNMU-teacher_dialog_samples/Lớp 7.xlsx,200,2,each_tutor_turn,[]
BC-HNMU-G7-R0200-STT3-AI04,HNMU-G7-R0200-STT3,grade6_7,shared/raw_data/HNMU-teacher_dialog_samples/Lớp 7.xlsx,200,4,each_tutor_turn,[]
BC-HNMU-G7-R0200-STT3-AI06,HNMU-G7-R0200-STT3,grade6_7,shared/raw_data/HNMU-teacher_dialog_samples/Lớp 7.xlsx,200,6,each_tutor_turn,[]
BC-HNMU-G7-R0200-STT3-AI08,HNMU-G7-R0200-STT3,grade6_7,shared/raw_data/HNMU-teacher_dialog_samples/Lớp 7.xlsx,200,8,each_tutor_turn,[]
BC-HNMU-G7-R0200-STT3-AI10,HNMU-G7-R0200-STT3,grade6_7,shared/raw_data/HNMU-teacher_dialog_samples/Lớp 7.xlsx,200,10,each_tutor_turn,[]
BC-HNMU-G7-R0201-STT4-AI02,HNMU-G7-R0201-STT4,grade6_7,shared/raw_data/HNMU-teacher_dialog_samples/Lớp 7.xlsx,201,2,each_tutor_turn,[]
BC-HNMU-G7-R0201-STT4-AI04,HNMU-G7-R0201-STT4,grade6_7,shared/raw_data/HNMU-teacher_dialog_samples/Lớp 7.xlsx,201,4,each_tutor_turn,[]
BC-HNMU-G7-R0201-STT4-AI06,HNMU-G7-R0201-STT4,grade6_7,shared/raw_data/HNMU-teacher_dialog_samples/Lớp 7.xlsx,201,6,each_tutor_turn,[]
BC-HNMU-G7-R0201-STT4-AI08,HNMU-G7-R0201-STT4,grade6_7,shared/raw_data/HNMU-teacher_dialog_samples/Lớp 7.xlsx,201,8,each_tutor_turn,[]
BC-HNMU-G7-R0201-STT4-AI10,HNMU-G7-R0201-STT4,grade6_7,shared/raw_data/HNMU-teacher_dialog_samples/Lớp 7.xlsx,201,10,each_tutor_turn,[]
BC-HNMU-G7-R0201-STT4-AI12,HNMU-G7-R0201-STT4,grade6_7,shared/raw_data/HNMU-teacher_dialog_samples/Lớp 7.xlsx,201,12,each_tutor_turn,[]
BC-HNMU-G7-R0202-STT5-AI02,HNMU-G7-R0202-STT5,grade6_7,shared/raw_data/HNMU-teacher_dialog_samples/Lớp 7.xlsx,202,2,each_tutor_turn,[]
BC-HNMU-G7-R0202-STT5-AI04,HNMU-G7-R0202-STT5,grade6_7,shared/raw_data/HNMU-teacher_dialog_samples/Lớp 7.xlsx,202,4,each_tutor_turn,[]
BC-HNMU-G7-R0202-STT5-AI06,HNMU-G7-R0202-STT5,grade6_7,shared/raw_data/HNMU-teacher_dialog_samples/Lớp 7.xlsx,202,6,each_tutor_turn,[]
BC-HNMU-G7-R0202-STT5-AI08,HNMU-G7-R0202-STT5,grade6_7,shared/raw_data/HNMU-teacher_dialog_samples/Lớp 7.xlsx,202,8,each_tutor_turn,[]
BC-HNMU-G7-R0202-STT5-AI10,HNMU-G7-R0202-STT5,grade6_7,shared/raw_data/HNMU-teacher_dialog_samples/Lớp 7.xlsx,202,10,each_tutor_turn,[]
BC-HNMU-G7-R0202-STT5-AI12,HNMU-G7-R0202-STT5,grade6_7,shared/raw_data/HNMU-teacher_dialog_samples/Lớp 7.xlsx,202,12,each_tutor_turn,[]
BC-HNMU-G7-R0203-STT6-AI02,HNMU-G7-R0203-STT6,grade6_7,shared/raw_data/HNMU-teacher_dialog_samples/Lớp 7.xlsx,203,2,each_tutor_turn,[]
BC-HNMU-G7-R0203-STT6-AI04,HNMU-G7-R0203-STT6,grade6_7,shared/raw_data/HNMU-teacher_dialog_samples/Lớp 7.xlsx,203,4,each_tutor_turn,[]
BC-HNMU-G7-R0203-STT6-AI06,HNMU-G7-R0203-STT6,grade6_7,shared/raw_data/HNMU-teacher_dialog_samples/Lớp 7.xlsx,203,6,each_tutor_turn,[]
BC-HNMU-G7-R0203-STT6-AI08,HNMU-G7-R0203-STT6,grade6_7,shared/raw_data/HNMU-teacher_dialog_samples/Lớp 7.xlsx,203,8,each_tutor_turn,[]
BC-HNMU-G7-R0203-STT6-AI10,HNMU-G7-R0203-STT6,grade6_7,shared/raw_data/HNMU-teacher_dialog_samples/Lớp 7.xlsx,203,10,each_tutor_turn,[]
BC-HNMU-G7-R0203-STT6-AI12,HNMU-G7-R0203-STT6,grade6_7,shared/raw_data/HNMU-teacher_dialog_samples/Lớp 7.xlsx,203,12,each_tutor_turn,[]
BC-HNMU-G7-R0204-STT7-AI02,HNMU-G7-R0204-STT7,grade6_7,shared/raw_data/HNMU-teacher_dialog_samples/Lớp 7.xlsx,204,2,each_tutor_turn,[]
BC-HNMU-G7-R0204-STT7-AI04,HNMU-G7-R0204-STT7,grade6_7,shared/raw_data/HNMU-teacher_dialog_samples/Lớp 7.xlsx,204,4,each_tutor_turn,[]
BC-HNMU-G7-R0204-STT7-AI06,HNMU-G7-R0204-STT7,grade6_7,shared/raw_data/HNMU-teacher_dialog_samples/Lớp 7.xlsx,204,6,each_tutor_turn,[]
BC-HNMU-G7-R0204-STT7-AI08,HNMU-G7-R0204-STT7,grade6_7,shared/raw_data/HNMU-teacher_dialog_samples/Lớp 7.xlsx,204,8,each_tutor_turn,[]
BC-HNMU-G7-R0204-STT7-AI10,HNMU-G7-R0204-STT7,grade6_7,shared/raw_data/HNMU-teacher_dialog_samples/Lớp 7.xlsx,204,10,each_tutor_turn,[]
BC-HNMU-G7-R0204-STT7-AI12,HNMU-G7-R0204-STT7,grade6_7,shared/raw_data/HNMU-teacher_dialog_samples/Lớp 7.xlsx,204,12,each_tutor_turn,[]
BC-HNMU-G7-R0204-STT7-AI14,HNMU-G7-R0204-STT7,grade6_7,shared/raw_data/HNMU-teacher_dialog_samples/Lớp 7.xlsx,204,14,each_tutor_turn,[]
BC-HNMU-G7-R0205-STT8-AI02,HNMU-G7-R0205-STT8,grade6_7,shared/raw_data/HNMU-teacher_dialog_samples/Lớp 7.xlsx,205,2,each_tutor_turn,[]
BC-HNMU-G7-R0205-STT8-AI04,HNMU-G7-R0205-STT8,grade6_7,shared/raw_data/HNMU-teacher_dialog_samples/Lớp 7.xlsx,205,4,each_tutor_turn,[]
BC-HNMU-G7-R0205-STT8-AI06,HNMU-G7-R0205-STT8,grade6_7,shared/raw_data/HNMU-teacher_dialog_samples/Lớp 7.xlsx,205,6,each_tutor_turn,[]
BC-HNMU-G7-R0205-STT8-AI08,HNMU-G7-R0205-STT8,grade6_7,shared/raw_data/HNMU-teacher_dialog_samples/Lớp 7.xlsx,205,8,each_tutor_turn,[]
BC-HNMU-G7-R0205-STT8-AI10,HNMU-G7-R0205-STT8,grade6_7,shared/raw_data/HNMU-teacher_dialog_samples/Lớp 7.xlsx,205,10,each_tutor_turn,[]
BC-HNMU-G7-R0205-STT8-AI12,HNMU-G7-R0205-STT8,grade6_7,shared/raw_data/HNMU-teacher_dialog_samples/Lớp 7.xlsx,205,12,each_tutor_turn,[]
BC-HNMU-G7-R0206-STT9-AI02,HNMU-G7-R0206-STT9,grade6_7,shared/raw_data/HNMU-teacher_dialog_samples/Lớp 7.xlsx,206,2,each_tutor_turn,[]
BC-HNMU-G7-R0206-STT9-AI04,HNMU-G7-R0206-STT9,grade6_7,shared/raw_data/HNMU-teacher_dialog_samples/Lớp 7.xlsx,206,4,each_tutor_turn,[]
BC-HNMU-G7-R0206-STT9-AI06,HNMU-G7-R0206-STT9,grade6_7,shared/raw_data/HNMU-teacher_dialog_samples/Lớp 7.xlsx,206,6,each_tutor_turn,[]
BC-HNMU-G7-R0206-STT9-AI08,HNMU-G7-R0206-STT9,grade6_7,shared/raw_data/HNMU-teacher_dialog_samples/Lớp 7.xlsx,206,8,each_tutor_turn,[]
BC-HNMU-G7-R0206-STT9-AI10,HNMU-G7-R0206-STT9,grade6_7,shared/raw_data/HNMU-teacher_dialog_samples/Lớp 7.xlsx,206,10,each_tutor_turn,[]
BC-HNMU-G7-R0206-STT9-AI12,HNMU-G7-R0206-STT9,grade6_7,shared/raw_data/HNMU-teacher_dialog_samples/Lớp 7.xlsx,206,12,each_tutor_turn,[]
BC-HNMU-G7-R0207-STT10-AI02,HNMU-G7-R0207-STT10,grade6_7,shared/raw_data/HNMU-teacher_dialog_samples/Lớp 7.xlsx,207,2,each_tutor_turn,[]
BC-HNMU-G7-R0207-STT10-AI04,HNMU-G7-R0207-STT10,grade6_7,shared/raw_data/HNMU-teacher_dialog_samples/Lớp 7.xlsx,207,4,each_tutor_turn,[]
BC-HNMU-G7-R0207-STT10-AI06,HNMU-G7-R0207-STT10,grade6_7,shared/raw_data/HNMU-teacher_dialog_samples/Lớp 7.xlsx,207,6,each_tutor_turn,[]
BC-HNMU-G7-R0207-STT10-AI08,HNMU-G7-R0207-STT10,grade6_7,shared/raw_data/HNMU-teacher_dialog_samples/Lớp 7.xlsx,207,8,each_tutor_turn,[]
BC-HNMU-G7-R0207-STT10-AI10,HNMU-G7-R0207-STT10,grade6_7,shared/raw_data/HNMU-teacher_dialog_samples/Lớp 7.xlsx,207,10,each_tutor_turn,[]
BC-HNMU-G7-R0208-STT11-AI02,HNMU-G7-R0208-STT11,grade6_7,shared/raw_data/HNMU-teacher_dialog_samples/Lớp 7.xlsx,208,2,each_tutor_turn,[]
BC-HNMU-G7-R0208-STT11-AI04,HNMU-G7-R0208-STT11,grade6_7,shared/raw_data/HNMU-teacher_dialog_samples/Lớp 7.xlsx,208,4,each_tutor_turn,[]
BC-HNMU-G7-R0208-STT11-AI06,HNMU-G7-R0208-STT11,grade6_7,shared/raw_data/HNMU-teacher_dialog_samples/Lớp 7.xlsx,208,6,each_tutor_turn,[]
BC-HNMU-G7-R0208-STT11-AI08,HNMU-G7-R0208-STT11,grade6_7,shared/raw_data/HNMU-teacher_dialog_samples/Lớp 7.xlsx,208,8,each_tutor_turn,[]
BC-HNMU-G7-R0208-STT11-AI10,HNMU-G7-R0208-STT11,grade6_7,shared/raw_data/HNMU-teacher_dialog_samples/Lớp 7.xlsx,208,10,each_tutor_turn,[]
BC-HNMU-G7-R0209-STT12-AI02,HNMU-G7-R0209-STT12,grade6_7,shared/raw_data/HNMU-teacher_dialog_samples/Lớp 7.xlsx,209,2,each_tutor_turn,[]
BC-HNMU-G7-R0209-STT12-AI04,HNMU-G7-R0209-STT12,grade6_7,shared/raw_data/HNMU-teacher_dialog_samples/Lớp 7.xlsx,209,4,each_tutor_turn,[]
BC-HNMU-G7-R0209-STT12-AI06,HNMU-G7-R0209-STT12,grade6_7,shared/raw_data/HNMU-teacher_dialog_samples/Lớp 7.xlsx,209,6,each_tutor_turn,[]
BC-HNMU-G7-R0209-STT12-AI08,HNMU-G7-R0209-STT12,grade6_7,shared/raw_data/HNMU-teacher_dialog_samples/Lớp 7.xlsx,209,8,each_tutor_turn,[]
BC-HNMU-G7-R0209-STT12-AI10,HNMU-G7-R0209-STT12,grade6_7,shared/raw_data/HNMU-teacher_dialog_samples/Lớp 7.xlsx,209,10,each_tutor_turn,[]
BC-HNMU-G7-R0209-STT12-AI12,HNMU-G7-R0209-STT12,grade6_7,shared/raw_data/HNMU-teacher_dialog_samples/Lớp 7.xlsx,209,12,each_tutor_turn,[]
BC-HNMU-G7-R0209-STT12-AI14,HNMU-G7-R0209-STT12,grade6_7,shared/raw_data/HNMU-teacher_dialog_samples/Lớp 7.xlsx,209,14,each_tutor_turn,[]
BC-HNMU-G7-R0210-STT13-AI02,HNMU-G7-R0210-STT13,grade6_7,shared/raw_data/HNMU-teacher_dialog_samples/Lớp 7.xlsx,210,2,each_tutor_turn,[]
BC-HNMU-G7-R0210-STT13-AI04,HNMU-G7-R0210-STT13,grade6_7,shared/raw_data/HNMU-teacher_dialog_samples/Lớp 7.xlsx,210,4,each_tutor_turn,[]
BC-HNMU-G7-R0210-STT13-AI06,HNMU-G7-R0210-STT13,grade6_7,shared/raw_data/HNMU-teacher_dialog_samples/Lớp 7.xlsx,210,6,each_tutor_turn,[]
BC-HNMU-G7-R0210-STT13-AI08,HNMU-G7-R0210-STT13,grade6_7,shared/raw_data/HNMU-teacher_dialog_samples/Lớp 7.xlsx,210,8,each_tutor_turn,[]
BC-HNMU-G7-R0210-STT13-AI10,HNMU-G7-R0210-STT13,grade6_7,shared/raw_data/HNMU-teacher_dialog_samples/Lớp 7.xlsx,210,10,each_tutor_turn,[]
BC-HNMU-G7-R0210-STT13-AI12,HNMU-G7-R0210-STT13,grade6_7,shared/raw_data/HNMU-teacher_dialog_samples/Lớp 7.xlsx,210,12,each_tutor_turn,[]
BC-HNMU-G7-R0211-STT14-AI02,HNMU-G7-R0211-STT14,grade6_7,shared/raw_data/HNMU-teacher_dialog_samples/Lớp 7.xlsx,211,2,each_tutor_turn,[]
BC-HNMU-G7-R0211-STT14-AI04,HNMU-G7-R0211-STT14,grade6_7,shared/raw_data/HNMU-teacher_dialog_samples/Lớp 7.xlsx,211,4,each_tutor_turn,[]
BC-HNMU-G7-R0211-STT14-AI06,HNMU-G7-R0211-STT14,grade6_7,shared/raw_data/HNMU-teacher_dialog_samples/Lớp 7.xlsx,211,6,each_tutor_turn,[]
BC-HNMU-G7-R0211-STT14-AI08,HNMU-G7-R0211-STT14,grade6_7,shared/raw_data/HNMU-teacher_dialog_samples/Lớp 7.xlsx,211,8,each_tutor_turn,[]
BC-HNMU-G7-R0211-STT14-AI10,HNMU-G7-R0211-STT14,grade6_7,shared/raw_data/HNMU-teacher_dialog_samples/Lớp 7.xlsx,211,10,each_tutor_turn,[]
BC-HNMU-G7-R0211-STT14-AI12,HNMU-G7-R0211-STT14,grade6_7,shared/raw_data/HNMU-teacher_dialog_samples/Lớp 7.xlsx,211,12,each_tutor_turn,[]
BC-HNMU-G8-R0002-STT1-AI02,HNMU-G8-R0002-STT1,grade8_9,shared/raw_data/HNMU-teacher_dialog_samples/Lớp 8.xlsx,2,2,each_tutor_turn,[]
BC-HNMU-G8-R0002-STT1-AI04,HNMU-G8-R0002-STT1,grade8_9,shared/raw_data/HNMU-teacher_dialog_samples/Lớp 8.xlsx,2,4,each_tutor_turn,[]
BC-HNMU-G8-R0003-STT2-AI02,HNMU-G8-R0003-STT2,grade8_9,shared/raw_data/HNMU-teacher_dialog_samples/Lớp 8.xlsx,3,2,each_tutor_turn,[]
BC-HNMU-G8-R0003-STT2-AI04,HNMU-G8-R0003-STT2,grade8_9,shared/raw_data/HNMU-teacher_dialog_samples/Lớp 8.xlsx,3,4,each_tutor_turn,[]
BC-HNMU-G8-R0004-STT3-AI02,HNMU-G8-R0004-STT3,grade8_9,shared/raw_data/HNMU-teacher_dialog_samples/Lớp 8.xlsx,4,2,each_tutor_turn,[]
BC-HNMU-G8-R0004-STT3-AI04,HNMU-G8-R0004-STT3,grade8_9,shared/raw_data/HNMU-teacher_dialog_samples/Lớp 8.xlsx,4,4,each_tutor_turn,[]
BC-HNMU-G8-R0005-STT4-AI02,HNMU-G8-R0005-STT4,grade8_9,shared/raw_data/HNMU-teacher_dialog_samples/Lớp 8.xlsx,5,2,each_tutor_turn,[]
BC-HNMU-G8-R0005-STT4-AI04,HNMU-G8-R0005-STT4,grade8_9,shared/raw_data/HNMU-teacher_dialog_samples/Lớp 8.xlsx,5,4,each_tutor_turn,[]
BC-HNMU-G8-R0006-STT5-AI02,HNMU-G8-R0006-STT5,grade8_9,shared/raw_data/HNMU-teacher_dialog_samples/Lớp 8.xlsx,6,2,each_tutor_turn,[]
BC-HNMU-G8-R0006-STT5-AI04,HNMU-G8-R0006-STT5,grade8_9,shared/raw_data/HNMU-teacher_dialog_samples/Lớp 8.xlsx,6,4,each_tutor_turn,[]
BC-HNMU-G8-R0007-STT6-AI02,HNMU-G8-R0007-STT6,grade8_9,shared/raw_data/HNMU-teacher_dialog_samples/Lớp 8.xlsx,7,2,each_tutor_turn,[]
BC-HNMU-G8-R0007-STT6-AI04,HNMU-G8-R0007-STT6,grade8_9,shared/raw_data/HNMU-teacher_dialog_samples/Lớp 8.xlsx,7,4,each_tutor_turn,[]
BC-HNMU-G8-R0007-STT6-AI06,HNMU-G8-R0007-STT6,grade8_9,shared/raw_data/HNMU-teacher_dialog_samples/Lớp 8.xlsx,7,6,each_tutor_turn,[]
BC-HNMU-G8-R0008-STT7-AI02,HNMU-G8-R0008-STT7,grade8_9,shared/raw_data/HNMU-teacher_dialog_samples/Lớp 8.xlsx,8,2,each_tutor_turn,[]
BC-HNMU-G8-R0008-STT7-AI04,HNMU-G8-R0008-STT7,grade8_9,shared/raw_data/HNMU-teacher_dialog_samples/Lớp 8.xlsx,8,4,each_tutor_turn,[]
BC-HNMU-G8-R0009-STT8-AI02,HNMU-G8-R0009-STT8,grade8_9,shared/raw_data/HNMU-teacher_dialog_samples/Lớp 8.xlsx,9,2,each_tutor_turn,[]
BC-HNMU-G8-R0009-STT8-AI04,HNMU-G8-R0009-STT8,grade8_9,shared/raw_data/HNMU-teacher_dialog_samples/Lớp 8.xlsx,9,4,each_tutor_turn,[]
BC-HNMU-G8-R0010-STT9-AI02,HNMU-G8-R0010-STT9,grade8_9,shared/raw_data/HNMU-teacher_dialog_samples/Lớp 8.xlsx,10,2,each_tutor_turn,[]
BC-HNMU-G8-R0010-STT9-AI04,HNMU-G8-R0010-STT9,grade8_9,shared/raw_data/HNMU-teacher_dialog_samples/Lớp 8.xlsx,10,4,each_tutor_turn,[]
BC-HNMU-G8-R0011-STT10-AI02,HNMU-G8-R0011-STT10,grade8_9,shared/raw_data/HNMU-teacher_dialog_samples/Lớp 8.xlsx,11,2,each_tutor_turn,[]
BC-HNMU-G8-R0011-STT10-AI04,HNMU-G8-R0011-STT10,grade8_9,shared/raw_data/HNMU-teacher_dialog_samples/Lớp 8.xlsx,11,4,each_tutor_turn,[]
BC-HNMU-G8-R0012-STT11-AI02,HNMU-G8-R0012-STT11,grade8_9,shared/raw_data/HNMU-teacher_dialog_samples/Lớp 8.xlsx,12,2,each_tutor_turn,[]
BC-HNMU-G8-R0012-STT11-AI04,HNMU-G8-R0012-STT11,grade8_9,shared/raw_data/HNMU-teacher_dialog_samples/Lớp 8.xlsx,12,4,each_tutor_turn,[]
BC-HNMU-G8-R0013-STT12-AI02,HNMU-G8-R0013-STT12,grade8_9,shared/raw_data/HNMU-teacher_dialog_samples/Lớp 8.xlsx,13,2,each_tutor_turn,[]
BC-HNMU-G8-R0013-STT12-AI04,HNMU-G8-R0013-STT12,grade8_9,shared/raw_data/HNMU-teacher_dialog_samples/Lớp 8.xlsx,13,4,each_tutor_turn,[]
BC-HNMU-G8-R0014-STT13-AI02,HNMU-G8-R0014-STT13,grade8_9,shared/raw_data/HNMU-teacher_dialog_samples/Lớp 8.xlsx,14,2,each_tutor_turn,[]
BC-HNMU-G8-R0014-STT13-AI04,HNMU-G8-R0014-STT13,grade8_9,shared/raw_data/HNMU-teacher_dialog_samples/Lớp 8.xlsx,14,4,each_tutor_turn,[]
BC-HNMU-G8-R0015-STT14-AI02,HNMU-G8-R0015-STT14,grade8_9,shared/raw_data/HNMU-teacher_dialog_samples/Lớp 8.xlsx,15,2,each_tutor_turn,[]
BC-HNMU-G8-R0015-STT14-AI04,HNMU-G8-R0015-STT14,grade8_9,shared/raw_data/HNMU-teacher_dialog_samples/Lớp 8.xlsx,15,4,each_tutor_turn,[]
BC-HNMU-G8-R0015-STT14-AI06,HNMU-G8-R0015-STT14,grade8_9,shared/raw_data/HNMU-teacher_dialog_samples/Lớp 8.xlsx,15,6,each_tutor_turn,[]
BC-HNMU-G8-R0016-STT1-AI02,HNMU-G8-R0016-STT1,grade8_9,shared/raw_data/HNMU-teacher_dialog_samples/Lớp 8.xlsx,16,2,each_tutor_turn,[]
BC-HNMU-G8-R0016-STT1-AI04,HNMU-G8-R0016-STT1,grade8_9,shared/raw_data/HNMU-teacher_dialog_samples/Lớp 8.xlsx,16,4,each_tutor_turn,[]
BC-HNMU-G8-R0016-STT1-AI06,HNMU-G8-R0016-STT1,grade8_9,shared/raw_data/HNMU-teacher_dialog_samples/Lớp 8.xlsx,16,6,each_tutor_turn,[]
BC-HNMU-G8-R0017-STT2-AI02,HNMU-G8-R0017-STT2,grade8_9,shared/raw_data/HNMU-teacher_dialog_samples/Lớp 8.xlsx,17,2,each_tutor_turn,[]
BC-HNMU-G8-R0017-STT2-AI04,HNMU-G8-R0017-STT2,grade8_9,shared/raw_data/HNMU-teacher_dialog_samples/Lớp 8.xlsx,17,4,each_tutor_turn,[]
BC-HNMU-G8-R0017-STT2-AI06,HNMU-G8-R0017-STT2,grade8_9,shared/raw_data/HNMU-teacher_dialog_samples/Lớp 8.xlsx,17,6,each_tutor_turn,[]
BC-HNMU-G8-R0018-STT3-AI02,HNMU-G8-R0018-STT3,grade8_9,shared/raw_data/HNMU-teacher_dialog_samples/Lớp 8.xlsx,18,2,each_tutor_turn,[]
BC-HNMU-G8-R0018-STT3-AI04,HNMU-G8-R0018-STT3,grade8_9,shared/raw_data/HNMU-teacher_dialog_samples/Lớp 8.xlsx,18,4,each_tutor_turn,[]
BC-HNMU-G8-R0018-STT3-AI06,HNMU-G8-R0018-STT3,grade8_9,shared/raw_data/HNMU-teacher_dialog_samples/Lớp 8.xlsx,18,6,each_tutor_turn,[]
BC-HNMU-G8-R0019-STT4-AI02,HNMU-G8-R0019-STT4,grade8_9,shared/raw_data/HNMU-teacher_dialog_samples/Lớp 8.xlsx,19,2,each_tutor_turn,[]
BC-HNMU-G8-R0019-STT4-AI04,HNMU-G8-R0019-STT4,grade8_9,shared/raw_data/HNMU-teacher_dialog_samples/Lớp 8.xlsx,19,4,each_tutor_turn,[]
BC-HNMU-G8-R0020-STT5-AI02,HNMU-G8-R0020-STT5,grade8_9,shared/raw_data/HNMU-teacher_dialog_samples/Lớp 8.xlsx,20,2,each_tutor_turn,[]
BC-HNMU-G8-R0020-STT5-AI04,HNMU-G8-R0020-STT5,grade8_9,shared/raw_data/HNMU-teacher_dialog_samples/Lớp 8.xlsx,20,4,each_tutor_turn,[]
BC-HNMU-G8-R0020-STT5-AI06,HNMU-G8-R0020-STT5,grade8_9,shared/raw_data/HNMU-teacher_dialog_samples/Lớp 8.xlsx,20,6,each_tutor_turn,[]
BC-HNMU-G8-R0021-STT6-AI02,HNMU-G8-R0021-STT6,grade8_9,shared/raw_data/HNMU-teacher_dialog_samples/Lớp 8.xlsx,21,2,each_tutor_turn,[]
BC-HNMU-G8-R0021-STT6-AI04,HNMU-G8-R0021-STT6,grade8_9,shared/raw_data/HNMU-teacher_dialog_samples/Lớp 8.xlsx,21,4,each_tutor_turn,[]
BC-HNMU-G8-R0022-STT7-AI02,HNMU-G8-R0022-STT7,grade8_9,shared/raw_data/HNMU-teacher_dialog_samples/Lớp 8.xlsx,22,2,each_tutor_turn,[]
BC-HNMU-G8-R0022-STT7-AI04,HNMU-G8-R0022-STT7,grade8_9,shared/raw_data/HNMU-teacher_dialog_samples/Lớp 8.xlsx,22,4,each_tutor_turn,[]
BC-HNMU-G8-R0022-STT7-AI06,HNMU-G8-R0022-STT7,grade8_9,shared/raw_data/HNMU-teacher_dialog_samples/Lớp 8.xlsx,22,6,each_tutor_turn,[]
BC-HNMU-G8-R0023-STT8-AI02,HNMU-G8-R0023-STT8,grade8_9,shared/raw_data/HNMU-teacher_dialog_samples/Lớp 8.xlsx,23,2,each_tutor_turn,[]
BC-HNMU-G8-R0023-STT8-AI04,HNMU-G8-R0023-STT8,grade8_9,shared/raw_data/HNMU-teacher_dialog_samples/Lớp 8.xlsx,23,4,each_tutor_turn,[]
BC-HNMU-G8-R0023-STT8-AI06,HNMU-G8-R0023-STT8,grade8_9,shared/raw_data/HNMU-teacher_dialog_samples/Lớp 8.xlsx,23,6,each_tutor_turn,[]
BC-HNMU-G8-R0024-STT9-AI02,HNMU-G8-R0024-STT9,grade8_9,shared/raw_data/HNMU-teacher_dialog_samples/Lớp 8.xlsx,24,2,each_tutor_turn,[]
BC-HNMU-G8-R0024-STT9-AI04,HNMU-G8-R0024-STT9,grade8_9,shared/raw_data/HNMU-teacher_dialog_samples/Lớp 8.xlsx,24,4,each_tutor_turn,[]
BC-HNMU-G8-R0025-STT10-AI02,HNMU-G8-R0025-STT10,grade8_9,shared/raw_data/HNMU-teacher_dialog_samples/Lớp 8.xlsx,25,2,each_tutor_turn,[]
BC-HNMU-G8-R0025-STT10-AI04,HNMU-G8-R0025-STT10,grade8_9,shared/raw_data/HNMU-teacher_dialog_samples/Lớp 8.xlsx,25,4,each_tutor_turn,[]
BC-HNMU-G8-R0025-STT10-AI06,HNMU-G8-R0025-STT10,grade8_9,shared/raw_data/HNMU-teacher_dialog_samples/Lớp 8.xlsx,25,6,each_tutor_turn,[]
BC-HNMU-G8-R0026-STT11-AI02,HNMU-G8-R0026-STT11,grade8_9,shared/raw_data/HNMU-teacher_dialog_samples/Lớp 8.xlsx,26,2,each_tutor_turn,[]
BC-HNMU-G8-R0026-STT11-AI04,HNMU-G8-R0026-STT11,grade8_9,shared/raw_data/HNMU-teacher_dialog_samples/Lớp 8.xlsx,26,4,each_tutor_turn,[]
BC-HNMU-G8-R0026-STT11-AI06,HNMU-G8-R0026-STT11,grade8_9,shared/raw_data/HNMU-teacher_dialog_samples/Lớp 8.xlsx,26,6,each_tutor_turn,[]
BC-HNMU-G8-R0027-STT12-AI02,HNMU-G8-R0027-STT12,grade8_9,shared/raw_data/HNMU-teacher_dialog_samples/Lớp 8.xlsx,27,2,each_tutor_turn,[]
BC-HNMU-G8-R0027-STT12-AI04,HNMU-G8-R0027-STT12,grade8_9,shared/raw_data/HNMU-teacher_dialog_samples/Lớp 8.xlsx,27,4,each_tutor_turn,[]
BC-HNMU-G8-R0027-STT12-AI06,HNMU-G8-R0027-STT12,grade8_9,shared/raw_data/HNMU-teacher_dialog_samples/Lớp 8.xlsx,27,6,each_tutor_turn,[]
BC-HNMU-G8-R0028-STT13-AI02,HNMU-G8-R0028-STT13,grade8_9,shared/raw_data/HNMU-teacher_dialog_samples/Lớp 8.xlsx,28,2,each_tutor_turn,[]
BC-HNMU-G8-R0028-STT13-AI04,HNMU-G8-R0028-STT13,grade8_9,shared/raw_data/HNMU-teacher_dialog_samples/Lớp 8.xlsx,28,4,each_tutor_turn,[]
BC-HNMU-G8-R0028-STT13-AI06,HNMU-G8-R0028-STT13,grade8_9,shared/raw_data/HNMU-teacher_dialog_samples/Lớp 8.xlsx,28,6,each_tutor_turn,[]
BC-HNMU-G8-R0029-STT14-AI02,HNMU-G8-R0029-STT14,grade8_9,shared/raw_data/HNMU-teacher_dialog_samples/Lớp 8.xlsx,29,2,each_tutor_turn,[]
BC-HNMU-G8-R0029-STT14-AI04,HNMU-G8-R0029-STT14,grade8_9,shared/raw_data/HNMU-teacher_dialog_samples/Lớp 8.xlsx,29,4,each_tutor_turn,[]
BC-HNMU-G8-R0029-STT14-AI06,HNMU-G8-R0029-STT14,grade8_9,shared/raw_data/HNMU-teacher_dialog_samples/Lớp 8.xlsx,29,6,each_tutor_turn,[]
BC-HNMU-G8-R0030-STT1-AI02,HNMU-G8-R0030-STT1,grade8_9,shared/raw_data/HNMU-teacher_dialog_samples/Lớp 8.xlsx,30,2,each_tutor_turn,[]
BC-HNMU-G8-R0030-STT1-AI04,HNMU-G8-R0030-STT1,grade8_9,shared/raw_data/HNMU-teacher_dialog_samples/Lớp 8.xlsx,30,4,each_tutor_turn,[]
BC-HNMU-G8-R0031-STT2-AI02,HNMU-G8-R0031-STT2,grade8_9,shared/raw_data/HNMU-teacher_dialog_samples/Lớp 8.xlsx,31,2,each_tutor_turn,[]
BC-HNMU-G8-R0031-STT2-AI04,HNMU-G8-R0031-STT2,grade8_9,shared/raw_data/HNMU-teacher_dialog_samples/Lớp 8.xlsx,31,4,each_tutor_turn,[]
BC-HNMU-G8-R0032-STT3-AI02,HNMU-G8-R0032-STT3,grade8_9,shared/raw_data/HNMU-teacher_dialog_samples/Lớp 8.xlsx,32,2,each_tutor_turn,[]
BC-HNMU-G8-R0032-STT3-AI04,HNMU-G8-R0032-STT3,grade8_9,shared/raw_data/HNMU-teacher_dialog_samples/Lớp 8.xlsx,32,4,each_tutor_turn,[]
BC-HNMU-G8-R0032-STT3-AI06,HNMU-G8-R0032-STT3,grade8_9,shared/raw_data/HNMU-teacher_dialog_samples/Lớp 8.xlsx,32,6,each_tutor_turn,[]
BC-HNMU-G8-R0033-STT4-AI02,HNMU-G8-R0033-STT4,grade8_9,shared/raw_data/HNMU-teacher_dialog_samples/Lớp 8.xlsx,33,2,each_tutor_turn,[]
BC-HNMU-G8-R0033-STT4-AI04,HNMU-G8-R0033-STT4,grade8_9,shared/raw_data/HNMU-teacher_dialog_samples/Lớp 8.xlsx,33,4,each_tutor_turn,[]
BC-HNMU-G8-R0034-STT5-AI02,HNMU-G8-R0034-STT5,grade8_9,shared/raw_data/HNMU-teacher_dialog_samples/Lớp 8.xlsx,34,2,each_tutor_turn,[]
BC-HNMU-G8-R0034-STT5-AI04,HNMU-G8-R0034-STT5,grade8_9,shared/raw_data/HNMU-teacher_dialog_samples/Lớp 8.xlsx,34,4,each_tutor_turn,[]
BC-HNMU-G8-R0035-STT6-AI02,HNMU-G8-R0035-STT6,grade8_9,shared/raw_data/HNMU-teacher_dialog_samples/Lớp 8.xlsx,35,2,each_tutor_turn,[]
BC-HNMU-G8-R0035-STT6-AI04,HNMU-G8-R0035-STT6,grade8_9,shared/raw_data/HNMU-teacher_dialog_samples/Lớp 8.xlsx,35,4,each_tutor_turn,[]
BC-HNMU-G8-R0036-STT7-AI02,HNMU-G8-R0036-STT7,grade8_9,shared/raw_data/HNMU-teacher_dialog_samples/Lớp 8.xlsx,36,2,each_tutor_turn,[]
BC-HNMU-G8-R0036-STT7-AI04,HNMU-G8-R0036-STT7,grade8_9,shared/raw_data/HNMU-teacher_dialog_samples/Lớp 8.xlsx,36,4,each_tutor_turn,[]
BC-HNMU-G8-R0037-STT8-AI02,HNMU-G8-R0037-STT8,grade8_9,shared/raw_data/HNMU-teacher_dialog_samples/Lớp 8.xlsx,37,2,each_tutor_turn,[]
BC-HNMU-G8-R0037-STT8-AI04,HNMU-G8-R0037-STT8,grade8_9,shared/raw_data/HNMU-teacher_dialog_samples/Lớp 8.xlsx,37,4,each_tutor_turn,[]
BC-HNMU-G8-R0038-STT9-AI02,HNMU-G8-R0038-STT9,grade8_9,shared/raw_data/HNMU-teacher_dialog_samples/Lớp 8.xlsx,38,2,each_tutor_turn,[]
BC-HNMU-G8-R0038-STT9-AI04,HNMU-G8-R0038-STT9,grade8_9,shared/raw_data/HNMU-teacher_dialog_samples/Lớp 8.xlsx,38,4,each_tutor_turn,[]
BC-HNMU-G8-R0039-STT10-AI02,HNMU-G8-R0039-STT10,grade8_9,shared/raw_data/HNMU-teacher_dialog_samples/Lớp 8.xlsx,39,2,each_tutor_turn,[]
BC-HNMU-G8-R0039-STT10-AI04,HNMU-G8-R0039-STT10,grade8_9,shared/raw_data/HNMU-teacher_dialog_samples/Lớp 8.xlsx,39,4,each_tutor_turn,[]
BC-HNMU-G8-R0040-STT11-AI02,HNMU-G8-R0040-STT11,grade8_9,shared/raw_data/HNMU-teacher_dialog_samples/Lớp 8.xlsx,40,2,each_tutor_turn,[]
BC-HNMU-G8-R0040-STT11-AI04,HNMU-G8-R0040-STT11,grade8_9,shared/raw_data/HNMU-teacher_dialog_samples/Lớp 8.xlsx,40,4,each_tutor_turn,[]
BC-HNMU-G8-R0041-STT12-AI02,HNMU-G8-R0041-STT12,grade8_9,shared/raw_data/HNMU-teacher_dialog_samples/Lớp 8.xlsx,41,2,each_tutor_turn,[]
BC-HNMU-G8-R0041-STT12-AI04,HNMU-G8-R0041-STT12,grade8_9,shared/raw_data/HNMU-teacher_dialog_samples/Lớp 8.xlsx,41,4,each_tutor_turn,[]
BC-HNMU-G8-R0042-STT13-AI02,HNMU-G8-R0042-STT13,grade8_9,shared/raw_data/HNMU-teacher_dialog_samples/Lớp 8.xlsx,42,2,each_tutor_turn,[]
BC-HNMU-G8-R0042-STT13-AI04,HNMU-G8-R0042-STT13,grade8_9,shared/raw_data/HNMU-teacher_dialog_samples/Lớp 8.xlsx,42,4,each_tutor_turn,[]
BC-HNMU-G8-R0042-STT13-AI06,HNMU-G8-R0042-STT13,grade8_9,shared/raw_data/HNMU-teacher_dialog_samples/Lớp 8.xlsx,42,6,each_tutor_turn,[]
BC-HNMU-G8-R0043-STT14-AI02,HNMU-G8-R0043-STT14,grade8_9,shared/raw_data/HNMU-teacher_dialog_samples/Lớp 8.xlsx,43,2,each_tutor_turn,[]
BC-HNMU-G8-R0043-STT14-AI04,HNMU-G8-R0043-STT14,grade8_9,shared/raw_data/HNMU-teacher_dialog_samples/Lớp 8.xlsx,43,4,each_tutor_turn,[]
BC-HNMU-G8-R0043-STT14-AI06,HNMU-G8-R0043-STT14,grade8_9,shared/raw_data/HNMU-teacher_dialog_samples/Lớp 8.xlsx,43,6,each_tutor_turn,[]
BC-HNMU-G8-R0044-STT1-AI02,HNMU-G8-R0044-STT1,grade8_9,shared/raw_data/HNMU-teacher_dialog_samples/Lớp 8.xlsx,44,2,each_tutor_turn,[]
BC-HNMU-G8-R0044-STT1-AI04,HNMU-G8-R0044-STT1,grade8_9,shared/raw_data/HNMU-teacher_dialog_samples/Lớp 8.xlsx,44,4,each_tutor_turn,[]
BC-HNMU-G8-R0045-STT2-AI02,HNMU-G8-R0045-STT2,grade8_9,shared/raw_data/HNMU-teacher_dialog_samples/Lớp 8.xlsx,45,2,each_tutor_turn,[]
BC-HNMU-G8-R0045-STT2-AI04,HNMU-G8-R0045-STT2,grade8_9,shared/raw_data/HNMU-teacher_dialog_samples/Lớp 8.xlsx,45,4,each_tutor_turn,[]
BC-HNMU-G8-R0046-STT3-AI02,HNMU-G8-R0046-STT3,grade8_9,shared/raw_data/HNMU-teacher_dialog_samples/Lớp 8.xlsx,46,2,each_tutor_turn,[]
BC-HNMU-G8-R0046-STT3-AI04,HNMU-G8-R0046-STT3,grade8_9,shared/raw_data/HNMU-teacher_dialog_samples/Lớp 8.xlsx,46,4,each_tutor_turn,[]
BC-HNMU-G8-R0047-STT4-AI02,HNMU-G8-R0047-STT4,grade8_9,shared/raw_data/HNMU-teacher_dialog_samples/Lớp 8.xlsx,47,2,each_tutor_turn,[]
BC-HNMU-G8-R0047-STT4-AI04,HNMU-G8-R0047-STT4,grade8_9,shared/raw_data/HNMU-teacher_dialog_samples/Lớp 8.xlsx,47,4,each_tutor_turn,[]
BC-HNMU-G8-R0048-STT5-AI02,HNMU-G8-R0048-STT5,grade8_9,shared/raw_data/HNMU-teacher_dialog_samples/Lớp 8.xlsx,48,2,each_tutor_turn,[]
BC-HNMU-G8-R0048-STT5-AI04,HNMU-G8-R0048-STT5,grade8_9,shared/raw_data/HNMU-teacher_dialog_samples/Lớp 8.xlsx,48,4,each_tutor_turn,[]
BC-HNMU-G8-R0049-STT6-AI02,HNMU-G8-R0049-STT6,grade8_9,shared/raw_data/HNMU-teacher_dialog_samples/Lớp 8.xlsx,49,2,each_tutor_turn,[]
BC-HNMU-G8-R0049-STT6-AI04,HNMU-G8-R0049-STT6,grade8_9,shared/raw_data/HNMU-teacher_dialog_samples/Lớp 8.xlsx,49,4,each_tutor_turn,[]
BC-HNMU-G8-R0049-STT6-AI06,HNMU-G8-R0049-STT6,grade8_9,shared/raw_data/HNMU-teacher_dialog_samples/Lớp 8.xlsx,49,6,each_tutor_turn,[]
BC-HNMU-G8-R0050-STT7-AI02,HNMU-G8-R0050-STT7,grade8_9,shared/raw_data/HNMU-teacher_dialog_samples/Lớp 8.xlsx,50,2,each_tutor_turn,[]
BC-HNMU-G8-R0050-STT7-AI04,HNMU-G8-R0050-STT7,grade8_9,shared/raw_data/HNMU-teacher_dialog_samples/Lớp 8.xlsx,50,4,each_tutor_turn,[]
BC-HNMU-G8-R0050-STT7-AI06,HNMU-G8-R0050-STT7,grade8_9,shared/raw_data/HNMU-teacher_dialog_samples/Lớp 8.xlsx,50,6,each_tutor_turn,[]
BC-HNMU-G8-R0051-STT8-AI02,HNMU-G8-R0051-STT8,grade8_9,shared/raw_data/HNMU-teacher_dialog_samples/Lớp 8.xlsx,51,2,each_tutor_turn,[]
BC-HNMU-G8-R0051-STT8-AI04,HNMU-G8-R0051-STT8,grade8_9,shared/raw_data/HNMU-teacher_dialog_samples/Lớp 8.xlsx,51,4,each_tutor_turn,[]
BC-HNMU-G8-R0052-STT9-AI02,HNMU-G8-R0052-STT9,grade8_9,shared/raw_data/HNMU-teacher_dialog_samples/Lớp 8.xlsx,52,2,each_tutor_turn,[]
BC-HNMU-G8-R0052-STT9-AI04,HNMU-G8-R0052-STT9,grade8_9,shared/raw_data/HNMU-teacher_dialog_samples/Lớp 8.xlsx,52,4,each_tutor_turn,[]
BC-HNMU-G8-R0053-STT10-AI02,HNMU-G8-R0053-STT10,grade8_9,shared/raw_data/HNMU-teacher_dialog_samples/Lớp 8.xlsx,53,2,each_tutor_turn,[]
BC-HNMU-G8-R0053-STT10-AI04,HNMU-G8-R0053-STT10,grade8_9,shared/raw_data/HNMU-teacher_dialog_samples/Lớp 8.xlsx,53,4,each_tutor_turn,[]
BC-HNMU-G8-R0054-STT11-AI02,HNMU-G8-R0054-STT11,grade8_9,shared/raw_data/HNMU-teacher_dialog_samples/Lớp 8.xlsx,54,2,each_tutor_turn,[]
BC-HNMU-G8-R0054-STT11-AI04,HNMU-G8-R0054-STT11,grade8_9,shared/raw_data/HNMU-teacher_dialog_samples/Lớp 8.xlsx,54,4,each_tutor_turn,[]
BC-HNMU-G8-R0055-STT12-AI02,HNMU-G8-R0055-STT12,grade8_9,shared/raw_data/HNMU-teacher_dialog_samples/Lớp 8.xlsx,55,2,each_tutor_turn,[]
BC-HNMU-G8-R0055-STT12-AI04,HNMU-G8-R0055-STT12,grade8_9,shared/raw_data/HNMU-teacher_dialog_samples/Lớp 8.xlsx,55,4,each_tutor_turn,[]
BC-HNMU-G8-R0055-STT12-AI06,HNMU-G8-R0055-STT12,grade8_9,shared/raw_data/HNMU-teacher_dialog_samples/Lớp 8.xlsx,55,6,each_tutor_turn,[]
BC-HNMU-G8-R0056-STT13-AI02,HNMU-G8-R0056-STT13,grade8_9,shared/raw_data/HNMU-teacher_dialog_samples/Lớp 8.xlsx,56,2,each_tutor_turn,[]
BC-HNMU-G8-R0056-STT13-AI04,HNMU-G8-R0056-STT13,grade8_9,shared/raw_data/HNMU-teacher_dialog_samples/Lớp 8.xlsx,56,4,each_tutor_turn,[]
BC-HNMU-G8-R0056-STT13-AI06,HNMU-G8-R0056-STT13,grade8_9,shared/raw_data/HNMU-teacher_dialog_samples/Lớp 8.xlsx,56,6,each_tutor_turn,[]
BC-HNMU-G8-R0057-STT14-AI02,HNMU-G8-R0057-STT14,grade8_9,shared/raw_data/HNMU-teacher_dialog_samples/Lớp 8.xlsx,57,2,each_tutor_turn,[]
BC-HNMU-G8-R0057-STT14-AI04,HNMU-G8-R0057-STT14,grade8_9,shared/raw_data/HNMU-teacher_dialog_samples/Lớp 8.xlsx,57,4,each_tutor_turn,[]
BC-HNMU-G8-R0057-STT14-AI06,HNMU-G8-R0057-STT14,grade8_9,shared/raw_data/HNMU-teacher_dialog_samples/Lớp 8.xlsx,57,6,each_tutor_turn,[]
BC-HNMU-G8-R0058-STT1-AI02,HNMU-G8-R0058-STT1,grade8_9,shared/raw_data/HNMU-teacher_dialog_samples/Lớp 8.xlsx,58,2,each_tutor_turn,[]
BC-HNMU-G8-R0058-STT1-AI04,HNMU-G8-R0058-STT1,grade8_9,shared/raw_data/HNMU-teacher_dialog_samples/Lớp 8.xlsx,58,4,each_tutor_turn,[]
BC-HNMU-G8-R0058-STT1-AI06,HNMU-G8-R0058-STT1,grade8_9,shared/raw_data/HNMU-teacher_dialog_samples/Lớp 8.xlsx,58,6,each_tutor_turn,[]
BC-HNMU-G8-R0059-STT2-AI02,HNMU-G8-R0059-STT2,grade8_9,shared/raw_data/HNMU-teacher_dialog_samples/Lớp 8.xlsx,59,2,each_tutor_turn,[]
BC-HNMU-G8-R0059-STT2-AI04,HNMU-G8-R0059-STT2,grade8_9,shared/raw_data/HNMU-teacher_dialog_samples/Lớp 8.xlsx,59,4,each_tutor_turn,[]
BC-HNMU-G8-R0060-STT3-AI02,HNMU-G8-R0060-STT3,grade8_9,shared/raw_data/HNMU-teacher_dialog_samples/Lớp 8.xlsx,60,2,each_tutor_turn,[]
BC-HNMU-G8-R0060-STT3-AI04,HNMU-G8-R0060-STT3,grade8_9,shared/raw_data/HNMU-teacher_dialog_samples/Lớp 8.xlsx,60,4,each_tutor_turn,[]
BC-HNMU-G8-R0061-STT4-AI02,HNMU-G8-R0061-STT4,grade8_9,shared/raw_data/HNMU-teacher_dialog_samples/Lớp 8.xlsx,61,2,each_tutor_turn,[]
BC-HNMU-G8-R0061-STT4-AI04,HNMU-G8-R0061-STT4,grade8_9,shared/raw_data/HNMU-teacher_dialog_samples/Lớp 8.xlsx,61,4,each_tutor_turn,[]
BC-HNMU-G8-R0061-STT4-AI06,HNMU-G8-R0061-STT4,grade8_9,shared/raw_data/HNMU-teacher_dialog_samples/Lớp 8.xlsx,61,6,each_tutor_turn,[]
BC-HNMU-G8-R0062-STT5-AI02,HNMU-G8-R0062-STT5,grade8_9,shared/raw_data/HNMU-teacher_dialog_samples/Lớp 8.xlsx,62,2,each_tutor_turn,[]
BC-HNMU-G8-R0062-STT5-AI04,HNMU-G8-R0062-STT5,grade8_9,shared/raw_data/HNMU-teacher_dialog_samples/Lớp 8.xlsx,62,4,each_tutor_turn,[]
BC-HNMU-G8-R0063-STT6-AI02,HNMU-G8-R0063-STT6,grade8_9,shared/raw_data/HNMU-teacher_dialog_samples/Lớp 8.xlsx,63,2,each_tutor_turn,[]
BC-HNMU-G8-R0063-STT6-AI04,HNMU-G8-R0063-STT6,grade8_9,shared/raw_data/HNMU-teacher_dialog_samples/Lớp 8.xlsx,63,4,each_tutor_turn,[]
BC-HNMU-G8-R0064-STT7-AI02,HNMU-G8-R0064-STT7,grade8_9,shared/raw_data/HNMU-teacher_dialog_samples/Lớp 8.xlsx,64,2,each_tutor_turn,[]
BC-HNMU-G8-R0064-STT7-AI04,HNMU-G8-R0064-STT7,grade8_9,shared/raw_data/HNMU-teacher_dialog_samples/Lớp 8.xlsx,64,4,each_tutor_turn,[]
BC-HNMU-G8-R0065-STT8-AI02,HNMU-G8-R0065-STT8,grade8_9,shared/raw_data/HNMU-teacher_dialog_samples/Lớp 8.xlsx,65,2,each_tutor_turn,[]
BC-HNMU-G8-R0065-STT8-AI04,HNMU-G8-R0065-STT8,grade8_9,shared/raw_data/HNMU-teacher_dialog_samples/Lớp 8.xlsx,65,4,each_tutor_turn,[]
BC-HNMU-G8-R0066-STT9-AI02,HNMU-G8-R0066-STT9,grade8_9,shared/raw_data/HNMU-teacher_dialog_samples/Lớp 8.xlsx,66,2,each_tutor_turn,[]
BC-HNMU-G8-R0066-STT9-AI04,HNMU-G8-R0066-STT9,grade8_9,shared/raw_data/HNMU-teacher_dialog_samples/Lớp 8.xlsx,66,4,each_tutor_turn,[]
BC-HNMU-G8-R0066-STT9-AI06,HNMU-G8-R0066-STT9,grade8_9,shared/raw_data/HNMU-teacher_dialog_samples/Lớp 8.xlsx,66,6,each_tutor_turn,[]
BC-HNMU-G8-R0067-STT10-AI02,HNMU-G8-R0067-STT10,grade8_9,shared/raw_data/HNMU-teacher_dialog_samples/Lớp 8.xlsx,67,2,each_tutor_turn,[]
BC-HNMU-G8-R0067-STT10-AI04,HNMU-G8-R0067-STT10,grade8_9,shared/raw_data/HNMU-teacher_dialog_samples/Lớp 8.xlsx,67,4,each_tutor_turn,[]
BC-HNMU-G8-R0069-STT12-AI02,HNMU-G8-R0069-STT12,grade8_9,shared/raw_data/HNMU-teacher_dialog_samples/Lớp 8.xlsx,69,2,each_tutor_turn,[]
BC-HNMU-G8-R0069-STT12-AI04,HNMU-G8-R0069-STT12,grade8_9,shared/raw_data/HNMU-teacher_dialog_samples/Lớp 8.xlsx,69,4,each_tutor_turn,[]
BC-HNMU-G8-R0069-STT12-AI06,HNMU-G8-R0069-STT12,grade8_9,shared/raw_data/HNMU-teacher_dialog_samples/Lớp 8.xlsx,69,6,each_tutor_turn,[]
BC-HNMU-G8-R0070-STT13-AI02,HNMU-G8-R0070-STT13,grade8_9,shared/raw_data/HNMU-teacher_dialog_samples/Lớp 8.xlsx,70,2,each_tutor_turn,[]
BC-HNMU-G8-R0070-STT13-AI04,HNMU-G8-R0070-STT13,grade8_9,shared/raw_data/HNMU-teacher_dialog_samples/Lớp 8.xlsx,70,4,each_tutor_turn,[]
BC-HNMU-G8-R0070-STT13-AI06,HNMU-G8-R0070-STT13,grade8_9,shared/raw_data/HNMU-teacher_dialog_samples/Lớp 8.xlsx,70,6,each_tutor_turn,[]
BC-HNMU-G8-R0071-STT14-AI02,HNMU-G8-R0071-STT14,grade8_9,shared/raw_data/HNMU-teacher_dialog_samples/Lớp 8.xlsx,71,2,each_tutor_turn,[]
BC-HNMU-G8-R0071-STT14-AI04,HNMU-G8-R0071-STT14,grade8_9,shared/raw_data/HNMU-teacher_dialog_samples/Lớp 8.xlsx,71,4,each_tutor_turn,[]
BC-HNMU-G8-R0072-STT1-AI02,HNMU-G8-R0072-STT1,grade8_9,shared/raw_data/HNMU-teacher_dialog_samples/Lớp 8.xlsx,72,2,each_tutor_turn,[]
BC-HNMU-G8-R0072-STT1-AI04,HNMU-G8-R0072-STT1,grade8_9,shared/raw_data/HNMU-teacher_dialog_samples/Lớp 8.xlsx,72,4,each_tutor_turn,[]
BC-HNMU-G8-R0073-STT2-AI02,HNMU-G8-R0073-STT2,grade8_9,shared/raw_data/HNMU-teacher_dialog_samples/Lớp 8.xlsx,73,2,each_tutor_turn,[]
BC-HNMU-G8-R0073-STT2-AI04,HNMU-G8-R0073-STT2,grade8_9,shared/raw_data/HNMU-teacher_dialog_samples/Lớp 8.xlsx,73,4,each_tutor_turn,[]
BC-HNMU-G8-R0074-STT3-AI02,HNMU-G8-R0074-STT3,grade8_9,shared/raw_data/HNMU-teacher_dialog_samples/Lớp 8.xlsx,74,2,each_tutor_turn,[]
BC-HNMU-G8-R0074-STT3-AI04,HNMU-G8-R0074-STT3,grade8_9,shared/raw_data/HNMU-teacher_dialog_samples/Lớp 8.xlsx,74,4,each_tutor_turn,[]
BC-HNMU-G8-R0075-STT4-AI02,HNMU-G8-R0075-STT4,grade8_9,shared/raw_data/HNMU-teacher_dialog_samples/Lớp 8.xlsx,75,2,each_tutor_turn,[]
BC-HNMU-G8-R0075-STT4-AI04,HNMU-G8-R0075-STT4,grade8_9,shared/raw_data/HNMU-teacher_dialog_samples/Lớp 8.xlsx,75,4,each_tutor_turn,[]
BC-HNMU-G8-R0076-STT5-AI02,HNMU-G8-R0076-STT5,grade8_9,shared/raw_data/HNMU-teacher_dialog_samples/Lớp 8.xlsx,76,2,each_tutor_turn,[]
BC-HNMU-G8-R0076-STT5-AI04,HNMU-G8-R0076-STT5,grade8_9,shared/raw_data/HNMU-teacher_dialog_samples/Lớp 8.xlsx,76,4,each_tutor_turn,[]
BC-HNMU-G8-R0076-STT5-AI06,HNMU-G8-R0076-STT5,grade8_9,shared/raw_data/HNMU-teacher_dialog_samples/Lớp 8.xlsx,76,6,each_tutor_turn,[]
BC-HNMU-G8-R0077-STT6-AI02,HNMU-G8-R0077-STT6,grade8_9,shared/raw_data/HNMU-teacher_dialog_samples/Lớp 8.xlsx,77,2,each_tutor_turn,[]
BC-HNMU-G8-R0077-STT6-AI04,HNMU-G8-R0077-STT6,grade8_9,shared/raw_data/HNMU-teacher_dialog_samples/Lớp 8.xlsx,77,4,each_tutor_turn,[]
BC-HNMU-G8-R0078-STT7-AI02,HNMU-G8-R0078-STT7,grade8_9,shared/raw_data/HNMU-teacher_dialog_samples/Lớp 8.xlsx,78,2,each_tutor_turn,[]
BC-HNMU-G8-R0078-STT7-AI04,HNMU-G8-R0078-STT7,grade8_9,shared/raw_data/HNMU-teacher_dialog_samples/Lớp 8.xlsx,78,4,each_tutor_turn,[]
BC-HNMU-G8-R0079-STT8-AI02,HNMU-G8-R0079-STT8,grade8_9,shared/raw_data/HNMU-teacher_dialog_samples/Lớp 8.xlsx,79,2,each_tutor_turn,[]
BC-HNMU-G8-R0079-STT8-AI04,HNMU-G8-R0079-STT8,grade8_9,shared/raw_data/HNMU-teacher_dialog_samples/Lớp 8.xlsx,79,4,each_tutor_turn,[]
BC-HNMU-G8-R0080-STT9-AI02,HNMU-G8-R0080-STT9,grade8_9,shared/raw_data/HNMU-teacher_dialog_samples/Lớp 8.xlsx,80,2,each_tutor_turn,[]
BC-HNMU-G8-R0080-STT9-AI04,HNMU-G8-R0080-STT9,grade8_9,shared/raw_data/HNMU-teacher_dialog_samples/Lớp 8.xlsx,80,4,each_tutor_turn,[]
BC-HNMU-G8-R0081-STT10-AI02,HNMU-G8-R0081-STT10,grade8_9,shared/raw_data/HNMU-teacher_dialog_samples/Lớp 8.xlsx,81,2,each_tutor_turn,[]
BC-HNMU-G8-R0081-STT10-AI04,HNMU-G8-R0081-STT10,grade8_9,shared/raw_data/HNMU-teacher_dialog_samples/Lớp 8.xlsx,81,4,each_tutor_turn,[]
BC-HNMU-G8-R0082-STT11-AI02,HNMU-G8-R0082-STT11,grade8_9,shared/raw_data/HNMU-teacher_dialog_samples/Lớp 8.xlsx,82,2,each_tutor_turn,[]
BC-HNMU-G8-R0082-STT11-AI04,HNMU-G8-R0082-STT11,grade8_9,shared/raw_data/HNMU-teacher_dialog_samples/Lớp 8.xlsx,82,4,each_tutor_turn,[]
BC-HNMU-G8-R0082-STT11-AI06,HNMU-G8-R0082-STT11,grade8_9,shared/raw_data/HNMU-teacher_dialog_samples/Lớp 8.xlsx,82,6,each_tutor_turn,[]
BC-HNMU-G8-R0083-STT12-AI02,HNMU-G8-R0083-STT12,grade8_9,shared/raw_data/HNMU-teacher_dialog_samples/Lớp 8.xlsx,83,2,each_tutor_turn,[]
BC-HNMU-G8-R0083-STT12-AI04,HNMU-G8-R0083-STT12,grade8_9,shared/raw_data/HNMU-teacher_dialog_samples/Lớp 8.xlsx,83,4,each_tutor_turn,[]
BC-HNMU-G8-R0083-STT12-AI06,HNMU-G8-R0083-STT12,grade8_9,shared/raw_data/HNMU-teacher_dialog_samples/Lớp 8.xlsx,83,6,each_tutor_turn,[]
BC-HNMU-G8-R0084-STT13-AI02,HNMU-G8-R0084-STT13,grade8_9,shared/raw_data/HNMU-teacher_dialog_samples/Lớp 8.xlsx,84,2,each_tutor_turn,[]
BC-HNMU-G8-R0084-STT13-AI04,HNMU-G8-R0084-STT13,grade8_9,shared/raw_data/HNMU-teacher_dialog_samples/Lớp 8.xlsx,84,4,each_tutor_turn,[]
BC-HNMU-G8-R0084-STT13-AI06,HNMU-G8-R0084-STT13,grade8_9,shared/raw_data/HNMU-teacher_dialog_samples/Lớp 8.xlsx,84,6,each_tutor_turn,[]
BC-HNMU-G8-R0085-STT14-AI02,HNMU-G8-R0085-STT14,grade8_9,shared/raw_data/HNMU-teacher_dialog_samples/Lớp 8.xlsx,85,2,each_tutor_turn,[]
BC-HNMU-G8-R0085-STT14-AI04,HNMU-G8-R0085-STT14,grade8_9,shared/raw_data/HNMU-teacher_dialog_samples/Lớp 8.xlsx,85,4,each_tutor_turn,[]
BC-HNMU-G8-R0086-STT1-AI02,HNMU-G8-R0086-STT1,grade8_9,shared/raw_data/HNMU-teacher_dialog_samples/Lớp 8.xlsx,86,2,each_tutor_turn,[]
BC-HNMU-G8-R0086-STT1-AI04,HNMU-G8-R0086-STT1,grade8_9,shared/raw_data/HNMU-teacher_dialog_samples/Lớp 8.xlsx,86,4,each_tutor_turn,[]
BC-HNMU-G8-R0086-STT1-AI06,HNMU-G8-R0086-STT1,grade8_9,shared/raw_data/HNMU-teacher_dialog_samples/Lớp 8.xlsx,86,6,each_tutor_turn,[]
BC-HNMU-G8-R0087-STT2-AI02,HNMU-G8-R0087-STT2,grade8_9,shared/raw_data/HNMU-teacher_dialog_samples/Lớp 8.xlsx,87,2,each_tutor_turn,[]
BC-HNMU-G8-R0087-STT2-AI04,HNMU-G8-R0087-STT2,grade8_9,shared/raw_data/HNMU-teacher_dialog_samples/Lớp 8.xlsx,87,4,each_tutor_turn,[]
BC-HNMU-G8-R0088-STT3-AI02,HNMU-G8-R0088-STT3,grade8_9,shared/raw_data/HNMU-teacher_dialog_samples/Lớp 8.xlsx,88,2,each_tutor_turn,[]
BC-HNMU-G8-R0088-STT3-AI04,HNMU-G8-R0088-STT3,grade8_9,shared/raw_data/HNMU-teacher_dialog_samples/Lớp 8.xlsx,88,4,each_tutor_turn,[]
BC-HNMU-G8-R0089-STT4-AI02,HNMU-G8-R0089-STT4,grade8_9,shared/raw_data/HNMU-teacher_dialog_samples/Lớp 8.xlsx,89,2,each_tutor_turn,[]
BC-HNMU-G8-R0089-STT4-AI04,HNMU-G8-R0089-STT4,grade8_9,shared/raw_data/HNMU-teacher_dialog_samples/Lớp 8.xlsx,89,4,each_tutor_turn,[]
BC-HNMU-G8-R0090-STT5-AI02,HNMU-G8-R0090-STT5,grade8_9,shared/raw_data/HNMU-teacher_dialog_samples/Lớp 8.xlsx,90,2,each_tutor_turn,[]
BC-HNMU-G8-R0090-STT5-AI04,HNMU-G8-R0090-STT5,grade8_9,shared/raw_data/HNMU-teacher_dialog_samples/Lớp 8.xlsx,90,4,each_tutor_turn,[]
BC-HNMU-G8-R0091-STT6-AI02,HNMU-G8-R0091-STT6,grade8_9,shared/raw_data/HNMU-teacher_dialog_samples/Lớp 8.xlsx,91,2,each_tutor_turn,[]
BC-HNMU-G8-R0091-STT6-AI04,HNMU-G8-R0091-STT6,grade8_9,shared/raw_data/HNMU-teacher_dialog_samples/Lớp 8.xlsx,91,4,each_tutor_turn,[]
BC-HNMU-G8-R0092-STT7-AI02,HNMU-G8-R0092-STT7,grade8_9,shared/raw_data/HNMU-teacher_dialog_samples/Lớp 8.xlsx,92,2,each_tutor_turn,[]
BC-HNMU-G8-R0092-STT7-AI04,HNMU-G8-R0092-STT7,grade8_9,shared/raw_data/HNMU-teacher_dialog_samples/Lớp 8.xlsx,92,4,each_tutor_turn,[]
BC-HNMU-G8-R0093-STT8-AI02,HNMU-G8-R0093-STT8,grade8_9,shared/raw_data/HNMU-teacher_dialog_samples/Lớp 8.xlsx,93,2,each_tutor_turn,[]
BC-HNMU-G8-R0093-STT8-AI04,HNMU-G8-R0093-STT8,grade8_9,shared/raw_data/HNMU-teacher_dialog_samples/Lớp 8.xlsx,93,4,each_tutor_turn,[]
BC-HNMU-G8-R0094-STT9-AI02,HNMU-G8-R0094-STT9,grade8_9,shared/raw_data/HNMU-teacher_dialog_samples/Lớp 8.xlsx,94,2,each_tutor_turn,[]
BC-HNMU-G8-R0094-STT9-AI04,HNMU-G8-R0094-STT9,grade8_9,shared/raw_data/HNMU-teacher_dialog_samples/Lớp 8.xlsx,94,4,each_tutor_turn,[]
BC-HNMU-G8-R0095-STT10-AI02,HNMU-G8-R0095-STT10,grade8_9,shared/raw_data/HNMU-teacher_dialog_samples/Lớp 8.xlsx,95,2,each_tutor_turn,[]
BC-HNMU-G8-R0095-STT10-AI04,HNMU-G8-R0095-STT10,grade8_9,shared/raw_data/HNMU-teacher_dialog_samples/Lớp 8.xlsx,95,4,each_tutor_turn,[]
BC-HNMU-G8-R0096-STT11-AI02,HNMU-G8-R0096-STT11,grade8_9,shared/raw_data/HNMU-teacher_dialog_samples/Lớp 8.xlsx,96,2,each_tutor_turn,[]
BC-HNMU-G8-R0096-STT11-AI04,HNMU-G8-R0096-STT11,grade8_9,shared/raw_data/HNMU-teacher_dialog_samples/Lớp 8.xlsx,96,4,each_tutor_turn,[]
BC-HNMU-G8-R0097-STT12-AI02,HNMU-G8-R0097-STT12,grade8_9,shared/raw_data/HNMU-teacher_dialog_samples/Lớp 8.xlsx,97,2,each_tutor_turn,[]
BC-HNMU-G8-R0097-STT12-AI04,HNMU-G8-R0097-STT12,grade8_9,shared/raw_data/HNMU-teacher_dialog_samples/Lớp 8.xlsx,97,4,each_tutor_turn,[]
BC-HNMU-G8-R0098-STT13-AI02,HNMU-G8-R0098-STT13,grade8_9,shared/raw_data/HNMU-teacher_dialog_samples/Lớp 8.xlsx,98,2,each_tutor_turn,[]
BC-HNMU-G8-R0098-STT13-AI04,HNMU-G8-R0098-STT13,grade8_9,shared/raw_data/HNMU-teacher_dialog_samples/Lớp 8.xlsx,98,4,each_tutor_turn,[]
BC-HNMU-G8-R0098-STT13-AI06,HNMU-G8-R0098-STT13,grade8_9,shared/raw_data/HNMU-teacher_dialog_samples/Lớp 8.xlsx,98,6,each_tutor_turn,[]
BC-HNMU-G8-R0099-STT14-AI02,HNMU-G8-R0099-STT14,grade8_9,shared/raw_data/HNMU-teacher_dialog_samples/Lớp 8.xlsx,99,2,each_tutor_turn,[]
BC-HNMU-G8-R0099-STT14-AI04,HNMU-G8-R0099-STT14,grade8_9,shared/raw_data/HNMU-teacher_dialog_samples/Lớp 8.xlsx,99,4,each_tutor_turn,[]
BC-HNMU-G8-R0156-STT1-AI02,HNMU-G8-R0156-STT1,grade8_9,shared/raw_data/HNMU-teacher_dialog_samples/Lớp 8.xlsx,156,2,each_tutor_turn,[]
BC-HNMU-G8-R0156-STT1-AI04,HNMU-G8-R0156-STT1,grade8_9,shared/raw_data/HNMU-teacher_dialog_samples/Lớp 8.xlsx,156,4,each_tutor_turn,[]
BC-HNMU-G8-R0156-STT1-AI06,HNMU-G8-R0156-STT1,grade8_9,shared/raw_data/HNMU-teacher_dialog_samples/Lớp 8.xlsx,156,6,each_tutor_turn,[]
BC-HNMU-G8-R0156-STT1-AI08,HNMU-G8-R0156-STT1,grade8_9,shared/raw_data/HNMU-teacher_dialog_samples/Lớp 8.xlsx,156,8,each_tutor_turn,[]
BC-HNMU-G8-R0157-STT2-AI02,HNMU-G8-R0157-STT2,grade8_9,shared/raw_data/HNMU-teacher_dialog_samples/Lớp 8.xlsx,157,2,each_tutor_turn,[]
BC-HNMU-G8-R0157-STT2-AI04,HNMU-G8-R0157-STT2,grade8_9,shared/raw_data/HNMU-teacher_dialog_samples/Lớp 8.xlsx,157,4,each_tutor_turn,[]
BC-HNMU-G8-R0157-STT2-AI06,HNMU-G8-R0157-STT2,grade8_9,shared/raw_data/HNMU-teacher_dialog_samples/Lớp 8.xlsx,157,6,each_tutor_turn,[]
BC-HNMU-G8-R0157-STT2-AI08,HNMU-G8-R0157-STT2,grade8_9,shared/raw_data/HNMU-teacher_dialog_samples/Lớp 8.xlsx,157,8,each_tutor_turn,[]
BC-HNMU-G8-R0158-STT3-AI02,HNMU-G8-R0158-STT3,grade8_9,shared/raw_data/HNMU-teacher_dialog_samples/Lớp 8.xlsx,158,2,each_tutor_turn,[]
BC-HNMU-G8-R0158-STT3-AI04,HNMU-G8-R0158-STT3,grade8_9,shared/raw_data/HNMU-teacher_dialog_samples/Lớp 8.xlsx,158,4,each_tutor_turn,[]
BC-HNMU-G8-R0158-STT3-AI06,HNMU-G8-R0158-STT3,grade8_9,shared/raw_data/HNMU-teacher_dialog_samples/Lớp 8.xlsx,158,6,each_tutor_turn,[]
BC-HNMU-G8-R0159-STT4-AI02,HNMU-G8-R0159-STT4,grade8_9,shared/raw_data/HNMU-teacher_dialog_samples/Lớp 8.xlsx,159,2,each_tutor_turn,[]
BC-HNMU-G8-R0159-STT4-AI04,HNMU-G8-R0159-STT4,grade8_9,shared/raw_data/HNMU-teacher_dialog_samples/Lớp 8.xlsx,159,4,each_tutor_turn,[]
BC-HNMU-G8-R0159-STT4-AI06,HNMU-G8-R0159-STT4,grade8_9,shared/raw_data/HNMU-teacher_dialog_samples/Lớp 8.xlsx,159,6,each_tutor_turn,[]
BC-HNMU-G8-R0159-STT4-AI08,HNMU-G8-R0159-STT4,grade8_9,shared/raw_data/HNMU-teacher_dialog_samples/Lớp 8.xlsx,159,8,each_tutor_turn,[]
BC-HNMU-G8-R0160-STT5-AI02,HNMU-G8-R0160-STT5,grade8_9,shared/raw_data/HNMU-teacher_dialog_samples/Lớp 8.xlsx,160,2,each_tutor_turn,[]
BC-HNMU-G8-R0160-STT5-AI04,HNMU-G8-R0160-STT5,grade8_9,shared/raw_data/HNMU-teacher_dialog_samples/Lớp 8.xlsx,160,4,each_tutor_turn,[]
BC-HNMU-G8-R0160-STT5-AI06,HNMU-G8-R0160-STT5,grade8_9,shared/raw_data/HNMU-teacher_dialog_samples/Lớp 8.xlsx,160,6,each_tutor_turn,[]
BC-HNMU-G8-R0160-STT5-AI08,HNMU-G8-R0160-STT5,grade8_9,shared/raw_data/HNMU-teacher_dialog_samples/Lớp 8.xlsx,160,8,each_tutor_turn,[]
BC-HNMU-G8-R0161-STT6-AI02,HNMU-G8-R0161-STT6,grade8_9,shared/raw_data/HNMU-teacher_dialog_samples/Lớp 8.xlsx,161,2,each_tutor_turn,[]
BC-HNMU-G8-R0161-STT6-AI04,HNMU-G8-R0161-STT6,grade8_9,shared/raw_data/HNMU-teacher_dialog_samples/Lớp 8.xlsx,161,4,each_tutor_turn,[]
BC-HNMU-G8-R0161-STT6-AI06,HNMU-G8-R0161-STT6,grade8_9,shared/raw_data/HNMU-teacher_dialog_samples/Lớp 8.xlsx,161,6,each_tutor_turn,[]
BC-HNMU-G8-R0161-STT6-AI08,HNMU-G8-R0161-STT6,grade8_9,shared/raw_data/HNMU-teacher_dialog_samples/Lớp 8.xlsx,161,8,each_tutor_turn,[]
BC-HNMU-G8-R0162-STT7-AI02,HNMU-G8-R0162-STT7,grade8_9,shared/raw_data/HNMU-teacher_dialog_samples/Lớp 8.xlsx,162,2,each_tutor_turn,[]
BC-HNMU-G8-R0162-STT7-AI04,HNMU-G8-R0162-STT7,grade8_9,shared/raw_data/HNMU-teacher_dialog_samples/Lớp 8.xlsx,162,4,each_tutor_turn,[]
BC-HNMU-G8-R0162-STT7-AI06,HNMU-G8-R0162-STT7,grade8_9,shared/raw_data/HNMU-teacher_dialog_samples/Lớp 8.xlsx,162,6,each_tutor_turn,[]
BC-HNMU-G8-R0163-STT8-AI02,HNMU-G8-R0163-STT8,grade8_9,shared/raw_data/HNMU-teacher_dialog_samples/Lớp 8.xlsx,163,2,each_tutor_turn,[]
BC-HNMU-G8-R0163-STT8-AI04,HNMU-G8-R0163-STT8,grade8_9,shared/raw_data/HNMU-teacher_dialog_samples/Lớp 8.xlsx,163,4,each_tutor_turn,[]
BC-HNMU-G8-R0163-STT8-AI06,HNMU-G8-R0163-STT8,grade8_9,shared/raw_data/HNMU-teacher_dialog_samples/Lớp 8.xlsx,163,6,each_tutor_turn,[]
BC-HNMU-G8-R0163-STT8-AI08,HNMU-G8-R0163-STT8,grade8_9,shared/raw_data/HNMU-teacher_dialog_samples/Lớp 8.xlsx,163,8,each_tutor_turn,[]
BC-HNMU-G8-R0164-STT9-AI02,HNMU-G8-R0164-STT9,grade8_9,shared/raw_data/HNMU-teacher_dialog_samples/Lớp 8.xlsx,164,2,each_tutor_turn,[]
BC-HNMU-G8-R0164-STT9-AI04,HNMU-G8-R0164-STT9,grade8_9,shared/raw_data/HNMU-teacher_dialog_samples/Lớp 8.xlsx,164,4,each_tutor_turn,[]
BC-HNMU-G8-R0164-STT9-AI06,HNMU-G8-R0164-STT9,grade8_9,shared/raw_data/HNMU-teacher_dialog_samples/Lớp 8.xlsx,164,6,each_tutor_turn,[]
BC-HNMU-G8-R0164-STT9-AI08,HNMU-G8-R0164-STT9,grade8_9,shared/raw_data/HNMU-teacher_dialog_samples/Lớp 8.xlsx,164,8,each_tutor_turn,[]
BC-HNMU-G8-R0165-STT10-AI02,HNMU-G8-R0165-STT10,grade8_9,shared/raw_data/HNMU-teacher_dialog_samples/Lớp 8.xlsx,165,2,each_tutor_turn,[]
BC-HNMU-G8-R0165-STT10-AI04,HNMU-G8-R0165-STT10,grade8_9,shared/raw_data/HNMU-teacher_dialog_samples/Lớp 8.xlsx,165,4,each_tutor_turn,[]
BC-HNMU-G8-R0165-STT10-AI06,HNMU-G8-R0165-STT10,grade8_9,shared/raw_data/HNMU-teacher_dialog_samples/Lớp 8.xlsx,165,6,each_tutor_turn,[]
BC-HNMU-G8-R0165-STT10-AI08,HNMU-G8-R0165-STT10,grade8_9,shared/raw_data/HNMU-teacher_dialog_samples/Lớp 8.xlsx,165,8,each_tutor_turn,[]
BC-HNMU-G8-R0166-STT11-AI02,HNMU-G8-R0166-STT11,grade8_9,shared/raw_data/HNMU-teacher_dialog_samples/Lớp 8.xlsx,166,2,each_tutor_turn,[]
BC-HNMU-G8-R0166-STT11-AI04,HNMU-G8-R0166-STT11,grade8_9,shared/raw_data/HNMU-teacher_dialog_samples/Lớp 8.xlsx,166,4,each_tutor_turn,[]
BC-HNMU-G8-R0166-STT11-AI06,HNMU-G8-R0166-STT11,grade8_9,shared/raw_data/HNMU-teacher_dialog_samples/Lớp 8.xlsx,166,6,each_tutor_turn,[]
BC-HNMU-G8-R0166-STT11-AI08,HNMU-G8-R0166-STT11,grade8_9,shared/raw_data/HNMU-teacher_dialog_samples/Lớp 8.xlsx,166,8,each_tutor_turn,[]
BC-HNMU-G8-R0167-STT12-AI02,HNMU-G8-R0167-STT12,grade8_9,shared/raw_data/HNMU-teacher_dialog_samples/Lớp 8.xlsx,167,2,each_tutor_turn,[]
BC-HNMU-G8-R0167-STT12-AI04,HNMU-G8-R0167-STT12,grade8_9,shared/raw_data/HNMU-teacher_dialog_samples/Lớp 8.xlsx,167,4,each_tutor_turn,[]
BC-HNMU-G8-R0167-STT12-AI06,HNMU-G8-R0167-STT12,grade8_9,shared/raw_data/HNMU-teacher_dialog_samples/Lớp 8.xlsx,167,6,each_tutor_turn,[]
BC-HNMU-G8-R0167-STT12-AI08,HNMU-G8-R0167-STT12,grade8_9,shared/raw_data/HNMU-teacher_dialog_samples/Lớp 8.xlsx,167,8,each_tutor_turn,[]
BC-HNMU-G8-R0168-STT13-AI02,HNMU-G8-R0168-STT13,grade8_9,shared/raw_data/HNMU-teacher_dialog_samples/Lớp 8.xlsx,168,2,each_tutor_turn,[]
BC-HNMU-G8-R0168-STT13-AI04,HNMU-G8-R0168-STT13,grade8_9,shared/raw_data/HNMU-teacher_dialog_samples/Lớp 8.xlsx,168,4,each_tutor_turn,[]
BC-HNMU-G8-R0168-STT13-AI06,HNMU-G8-R0168-STT13,grade8_9,shared/raw_data/HNMU-teacher_dialog_samples/Lớp 8.xlsx,168,6,each_tutor_turn,[]
BC-HNMU-G8-R0168-STT13-AI08,HNMU-G8-R0168-STT13,grade8_9,shared/raw_data/HNMU-teacher_dialog_samples/Lớp 8.xlsx,168,8,each_tutor_turn,[]
BC-HNMU-G8-R0169-STT14-AI02,HNMU-G8-R0169-STT14,grade8_9,shared/raw_data/HNMU-teacher_dialog_samples/Lớp 8.xlsx,169,2,each_tutor_turn,[]
BC-HNMU-G8-R0169-STT14-AI04,HNMU-G8-R0169-STT14,grade8_9,shared/raw_data/HNMU-teacher_dialog_samples/Lớp 8.xlsx,169,4,each_tutor_turn,[]
BC-HNMU-G8-R0169-STT14-AI06,HNMU-G8-R0169-STT14,grade8_9,shared/raw_data/HNMU-teacher_dialog_samples/Lớp 8.xlsx,169,6,each_tutor_turn,[]
BC-HNMU-G8-R0169-STT14-AI08,HNMU-G8-R0169-STT14,grade8_9,shared/raw_data/HNMU-teacher_dialog_samples/Lớp 8.xlsx,169,8,each_tutor_turn,[]
BC-HNMU-G8-R0169-STT14-AI10,HNMU-G8-R0169-STT14,grade8_9,shared/raw_data/HNMU-teacher_dialog_samples/Lớp 8.xlsx,169,10,each_tutor_turn,[]
BC-HNMU-G8-R0170-STT1-AI02,HNMU-G8-R0170-STT1,grade8_9,shared/raw_data/HNMU-teacher_dialog_samples/Lớp 8.xlsx,170,2,each_tutor_turn,[]
BC-HNMU-G8-R0170-STT1-AI04,HNMU-G8-R0170-STT1,grade8_9,shared/raw_data/HNMU-teacher_dialog_samples/Lớp 8.xlsx,170,4,each_tutor_turn,[]
BC-HNMU-G8-R0170-STT1-AI06,HNMU-G8-R0170-STT1,grade8_9,shared/raw_data/HNMU-teacher_dialog_samples/Lớp 8.xlsx,170,6,each_tutor_turn,[]
BC-HNMU-G8-R0171-STT2-AI02,HNMU-G8-R0171-STT2,grade8_9,shared/raw_data/HNMU-teacher_dialog_samples/Lớp 8.xlsx,171,2,each_tutor_turn,[]
BC-HNMU-G8-R0171-STT2-AI04,HNMU-G8-R0171-STT2,grade8_9,shared/raw_data/HNMU-teacher_dialog_samples/Lớp 8.xlsx,171,4,each_tutor_turn,[]
BC-HNMU-G8-R0171-STT2-AI06,HNMU-G8-R0171-STT2,grade8_9,shared/raw_data/HNMU-teacher_dialog_samples/Lớp 8.xlsx,171,6,each_tutor_turn,[]
BC-HNMU-G8-R0172-STT3-AI02,HNMU-G8-R0172-STT3,grade8_9,shared/raw_data/HNMU-teacher_dialog_samples/Lớp 8.xlsx,172,2,each_tutor_turn,[]
BC-HNMU-G8-R0172-STT3-AI04,HNMU-G8-R0172-STT3,grade8_9,shared/raw_data/HNMU-teacher_dialog_samples/Lớp 8.xlsx,172,4,each_tutor_turn,[]
BC-HNMU-G8-R0172-STT3-AI06,HNMU-G8-R0172-STT3,grade8_9,shared/raw_data/HNMU-teacher_dialog_samples/Lớp 8.xlsx,172,6,each_tutor_turn,[]
BC-HNMU-G8-R0173-STT4-AI02,HNMU-G8-R0173-STT4,grade8_9,shared/raw_data/HNMU-teacher_dialog_samples/Lớp 8.xlsx,173,2,each_tutor_turn,[]
BC-HNMU-G8-R0173-STT4-AI04,HNMU-G8-R0173-STT4,grade8_9,shared/raw_data/HNMU-teacher_dialog_samples/Lớp 8.xlsx,173,4,each_tutor_turn,[]
BC-HNMU-G8-R0173-STT4-AI06,HNMU-G8-R0173-STT4,grade8_9,shared/raw_data/HNMU-teacher_dialog_samples/Lớp 8.xlsx,173,6,each_tutor_turn,[]
BC-HNMU-G8-R0174-STT5-AI02,HNMU-G8-R0174-STT5,grade8_9,shared/raw_data/HNMU-teacher_dialog_samples/Lớp 8.xlsx,174,2,each_tutor_turn,[]
BC-HNMU-G8-R0174-STT5-AI04,HNMU-G8-R0174-STT5,grade8_9,shared/raw_data/HNMU-teacher_dialog_samples/Lớp 8.xlsx,174,4,each_tutor_turn,[]
BC-HNMU-G8-R0174-STT5-AI06,HNMU-G8-R0174-STT5,grade8_9,shared/raw_data/HNMU-teacher_dialog_samples/Lớp 8.xlsx,174,6,each_tutor_turn,[]
BC-HNMU-G8-R0175-STT6-AI02,HNMU-G8-R0175-STT6,grade8_9,shared/raw_data/HNMU-teacher_dialog_samples/Lớp 8.xlsx,175,2,each_tutor_turn,[]
BC-HNMU-G8-R0175-STT6-AI04,HNMU-G8-R0175-STT6,grade8_9,shared/raw_data/HNMU-teacher_dialog_samples/Lớp 8.xlsx,175,4,each_tutor_turn,[]
BC-HNMU-G8-R0175-STT6-AI06,HNMU-G8-R0175-STT6,grade8_9,shared/raw_data/HNMU-teacher_dialog_samples/Lớp 8.xlsx,175,6,each_tutor_turn,[]
BC-HNMU-G8-R0176-STT7-AI02,HNMU-G8-R0176-STT7,grade8_9,shared/raw_data/HNMU-teacher_dialog_samples/Lớp 8.xlsx,176,2,each_tutor_turn,[]
BC-HNMU-G8-R0176-STT7-AI04,HNMU-G8-R0176-STT7,grade8_9,shared/raw_data/HNMU-teacher_dialog_samples/Lớp 8.xlsx,176,4,each_tutor_turn,[]
BC-HNMU-G8-R0176-STT7-AI06,HNMU-G8-R0176-STT7,grade8_9,shared/raw_data/HNMU-teacher_dialog_samples/Lớp 8.xlsx,176,6,each_tutor_turn,[]
BC-HNMU-G8-R0177-STT8-AI02,HNMU-G8-R0177-STT8,grade8_9,shared/raw_data/HNMU-teacher_dialog_samples/Lớp 8.xlsx,177,2,each_tutor_turn,[]
BC-HNMU-G8-R0177-STT8-AI04,HNMU-G8-R0177-STT8,grade8_9,shared/raw_data/HNMU-teacher_dialog_samples/Lớp 8.xlsx,177,4,each_tutor_turn,[]
BC-HNMU-G8-R0177-STT8-AI06,HNMU-G8-R0177-STT8,grade8_9,shared/raw_data/HNMU-teacher_dialog_samples/Lớp 8.xlsx,177,6,each_tutor_turn,[]
BC-HNMU-G8-R0178-STT9-AI02,HNMU-G8-R0178-STT9,grade8_9,shared/raw_data/HNMU-teacher_dialog_samples/Lớp 8.xlsx,178,2,each_tutor_turn,[]
BC-HNMU-G8-R0178-STT9-AI04,HNMU-G8-R0178-STT9,grade8_9,shared/raw_data/HNMU-teacher_dialog_samples/Lớp 8.xlsx,178,4,each_tutor_turn,[]
BC-HNMU-G8-R0178-STT9-AI06,HNMU-G8-R0178-STT9,grade8_9,shared/raw_data/HNMU-teacher_dialog_samples/Lớp 8.xlsx,178,6,each_tutor_turn,[]
BC-HNMU-G8-R0179-STT10-AI02,HNMU-G8-R0179-STT10,grade8_9,shared/raw_data/HNMU-teacher_dialog_samples/Lớp 8.xlsx,179,2,each_tutor_turn,[]
BC-HNMU-G8-R0179-STT10-AI04,HNMU-G8-R0179-STT10,grade8_9,shared/raw_data/HNMU-teacher_dialog_samples/Lớp 8.xlsx,179,4,each_tutor_turn,[]
BC-HNMU-G8-R0179-STT10-AI06,HNMU-G8-R0179-STT10,grade8_9,shared/raw_data/HNMU-teacher_dialog_samples/Lớp 8.xlsx,179,6,each_tutor_turn,[]
BC-HNMU-G8-R0180-STT11-AI02,HNMU-G8-R0180-STT11,grade8_9,shared/raw_data/HNMU-teacher_dialog_samples/Lớp 8.xlsx,180,2,each_tutor_turn,[]
BC-HNMU-G8-R0180-STT11-AI04,HNMU-G8-R0180-STT11,grade8_9,shared/raw_data/HNMU-teacher_dialog_samples/Lớp 8.xlsx,180,4,each_tutor_turn,[]
BC-HNMU-G8-R0180-STT11-AI06,HNMU-G8-R0180-STT11,grade8_9,shared/raw_data/HNMU-teacher_dialog_samples/Lớp 8.xlsx,180,6,each_tutor_turn,[]
BC-HNMU-G8-R0180-STT11-AI08,HNMU-G8-R0180-STT11,grade8_9,shared/raw_data/HNMU-teacher_dialog_samples/Lớp 8.xlsx,180,8,each_tutor_turn,[]
BC-HNMU-G8-R0181-STT12-AI02,HNMU-G8-R0181-STT12,grade8_9,shared/raw_data/HNMU-teacher_dialog_samples/Lớp 8.xlsx,181,2,each_tutor_turn,[]
BC-HNMU-G8-R0181-STT12-AI04,HNMU-G8-R0181-STT12,grade8_9,shared/raw_data/HNMU-teacher_dialog_samples/Lớp 8.xlsx,181,4,each_tutor_turn,[]
BC-HNMU-G8-R0181-STT12-AI06,HNMU-G8-R0181-STT12,grade8_9,shared/raw_data/HNMU-teacher_dialog_samples/Lớp 8.xlsx,181,6,each_tutor_turn,[]
BC-HNMU-G8-R0181-STT12-AI08,HNMU-G8-R0181-STT12,grade8_9,shared/raw_data/HNMU-teacher_dialog_samples/Lớp 8.xlsx,181,8,each_tutor_turn,[]
BC-HNMU-G8-R0182-STT13-AI02,HNMU-G8-R0182-STT13,grade8_9,shared/raw_data/HNMU-teacher_dialog_samples/Lớp 8.xlsx,182,2,each_tutor_turn,[]
BC-HNMU-G8-R0182-STT13-AI04,HNMU-G8-R0182-STT13,grade8_9,shared/raw_data/HNMU-teacher_dialog_samples/Lớp 8.xlsx,182,4,each_tutor_turn,[]
BC-HNMU-G8-R0182-STT13-AI06,HNMU-G8-R0182-STT13,grade8_9,shared/raw_data/HNMU-teacher_dialog_samples/Lớp 8.xlsx,182,6,each_tutor_turn,[]
BC-HNMU-G8-R0182-STT13-AI08,HNMU-G8-R0182-STT13,grade8_9,shared/raw_data/HNMU-teacher_dialog_samples/Lớp 8.xlsx,182,8,each_tutor_turn,[]
BC-HNMU-G8-R0183-STT14-AI02,HNMU-G8-R0183-STT14,grade8_9,shared/raw_data/HNMU-teacher_dialog_samples/Lớp 8.xlsx,183,2,each_tutor_turn,[]
BC-HNMU-G8-R0183-STT14-AI04,HNMU-G8-R0183-STT14,grade8_9,shared/raw_data/HNMU-teacher_dialog_samples/Lớp 8.xlsx,183,4,each_tutor_turn,[]
BC-HNMU-G8-R0183-STT14-AI06,HNMU-G8-R0183-STT14,grade8_9,shared/raw_data/HNMU-teacher_dialog_samples/Lớp 8.xlsx,183,6,each_tutor_turn,[]
BC-HNMU-G8-R0183-STT14-AI08,HNMU-G8-R0183-STT14,grade8_9,shared/raw_data/HNMU-teacher_dialog_samples/Lớp 8.xlsx,183,8,each_tutor_turn,[]
BC-HNMU-G8-R0184-STT1-AI02,HNMU-G8-R0184-STT1,grade8_9,shared/raw_data/HNMU-teacher_dialog_samples/Lớp 8.xlsx,184,2,each_tutor_turn,[]
BC-HNMU-G8-R0184-STT1-AI04,HNMU-G8-R0184-STT1,grade8_9,shared/raw_data/HNMU-teacher_dialog_samples/Lớp 8.xlsx,184,4,each_tutor_turn,[]
BC-HNMU-G8-R0184-STT1-AI06,HNMU-G8-R0184-STT1,grade8_9,shared/raw_data/HNMU-teacher_dialog_samples/Lớp 8.xlsx,184,6,each_tutor_turn,[]
BC-HNMU-G8-R0184-STT1-AI08,HNMU-G8-R0184-STT1,grade8_9,shared/raw_data/HNMU-teacher_dialog_samples/Lớp 8.xlsx,184,8,each_tutor_turn,[]
BC-HNMU-G8-R0185-STT2-AI02,HNMU-G8-R0185-STT2,grade8_9,shared/raw_data/HNMU-teacher_dialog_samples/Lớp 8.xlsx,185,2,each_tutor_turn,[]
BC-HNMU-G8-R0185-STT2-AI04,HNMU-G8-R0185-STT2,grade8_9,shared/raw_data/HNMU-teacher_dialog_samples/Lớp 8.xlsx,185,4,each_tutor_turn,[]
BC-HNMU-G8-R0185-STT2-AI06,HNMU-G8-R0185-STT2,grade8_9,shared/raw_data/HNMU-teacher_dialog_samples/Lớp 8.xlsx,185,6,each_tutor_turn,[]
BC-HNMU-G8-R0185-STT2-AI08,HNMU-G8-R0185-STT2,grade8_9,shared/raw_data/HNMU-teacher_dialog_samples/Lớp 8.xlsx,185,8,each_tutor_turn,[]
BC-HNMU-G8-R0186-STT3-AI02,HNMU-G8-R0186-STT3,grade8_9,shared/raw_data/HNMU-teacher_dialog_samples/Lớp 8.xlsx,186,2,each_tutor_turn,[]
BC-HNMU-G8-R0186-STT3-AI04,HNMU-G8-R0186-STT3,grade8_9,shared/raw_data/HNMU-teacher_dialog_samples/Lớp 8.xlsx,186,4,each_tutor_turn,[]
BC-HNMU-G8-R0186-STT3-AI06,HNMU-G8-R0186-STT3,grade8_9,shared/raw_data/HNMU-teacher_dialog_samples/Lớp 8.xlsx,186,6,each_tutor_turn,[]
BC-HNMU-G8-R0186-STT3-AI08,HNMU-G8-R0186-STT3,grade8_9,shared/raw_data/HNMU-teacher_dialog_samples/Lớp 8.xlsx,186,8,each_tutor_turn,[]
BC-HNMU-G8-R0187-STT4-AI02,HNMU-G8-R0187-STT4,grade8_9,shared/raw_data/HNMU-teacher_dialog_samples/Lớp 8.xlsx,187,2,each_tutor_turn,[]
BC-HNMU-G8-R0187-STT4-AI04,HNMU-G8-R0187-STT4,grade8_9,shared/raw_data/HNMU-teacher_dialog_samples/Lớp 8.xlsx,187,4,each_tutor_turn,[]
BC-HNMU-G8-R0187-STT4-AI06,HNMU-G8-R0187-STT4,grade8_9,shared/raw_data/HNMU-teacher_dialog_samples/Lớp 8.xlsx,187,6,each_tutor_turn,[]
BC-HNMU-G8-R0187-STT4-AI08,HNMU-G8-R0187-STT4,grade8_9,shared/raw_data/HNMU-teacher_dialog_samples/Lớp 8.xlsx,187,8,each_tutor_turn,[]
BC-HNMU-G8-R0188-STT5-AI02,HNMU-G8-R0188-STT5,grade8_9,shared/raw_data/HNMU-teacher_dialog_samples/Lớp 8.xlsx,188,2,each_tutor_turn,[]
BC-HNMU-G8-R0188-STT5-AI04,HNMU-G8-R0188-STT5,grade8_9,shared/raw_data/HNMU-teacher_dialog_samples/Lớp 8.xlsx,188,4,each_tutor_turn,[]
BC-HNMU-G8-R0188-STT5-AI06,HNMU-G8-R0188-STT5,grade8_9,shared/raw_data/HNMU-teacher_dialog_samples/Lớp 8.xlsx,188,6,each_tutor_turn,[]
BC-HNMU-G8-R0188-STT5-AI08,HNMU-G8-R0188-STT5,grade8_9,shared/raw_data/HNMU-teacher_dialog_samples/Lớp 8.xlsx,188,8,each_tutor_turn,[]
BC-HNMU-G8-R0189-STT6-AI02,HNMU-G8-R0189-STT6,grade8_9,shared/raw_data/HNMU-teacher_dialog_samples/Lớp 8.xlsx,189,2,each_tutor_turn,[]
BC-HNMU-G8-R0189-STT6-AI04,HNMU-G8-R0189-STT6,grade8_9,shared/raw_data/HNMU-teacher_dialog_samples/Lớp 8.xlsx,189,4,each_tutor_turn,[]
BC-HNMU-G8-R0189-STT6-AI06,HNMU-G8-R0189-STT6,grade8_9,shared/raw_data/HNMU-teacher_dialog_samples/Lớp 8.xlsx,189,6,each_tutor_turn,[]
BC-HNMU-G8-R0190-STT7-AI02,HNMU-G8-R0190-STT7,grade8_9,shared/raw_data/HNMU-teacher_dialog_samples/Lớp 8.xlsx,190,2,each_tutor_turn,[]
BC-HNMU-G8-R0190-STT7-AI04,HNMU-G8-R0190-STT7,grade8_9,shared/raw_data/HNMU-teacher_dialog_samples/Lớp 8.xlsx,190,4,each_tutor_turn,[]
BC-HNMU-G8-R0190-STT7-AI06,HNMU-G8-R0190-STT7,grade8_9,shared/raw_data/HNMU-teacher_dialog_samples/Lớp 8.xlsx,190,6,each_tutor_turn,[]
BC-HNMU-G8-R0191-STT8-AI02,HNMU-G8-R0191-STT8,grade8_9,shared/raw_data/HNMU-teacher_dialog_samples/Lớp 8.xlsx,191,2,each_tutor_turn,[]
BC-HNMU-G8-R0191-STT8-AI04,HNMU-G8-R0191-STT8,grade8_9,shared/raw_data/HNMU-teacher_dialog_samples/Lớp 8.xlsx,191,4,each_tutor_turn,[]
BC-HNMU-G8-R0191-STT8-AI06,HNMU-G8-R0191-STT8,grade8_9,shared/raw_data/HNMU-teacher_dialog_samples/Lớp 8.xlsx,191,6,each_tutor_turn,[]
BC-HNMU-G8-R0191-STT8-AI08,HNMU-G8-R0191-STT8,grade8_9,shared/raw_data/HNMU-teacher_dialog_samples/Lớp 8.xlsx,191,8,each_tutor_turn,[]
BC-HNMU-G8-R0192-STT9-AI02,HNMU-G8-R0192-STT9,grade8_9,shared/raw_data/HNMU-teacher_dialog_samples/Lớp 8.xlsx,192,2,each_tutor_turn,[]
BC-HNMU-G8-R0192-STT9-AI04,HNMU-G8-R0192-STT9,grade8_9,shared/raw_data/HNMU-teacher_dialog_samples/Lớp 8.xlsx,192,4,each_tutor_turn,[]
BC-HNMU-G8-R0192-STT9-AI06,HNMU-G8-R0192-STT9,grade8_9,shared/raw_data/HNMU-teacher_dialog_samples/Lớp 8.xlsx,192,6,each_tutor_turn,[]
BC-HNMU-G8-R0192-STT9-AI08,HNMU-G8-R0192-STT9,grade8_9,shared/raw_data/HNMU-teacher_dialog_samples/Lớp 8.xlsx,192,8,each_tutor_turn,[]
BC-HNMU-G8-R0192-STT9-AI10,HNMU-G8-R0192-STT9,grade8_9,shared/raw_data/HNMU-teacher_dialog_samples/Lớp 8.xlsx,192,10,each_tutor_turn,[]
BC-HNMU-G8-R0193-STT10-AI02,HNMU-G8-R0193-STT10,grade8_9,shared/raw_data/HNMU-teacher_dialog_samples/Lớp 8.xlsx,193,2,each_tutor_turn,[]
BC-HNMU-G8-R0193-STT10-AI04,HNMU-G8-R0193-STT10,grade8_9,shared/raw_data/HNMU-teacher_dialog_samples/Lớp 8.xlsx,193,4,each_tutor_turn,[]
BC-HNMU-G8-R0193-STT10-AI06,HNMU-G8-R0193-STT10,grade8_9,shared/raw_data/HNMU-teacher_dialog_samples/Lớp 8.xlsx,193,6,each_tutor_turn,[]
BC-HNMU-G8-R0193-STT10-AI08,HNMU-G8-R0193-STT10,grade8_9,shared/raw_data/HNMU-teacher_dialog_samples/Lớp 8.xlsx,193,8,each_tutor_turn,[]
BC-HNMU-G8-R0193-STT10-AI10,HNMU-G8-R0193-STT10,grade8_9,shared/raw_data/HNMU-teacher_dialog_samples/Lớp 8.xlsx,193,10,each_tutor_turn,[]
BC-HNMU-G8-R0194-STT11-AI02,HNMU-G8-R0194-STT11,grade8_9,shared/raw_data/HNMU-teacher_dialog_samples/Lớp 8.xlsx,194,2,each_tutor_turn,[]
BC-HNMU-G8-R0194-STT11-AI04,HNMU-G8-R0194-STT11,grade8_9,shared/raw_data/HNMU-teacher_dialog_samples/Lớp 8.xlsx,194,4,each_tutor_turn,[]
BC-HNMU-G8-R0194-STT11-AI06,HNMU-G8-R0194-STT11,grade8_9,shared/raw_data/HNMU-teacher_dialog_samples/Lớp 8.xlsx,194,6,each_tutor_turn,[]
BC-HNMU-G8-R0194-STT11-AI08,HNMU-G8-R0194-STT11,grade8_9,shared/raw_data/HNMU-teacher_dialog_samples/Lớp 8.xlsx,194,8,each_tutor_turn,[]
BC-HNMU-G8-R0195-STT12-AI02,HNMU-G8-R0195-STT12,grade8_9,shared/raw_data/HNMU-teacher_dialog_samples/Lớp 8.xlsx,195,2,each_tutor_turn,[]
BC-HNMU-G8-R0195-STT12-AI04,HNMU-G8-R0195-STT12,grade8_9,shared/raw_data/HNMU-teacher_dialog_samples/Lớp 8.xlsx,195,4,each_tutor_turn,[]
BC-HNMU-G8-R0195-STT12-AI06,HNMU-G8-R0195-STT12,grade8_9,shared/raw_data/HNMU-teacher_dialog_samples/Lớp 8.xlsx,195,6,each_tutor_turn,[]
BC-HNMU-G8-R0195-STT12-AI08,HNMU-G8-R0195-STT12,grade8_9,shared/raw_data/HNMU-teacher_dialog_samples/Lớp 8.xlsx,195,8,each_tutor_turn,[]
BC-HNMU-G8-R0195-STT12-AI10,HNMU-G8-R0195-STT12,grade8_9,shared/raw_data/HNMU-teacher_dialog_samples/Lớp 8.xlsx,195,10,each_tutor_turn,[]
BC-HNMU-G8-R0196-STT13-AI02,HNMU-G8-R0196-STT13,grade8_9,shared/raw_data/HNMU-teacher_dialog_samples/Lớp 8.xlsx,196,2,each_tutor_turn,[]
BC-HNMU-G8-R0196-STT13-AI04,HNMU-G8-R0196-STT13,grade8_9,shared/raw_data/HNMU-teacher_dialog_samples/Lớp 8.xlsx,196,4,each_tutor_turn,[]
BC-HNMU-G8-R0196-STT13-AI06,HNMU-G8-R0196-STT13,grade8_9,shared/raw_data/HNMU-teacher_dialog_samples/Lớp 8.xlsx,196,6,each_tutor_turn,[]
BC-HNMU-G8-R0196-STT13-AI08,HNMU-G8-R0196-STT13,grade8_9,shared/raw_data/HNMU-teacher_dialog_samples/Lớp 8.xlsx,196,8,each_tutor_turn,[]
BC-HNMU-G8-R0196-STT13-AI10,HNMU-G8-R0196-STT13,grade8_9,shared/raw_data/HNMU-teacher_dialog_samples/Lớp 8.xlsx,196,10,each_tutor_turn,[]
BC-HNMU-G8-R0197-STT14-AI02,HNMU-G8-R0197-STT14,grade8_9,shared/raw_data/HNMU-teacher_dialog_samples/Lớp 8.xlsx,197,2,each_tutor_turn,[]
BC-HNMU-G8-R0197-STT14-AI04,HNMU-G8-R0197-STT14,grade8_9,shared/raw_data/HNMU-teacher_dialog_samples/Lớp 8.xlsx,197,4,each_tutor_turn,[]
BC-HNMU-G8-R0197-STT14-AI06,HNMU-G8-R0197-STT14,grade8_9,shared/raw_data/HNMU-teacher_dialog_samples/Lớp 8.xlsx,197,6,each_tutor_turn,[]
BC-HNMU-G8-R0197-STT14-AI08,HNMU-G8-R0197-STT14,grade8_9,shared/raw_data/HNMU-teacher_dialog_samples/Lớp 8.xlsx,197,8,each_tutor_turn,[]
BC-HNMU-G8-R0198-STT1-AI02,HNMU-G8-R0198-STT1,grade8_9,shared/raw_data/HNMU-teacher_dialog_samples/Lớp 8.xlsx,198,2,each_tutor_turn,[]
BC-HNMU-G8-R0198-STT1-AI04,HNMU-G8-R0198-STT1,grade8_9,shared/raw_data/HNMU-teacher_dialog_samples/Lớp 8.xlsx,198,4,each_tutor_turn,[]
BC-HNMU-G8-R0198-STT1-AI06,HNMU-G8-R0198-STT1,grade8_9,shared/raw_data/HNMU-teacher_dialog_samples/Lớp 8.xlsx,198,6,each_tutor_turn,[]
BC-HNMU-G8-R0198-STT1-AI08,HNMU-G8-R0198-STT1,grade8_9,shared/raw_data/HNMU-teacher_dialog_samples/Lớp 8.xlsx,198,8,each_tutor_turn,[]
BC-HNMU-G8-R0199-STT2-AI02,HNMU-G8-R0199-STT2,grade8_9,shared/raw_data/HNMU-teacher_dialog_samples/Lớp 8.xlsx,199,2,each_tutor_turn,[]
BC-HNMU-G8-R0199-STT2-AI04,HNMU-G8-R0199-STT2,grade8_9,shared/raw_data/HNMU-teacher_dialog_samples/Lớp 8.xlsx,199,4,each_tutor_turn,[]
BC-HNMU-G8-R0199-STT2-AI06,HNMU-G8-R0199-STT2,grade8_9,shared/raw_data/HNMU-teacher_dialog_samples/Lớp 8.xlsx,199,6,each_tutor_turn,[]
BC-HNMU-G8-R0199-STT2-AI08,HNMU-G8-R0199-STT2,grade8_9,shared/raw_data/HNMU-teacher_dialog_samples/Lớp 8.xlsx,199,8,each_tutor_turn,[]
BC-HNMU-G8-R0200-STT3-AI02,HNMU-G8-R0200-STT3,grade8_9,shared/raw_data/HNMU-teacher_dialog_samples/Lớp 8.xlsx,200,2,each_tutor_turn,[]
BC-HNMU-G8-R0200-STT3-AI04,HNMU-G8-R0200-STT3,grade8_9,shared/raw_data/HNMU-teacher_dialog_samples/Lớp 8.xlsx,200,4,each_tutor_turn,[]
BC-HNMU-G8-R0200-STT3-AI06,HNMU-G8-R0200-STT3,grade8_9,shared/raw_data/HNMU-teacher_dialog_samples/Lớp 8.xlsx,200,6,each_tutor_turn,[]
BC-HNMU-G8-R0200-STT3-AI08,HNMU-G8-R0200-STT3,grade8_9,shared/raw_data/HNMU-teacher_dialog_samples/Lớp 8.xlsx,200,8,each_tutor_turn,[]
BC-HNMU-G8-R0201-STT4-AI02,HNMU-G8-R0201-STT4,grade8_9,shared/raw_data/HNMU-teacher_dialog_samples/Lớp 8.xlsx,201,2,each_tutor_turn,[]
BC-HNMU-G8-R0201-STT4-AI04,HNMU-G8-R0201-STT4,grade8_9,shared/raw_data/HNMU-teacher_dialog_samples/Lớp 8.xlsx,201,4,each_tutor_turn,[]
BC-HNMU-G8-R0201-STT4-AI06,HNMU-G8-R0201-STT4,grade8_9,shared/raw_data/HNMU-teacher_dialog_samples/Lớp 8.xlsx,201,6,each_tutor_turn,[]
BC-HNMU-G8-R0201-STT4-AI08,HNMU-G8-R0201-STT4,grade8_9,shared/raw_data/HNMU-teacher_dialog_samples/Lớp 8.xlsx,201,8,each_tutor_turn,[]
BC-HNMU-G8-R0203-STT6-AI02,HNMU-G8-R0203-STT6,grade8_9,shared/raw_data/HNMU-teacher_dialog_samples/Lớp 8.xlsx,203,2,each_tutor_turn,[]
BC-HNMU-G8-R0203-STT6-AI04,HNMU-G8-R0203-STT6,grade8_9,shared/raw_data/HNMU-teacher_dialog_samples/Lớp 8.xlsx,203,4,each_tutor_turn,[]
BC-HNMU-G8-R0203-STT6-AI06,HNMU-G8-R0203-STT6,grade8_9,shared/raw_data/HNMU-teacher_dialog_samples/Lớp 8.xlsx,203,6,each_tutor_turn,[]
BC-HNMU-G8-R0203-STT6-AI08,HNMU-G8-R0203-STT6,grade8_9,shared/raw_data/HNMU-teacher_dialog_samples/Lớp 8.xlsx,203,8,each_tutor_turn,[]
BC-HNMU-G8-R0203-STT6-AI10,HNMU-G8-R0203-STT6,grade8_9,shared/raw_data/HNMU-teacher_dialog_samples/Lớp 8.xlsx,203,10,each_tutor_turn,[]
BC-HNMU-G8-R0204-STT7-AI02,HNMU-G8-R0204-STT7,grade8_9,shared/raw_data/HNMU-teacher_dialog_samples/Lớp 8.xlsx,204,2,each_tutor_turn,[]
BC-HNMU-G8-R0204-STT7-AI04,HNMU-G8-R0204-STT7,grade8_9,shared/raw_data/HNMU-teacher_dialog_samples/Lớp 8.xlsx,204,4,each_tutor_turn,[]
BC-HNMU-G8-R0204-STT7-AI06,HNMU-G8-R0204-STT7,grade8_9,shared/raw_data/HNMU-teacher_dialog_samples/Lớp 8.xlsx,204,6,each_tutor_turn,[]
BC-HNMU-G8-R0204-STT7-AI08,HNMU-G8-R0204-STT7,grade8_9,shared/raw_data/HNMU-teacher_dialog_samples/Lớp 8.xlsx,204,8,each_tutor_turn,[]
BC-HNMU-G8-R0205-STT8-AI02,HNMU-G8-R0205-STT8,grade8_9,shared/raw_data/HNMU-teacher_dialog_samples/Lớp 8.xlsx,205,2,each_tutor_turn,[]
BC-HNMU-G8-R0205-STT8-AI04,HNMU-G8-R0205-STT8,grade8_9,shared/raw_data/HNMU-teacher_dialog_samples/Lớp 8.xlsx,205,4,each_tutor_turn,[]
BC-HNMU-G8-R0205-STT8-AI06,HNMU-G8-R0205-STT8,grade8_9,shared/raw_data/HNMU-teacher_dialog_samples/Lớp 8.xlsx,205,6,each_tutor_turn,[]
BC-HNMU-G8-R0205-STT8-AI08,HNMU-G8-R0205-STT8,grade8_9,shared/raw_data/HNMU-teacher_dialog_samples/Lớp 8.xlsx,205,8,each_tutor_turn,[]
BC-HNMU-G8-R0206-STT9-AI02,HNMU-G8-R0206-STT9,grade8_9,shared/raw_data/HNMU-teacher_dialog_samples/Lớp 8.xlsx,206,2,each_tutor_turn,[]
BC-HNMU-G8-R0206-STT9-AI04,HNMU-G8-R0206-STT9,grade8_9,shared/raw_data/HNMU-teacher_dialog_samples/Lớp 8.xlsx,206,4,each_tutor_turn,[]
BC-HNMU-G8-R0206-STT9-AI06,HNMU-G8-R0206-STT9,grade8_9,shared/raw_data/HNMU-teacher_dialog_samples/Lớp 8.xlsx,206,6,each_tutor_turn,[]
BC-HNMU-G8-R0206-STT9-AI08,HNMU-G8-R0206-STT9,grade8_9,shared/raw_data/HNMU-teacher_dialog_samples/Lớp 8.xlsx,206,8,each_tutor_turn,[]
BC-HNMU-G8-R0209-STT12-AI02,HNMU-G8-R0209-STT12,grade8_9,shared/raw_data/HNMU-teacher_dialog_samples/Lớp 8.xlsx,209,2,each_tutor_turn,[]
BC-HNMU-G8-R0209-STT12-AI04,HNMU-G8-R0209-STT12,grade8_9,shared/raw_data/HNMU-teacher_dialog_samples/Lớp 8.xlsx,209,4,each_tutor_turn,[]
BC-HNMU-G8-R0209-STT12-AI06,HNMU-G8-R0209-STT12,grade8_9,shared/raw_data/HNMU-teacher_dialog_samples/Lớp 8.xlsx,209,6,each_tutor_turn,[]
BC-HNMU-G8-R0209-STT12-AI08,HNMU-G8-R0209-STT12,grade8_9,shared/raw_data/HNMU-teacher_dialog_samples/Lớp 8.xlsx,209,8,each_tutor_turn,[]
BC-HNMU-G8-R0210-STT13-AI02,HNMU-G8-R0210-STT13,grade8_9,shared/raw_data/HNMU-teacher_dialog_samples/Lớp 8.xlsx,210,2,each_tutor_turn,[]
BC-HNMU-G8-R0210-STT13-AI04,HNMU-G8-R0210-STT13,grade8_9,shared/raw_data/HNMU-teacher_dialog_samples/Lớp 8.xlsx,210,4,each_tutor_turn,[]
BC-HNMU-G8-R0210-STT13-AI06,HNMU-G8-R0210-STT13,grade8_9,shared/raw_data/HNMU-teacher_dialog_samples/Lớp 8.xlsx,210,6,each_tutor_turn,[]
BC-HNMU-G8-R0210-STT13-AI08,HNMU-G8-R0210-STT13,grade8_9,shared/raw_data/HNMU-teacher_dialog_samples/Lớp 8.xlsx,210,8,each_tutor_turn,[]
BC-HNMU-G8-R0211-STT14-AI02,HNMU-G8-R0211-STT14,grade8_9,shared/raw_data/HNMU-teacher_dialog_samples/Lớp 8.xlsx,211,2,each_tutor_turn,[]
BC-HNMU-G8-R0211-STT14-AI04,HNMU-G8-R0211-STT14,grade8_9,shared/raw_data/HNMU-teacher_dialog_samples/Lớp 8.xlsx,211,4,each_tutor_turn,[]
BC-HNMU-G8-R0211-STT14-AI06,HNMU-G8-R0211-STT14,grade8_9,shared/raw_data/HNMU-teacher_dialog_samples/Lớp 8.xlsx,211,6,each_tutor_turn,[]
BC-HNMU-G8-R0211-STT14-AI08,HNMU-G8-R0211-STT14,grade8_9,shared/raw_data/HNMU-teacher_dialog_samples/Lớp 8.xlsx,211,8,each_tutor_turn,[]
BC-HNMU-G8-R0211-STT14-AI10,HNMU-G8-R0211-STT14,grade8_9,shared/raw_data/HNMU-teacher_dialog_samples/Lớp 8.xlsx,211,10,each_tutor_turn,[]
BC-HNMU-G8-R0213-STT2-AI02,HNMU-G8-R0213-STT2,grade8_9,shared/raw_data/HNMU-teacher_dialog_samples/Lớp 8.xlsx,213,2,each_tutor_turn,[]
BC-HNMU-G8-R0213-STT2-AI04,HNMU-G8-R0213-STT2,grade8_9,shared/raw_data/HNMU-teacher_dialog_samples/Lớp 8.xlsx,213,4,each_tutor_turn,[]
BC-HNMU-G8-R0214-STT3-AI02,HNMU-G8-R0214-STT3,grade8_9,shared/raw_data/HNMU-teacher_dialog_samples/Lớp 8.xlsx,214,2,each_tutor_turn,[]
BC-HNMU-G8-R0214-STT3-AI04,HNMU-G8-R0214-STT3,grade8_9,shared/raw_data/HNMU-teacher_dialog_samples/Lớp 8.xlsx,214,4,each_tutor_turn,[]
BC-HNMU-G8-R0215-STT4-AI02,HNMU-G8-R0215-STT4,grade8_9,shared/raw_data/HNMU-teacher_dialog_samples/Lớp 8.xlsx,215,2,each_tutor_turn,[]
BC-HNMU-G8-R0215-STT4-AI04,HNMU-G8-R0215-STT4,grade8_9,shared/raw_data/HNMU-teacher_dialog_samples/Lớp 8.xlsx,215,4,each_tutor_turn,[]
BC-HNMU-G8-R0216-STT5-AI02,HNMU-G8-R0216-STT5,grade8_9,shared/raw_data/HNMU-teacher_dialog_samples/Lớp 8.xlsx,216,2,each_tutor_turn,[]
BC-HNMU-G8-R0216-STT5-AI04,HNMU-G8-R0216-STT5,grade8_9,shared/raw_data/HNMU-teacher_dialog_samples/Lớp 8.xlsx,216,4,each_tutor_turn,[]
BC-HNMU-G8-R0217-STT6-AI02,HNMU-G8-R0217-STT6,grade8_9,shared/raw_data/HNMU-teacher_dialog_samples/Lớp 8.xlsx,217,2,each_tutor_turn,[]
BC-HNMU-G8-R0217-STT6-AI04,HNMU-G8-R0217-STT6,grade8_9,shared/raw_data/HNMU-teacher_dialog_samples/Lớp 8.xlsx,217,4,each_tutor_turn,[]
BC-HNMU-G8-R0217-STT6-AI06,HNMU-G8-R0217-STT6,grade8_9,shared/raw_data/HNMU-teacher_dialog_samples/Lớp 8.xlsx,217,6,each_tutor_turn,[]
BC-HNMU-G8-R0218-STT7-AI02,HNMU-G8-R0218-STT7,grade8_9,shared/raw_data/HNMU-teacher_dialog_samples/Lớp 8.xlsx,218,2,each_tutor_turn,[]
BC-HNMU-G8-R0218-STT7-AI04,HNMU-G8-R0218-STT7,grade8_9,shared/raw_data/HNMU-teacher_dialog_samples/Lớp 8.xlsx,218,4,each_tutor_turn,[]
BC-HNMU-G8-R0219-STT8-AI02,HNMU-G8-R0219-STT8,grade8_9,shared/raw_data/HNMU-teacher_dialog_samples/Lớp 8.xlsx,219,2,each_tutor_turn,[]
BC-HNMU-G8-R0219-STT8-AI04,HNMU-G8-R0219-STT8,grade8_9,shared/raw_data/HNMU-teacher_dialog_samples/Lớp 8.xlsx,219,4,each_tutor_turn,[]
BC-HNMU-G8-R0220-STT9-AI02,HNMU-G8-R0220-STT9,grade8_9,shared/raw_data/HNMU-teacher_dialog_samples/Lớp 8.xlsx,220,2,each_tutor_turn,[]
BC-HNMU-G8-R0220-STT9-AI04,HNMU-G8-R0220-STT9,grade8_9,shared/raw_data/HNMU-teacher_dialog_samples/Lớp 8.xlsx,220,4,each_tutor_turn,[]
BC-HNMU-G8-R0221-STT10-AI02,HNMU-G8-R0221-STT10,grade8_9,shared/raw_data/HNMU-teacher_dialog_samples/Lớp 8.xlsx,221,2,each_tutor_turn,[]
BC-HNMU-G8-R0221-STT10-AI04,HNMU-G8-R0221-STT10,grade8_9,shared/raw_data/HNMU-teacher_dialog_samples/Lớp 8.xlsx,221,4,each_tutor_turn,[]
BC-HNMU-G8-R0221-STT10-AI06,HNMU-G8-R0221-STT10,grade8_9,shared/raw_data/HNMU-teacher_dialog_samples/Lớp 8.xlsx,221,6,each_tutor_turn,[]
BC-HNMU-G8-R0222-STT11-AI02,HNMU-G8-R0222-STT11,grade8_9,shared/raw_data/HNMU-teacher_dialog_samples/Lớp 8.xlsx,222,2,each_tutor_turn,[]
BC-HNMU-G8-R0222-STT11-AI04,HNMU-G8-R0222-STT11,grade8_9,shared/raw_data/HNMU-teacher_dialog_samples/Lớp 8.xlsx,222,4,each_tutor_turn,[]
BC-HNMU-G8-R0223-STT12-AI02,HNMU-G8-R0223-STT12,grade8_9,shared/raw_data/HNMU-teacher_dialog_samples/Lớp 8.xlsx,223,2,each_tutor_turn,[]
BC-HNMU-G8-R0223-STT12-AI04,HNMU-G8-R0223-STT12,grade8_9,shared/raw_data/HNMU-teacher_dialog_samples/Lớp 8.xlsx,223,4,each_tutor_turn,[]
BC-HNMU-G8-R0225-STT14-AI02,HNMU-G8-R0225-STT14,grade8_9,shared/raw_data/HNMU-teacher_dialog_samples/Lớp 8.xlsx,225,2,each_tutor_turn,[]
BC-HNMU-G8-R0225-STT14-AI04,HNMU-G8-R0225-STT14,grade8_9,shared/raw_data/HNMU-teacher_dialog_samples/Lớp 8.xlsx,225,4,each_tutor_turn,[]
BC-HNMU-G8-R0226-STT1-AI02,HNMU-G8-R0226-STT1,grade8_9,shared/raw_data/HNMU-teacher_dialog_samples/Lớp 8.xlsx,226,2,each_tutor_turn,[]
BC-HNMU-G8-R0226-STT1-AI04,HNMU-G8-R0226-STT1,grade8_9,shared/raw_data/HNMU-teacher_dialog_samples/Lớp 8.xlsx,226,4,each_tutor_turn,[]
BC-HNMU-G8-R0226-STT1-AI06,HNMU-G8-R0226-STT1,grade8_9,shared/raw_data/HNMU-teacher_dialog_samples/Lớp 8.xlsx,226,6,each_tutor_turn,[]
BC-HNMU-G8-R0227-STT2-AI02,HNMU-G8-R0227-STT2,grade8_9,shared/raw_data/HNMU-teacher_dialog_samples/Lớp 8.xlsx,227,2,each_tutor_turn,[]
BC-HNMU-G8-R0227-STT2-AI04,HNMU-G8-R0227-STT2,grade8_9,shared/raw_data/HNMU-teacher_dialog_samples/Lớp 8.xlsx,227,4,each_tutor_turn,[]
BC-HNMU-G8-R0228-STT3-AI02,HNMU-G8-R0228-STT3,grade8_9,shared/raw_data/HNMU-teacher_dialog_samples/Lớp 8.xlsx,228,2,each_tutor_turn,[]
BC-HNMU-G8-R0228-STT3-AI04,HNMU-G8-R0228-STT3,grade8_9,shared/raw_data/HNMU-teacher_dialog_samples/Lớp 8.xlsx,228,4,each_tutor_turn,[]
BC-HNMU-G8-R0229-STT4-AI02,HNMU-G8-R0229-STT4,grade8_9,shared/raw_data/HNMU-teacher_dialog_samples/Lớp 8.xlsx,229,2,each_tutor_turn,[]
BC-HNMU-G8-R0229-STT4-AI04,HNMU-G8-R0229-STT4,grade8_9,shared/raw_data/HNMU-teacher_dialog_samples/Lớp 8.xlsx,229,4,each_tutor_turn,[]
BC-HNMU-G8-R0230-STT5-AI02,HNMU-G8-R0230-STT5,grade8_9,shared/raw_data/HNMU-teacher_dialog_samples/Lớp 8.xlsx,230,2,each_tutor_turn,[]
BC-HNMU-G8-R0230-STT5-AI04,HNMU-G8-R0230-STT5,grade8_9,shared/raw_data/HNMU-teacher_dialog_samples/Lớp 8.xlsx,230,4,each_tutor_turn,[]
BC-HNMU-G8-R0231-STT6-AI02,HNMU-G8-R0231-STT6,grade8_9,shared/raw_data/HNMU-teacher_dialog_samples/Lớp 8.xlsx,231,2,each_tutor_turn,[]
BC-HNMU-G8-R0231-STT6-AI04,HNMU-G8-R0231-STT6,grade8_9,shared/raw_data/HNMU-teacher_dialog_samples/Lớp 8.xlsx,231,4,each_tutor_turn,[]
BC-HNMU-G8-R0233-STT8-AI02,HNMU-G8-R0233-STT8,grade8_9,shared/raw_data/HNMU-teacher_dialog_samples/Lớp 8.xlsx,233,2,each_tutor_turn,[]
BC-HNMU-G8-R0233-STT8-AI04,HNMU-G8-R0233-STT8,grade8_9,shared/raw_data/HNMU-teacher_dialog_samples/Lớp 8.xlsx,233,4,each_tutor_turn,[]
BC-HNMU-G8-R0234-STT9-AI02,HNMU-G8-R0234-STT9,grade8_9,shared/raw_data/HNMU-teacher_dialog_samples/Lớp 8.xlsx,234,2,each_tutor_turn,[]
BC-HNMU-G8-R0234-STT9-AI04,HNMU-G8-R0234-STT9,grade8_9,shared/raw_data/HNMU-teacher_dialog_samples/Lớp 8.xlsx,234,4,each_tutor_turn,[]
BC-HNMU-G8-R0235-STT10-AI02,HNMU-G8-R0235-STT10,grade8_9,shared/raw_data/HNMU-teacher_dialog_samples/Lớp 8.xlsx,235,2,each_tutor_turn,[]
BC-HNMU-G8-R0235-STT10-AI04,HNMU-G8-R0235-STT10,grade8_9,shared/raw_data/HNMU-teacher_dialog_samples/Lớp 8.xlsx,235,4,each_tutor_turn,[]
BC-HNMU-G8-R0236-STT11-AI02,HNMU-G8-R0236-STT11,grade8_9,shared/raw_data/HNMU-teacher_dialog_samples/Lớp 8.xlsx,236,2,each_tutor_turn,[]
BC-HNMU-G8-R0236-STT11-AI04,HNMU-G8-R0236-STT11,grade8_9,shared/raw_data/HNMU-teacher_dialog_samples/Lớp 8.xlsx,236,4,each_tutor_turn,[]
BC-HNMU-G8-R0236-STT11-AI06,HNMU-G8-R0236-STT11,grade8_9,shared/raw_data/HNMU-teacher_dialog_samples/Lớp 8.xlsx,236,6,each_tutor_turn,[]
BC-HNMU-G8-R0238-STT13-AI02,HNMU-G8-R0238-STT13,grade8_9,shared/raw_data/HNMU-teacher_dialog_samples/Lớp 8.xlsx,238,2,each_tutor_turn,[]
BC-HNMU-G8-R0238-STT13-AI04,HNMU-G8-R0238-STT13,grade8_9,shared/raw_data/HNMU-teacher_dialog_samples/Lớp 8.xlsx,238,4,each_tutor_turn,[]
BC-HNMU-G8-R0239-STT14-AI02,HNMU-G8-R0239-STT14,grade8_9,shared/raw_data/HNMU-teacher_dialog_samples/Lớp 8.xlsx,239,2,each_tutor_turn,[]
BC-HNMU-G8-R0239-STT14-AI04,HNMU-G8-R0239-STT14,grade8_9,shared/raw_data/HNMU-teacher_dialog_samples/Lớp 8.xlsx,239,4,each_tutor_turn,[]
BC-HNMU-G8-R0240-STT1-AI02,HNMU-G8-R0240-STT1,grade8_9,shared/raw_data/HNMU-teacher_dialog_samples/Lớp 8.xlsx,240,2,each_tutor_turn,[]
BC-HNMU-G8-R0240-STT1-AI04,HNMU-G8-R0240-STT1,grade8_9,shared/raw_data/HNMU-teacher_dialog_samples/Lớp 8.xlsx,240,4,each_tutor_turn,[]
BC-HNMU-G8-R0240-STT1-AI06,HNMU-G8-R0240-STT1,grade8_9,shared/raw_data/HNMU-teacher_dialog_samples/Lớp 8.xlsx,240,6,each_tutor_turn,[]
BC-HNMU-G8-R0241-STT2-AI02,HNMU-G8-R0241-STT2,grade8_9,shared/raw_data/HNMU-teacher_dialog_samples/Lớp 8.xlsx,241,2,each_tutor_turn,[]
BC-HNMU-G8-R0241-STT2-AI04,HNMU-G8-R0241-STT2,grade8_9,shared/raw_data/HNMU-teacher_dialog_samples/Lớp 8.xlsx,241,4,each_tutor_turn,[]
BC-HNMU-G8-R0242-STT3-AI02,HNMU-G8-R0242-STT3,grade8_9,shared/raw_data/HNMU-teacher_dialog_samples/Lớp 8.xlsx,242,2,each_tutor_turn,[]
BC-HNMU-G8-R0242-STT3-AI04,HNMU-G8-R0242-STT3,grade8_9,shared/raw_data/HNMU-teacher_dialog_samples/Lớp 8.xlsx,242,4,each_tutor_turn,[]
BC-HNMU-G8-R0243-STT4-AI02,HNMU-G8-R0243-STT4,grade8_9,shared/raw_data/HNMU-teacher_dialog_samples/Lớp 8.xlsx,243,2,each_tutor_turn,[]
BC-HNMU-G8-R0243-STT4-AI04,HNMU-G8-R0243-STT4,grade8_9,shared/raw_data/HNMU-teacher_dialog_samples/Lớp 8.xlsx,243,4,each_tutor_turn,[]
BC-HNMU-G8-R0246-STT7-AI02,HNMU-G8-R0246-STT7,grade8_9,shared/raw_data/HNMU-teacher_dialog_samples/Lớp 8.xlsx,246,2,each_tutor_turn,[]
BC-HNMU-G8-R0246-STT7-AI04,HNMU-G8-R0246-STT7,grade8_9,shared/raw_data/HNMU-teacher_dialog_samples/Lớp 8.xlsx,246,4,each_tutor_turn,[]
BC-HNMU-G8-R0248-STT9-AI02,HNMU-G8-R0248-STT9,grade8_9,shared/raw_data/HNMU-teacher_dialog_samples/Lớp 8.xlsx,248,2,each_tutor_turn,[]
BC-HNMU-G8-R0248-STT9-AI04,HNMU-G8-R0248-STT9,grade8_9,shared/raw_data/HNMU-teacher_dialog_samples/Lớp 8.xlsx,248,4,each_tutor_turn,[]
BC-HNMU-G8-R0249-STT10-AI02,HNMU-G8-R0249-STT10,grade8_9,shared/raw_data/HNMU-teacher_dialog_samples/Lớp 8.xlsx,249,2,each_tutor_turn,[]
BC-HNMU-G8-R0249-STT10-AI04,HNMU-G8-R0249-STT10,grade8_9,shared/raw_data/HNMU-teacher_dialog_samples/Lớp 8.xlsx,249,4,each_tutor_turn,[]
BC-HNMU-G8-R0250-STT11-AI02,HNMU-G8-R0250-STT11,grade8_9,shared/raw_data/HNMU-teacher_dialog_samples/Lớp 8.xlsx,250,2,each_tutor_turn,[]
BC-HNMU-G8-R0250-STT11-AI04,HNMU-G8-R0250-STT11,grade8_9,shared/raw_data/HNMU-teacher_dialog_samples/Lớp 8.xlsx,250,4,each_tutor_turn,[]
BC-HNMU-G8-R0251-STT12-AI02,HNMU-G8-R0251-STT12,grade8_9,shared/raw_data/HNMU-teacher_dialog_samples/Lớp 8.xlsx,251,2,each_tutor_turn,[]
BC-HNMU-G8-R0251-STT12-AI04,HNMU-G8-R0251-STT12,grade8_9,shared/raw_data/HNMU-teacher_dialog_samples/Lớp 8.xlsx,251,4,each_tutor_turn,[]
BC-HNMU-G8-R0252-STT13-AI02,HNMU-G8-R0252-STT13,grade8_9,shared/raw_data/HNMU-teacher_dialog_samples/Lớp 8.xlsx,252,2,each_tutor_turn,[]
BC-HNMU-G8-R0252-STT13-AI04,HNMU-G8-R0252-STT13,grade8_9,shared/raw_data/HNMU-teacher_dialog_samples/Lớp 8.xlsx,252,4,each_tutor_turn,[]
BC-HNMU-G8-R0253-STT14-AI02,HNMU-G8-R0253-STT14,grade8_9,shared/raw_data/HNMU-teacher_dialog_samples/Lớp 8.xlsx,253,2,each_tutor_turn,[]
BC-HNMU-G8-R0253-STT14-AI04,HNMU-G8-R0253-STT14,grade8_9,shared/raw_data/HNMU-teacher_dialog_samples/Lớp 8.xlsx,253,4,each_tutor_turn,[]
BC-HNMU-G8-R0255-STT2-AI02,HNMU-G8-R0255-STT2,grade8_9,shared/raw_data/HNMU-teacher_dialog_samples/Lớp 8.xlsx,255,2,each_tutor_turn,[]
BC-HNMU-G8-R0255-STT2-AI04,HNMU-G8-R0255-STT2,grade8_9,shared/raw_data/HNMU-teacher_dialog_samples/Lớp 8.xlsx,255,4,each_tutor_turn,[]
BC-HNMU-G8-R0256-STT3-AI02,HNMU-G8-R0256-STT3,grade8_9,shared/raw_data/HNMU-teacher_dialog_samples/Lớp 8.xlsx,256,2,each_tutor_turn,[]
BC-HNMU-G8-R0256-STT3-AI04,HNMU-G8-R0256-STT3,grade8_9,shared/raw_data/HNMU-teacher_dialog_samples/Lớp 8.xlsx,256,4,each_tutor_turn,[]
BC-HNMU-G8-R0257-STT4-AI02,HNMU-G8-R0257-STT4,grade8_9,shared/raw_data/HNMU-teacher_dialog_samples/Lớp 8.xlsx,257,2,each_tutor_turn,[]
BC-HNMU-G8-R0257-STT4-AI04,HNMU-G8-R0257-STT4,grade8_9,shared/raw_data/HNMU-teacher_dialog_samples/Lớp 8.xlsx,257,4,each_tutor_turn,[]
BC-HNMU-G8-R0258-STT5-AI02,HNMU-G8-R0258-STT5,grade8_9,shared/raw_data/HNMU-teacher_dialog_samples/Lớp 8.xlsx,258,2,each_tutor_turn,[]
BC-HNMU-G8-R0258-STT5-AI04,HNMU-G8-R0258-STT5,grade8_9,shared/raw_data/HNMU-teacher_dialog_samples/Lớp 8.xlsx,258,4,each_tutor_turn,[]
BC-HNMU-G8-R0259-STT6-AI02,HNMU-G8-R0259-STT6,grade8_9,shared/raw_data/HNMU-teacher_dialog_samples/Lớp 8.xlsx,259,2,each_tutor_turn,[]
BC-HNMU-G8-R0259-STT6-AI04,HNMU-G8-R0259-STT6,grade8_9,shared/raw_data/HNMU-teacher_dialog_samples/Lớp 8.xlsx,259,4,each_tutor_turn,[]
BC-HNMU-G8-R0260-STT7-AI02,HNMU-G8-R0260-STT7,grade8_9,shared/raw_data/HNMU-teacher_dialog_samples/Lớp 8.xlsx,260,2,each_tutor_turn,[]
BC-HNMU-G8-R0260-STT7-AI04,HNMU-G8-R0260-STT7,grade8_9,shared/raw_data/HNMU-teacher_dialog_samples/Lớp 8.xlsx,260,4,each_tutor_turn,[]
BC-HNMU-G8-R0263-STT10-AI02,HNMU-G8-R0263-STT10,grade8_9,shared/raw_data/HNMU-teacher_dialog_samples/Lớp 8.xlsx,263,2,each_tutor_turn,[]
BC-HNMU-G8-R0263-STT10-AI04,HNMU-G8-R0263-STT10,grade8_9,shared/raw_data/HNMU-teacher_dialog_samples/Lớp 8.xlsx,263,4,each_tutor_turn,[]
BC-HNMU-G8-R0263-STT10-AI06,HNMU-G8-R0263-STT10,grade8_9,shared/raw_data/HNMU-teacher_dialog_samples/Lớp 8.xlsx,263,6,each_tutor_turn,[]
BC-HNMU-G8-R0264-STT11-AI02,HNMU-G8-R0264-STT11,grade8_9,shared/raw_data/HNMU-teacher_dialog_samples/Lớp 8.xlsx,264,2,each_tutor_turn,[]
BC-HNMU-G8-R0264-STT11-AI04,HNMU-G8-R0264-STT11,grade8_9,shared/raw_data/HNMU-teacher_dialog_samples/Lớp 8.xlsx,264,4,each_tutor_turn,[]
BC-HNMU-G8-R0265-STT12-AI02,HNMU-G8-R0265-STT12,grade8_9,shared/raw_data/HNMU-teacher_dialog_samples/Lớp 8.xlsx,265,2,each_tutor_turn,[]
BC-HNMU-G8-R0265-STT12-AI04,HNMU-G8-R0265-STT12,grade8_9,shared/raw_data/HNMU-teacher_dialog_samples/Lớp 8.xlsx,265,4,each_tutor_turn,[]
BC-HNMU-G8-R0266-STT13-AI02,HNMU-G8-R0266-STT13,grade8_9,shared/raw_data/HNMU-teacher_dialog_samples/Lớp 8.xlsx,266,2,each_tutor_turn,[]
BC-HNMU-G8-R0266-STT13-AI04,HNMU-G8-R0266-STT13,grade8_9,shared/raw_data/HNMU-teacher_dialog_samples/Lớp 8.xlsx,266,4,each_tutor_turn,[]
BC-HNMU-G8-R0267-STT14-AI02,HNMU-G8-R0267-STT14,grade8_9,shared/raw_data/HNMU-teacher_dialog_samples/Lớp 8.xlsx,267,2,each_tutor_turn,[]
BC-HNMU-G8-R0267-STT14-AI04,HNMU-G8-R0267-STT14,grade8_9,shared/raw_data/HNMU-teacher_dialog_samples/Lớp 8.xlsx,267,4,each_tutor_turn,[]
BC-HNMU-G8-R0268-STT1-AI02,HNMU-G8-R0268-STT1,grade8_9,shared/raw_data/HNMU-teacher_dialog_samples/Lớp 8.xlsx,268,2,each_tutor_turn,[]
BC-HNMU-G8-R0268-STT1-AI04,HNMU-G8-R0268-STT1,grade8_9,shared/raw_data/HNMU-teacher_dialog_samples/Lớp 8.xlsx,268,4,each_tutor_turn,[]
BC-HNMU-G8-R0269-STT2-AI02,HNMU-G8-R0269-STT2,grade8_9,shared/raw_data/HNMU-teacher_dialog_samples/Lớp 8.xlsx,269,2,each_tutor_turn,[]
BC-HNMU-G8-R0269-STT2-AI04,HNMU-G8-R0269-STT2,grade8_9,shared/raw_data/HNMU-teacher_dialog_samples/Lớp 8.xlsx,269,4,each_tutor_turn,[]
BC-HNMU-G8-R0270-STT3-AI02,HNMU-G8-R0270-STT3,grade8_9,shared/raw_data/HNMU-teacher_dialog_samples/Lớp 8.xlsx,270,2,each_tutor_turn,[]
BC-HNMU-G8-R0270-STT3-AI04,HNMU-G8-R0270-STT3,grade8_9,shared/raw_data/HNMU-teacher_dialog_samples/Lớp 8.xlsx,270,4,each_tutor_turn,[]
BC-HNMU-G8-R0271-STT4-AI02,HNMU-G8-R0271-STT4,grade8_9,shared/raw_data/HNMU-teacher_dialog_samples/Lớp 8.xlsx,271,2,each_tutor_turn,[]
BC-HNMU-G8-R0271-STT4-AI04,HNMU-G8-R0271-STT4,grade8_9,shared/raw_data/HNMU-teacher_dialog_samples/Lớp 8.xlsx,271,4,each_tutor_turn,[]
BC-HNMU-G8-R0273-STT6-AI02,HNMU-G8-R0273-STT6,grade8_9,shared/raw_data/HNMU-teacher_dialog_samples/Lớp 8.xlsx,273,2,each_tutor_turn,[]
BC-HNMU-G8-R0273-STT6-AI04,HNMU-G8-R0273-STT6,grade8_9,shared/raw_data/HNMU-teacher_dialog_samples/Lớp 8.xlsx,273,4,each_tutor_turn,[]
BC-HNMU-G8-R0274-STT7-AI02,HNMU-G8-R0274-STT7,grade8_9,shared/raw_data/HNMU-teacher_dialog_samples/Lớp 8.xlsx,274,2,each_tutor_turn,[]
BC-HNMU-G8-R0274-STT7-AI04,HNMU-G8-R0274-STT7,grade8_9,shared/raw_data/HNMU-teacher_dialog_samples/Lớp 8.xlsx,274,4,each_tutor_turn,[]
BC-HNMU-G8-R0275-STT8-AI02,HNMU-G8-R0275-STT8,grade8_9,shared/raw_data/HNMU-teacher_dialog_samples/Lớp 8.xlsx,275,2,each_tutor_turn,[]
BC-HNMU-G8-R0275-STT8-AI04,HNMU-G8-R0275-STT8,grade8_9,shared/raw_data/HNMU-teacher_dialog_samples/Lớp 8.xlsx,275,4,each_tutor_turn,[]
BC-HNMU-G8-R0276-STT9-AI02,HNMU-G8-R0276-STT9,grade8_9,shared/raw_data/HNMU-teacher_dialog_samples/Lớp 8.xlsx,276,2,each_tutor_turn,[]
BC-HNMU-G8-R0276-STT9-AI04,HNMU-G8-R0276-STT9,grade8_9,shared/raw_data/HNMU-teacher_dialog_samples/Lớp 8.xlsx,276,4,each_tutor_turn,[]
BC-HNMU-G8-R0277-STT10-AI02,HNMU-G8-R0277-STT10,grade8_9,shared/raw_data/HNMU-teacher_dialog_samples/Lớp 8.xlsx,277,2,each_tutor_turn,[]
BC-HNMU-G8-R0277-STT10-AI04,HNMU-G8-R0277-STT10,grade8_9,shared/raw_data/HNMU-teacher_dialog_samples/Lớp 8.xlsx,277,4,each_tutor_turn,[]
BC-HNMU-G8-R0278-STT11-AI02,HNMU-G8-R0278-STT11,grade8_9,shared/raw_data/HNMU-teacher_dialog_samples/Lớp 8.xlsx,278,2,each_tutor_turn,[]
BC-HNMU-G8-R0278-STT11-AI04,HNMU-G8-R0278-STT11,grade8_9,shared/raw_data/HNMU-teacher_dialog_samples/Lớp 8.xlsx,278,4,each_tutor_turn,[]
BC-HNMU-G8-R0279-STT12-AI02,HNMU-G8-R0279-STT12,grade8_9,shared/raw_data/HNMU-teacher_dialog_samples/Lớp 8.xlsx,279,2,each_tutor_turn,[]
BC-HNMU-G8-R0279-STT12-AI04,HNMU-G8-R0279-STT12,grade8_9,shared/raw_data/HNMU-teacher_dialog_samples/Lớp 8.xlsx,279,4,each_tutor_turn,[]
BC-HNMU-G8-R0279-STT12-AI06,HNMU-G8-R0279-STT12,grade8_9,shared/raw_data/HNMU-teacher_dialog_samples/Lớp 8.xlsx,279,6,each_tutor_turn,[]
BC-HNMU-G8-R0280-STT13-AI02,HNMU-G8-R0280-STT13,grade8_9,shared/raw_data/HNMU-teacher_dialog_samples/Lớp 8.xlsx,280,2,each_tutor_turn,[]
BC-HNMU-G8-R0280-STT13-AI04,HNMU-G8-R0280-STT13,grade8_9,shared/raw_data/HNMU-teacher_dialog_samples/Lớp 8.xlsx,280,4,each_tutor_turn,[]
BC-HNMU-G8-R0280-STT13-AI06,HNMU-G8-R0280-STT13,grade8_9,shared/raw_data/HNMU-teacher_dialog_samples/Lớp 8.xlsx,280,6,each_tutor_turn,[]
BC-HNMU-G8-R0281-STT14-AI02,HNMU-G8-R0281-STT14,grade8_9,shared/raw_data/HNMU-teacher_dialog_samples/Lớp 8.xlsx,281,2,each_tutor_turn,[]
BC-HNMU-G8-R0281-STT14-AI04,HNMU-G8-R0281-STT14,grade8_9,shared/raw_data/HNMU-teacher_dialog_samples/Lớp 8.xlsx,281,4,each_tutor_turn,[]
BC-HNMU-G9-R0002-STT1-AI02,HNMU-G9-R0002-STT1,grade8_9,shared/raw_data/HNMU-teacher_dialog_samples/Lớp 9.xlsx,2,2,each_tutor_turn,[]
BC-HNMU-G9-R0002-STT1-AI04,HNMU-G9-R0002-STT1,grade8_9,shared/raw_data/HNMU-teacher_dialog_samples/Lớp 9.xlsx,2,4,each_tutor_turn,[]
BC-HNMU-G9-R0004-STT3-AI02,HNMU-G9-R0004-STT3,grade8_9,shared/raw_data/HNMU-teacher_dialog_samples/Lớp 9.xlsx,4,2,each_tutor_turn,[]
BC-HNMU-G9-R0004-STT3-AI04,HNMU-G9-R0004-STT3,grade8_9,shared/raw_data/HNMU-teacher_dialog_samples/Lớp 9.xlsx,4,4,each_tutor_turn,[]
BC-HNMU-G9-R0005-STT4-AI02,HNMU-G9-R0005-STT4,grade8_9,shared/raw_data/HNMU-teacher_dialog_samples/Lớp 9.xlsx,5,2,each_tutor_turn,[]
BC-HNMU-G9-R0005-STT4-AI04,HNMU-G9-R0005-STT4,grade8_9,shared/raw_data/HNMU-teacher_dialog_samples/Lớp 9.xlsx,5,4,each_tutor_turn,[]
BC-HNMU-G9-R0008-STT7-AI02,HNMU-G9-R0008-STT7,grade8_9,shared/raw_data/HNMU-teacher_dialog_samples/Lớp 9.xlsx,8,2,each_tutor_turn,[]
BC-HNMU-G9-R0008-STT7-AI04,HNMU-G9-R0008-STT7,grade8_9,shared/raw_data/HNMU-teacher_dialog_samples/Lớp 9.xlsx,8,4,each_tutor_turn,[]
BC-HNMU-G9-R0010-STT9-AI02,HNMU-G9-R0010-STT9,grade8_9,shared/raw_data/HNMU-teacher_dialog_samples/Lớp 9.xlsx,10,2,each_tutor_turn,[]
BC-HNMU-G9-R0010-STT9-AI04,HNMU-G9-R0010-STT9,grade8_9,shared/raw_data/HNMU-teacher_dialog_samples/Lớp 9.xlsx,10,4,each_tutor_turn,[]
BC-HNMU-G9-R0011-STT10-AI02,HNMU-G9-R0011-STT10,grade8_9,shared/raw_data/HNMU-teacher_dialog_samples/Lớp 9.xlsx,11,2,each_tutor_turn,[]
BC-HNMU-G9-R0011-STT10-AI04,HNMU-G9-R0011-STT10,grade8_9,shared/raw_data/HNMU-teacher_dialog_samples/Lớp 9.xlsx,11,4,each_tutor_turn,[]
BC-HNMU-G9-R0012-STT11-AI02,HNMU-G9-R0012-STT11,grade8_9,shared/raw_data/HNMU-teacher_dialog_samples/Lớp 9.xlsx,12,2,each_tutor_turn,[]
BC-HNMU-G9-R0012-STT11-AI04,HNMU-G9-R0012-STT11,grade8_9,shared/raw_data/HNMU-teacher_dialog_samples/Lớp 9.xlsx,12,4,each_tutor_turn,[]
BC-HNMU-G9-R0013-STT12-AI02,HNMU-G9-R0013-STT12,grade8_9,shared/raw_data/HNMU-teacher_dialog_samples/Lớp 9.xlsx,13,2,each_tutor_turn,[]
BC-HNMU-G9-R0013-STT12-AI04,HNMU-G9-R0013-STT12,grade8_9,shared/raw_data/HNMU-teacher_dialog_samples/Lớp 9.xlsx,13,4,each_tutor_turn,[]
BC-HNMU-G9-R0015-STT14-AI02,HNMU-G9-R0015-STT14,grade8_9,shared/raw_data/HNMU-teacher_dialog_samples/Lớp 9.xlsx,15,2,each_tutor_turn,[]
BC-HNMU-G9-R0015-STT14-AI04,HNMU-G9-R0015-STT14,grade8_9,shared/raw_data/HNMU-teacher_dialog_samples/Lớp 9.xlsx,15,4,each_tutor_turn,[]
BC-HNMU-G9-R0016-STT1-AI02,HNMU-G9-R0016-STT1,grade8_9,shared/raw_data/HNMU-teacher_dialog_samples/Lớp 9.xlsx,16,2,each_tutor_turn,[]
BC-HNMU-G9-R0016-STT1-AI04,HNMU-G9-R0016-STT1,grade8_9,shared/raw_data/HNMU-teacher_dialog_samples/Lớp 9.xlsx,16,4,each_tutor_turn,[]
BC-HNMU-G9-R0019-STT4-AI02,HNMU-G9-R0019-STT4,grade8_9,shared/raw_data/HNMU-teacher_dialog_samples/Lớp 9.xlsx,19,2,each_tutor_turn,[]
BC-HNMU-G9-R0019-STT4-AI04,HNMU-G9-R0019-STT4,grade8_9,shared/raw_data/HNMU-teacher_dialog_samples/Lớp 9.xlsx,19,4,each_tutor_turn,[]
BC-HNMU-G9-R0019-STT4-AI06,HNMU-G9-R0019-STT4,grade8_9,shared/raw_data/HNMU-teacher_dialog_samples/Lớp 9.xlsx,19,6,each_tutor_turn,[]
BC-HNMU-G9-R0023-STT8-AI02,HNMU-G9-R0023-STT8,grade8_9,shared/raw_data/HNMU-teacher_dialog_samples/Lớp 9.xlsx,23,2,each_tutor_turn,[]
BC-HNMU-G9-R0023-STT8-AI04,HNMU-G9-R0023-STT8,grade8_9,shared/raw_data/HNMU-teacher_dialog_samples/Lớp 9.xlsx,23,4,each_tutor_turn,[]
BC-HNMU-G9-R0023-STT8-AI06,HNMU-G9-R0023-STT8,grade8_9,shared/raw_data/HNMU-teacher_dialog_samples/Lớp 9.xlsx,23,6,each_tutor_turn,[]
BC-HNMU-G9-R0026-STT11-AI02,HNMU-G9-R0026-STT11,grade8_9,shared/raw_data/HNMU-teacher_dialog_samples/Lớp 9.xlsx,26,2,each_tutor_turn,[]
BC-HNMU-G9-R0026-STT11-AI04,HNMU-G9-R0026-STT11,grade8_9,shared/raw_data/HNMU-teacher_dialog_samples/Lớp 9.xlsx,26,4,each_tutor_turn,[]
BC-HNMU-G9-R0026-STT11-AI06,HNMU-G9-R0026-STT11,grade8_9,shared/raw_data/HNMU-teacher_dialog_samples/Lớp 9.xlsx,26,6,each_tutor_turn,[]
BC-HNMU-G9-R0027-STT12-AI02,HNMU-G9-R0027-STT12,grade8_9,shared/raw_data/HNMU-teacher_dialog_samples/Lớp 9.xlsx,27,2,each_tutor_turn,[]
BC-HNMU-G9-R0027-STT12-AI04,HNMU-G9-R0027-STT12,grade8_9,shared/raw_data/HNMU-teacher_dialog_samples/Lớp 9.xlsx,27,4,each_tutor_turn,[]
BC-HNMU-G9-R0028-STT13-AI02,HNMU-G9-R0028-STT13,grade8_9,shared/raw_data/HNMU-teacher_dialog_samples/Lớp 9.xlsx,28,2,each_tutor_turn,[]
BC-HNMU-G9-R0028-STT13-AI04,HNMU-G9-R0028-STT13,grade8_9,shared/raw_data/HNMU-teacher_dialog_samples/Lớp 9.xlsx,28,4,each_tutor_turn,[]
BC-HNMU-G9-R0029-STT14-AI02,HNMU-G9-R0029-STT14,grade8_9,shared/raw_data/HNMU-teacher_dialog_samples/Lớp 9.xlsx,29,2,each_tutor_turn,[]
BC-HNMU-G9-R0029-STT14-AI04,HNMU-G9-R0029-STT14,grade8_9,shared/raw_data/HNMU-teacher_dialog_samples/Lớp 9.xlsx,29,4,each_tutor_turn,[]
BC-HNMU-G9-R0030-STT1-AI02,HNMU-G9-R0030-STT1,grade8_9,shared/raw_data/HNMU-teacher_dialog_samples/Lớp 9.xlsx,30,2,each_tutor_turn,[]
BC-HNMU-G9-R0030-STT1-AI04,HNMU-G9-R0030-STT1,grade8_9,shared/raw_data/HNMU-teacher_dialog_samples/Lớp 9.xlsx,30,4,each_tutor_turn,[]
BC-HNMU-G9-R0031-STT2-AI02,HNMU-G9-R0031-STT2,grade8_9,shared/raw_data/HNMU-teacher_dialog_samples/Lớp 9.xlsx,31,2,each_tutor_turn,[]
BC-HNMU-G9-R0031-STT2-AI04,HNMU-G9-R0031-STT2,grade8_9,shared/raw_data/HNMU-teacher_dialog_samples/Lớp 9.xlsx,31,4,each_tutor_turn,[]
BC-HNMU-G9-R0033-STT4-AI02,HNMU-G9-R0033-STT4,grade8_9,shared/raw_data/HNMU-teacher_dialog_samples/Lớp 9.xlsx,33,2,each_tutor_turn,[]
BC-HNMU-G9-R0033-STT4-AI04,HNMU-G9-R0033-STT4,grade8_9,shared/raw_data/HNMU-teacher_dialog_samples/Lớp 9.xlsx,33,4,each_tutor_turn,[]
BC-HNMU-G9-R0034-STT5-AI02,HNMU-G9-R0034-STT5,grade8_9,shared/raw_data/HNMU-teacher_dialog_samples/Lớp 9.xlsx,34,2,each_tutor_turn,[]
BC-HNMU-G9-R0034-STT5-AI04,HNMU-G9-R0034-STT5,grade8_9,shared/raw_data/HNMU-teacher_dialog_samples/Lớp 9.xlsx,34,4,each_tutor_turn,[]
BC-HNMU-G9-R0036-STT7-AI02,HNMU-G9-R0036-STT7,grade8_9,shared/raw_data/HNMU-teacher_dialog_samples/Lớp 9.xlsx,36,2,each_tutor_turn,[]
BC-HNMU-G9-R0036-STT7-AI04,HNMU-G9-R0036-STT7,grade8_9,shared/raw_data/HNMU-teacher_dialog_samples/Lớp 9.xlsx,36,4,each_tutor_turn,[]
BC-HNMU-G9-R0040-STT11-AI02,HNMU-G9-R0040-STT11,grade8_9,shared/raw_data/HNMU-teacher_dialog_samples/Lớp 9.xlsx,40,2,each_tutor_turn,[]
BC-HNMU-G9-R0040-STT11-AI04,HNMU-G9-R0040-STT11,grade8_9,shared/raw_data/HNMU-teacher_dialog_samples/Lớp 9.xlsx,40,4,each_tutor_turn,[]
BC-HNMU-G9-R0041-STT12-AI02,HNMU-G9-R0041-STT12,grade8_9,shared/raw_data/HNMU-teacher_dialog_samples/Lớp 9.xlsx,41,2,each_tutor_turn,[]
BC-HNMU-G9-R0041-STT12-AI04,HNMU-G9-R0041-STT12,grade8_9,shared/raw_data/HNMU-teacher_dialog_samples/Lớp 9.xlsx,41,4,each_tutor_turn,[]
BC-HNMU-G9-R0042-STT13-AI02,HNMU-G9-R0042-STT13,grade8_9,shared/raw_data/HNMU-teacher_dialog_samples/Lớp 9.xlsx,42,2,each_tutor_turn,[]
BC-HNMU-G9-R0042-STT13-AI04,HNMU-G9-R0042-STT13,grade8_9,shared/raw_data/HNMU-teacher_dialog_samples/Lớp 9.xlsx,42,4,each_tutor_turn,[]
BC-HNMU-G9-R0043-STT14-AI02,HNMU-G9-R0043-STT14,grade8_9,shared/raw_data/HNMU-teacher_dialog_samples/Lớp 9.xlsx,43,2,each_tutor_turn,[]
BC-HNMU-G9-R0043-STT14-AI04,HNMU-G9-R0043-STT14,grade8_9,shared/raw_data/HNMU-teacher_dialog_samples/Lớp 9.xlsx,43,4,each_tutor_turn,[]
BC-HNMU-G9-R0044-STT1-AI02,HNMU-G9-R0044-STT1,grade8_9,shared/raw_data/HNMU-teacher_dialog_samples/Lớp 9.xlsx,44,2,each_tutor_turn,[]
BC-HNMU-G9-R0044-STT1-AI04,HNMU-G9-R0044-STT1,grade8_9,shared/raw_data/HNMU-teacher_dialog_samples/Lớp 9.xlsx,44,4,each_tutor_turn,[]
BC-HNMU-G9-R0045-STT2-AI02,HNMU-G9-R0045-STT2,grade8_9,shared/raw_data/HNMU-teacher_dialog_samples/Lớp 9.xlsx,45,2,each_tutor_turn,[]
BC-HNMU-G9-R0045-STT2-AI04,HNMU-G9-R0045-STT2,grade8_9,shared/raw_data/HNMU-teacher_dialog_samples/Lớp 9.xlsx,45,4,each_tutor_turn,[]
BC-HNMU-G9-R0045-STT2-AI06,HNMU-G9-R0045-STT2,grade8_9,shared/raw_data/HNMU-teacher_dialog_samples/Lớp 9.xlsx,45,6,each_tutor_turn,[]
BC-HNMU-G9-R0046-STT3-AI02,HNMU-G9-R0046-STT3,grade8_9,shared/raw_data/HNMU-teacher_dialog_samples/Lớp 9.xlsx,46,2,each_tutor_turn,[]
BC-HNMU-G9-R0046-STT3-AI04,HNMU-G9-R0046-STT3,grade8_9,shared/raw_data/HNMU-teacher_dialog_samples/Lớp 9.xlsx,46,4,each_tutor_turn,[]
BC-HNMU-G9-R0047-STT4-AI02,HNMU-G9-R0047-STT4,grade8_9,shared/raw_data/HNMU-teacher_dialog_samples/Lớp 9.xlsx,47,2,each_tutor_turn,[]
BC-HNMU-G9-R0047-STT4-AI04,HNMU-G9-R0047-STT4,grade8_9,shared/raw_data/HNMU-teacher_dialog_samples/Lớp 9.xlsx,47,4,each_tutor_turn,[]
BC-HNMU-G9-R0053-STT10-AI02,HNMU-G9-R0053-STT10,grade8_9,shared/raw_data/HNMU-teacher_dialog_samples/Lớp 9.xlsx,53,2,each_tutor_turn,[]
BC-HNMU-G9-R0053-STT10-AI04,HNMU-G9-R0053-STT10,grade8_9,shared/raw_data/HNMU-teacher_dialog_samples/Lớp 9.xlsx,53,4,each_tutor_turn,[]
BC-HNMU-G9-R0054-STT11-AI02,HNMU-G9-R0054-STT11,grade8_9,shared/raw_data/HNMU-teacher_dialog_samples/Lớp 9.xlsx,54,2,each_tutor_turn,[]
BC-HNMU-G9-R0054-STT11-AI04,HNMU-G9-R0054-STT11,grade8_9,shared/raw_data/HNMU-teacher_dialog_samples/Lớp 9.xlsx,54,4,each_tutor_turn,[]
BC-HNMU-G9-R0055-STT12-AI02,HNMU-G9-R0055-STT12,grade8_9,shared/raw_data/HNMU-teacher_dialog_samples/Lớp 9.xlsx,55,2,each_tutor_turn,[]
BC-HNMU-G9-R0055-STT12-AI04,HNMU-G9-R0055-STT12,grade8_9,shared/raw_data/HNMU-teacher_dialog_samples/Lớp 9.xlsx,55,4,each_tutor_turn,[]
BC-HNMU-G9-R0056-STT13-AI02,HNMU-G9-R0056-STT13,grade8_9,shared/raw_data/HNMU-teacher_dialog_samples/Lớp 9.xlsx,56,2,each_tutor_turn,[]
BC-HNMU-G9-R0056-STT13-AI04,HNMU-G9-R0056-STT13,grade8_9,shared/raw_data/HNMU-teacher_dialog_samples/Lớp 9.xlsx,56,4,each_tutor_turn,[]
BC-HNMU-G9-R0057-STT14-AI02,HNMU-G9-R0057-STT14,grade8_9,shared/raw_data/HNMU-teacher_dialog_samples/Lớp 9.xlsx,57,2,each_tutor_turn,[]
BC-HNMU-G9-R0057-STT14-AI04,HNMU-G9-R0057-STT14,grade8_9,shared/raw_data/HNMU-teacher_dialog_samples/Lớp 9.xlsx,57,4,each_tutor_turn,[]
BC-HNMU-G9-R0058-STT1-AI02,HNMU-G9-R0058-STT1,grade8_9,shared/raw_data/HNMU-teacher_dialog_samples/Lớp 9.xlsx,58,2,each_tutor_turn,[]
BC-HNMU-G9-R0058-STT1-AI04,HNMU-G9-R0058-STT1,grade8_9,shared/raw_data/HNMU-teacher_dialog_samples/Lớp 9.xlsx,58,4,each_tutor_turn,[]
BC-HNMU-G9-R0059-STT2-AI02,HNMU-G9-R0059-STT2,grade8_9,shared/raw_data/HNMU-teacher_dialog_samples/Lớp 9.xlsx,59,2,each_tutor_turn,[]
BC-HNMU-G9-R0059-STT2-AI04,HNMU-G9-R0059-STT2,grade8_9,shared/raw_data/HNMU-teacher_dialog_samples/Lớp 9.xlsx,59,4,each_tutor_turn,[]
BC-HNMU-G9-R0063-STT6-AI02,HNMU-G9-R0063-STT6,grade8_9,shared/raw_data/HNMU-teacher_dialog_samples/Lớp 9.xlsx,63,2,each_tutor_turn,[]
BC-HNMU-G9-R0063-STT6-AI04,HNMU-G9-R0063-STT6,grade8_9,shared/raw_data/HNMU-teacher_dialog_samples/Lớp 9.xlsx,63,4,each_tutor_turn,[]
BC-HNMU-G9-R0065-STT8-AI02,HNMU-G9-R0065-STT8,grade8_9,shared/raw_data/HNMU-teacher_dialog_samples/Lớp 9.xlsx,65,2,each_tutor_turn,[]
BC-HNMU-G9-R0065-STT8-AI04,HNMU-G9-R0065-STT8,grade8_9,shared/raw_data/HNMU-teacher_dialog_samples/Lớp 9.xlsx,65,4,each_tutor_turn,[]
BC-HNMU-G9-R0067-STT10-AI02,HNMU-G9-R0067-STT10,grade8_9,shared/raw_data/HNMU-teacher_dialog_samples/Lớp 9.xlsx,67,2,each_tutor_turn,[]
BC-HNMU-G9-R0067-STT10-AI04,HNMU-G9-R0067-STT10,grade8_9,shared/raw_data/HNMU-teacher_dialog_samples/Lớp 9.xlsx,67,4,each_tutor_turn,[]
BC-HNMU-G9-R0068-STT11-AI02,HNMU-G9-R0068-STT11,grade8_9,shared/raw_data/HNMU-teacher_dialog_samples/Lớp 9.xlsx,68,2,each_tutor_turn,[]
BC-HNMU-G9-R0068-STT11-AI04,HNMU-G9-R0068-STT11,grade8_9,shared/raw_data/HNMU-teacher_dialog_samples/Lớp 9.xlsx,68,4,each_tutor_turn,[]
BC-HNMU-G9-R0069-STT12-AI02,HNMU-G9-R0069-STT12,grade8_9,shared/raw_data/HNMU-teacher_dialog_samples/Lớp 9.xlsx,69,2,each_tutor_turn,[]
BC-HNMU-G9-R0069-STT12-AI04,HNMU-G9-R0069-STT12,grade8_9,shared/raw_data/HNMU-teacher_dialog_samples/Lớp 9.xlsx,69,4,each_tutor_turn,[]
BC-HNMU-G9-R0070-STT13-AI02,HNMU-G9-R0070-STT13,grade8_9,shared/raw_data/HNMU-teacher_dialog_samples/Lớp 9.xlsx,70,2,each_tutor_turn,[]
BC-HNMU-G9-R0070-STT13-AI04,HNMU-G9-R0070-STT13,grade8_9,shared/raw_data/HNMU-teacher_dialog_samples/Lớp 9.xlsx,70,4,each_tutor_turn,[]
BC-HNMU-G9-R0072-STT1-AI02,HNMU-G9-R0072-STT1,grade8_9,shared/raw_data/HNMU-teacher_dialog_samples/Lớp 9.xlsx,72,2,each_tutor_turn,[]
BC-HNMU-G9-R0072-STT1-AI04,HNMU-G9-R0072-STT1,grade8_9,shared/raw_data/HNMU-teacher_dialog_samples/Lớp 9.xlsx,72,4,each_tutor_turn,[]
BC-HNMU-G9-R0073-STT2-AI02,HNMU-G9-R0073-STT2,grade8_9,shared/raw_data/HNMU-teacher_dialog_samples/Lớp 9.xlsx,73,2,each_tutor_turn,[]
BC-HNMU-G9-R0073-STT2-AI04,HNMU-G9-R0073-STT2,grade8_9,shared/raw_data/HNMU-teacher_dialog_samples/Lớp 9.xlsx,73,4,each_tutor_turn,[]
BC-HNMU-G9-R0074-STT3-AI02,HNMU-G9-R0074-STT3,grade8_9,shared/raw_data/HNMU-teacher_dialog_samples/Lớp 9.xlsx,74,2,each_tutor_turn,[]
BC-HNMU-G9-R0074-STT3-AI04,HNMU-G9-R0074-STT3,grade8_9,shared/raw_data/HNMU-teacher_dialog_samples/Lớp 9.xlsx,74,4,each_tutor_turn,[]
BC-HNMU-G9-R0075-STT4-AI02,HNMU-G9-R0075-STT4,grade8_9,shared/raw_data/HNMU-teacher_dialog_samples/Lớp 9.xlsx,75,2,each_tutor_turn,[]
BC-HNMU-G9-R0075-STT4-AI04,HNMU-G9-R0075-STT4,grade8_9,shared/raw_data/HNMU-teacher_dialog_samples/Lớp 9.xlsx,75,4,each_tutor_turn,[]
BC-HNMU-G9-R0076-STT5-AI02,HNMU-G9-R0076-STT5,grade8_9,shared/raw_data/HNMU-teacher_dialog_samples/Lớp 9.xlsx,76,2,each_tutor_turn,[]
BC-HNMU-G9-R0076-STT5-AI04,HNMU-G9-R0076-STT5,grade8_9,shared/raw_data/HNMU-teacher_dialog_samples/Lớp 9.xlsx,76,4,each_tutor_turn,[]
BC-HNMU-G9-R0078-STT7-AI02,HNMU-G9-R0078-STT7,grade8_9,shared/raw_data/HNMU-teacher_dialog_samples/Lớp 9.xlsx,78,2,each_tutor_turn,[]
BC-HNMU-G9-R0078-STT7-AI04,HNMU-G9-R0078-STT7,grade8_9,shared/raw_data/HNMU-teacher_dialog_samples/Lớp 9.xlsx,78,4,each_tutor_turn,[]
BC-HNMU-G9-R0081-STT10-AI02,HNMU-G9-R0081-STT10,grade8_9,shared/raw_data/HNMU-teacher_dialog_samples/Lớp 9.xlsx,81,2,each_tutor_turn,[]
BC-HNMU-G9-R0081-STT10-AI04,HNMU-G9-R0081-STT10,grade8_9,shared/raw_data/HNMU-teacher_dialog_samples/Lớp 9.xlsx,81,4,each_tutor_turn,[]
BC-HNMU-G9-R0082-STT11-AI02,HNMU-G9-R0082-STT11,grade8_9,shared/raw_data/HNMU-teacher_dialog_samples/Lớp 9.xlsx,82,2,each_tutor_turn,[]
BC-HNMU-G9-R0082-STT11-AI04,HNMU-G9-R0082-STT11,grade8_9,shared/raw_data/HNMU-teacher_dialog_samples/Lớp 9.xlsx,82,4,each_tutor_turn,[]
BC-HNMU-G9-R0084-STT13-AI02,HNMU-G9-R0084-STT13,grade8_9,shared/raw_data/HNMU-teacher_dialog_samples/Lớp 9.xlsx,84,2,each_tutor_turn,[]
BC-HNMU-G9-R0084-STT13-AI04,HNMU-G9-R0084-STT13,grade8_9,shared/raw_data/HNMU-teacher_dialog_samples/Lớp 9.xlsx,84,4,each_tutor_turn,[]
BC-HNMU-G9-R0085-STT14-AI02,HNMU-G9-R0085-STT14,grade8_9,shared/raw_data/HNMU-teacher_dialog_samples/Lớp 9.xlsx,85,2,each_tutor_turn,[]
BC-HNMU-G9-R0085-STT14-AI04,HNMU-G9-R0085-STT14,grade8_9,shared/raw_data/HNMU-teacher_dialog_samples/Lớp 9.xlsx,85,4,each_tutor_turn,[]
BC-HNMU-G9-R0086-STT1-AI02,HNMU-G9-R0086-STT1,grade8_9,shared/raw_data/HNMU-teacher_dialog_samples/Lớp 9.xlsx,86,2,each_tutor_turn,[]
BC-HNMU-G9-R0086-STT1-AI04,HNMU-G9-R0086-STT1,grade8_9,shared/raw_data/HNMU-teacher_dialog_samples/Lớp 9.xlsx,86,4,each_tutor_turn,[]
BC-HNMU-G9-R0087-STT2-AI02,HNMU-G9-R0087-STT2,grade8_9,shared/raw_data/HNMU-teacher_dialog_samples/Lớp 9.xlsx,87,2,each_tutor_turn,[]
BC-HNMU-G9-R0087-STT2-AI04,HNMU-G9-R0087-STT2,grade8_9,shared/raw_data/HNMU-teacher_dialog_samples/Lớp 9.xlsx,87,4,each_tutor_turn,[]
BC-HNMU-G9-R0088-STT3-AI02,HNMU-G9-R0088-STT3,grade8_9,shared/raw_data/HNMU-teacher_dialog_samples/Lớp 9.xlsx,88,2,each_tutor_turn,[]
BC-HNMU-G9-R0088-STT3-AI04,HNMU-G9-R0088-STT3,grade8_9,shared/raw_data/HNMU-teacher_dialog_samples/Lớp 9.xlsx,88,4,each_tutor_turn,[]
BC-HNMU-G9-R0089-STT4-AI02,HNMU-G9-R0089-STT4,grade8_9,shared/raw_data/HNMU-teacher_dialog_samples/Lớp 9.xlsx,89,2,each_tutor_turn,[]
BC-HNMU-G9-R0089-STT4-AI04,HNMU-G9-R0089-STT4,grade8_9,shared/raw_data/HNMU-teacher_dialog_samples/Lớp 9.xlsx,89,4,each_tutor_turn,[]
BC-HNMU-G9-R0091-STT6-AI02,HNMU-G9-R0091-STT6,grade8_9,shared/raw_data/HNMU-teacher_dialog_samples/Lớp 9.xlsx,91,2,each_tutor_turn,[]
BC-HNMU-G9-R0091-STT6-AI04,HNMU-G9-R0091-STT6,grade8_9,shared/raw_data/HNMU-teacher_dialog_samples/Lớp 9.xlsx,91,4,each_tutor_turn,[]
BC-HNMU-G9-R0093-STT8-AI02,HNMU-G9-R0093-STT8,grade8_9,shared/raw_data/HNMU-teacher_dialog_samples/Lớp 9.xlsx,93,2,each_tutor_turn,[]
BC-HNMU-G9-R0093-STT8-AI04,HNMU-G9-R0093-STT8,grade8_9,shared/raw_data/HNMU-teacher_dialog_samples/Lớp 9.xlsx,93,4,each_tutor_turn,[]
BC-HNMU-G9-R0094-STT9-AI02,HNMU-G9-R0094-STT9,grade8_9,shared/raw_data/HNMU-teacher_dialog_samples/Lớp 9.xlsx,94,2,each_tutor_turn,[]
BC-HNMU-G9-R0094-STT9-AI04,HNMU-G9-R0094-STT9,grade8_9,shared/raw_data/HNMU-teacher_dialog_samples/Lớp 9.xlsx,94,4,each_tutor_turn,[]
BC-HNMU-G9-R0096-STT11-AI02,HNMU-G9-R0096-STT11,grade8_9,shared/raw_data/HNMU-teacher_dialog_samples/Lớp 9.xlsx,96,2,each_tutor_turn,[]
BC-HNMU-G9-R0096-STT11-AI04,HNMU-G9-R0096-STT11,grade8_9,shared/raw_data/HNMU-teacher_dialog_samples/Lớp 9.xlsx,96,4,each_tutor_turn,[]
BC-HNMU-G9-R0097-STT12-AI02,HNMU-G9-R0097-STT12,grade8_9,shared/raw_data/HNMU-teacher_dialog_samples/Lớp 9.xlsx,97,2,each_tutor_turn,[]
BC-HNMU-G9-R0097-STT12-AI04,HNMU-G9-R0097-STT12,grade8_9,shared/raw_data/HNMU-teacher_dialog_samples/Lớp 9.xlsx,97,4,each_tutor_turn,[]
BC-HNMU-G9-R0098-STT13-AI02,HNMU-G9-R0098-STT13,grade8_9,shared/raw_data/HNMU-teacher_dialog_samples/Lớp 9.xlsx,98,2,each_tutor_turn,[]
BC-HNMU-G9-R0098-STT13-AI04,HNMU-G9-R0098-STT13,grade8_9,shared/raw_data/HNMU-teacher_dialog_samples/Lớp 9.xlsx,98,4,each_tutor_turn,[]
BC-HNMU-G9-R0100-STT1-AI02,HNMU-G9-R0100-STT1,grade8_9,shared/raw_data/HNMU-teacher_dialog_samples/Lớp 9.xlsx,100,2,each_tutor_turn,[]
BC-HNMU-G9-R0100-STT1-AI04,HNMU-G9-R0100-STT1,grade8_9,shared/raw_data/HNMU-teacher_dialog_samples/Lớp 9.xlsx,100,4,each_tutor_turn,[]
BC-HNMU-G9-R0102-STT3-AI02,HNMU-G9-R0102-STT3,grade8_9,shared/raw_data/HNMU-teacher_dialog_samples/Lớp 9.xlsx,102,2,each_tutor_turn,[]
BC-HNMU-G9-R0102-STT3-AI04,HNMU-G9-R0102-STT3,grade8_9,shared/raw_data/HNMU-teacher_dialog_samples/Lớp 9.xlsx,102,4,each_tutor_turn,[]
BC-HNMU-G9-R0103-STT4-AI02,HNMU-G9-R0103-STT4,grade8_9,shared/raw_data/HNMU-teacher_dialog_samples/Lớp 9.xlsx,103,2,each_tutor_turn,[]
BC-HNMU-G9-R0103-STT4-AI04,HNMU-G9-R0103-STT4,grade8_9,shared/raw_data/HNMU-teacher_dialog_samples/Lớp 9.xlsx,103,4,each_tutor_turn,[]
BC-HNMU-G9-R0104-STT5-AI02,HNMU-G9-R0104-STT5,grade8_9,shared/raw_data/HNMU-teacher_dialog_samples/Lớp 9.xlsx,104,2,each_tutor_turn,[]
BC-HNMU-G9-R0104-STT5-AI04,HNMU-G9-R0104-STT5,grade8_9,shared/raw_data/HNMU-teacher_dialog_samples/Lớp 9.xlsx,104,4,each_tutor_turn,[]
BC-HNMU-G9-R0109-STT10-AI02,HNMU-G9-R0109-STT10,grade8_9,shared/raw_data/HNMU-teacher_dialog_samples/Lớp 9.xlsx,109,2,each_tutor_turn,[]
BC-HNMU-G9-R0109-STT10-AI04,HNMU-G9-R0109-STT10,grade8_9,shared/raw_data/HNMU-teacher_dialog_samples/Lớp 9.xlsx,109,4,each_tutor_turn,[]
BC-HNMU-G9-R0110-STT11-AI02,HNMU-G9-R0110-STT11,grade8_9,shared/raw_data/HNMU-teacher_dialog_samples/Lớp 9.xlsx,110,2,each_tutor_turn,[]
BC-HNMU-G9-R0110-STT11-AI04,HNMU-G9-R0110-STT11,grade8_9,shared/raw_data/HNMU-teacher_dialog_samples/Lớp 9.xlsx,110,4,each_tutor_turn,[]
BC-HNMU-G9-R0111-STT12-AI02,HNMU-G9-R0111-STT12,grade8_9,shared/raw_data/HNMU-teacher_dialog_samples/Lớp 9.xlsx,111,2,each_tutor_turn,[]
BC-HNMU-G9-R0111-STT12-AI04,HNMU-G9-R0111-STT12,grade8_9,shared/raw_data/HNMU-teacher_dialog_samples/Lớp 9.xlsx,111,4,each_tutor_turn,[]
BC-HNMU-G9-R0112-STT13-AI02,HNMU-G9-R0112-STT13,grade8_9,shared/raw_data/HNMU-teacher_dialog_samples/Lớp 9.xlsx,112,2,each_tutor_turn,[]
BC-HNMU-G9-R0112-STT13-AI04,HNMU-G9-R0112-STT13,grade8_9,shared/raw_data/HNMU-teacher_dialog_samples/Lớp 9.xlsx,112,4,each_tutor_turn,[]
BC-HNMU-G9-R0128-STT1-AI02,HNMU-G9-R0128-STT1,grade8_9,shared/raw_data/HNMU-teacher_dialog_samples/Lớp 9.xlsx,128,2,each_tutor_turn,[]
BC-HNMU-G9-R0128-STT1-AI04,HNMU-G9-R0128-STT1,grade8_9,shared/raw_data/HNMU-teacher_dialog_samples/Lớp 9.xlsx,128,4,each_tutor_turn,[]
BC-HNMU-G9-R0128-STT1-AI06,HNMU-G9-R0128-STT1,grade8_9,shared/raw_data/HNMU-teacher_dialog_samples/Lớp 9.xlsx,128,6,each_tutor_turn,[]
BC-HNMU-G9-R0129-STT2-AI02,HNMU-G9-R0129-STT2,grade8_9,shared/raw_data/HNMU-teacher_dialog_samples/Lớp 9.xlsx,129,2,each_tutor_turn,[]
BC-HNMU-G9-R0129-STT2-AI04,HNMU-G9-R0129-STT2,grade8_9,shared/raw_data/HNMU-teacher_dialog_samples/Lớp 9.xlsx,129,4,each_tutor_turn,[]
BC-HNMU-G9-R0130-STT3-AI02,HNMU-G9-R0130-STT3,grade8_9,shared/raw_data/HNMU-teacher_dialog_samples/Lớp 9.xlsx,130,2,each_tutor_turn,[]
BC-HNMU-G9-R0130-STT3-AI04,HNMU-G9-R0130-STT3,grade8_9,shared/raw_data/HNMU-teacher_dialog_samples/Lớp 9.xlsx,130,4,each_tutor_turn,[]
BC-HNMU-G9-R0131-STT4-AI02,HNMU-G9-R0131-STT4,grade8_9,shared/raw_data/HNMU-teacher_dialog_samples/Lớp 9.xlsx,131,2,each_tutor_turn,[]
BC-HNMU-G9-R0131-STT4-AI04,HNMU-G9-R0131-STT4,grade8_9,shared/raw_data/HNMU-teacher_dialog_samples/Lớp 9.xlsx,131,4,each_tutor_turn,[]
BC-HNMU-G9-R0132-STT5-AI02,HNMU-G9-R0132-STT5,grade8_9,shared/raw_data/HNMU-teacher_dialog_samples/Lớp 9.xlsx,132,2,each_tutor_turn,[]
BC-HNMU-G9-R0132-STT5-AI04,HNMU-G9-R0132-STT5,grade8_9,shared/raw_data/HNMU-teacher_dialog_samples/Lớp 9.xlsx,132,4,each_tutor_turn,[]
BC-HNMU-G9-R0133-STT6-AI02,HNMU-G9-R0133-STT6,grade8_9,shared/raw_data/HNMU-teacher_dialog_samples/Lớp 9.xlsx,133,2,each_tutor_turn,[]
BC-HNMU-G9-R0133-STT6-AI04,HNMU-G9-R0133-STT6,grade8_9,shared/raw_data/HNMU-teacher_dialog_samples/Lớp 9.xlsx,133,4,each_tutor_turn,[]
BC-HNMU-G9-R0134-STT7-AI02,HNMU-G9-R0134-STT7,grade8_9,shared/raw_data/HNMU-teacher_dialog_samples/Lớp 9.xlsx,134,2,each_tutor_turn,[]
BC-HNMU-G9-R0134-STT7-AI04,HNMU-G9-R0134-STT7,grade8_9,shared/raw_data/HNMU-teacher_dialog_samples/Lớp 9.xlsx,134,4,each_tutor_turn,[]
BC-HNMU-G9-R0135-STT8-AI02,HNMU-G9-R0135-STT8,grade8_9,shared/raw_data/HNMU-teacher_dialog_samples/Lớp 9.xlsx,135,2,each_tutor_turn,[]
BC-HNMU-G9-R0135-STT8-AI04,HNMU-G9-R0135-STT8,grade8_9,shared/raw_data/HNMU-teacher_dialog_samples/Lớp 9.xlsx,135,4,each_tutor_turn,[]
BC-HNMU-G9-R0136-STT9-AI02,HNMU-G9-R0136-STT9,grade8_9,shared/raw_data/HNMU-teacher_dialog_samples/Lớp 9.xlsx,136,2,each_tutor_turn,[]
BC-HNMU-G9-R0136-STT9-AI04,HNMU-G9-R0136-STT9,grade8_9,shared/raw_data/HNMU-teacher_dialog_samples/Lớp 9.xlsx,136,4,each_tutor_turn,[]
BC-HNMU-G9-R0137-STT10-AI02,HNMU-G9-R0137-STT10,grade8_9,shared/raw_data/HNMU-teacher_dialog_samples/Lớp 9.xlsx,137,2,each_tutor_turn,[]
BC-HNMU-G9-R0137-STT10-AI04,HNMU-G9-R0137-STT10,grade8_9,shared/raw_data/HNMU-teacher_dialog_samples/Lớp 9.xlsx,137,4,each_tutor_turn,[]
BC-HNMU-G9-R0137-STT10-AI06,HNMU-G9-R0137-STT10,grade8_9,shared/raw_data/HNMU-teacher_dialog_samples/Lớp 9.xlsx,137,6,each_tutor_turn,[]
BC-HNMU-G9-R0138-STT11-AI02,HNMU-G9-R0138-STT11,grade8_9,shared/raw_data/HNMU-teacher_dialog_samples/Lớp 9.xlsx,138,2,each_tutor_turn,[]
BC-HNMU-G9-R0138-STT11-AI04,HNMU-G9-R0138-STT11,grade8_9,shared/raw_data/HNMU-teacher_dialog_samples/Lớp 9.xlsx,138,4,each_tutor_turn,[]
BC-HNMU-G9-R0138-STT11-AI06,HNMU-G9-R0138-STT11,grade8_9,shared/raw_data/HNMU-teacher_dialog_samples/Lớp 9.xlsx,138,6,each_tutor_turn,[]
BC-HNMU-G9-R0139-STT12-AI02,HNMU-G9-R0139-STT12,grade8_9,shared/raw_data/HNMU-teacher_dialog_samples/Lớp 9.xlsx,139,2,each_tutor_turn,[]
BC-HNMU-G9-R0139-STT12-AI04,HNMU-G9-R0139-STT12,grade8_9,shared/raw_data/HNMU-teacher_dialog_samples/Lớp 9.xlsx,139,4,each_tutor_turn,[]
BC-HNMU-G9-R0140-STT13-AI02,HNMU-G9-R0140-STT13,grade8_9,shared/raw_data/HNMU-teacher_dialog_samples/Lớp 9.xlsx,140,2,each_tutor_turn,[]
BC-HNMU-G9-R0140-STT13-AI04,HNMU-G9-R0140-STT13,grade8_9,shared/raw_data/HNMU-teacher_dialog_samples/Lớp 9.xlsx,140,4,each_tutor_turn,[]
BC-HNMU-G9-R0141-STT14-AI02,HNMU-G9-R0141-STT14,grade8_9,shared/raw_data/HNMU-teacher_dialog_samples/Lớp 9.xlsx,141,2,each_tutor_turn,[]
BC-HNMU-G9-R0141-STT14-AI04,HNMU-G9-R0141-STT14,grade8_9,shared/raw_data/HNMU-teacher_dialog_samples/Lớp 9.xlsx,141,4,each_tutor_turn,[]
BC-HNMU-G9-R0141-STT14-AI06,HNMU-G9-R0141-STT14,grade8_9,shared/raw_data/HNMU-teacher_dialog_samples/Lớp 9.xlsx,141,6,each_tutor_turn,[]
BC-HNMU-G9-R0141-STT14-AI08,HNMU-G9-R0141-STT14,grade8_9,shared/raw_data/HNMU-teacher_dialog_samples/Lớp 9.xlsx,141,8,each_tutor_turn,[]
BC-HNMU-G9-R0142-STT1-AI02,HNMU-G9-R0142-STT1,grade8_9,shared/raw_data/HNMU-teacher_dialog_samples/Lớp 9.xlsx,142,2,each_tutor_turn,[]
BC-HNMU-G9-R0142-STT1-AI04,HNMU-G9-R0142-STT1,grade8_9,shared/raw_data/HNMU-teacher_dialog_samples/Lớp 9.xlsx,142,4,each_tutor_turn,[]
BC-HNMU-G9-R0142-STT1-AI06,HNMU-G9-R0142-STT1,grade8_9,shared/raw_data/HNMU-teacher_dialog_samples/Lớp 9.xlsx,142,6,each_tutor_turn,[]
BC-HNMU-G9-R0143-STT2-AI02,HNMU-G9-R0143-STT2,grade8_9,shared/raw_data/HNMU-teacher_dialog_samples/Lớp 9.xlsx,143,2,each_tutor_turn,[]
BC-HNMU-G9-R0143-STT2-AI04,HNMU-G9-R0143-STT2,grade8_9,shared/raw_data/HNMU-teacher_dialog_samples/Lớp 9.xlsx,143,4,each_tutor_turn,[]
BC-HNMU-G9-R0144-STT3-AI02,HNMU-G9-R0144-STT3,grade8_9,shared/raw_data/HNMU-teacher_dialog_samples/Lớp 9.xlsx,144,2,each_tutor_turn,[]
BC-HNMU-G9-R0144-STT3-AI04,HNMU-G9-R0144-STT3,grade8_9,shared/raw_data/HNMU-teacher_dialog_samples/Lớp 9.xlsx,144,4,each_tutor_turn,[]
BC-HNMU-G9-R0145-STT4-AI02,HNMU-G9-R0145-STT4,grade8_9,shared/raw_data/HNMU-teacher_dialog_samples/Lớp 9.xlsx,145,2,each_tutor_turn,[]
BC-HNMU-G9-R0145-STT4-AI04,HNMU-G9-R0145-STT4,grade8_9,shared/raw_data/HNMU-teacher_dialog_samples/Lớp 9.xlsx,145,4,each_tutor_turn,[]
BC-HNMU-G9-R0146-STT5-AI02,HNMU-G9-R0146-STT5,grade8_9,shared/raw_data/HNMU-teacher_dialog_samples/Lớp 9.xlsx,146,2,each_tutor_turn,[]
BC-HNMU-G9-R0146-STT5-AI04,HNMU-G9-R0146-STT5,grade8_9,shared/raw_data/HNMU-teacher_dialog_samples/Lớp 9.xlsx,146,4,each_tutor_turn,[]
BC-HNMU-G9-R0146-STT5-AI06,HNMU-G9-R0146-STT5,grade8_9,shared/raw_data/HNMU-teacher_dialog_samples/Lớp 9.xlsx,146,6,each_tutor_turn,[]
BC-HNMU-G9-R0147-STT6-AI02,HNMU-G9-R0147-STT6,grade8_9,shared/raw_data/HNMU-teacher_dialog_samples/Lớp 9.xlsx,147,2,each_tutor_turn,[]
BC-HNMU-G9-R0147-STT6-AI04,HNMU-G9-R0147-STT6,grade8_9,shared/raw_data/HNMU-teacher_dialog_samples/Lớp 9.xlsx,147,4,each_tutor_turn,[]
BC-HNMU-G9-R0147-STT6-AI06,HNMU-G9-R0147-STT6,grade8_9,shared/raw_data/HNMU-teacher_dialog_samples/Lớp 9.xlsx,147,6,each_tutor_turn,[]
BC-HNMU-G9-R0148-STT7-AI02,HNMU-G9-R0148-STT7,grade8_9,shared/raw_data/HNMU-teacher_dialog_samples/Lớp 9.xlsx,148,2,each_tutor_turn,[]
BC-HNMU-G9-R0148-STT7-AI04,HNMU-G9-R0148-STT7,grade8_9,shared/raw_data/HNMU-teacher_dialog_samples/Lớp 9.xlsx,148,4,each_tutor_turn,[]
BC-HNMU-G9-R0149-STT8-AI02,HNMU-G9-R0149-STT8,grade8_9,shared/raw_data/HNMU-teacher_dialog_samples/Lớp 9.xlsx,149,2,each_tutor_turn,[]
BC-HNMU-G9-R0149-STT8-AI04,HNMU-G9-R0149-STT8,grade8_9,shared/raw_data/HNMU-teacher_dialog_samples/Lớp 9.xlsx,149,4,each_tutor_turn,[]
BC-HNMU-G9-R0150-STT9-AI02,HNMU-G9-R0150-STT9,grade8_9,shared/raw_data/HNMU-teacher_dialog_samples/Lớp 9.xlsx,150,2,each_tutor_turn,[]
BC-HNMU-G9-R0150-STT9-AI04,HNMU-G9-R0150-STT9,grade8_9,shared/raw_data/HNMU-teacher_dialog_samples/Lớp 9.xlsx,150,4,each_tutor_turn,[]
BC-HNMU-G9-R0150-STT9-AI06,HNMU-G9-R0150-STT9,grade8_9,shared/raw_data/HNMU-teacher_dialog_samples/Lớp 9.xlsx,150,6,each_tutor_turn,[]
BC-HNMU-G9-R0151-STT10-AI02,HNMU-G9-R0151-STT10,grade8_9,shared/raw_data/HNMU-teacher_dialog_samples/Lớp 9.xlsx,151,2,each_tutor_turn,[]
BC-HNMU-G9-R0151-STT10-AI04,HNMU-G9-R0151-STT10,grade8_9,shared/raw_data/HNMU-teacher_dialog_samples/Lớp 9.xlsx,151,4,each_tutor_turn,[]
BC-HNMU-G9-R0152-STT11-AI02,HNMU-G9-R0152-STT11,grade8_9,shared/raw_data/HNMU-teacher_dialog_samples/Lớp 9.xlsx,152,2,each_tutor_turn,[]
BC-HNMU-G9-R0152-STT11-AI04,HNMU-G9-R0152-STT11,grade8_9,shared/raw_data/HNMU-teacher_dialog_samples/Lớp 9.xlsx,152,4,each_tutor_turn,[]
BC-HNMU-G9-R0152-STT11-AI06,HNMU-G9-R0152-STT11,grade8_9,shared/raw_data/HNMU-teacher_dialog_samples/Lớp 9.xlsx,152,6,each_tutor_turn,[]
BC-HNMU-G9-R0153-STT12-AI02,HNMU-G9-R0153-STT12,grade8_9,shared/raw_data/HNMU-teacher_dialog_samples/Lớp 9.xlsx,153,2,each_tutor_turn,[]
BC-HNMU-G9-R0153-STT12-AI04,HNMU-G9-R0153-STT12,grade8_9,shared/raw_data/HNMU-teacher_dialog_samples/Lớp 9.xlsx,153,4,each_tutor_turn,[]
BC-HNMU-G9-R0154-STT13-AI02,HNMU-G9-R0154-STT13,grade8_9,shared/raw_data/HNMU-teacher_dialog_samples/Lớp 9.xlsx,154,2,each_tutor_turn,[]
BC-HNMU-G9-R0154-STT13-AI04,HNMU-G9-R0154-STT13,grade8_9,shared/raw_data/HNMU-teacher_dialog_samples/Lớp 9.xlsx,154,4,each_tutor_turn,[]
BC-HNMU-G9-R0155-STT14-AI02,HNMU-G9-R0155-STT14,grade8_9,shared/raw_data/HNMU-teacher_dialog_samples/Lớp 9.xlsx,155,2,each_tutor_turn,[]
BC-HNMU-G9-R0155-STT14-AI04,HNMU-G9-R0155-STT14,grade8_9,shared/raw_data/HNMU-teacher_dialog_samples/Lớp 9.xlsx,155,4,each_tutor_turn,[]
BC-HNMU-G9-R0155-STT14-AI06,HNMU-G9-R0155-STT14,grade8_9,shared/raw_data/HNMU-teacher_dialog_samples/Lớp 9.xlsx,155,6,each_tutor_turn,[]
BC-HNMU-G9-R0184-STT1-AI02,HNMU-G9-R0184-STT1,grade8_9,shared/raw_data/HNMU-teacher_dialog_samples/Lớp 9.xlsx,184,2,each_tutor_turn,[]
BC-HNMU-G9-R0184-STT1-AI04,HNMU-G9-R0184-STT1,grade8_9,shared/raw_data/HNMU-teacher_dialog_samples/Lớp 9.xlsx,184,4,each_tutor_turn,[]
BC-HNMU-G9-R0184-STT1-AI06,HNMU-G9-R0184-STT1,grade8_9,shared/raw_data/HNMU-teacher_dialog_samples/Lớp 9.xlsx,184,6,each_tutor_turn,[]
BC-HNMU-G9-R0184-STT1-AI08,HNMU-G9-R0184-STT1,grade8_9,shared/raw_data/HNMU-teacher_dialog_samples/Lớp 9.xlsx,184,8,each_tutor_turn,[]
BC-HNMU-G9-R0184-STT1-AI10,HNMU-G9-R0184-STT1,grade8_9,shared/raw_data/HNMU-teacher_dialog_samples/Lớp 9.xlsx,184,10,each_tutor_turn,[]
BC-HNMU-G9-R0185-STT2-AI02,HNMU-G9-R0185-STT2,grade8_9,shared/raw_data/HNMU-teacher_dialog_samples/Lớp 9.xlsx,185,2,each_tutor_turn,[]
BC-HNMU-G9-R0185-STT2-AI04,HNMU-G9-R0185-STT2,grade8_9,shared/raw_data/HNMU-teacher_dialog_samples/Lớp 9.xlsx,185,4,each_tutor_turn,[]
BC-HNMU-G9-R0185-STT2-AI06,HNMU-G9-R0185-STT2,grade8_9,shared/raw_data/HNMU-teacher_dialog_samples/Lớp 9.xlsx,185,6,each_tutor_turn,[]
BC-HNMU-G9-R0185-STT2-AI08,HNMU-G9-R0185-STT2,grade8_9,shared/raw_data/HNMU-teacher_dialog_samples/Lớp 9.xlsx,185,8,each_tutor_turn,[]
BC-HNMU-G9-R0185-STT2-AI10,HNMU-G9-R0185-STT2,grade8_9,shared/raw_data/HNMU-teacher_dialog_samples/Lớp 9.xlsx,185,10,each_tutor_turn,[]
BC-HNMU-G9-R0186-STT3-AI02,HNMU-G9-R0186-STT3,grade8_9,shared/raw_data/HNMU-teacher_dialog_samples/Lớp 9.xlsx,186,2,each_tutor_turn,[]
BC-HNMU-G9-R0186-STT3-AI04,HNMU-G9-R0186-STT3,grade8_9,shared/raw_data/HNMU-teacher_dialog_samples/Lớp 9.xlsx,186,4,each_tutor_turn,[]
BC-HNMU-G9-R0186-STT3-AI06,HNMU-G9-R0186-STT3,grade8_9,shared/raw_data/HNMU-teacher_dialog_samples/Lớp 9.xlsx,186,6,each_tutor_turn,[]
BC-HNMU-G9-R0186-STT3-AI08,HNMU-G9-R0186-STT3,grade8_9,shared/raw_data/HNMU-teacher_dialog_samples/Lớp 9.xlsx,186,8,each_tutor_turn,[]
BC-HNMU-G9-R0187-STT4-AI02,HNMU-G9-R0187-STT4,grade8_9,shared/raw_data/HNMU-teacher_dialog_samples/Lớp 9.xlsx,187,2,each_tutor_turn,[]
BC-HNMU-G9-R0187-STT4-AI04,HNMU-G9-R0187-STT4,grade8_9,shared/raw_data/HNMU-teacher_dialog_samples/Lớp 9.xlsx,187,4,each_tutor_turn,[]
BC-HNMU-G9-R0187-STT4-AI06,HNMU-G9-R0187-STT4,grade8_9,shared/raw_data/HNMU-teacher_dialog_samples/Lớp 9.xlsx,187,6,each_tutor_turn,[]
BC-HNMU-G9-R0187-STT4-AI08,HNMU-G9-R0187-STT4,grade8_9,shared/raw_data/HNMU-teacher_dialog_samples/Lớp 9.xlsx,187,8,each_tutor_turn,[]
BC-HNMU-G9-R0188-STT5-AI02,HNMU-G9-R0188-STT5,grade8_9,shared/raw_data/HNMU-teacher_dialog_samples/Lớp 9.xlsx,188,2,each_tutor_turn,[]
BC-HNMU-G9-R0188-STT5-AI04,HNMU-G9-R0188-STT5,grade8_9,shared/raw_data/HNMU-teacher_dialog_samples/Lớp 9.xlsx,188,4,each_tutor_turn,[]
BC-HNMU-G9-R0188-STT5-AI06,HNMU-G9-R0188-STT5,grade8_9,shared/raw_data/HNMU-teacher_dialog_samples/Lớp 9.xlsx,188,6,each_tutor_turn,[]
BC-HNMU-G9-R0188-STT5-AI08,HNMU-G9-R0188-STT5,grade8_9,shared/raw_data/HNMU-teacher_dialog_samples/Lớp 9.xlsx,188,8,each_tutor_turn,[]
BC-HNMU-G9-R0189-STT6-AI02,HNMU-G9-R0189-STT6,grade8_9,shared/raw_data/HNMU-teacher_dialog_samples/Lớp 9.xlsx,189,2,each_tutor_turn,[]
BC-HNMU-G9-R0189-STT6-AI04,HNMU-G9-R0189-STT6,grade8_9,shared/raw_data/HNMU-teacher_dialog_samples/Lớp 9.xlsx,189,4,each_tutor_turn,[]
BC-HNMU-G9-R0189-STT6-AI06,HNMU-G9-R0189-STT6,grade8_9,shared/raw_data/HNMU-teacher_dialog_samples/Lớp 9.xlsx,189,6,each_tutor_turn,[]
BC-HNMU-G9-R0189-STT6-AI08,HNMU-G9-R0189-STT6,grade8_9,shared/raw_data/HNMU-teacher_dialog_samples/Lớp 9.xlsx,189,8,each_tutor_turn,[]
BC-HNMU-G9-R0190-STT7-AI02,HNMU-G9-R0190-STT7,grade8_9,shared/raw_data/HNMU-teacher_dialog_samples/Lớp 9.xlsx,190,2,each_tutor_turn,[]
BC-HNMU-G9-R0190-STT7-AI04,HNMU-G9-R0190-STT7,grade8_9,shared/raw_data/HNMU-teacher_dialog_samples/Lớp 9.xlsx,190,4,each_tutor_turn,[]
BC-HNMU-G9-R0190-STT7-AI06,HNMU-G9-R0190-STT7,grade8_9,shared/raw_data/HNMU-teacher_dialog_samples/Lớp 9.xlsx,190,6,each_tutor_turn,[]
BC-HNMU-G9-R0190-STT7-AI08,HNMU-G9-R0190-STT7,grade8_9,shared/raw_data/HNMU-teacher_dialog_samples/Lớp 9.xlsx,190,8,each_tutor_turn,[]
BC-HNMU-G9-R0192-STT9-AI02,HNMU-G9-R0192-STT9,grade8_9,shared/raw_data/HNMU-teacher_dialog_samples/Lớp 9.xlsx,192,2,each_tutor_turn,[]
BC-HNMU-G9-R0192-STT9-AI04,HNMU-G9-R0192-STT9,grade8_9,shared/raw_data/HNMU-teacher_dialog_samples/Lớp 9.xlsx,192,4,each_tutor_turn,[]
BC-HNMU-G9-R0192-STT9-AI06,HNMU-G9-R0192-STT9,grade8_9,shared/raw_data/HNMU-teacher_dialog_samples/Lớp 9.xlsx,192,6,each_tutor_turn,[]
BC-HNMU-G9-R0192-STT9-AI08,HNMU-G9-R0192-STT9,grade8_9,shared/raw_data/HNMU-teacher_dialog_samples/Lớp 9.xlsx,192,8,each_tutor_turn,[]
BC-HNMU-G9-R0193-STT10-AI02,HNMU-G9-R0193-STT10,grade8_9,shared/raw_data/HNMU-teacher_dialog_samples/Lớp 9.xlsx,193,2,each_tutor_turn,[]
BC-HNMU-G9-R0193-STT10-AI04,HNMU-G9-R0193-STT10,grade8_9,shared/raw_data/HNMU-teacher_dialog_samples/Lớp 9.xlsx,193,4,each_tutor_turn,[]
BC-HNMU-G9-R0193-STT10-AI06,HNMU-G9-R0193-STT10,grade8_9,shared/raw_data/HNMU-teacher_dialog_samples/Lớp 9.xlsx,193,6,each_tutor_turn,[]
BC-HNMU-G9-R0193-STT10-AI08,HNMU-G9-R0193-STT10,grade8_9,shared/raw_data/HNMU-teacher_dialog_samples/Lớp 9.xlsx,193,8,each_tutor_turn,[]
BC-HNMU-G9-R0194-STT11-AI02,HNMU-G9-R0194-STT11,grade8_9,shared/raw_data/HNMU-teacher_dialog_samples/Lớp 9.xlsx,194,2,each_tutor_turn,[]
BC-HNMU-G9-R0194-STT11-AI04,HNMU-G9-R0194-STT11,grade8_9,shared/raw_data/HNMU-teacher_dialog_samples/Lớp 9.xlsx,194,4,each_tutor_turn,[]
BC-HNMU-G9-R0194-STT11-AI06,HNMU-G9-R0194-STT11,grade8_9,shared/raw_data/HNMU-teacher_dialog_samples/Lớp 9.xlsx,194,6,each_tutor_turn,[]
BC-HNMU-G9-R0194-STT11-AI08,HNMU-G9-R0194-STT11,grade8_9,shared/raw_data/HNMU-teacher_dialog_samples/Lớp 9.xlsx,194,8,each_tutor_turn,[]
BC-HNMU-G9-R0194-STT11-AI10,HNMU-G9-R0194-STT11,grade8_9,shared/raw_data/HNMU-teacher_dialog_samples/Lớp 9.xlsx,194,10,each_tutor_turn,[]
BC-HNMU-G9-R0195-STT12-AI02,HNMU-G9-R0195-STT12,grade8_9,shared/raw_data/HNMU-teacher_dialog_samples/Lớp 9.xlsx,195,2,each_tutor_turn,[]
BC-HNMU-G9-R0195-STT12-AI04,HNMU-G9-R0195-STT12,grade8_9,shared/raw_data/HNMU-teacher_dialog_samples/Lớp 9.xlsx,195,4,each_tutor_turn,[]
BC-HNMU-G9-R0195-STT12-AI06,HNMU-G9-R0195-STT12,grade8_9,shared/raw_data/HNMU-teacher_dialog_samples/Lớp 9.xlsx,195,6,each_tutor_turn,[]
BC-HNMU-G9-R0195-STT12-AI08,HNMU-G9-R0195-STT12,grade8_9,shared/raw_data/HNMU-teacher_dialog_samples/Lớp 9.xlsx,195,8,each_tutor_turn,[]
BC-HNMU-G9-R0196-STT13-AI02,HNMU-G9-R0196-STT13,grade8_9,shared/raw_data/HNMU-teacher_dialog_samples/Lớp 9.xlsx,196,2,each_tutor_turn,[]
BC-HNMU-G9-R0196-STT13-AI04,HNMU-G9-R0196-STT13,grade8_9,shared/raw_data/HNMU-teacher_dialog_samples/Lớp 9.xlsx,196,4,each_tutor_turn,[]
BC-HNMU-G9-R0196-STT13-AI06,HNMU-G9-R0196-STT13,grade8_9,shared/raw_data/HNMU-teacher_dialog_samples/Lớp 9.xlsx,196,6,each_tutor_turn,[]
BC-HNMU-G9-R0196-STT13-AI08,HNMU-G9-R0196-STT13,grade8_9,shared/raw_data/HNMU-teacher_dialog_samples/Lớp 9.xlsx,196,8,each_tutor_turn,[]
BC-HNMU-G9-R0196-STT13-AI10,HNMU-G9-R0196-STT13,grade8_9,shared/raw_data/HNMU-teacher_dialog_samples/Lớp 9.xlsx,196,10,each_tutor_turn,[]
BC-HNMU-G9-R0197-STT14-AI02,HNMU-G9-R0197-STT14,grade8_9,shared/raw_data/HNMU-teacher_dialog_samples/Lớp 9.xlsx,197,2,each_tutor_turn,[]
BC-HNMU-G9-R0197-STT14-AI04,HNMU-G9-R0197-STT14,grade8_9,shared/raw_data/HNMU-teacher_dialog_samples/Lớp 9.xlsx,197,4,each_tutor_turn,[]
BC-HNMU-G9-R0197-STT14-AI06,HNMU-G9-R0197-STT14,grade8_9,shared/raw_data/HNMU-teacher_dialog_samples/Lớp 9.xlsx,197,6,each_tutor_turn,[]
BC-HNMU-G9-R0197-STT14-AI08,HNMU-G9-R0197-STT14,grade8_9,shared/raw_data/HNMU-teacher_dialog_samples/Lớp 9.xlsx,197,8,each_tutor_turn,[]
BC-HNMU-G9-R0197-STT14-AI10,HNMU-G9-R0197-STT14,grade8_9,shared/raw_data/HNMU-teacher_dialog_samples/Lớp 9.xlsx,197,10,each_tutor_turn,[]
BC-HNMU-G9-R0198-STT1-AI02,HNMU-G9-R0198-STT1,grade8_9,shared/raw_data/HNMU-teacher_dialog_samples/Lớp 9.xlsx,198,2,each_tutor_turn,[]
BC-HNMU-G9-R0198-STT1-AI04,HNMU-G9-R0198-STT1,grade8_9,shared/raw_data/HNMU-teacher_dialog_samples/Lớp 9.xlsx,198,4,each_tutor_turn,[]
BC-HNMU-G9-R0198-STT1-AI06,HNMU-G9-R0198-STT1,grade8_9,shared/raw_data/HNMU-teacher_dialog_samples/Lớp 9.xlsx,198,6,each_tutor_turn,[]
BC-HNMU-G9-R0198-STT1-AI08,HNMU-G9-R0198-STT1,grade8_9,shared/raw_data/HNMU-teacher_dialog_samples/Lớp 9.xlsx,198,8,each_tutor_turn,[]
BC-HNMU-G9-R0198-STT1-AI10,HNMU-G9-R0198-STT1,grade8_9,shared/raw_data/HNMU-teacher_dialog_samples/Lớp 9.xlsx,198,10,each_tutor_turn,[]
BC-HNMU-G9-R0198-STT1-AI12,HNMU-G9-R0198-STT1,grade8_9,shared/raw_data/HNMU-teacher_dialog_samples/Lớp 9.xlsx,198,12,each_tutor_turn,[]
BC-HNMU-G9-R0199-STT2-AI02,HNMU-G9-R0199-STT2,grade8_9,shared/raw_data/HNMU-teacher_dialog_samples/Lớp 9.xlsx,199,2,each_tutor_turn,[]
BC-HNMU-G9-R0199-STT2-AI04,HNMU-G9-R0199-STT2,grade8_9,shared/raw_data/HNMU-teacher_dialog_samples/Lớp 9.xlsx,199,4,each_tutor_turn,[]
BC-HNMU-G9-R0199-STT2-AI06,HNMU-G9-R0199-STT2,grade8_9,shared/raw_data/HNMU-teacher_dialog_samples/Lớp 9.xlsx,199,6,each_tutor_turn,[]
BC-HNMU-G9-R0199-STT2-AI08,HNMU-G9-R0199-STT2,grade8_9,shared/raw_data/HNMU-teacher_dialog_samples/Lớp 9.xlsx,199,8,each_tutor_turn,[]
BC-HNMU-G9-R0199-STT2-AI10,HNMU-G9-R0199-STT2,grade8_9,shared/raw_data/HNMU-teacher_dialog_samples/Lớp 9.xlsx,199,10,each_tutor_turn,[]
BC-HNMU-G9-R0200-STT3-AI02,HNMU-G9-R0200-STT3,grade8_9,shared/raw_data/HNMU-teacher_dialog_samples/Lớp 9.xlsx,200,2,each_tutor_turn,[]
BC-HNMU-G9-R0200-STT3-AI04,HNMU-G9-R0200-STT3,grade8_9,shared/raw_data/HNMU-teacher_dialog_samples/Lớp 9.xlsx,200,4,each_tutor_turn,[]
BC-HNMU-G9-R0200-STT3-AI06,HNMU-G9-R0200-STT3,grade8_9,shared/raw_data/HNMU-teacher_dialog_samples/Lớp 9.xlsx,200,6,each_tutor_turn,[]
BC-HNMU-G9-R0200-STT3-AI08,HNMU-G9-R0200-STT3,grade8_9,shared/raw_data/HNMU-teacher_dialog_samples/Lớp 9.xlsx,200,8,each_tutor_turn,[]
BC-HNMU-G9-R0201-STT4-AI02,HNMU-G9-R0201-STT4,grade8_9,shared/raw_data/HNMU-teacher_dialog_samples/Lớp 9.xlsx,201,2,each_tutor_turn,[]
BC-HNMU-G9-R0201-STT4-AI04,HNMU-G9-R0201-STT4,grade8_9,shared/raw_data/HNMU-teacher_dialog_samples/Lớp 9.xlsx,201,4,each_tutor_turn,[]
BC-HNMU-G9-R0201-STT4-AI06,HNMU-G9-R0201-STT4,grade8_9,shared/raw_data/HNMU-teacher_dialog_samples/Lớp 9.xlsx,201,6,each_tutor_turn,[]
BC-HNMU-G9-R0201-STT4-AI08,HNMU-G9-R0201-STT4,grade8_9,shared/raw_data/HNMU-teacher_dialog_samples/Lớp 9.xlsx,201,8,each_tutor_turn,[]
BC-HNMU-G9-R0202-STT5-AI02,HNMU-G9-R0202-STT5,grade8_9,shared/raw_data/HNMU-teacher_dialog_samples/Lớp 9.xlsx,202,2,each_tutor_turn,[]
BC-HNMU-G9-R0202-STT5-AI04,HNMU-G9-R0202-STT5,grade8_9,shared/raw_data/HNMU-teacher_dialog_samples/Lớp 9.xlsx,202,4,each_tutor_turn,[]
BC-HNMU-G9-R0202-STT5-AI06,HNMU-G9-R0202-STT5,grade8_9,shared/raw_data/HNMU-teacher_dialog_samples/Lớp 9.xlsx,202,6,each_tutor_turn,[]
BC-HNMU-G9-R0202-STT5-AI08,HNMU-G9-R0202-STT5,grade8_9,shared/raw_data/HNMU-teacher_dialog_samples/Lớp 9.xlsx,202,8,each_tutor_turn,[]
BC-HNMU-G9-R0203-STT6-AI02,HNMU-G9-R0203-STT6,grade8_9,shared/raw_data/HNMU-teacher_dialog_samples/Lớp 9.xlsx,203,2,each_tutor_turn,[]
BC-HNMU-G9-R0203-STT6-AI04,HNMU-G9-R0203-STT6,grade8_9,shared/raw_data/HNMU-teacher_dialog_samples/Lớp 9.xlsx,203,4,each_tutor_turn,[]
BC-HNMU-G9-R0203-STT6-AI06,HNMU-G9-R0203-STT6,grade8_9,shared/raw_data/HNMU-teacher_dialog_samples/Lớp 9.xlsx,203,6,each_tutor_turn,[]
BC-HNMU-G9-R0203-STT6-AI08,HNMU-G9-R0203-STT6,grade8_9,shared/raw_data/HNMU-teacher_dialog_samples/Lớp 9.xlsx,203,8,each_tutor_turn,[]
BC-HNMU-G9-R0204-STT7-AI02,HNMU-G9-R0204-STT7,grade8_9,shared/raw_data/HNMU-teacher_dialog_samples/Lớp 9.xlsx,204,2,each_tutor_turn,[]
BC-HNMU-G9-R0204-STT7-AI04,HNMU-G9-R0204-STT7,grade8_9,shared/raw_data/HNMU-teacher_dialog_samples/Lớp 9.xlsx,204,4,each_tutor_turn,[]
BC-HNMU-G9-R0204-STT7-AI06,HNMU-G9-R0204-STT7,grade8_9,shared/raw_data/HNMU-teacher_dialog_samples/Lớp 9.xlsx,204,6,each_tutor_turn,[]
BC-HNMU-G9-R0204-STT7-AI08,HNMU-G9-R0204-STT7,grade8_9,shared/raw_data/HNMU-teacher_dialog_samples/Lớp 9.xlsx,204,8,each_tutor_turn,[]
BC-HNMU-G9-R0205-STT8-AI02,HNMU-G9-R0205-STT8,grade8_9,shared/raw_data/HNMU-teacher_dialog_samples/Lớp 9.xlsx,205,2,each_tutor_turn,[]
BC-HNMU-G9-R0205-STT8-AI04,HNMU-G9-R0205-STT8,grade8_9,shared/raw_data/HNMU-teacher_dialog_samples/Lớp 9.xlsx,205,4,each_tutor_turn,[]
BC-HNMU-G9-R0205-STT8-AI06,HNMU-G9-R0205-STT8,grade8_9,shared/raw_data/HNMU-teacher_dialog_samples/Lớp 9.xlsx,205,6,each_tutor_turn,[]
BC-HNMU-G9-R0205-STT8-AI08,HNMU-G9-R0205-STT8,grade8_9,shared/raw_data/HNMU-teacher_dialog_samples/Lớp 9.xlsx,205,8,each_tutor_turn,[]
BC-HNMU-G9-R0205-STT8-AI10,HNMU-G9-R0205-STT8,grade8_9,shared/raw_data/HNMU-teacher_dialog_samples/Lớp 9.xlsx,205,10,each_tutor_turn,[]
BC-HNMU-G9-R0206-STT9-AI02,HNMU-G9-R0206-STT9,grade8_9,shared/raw_data/HNMU-teacher_dialog_samples/Lớp 9.xlsx,206,2,each_tutor_turn,[]
BC-HNMU-G9-R0206-STT9-AI04,HNMU-G9-R0206-STT9,grade8_9,shared/raw_data/HNMU-teacher_dialog_samples/Lớp 9.xlsx,206,4,each_tutor_turn,[]
BC-HNMU-G9-R0206-STT9-AI06,HNMU-G9-R0206-STT9,grade8_9,shared/raw_data/HNMU-teacher_dialog_samples/Lớp 9.xlsx,206,6,each_tutor_turn,[]
BC-HNMU-G9-R0206-STT9-AI08,HNMU-G9-R0206-STT9,grade8_9,shared/raw_data/HNMU-teacher_dialog_samples/Lớp 9.xlsx,206,8,each_tutor_turn,[]
BC-HNMU-G9-R0206-STT9-AI10,HNMU-G9-R0206-STT9,grade8_9,shared/raw_data/HNMU-teacher_dialog_samples/Lớp 9.xlsx,206,10,each_tutor_turn,[]
BC-HNMU-G9-R0206-STT9-AI12,HNMU-G9-R0206-STT9,grade8_9,shared/raw_data/HNMU-teacher_dialog_samples/Lớp 9.xlsx,206,12,each_tutor_turn,[]
BC-HNMU-G9-R0207-STT10-AI02,HNMU-G9-R0207-STT10,grade8_9,shared/raw_data/HNMU-teacher_dialog_samples/Lớp 9.xlsx,207,2,each_tutor_turn,[]
BC-HNMU-G9-R0207-STT10-AI04,HNMU-G9-R0207-STT10,grade8_9,shared/raw_data/HNMU-teacher_dialog_samples/Lớp 9.xlsx,207,4,each_tutor_turn,[]
BC-HNMU-G9-R0207-STT10-AI06,HNMU-G9-R0207-STT10,grade8_9,shared/raw_data/HNMU-teacher_dialog_samples/Lớp 9.xlsx,207,6,each_tutor_turn,[]
BC-HNMU-G9-R0207-STT10-AI08,HNMU-G9-R0207-STT10,grade8_9,shared/raw_data/HNMU-teacher_dialog_samples/Lớp 9.xlsx,207,8,each_tutor_turn,[]
BC-HNMU-G9-R0207-STT10-AI10,HNMU-G9-R0207-STT10,grade8_9,shared/raw_data/HNMU-teacher_dialog_samples/Lớp 9.xlsx,207,10,each_tutor_turn,[]
BC-HNMU-G9-R0207-STT10-AI12,HNMU-G9-R0207-STT10,grade8_9,shared/raw_data/HNMU-teacher_dialog_samples/Lớp 9.xlsx,207,12,each_tutor_turn,[]
BC-HNMU-G9-R0208-STT11-AI02,HNMU-G9-R0208-STT11,grade8_9,shared/raw_data/HNMU-teacher_dialog_samples/Lớp 9.xlsx,208,2,each_tutor_turn,[]
BC-HNMU-G9-R0208-STT11-AI04,HNMU-G9-R0208-STT11,grade8_9,shared/raw_data/HNMU-teacher_dialog_samples/Lớp 9.xlsx,208,4,each_tutor_turn,[]
BC-HNMU-G9-R0208-STT11-AI06,HNMU-G9-R0208-STT11,grade8_9,shared/raw_data/HNMU-teacher_dialog_samples/Lớp 9.xlsx,208,6,each_tutor_turn,[]
BC-HNMU-G9-R0208-STT11-AI08,HNMU-G9-R0208-STT11,grade8_9,shared/raw_data/HNMU-teacher_dialog_samples/Lớp 9.xlsx,208,8,each_tutor_turn,[]
BC-HNMU-G9-R0209-STT12-AI02,HNMU-G9-R0209-STT12,grade8_9,shared/raw_data/HNMU-teacher_dialog_samples/Lớp 9.xlsx,209,2,each_tutor_turn,[]
BC-HNMU-G9-R0209-STT12-AI04,HNMU-G9-R0209-STT12,grade8_9,shared/raw_data/HNMU-teacher_dialog_samples/Lớp 9.xlsx,209,4,each_tutor_turn,[]
BC-HNMU-G9-R0209-STT12-AI06,HNMU-G9-R0209-STT12,grade8_9,shared/raw_data/HNMU-teacher_dialog_samples/Lớp 9.xlsx,209,6,each_tutor_turn,[]
BC-HNMU-G9-R0209-STT12-AI08,HNMU-G9-R0209-STT12,grade8_9,shared/raw_data/HNMU-teacher_dialog_samples/Lớp 9.xlsx,209,8,each_tutor_turn,[]
BC-HNMU-G9-R0209-STT12-AI10,HNMU-G9-R0209-STT12,grade8_9,shared/raw_data/HNMU-teacher_dialog_samples/Lớp 9.xlsx,209,10,each_tutor_turn,[]
BC-HNMU-G9-R0210-STT13-AI02,HNMU-G9-R0210-STT13,grade8_9,shared/raw_data/HNMU-teacher_dialog_samples/Lớp 9.xlsx,210,2,each_tutor_turn,[]
BC-HNMU-G9-R0210-STT13-AI04,HNMU-G9-R0210-STT13,grade8_9,shared/raw_data/HNMU-teacher_dialog_samples/Lớp 9.xlsx,210,4,each_tutor_turn,[]
BC-HNMU-G9-R0210-STT13-AI06,HNMU-G9-R0210-STT13,grade8_9,shared/raw_data/HNMU-teacher_dialog_samples/Lớp 9.xlsx,210,6,each_tutor_turn,[]
BC-HNMU-G9-R0210-STT13-AI08,HNMU-G9-R0210-STT13,grade8_9,shared/raw_data/HNMU-teacher_dialog_samples/Lớp 9.xlsx,210,8,each_tutor_turn,[]
BC-HNMU-G9-R0210-STT13-AI10,HNMU-G9-R0210-STT13,grade8_9,shared/raw_data/HNMU-teacher_dialog_samples/Lớp 9.xlsx,210,10,each_tutor_turn,[]
BC-HNMU-G9-R0211-STT14-AI02,HNMU-G9-R0211-STT14,grade8_9,shared/raw_data/HNMU-teacher_dialog_samples/Lớp 9.xlsx,211,2,each_tutor_turn,[]
BC-HNMU-G9-R0211-STT14-AI04,HNMU-G9-R0211-STT14,grade8_9,shared/raw_data/HNMU-teacher_dialog_samples/Lớp 9.xlsx,211,4,each_tutor_turn,[]
BC-HNMU-G9-R0211-STT14-AI06,HNMU-G9-R0211-STT14,grade8_9,shared/raw_data/HNMU-teacher_dialog_samples/Lớp 9.xlsx,211,6,each_tutor_turn,[]
BC-HNMU-G9-R0211-STT14-AI08,HNMU-G9-R0211-STT14,grade8_9,shared/raw_data/HNMU-teacher_dialog_samples/Lớp 9.xlsx,211,8,each_tutor_turn,[]
BC-HNMU-G9-R0211-STT14-AI10,HNMU-G9-R0211-STT14,grade8_9,shared/raw_data/HNMU-teacher_dialog_samples/Lớp 9.xlsx,211,10,each_tutor_turn,[]
BC-HNMU-G9-R0211-STT14-AI12,HNMU-G9-R0211-STT14,grade8_9,shared/raw_data/HNMU-teacher_dialog_samples/Lớp 9.xlsx,211,12,each_tutor_turn,[]
BC-HNMU-G9-R0212-STT1-AI02,HNMU-G9-R0212-STT1,grade8_9,shared/raw_data/HNMU-teacher_dialog_samples/Lớp 9.xlsx,212,2,each_tutor_turn,[]
BC-HNMU-G9-R0212-STT1-AI04,HNMU-G9-R0212-STT1,grade8_9,shared/raw_data/HNMU-teacher_dialog_samples/Lớp 9.xlsx,212,4,each_tutor_turn,[]
BC-HNMU-G9-R0212-STT1-AI06,HNMU-G9-R0212-STT1,grade8_9,shared/raw_data/HNMU-teacher_dialog_samples/Lớp 9.xlsx,212,6,each_tutor_turn,[]
BC-HNMU-G9-R0212-STT1-AI08,HNMU-G9-R0212-STT1,grade8_9,shared/raw_data/HNMU-teacher_dialog_samples/Lớp 9.xlsx,212,8,each_tutor_turn,[]
BC-HNMU-G9-R0213-STT2-AI02,HNMU-G9-R0213-STT2,grade8_9,shared/raw_data/HNMU-teacher_dialog_samples/Lớp 9.xlsx,213,2,each_tutor_turn,[]
BC-HNMU-G9-R0213-STT2-AI04,HNMU-G9-R0213-STT2,grade8_9,shared/raw_data/HNMU-teacher_dialog_samples/Lớp 9.xlsx,213,4,each_tutor_turn,[]
BC-HNMU-G9-R0213-STT2-AI06,HNMU-G9-R0213-STT2,grade8_9,shared/raw_data/HNMU-teacher_dialog_samples/Lớp 9.xlsx,213,6,each_tutor_turn,[]
BC-HNMU-G9-R0213-STT2-AI08,HNMU-G9-R0213-STT2,grade8_9,shared/raw_data/HNMU-teacher_dialog_samples/Lớp 9.xlsx,213,8,each_tutor_turn,[]
BC-HNMU-G9-R0214-STT3-AI02,HNMU-G9-R0214-STT3,grade8_9,shared/raw_data/HNMU-teacher_dialog_samples/Lớp 9.xlsx,214,2,each_tutor_turn,[]
BC-HNMU-G9-R0214-STT3-AI04,HNMU-G9-R0214-STT3,grade8_9,shared/raw_data/HNMU-teacher_dialog_samples/Lớp 9.xlsx,214,4,each_tutor_turn,[]
BC-HNMU-G9-R0214-STT3-AI06,HNMU-G9-R0214-STT3,grade8_9,shared/raw_data/HNMU-teacher_dialog_samples/Lớp 9.xlsx,214,6,each_tutor_turn,[]
BC-HNMU-G9-R0214-STT3-AI08,HNMU-G9-R0214-STT3,grade8_9,shared/raw_data/HNMU-teacher_dialog_samples/Lớp 9.xlsx,214,8,each_tutor_turn,[]
BC-HNMU-G9-R0215-STT4-AI02,HNMU-G9-R0215-STT4,grade8_9,shared/raw_data/HNMU-teacher_dialog_samples/Lớp 9.xlsx,215,2,each_tutor_turn,[]
BC-HNMU-G9-R0215-STT4-AI04,HNMU-G9-R0215-STT4,grade8_9,shared/raw_data/HNMU-teacher_dialog_samples/Lớp 9.xlsx,215,4,each_tutor_turn,[]
BC-HNMU-G9-R0215-STT4-AI06,HNMU-G9-R0215-STT4,grade8_9,shared/raw_data/HNMU-teacher_dialog_samples/Lớp 9.xlsx,215,6,each_tutor_turn,[]
BC-HNMU-G9-R0215-STT4-AI08,HNMU-G9-R0215-STT4,grade8_9,shared/raw_data/HNMU-teacher_dialog_samples/Lớp 9.xlsx,215,8,each_tutor_turn,[]
BC-HNMU-G9-R0216-STT5-AI02,HNMU-G9-R0216-STT5,grade8_9,shared/raw_data/HNMU-teacher_dialog_samples/Lớp 9.xlsx,216,2,each_tutor_turn,[]
BC-HNMU-G9-R0216-STT5-AI04,HNMU-G9-R0216-STT5,grade8_9,shared/raw_data/HNMU-teacher_dialog_samples/Lớp 9.xlsx,216,4,each_tutor_turn,[]
BC-HNMU-G9-R0216-STT5-AI06,HNMU-G9-R0216-STT5,grade8_9,shared/raw_data/HNMU-teacher_dialog_samples/Lớp 9.xlsx,216,6,each_tutor_turn,[]
BC-HNMU-G9-R0216-STT5-AI08,HNMU-G9-R0216-STT5,grade8_9,shared/raw_data/HNMU-teacher_dialog_samples/Lớp 9.xlsx,216,8,each_tutor_turn,[]
BC-HNMU-G9-R0217-STT6-AI02,HNMU-G9-R0217-STT6,grade8_9,shared/raw_data/HNMU-teacher_dialog_samples/Lớp 9.xlsx,217,2,each_tutor_turn,[]
BC-HNMU-G9-R0217-STT6-AI04,HNMU-G9-R0217-STT6,grade8_9,shared/raw_data/HNMU-teacher_dialog_samples/Lớp 9.xlsx,217,4,each_tutor_turn,[]
BC-HNMU-G9-R0217-STT6-AI06,HNMU-G9-R0217-STT6,grade8_9,shared/raw_data/HNMU-teacher_dialog_samples/Lớp 9.xlsx,217,6,each_tutor_turn,[]
BC-HNMU-G9-R0217-STT6-AI08,HNMU-G9-R0217-STT6,grade8_9,shared/raw_data/HNMU-teacher_dialog_samples/Lớp 9.xlsx,217,8,each_tutor_turn,[]
BC-HNMU-G9-R0218-STT7-AI02,HNMU-G9-R0218-STT7,grade8_9,shared/raw_data/HNMU-teacher_dialog_samples/Lớp 9.xlsx,218,2,each_tutor_turn,[]
BC-HNMU-G9-R0218-STT7-AI04,HNMU-G9-R0218-STT7,grade8_9,shared/raw_data/HNMU-teacher_dialog_samples/Lớp 9.xlsx,218,4,each_tutor_turn,[]
BC-HNMU-G9-R0218-STT7-AI06,HNMU-G9-R0218-STT7,grade8_9,shared/raw_data/HNMU-teacher_dialog_samples/Lớp 9.xlsx,218,6,each_tutor_turn,[]
BC-HNMU-G9-R0218-STT7-AI08,HNMU-G9-R0218-STT7,grade8_9,shared/raw_data/HNMU-teacher_dialog_samples/Lớp 9.xlsx,218,8,each_tutor_turn,[]
BC-HNMU-G9-R0219-STT8-AI02,HNMU-G9-R0219-STT8,grade8_9,shared/raw_data/HNMU-teacher_dialog_samples/Lớp 9.xlsx,219,2,each_tutor_turn,[]
BC-HNMU-G9-R0219-STT8-AI04,HNMU-G9-R0219-STT8,grade8_9,shared/raw_data/HNMU-teacher_dialog_samples/Lớp 9.xlsx,219,4,each_tutor_turn,[]
BC-HNMU-G9-R0219-STT8-AI06,HNMU-G9-R0219-STT8,grade8_9,shared/raw_data/HNMU-teacher_dialog_samples/Lớp 9.xlsx,219,6,each_tutor_turn,[]
BC-HNMU-G9-R0219-STT8-AI08,HNMU-G9-R0219-STT8,grade8_9,shared/raw_data/HNMU-teacher_dialog_samples/Lớp 9.xlsx,219,8,each_tutor_turn,[]
BC-HNMU-G9-R0219-STT8-AI10,HNMU-G9-R0219-STT8,grade8_9,shared/raw_data/HNMU-teacher_dialog_samples/Lớp 9.xlsx,219,10,each_tutor_turn,[]
BC-HNMU-G9-R0220-STT9-AI02,HNMU-G9-R0220-STT9,grade8_9,shared/raw_data/HNMU-teacher_dialog_samples/Lớp 9.xlsx,220,2,each_tutor_turn,[]
BC-HNMU-G9-R0220-STT9-AI04,HNMU-G9-R0220-STT9,grade8_9,shared/raw_data/HNMU-teacher_dialog_samples/Lớp 9.xlsx,220,4,each_tutor_turn,[]
BC-HNMU-G9-R0220-STT9-AI06,HNMU-G9-R0220-STT9,grade8_9,shared/raw_data/HNMU-teacher_dialog_samples/Lớp 9.xlsx,220,6,each_tutor_turn,[]
BC-HNMU-G9-R0220-STT9-AI08,HNMU-G9-R0220-STT9,grade8_9,shared/raw_data/HNMU-teacher_dialog_samples/Lớp 9.xlsx,220,8,each_tutor_turn,[]
BC-HNMU-G9-R0220-STT9-AI10,HNMU-G9-R0220-STT9,grade8_9,shared/raw_data/HNMU-teacher_dialog_samples/Lớp 9.xlsx,220,10,each_tutor_turn,[]
BC-HNMU-G9-R0221-STT10-AI02,HNMU-G9-R0221-STT10,grade8_9,shared/raw_data/HNMU-teacher_dialog_samples/Lớp 9.xlsx,221,2,each_tutor_turn,[]
BC-HNMU-G9-R0221-STT10-AI04,HNMU-G9-R0221-STT10,grade8_9,shared/raw_data/HNMU-teacher_dialog_samples/Lớp 9.xlsx,221,4,each_tutor_turn,[]
BC-HNMU-G9-R0221-STT10-AI06,HNMU-G9-R0221-STT10,grade8_9,shared/raw_data/HNMU-teacher_dialog_samples/Lớp 9.xlsx,221,6,each_tutor_turn,[]
BC-HNMU-G9-R0221-STT10-AI08,HNMU-G9-R0221-STT10,grade8_9,shared/raw_data/HNMU-teacher_dialog_samples/Lớp 9.xlsx,221,8,each_tutor_turn,[]
BC-HNMU-G9-R0221-STT10-AI10,HNMU-G9-R0221-STT10,grade8_9,shared/raw_data/HNMU-teacher_dialog_samples/Lớp 9.xlsx,221,10,each_tutor_turn,[]
BC-HNMU-G9-R0222-STT11-AI02,HNMU-G9-R0222-STT11,grade8_9,shared/raw_data/HNMU-teacher_dialog_samples/Lớp 9.xlsx,222,2,each_tutor_turn,[]
BC-HNMU-G9-R0222-STT11-AI04,HNMU-G9-R0222-STT11,grade8_9,shared/raw_data/HNMU-teacher_dialog_samples/Lớp 9.xlsx,222,4,each_tutor_turn,[]
BC-HNMU-G9-R0222-STT11-AI06,HNMU-G9-R0222-STT11,grade8_9,shared/raw_data/HNMU-teacher_dialog_samples/Lớp 9.xlsx,222,6,each_tutor_turn,[]
BC-HNMU-G9-R0222-STT11-AI08,HNMU-G9-R0222-STT11,grade8_9,shared/raw_data/HNMU-teacher_dialog_samples/Lớp 9.xlsx,222,8,each_tutor_turn,[]
BC-HNMU-G9-R0222-STT11-AI10,HNMU-G9-R0222-STT11,grade8_9,shared/raw_data/HNMU-teacher_dialog_samples/Lớp 9.xlsx,222,10,each_tutor_turn,[]
BC-HNMU-G9-R0223-STT12-AI02,HNMU-G9-R0223-STT12,grade8_9,shared/raw_data/HNMU-teacher_dialog_samples/Lớp 9.xlsx,223,2,each_tutor_turn,[]
BC-HNMU-G9-R0223-STT12-AI04,HNMU-G9-R0223-STT12,grade8_9,shared/raw_data/HNMU-teacher_dialog_samples/Lớp 9.xlsx,223,4,each_tutor_turn,[]
BC-HNMU-G9-R0223-STT12-AI06,HNMU-G9-R0223-STT12,grade8_9,shared/raw_data/HNMU-teacher_dialog_samples/Lớp 9.xlsx,223,6,each_tutor_turn,[]
BC-HNMU-G9-R0223-STT12-AI08,HNMU-G9-R0223-STT12,grade8_9,shared/raw_data/HNMU-teacher_dialog_samples/Lớp 9.xlsx,223,8,each_tutor_turn,[]
BC-HNMU-G9-R0224-STT13-AI02,HNMU-G9-R0224-STT13,grade8_9,shared/raw_data/HNMU-teacher_dialog_samples/Lớp 9.xlsx,224,2,each_tutor_turn,[]
BC-HNMU-G9-R0224-STT13-AI04,HNMU-G9-R0224-STT13,grade8_9,shared/raw_data/HNMU-teacher_dialog_samples/Lớp 9.xlsx,224,4,each_tutor_turn,[]
BC-HNMU-G9-R0224-STT13-AI06,HNMU-G9-R0224-STT13,grade8_9,shared/raw_data/HNMU-teacher_dialog_samples/Lớp 9.xlsx,224,6,each_tutor_turn,[]
BC-HNMU-G9-R0224-STT13-AI08,HNMU-G9-R0224-STT13,grade8_9,shared/raw_data/HNMU-teacher_dialog_samples/Lớp 9.xlsx,224,8,each_tutor_turn,[]
BC-HNMU-G9-R0224-STT13-AI10,HNMU-G9-R0224-STT13,grade8_9,shared/raw_data/HNMU-teacher_dialog_samples/Lớp 9.xlsx,224,10,each_tutor_turn,[]
BC-HNMU-G9-R0225-STT14-AI02,HNMU-G9-R0225-STT14,grade8_9,shared/raw_data/HNMU-teacher_dialog_samples/Lớp 9.xlsx,225,2,each_tutor_turn,[]
BC-HNMU-G9-R0225-STT14-AI04,HNMU-G9-R0225-STT14,grade8_9,shared/raw_data/HNMU-teacher_dialog_samples/Lớp 9.xlsx,225,4,each_tutor_turn,[]
BC-HNMU-G9-R0225-STT14-AI06,HNMU-G9-R0225-STT14,grade8_9,shared/raw_data/HNMU-teacher_dialog_samples/Lớp 9.xlsx,225,6,each_tutor_turn,[]
BC-HNMU-G9-R0225-STT14-AI08,HNMU-G9-R0225-STT14,grade8_9,shared/raw_data/HNMU-teacher_dialog_samples/Lớp 9.xlsx,225,8,each_tutor_turn,[]
BC-HNMU-G9-R0225-STT14-AI10,HNMU-G9-R0225-STT14,grade8_9,shared/raw_data/HNMU-teacher_dialog_samples/Lớp 9.xlsx,225,10,each_tutor_turn,[]
BC-HNMU-G9-R0225-STT14-AI12,HNMU-G9-R0225-STT14,grade8_9,shared/raw_data/HNMU-teacher_dialog_samples/Lớp 9.xlsx,225,12,each_tutor_turn,[]
BC-HNMU-G9-R0226-STT1-AI02,HNMU-G9-R0226-STT1,grade8_9,shared/raw_data/HNMU-teacher_dialog_samples/Lớp 9.xlsx,226,2,each_tutor_turn,[]
BC-HNMU-G9-R0226-STT1-AI04,HNMU-G9-R0226-STT1,grade8_9,shared/raw_data/HNMU-teacher_dialog_samples/Lớp 9.xlsx,226,4,each_tutor_turn,[]
BC-HNMU-G9-R0226-STT1-AI06,HNMU-G9-R0226-STT1,grade8_9,shared/raw_data/HNMU-teacher_dialog_samples/Lớp 9.xlsx,226,6,each_tutor_turn,[]
BC-HNMU-G9-R0226-STT1-AI08,HNMU-G9-R0226-STT1,grade8_9,shared/raw_data/HNMU-teacher_dialog_samples/Lớp 9.xlsx,226,8,each_tutor_turn,[]
BC-HNMU-G9-R0227-STT2-AI02,HNMU-G9-R0227-STT2,grade8_9,shared/raw_data/HNMU-teacher_dialog_samples/Lớp 9.xlsx,227,2,each_tutor_turn,[]
BC-HNMU-G9-R0227-STT2-AI04,HNMU-G9-R0227-STT2,grade8_9,shared/raw_data/HNMU-teacher_dialog_samples/Lớp 9.xlsx,227,4,each_tutor_turn,[]
BC-HNMU-G9-R0227-STT2-AI06,HNMU-G9-R0227-STT2,grade8_9,shared/raw_data/HNMU-teacher_dialog_samples/Lớp 9.xlsx,227,6,each_tutor_turn,[]
BC-HNMU-G9-R0227-STT2-AI08,HNMU-G9-R0227-STT2,grade8_9,shared/raw_data/HNMU-teacher_dialog_samples/Lớp 9.xlsx,227,8,each_tutor_turn,[]
BC-HNMU-G9-R0228-STT3-AI02,HNMU-G9-R0228-STT3,grade8_9,shared/raw_data/HNMU-teacher_dialog_samples/Lớp 9.xlsx,228,2,each_tutor_turn,[]
BC-HNMU-G9-R0228-STT3-AI04,HNMU-G9-R0228-STT3,grade8_9,shared/raw_data/HNMU-teacher_dialog_samples/Lớp 9.xlsx,228,4,each_tutor_turn,[]
BC-HNMU-G9-R0228-STT3-AI06,HNMU-G9-R0228-STT3,grade8_9,shared/raw_data/HNMU-teacher_dialog_samples/Lớp 9.xlsx,228,6,each_tutor_turn,[]
BC-HNMU-G9-R0228-STT3-AI08,HNMU-G9-R0228-STT3,grade8_9,shared/raw_data/HNMU-teacher_dialog_samples/Lớp 9.xlsx,228,8,each_tutor_turn,[]
BC-HNMU-G9-R0229-STT4-AI02,HNMU-G9-R0229-STT4,grade8_9,shared/raw_data/HNMU-teacher_dialog_samples/Lớp 9.xlsx,229,2,each_tutor_turn,[]
BC-HNMU-G9-R0229-STT4-AI04,HNMU-G9-R0229-STT4,grade8_9,shared/raw_data/HNMU-teacher_dialog_samples/Lớp 9.xlsx,229,4,each_tutor_turn,[]
BC-HNMU-G9-R0229-STT4-AI06,HNMU-G9-R0229-STT4,grade8_9,shared/raw_data/HNMU-teacher_dialog_samples/Lớp 9.xlsx,229,6,each_tutor_turn,[]
BC-HNMU-G9-R0229-STT4-AI08,HNMU-G9-R0229-STT4,grade8_9,shared/raw_data/HNMU-teacher_dialog_samples/Lớp 9.xlsx,229,8,each_tutor_turn,[]
BC-HNMU-G9-R0230-STT5-AI02,HNMU-G9-R0230-STT5,grade8_9,shared/raw_data/HNMU-teacher_dialog_samples/Lớp 9.xlsx,230,2,each_tutor_turn,[]
BC-HNMU-G9-R0230-STT5-AI04,HNMU-G9-R0230-STT5,grade8_9,shared/raw_data/HNMU-teacher_dialog_samples/Lớp 9.xlsx,230,4,each_tutor_turn,[]
BC-HNMU-G9-R0230-STT5-AI06,HNMU-G9-R0230-STT5,grade8_9,shared/raw_data/HNMU-teacher_dialog_samples/Lớp 9.xlsx,230,6,each_tutor_turn,[]
BC-HNMU-G9-R0230-STT5-AI08,HNMU-G9-R0230-STT5,grade8_9,shared/raw_data/HNMU-teacher_dialog_samples/Lớp 9.xlsx,230,8,each_tutor_turn,[]
BC-HNMU-G9-R0230-STT5-AI10,HNMU-G9-R0230-STT5,grade8_9,shared/raw_data/HNMU-teacher_dialog_samples/Lớp 9.xlsx,230,10,each_tutor_turn,[]
BC-HNMU-G9-R0231-STT6-AI02,HNMU-G9-R0231-STT6,grade8_9,shared/raw_data/HNMU-teacher_dialog_samples/Lớp 9.xlsx,231,2,each_tutor_turn,[]
BC-HNMU-G9-R0231-STT6-AI04,HNMU-G9-R0231-STT6,grade8_9,shared/raw_data/HNMU-teacher_dialog_samples/Lớp 9.xlsx,231,4,each_tutor_turn,[]
BC-HNMU-G9-R0231-STT6-AI06,HNMU-G9-R0231-STT6,grade8_9,shared/raw_data/HNMU-teacher_dialog_samples/Lớp 9.xlsx,231,6,each_tutor_turn,[]
BC-HNMU-G9-R0231-STT6-AI08,HNMU-G9-R0231-STT6,grade8_9,shared/raw_data/HNMU-teacher_dialog_samples/Lớp 9.xlsx,231,8,each_tutor_turn,[]
BC-HNMU-G9-R0232-STT7-AI02,HNMU-G9-R0232-STT7,grade8_9,shared/raw_data/HNMU-teacher_dialog_samples/Lớp 9.xlsx,232,2,each_tutor_turn,[]
BC-HNMU-G9-R0232-STT7-AI04,HNMU-G9-R0232-STT7,grade8_9,shared/raw_data/HNMU-teacher_dialog_samples/Lớp 9.xlsx,232,4,each_tutor_turn,[]
BC-HNMU-G9-R0232-STT7-AI06,HNMU-G9-R0232-STT7,grade8_9,shared/raw_data/HNMU-teacher_dialog_samples/Lớp 9.xlsx,232,6,each_tutor_turn,[]
BC-HNMU-G9-R0232-STT7-AI08,HNMU-G9-R0232-STT7,grade8_9,shared/raw_data/HNMU-teacher_dialog_samples/Lớp 9.xlsx,232,8,each_tutor_turn,[]
BC-HNMU-G9-R0233-STT8-AI02,HNMU-G9-R0233-STT8,grade8_9,shared/raw_data/HNMU-teacher_dialog_samples/Lớp 9.xlsx,233,2,each_tutor_turn,[]
BC-HNMU-G9-R0233-STT8-AI04,HNMU-G9-R0233-STT8,grade8_9,shared/raw_data/HNMU-teacher_dialog_samples/Lớp 9.xlsx,233,4,each_tutor_turn,[]
BC-HNMU-G9-R0233-STT8-AI06,HNMU-G9-R0233-STT8,grade8_9,shared/raw_data/HNMU-teacher_dialog_samples/Lớp 9.xlsx,233,6,each_tutor_turn,[]
BC-HNMU-G9-R0233-STT8-AI08,HNMU-G9-R0233-STT8,grade8_9,shared/raw_data/HNMU-teacher_dialog_samples/Lớp 9.xlsx,233,8,each_tutor_turn,[]
BC-HNMU-G9-R0234-STT9-AI02,HNMU-G9-R0234-STT9,grade8_9,shared/raw_data/HNMU-teacher_dialog_samples/Lớp 9.xlsx,234,2,each_tutor_turn,[]
BC-HNMU-G9-R0234-STT9-AI04,HNMU-G9-R0234-STT9,grade8_9,shared/raw_data/HNMU-teacher_dialog_samples/Lớp 9.xlsx,234,4,each_tutor_turn,[]
BC-HNMU-G9-R0234-STT9-AI06,HNMU-G9-R0234-STT9,grade8_9,shared/raw_data/HNMU-teacher_dialog_samples/Lớp 9.xlsx,234,6,each_tutor_turn,[]
BC-HNMU-G9-R0234-STT9-AI08,HNMU-G9-R0234-STT9,grade8_9,shared/raw_data/HNMU-teacher_dialog_samples/Lớp 9.xlsx,234,8,each_tutor_turn,[]
BC-HNMU-G9-R0235-STT10-AI02,HNMU-G9-R0235-STT10,grade8_9,shared/raw_data/HNMU-teacher_dialog_samples/Lớp 9.xlsx,235,2,each_tutor_turn,[]
BC-HNMU-G9-R0235-STT10-AI04,HNMU-G9-R0235-STT10,grade8_9,shared/raw_data/HNMU-teacher_dialog_samples/Lớp 9.xlsx,235,4,each_tutor_turn,[]
BC-HNMU-G9-R0235-STT10-AI06,HNMU-G9-R0235-STT10,grade8_9,shared/raw_data/HNMU-teacher_dialog_samples/Lớp 9.xlsx,235,6,each_tutor_turn,[]
BC-HNMU-G9-R0235-STT10-AI08,HNMU-G9-R0235-STT10,grade8_9,shared/raw_data/HNMU-teacher_dialog_samples/Lớp 9.xlsx,235,8,each_tutor_turn,[]
BC-HNMU-G9-R0235-STT10-AI10,HNMU-G9-R0235-STT10,grade8_9,shared/raw_data/HNMU-teacher_dialog_samples/Lớp 9.xlsx,235,10,each_tutor_turn,[]
BC-HNMU-G9-R0236-STT11-AI02,HNMU-G9-R0236-STT11,grade8_9,shared/raw_data/HNMU-teacher_dialog_samples/Lớp 9.xlsx,236,2,each_tutor_turn,[]
BC-HNMU-G9-R0236-STT11-AI04,HNMU-G9-R0236-STT11,grade8_9,shared/raw_data/HNMU-teacher_dialog_samples/Lớp 9.xlsx,236,4,each_tutor_turn,[]
BC-HNMU-G9-R0236-STT11-AI06,HNMU-G9-R0236-STT11,grade8_9,shared/raw_data/HNMU-teacher_dialog_samples/Lớp 9.xlsx,236,6,each_tutor_turn,[]
BC-HNMU-G9-R0236-STT11-AI08,HNMU-G9-R0236-STT11,grade8_9,shared/raw_data/HNMU-teacher_dialog_samples/Lớp 9.xlsx,236,8,each_tutor_turn,[]
BC-HNMU-G9-R0236-STT11-AI10,HNMU-G9-R0236-STT11,grade8_9,shared/raw_data/HNMU-teacher_dialog_samples/Lớp 9.xlsx,236,10,each_tutor_turn,[]
BC-HNMU-G9-R0237-STT12-AI02,HNMU-G9-R0237-STT12,grade8_9,shared/raw_data/HNMU-teacher_dialog_samples/Lớp 9.xlsx,237,2,each_tutor_turn,"[""DCR-20260723-002""]"
BC-HNMU-G9-R0237-STT12-AI04,HNMU-G9-R0237-STT12,grade8_9,shared/raw_data/HNMU-teacher_dialog_samples/Lớp 9.xlsx,237,4,each_tutor_turn,"[""DCR-20260723-002""]"
BC-HNMU-G9-R0237-STT12-AI06,HNMU-G9-R0237-STT12,grade8_9,shared/raw_data/HNMU-teacher_dialog_samples/Lớp 9.xlsx,237,6,each_tutor_turn,"[""DCR-20260723-002""]"
BC-HNMU-G9-R0237-STT12-AI08,HNMU-G9-R0237-STT12,grade8_9,shared/raw_data/HNMU-teacher_dialog_samples/Lớp 9.xlsx,237,8,each_tutor_turn,"[""DCR-20260723-002""]"
BC-HNMU-G9-R0237-STT12-AI10,HNMU-G9-R0237-STT12,grade8_9,shared/raw_data/HNMU-teacher_dialog_samples/Lớp 9.xlsx,237,10,each_tutor_turn,"[""DCR-20260723-002""]"
BC-HNMU-G9-R0238-STT13-AI02,HNMU-G9-R0238-STT13,grade8_9,shared/raw_data/HNMU-teacher_dialog_samples/Lớp 9.xlsx,238,2,each_tutor_turn,[]
BC-HNMU-G9-R0238-STT13-AI04,HNMU-G9-R0238-STT13,grade8_9,shared/raw_data/HNMU-teacher_dialog_samples/Lớp 9.xlsx,238,4,each_tutor_turn,[]
BC-HNMU-G9-R0238-STT13-AI06,HNMU-G9-R0238-STT13,grade8_9,shared/raw_data/HNMU-teacher_dialog_samples/Lớp 9.xlsx,238,6,each_tutor_turn,[]
BC-HNMU-G9-R0238-STT13-AI08,HNMU-G9-R0238-STT13,grade8_9,shared/raw_data/HNMU-teacher_dialog_samples/Lớp 9.xlsx,238,8,each_tutor_turn,[]
BC-HNMU-G9-R0239-STT14-AI02,HNMU-G9-R0239-STT14,grade8_9,shared/raw_data/HNMU-teacher_dialog_samples/Lớp 9.xlsx,239,2,each_tutor_turn,[]
BC-HNMU-G9-R0239-STT14-AI04,HNMU-G9-R0239-STT14,grade8_9,shared/raw_data/HNMU-teacher_dialog_samples/Lớp 9.xlsx,239,4,each_tutor_turn,[]
BC-HNMU-G9-R0239-STT14-AI06,HNMU-G9-R0239-STT14,grade8_9,shared/raw_data/HNMU-teacher_dialog_samples/Lớp 9.xlsx,239,6,each_tutor_turn,[]
BC-HNMU-G9-R0239-STT14-AI08,HNMU-G9-R0239-STT14,grade8_9,shared/raw_data/HNMU-teacher_dialog_samples/Lớp 9.xlsx,239,8,each_tutor_turn,[]
BC-HNMU-G9-R0239-STT14-AI10,HNMU-G9-R0239-STT14,grade8_9,shared/raw_data/HNMU-teacher_dialog_samples/Lớp 9.xlsx,239,10,each_tutor_turn,[]
BC-HNMU-G9-R0241-STT2-AI02,HNMU-G9-R0241-STT2,grade8_9,shared/raw_data/HNMU-teacher_dialog_samples/Lớp 9.xlsx,241,2,each_tutor_turn,[]
BC-HNMU-G9-R0241-STT2-AI04,HNMU-G9-R0241-STT2,grade8_9,shared/raw_data/HNMU-teacher_dialog_samples/Lớp 9.xlsx,241,4,each_tutor_turn,[]
BC-HNMU-G9-R0241-STT2-AI06,HNMU-G9-R0241-STT2,grade8_9,shared/raw_data/HNMU-teacher_dialog_samples/Lớp 9.xlsx,241,6,each_tutor_turn,[]
BC-HNMU-G9-R0241-STT2-AI08,HNMU-G9-R0241-STT2,grade8_9,shared/raw_data/HNMU-teacher_dialog_samples/Lớp 9.xlsx,241,8,each_tutor_turn,[]
BC-HNMU-G9-R0242-STT3-AI02,HNMU-G9-R0242-STT3,grade8_9,shared/raw_data/HNMU-teacher_dialog_samples/Lớp 9.xlsx,242,2,each_tutor_turn,[]
BC-HNMU-G9-R0242-STT3-AI04,HNMU-G9-R0242-STT3,grade8_9,shared/raw_data/HNMU-teacher_dialog_samples/Lớp 9.xlsx,242,4,each_tutor_turn,[]
BC-HNMU-G9-R0242-STT3-AI06,HNMU-G9-R0242-STT3,grade8_9,shared/raw_data/HNMU-teacher_dialog_samples/Lớp 9.xlsx,242,6,each_tutor_turn,[]
BC-HNMU-G9-R0242-STT3-AI08,HNMU-G9-R0242-STT3,grade8_9,shared/raw_data/HNMU-teacher_dialog_samples/Lớp 9.xlsx,242,8,each_tutor_turn,[]
BC-HNMU-G9-R0244-STT5-AI02,HNMU-G9-R0244-STT5,grade8_9,shared/raw_data/HNMU-teacher_dialog_samples/Lớp 9.xlsx,244,2,each_tutor_turn,[]
BC-HNMU-G9-R0244-STT5-AI04,HNMU-G9-R0244-STT5,grade8_9,shared/raw_data/HNMU-teacher_dialog_samples/Lớp 9.xlsx,244,4,each_tutor_turn,[]
BC-HNMU-G9-R0244-STT5-AI06,HNMU-G9-R0244-STT5,grade8_9,shared/raw_data/HNMU-teacher_dialog_samples/Lớp 9.xlsx,244,6,each_tutor_turn,[]
BC-HNMU-G9-R0244-STT5-AI08,HNMU-G9-R0244-STT5,grade8_9,shared/raw_data/HNMU-teacher_dialog_samples/Lớp 9.xlsx,244,8,each_tutor_turn,[]
BC-HNMU-G9-R0246-STT7-AI02,HNMU-G9-R0246-STT7,grade8_9,shared/raw_data/HNMU-teacher_dialog_samples/Lớp 9.xlsx,246,2,each_tutor_turn,[]
BC-HNMU-G9-R0246-STT7-AI04,HNMU-G9-R0246-STT7,grade8_9,shared/raw_data/HNMU-teacher_dialog_samples/Lớp 9.xlsx,246,4,each_tutor_turn,[]
BC-HNMU-G9-R0246-STT7-AI06,HNMU-G9-R0246-STT7,grade8_9,shared/raw_data/HNMU-teacher_dialog_samples/Lớp 9.xlsx,246,6,each_tutor_turn,[]
BC-HNMU-G9-R0246-STT7-AI08,HNMU-G9-R0246-STT7,grade8_9,shared/raw_data/HNMU-teacher_dialog_samples/Lớp 9.xlsx,246,8,each_tutor_turn,[]
BC-HNMU-G9-R0247-STT8-AI02,HNMU-G9-R0247-STT8,grade8_9,shared/raw_data/HNMU-teacher_dialog_samples/Lớp 9.xlsx,247,2,each_tutor_turn,[]
BC-HNMU-G9-R0247-STT8-AI04,HNMU-G9-R0247-STT8,grade8_9,shared/raw_data/HNMU-teacher_dialog_samples/Lớp 9.xlsx,247,4,each_tutor_turn,[]
BC-HNMU-G9-R0247-STT8-AI06,HNMU-G9-R0247-STT8,grade8_9,shared/raw_data/HNMU-teacher_dialog_samples/Lớp 9.xlsx,247,6,each_tutor_turn,[]
BC-HNMU-G9-R0247-STT8-AI08,HNMU-G9-R0247-STT8,grade8_9,shared/raw_data/HNMU-teacher_dialog_samples/Lớp 9.xlsx,247,8,each_tutor_turn,[]
BC-HNMU-G9-R0248-STT9-AI02,HNMU-G9-R0248-STT9,grade8_9,shared/raw_data/HNMU-teacher_dialog_samples/Lớp 9.xlsx,248,2,each_tutor_turn,[]
BC-HNMU-G9-R0248-STT9-AI04,HNMU-G9-R0248-STT9,grade8_9,shared/raw_data/HNMU-teacher_dialog_samples/Lớp 9.xlsx,248,4,each_tutor_turn,[]
BC-HNMU-G9-R0248-STT9-AI06,HNMU-G9-R0248-STT9,grade8_9,shared/raw_data/HNMU-teacher_dialog_samples/Lớp 9.xlsx,248,6,each_tutor_turn,[]
BC-HNMU-G9-R0248-STT9-AI08,HNMU-G9-R0248-STT9,grade8_9,shared/raw_data/HNMU-teacher_dialog_samples/Lớp 9.xlsx,248,8,each_tutor_turn,[]
BC-HNMU-G9-R0248-STT9-AI10,HNMU-G9-R0248-STT9,grade8_9,shared/raw_data/HNMU-teacher_dialog_samples/Lớp 9.xlsx,248,10,each_tutor_turn,[]
BC-HNMU-G9-R0250-STT11-AI02,HNMU-G9-R0250-STT11,grade8_9,shared/raw_data/HNMU-teacher_dialog_samples/Lớp 9.xlsx,250,2,each_tutor_turn,[]
BC-HNMU-G9-R0250-STT11-AI04,HNMU-G9-R0250-STT11,grade8_9,shared/raw_data/HNMU-teacher_dialog_samples/Lớp 9.xlsx,250,4,each_tutor_turn,[]
BC-HNMU-G9-R0250-STT11-AI06,HNMU-G9-R0250-STT11,grade8_9,shared/raw_data/HNMU-teacher_dialog_samples/Lớp 9.xlsx,250,6,each_tutor_turn,[]
BC-HNMU-G9-R0250-STT11-AI08,HNMU-G9-R0250-STT11,grade8_9,shared/raw_data/HNMU-teacher_dialog_samples/Lớp 9.xlsx,250,8,each_tutor_turn,[]
BC-HNMU-G9-R0251-STT12-AI02,HNMU-G9-R0251-STT12,grade8_9,shared/raw_data/HNMU-teacher_dialog_samples/Lớp 9.xlsx,251,2,each_tutor_turn,[]
BC-HNMU-G9-R0251-STT12-AI04,HNMU-G9-R0251-STT12,grade8_9,shared/raw_data/HNMU-teacher_dialog_samples/Lớp 9.xlsx,251,4,each_tutor_turn,[]
BC-HNMU-G9-R0251-STT12-AI06,HNMU-G9-R0251-STT12,grade8_9,shared/raw_data/HNMU-teacher_dialog_samples/Lớp 9.xlsx,251,6,each_tutor_turn,[]
BC-HNMU-G9-R0251-STT12-AI08,HNMU-G9-R0251-STT12,grade8_9,shared/raw_data/HNMU-teacher_dialog_samples/Lớp 9.xlsx,251,8,each_tutor_turn,[]
BC-HNMU-G9-R0252-STT13-AI02,HNMU-G9-R0252-STT13,grade8_9,shared/raw_data/HNMU-teacher_dialog_samples/Lớp 9.xlsx,252,2,each_tutor_turn,[]
BC-HNMU-G9-R0252-STT13-AI04,HNMU-G9-R0252-STT13,grade8_9,shared/raw_data/HNMU-teacher_dialog_samples/Lớp 9.xlsx,252,4,each_tutor_turn,[]
BC-HNMU-G9-R0252-STT13-AI06,HNMU-G9-R0252-STT13,grade8_9,shared/raw_data/HNMU-teacher_dialog_samples/Lớp 9.xlsx,252,6,each_tutor_turn,[]
BC-HNMU-G9-R0252-STT13-AI08,HNMU-G9-R0252-STT13,grade8_9,shared/raw_data/HNMU-teacher_dialog_samples/Lớp 9.xlsx,252,8,each_tutor_turn,[]
BC-HNMU-G9-R0252-STT13-AI10,HNMU-G9-R0252-STT13,grade8_9,shared/raw_data/HNMU-teacher_dialog_samples/Lớp 9.xlsx,252,10,each_tutor_turn,[]
BC-HNMU-G9-R0253-STT14-AI02,HNMU-G9-R0253-STT14,grade8_9,shared/raw_data/HNMU-teacher_dialog_samples/Lớp 9.xlsx,253,2,each_tutor_turn,[]
BC-HNMU-G9-R0253-STT14-AI04,HNMU-G9-R0253-STT14,grade8_9,shared/raw_data/HNMU-teacher_dialog_samples/Lớp 9.xlsx,253,4,each_tutor_turn,[]
BC-HNMU-G9-R0253-STT14-AI06,HNMU-G9-R0253-STT14,grade8_9,shared/raw_data/HNMU-teacher_dialog_samples/Lớp 9.xlsx,253,6,each_tutor_turn,[]
BC-HNMU-G9-R0253-STT14-AI08,HNMU-G9-R0253-STT14,grade8_9,shared/raw_data/HNMU-teacher_dialog_samples/Lớp 9.xlsx,253,8,each_tutor_turn,[]
BC-HNMU-G9-R0253-STT14-AI10,HNMU-G9-R0253-STT14,grade8_9,shared/raw_data/HNMU-teacher_dialog_samples/Lớp 9.xlsx,253,10,each_tutor_turn,[]
BC-HNMU-G9-R0254-STT1-AI02,HNMU-G9-R0254-STT1,grade8_9,shared/raw_data/HNMU-teacher_dialog_samples/Lớp 9.xlsx,254,2,each_tutor_turn,[]
BC-HNMU-G9-R0254-STT1-AI04,HNMU-G9-R0254-STT1,grade8_9,shared/raw_data/HNMU-teacher_dialog_samples/Lớp 9.xlsx,254,4,each_tutor_turn,[]
BC-HNMU-G9-R0254-STT1-AI06,HNMU-G9-R0254-STT1,grade8_9,shared/raw_data/HNMU-teacher_dialog_samples/Lớp 9.xlsx,254,6,each_tutor_turn,[]
BC-HNMU-G9-R0254-STT1-AI08,HNMU-G9-R0254-STT1,grade8_9,shared/raw_data/HNMU-teacher_dialog_samples/Lớp 9.xlsx,254,8,each_tutor_turn,[]
BC-HNMU-G9-R0254-STT1-AI10,HNMU-G9-R0254-STT1,grade8_9,shared/raw_data/HNMU-teacher_dialog_samples/Lớp 9.xlsx,254,10,each_tutor_turn,[]
BC-HNMU-G9-R0255-STT2-AI02,HNMU-G9-R0255-STT2,grade8_9,shared/raw_data/HNMU-teacher_dialog_samples/Lớp 9.xlsx,255,2,each_tutor_turn,[]
BC-HNMU-G9-R0255-STT2-AI04,HNMU-G9-R0255-STT2,grade8_9,shared/raw_data/HNMU-teacher_dialog_samples/Lớp 9.xlsx,255,4,each_tutor_turn,[]
BC-HNMU-G9-R0255-STT2-AI06,HNMU-G9-R0255-STT2,grade8_9,shared/raw_data/HNMU-teacher_dialog_samples/Lớp 9.xlsx,255,6,each_tutor_turn,[]
BC-HNMU-G9-R0255-STT2-AI08,HNMU-G9-R0255-STT2,grade8_9,shared/raw_data/HNMU-teacher_dialog_samples/Lớp 9.xlsx,255,8,each_tutor_turn,[]
BC-HNMU-G9-R0256-STT3-AI02,HNMU-G9-R0256-STT3,grade8_9,shared/raw_data/HNMU-teacher_dialog_samples/Lớp 9.xlsx,256,2,each_tutor_turn,[]
BC-HNMU-G9-R0256-STT3-AI04,HNMU-G9-R0256-STT3,grade8_9,shared/raw_data/HNMU-teacher_dialog_samples/Lớp 9.xlsx,256,4,each_tutor_turn,[]
BC-HNMU-G9-R0256-STT3-AI06,HNMU-G9-R0256-STT3,grade8_9,shared/raw_data/HNMU-teacher_dialog_samples/Lớp 9.xlsx,256,6,each_tutor_turn,[]
BC-HNMU-G9-R0256-STT3-AI08,HNMU-G9-R0256-STT3,grade8_9,shared/raw_data/HNMU-teacher_dialog_samples/Lớp 9.xlsx,256,8,each_tutor_turn,[]
BC-HNMU-G9-R0257-STT4-AI02,HNMU-G9-R0257-STT4,grade8_9,shared/raw_data/HNMU-teacher_dialog_samples/Lớp 9.xlsx,257,2,each_tutor_turn,[]
BC-HNMU-G9-R0257-STT4-AI04,HNMU-G9-R0257-STT4,grade8_9,shared/raw_data/HNMU-teacher_dialog_samples/Lớp 9.xlsx,257,4,each_tutor_turn,[]
BC-HNMU-G9-R0257-STT4-AI06,HNMU-G9-R0257-STT4,grade8_9,shared/raw_data/HNMU-teacher_dialog_samples/Lớp 9.xlsx,257,6,each_tutor_turn,[]
BC-HNMU-G9-R0257-STT4-AI08,HNMU-G9-R0257-STT4,grade8_9,shared/raw_data/HNMU-teacher_dialog_samples/Lớp 9.xlsx,257,8,each_tutor_turn,[]
BC-HNMU-G9-R0258-STT5-AI02,HNMU-G9-R0258-STT5,grade8_9,shared/raw_data/HNMU-teacher_dialog_samples/Lớp 9.xlsx,258,2,each_tutor_turn,[]
BC-HNMU-G9-R0258-STT5-AI04,HNMU-G9-R0258-STT5,grade8_9,shared/raw_data/HNMU-teacher_dialog_samples/Lớp 9.xlsx,258,4,each_tutor_turn,[]
BC-HNMU-G9-R0258-STT5-AI06,HNMU-G9-R0258-STT5,grade8_9,shared/raw_data/HNMU-teacher_dialog_samples/Lớp 9.xlsx,258,6,each_tutor_turn,[]
BC-HNMU-G9-R0258-STT5-AI08,HNMU-G9-R0258-STT5,grade8_9,shared/raw_data/HNMU-teacher_dialog_samples/Lớp 9.xlsx,258,8,each_tutor_turn,[]
BC-HNMU-G9-R0258-STT5-AI10,HNMU-G9-R0258-STT5,grade8_9,shared/raw_data/HNMU-teacher_dialog_samples/Lớp 9.xlsx,258,10,each_tutor_turn,[]
BC-HNMU-G9-R0259-STT6-AI02,HNMU-G9-R0259-STT6,grade8_9,shared/raw_data/HNMU-teacher_dialog_samples/Lớp 9.xlsx,259,2,each_tutor_turn,[]
BC-HNMU-G9-R0259-STT6-AI04,HNMU-G9-R0259-STT6,grade8_9,shared/raw_data/HNMU-teacher_dialog_samples/Lớp 9.xlsx,259,4,each_tutor_turn,[]
BC-HNMU-G9-R0259-STT6-AI06,HNMU-G9-R0259-STT6,grade8_9,shared/raw_data/HNMU-teacher_dialog_samples/Lớp 9.xlsx,259,6,each_tutor_turn,[]
BC-HNMU-G9-R0259-STT6-AI08,HNMU-G9-R0259-STT6,grade8_9,shared/raw_data/HNMU-teacher_dialog_samples/Lớp 9.xlsx,259,8,each_tutor_turn,[]
BC-HNMU-G9-R0259-STT6-AI10,HNMU-G9-R0259-STT6,grade8_9,shared/raw_data/HNMU-teacher_dialog_samples/Lớp 9.xlsx,259,10,each_tutor_turn,[]
BC-HNMU-G9-R0260-STT7-AI02,HNMU-G9-R0260-STT7,grade8_9,shared/raw_data/HNMU-teacher_dialog_samples/Lớp 9.xlsx,260,2,each_tutor_turn,[]
BC-HNMU-G9-R0260-STT7-AI04,HNMU-G9-R0260-STT7,grade8_9,shared/raw_data/HNMU-teacher_dialog_samples/Lớp 9.xlsx,260,4,each_tutor_turn,[]
BC-HNMU-G9-R0260-STT7-AI06,HNMU-G9-R0260-STT7,grade8_9,shared/raw_data/HNMU-teacher_dialog_samples/Lớp 9.xlsx,260,6,each_tutor_turn,[]
BC-HNMU-G9-R0260-STT7-AI08,HNMU-G9-R0260-STT7,grade8_9,shared/raw_data/HNMU-teacher_dialog_samples/Lớp 9.xlsx,260,8,each_tutor_turn,[]
BC-HNMU-G9-R0261-STT8-AI02,HNMU-G9-R0261-STT8,grade8_9,shared/raw_data/HNMU-teacher_dialog_samples/Lớp 9.xlsx,261,2,each_tutor_turn,[]
BC-HNMU-G9-R0261-STT8-AI04,HNMU-G9-R0261-STT8,grade8_9,shared/raw_data/HNMU-teacher_dialog_samples/Lớp 9.xlsx,261,4,each_tutor_turn,[]
BC-HNMU-G9-R0261-STT8-AI06,HNMU-G9-R0261-STT8,grade8_9,shared/raw_data/HNMU-teacher_dialog_samples/Lớp 9.xlsx,261,6,each_tutor_turn,[]
BC-HNMU-G9-R0261-STT8-AI08,HNMU-G9-R0261-STT8,grade8_9,shared/raw_data/HNMU-teacher_dialog_samples/Lớp 9.xlsx,261,8,each_tutor_turn,[]
BC-HNMU-G9-R0261-STT8-AI10,HNMU-G9-R0261-STT8,grade8_9,shared/raw_data/HNMU-teacher_dialog_samples/Lớp 9.xlsx,261,10,each_tutor_turn,[]
BC-HNMU-G9-R0262-STT9-AI02,HNMU-G9-R0262-STT9,grade8_9,shared/raw_data/HNMU-teacher_dialog_samples/Lớp 9.xlsx,262,2,each_tutor_turn,[]
BC-HNMU-G9-R0262-STT9-AI04,HNMU-G9-R0262-STT9,grade8_9,shared/raw_data/HNMU-teacher_dialog_samples/Lớp 9.xlsx,262,4,each_tutor_turn,[]
BC-HNMU-G9-R0262-STT9-AI06,HNMU-G9-R0262-STT9,grade8_9,shared/raw_data/HNMU-teacher_dialog_samples/Lớp 9.xlsx,262,6,each_tutor_turn,[]
BC-HNMU-G9-R0262-STT9-AI08,HNMU-G9-R0262-STT9,grade8_9,shared/raw_data/HNMU-teacher_dialog_samples/Lớp 9.xlsx,262,8,each_tutor_turn,[]
BC-HNMU-G9-R0262-STT9-AI10,HNMU-G9-R0262-STT9,grade8_9,shared/raw_data/HNMU-teacher_dialog_samples/Lớp 9.xlsx,262,10,each_tutor_turn,[]
BC-HNMU-G9-R0263-STT10-AI02,HNMU-G9-R0263-STT10,grade8_9,shared/raw_data/HNMU-teacher_dialog_samples/Lớp 9.xlsx,263,2,each_tutor_turn,[]
BC-HNMU-G9-R0263-STT10-AI04,HNMU-G9-R0263-STT10,grade8_9,shared/raw_data/HNMU-teacher_dialog_samples/Lớp 9.xlsx,263,4,each_tutor_turn,[]
BC-HNMU-G9-R0263-STT10-AI06,HNMU-G9-R0263-STT10,grade8_9,shared/raw_data/HNMU-teacher_dialog_samples/Lớp 9.xlsx,263,6,each_tutor_turn,[]
BC-HNMU-G9-R0263-STT10-AI08,HNMU-G9-R0263-STT10,grade8_9,shared/raw_data/HNMU-teacher_dialog_samples/Lớp 9.xlsx,263,8,each_tutor_turn,[]
BC-HNMU-G9-R0263-STT10-AI10,HNMU-G9-R0263-STT10,grade8_9,shared/raw_data/HNMU-teacher_dialog_samples/Lớp 9.xlsx,263,10,each_tutor_turn,[]
BC-HNMU-G9-R0264-STT11-AI02,HNMU-G9-R0264-STT11,grade8_9,shared/raw_data/HNMU-teacher_dialog_samples/Lớp 9.xlsx,264,2,each_tutor_turn,[]
BC-HNMU-G9-R0264-STT11-AI04,HNMU-G9-R0264-STT11,grade8_9,shared/raw_data/HNMU-teacher_dialog_samples/Lớp 9.xlsx,264,4,each_tutor_turn,[]
BC-HNMU-G9-R0264-STT11-AI06,HNMU-G9-R0264-STT11,grade8_9,shared/raw_data/HNMU-teacher_dialog_samples/Lớp 9.xlsx,264,6,each_tutor_turn,[]
BC-HNMU-G9-R0264-STT11-AI08,HNMU-G9-R0264-STT11,grade8_9,shared/raw_data/HNMU-teacher_dialog_samples/Lớp 9.xlsx,264,8,each_tutor_turn,[]
BC-HNMU-G9-R0265-STT12-AI02,HNMU-G9-R0265-STT12,grade8_9,shared/raw_data/HNMU-teacher_dialog_samples/Lớp 9.xlsx,265,2,each_tutor_turn,[]
BC-HNMU-G9-R0265-STT12-AI04,HNMU-G9-R0265-STT12,grade8_9,shared/raw_data/HNMU-teacher_dialog_samples/Lớp 9.xlsx,265,4,each_tutor_turn,[]
BC-HNMU-G9-R0265-STT12-AI06,HNMU-G9-R0265-STT12,grade8_9,shared/raw_data/HNMU-teacher_dialog_samples/Lớp 9.xlsx,265,6,each_tutor_turn,[]
BC-HNMU-G9-R0265-STT12-AI08,HNMU-G9-R0265-STT12,grade8_9,shared/raw_data/HNMU-teacher_dialog_samples/Lớp 9.xlsx,265,8,each_tutor_turn,[]
BC-HNMU-G9-R0265-STT12-AI10,HNMU-G9-R0265-STT12,grade8_9,shared/raw_data/HNMU-teacher_dialog_samples/Lớp 9.xlsx,265,10,each_tutor_turn,[]
BC-HNMU-G9-R0266-STT13-AI02,HNMU-G9-R0266-STT13,grade8_9,shared/raw_data/HNMU-teacher_dialog_samples/Lớp 9.xlsx,266,2,each_tutor_turn,[]
BC-HNMU-G9-R0266-STT13-AI04,HNMU-G9-R0266-STT13,grade8_9,shared/raw_data/HNMU-teacher_dialog_samples/Lớp 9.xlsx,266,4,each_tutor_turn,[]
BC-HNMU-G9-R0266-STT13-AI06,HNMU-G9-R0266-STT13,grade8_9,shared/raw_data/HNMU-teacher_dialog_samples/Lớp 9.xlsx,266,6,each_tutor_turn,[]
BC-HNMU-G9-R0266-STT13-AI08,HNMU-G9-R0266-STT13,grade8_9,shared/raw_data/HNMU-teacher_dialog_samples/Lớp 9.xlsx,266,8,each_tutor_turn,[]
BC-HNMU-G9-R0266-STT13-AI10,HNMU-G9-R0266-STT13,grade8_9,shared/raw_data/HNMU-teacher_dialog_samples/Lớp 9.xlsx,266,10,each_tutor_turn,[]
BC-HNMU-G9-R0267-STT14-AI02,HNMU-G9-R0267-STT14,grade8_9,shared/raw_data/HNMU-teacher_dialog_samples/Lớp 9.xlsx,267,2,each_tutor_turn,[]
BC-HNMU-G9-R0267-STT14-AI04,HNMU-G9-R0267-STT14,grade8_9,shared/raw_data/HNMU-teacher_dialog_samples/Lớp 9.xlsx,267,4,each_tutor_turn,[]
BC-HNMU-G9-R0267-STT14-AI06,HNMU-G9-R0267-STT14,grade8_9,shared/raw_data/HNMU-teacher_dialog_samples/Lớp 9.xlsx,267,6,each_tutor_turn,[]
BC-HNMU-G9-R0267-STT14-AI08,HNMU-G9-R0267-STT14,grade8_9,shared/raw_data/HNMU-teacher_dialog_samples/Lớp 9.xlsx,267,8,each_tutor_turn,[]
BC-HNMU-G9-R0267-STT14-AI10,HNMU-G9-R0267-STT14,grade8_9,shared/raw_data/HNMU-teacher_dialog_samples/Lớp 9.xlsx,267,10,each_tutor_turn,[]
BC-HNMU-G9-R0268-STT1-AI02,HNMU-G9-R0268-STT1,grade8_9,shared/raw_data/HNMU-teacher_dialog_samples/Lớp 9.xlsx,268,2,each_tutor_turn,[]
BC-HNMU-G9-R0268-STT1-AI04,HNMU-G9-R0268-STT1,grade8_9,shared/raw_data/HNMU-teacher_dialog_samples/Lớp 9.xlsx,268,4,each_tutor_turn,[]
BC-HNMU-G9-R0268-STT1-AI06,HNMU-G9-R0268-STT1,grade8_9,shared/raw_data/HNMU-teacher_dialog_samples/Lớp 9.xlsx,268,6,each_tutor_turn,[]
BC-HNMU-G9-R0268-STT1-AI08,HNMU-G9-R0268-STT1,grade8_9,shared/raw_data/HNMU-teacher_dialog_samples/Lớp 9.xlsx,268,8,each_tutor_turn,[]
BC-HNMU-G9-R0269-STT2-AI02,HNMU-G9-R0269-STT2,grade8_9,shared/raw_data/HNMU-teacher_dialog_samples/Lớp 9.xlsx,269,2,each_tutor_turn,[]
BC-HNMU-G9-R0269-STT2-AI04,HNMU-G9-R0269-STT2,grade8_9,shared/raw_data/HNMU-teacher_dialog_samples/Lớp 9.xlsx,269,4,each_tutor_turn,[]
BC-HNMU-G9-R0269-STT2-AI06,HNMU-G9-R0269-STT2,grade8_9,shared/raw_data/HNMU-teacher_dialog_samples/Lớp 9.xlsx,269,6,each_tutor_turn,[]
BC-HNMU-G9-R0269-STT2-AI08,HNMU-G9-R0269-STT2,grade8_9,shared/raw_data/HNMU-teacher_dialog_samples/Lớp 9.xlsx,269,8,each_tutor_turn,[]
BC-HNMU-G9-R0269-STT2-AI10,HNMU-G9-R0269-STT2,grade8_9,shared/raw_data/HNMU-teacher_dialog_samples/Lớp 9.xlsx,269,10,each_tutor_turn,[]
BC-HNMU-G9-R0270-STT3-AI02,HNMU-G9-R0270-STT3,grade8_9,shared/raw_data/HNMU-teacher_dialog_samples/Lớp 9.xlsx,270,2,each_tutor_turn,[]
BC-HNMU-G9-R0270-STT3-AI04,HNMU-G9-R0270-STT3,grade8_9,shared/raw_data/HNMU-teacher_dialog_samples/Lớp 9.xlsx,270,4,each_tutor_turn,[]
BC-HNMU-G9-R0270-STT3-AI06,HNMU-G9-R0270-STT3,grade8_9,shared/raw_data/HNMU-teacher_dialog_samples/Lớp 9.xlsx,270,6,each_tutor_turn,[]
BC-HNMU-G9-R0270-STT3-AI08,HNMU-G9-R0270-STT3,grade8_9,shared/raw_data/HNMU-teacher_dialog_samples/Lớp 9.xlsx,270,8,each_tutor_turn,[]
BC-HNMU-G9-R0270-STT3-AI10,HNMU-G9-R0270-STT3,grade8_9,shared/raw_data/HNMU-teacher_dialog_samples/Lớp 9.xlsx,270,10,each_tutor_turn,[]
BC-HNMU-G9-R0271-STT4-AI02,HNMU-G9-R0271-STT4,grade8_9,shared/raw_data/HNMU-teacher_dialog_samples/Lớp 9.xlsx,271,2,each_tutor_turn,[]
BC-HNMU-G9-R0271-STT4-AI04,HNMU-G9-R0271-STT4,grade8_9,shared/raw_data/HNMU-teacher_dialog_samples/Lớp 9.xlsx,271,4,each_tutor_turn,[]
BC-HNMU-G9-R0271-STT4-AI06,HNMU-G9-R0271-STT4,grade8_9,shared/raw_data/HNMU-teacher_dialog_samples/Lớp 9.xlsx,271,6,each_tutor_turn,[]
BC-HNMU-G9-R0271-STT4-AI08,HNMU-G9-R0271-STT4,grade8_9,shared/raw_data/HNMU-teacher_dialog_samples/Lớp 9.xlsx,271,8,each_tutor_turn,[]
BC-HNMU-G9-R0271-STT4-AI10,HNMU-G9-R0271-STT4,grade8_9,shared/raw_data/HNMU-teacher_dialog_samples/Lớp 9.xlsx,271,10,each_tutor_turn,[]
BC-HNMU-G9-R0272-STT5-AI02,HNMU-G9-R0272-STT5,grade8_9,shared/raw_data/HNMU-teacher_dialog_samples/Lớp 9.xlsx,272,2,each_tutor_turn,[]
BC-HNMU-G9-R0272-STT5-AI04,HNMU-G9-R0272-STT5,grade8_9,shared/raw_data/HNMU-teacher_dialog_samples/Lớp 9.xlsx,272,4,each_tutor_turn,[]
BC-HNMU-G9-R0272-STT5-AI06,HNMU-G9-R0272-STT5,grade8_9,shared/raw_data/HNMU-teacher_dialog_samples/Lớp 9.xlsx,272,6,each_tutor_turn,[]
BC-HNMU-G9-R0272-STT5-AI08,HNMU-G9-R0272-STT5,grade8_9,shared/raw_data/HNMU-teacher_dialog_samples/Lớp 9.xlsx,272,8,each_tutor_turn,[]
BC-HNMU-G9-R0272-STT5-AI10,HNMU-G9-R0272-STT5,grade8_9,shared/raw_data/HNMU-teacher_dialog_samples/Lớp 9.xlsx,272,10,each_tutor_turn,[]
BC-HNMU-G9-R0273-STT6-AI02,HNMU-G9-R0273-STT6,grade8_9,shared/raw_data/HNMU-teacher_dialog_samples/Lớp 9.xlsx,273,2,each_tutor_turn,[]
BC-HNMU-G9-R0273-STT6-AI04,HNMU-G9-R0273-STT6,grade8_9,shared/raw_data/HNMU-teacher_dialog_samples/Lớp 9.xlsx,273,4,each_tutor_turn,[]
BC-HNMU-G9-R0273-STT6-AI06,HNMU-G9-R0273-STT6,grade8_9,shared/raw_data/HNMU-teacher_dialog_samples/Lớp 9.xlsx,273,6,each_tutor_turn,[]
BC-HNMU-G9-R0273-STT6-AI08,HNMU-G9-R0273-STT6,grade8_9,shared/raw_data/HNMU-teacher_dialog_samples/Lớp 9.xlsx,273,8,each_tutor_turn,[]
BC-HNMU-G9-R0274-STT7-AI02,HNMU-G9-R0274-STT7,grade8_9,shared/raw_data/HNMU-teacher_dialog_samples/Lớp 9.xlsx,274,2,each_tutor_turn,[]
BC-HNMU-G9-R0274-STT7-AI04,HNMU-G9-R0274-STT7,grade8_9,shared/raw_data/HNMU-teacher_dialog_samples/Lớp 9.xlsx,274,4,each_tutor_turn,[]
BC-HNMU-G9-R0274-STT7-AI06,HNMU-G9-R0274-STT7,grade8_9,shared/raw_data/HNMU-teacher_dialog_samples/Lớp 9.xlsx,274,6,each_tutor_turn,[]
BC-HNMU-G9-R0274-STT7-AI08,HNMU-G9-R0274-STT7,grade8_9,shared/raw_data/HNMU-teacher_dialog_samples/Lớp 9.xlsx,274,8,each_tutor_turn,[]
BC-HNMU-G9-R0275-STT8-AI02,HNMU-G9-R0275-STT8,grade8_9,shared/raw_data/HNMU-teacher_dialog_samples/Lớp 9.xlsx,275,2,each_tutor_turn,[]
BC-HNMU-G9-R0275-STT8-AI04,HNMU-G9-R0275-STT8,grade8_9,shared/raw_data/HNMU-teacher_dialog_samples/Lớp 9.xlsx,275,4,each_tutor_turn,[]
BC-HNMU-G9-R0275-STT8-AI06,HNMU-G9-R0275-STT8,grade8_9,shared/raw_data/HNMU-teacher_dialog_samples/Lớp 9.xlsx,275,6,each_tutor_turn,[]
BC-HNMU-G9-R0275-STT8-AI08,HNMU-G9-R0275-STT8,grade8_9,shared/raw_data/HNMU-teacher_dialog_samples/Lớp 9.xlsx,275,8,each_tutor_turn,[]
BC-HNMU-G9-R0276-STT9-AI02,HNMU-G9-R0276-STT9,grade8_9,shared/raw_data/HNMU-teacher_dialog_samples/Lớp 9.xlsx,276,2,each_tutor_turn,[]
BC-HNMU-G9-R0276-STT9-AI04,HNMU-G9-R0276-STT9,grade8_9,shared/raw_data/HNMU-teacher_dialog_samples/Lớp 9.xlsx,276,4,each_tutor_turn,[]
BC-HNMU-G9-R0276-STT9-AI06,HNMU-G9-R0276-STT9,grade8_9,shared/raw_data/HNMU-teacher_dialog_samples/Lớp 9.xlsx,276,6,each_tutor_turn,[]
BC-HNMU-G9-R0276-STT9-AI08,HNMU-G9-R0276-STT9,grade8_9,shared/raw_data/HNMU-teacher_dialog_samples/Lớp 9.xlsx,276,8,each_tutor_turn,[]
BC-HNMU-G9-R0276-STT9-AI10,HNMU-G9-R0276-STT9,grade8_9,shared/raw_data/HNMU-teacher_dialog_samples/Lớp 9.xlsx,276,10,each_tutor_turn,[]
BC-HNMU-G9-R0278-STT11-AI02,HNMU-G9-R0278-STT11,grade8_9,shared/raw_data/HNMU-teacher_dialog_samples/Lớp 9.xlsx,278,2,each_tutor_turn,[]
BC-HNMU-G9-R0278-STT11-AI04,HNMU-G9-R0278-STT11,grade8_9,shared/raw_data/HNMU-teacher_dialog_samples/Lớp 9.xlsx,278,4,each_tutor_turn,[]
BC-HNMU-G9-R0278-STT11-AI06,HNMU-G9-R0278-STT11,grade8_9,shared/raw_data/HNMU-teacher_dialog_samples/Lớp 9.xlsx,278,6,each_tutor_turn,[]
BC-HNMU-G9-R0278-STT11-AI08,HNMU-G9-R0278-STT11,grade8_9,shared/raw_data/HNMU-teacher_dialog_samples/Lớp 9.xlsx,278,8,each_tutor_turn,[]
BC-HNMU-G9-R0278-STT11-AI10,HNMU-G9-R0278-STT11,grade8_9,shared/raw_data/HNMU-teacher_dialog_samples/Lớp 9.xlsx,278,10,each_tutor_turn,[]
BC-HNMU-G9-R0279-STT12-AI02,HNMU-G9-R0279-STT12,grade8_9,shared/raw_data/HNMU-teacher_dialog_samples/Lớp 9.xlsx,279,2,each_tutor_turn,[]
BC-HNMU-G9-R0279-STT12-AI04,HNMU-G9-R0279-STT12,grade8_9,shared/raw_data/HNMU-teacher_dialog_samples/Lớp 9.xlsx,279,4,each_tutor_turn,[]
BC-HNMU-G9-R0279-STT12-AI06,HNMU-G9-R0279-STT12,grade8_9,shared/raw_data/HNMU-teacher_dialog_samples/Lớp 9.xlsx,279,6,each_tutor_turn,[]
BC-HNMU-G9-R0279-STT12-AI08,HNMU-G9-R0279-STT12,grade8_9,shared/raw_data/HNMU-teacher_dialog_samples/Lớp 9.xlsx,279,8,each_tutor_turn,[]
BC-HNMU-G9-R0279-STT12-AI10,HNMU-G9-R0279-STT12,grade8_9,shared/raw_data/HNMU-teacher_dialog_samples/Lớp 9.xlsx,279,10,each_tutor_turn,[]
BC-HNMU-G9-R0280-STT13-AI02,HNMU-G9-R0280-STT13,grade8_9,shared/raw_data/HNMU-teacher_dialog_samples/Lớp 9.xlsx,280,2,each_tutor_turn,[]
BC-HNMU-G9-R0280-STT13-AI04,HNMU-G9-R0280-STT13,grade8_9,shared/raw_data/HNMU-teacher_dialog_samples/Lớp 9.xlsx,280,4,each_tutor_turn,[]
BC-HNMU-G9-R0280-STT13-AI06,HNMU-G9-R0280-STT13,grade8_9,shared/raw_data/HNMU-teacher_dialog_samples/Lớp 9.xlsx,280,6,each_tutor_turn,[]
BC-HNMU-G9-R0280-STT13-AI08,HNMU-G9-R0280-STT13,grade8_9,shared/raw_data/HNMU-teacher_dialog_samples/Lớp 9.xlsx,280,8,each_tutor_turn,[]
BC-HNMU-G9-R0280-STT13-AI10,HNMU-G9-R0280-STT13,grade8_9,shared/raw_data/HNMU-teacher_dialog_samples/Lớp 9.xlsx,280,10,each_tutor_turn,[]
BC-HNMU-G9-R0281-STT14-AI02,HNMU-G9-R0281-STT14,grade8_9,shared/raw_data/HNMU-teacher_dialog_samples/Lớp 9.xlsx,281,2,each_tutor_turn,[]
BC-HNMU-G9-R0281-STT14-AI04,HNMU-G9-R0281-STT14,grade8_9,shared/raw_data/HNMU-teacher_dialog_samples/Lớp 9.xlsx,281,4,each_tutor_turn,[]
BC-HNMU-G9-R0281-STT14-AI06,HNMU-G9-R0281-STT14,grade8_9,shared/raw_data/HNMU-teacher_dialog_samples/Lớp 9.xlsx,281,6,each_tutor_turn,[]
BC-HNMU-G9-R0281-STT14-AI08,HNMU-G9-R0281-STT14,grade8_9,shared/raw_data/HNMU-teacher_dialog_samples/Lớp 9.xlsx,281,8,each_tutor_turn,[]
BC-HNMU-G9-R0282-STT1-AI02,HNMU-G9-R0282-STT1,grade8_9,shared/raw_data/HNMU-teacher_dialog_samples/Lớp 9.xlsx,282,2,each_tutor_turn,[]
BC-HNMU-G9-R0282-STT1-AI04,HNMU-G9-R0282-STT1,grade8_9,shared/raw_data/HNMU-teacher_dialog_samples/Lớp 9.xlsx,282,4,each_tutor_turn,[]
BC-HNMU-G9-R0282-STT1-AI06,HNMU-G9-R0282-STT1,grade8_9,shared/raw_data/HNMU-teacher_dialog_samples/Lớp 9.xlsx,282,6,each_tutor_turn,[]
BC-HNMU-G9-R0282-STT1-AI08,HNMU-G9-R0282-STT1,grade8_9,shared/raw_data/HNMU-teacher_dialog_samples/Lớp 9.xlsx,282,8,each_tutor_turn,[]
BC-HNMU-G9-R0282-STT1-AI10,HNMU-G9-R0282-STT1,grade8_9,shared/raw_data/HNMU-teacher_dialog_samples/Lớp 9.xlsx,282,10,each_tutor_turn,[]
BC-HNMU-G9-R0283-STT2-AI02,HNMU-G9-R0283-STT2,grade8_9,shared/raw_data/HNMU-teacher_dialog_samples/Lớp 9.xlsx,283,2,each_tutor_turn,[]
BC-HNMU-G9-R0283-STT2-AI04,HNMU-G9-R0283-STT2,grade8_9,shared/raw_data/HNMU-teacher_dialog_samples/Lớp 9.xlsx,283,4,each_tutor_turn,[]
BC-HNMU-G9-R0283-STT2-AI06,HNMU-G9-R0283-STT2,grade8_9,shared/raw_data/HNMU-teacher_dialog_samples/Lớp 9.xlsx,283,6,each_tutor_turn,[]
BC-HNMU-G9-R0283-STT2-AI08,HNMU-G9-R0283-STT2,grade8_9,shared/raw_data/HNMU-teacher_dialog_samples/Lớp 9.xlsx,283,8,each_tutor_turn,[]
BC-HNMU-G9-R0283-STT2-AI10,HNMU-G9-R0283-STT2,grade8_9,shared/raw_data/HNMU-teacher_dialog_samples/Lớp 9.xlsx,283,10,each_tutor_turn,[]
BC-HNMU-G9-R0284-STT3-AI02,HNMU-G9-R0284-STT3,grade8_9,shared/raw_data/HNMU-teacher_dialog_samples/Lớp 9.xlsx,284,2,each_tutor_turn,[]
BC-HNMU-G9-R0284-STT3-AI04,HNMU-G9-R0284-STT3,grade8_9,shared/raw_data/HNMU-teacher_dialog_samples/Lớp 9.xlsx,284,4,each_tutor_turn,[]
BC-HNMU-G9-R0284-STT3-AI06,HNMU-G9-R0284-STT3,grade8_9,shared/raw_data/HNMU-teacher_dialog_samples/Lớp 9.xlsx,284,6,each_tutor_turn,[]
BC-HNMU-G9-R0284-STT3-AI08,HNMU-G9-R0284-STT3,grade8_9,shared/raw_data/HNMU-teacher_dialog_samples/Lớp 9.xlsx,284,8,each_tutor_turn,[]
BC-HNMU-G9-R0284-STT3-AI10,HNMU-G9-R0284-STT3,grade8_9,shared/raw_data/HNMU-teacher_dialog_samples/Lớp 9.xlsx,284,10,each_tutor_turn,[]
BC-HNMU-G9-R0285-STT4-AI02,HNMU-G9-R0285-STT4,grade8_9,shared/raw_data/HNMU-teacher_dialog_samples/Lớp 9.xlsx,285,2,each_tutor_turn,[]
BC-HNMU-G9-R0285-STT4-AI04,HNMU-G9-R0285-STT4,grade8_9,shared/raw_data/HNMU-teacher_dialog_samples/Lớp 9.xlsx,285,4,each_tutor_turn,[]
BC-HNMU-G9-R0285-STT4-AI06,HNMU-G9-R0285-STT4,grade8_9,shared/raw_data/HNMU-teacher_dialog_samples/Lớp 9.xlsx,285,6,each_tutor_turn,[]
BC-HNMU-G9-R0285-STT4-AI08,HNMU-G9-R0285-STT4,grade8_9,shared/raw_data/HNMU-teacher_dialog_samples/Lớp 9.xlsx,285,8,each_tutor_turn,[]
BC-HNMU-G9-R0285-STT4-AI10,HNMU-G9-R0285-STT4,grade8_9,shared/raw_data/HNMU-teacher_dialog_samples/Lớp 9.xlsx,285,10,each_tutor_turn,[]
BC-HNMU-G9-R0286-STT5-AI02,HNMU-G9-R0286-STT5,grade8_9,shared/raw_data/HNMU-teacher_dialog_samples/Lớp 9.xlsx,286,2,each_tutor_turn,[]
BC-HNMU-G9-R0286-STT5-AI04,HNMU-G9-R0286-STT5,grade8_9,shared/raw_data/HNMU-teacher_dialog_samples/Lớp 9.xlsx,286,4,each_tutor_turn,[]
BC-HNMU-G9-R0286-STT5-AI06,HNMU-G9-R0286-STT5,grade8_9,shared/raw_data/HNMU-teacher_dialog_samples/Lớp 9.xlsx,286,6,each_tutor_turn,[]
BC-HNMU-G9-R0286-STT5-AI08,HNMU-G9-R0286-STT5,grade8_9,shared/raw_data/HNMU-teacher_dialog_samples/Lớp 9.xlsx,286,8,each_tutor_turn,[]
BC-HNMU-G9-R0286-STT5-AI10,HNMU-G9-R0286-STT5,grade8_9,shared/raw_data/HNMU-teacher_dialog_samples/Lớp 9.xlsx,286,10,each_tutor_turn,[]
BC-HNMU-G9-R0287-STT6-AI02,HNMU-G9-R0287-STT6,grade8_9,shared/raw_data/HNMU-teacher_dialog_samples/Lớp 9.xlsx,287,2,each_tutor_turn,[]
BC-HNMU-G9-R0287-STT6-AI04,HNMU-G9-R0287-STT6,grade8_9,shared/raw_data/HNMU-teacher_dialog_samples/Lớp 9.xlsx,287,4,each_tutor_turn,[]
BC-HNMU-G9-R0287-STT6-AI06,HNMU-G9-R0287-STT6,grade8_9,shared/raw_data/HNMU-teacher_dialog_samples/Lớp 9.xlsx,287,6,each_tutor_turn,[]
BC-HNMU-G9-R0287-STT6-AI08,HNMU-G9-R0287-STT6,grade8_9,shared/raw_data/HNMU-teacher_dialog_samples/Lớp 9.xlsx,287,8,each_tutor_turn,[]
BC-HNMU-G9-R0287-STT6-AI10,HNMU-G9-R0287-STT6,grade8_9,shared/raw_data/HNMU-teacher_dialog_samples/Lớp 9.xlsx,287,10,each_tutor_turn,[]
BC-HNMU-G9-R0288-STT7-AI02,HNMU-G9-R0288-STT7,grade8_9,shared/raw_data/HNMU-teacher_dialog_samples/Lớp 9.xlsx,288,2,each_tutor_turn,[]
BC-HNMU-G9-R0288-STT7-AI04,HNMU-G9-R0288-STT7,grade8_9,shared/raw_data/HNMU-teacher_dialog_samples/Lớp 9.xlsx,288,4,each_tutor_turn,[]
BC-HNMU-G9-R0288-STT7-AI06,HNMU-G9-R0288-STT7,grade8_9,shared/raw_data/HNMU-teacher_dialog_samples/Lớp 9.xlsx,288,6,each_tutor_turn,[]
BC-HNMU-G9-R0288-STT7-AI08,HNMU-G9-R0288-STT7,grade8_9,shared/raw_data/HNMU-teacher_dialog_samples/Lớp 9.xlsx,288,8,each_tutor_turn,[]
BC-HNMU-G9-R0289-STT8-AI02,HNMU-G9-R0289-STT8,grade8_9,shared/raw_data/HNMU-teacher_dialog_samples/Lớp 9.xlsx,289,2,each_tutor_turn,[]
BC-HNMU-G9-R0289-STT8-AI04,HNMU-G9-R0289-STT8,grade8_9,shared/raw_data/HNMU-teacher_dialog_samples/Lớp 9.xlsx,289,4,each_tutor_turn,[]
BC-HNMU-G9-R0289-STT8-AI06,HNMU-G9-R0289-STT8,grade8_9,shared/raw_data/HNMU-teacher_dialog_samples/Lớp 9.xlsx,289,6,each_tutor_turn,[]
BC-HNMU-G9-R0289-STT8-AI08,HNMU-G9-R0289-STT8,grade8_9,shared/raw_data/HNMU-teacher_dialog_samples/Lớp 9.xlsx,289,8,each_tutor_turn,[]
BC-HNMU-G9-R0290-STT9-AI02,HNMU-G9-R0290-STT9,grade8_9,shared/raw_data/HNMU-teacher_dialog_samples/Lớp 9.xlsx,290,2,each_tutor_turn,[]
BC-HNMU-G9-R0290-STT9-AI04,HNMU-G9-R0290-STT9,grade8_9,shared/raw_data/HNMU-teacher_dialog_samples/Lớp 9.xlsx,290,4,each_tutor_turn,[]
BC-HNMU-G9-R0290-STT9-AI06,HNMU-G9-R0290-STT9,grade8_9,shared/raw_data/HNMU-teacher_dialog_samples/Lớp 9.xlsx,290,6,each_tutor_turn,[]
BC-HNMU-G9-R0290-STT9-AI08,HNMU-G9-R0290-STT9,grade8_9,shared/raw_data/HNMU-teacher_dialog_samples/Lớp 9.xlsx,290,8,each_tutor_turn,[]
BC-HNMU-G9-R0290-STT9-AI10,HNMU-G9-R0290-STT9,grade8_9,shared/raw_data/HNMU-teacher_dialog_samples/Lớp 9.xlsx,290,10,each_tutor_turn,[]
BC-HNMU-G9-R0291-STT10-AI02,HNMU-G9-R0291-STT10,grade8_9,shared/raw_data/HNMU-teacher_dialog_samples/Lớp 9.xlsx,291,2,each_tutor_turn,[]
BC-HNMU-G9-R0291-STT10-AI04,HNMU-G9-R0291-STT10,grade8_9,shared/raw_data/HNMU-teacher_dialog_samples/Lớp 9.xlsx,291,4,each_tutor_turn,[]
BC-HNMU-G9-R0291-STT10-AI06,HNMU-G9-R0291-STT10,grade8_9,shared/raw_data/HNMU-teacher_dialog_samples/Lớp 9.xlsx,291,6,each_tutor_turn,[]
BC-HNMU-G9-R0291-STT10-AI08,HNMU-G9-R0291-STT10,grade8_9,shared/raw_data/HNMU-teacher_dialog_samples/Lớp 9.xlsx,291,8,each_tutor_turn,[]
BC-HNMU-G9-R0291-STT10-AI10,HNMU-G9-R0291-STT10,grade8_9,shared/raw_data/HNMU-teacher_dialog_samples/Lớp 9.xlsx,291,10,each_tutor_turn,[]
BC-HNMU-G9-R0292-STT11-AI02,HNMU-G9-R0292-STT11,grade8_9,shared/raw_data/HNMU-teacher_dialog_samples/Lớp 9.xlsx,292,2,each_tutor_turn,[]
BC-HNMU-G9-R0292-STT11-AI04,HNMU-G9-R0292-STT11,grade8_9,shared/raw_data/HNMU-teacher_dialog_samples/Lớp 9.xlsx,292,4,each_tutor_turn,[]
BC-HNMU-G9-R0292-STT11-AI06,HNMU-G9-R0292-STT11,grade8_9,shared/raw_data/HNMU-teacher_dialog_samples/Lớp 9.xlsx,292,6,each_tutor_turn,[]
BC-HNMU-G9-R0292-STT11-AI08,HNMU-G9-R0292-STT11,grade8_9,shared/raw_data/HNMU-teacher_dialog_samples/Lớp 9.xlsx,292,8,each_tutor_turn,[]
BC-HNMU-G9-R0292-STT11-AI10,HNMU-G9-R0292-STT11,grade8_9,shared/raw_data/HNMU-teacher_dialog_samples/Lớp 9.xlsx,292,10,each_tutor_turn,[]
BC-HNMU-G9-R0293-STT12-AI02,HNMU-G9-R0293-STT12,grade8_9,shared/raw_data/HNMU-teacher_dialog_samples/Lớp 9.xlsx,293,2,each_tutor_turn,[]
BC-HNMU-G9-R0293-STT12-AI04,HNMU-G9-R0293-STT12,grade8_9,shared/raw_data/HNMU-teacher_dialog_samples/Lớp 9.xlsx,293,4,each_tutor_turn,[]
BC-HNMU-G9-R0293-STT12-AI06,HNMU-G9-R0293-STT12,grade8_9,shared/raw_data/HNMU-teacher_dialog_samples/Lớp 9.xlsx,293,6,each_tutor_turn,[]
BC-HNMU-G9-R0293-STT12-AI08,HNMU-G9-R0293-STT12,grade8_9,shared/raw_data/HNMU-teacher_dialog_samples/Lớp 9.xlsx,293,8,each_tutor_turn,[]
BC-HNMU-G9-R0293-STT12-AI10,HNMU-G9-R0293-STT12,grade8_9,shared/raw_data/HNMU-teacher_dialog_samples/Lớp 9.xlsx,293,10,each_tutor_turn,[]
BC-HNMU-G9-R0294-STT13-AI02,HNMU-G9-R0294-STT13,grade8_9,shared/raw_data/HNMU-teacher_dialog_samples/Lớp 9.xlsx,294,2,each_tutor_turn,[]
BC-HNMU-G9-R0294-STT13-AI04,HNMU-G9-R0294-STT13,grade8_9,shared/raw_data/HNMU-teacher_dialog_samples/Lớp 9.xlsx,294,4,each_tutor_turn,[]
BC-HNMU-G9-R0294-STT13-AI06,HNMU-G9-R0294-STT13,grade8_9,shared/raw_data/HNMU-teacher_dialog_samples/Lớp 9.xlsx,294,6,each_tutor_turn,[]
BC-HNMU-G9-R0294-STT13-AI08,HNMU-G9-R0294-STT13,grade8_9,shared/raw_data/HNMU-teacher_dialog_samples/Lớp 9.xlsx,294,8,each_tutor_turn,[]
BC-HNMU-G9-R0294-STT13-AI10,HNMU-G9-R0294-STT13,grade8_9,shared/raw_data/HNMU-teacher_dialog_samples/Lớp 9.xlsx,294,10,each_tutor_turn,[]
BC-HNMU-G9-R0295-STT14-AI02,HNMU-G9-R0295-STT14,grade8_9,shared/raw_data/HNMU-teacher_dialog_samples/Lớp 9.xlsx,295,2,each_tutor_turn,[]
BC-HNMU-G9-R0295-STT14-AI04,HNMU-G9-R0295-STT14,grade8_9,shared/raw_data/HNMU-teacher_dialog_samples/Lớp 9.xlsx,295,4,each_tutor_turn,[]
BC-HNMU-G9-R0295-STT14-AI06,HNMU-G9-R0295-STT14,grade8_9,shared/raw_data/HNMU-teacher_dialog_samples/Lớp 9.xlsx,295,6,each_tutor_turn,[]
BC-HNMU-G9-R0295-STT14-AI08,HNMU-G9-R0295-STT14,grade8_9,shared/raw_data/HNMU-teacher_dialog_samples/Lớp 9.xlsx,295,8,each_tutor_turn,[]
BC-HNMU-G9-R0295-STT14-AI10,HNMU-G9-R0295-STT14,grade8_9,shared/raw_data/HNMU-teacher_dialog_samples/Lớp 9.xlsx,295,10,each_tutor_turn,[]
BC-HNMU-G9-R0296-STT1-AI02,HNMU-G9-R0296-STT1,grade8_9,shared/raw_data/HNMU-teacher_dialog_samples/Lớp 9.xlsx,296,2,each_tutor_turn,[]
BC-HNMU-G9-R0296-STT1-AI04,HNMU-G9-R0296-STT1,grade8_9,shared/raw_data/HNMU-teacher_dialog_samples/Lớp 9.xlsx,296,4,each_tutor_turn,[]
BC-HNMU-G9-R0296-STT1-AI06,HNMU-G9-R0296-STT1,grade8_9,shared/raw_data/HNMU-teacher_dialog_samples/Lớp 9.xlsx,296,6,each_tutor_turn,[]
BC-HNMU-G9-R0296-STT1-AI08,HNMU-G9-R0296-STT1,grade8_9,shared/raw_data/HNMU-teacher_dialog_samples/Lớp 9.xlsx,296,8,each_tutor_turn,[]
BC-HNMU-G9-R0297-STT2-AI02,HNMU-G9-R0297-STT2,grade8_9,shared/raw_data/HNMU-teacher_dialog_samples/Lớp 9.xlsx,297,2,each_tutor_turn,[]
BC-HNMU-G9-R0297-STT2-AI04,HNMU-G9-R0297-STT2,grade8_9,shared/raw_data/HNMU-teacher_dialog_samples/Lớp 9.xlsx,297,4,each_tutor_turn,[]
BC-HNMU-G9-R0297-STT2-AI06,HNMU-G9-R0297-STT2,grade8_9,shared/raw_data/HNMU-teacher_dialog_samples/Lớp 9.xlsx,297,6,each_tutor_turn,[]
BC-HNMU-G9-R0297-STT2-AI08,HNMU-G9-R0297-STT2,grade8_9,shared/raw_data/HNMU-teacher_dialog_samples/Lớp 9.xlsx,297,8,each_tutor_turn,[]
BC-HNMU-G9-R0298-STT3-AI02,HNMU-G9-R0298-STT3,grade8_9,shared/raw_data/HNMU-teacher_dialog_samples/Lớp 9.xlsx,298,2,each_tutor_turn,[]
BC-HNMU-G9-R0298-STT3-AI04,HNMU-G9-R0298-STT3,grade8_9,shared/raw_data/HNMU-teacher_dialog_samples/Lớp 9.xlsx,298,4,each_tutor_turn,[]
BC-HNMU-G9-R0298-STT3-AI06,HNMU-G9-R0298-STT3,grade8_9,shared/raw_data/HNMU-teacher_dialog_samples/Lớp 9.xlsx,298,6,each_tutor_turn,[]
BC-HNMU-G9-R0298-STT3-AI08,HNMU-G9-R0298-STT3,grade8_9,shared/raw_data/HNMU-teacher_dialog_samples/Lớp 9.xlsx,298,8,each_tutor_turn,[]
BC-HNMU-G9-R0299-STT4-AI02,HNMU-G9-R0299-STT4,grade8_9,shared/raw_data/HNMU-teacher_dialog_samples/Lớp 9.xlsx,299,2,each_tutor_turn,[]
BC-HNMU-G9-R0299-STT4-AI04,HNMU-G9-R0299-STT4,grade8_9,shared/raw_data/HNMU-teacher_dialog_samples/Lớp 9.xlsx,299,4,each_tutor_turn,[]
BC-HNMU-G9-R0299-STT4-AI06,HNMU-G9-R0299-STT4,grade8_9,shared/raw_data/HNMU-teacher_dialog_samples/Lớp 9.xlsx,299,6,each_tutor_turn,[]
BC-HNMU-G9-R0299-STT4-AI08,HNMU-G9-R0299-STT4,grade8_9,shared/raw_data/HNMU-teacher_dialog_samples/Lớp 9.xlsx,299,8,each_tutor_turn,[]
BC-HNMU-G9-R0300-STT5-AI02,HNMU-G9-R0300-STT5,grade8_9,shared/raw_data/HNMU-teacher_dialog_samples/Lớp 9.xlsx,300,2,each_tutor_turn,[]
BC-HNMU-G9-R0300-STT5-AI04,HNMU-G9-R0300-STT5,grade8_9,shared/raw_data/HNMU-teacher_dialog_samples/Lớp 9.xlsx,300,4,each_tutor_turn,[]
BC-HNMU-G9-R0300-STT5-AI06,HNMU-G9-R0300-STT5,grade8_9,shared/raw_data/HNMU-teacher_dialog_samples/Lớp 9.xlsx,300,6,each_tutor_turn,[]
BC-HNMU-G9-R0300-STT5-AI08,HNMU-G9-R0300-STT5,grade8_9,shared/raw_data/HNMU-teacher_dialog_samples/Lớp 9.xlsx,300,8,each_tutor_turn,[]
BC-HNMU-G9-R0301-STT6-AI02,HNMU-G9-R0301-STT6,grade8_9,shared/raw_data/HNMU-teacher_dialog_samples/Lớp 9.xlsx,301,2,each_tutor_turn,[]
BC-HNMU-G9-R0301-STT6-AI04,HNMU-G9-R0301-STT6,grade8_9,shared/raw_data/HNMU-teacher_dialog_samples/Lớp 9.xlsx,301,4,each_tutor_turn,[]
BC-HNMU-G9-R0301-STT6-AI06,HNMU-G9-R0301-STT6,grade8_9,shared/raw_data/HNMU-teacher_dialog_samples/Lớp 9.xlsx,301,6,each_tutor_turn,[]
BC-HNMU-G9-R0301-STT6-AI08,HNMU-G9-R0301-STT6,grade8_9,shared/raw_data/HNMU-teacher_dialog_samples/Lớp 9.xlsx,301,8,each_tutor_turn,[]
BC-HNMU-G9-R0301-STT6-AI10,HNMU-G9-R0301-STT6,grade8_9,shared/raw_data/HNMU-teacher_dialog_samples/Lớp 9.xlsx,301,10,each_tutor_turn,[]
BC-HNMU-G9-R0302-STT7-AI02,HNMU-G9-R0302-STT7,grade8_9,shared/raw_data/HNMU-teacher_dialog_samples/Lớp 9.xlsx,302,2,each_tutor_turn,[]
BC-HNMU-G9-R0302-STT7-AI04,HNMU-G9-R0302-STT7,grade8_9,shared/raw_data/HNMU-teacher_dialog_samples/Lớp 9.xlsx,302,4,each_tutor_turn,[]
BC-HNMU-G9-R0302-STT7-AI06,HNMU-G9-R0302-STT7,grade8_9,shared/raw_data/HNMU-teacher_dialog_samples/Lớp 9.xlsx,302,6,each_tutor_turn,[]
BC-HNMU-G9-R0302-STT7-AI08,HNMU-G9-R0302-STT7,grade8_9,shared/raw_data/HNMU-teacher_dialog_samples/Lớp 9.xlsx,302,8,each_tutor_turn,[]
BC-HNMU-G9-R0302-STT7-AI10,HNMU-G9-R0302-STT7,grade8_9,shared/raw_data/HNMU-teacher_dialog_samples/Lớp 9.xlsx,302,10,each_tutor_turn,[]
BC-HNMU-G9-R0303-STT8-AI02,HNMU-G9-R0303-STT8,grade8_9,shared/raw_data/HNMU-teacher_dialog_samples/Lớp 9.xlsx,303,2,each_tutor_turn,[]
BC-HNMU-G9-R0303-STT8-AI04,HNMU-G9-R0303-STT8,grade8_9,shared/raw_data/HNMU-teacher_dialog_samples/Lớp 9.xlsx,303,4,each_tutor_turn,[]
BC-HNMU-G9-R0303-STT8-AI06,HNMU-G9-R0303-STT8,grade8_9,shared/raw_data/HNMU-teacher_dialog_samples/Lớp 9.xlsx,303,6,each_tutor_turn,[]
BC-HNMU-G9-R0303-STT8-AI08,HNMU-G9-R0303-STT8,grade8_9,shared/raw_data/HNMU-teacher_dialog_samples/Lớp 9.xlsx,303,8,each_tutor_turn,[]
BC-HNMU-G9-R0304-STT9-AI02,HNMU-G9-R0304-STT9,grade8_9,shared/raw_data/HNMU-teacher_dialog_samples/Lớp 9.xlsx,304,2,each_tutor_turn,[]
BC-HNMU-G9-R0304-STT9-AI04,HNMU-G9-R0304-STT9,grade8_9,shared/raw_data/HNMU-teacher_dialog_samples/Lớp 9.xlsx,304,4,each_tutor_turn,[]
BC-HNMU-G9-R0304-STT9-AI06,HNMU-G9-R0304-STT9,grade8_9,shared/raw_data/HNMU-teacher_dialog_samples/Lớp 9.xlsx,304,6,each_tutor_turn,[]
BC-HNMU-G9-R0304-STT9-AI08,HNMU-G9-R0304-STT9,grade8_9,shared/raw_data/HNMU-teacher_dialog_samples/Lớp 9.xlsx,304,8,each_tutor_turn,[]
BC-HNMU-G9-R0305-STT10-AI02,HNMU-G9-R0305-STT10,grade8_9,shared/raw_data/HNMU-teacher_dialog_samples/Lớp 9.xlsx,305,2,each_tutor_turn,[]
BC-HNMU-G9-R0305-STT10-AI04,HNMU-G9-R0305-STT10,grade8_9,shared/raw_data/HNMU-teacher_dialog_samples/Lớp 9.xlsx,305,4,each_tutor_turn,[]
BC-HNMU-G9-R0305-STT10-AI06,HNMU-G9-R0305-STT10,grade8_9,shared/raw_data/HNMU-teacher_dialog_samples/Lớp 9.xlsx,305,6,each_tutor_turn,[]
BC-HNMU-G9-R0305-STT10-AI08,HNMU-G9-R0305-STT10,grade8_9,shared/raw_data/HNMU-teacher_dialog_samples/Lớp 9.xlsx,305,8,each_tutor_turn,[]
BC-HNMU-G9-R0306-STT11-AI02,HNMU-G9-R0306-STT11,grade8_9,shared/raw_data/HNMU-teacher_dialog_samples/Lớp 9.xlsx,306,2,each_tutor_turn,[]
BC-HNMU-G9-R0306-STT11-AI04,HNMU-G9-R0306-STT11,grade8_9,shared/raw_data/HNMU-teacher_dialog_samples/Lớp 9.xlsx,306,4,each_tutor_turn,[]
BC-HNMU-G9-R0306-STT11-AI06,HNMU-G9-R0306-STT11,grade8_9,shared/raw_data/HNMU-teacher_dialog_samples/Lớp 9.xlsx,306,6,each_tutor_turn,[]
BC-HNMU-G9-R0306-STT11-AI08,HNMU-G9-R0306-STT11,grade8_9,shared/raw_data/HNMU-teacher_dialog_samples/Lớp 9.xlsx,306,8,each_tutor_turn,[]
BC-HNMU-G9-R0307-STT12-AI02,HNMU-G9-R0307-STT12,grade8_9,shared/raw_data/HNMU-teacher_dialog_samples/Lớp 9.xlsx,307,2,each_tutor_turn,[]
BC-HNMU-G9-R0307-STT12-AI04,HNMU-G9-R0307-STT12,grade8_9,shared/raw_data/HNMU-teacher_dialog_samples/Lớp 9.xlsx,307,4,each_tutor_turn,[]
BC-HNMU-G9-R0307-STT12-AI06,HNMU-G9-R0307-STT12,grade8_9,shared/raw_data/HNMU-teacher_dialog_samples/Lớp 9.xlsx,307,6,each_tutor_turn,[]
BC-HNMU-G9-R0307-STT12-AI08,HNMU-G9-R0307-STT12,grade8_9,shared/raw_data/HNMU-teacher_dialog_samples/Lớp 9.xlsx,307,8,each_tutor_turn,[]
BC-HNMU-G9-R0308-STT13-AI02,HNMU-G9-R0308-STT13,grade8_9,shared/raw_data/HNMU-teacher_dialog_samples/Lớp 9.xlsx,308,2,each_tutor_turn,[]
BC-HNMU-G9-R0308-STT13-AI04,HNMU-G9-R0308-STT13,grade8_9,shared/raw_data/HNMU-teacher_dialog_samples/Lớp 9.xlsx,308,4,each_tutor_turn,[]
BC-HNMU-G9-R0308-STT13-AI06,HNMU-G9-R0308-STT13,grade8_9,shared/raw_data/HNMU-teacher_dialog_samples/Lớp 9.xlsx,308,6,each_tutor_turn,[]
BC-HNMU-G9-R0308-STT13-AI08,HNMU-G9-R0308-STT13,grade8_9,shared/raw_data/HNMU-teacher_dialog_samples/Lớp 9.xlsx,308,8,each_tutor_turn,[]
BC-HNMU-G9-R0309-STT14-AI02,HNMU-G9-R0309-STT14,grade8_9,shared/raw_data/HNMU-teacher_dialog_samples/Lớp 9.xlsx,309,2,each_tutor_turn,[]
BC-HNMU-G9-R0309-STT14-AI04,HNMU-G9-R0309-STT14,grade8_9,shared/raw_data/HNMU-teacher_dialog_samples/Lớp 9.xlsx,309,4,each_tutor_turn,[]
BC-HNMU-G9-R0309-STT14-AI06,HNMU-G9-R0309-STT14,grade8_9,shared/raw_data/HNMU-teacher_dialog_samples/Lớp 9.xlsx,309,6,each_tutor_turn,[]
BC-HNMU-G9-R0309-STT14-AI08,HNMU-G9-R0309-STT14,grade8_9,shared/raw_data/HNMU-teacher_dialog_samples/Lớp 9.xlsx,309,8,each_tutor_turn,[]
