sample_id,grade,lesson,position,evidence_fragment_id,evidence_material_type,evidence_lesson_title,evidence_page_start,evidence_source_markdown_path,evidence_status,evidence_match_reason,needs_learning_resource_review,consistency_issue_codes
HNMU-G6-R0002-STT1,6,Bài 1. Thông tin và dữ liệu,"Mục 1, Trang 6 SGK",LM-SGK-TIN6-0001#F0003,SGK,Bài 1. THÔNG TIN VÀ DỮ LIỆU,5,shared/learning_resources/ocr_text/sgk_tin_hoc_6/tin_6_bai_1/tin_6_bai_1.md,draft,Top-1 từ SQLite FTS theo câu hỏi và metadata bài học.,false,
HNMU-G6-R0003-STT2,6,Bài 1. Thông tin và dữ liệu,"Mục 1, Trang 6 SGK",LM-SGK-TIN6-0001#F0003,SGK,Bài 1. THÔNG TIN VÀ DỮ LIỆU,5,shared/learning_resources/ocr_text/sgk_tin_hoc_6/tin_6_bai_1/tin_6_bai_1.md,draft,Top-1 từ SQLite FTS theo câu hỏi và metadata bài học.,false,
HNMU-G6-R0004-STT3,6,Bài 1. Thông tin và dữ liệu,"Mục 1, Trang 6 SGK",LM-SGK-TIN6-0001#F0005,SGK,Bài 1. THÔNG TIN VÀ DỮ LIỆU,6,shared/learning_resources/ocr_text/sgk_tin_hoc_6/tin_6_bai_1/tin_6_bai_1.md,draft,Top-1 từ SQLite FTS theo câu hỏi và metadata bài học.,false,
HNMU-G6-R0005-STT4,6,Bài 1. Thông tin và dữ liệu,"Mục 1, Trang 6 SGK",LM-SGK-TIN6-0001#F0006,SGK,Bài 1. THÔNG TIN VÀ DỮ LIỆU,6,shared/learning_resources/ocr_text/sgk_tin_hoc_6/tin_6_bai_1/tin_6_bai_1.md,draft,Top-1 từ SQLite FTS theo đáp án SGV và metadata bài học.,false,
HNMU-G6-R0006-STT5,6,Bài 1. Thông tin và dữ liệu,"Mục 1, Trang 5 SGK",LM-SGK-TIN6-0001#F0004,SGK,Bài 1. THÔNG TIN VÀ DỮ LIỆU,5,shared/learning_resources/ocr_text/sgk_tin_hoc_6/tin_6_bai_1/tin_6_bai_1.md,draft,Top-1 từ SQLite FTS theo tên bài học.,false,
HNMU-G6-R0007-STT6,6,Bài 1. Thông tin và dữ liệu,"Hoạt động 1, Trang 6 SGK",LM-SGK-TIN6-0001#F0004,SGK,Bài 1. THÔNG TIN VÀ DỮ LIỆU,5,shared/learning_resources/ocr_text/sgk_tin_hoc_6/tin_6_bai_1/tin_6_bai_1.md,draft,Top-1 từ SQLite FTS theo tên bài học.,false,
HNMU-G6-R0008-STT7,6,Bài 1. Thông tin và dữ liệu,"Mục 2, Trang 7 SGK",LM-SGK-TIN6-0001#F0008,SGK,Bài 1. THÔNG TIN VÀ DỮ LIỆU,6,shared/learning_resources/ocr_text/sgk_tin_hoc_6/tin_6_bai_1/tin_6_bai_1.md,draft,Top-1 từ SQLite FTS theo đáp án SGV và metadata bài học.,false,
HNMU-G6-R0009-STT8,6,Bài 1. Thông tin và dữ liệu,"Mục 1, Trang 7 SGK",LM-SGK-TIN6-0001#F0004,SGK,Bài 1. THÔNG TIN VÀ DỮ LIỆU,5,shared/learning_resources/ocr_text/sgk_tin_hoc_6/tin_6_bai_1/tin_6_bai_1.md,draft,Top-1 từ SQLite FTS theo tên bài học.,false,
HNMU-G6-R0010-STT9,6,Bài 1. Thông tin và dữ liệu,"Hoạt động 2, Trang 7 SGK",LM-SGK-TIN6-0001#F0004,SGK,Bài 1. THÔNG TIN VÀ DỮ LIỆU,5,shared/learning_resources/ocr_text/sgk_tin_hoc_6/tin_6_bai_1/tin_6_bai_1.md,draft,Top-1 từ SQLite FTS theo tên bài học.,false,
HNMU-G6-R0011-STT10,6,Bài 1. Thông tin và dữ liệu,"Mục 2, Trang 6 SGK",LM-SGK-TIN6-0001#F0004,SGK,Bài 1. THÔNG TIN VÀ DỮ LIỆU,5,shared/learning_resources/ocr_text/sgk_tin_hoc_6/tin_6_bai_1/tin_6_bai_1.md,draft,Top-1 từ SQLite FTS theo tên bài học.,false,
HNMU-G6-R0012-STT11,6,Bài 1. Thông tin và dữ liệu,"Luyện tập, Trang 7 SGK",LM-SGK-TIN6-0001#F0004,SGK,Bài 1. THÔNG TIN VÀ DỮ LIỆU,5,shared/learning_resources/ocr_text/sgk_tin_hoc_6/tin_6_bai_1/tin_6_bai_1.md,draft,Top-1 từ SQLite FTS theo tên bài học.,false,
HNMU-G6-R0013-STT12,6,Bài 1. Thông tin và dữ liệu,Vận dụng 1.b. Trang 7 SGK,LM-SGK-TIN6-0001#F0013,SGK,Bài 1. THÔNG TIN VÀ DỮ LIỆU,7,shared/learning_resources/ocr_text/sgk_tin_hoc_6/tin_6_bai_1/tin_6_bai_1.md,draft,Top-1 từ SQLite FTS theo câu hỏi và metadata bài học.,false,
HNMU-G6-R0014-STT13,6,Bài 1. Thông tin và dữ liệu,"Vận dụng 2, Trang 7 SGK",LM-SGK-TIN6-0001#F0004,SGK,Bài 1. THÔNG TIN VÀ DỮ LIỆU,5,shared/learning_resources/ocr_text/sgk_tin_hoc_6/tin_6_bai_1/tin_6_bai_1.md,draft,Top-1 từ SQLite FTS theo tên bài học.,false,
HNMU-G6-R0015-STT14,6,Bài 1. Thông tin và dữ liệu,"Câu 1.b, Luyện tập, Trang 7 SGK",LM-SGK-TIN6-0001#F0004,SGK,Bài 1. THÔNG TIN VÀ DỮ LIỆU,5,shared/learning_resources/ocr_text/sgk_tin_hoc_6/tin_6_bai_1/tin_6_bai_1.md,draft,Top-1 từ SQLite FTS theo tên bài học.,false,
HNMU-G6-R0016-STT1,6,Bài 2. Xử lí dữ liệu,"Mục 1, Trang 10 SGK",LM-SGK-TIN6-0001#F0017,SGK,Bài 2. XỬ LÝ THÔNG TIN,9,shared/learning_resources/ocr_text/sgk_tin_hoc_6/tin_6_bai_2/tin_6_bai_2.md,draft,Top-1 từ SQLite FTS theo đáp án SGV và metadata bài học.,false,
HNMU-G6-R0017-STT2,6,Bài 2. Xử lí dữ liệu,"Mục 2, Trang 10 SGK",LM-SGK-TIN6-0001#F0018,SGK,Bài 2. XỬ LÝ THÔNG TIN,10,shared/learning_resources/ocr_text/sgk_tin_hoc_6/tin_6_bai_2/tin_6_bai_2.md,draft,Top-1 từ SQLite FTS theo đáp án SGV và metadata bài học.,false,
HNMU-G6-R0018-STT3,6,Bài 2. Xử lí dữ liệu,"Câu hỏi 2, Trang 10 SGK",LM-SGK-TIN6-0001#F0018,SGK,Bài 2. XỬ LÝ THÔNG TIN,10,shared/learning_resources/ocr_text/sgk_tin_hoc_6/tin_6_bai_2/tin_6_bai_2.md,draft,Top-1 từ SQLite FTS theo câu hỏi và metadata bài học.,false,
HNMU-G6-R0019-STT4,6,Bài 2. Xử lí dữ liệu,"Mục 2, Trang 10 SGK",LM-SGK-TIN6-0001#F0020,SGK,Bài 2. XỬ LÝ THÔNG TIN,11,shared/learning_resources/ocr_text/sgk_tin_hoc_6/tin_6_bai_2/tin_6_bai_2.md,draft,Top-1 từ SQLite FTS theo câu hỏi và metadata bài học.,false,
HNMU-G6-R0020-STT5,6,Bài 2. Xử lí dữ liệu,"Mục 1, Trang 9 SGK",LM-SGK-TIN6-0001#F0014,SGK,Bài 2. XỬ LÝ THÔNG TIN,8,shared/learning_resources/ocr_text/sgk_tin_hoc_6/tin_6_bai_2/tin_6_bai_2.md,draft,Fallback trực tiếp theo grade + lesson_key + material_type nếu có.,false,
HNMU-G6-R0021-STT6,6,Bài 2. Xử lí dữ liệu,"Mục 2, Trang 11 SGK",LM-SGK-TIN6-0001#F0020,SGK,Bài 2. XỬ LÝ THÔNG TIN,11,shared/learning_resources/ocr_text/sgk_tin_hoc_6/tin_6_bai_2/tin_6_bai_2.md,draft,Top-1 từ SQLite FTS theo đáp án SGV và metadata bài học.,false,
HNMU-G6-R0022-STT7,6,Bài 2. Xử lí dữ liệu,"Hoạt động 1, Trang 19 SGK",LM-SGK-TIN6-0001#F0014,SGK,Bài 2. XỬ LÝ THÔNG TIN,8,shared/learning_resources/ocr_text/sgk_tin_hoc_6/tin_6_bai_2/tin_6_bai_2.md,draft,Fallback trực tiếp theo grade + lesson_key + material_type nếu có.,false,
HNMU-G6-R0023-STT8,6,Bài 2. Xử lí dữ liệu,"Hình 1.2, Trang 10 SGK",LM-SGK-TIN6-0001#F0014,SGK,Bài 2. XỬ LÝ THÔNG TIN,8,shared/learning_resources/ocr_text/sgk_tin_hoc_6/tin_6_bai_2/tin_6_bai_2.md,draft,Fallback trực tiếp theo grade + lesson_key + material_type nếu có.,false,
HNMU-G6-R0024-STT9,6,Bài 2. Xử lí dữ liệu,"Mục 1, Trang 9 SGK",LM-SGK-TIN6-0001#F0014,SGK,Bài 2. XỬ LÝ THÔNG TIN,8,shared/learning_resources/ocr_text/sgk_tin_hoc_6/tin_6_bai_2/tin_6_bai_2.md,draft,Fallback trực tiếp theo grade + lesson_key + material_type nếu có.,false,
HNMU-G6-R0025-STT10,6,Bài 2. Xử lí dữ liệu,"Mục 1, Trang 9 SGK",LM-SGK-TIN6-0001#F0014,SGK,Bài 2. XỬ LÝ THÔNG TIN,8,shared/learning_resources/ocr_text/sgk_tin_hoc_6/tin_6_bai_2/tin_6_bai_2.md,draft,Fallback trực tiếp theo grade + lesson_key + material_type nếu có.,false,
HNMU-G6-R0026-STT11,6,Bài 2. Xử lí dữ liệu,"Câu hỏi b, Trang 9 SGK",LM-SGK-TIN6-0001#F0014,SGK,Bài 2. XỬ LÝ THÔNG TIN,8,shared/learning_resources/ocr_text/sgk_tin_hoc_6/tin_6_bai_2/tin_6_bai_2.md,draft,Fallback trực tiếp theo grade + lesson_key + material_type nếu có.,false,
HNMU-G6-R0027-STT12,6,Bài 2. Xử lí dữ liệu,"Luyện tập 2, Trang 11 SGK",LM-SGK-TIN6-0001#F0014,SGK,Bài 2. XỬ LÝ THÔNG TIN,8,shared/learning_resources/ocr_text/sgk_tin_hoc_6/tin_6_bai_2/tin_6_bai_2.md,draft,Fallback trực tiếp theo grade + lesson_key + material_type nếu có.,false,
HNMU-G6-R0028-STT13,6,Bài 2. Xử lí dữ liệu,Vận dụng thực tế,LM-SGK-TIN6-0001#F0014,SGK,Bài 2. XỬ LÝ THÔNG TIN,8,shared/learning_resources/ocr_text/sgk_tin_hoc_6/tin_6_bai_2/tin_6_bai_2.md,draft,Fallback trực tiếp theo grade + lesson_key + material_type nếu có.,false,
HNMU-G6-R0029-STT14,6,Bài 2. Xử lí dữ liệu,"Vận dụng 1, Trang 11 SGK",LM-SGK-TIN6-0001#F0014,SGK,Bài 2. XỬ LÝ THÔNG TIN,8,shared/learning_resources/ocr_text/sgk_tin_hoc_6/tin_6_bai_2/tin_6_bai_2.md,draft,Fallback trực tiếp theo grade + lesson_key + material_type nếu có.,false,
HNMU-G6-R0030-STT1,6,Bài 3. Thông tin trong máy tinh,"Mục 1, Trang 14 SGK",LM-SGK-TIN6-0001#F0036,SGK,Bài 3. THÔNG TIN TRONG MÁY TÍNH,14,shared/learning_resources/ocr_text/sgk_tin_hoc_6/tin_6_bai_3/tin_6_bai_3.md,draft,Top-1 từ SQLite FTS theo đáp án SGV và metadata bài học.,false,
HNMU-G6-R0031-STT2,6,Bài 3. Thông tin trong máy tinh,Mục 1. Trang 14 SGK,LM-SGK-TIN6-0001#F0036,SGK,Bài 3. THÔNG TIN TRONG MÁY TÍNH,14,shared/learning_resources/ocr_text/sgk_tin_hoc_6/tin_6_bai_3/tin_6_bai_3.md,draft,Top-1 từ SQLite FTS theo câu hỏi và metadata bài học.,false,
HNMU-G6-R0032-STT3,6,Bài 3. Thông tin trong máy tinh,Mục 2. Trang 12 SGK,LM-SGK-TIN6-0001#F0036,SGK,Bài 3. THÔNG TIN TRONG MÁY TÍNH,14,shared/learning_resources/ocr_text/sgk_tin_hoc_6/tin_6_bai_3/tin_6_bai_3.md,draft,Top-1 từ SQLite FTS theo đáp án SGV và metadata bài học.,false,
HNMU-G6-R0033-STT4,6,Bài 3. Thông tin trong máy tinh,"Mục 1, Trang 14 SGK",LM-SGK-TIN6-0001#F0036,SGK,Bài 3. THÔNG TIN TRONG MÁY TÍNH,14,shared/learning_resources/ocr_text/sgk_tin_hoc_6/tin_6_bai_3/tin_6_bai_3.md,draft,Top-1 từ SQLite FTS theo câu hỏi và metadata bài học.,false,
HNMU-G6-R0034-STT5,6,Bài 3. Thông tin trong máy tinh,"Mục 1, trang 12 SGK",LM-SGK-TIN6-0001#F0029,SGK,Bài 3. THÔNG TIN TRONG MÁY TÍNH,12,shared/learning_resources/ocr_text/sgk_tin_hoc_6/tin_6_bai_3/tin_6_bai_3.md,draft,Top-1 từ SQLite FTS theo tên bài học.,false,
HNMU-G6-R0035-STT6,6,Bài 3. Thông tin trong máy tinh,"Mục 2, Trang 14 SGK",LM-SGK-TIN6-0001#F0041,SGK,Bài 3. THÔNG TIN TRONG MÁY TÍNH,15,shared/learning_resources/ocr_text/sgk_tin_hoc_6/tin_6_bai_3/tin_6_bai_3.md,draft,Top-1 từ SQLite FTS theo đáp án SGV và metadata bài học.,false,
HNMU-G6-R0036-STT7,6,Bài 3. Thông tin trong máy tinh,Mục 2. Trang 15 SGK,LM-SGK-TIN6-0001#F0029,SGK,Bài 3. THÔNG TIN TRONG MÁY TÍNH,12,shared/learning_resources/ocr_text/sgk_tin_hoc_6/tin_6_bai_3/tin_6_bai_3.md,draft,Top-1 từ SQLite FTS theo tên bài học.,false,
HNMU-G6-R0037-STT8,6,Bài 3. Thông tin trong máy tinh,"Luyện tập 1, Trang 15 SGK",LM-SGK-TIN6-0001#F0041,SGK,Bài 3. THÔNG TIN TRONG MÁY TÍNH,15,shared/learning_resources/ocr_text/sgk_tin_hoc_6/tin_6_bai_3/tin_6_bai_3.md,draft,Top-1 từ SQLite FTS theo đáp án SGV và metadata bài học.,false,
HNMU-G6-R0038-STT9,6,Bài 3. Thông tin trong máy tinh,Hoạt đông 1. Trang 12 SGK,LM-SGK-TIN6-0001#F0029,SGK,Bài 3. THÔNG TIN TRONG MÁY TÍNH,12,shared/learning_resources/ocr_text/sgk_tin_hoc_6/tin_6_bai_3/tin_6_bai_3.md,draft,Top-1 từ SQLite FTS theo tên bài học.,false,
HNMU-G6-R0039-STT10,6,Bài 3. Thông tin trong máy tinh,"Hoạt động 1, Ttrang 12 SGK",LM-SGK-TIN6-0001#F0026,SGK,Bài 3. THÔNG TIN TRONG MÁY TÍNH,12,shared/learning_resources/ocr_text/sgk_tin_hoc_6/tin_6_bai_3/tin_6_bai_3.md,draft,Top-1 từ SQLite FTS theo đáp án SGV và metadata bài học.,false,
HNMU-G6-R0040-STT11,6,Bài 3. Thông tin trong máy tinh,"Luyện tập 2, Trang 15 SGK",LM-SGK-TIN6-0001#F0029,SGK,Bài 3. THÔNG TIN TRONG MÁY TÍNH,12,shared/learning_resources/ocr_text/sgk_tin_hoc_6/tin_6_bai_3/tin_6_bai_3.md,draft,Top-1 từ SQLite FTS theo tên bài học.,false,
HNMU-G6-R0041-STT12,6,Bài 3. Thông tin trong máy tinh,"Vận dụng 2, Trang 15 SGK",LM-SGK-TIN6-0001#F0029,SGK,Bài 3. THÔNG TIN TRONG MÁY TÍNH,12,shared/learning_resources/ocr_text/sgk_tin_hoc_6/tin_6_bai_3/tin_6_bai_3.md,draft,Top-1 từ SQLite FTS theo đáp án SGV và metadata bài học.,false,
HNMU-G6-R0042-STT13,6,Bài 3. Thông tin trong máy tinh,"Vận dụng 1, Trang 15 SGK",LM-SGK-TIN6-0001#F0029,SGK,Bài 3. THÔNG TIN TRONG MÁY TÍNH,12,shared/learning_resources/ocr_text/sgk_tin_hoc_6/tin_6_bai_3/tin_6_bai_3.md,draft,Top-1 từ SQLite FTS theo tên bài học.,false,
HNMU-G6-R0043-STT14,6,Bài 3. Thông tin trong máy tinh,"Mục 1, Trang 13 SGK",LM-SGK-TIN6-0001#F0029,SGK,Bài 3. THÔNG TIN TRONG MÁY TÍNH,12,shared/learning_resources/ocr_text/sgk_tin_hoc_6/tin_6_bai_3/tin_6_bai_3.md,draft,Top-1 từ SQLite FTS theo tên bài học.,false,
HNMU-G6-R0044-STT1,6,Bài 4. Mạng máy tính,Mục 1. Trang 17 SGK,LM-SGK-TIN6-0001#F0044,SGK,Bài 4. MẠNG MÁY TÍNH,16,shared/learning_resources/ocr_text/sgk_tin_hoc_6/tin_6_bai_4/tin_6_bai_4.md,draft,Top-1 từ SQLite FTS theo câu hỏi và metadata bài học.,false,
HNMU-G6-R0045-STT2,6,Bài 4. Mạng máy tính,"Mục 2, Trang 18 SGK",LM-SGK-TIN6-0001#F0049,SGK,Bài 4. MẠNG MÁY TÍNH,18,shared/learning_resources/ocr_text/sgk_tin_hoc_6/tin_6_bai_4/tin_6_bai_4.md,draft,Top-1 từ SQLite FTS theo đáp án SGV và metadata bài học.,false,
HNMU-G6-R0046-STT3,6,Bài 4. Mạng máy tính,"Mục 2, Trang 18 SGK",LM-SGK-TIN6-0001#F0048,SGK,Bài 4. MẠNG MÁY TÍNH,17,shared/learning_resources/ocr_text/sgk_tin_hoc_6/tin_6_bai_4/tin_6_bai_4.md,draft,Top-1 từ SQLite FTS theo tên bài học.,false,
HNMU-G6-R0047-STT4,6,Bài 4. Mạng máy tính,"Mục 2, Trang 18 SGK",LM-SGK-TIN6-0001#F0048,SGK,Bài 4. MẠNG MÁY TÍNH,17,shared/learning_resources/ocr_text/sgk_tin_hoc_6/tin_6_bai_4/tin_6_bai_4.md,draft,Top-1 từ SQLite FTS theo tên bài học.,false,
HNMU-G6-R0048-STT5,6,Bài 4. Mạng máy tính,"Mục 1, Trang 17 SGK",LM-SGK-TIN6-0001#F0048,SGK,Bài 4. MẠNG MÁY TÍNH,17,shared/learning_resources/ocr_text/sgk_tin_hoc_6/tin_6_bai_4/tin_6_bai_4.md,draft,Top-1 từ SQLite FTS theo tên bài học.,false,
HNMU-G6-R0049-STT6,6,Bài 4. Mạng máy tính,"Mục 2, Trang 19 SGK",LM-SGK-TIN6-0001#F0048,SGK,Bài 4. MẠNG MÁY TÍNH,17,shared/learning_resources/ocr_text/sgk_tin_hoc_6/tin_6_bai_4/tin_6_bai_4.md,draft,Top-1 từ SQLite FTS theo tên bài học.,false,
HNMU-G6-R0050-STT7,6,Bài 4. Mạng máy tính,"Hoạt động 1, Trang 16 SGK",LM-SGK-TIN6-0001#F0048,SGK,Bài 4. MẠNG MÁY TÍNH,17,shared/learning_resources/ocr_text/sgk_tin_hoc_6/tin_6_bai_4/tin_6_bai_4.md,draft,Top-1 từ SQLite FTS theo tên bài học.,false,
HNMU-G6-R0051-STT8,6,Bài 4. Mạng máy tính,"Mục 2.b, Trang 18 SGK",LM-SGK-TIN6-0001#F0048,SGK,Bài 4. MẠNG MÁY TÍNH,17,shared/learning_resources/ocr_text/sgk_tin_hoc_6/tin_6_bai_4/tin_6_bai_4.md,draft,Top-1 từ SQLite FTS theo tên bài học.,false,
HNMU-G6-R0052-STT9,6,Bài 4. Mạng máy tính,"Mục 2.c, Trang 18 SGK",LM-SGK-TIN6-0001#F0048,SGK,Bài 4. MẠNG MÁY TÍNH,17,shared/learning_resources/ocr_text/sgk_tin_hoc_6/tin_6_bai_4/tin_6_bai_4.md,draft,Top-1 từ SQLite FTS theo tên bài học.,false,
HNMU-G6-R0053-STT10,6,Bài 4. Mạng máy tính,"Mục 2, Trang 19 SGK",LM-SGK-TIN6-0001#F0048,SGK,Bài 4. MẠNG MÁY TÍNH,17,shared/learning_resources/ocr_text/sgk_tin_hoc_6/tin_6_bai_4/tin_6_bai_4.md,draft,Top-1 từ SQLite FTS theo tên bài học.,false,
HNMU-G6-R0054-STT11,6,Bài 4. Mạng máy tính,"Mục 2, Trang 18 SGK",LM-SGK-TIN6-0001#F0048,SGK,Bài 4. MẠNG MÁY TÍNH,17,shared/learning_resources/ocr_text/sgk_tin_hoc_6/tin_6_bai_4/tin_6_bai_4.md,draft,Top-1 từ SQLite FTS theo tên bài học.,false,
HNMU-G6-R0055-STT12,6,Bài 4. Mạng máy tính,"Vận dụng 2, Trang 19 SGK",LM-SGK-TIN6-0001#F0048,SGK,Bài 4. MẠNG MÁY TÍNH,17,shared/learning_resources/ocr_text/sgk_tin_hoc_6/tin_6_bai_4/tin_6_bai_4.md,draft,Top-1 từ SQLite FTS theo tên bài học.,false,
HNMU-G6-R0056-STT13,6,Bài 4. Mạng máy tính,"Mục 2, Trang 18 SGK",LM-SGK-TIN6-0001#F0048,SGK,Bài 4. MẠNG MÁY TÍNH,17,shared/learning_resources/ocr_text/sgk_tin_hoc_6/tin_6_bai_4/tin_6_bai_4.md,draft,Top-1 từ SQLite FTS theo tên bài học.,false,
HNMU-G6-R0057-STT14,6,Bài 4. Mạng máy tính,Vận dụng thực tế,LM-SGK-TIN6-0001#F0048,SGK,Bài 4. MẠNG MÁY TÍNH,17,shared/learning_resources/ocr_text/sgk_tin_hoc_6/tin_6_bai_4/tin_6_bai_4.md,draft,Top-1 từ SQLite FTS theo tên bài học.,false,
HNMU-G6-R0058-STT1,6,Bài 5: Internet,"Mục 1, Trang 20 SGK",LM-SGK-TIN6-0001#F0054,SGK,Bài 5. INTERNET,20,shared/learning_resources/ocr_text/sgk_tin_hoc_6/tin_6_bai_5/tin_6_bai_5.md,draft,Top-1 từ SQLite FTS theo câu hỏi và metadata bài học.,false,
HNMU-G6-R0059-STT2,6,Bài 5: Internet,"Mục 2, Trang 21 SGK",LM-SGK-TIN6-0001#F0056,SGK,Bài 5. INTERNET,21,shared/learning_resources/ocr_text/sgk_tin_hoc_6/tin_6_bai_5/tin_6_bai_5.md,draft,Top-1 từ SQLite FTS theo tên bài học.,false,
HNMU-G6-R0060-STT3,6,Bài 5: Internet,"Mục 1, Trang 20 SGK",LM-SGK-TIN6-0001#F0061,SGK,Bài 5. INTERNET,22,shared/learning_resources/ocr_text/sgk_tin_hoc_6/tin_6_bai_5/tin_6_bai_5.md,draft,Top-1 từ SQLite FTS theo đáp án SGV và metadata bài học.,false,
HNMU-G6-R0061-STT4,6,Bài 5: Internet,"Mục 1, Trang 20 SGK",LM-SGK-TIN6-0001#F0055,SGK,Bài 5. INTERNET,20,shared/learning_resources/ocr_text/sgk_tin_hoc_6/tin_6_bai_5/tin_6_bai_5.md,draft,Top-1 từ SQLite FTS theo đáp án SGV và metadata bài học.,false,
HNMU-G6-R0062-STT5,6,Bài 5: Internet,"Mục 1, Trang 23 SGK",LM-SGK-TIN6-0001#F0056,SGK,Bài 5. INTERNET,21,shared/learning_resources/ocr_text/sgk_tin_hoc_6/tin_6_bai_5/tin_6_bai_5.md,draft,Top-1 từ SQLite FTS theo tên bài học.,false,
HNMU-G6-R0063-STT6,6,Bài 5: Internet,"Mục 3, Trang 22 SGK",LM-SGK-TIN6-0001#F0056,SGK,Bài 5. INTERNET,21,shared/learning_resources/ocr_text/sgk_tin_hoc_6/tin_6_bai_5/tin_6_bai_5.md,draft,Top-1 từ SQLite FTS theo tên bài học.,false,
HNMU-G6-R0064-STT7,6,Bài 5: Internet,"Luyện tập 1, Trang 22 SGK",LM-SGK-TIN6-0001#F0056,SGK,Bài 5. INTERNET,21,shared/learning_resources/ocr_text/sgk_tin_hoc_6/tin_6_bai_5/tin_6_bai_5.md,draft,Top-1 từ SQLite FTS theo tên bài học.,false,
HNMU-G6-R0065-STT8,6,Bài 5: Internet,"Vận dụng 1, Trang 22 SGK",LM-SGK-TIN6-0001#F0056,SGK,Bài 5. INTERNET,21,shared/learning_resources/ocr_text/sgk_tin_hoc_6/tin_6_bai_5/tin_6_bai_5.md,draft,Top-1 từ SQLite FTS theo tên bài học.,false,
HNMU-G6-R0066-STT9,6,Bài 5: Internet,"Luyện tập 2, Trang 22 SGK",LM-SGK-TIN6-0001#F0063,SGK,Bài 5. INTERNET,22,shared/learning_resources/ocr_text/sgk_tin_hoc_6/tin_6_bai_5/tin_6_bai_5.md,draft,Top-1 từ SQLite FTS theo câu hỏi và metadata bài học.,false,
HNMU-G6-R0067-STT10,6,Bài 5: Internet,"Kiến thức bổ sung, Trang 39 SGV",LM-SGV-TIN6-4918798731#F0129,SGV,Bài 5. INTERNET,36,shared/learning_resources/ocr_text/sgv_tin_hoc_6/sgv_tin_6_bai_5/sgv_tin_6_bai_5.md,draft,Top-1 từ SQLite FTS theo tên bài học.,false,
HNMU-G6-R0068-STT11,6,Bài 5: Internet,Vận dụng thực tế,LM-SGV-TIN6-4918798731#F0129,SGV,Bài 5. INTERNET,36,shared/learning_resources/ocr_text/sgv_tin_hoc_6/sgv_tin_6_bai_5/sgv_tin_6_bai_5.md,draft,Top-1 từ SQLite FTS theo tên bài học.,false,
HNMU-G6-R0069-STT12,6,Bài 5: Internet,Tình huống ứng dụng,LM-SGV-TIN6-4918798731#F0129,SGV,Bài 5. INTERNET,36,shared/learning_resources/ocr_text/sgv_tin_hoc_6/sgv_tin_6_bai_5/sgv_tin_6_bai_5.md,draft,Top-1 từ SQLite FTS theo tên bài học.,false,
HNMU-G6-R0070-STT13,6,Bài 5: Internet,Hoạt động vận dụng,LM-SGV-TIN6-4918798731#F0129,SGV,Bài 5. INTERNET,36,shared/learning_resources/ocr_text/sgv_tin_hoc_6/sgv_tin_6_bai_5/sgv_tin_6_bai_5.md,draft,Top-1 từ SQLite FTS theo tên bài học.,false,
HNMU-G6-R0071-STT14,6,Bài 5: Internet,Dự án học tập,LM-SGV-TIN6-4918798731#F0129,SGV,Bài 5. INTERNET,36,shared/learning_resources/ocr_text/sgv_tin_hoc_6/sgv_tin_6_bai_5/sgv_tin_6_bai_5.md,draft,Top-1 từ SQLite FTS theo tên bài học.,false,
HNMU-G6-R0072-STT1,6,Bài 6: Mạng thông tin toàn cầu,Mục 1. Kiến thức mới (Tr. 27),LM-SGK-TIN6-0001#F0065,SGK,Bài 6. MẠNG THÔNG TIN TOÀN CẦU,23,shared/learning_resources/ocr_text/sgk_tin_hoc_6/tin_6_bai_6/tin_6_bai_6.md,draft,Top-1 từ SQLite FTS theo tên bài học.,false,
HNMU-G6-R0073-STT2,6,Bài 6: Mạng thông tin toàn cầu,Mục 1. Kiến thức mới (Tr. 27),LM-SGK-TIN6-0001#F0066,SGK,Bài 6. MẠNG THÔNG TIN TOÀN CẦU,23,shared/learning_resources/ocr_text/sgk_tin_hoc_6/tin_6_bai_6/tin_6_bai_6.md,draft,Top-1 từ SQLite FTS theo câu hỏi và metadata bài học.,false,
HNMU-G6-R0074-STT3,6,Bài 6: Mạng thông tin toàn cầu,Mục 1. Kiến thức mới (Tr. 27),LM-SGK-TIN6-0001#F0066,SGK,Bài 6. MẠNG THÔNG TIN TOÀN CẦU,23,shared/learning_resources/ocr_text/sgk_tin_hoc_6/tin_6_bai_6/tin_6_bai_6.md,draft,Top-1 từ SQLite FTS theo câu hỏi và metadata bài học.,false,
HNMU-G6-R0075-STT4,6,Bài 6: Mạng thông tin toàn cầu,Câu hỏi (Tr. 28),LM-SGK-TIN6-0001#F0065,SGK,Bài 6. MẠNG THÔNG TIN TOÀN CẦU,23,shared/learning_resources/ocr_text/sgk_tin_hoc_6/tin_6_bai_6/tin_6_bai_6.md,draft,Top-1 từ SQLite FTS theo tên bài học.,false,
HNMU-G6-R0076-STT5,6,Bài 6: Mạng thông tin toàn cầu,Mục 1. Kiến thức mới (Tr. 27),LM-SGK-TIN6-0001#F0065,SGK,Bài 6. MẠNG THÔNG TIN TOÀN CẦU,23,shared/learning_resources/ocr_text/sgk_tin_hoc_6/tin_6_bai_6/tin_6_bai_6.md,draft,Top-1 từ SQLite FTS theo tên bài học.,false,
HNMU-G6-R0077-STT6,6,Bài 6: Mạng thông tin toàn cầu,Hoạt động 1 (Tr. 27),LM-SGK-TIN6-0001#F0066,SGK,Bài 6. MẠNG THÔNG TIN TOÀN CẦU,23,shared/learning_resources/ocr_text/sgk_tin_hoc_6/tin_6_bai_6/tin_6_bai_6.md,draft,Top-1 từ SQLite FTS theo câu hỏi và metadata bài học.,false,
HNMU-G6-R0078-STT7,6,Bài 6: Mạng thông tin toàn cầu,Mục 2. Kiến thức mới (Tr. 28),LM-SGK-TIN6-0001#F0065,SGK,Bài 6. MẠNG THÔNG TIN TOÀN CẦU,23,shared/learning_resources/ocr_text/sgk_tin_hoc_6/tin_6_bai_6/tin_6_bai_6.md,draft,Top-1 từ SQLite FTS theo tên bài học.,false,
HNMU-G6-R0079-STT8,6,Bài 6: Mạng thông tin toàn cầu,Hình 3.1 (Tr. 27),LM-SGK-TIN6-0001#F0065,SGK,Bài 6. MẠNG THÔNG TIN TOÀN CẦU,23,shared/learning_resources/ocr_text/sgk_tin_hoc_6/tin_6_bai_6/tin_6_bai_6.md,draft,Top-1 từ SQLite FTS theo tên bài học.,false,
HNMU-G6-R0080-STT9,6,Bài 6: Mạng thông tin toàn cầu,Luyện tập 1 (Tr. 31),LM-SGK-TIN6-0001#F0065,SGK,Bài 6. MẠNG THÔNG TIN TOÀN CẦU,23,shared/learning_resources/ocr_text/sgk_tin_hoc_6/tin_6_bai_6/tin_6_bai_6.md,draft,Top-1 từ SQLite FTS theo tên bài học.,false,
HNMU-G6-R0081-STT10,6,Bài 6: Mạng thông tin toàn cầu,Kiểm tra (SGV Tr. 47),LM-SGV-TIN6-4918798731#F0155,SGV,Bài 6. MẠNG THÔNG TIN TOÀN CẦU,41,shared/learning_resources/ocr_text/sgv_tin_hoc_6/sgv_tin_6_bai_6/sgv_tin_6_bai_6.md,draft,Top-1 từ SQLite FTS theo tên bài học.,false,
HNMU-G6-R0082-STT11,6,Bài 6: Mạng thông tin toàn cầu,Vận dụng 1 (Tr. 31),LM-SGK-TIN6-0001#F0065,SGK,Bài 6. MẠNG THÔNG TIN TOÀN CẦU,23,shared/learning_resources/ocr_text/sgk_tin_hoc_6/tin_6_bai_6/tin_6_bai_6.md,draft,Top-1 từ SQLite FTS theo tên bài học.,false,
HNMU-G6-R0083-STT12,6,Bài 6: Mạng thông tin toàn cầu,Vận dụng 2 (Tr. 31),LM-SGK-TIN6-0001#F0065,SGK,Bài 6. MẠNG THÔNG TIN TOÀN CẦU,23,shared/learning_resources/ocr_text/sgk_tin_hoc_6/tin_6_bai_6/tin_6_bai_6.md,draft,Top-1 từ SQLite FTS theo tên bài học.,false,
HNMU-G6-R0084-STT13,6,Bài 6: Mạng thông tin toàn cầu,Thực hành (Tr. 29),LM-SGK-TIN6-0001#F0065,SGK,Bài 6. MẠNG THÔNG TIN TOÀN CẦU,23,shared/learning_resources/ocr_text/sgk_tin_hoc_6/tin_6_bai_6/tin_6_bai_6.md,draft,Top-1 từ SQLite FTS theo tên bài học.,false,
HNMU-G6-R0085-STT14,6,Bài 6: Mạng thông tin toàn cầu,Vận dụng 3 (SGV Tr. 47),LM-SGV-TIN6-4918798731#F0155,SGV,Bài 6. MẠNG THÔNG TIN TOÀN CẦU,41,shared/learning_resources/ocr_text/sgv_tin_hoc_6/sgv_tin_6_bai_6/sgv_tin_6_bai_6.md,draft,Top-1 từ SQLite FTS theo tên bài học.,false,
HNMU-G6-R0086-STT1,6,Bài 7: Tìm kiếm thông tin trên Internet,Mục 1. Máy tìm kiếm (Tr. 32),LM-SGK-TIN6-0001#F0081,SGK,Bài 7. TÌM KIẾM THÔNG TIN TRÊN INTERNET,28,shared/learning_resources/ocr_text/sgk_tin_hoc_6/tin_6_bai_7/tin_6_bai_7.md,draft,Top-1 từ SQLite FTS theo câu hỏi và metadata bài học.,false,
HNMU-G6-R0087-STT2,6,Bài 7: Tìm kiếm thông tin trên Internet,Mục 1. Máy tìm kiếm (Tr. 32),LM-SGV-TIN6-4918798731#F0169,SGV,Bài 7. TÌM KIẾM THÔNG TIN TRÊN INTERNET,45,shared/learning_resources/ocr_text/sgv_tin_hoc_6/sgv_tin_6_bai_7/sgv_tin_6_bai_7.md,draft,Top-1 từ SQLite FTS theo tên bài học.,false,
HNMU-G6-R0088-STT3,6,Bài 7: Tìm kiếm thông tin trên Internet,Bảng giải thích thuật ngữ (Tr. 83),LM-SGK-TIN6-0001#F0083,SGK,Bài 7. TÌM KIẾM THÔNG TIN TRÊN INTERNET,29,shared/learning_resources/ocr_text/sgk_tin_hoc_6/tin_6_bai_7/tin_6_bai_7.md,draft,Top-1 từ SQLite FTS theo câu hỏi và metadata bài học.,false,
HNMU-G6-R0089-STT4,6,Bài 7: Tìm kiếm thông tin trên Internet,Mục 1. Máy tìm kiếm (Tr. 32),LM-SGK-TIN6-0001#F0083,SGK,Bài 7. TÌM KIẾM THÔNG TIN TRÊN INTERNET,29,shared/learning_resources/ocr_text/sgk_tin_hoc_6/tin_6_bai_7/tin_6_bai_7.md,draft,Top-1 từ SQLite FTS theo đáp án SGV và metadata bài học.,false,
HNMU-G6-R0090-STT5,6,Bài 7: Tìm kiếm thông tin trên Internet,Hoạt động 1 (Tr. 32),LM-SGV-TIN6-4918798731#F0169,SGV,Bài 7. TÌM KIẾM THÔNG TIN TRÊN INTERNET,45,shared/learning_resources/ocr_text/sgv_tin_hoc_6/sgv_tin_6_bai_7/sgv_tin_6_bai_7.md,draft,Top-1 từ SQLite FTS theo tên bài học.,false,
HNMU-G6-R0091-STT6,6,Bài 7: Tìm kiếm thông tin trên Internet,Mục 1. Lưu ý (Tr. 32),LM-SGV-TIN6-4918798731#F0169,SGV,Bài 7. TÌM KIẾM THÔNG TIN TRÊN INTERNET,45,shared/learning_resources/ocr_text/sgv_tin_hoc_6/sgv_tin_6_bai_7/sgv_tin_6_bai_7.md,draft,Top-1 từ SQLite FTS theo tên bài học.,false,
HNMU-G6-R0092-STT7,6,Bài 7: Tìm kiếm thông tin trên Internet,Hình 7.1 (Tr. 33),LM-SGV-TIN6-4918798731#F0169,SGV,Bài 7. TÌM KIẾM THÔNG TIN TRÊN INTERNET,45,shared/learning_resources/ocr_text/sgv_tin_hoc_6/sgv_tin_6_bai_7/sgv_tin_6_bai_7.md,draft,Top-1 từ SQLite FTS theo tên bài học.,false,
HNMU-G6-R0093-STT8,6,Bài 7: Tìm kiếm thông tin trên Internet,Mục 2. Các bước tìm kiếm (Tr. 33),LM-SGV-TIN6-4918798731#F0169,SGV,Bài 7. TÌM KIẾM THÔNG TIN TRÊN INTERNET,45,shared/learning_resources/ocr_text/sgv_tin_hoc_6/sgv_tin_6_bai_7/sgv_tin_6_bai_7.md,draft,Top-1 từ SQLite FTS theo tên bài học.,false,
HNMU-G6-R0094-STT9,6,Bài 7: Tìm kiếm thông tin trên Internet,Mục 2. Lưu ý (SGV Tr. 47),LM-SGV-TIN6-4918798731#F0169,SGV,Bài 7. TÌM KIẾM THÔNG TIN TRÊN INTERNET,45,shared/learning_resources/ocr_text/sgv_tin_hoc_6/sgv_tin_6_bai_7/sgv_tin_6_bai_7.md,draft,Top-1 từ SQLite FTS theo tên bài học.,false,
HNMU-G6-R0095-STT10,6,Bài 7: Tìm kiếm thông tin trên Internet,Luyện tập 1 (Tr. 35),LM-SGV-TIN6-4918798731#F0169,SGV,Bài 7. TÌM KIẾM THÔNG TIN TRÊN INTERNET,45,shared/learning_resources/ocr_text/sgv_tin_hoc_6/sgv_tin_6_bai_7/sgv_tin_6_bai_7.md,draft,Top-1 từ SQLite FTS theo tên bài học.,false,
HNMU-G6-R0096-STT11,6,Bài 7: Tìm kiếm thông tin trên Internet,Vận dụng 1 (Tr. 35),LM-SGV-TIN6-4918798731#F0169,SGV,Bài 7. TÌM KIẾM THÔNG TIN TRÊN INTERNET,45,shared/learning_resources/ocr_text/sgv_tin_hoc_6/sgv_tin_6_bai_7/sgv_tin_6_bai_7.md,draft,Top-1 từ SQLite FTS theo tên bài học.,false,
HNMU-G6-R0097-STT12,6,Bài 7: Tìm kiếm thông tin trên Internet,Vận dụng 2 (Tr. 35),LM-SGV-TIN6-4918798731#F0169,SGV,Bài 7. TÌM KIẾM THÔNG TIN TRÊN INTERNET,45,shared/learning_resources/ocr_text/sgv_tin_hoc_6/sgv_tin_6_bai_7/sgv_tin_6_bai_7.md,draft,Top-1 từ SQLite FTS theo tên bài học.,false,
HNMU-G6-R0098-STT13,6,Bài 7: Tìm kiếm thông tin trên Internet,Câu hỏi (SGV Tr. 47),LM-SGV-TIN6-4918798731#F0169,SGV,Bài 7. TÌM KIẾM THÔNG TIN TRÊN INTERNET,45,shared/learning_resources/ocr_text/sgv_tin_hoc_6/sgv_tin_6_bai_7/sgv_tin_6_bai_7.md,draft,Top-1 từ SQLite FTS theo tên bài học.,false,
HNMU-G6-R0099-STT14,6,Bài 7: Tìm kiếm thông tin trên Internet,Vận dụng 3 (SGV Tr. 47),LM-SGV-TIN6-4918798731#F0169,SGV,Bài 7. TÌM KIẾM THÔNG TIN TRÊN INTERNET,45,shared/learning_resources/ocr_text/sgv_tin_hoc_6/sgv_tin_6_bai_7/sgv_tin_6_bai_7.md,draft,Top-1 từ SQLite FTS theo tên bài học.,false,
HNMU-G6-R0100-STT1,6,Bài 8: Thư điện tử,Mục 1. Kiến thức mới (Tr. 36),LM-SGK-TIN6-0001#F0092,SGK,Bài 8. THƯ ĐIỆN TỬ,32,shared/learning_resources/ocr_text/sgk_tin_hoc_6/tin_6_bai_8/tin_6_bai_8.md,draft,Top-1 từ SQLite FTS theo câu hỏi và metadata bài học.,false,
HNMU-G6-R0101-STT2,6,Bài 8: Thư điện tử,Mục 1. Kiến thức mới (Tr. 36),LM-SGK-TIN6-0001#F0093,SGK,Bài 8. THƯ ĐIỆN TỬ,33,shared/learning_resources/ocr_text/sgk_tin_hoc_6/tin_6_bai_8/tin_6_bai_8.md,draft,Top-1 từ SQLite FTS theo đáp án SGV và metadata bài học.,false,
HNMU-G6-R0102-STT3,6,Bài 8: Thư điện tử,Câu hỏi (Tr. 37),LM-SGV-TIN6-4918798731#F0192,SGV,Bài 8. THƯ ĐIỆN TỬ,50,shared/learning_resources/ocr_text/sgv_tin_hoc_6/sgv_tin_6_bai_8/sgv_tin_6_bai_8.md,draft,Top-1 từ SQLite FTS theo đáp án SGV và metadata bài học.,false,
HNMU-G6-R0103-STT4,6,Bài 8: Thư điện tử,Hình 3.12 (Tr. 38),LM-SGV-TIN6-4918798731#F0185,SGV,Bài 8. THƯ ĐIỆN TỬ,49,shared/learning_resources/ocr_text/sgv_tin_hoc_6/sgv_tin_6_bai_8/sgv_tin_6_bai_8.md,draft,Top-1 từ SQLite FTS theo tên bài học.,false,
HNMU-G6-R0104-STT5,6,Bài 8: Thư điện tử,Hoạt động 1 (Tr. 36),LM-SGV-TIN6-4918798731#F0185,SGV,Bài 8. THƯ ĐIỆN TỬ,49,shared/learning_resources/ocr_text/sgv_tin_hoc_6/sgv_tin_6_bai_8/sgv_tin_6_bai_8.md,draft,Top-1 từ SQLite FTS theo tên bài học.,false,
HNMU-G6-R0105-STT6,6,Bài 8: Thư điện tử,Hoạt động 2 (Tr. 37),LM-SGV-TIN6-4918798731#F0185,SGV,Bài 8. THƯ ĐIỆN TỬ,49,shared/learning_resources/ocr_text/sgv_tin_hoc_6/sgv_tin_6_bai_8/sgv_tin_6_bai_8.md,draft,Top-1 từ SQLite FTS theo tên bài học.,false,
HNMU-G6-R0106-STT7,6,Bài 8: Thư điện tử,Mục 2. Thư điện tử (Tr. 38),LM-SGV-TIN6-4918798731#F0185,SGV,Bài 8. THƯ ĐIỆN TỬ,49,shared/learning_resources/ocr_text/sgv_tin_hoc_6/sgv_tin_6_bai_8/sgv_tin_6_bai_8.md,draft,Top-1 từ SQLite FTS theo tên bài học.,false,
HNMU-G6-R0107-STT8,6,Bài 8: Thư điện tử,Hình 3.11 (Tr. 37),LM-SGV-TIN6-4918798731#F0185,SGV,Bài 8. THƯ ĐIỆN TỬ,49,shared/learning_resources/ocr_text/sgv_tin_hoc_6/sgv_tin_6_bai_8/sgv_tin_6_bai_8.md,draft,Top-1 từ SQLite FTS theo tên bài học.,false,
HNMU-G6-R0108-STT9,6,Bài 8: Thư điện tử,Luyện tập 1 (Tr. 40),LM-SGV-TIN6-4918798731#F0185,SGV,Bài 8. THƯ ĐIỆN TỬ,49,shared/learning_resources/ocr_text/sgv_tin_hoc_6/sgv_tin_6_bai_8/sgv_tin_6_bai_8.md,draft,Top-1 từ SQLite FTS theo tên bài học.,false,
HNMU-G6-R0109-STT10,6,Bài 8: Thư điện tử,Kiểm tra (SGV Tr. 60),LM-SGV-TIN6-4918798731#F0185,SGV,Bài 8. THƯ ĐIỆN TỬ,49,shared/learning_resources/ocr_text/sgv_tin_hoc_6/sgv_tin_6_bai_8/sgv_tin_6_bai_8.md,draft,Top-1 từ SQLite FTS theo tên bài học.,false,
HNMU-G6-R0110-STT11,6,Bài 8: Thư điện tử,Vận dụng 1 (Tr. 40),LM-SGV-TIN6-4918798731#F0185,SGV,Bài 8. THƯ ĐIỆN TỬ,49,shared/learning_resources/ocr_text/sgv_tin_hoc_6/sgv_tin_6_bai_8/sgv_tin_6_bai_8.md,draft,Top-1 từ SQLite FTS theo tên bài học.,false,
HNMU-G6-R0111-STT12,6,Bài 8: Thư điện tử,Thực hành (Tr. 39),LM-SGV-TIN6-4918798731#F0185,SGV,Bài 8. THƯ ĐIỆN TỬ,49,shared/learning_resources/ocr_text/sgv_tin_hoc_6/sgv_tin_6_bai_8/sgv_tin_6_bai_8.md,draft,Top-1 từ SQLite FTS theo tên bài học.,false,
HNMU-G6-R0112-STT13,6,Bài 8: Thư điện tử,Câu hỏi (SGV Tr. 60),LM-SGV-TIN6-4918798731#F0185,SGV,Bài 8. THƯ ĐIỆN TỬ,49,shared/learning_resources/ocr_text/sgv_tin_hoc_6/sgv_tin_6_bai_8/sgv_tin_6_bai_8.md,draft,Top-1 từ SQLite FTS theo tên bài học.,false,
HNMU-G6-R0113-STT14,6,Bài 8: Thư điện tử,Vận dụng 2 (Tr. 40),LM-SGV-TIN6-4918798731#F0185,SGV,Bài 8. THƯ ĐIỆN TỬ,49,shared/learning_resources/ocr_text/sgv_tin_hoc_6/sgv_tin_6_bai_8/sgv_tin_6_bai_8.md,draft,Top-1 từ SQLite FTS theo tên bài học.,false,
HNMU-G6-R0114-STT1,6,Bài 9: An toàn thông tin trên Internet,Mục 1. Kiến thức mới (Tr. 42),LM-SGK-TIN6-0001#F0119,SGK,Bài 9. AN TOÀN THÔNG TIN TRÊN INTERNET,41,shared/learning_resources/ocr_text/sgk_tin_hoc_6/tin_6_bai_9/tin_6_bai_9.md,draft,Top-1 từ SQLite FTS theo câu hỏi và metadata bài học.,false,
HNMU-G6-R0115-STT2,6,Bài 9: An toàn thông tin trên Internet,Mục 1. Kiến thức mới (Tr. 42),LM-SGK-TIN6-0001#F0105,SGK,Bài 9. AN TOÀN THÔNG TIN TRÊN INTERNET,37,shared/learning_resources/ocr_text/sgk_tin_hoc_6/tin_6_bai_9/tin_6_bai_9.md,draft,Top-1 từ SQLite FTS theo đáp án SGV và metadata bài học.,false,
HNMU-G6-R0116-STT3,6,Bài 9: An toàn thông tin trên Internet,Hộp kiến thức (Tr. 43),LM-SGK-TIN6-0001#F0111,SGK,Bài 9. AN TOÀN THÔNG TIN TRÊN INTERNET,39,shared/learning_resources/ocr_text/sgk_tin_hoc_6/tin_6_bai_9/tin_6_bai_9.md,draft,Top-1 từ SQLite FTS theo tên bài học.,false,
HNMU-G6-R0117-STT4,6,Bài 9: An toàn thông tin trên Internet,Mục 1. Tình huống (Tr. 42),LM-SGK-TIN6-0001#F0111,SGK,Bài 9. AN TOÀN THÔNG TIN TRÊN INTERNET,39,shared/learning_resources/ocr_text/sgk_tin_hoc_6/tin_6_bai_9/tin_6_bai_9.md,draft,Top-1 từ SQLite FTS theo tên bài học.,false,
HNMU-G6-R0118-STT5,6,Bài 9: An toàn thông tin trên Internet,Hoạt động 1 (Tr. 42),LM-SGK-TIN6-0001#F0111,SGK,Bài 9. AN TOÀN THÔNG TIN TRÊN INTERNET,39,shared/learning_resources/ocr_text/sgk_tin_hoc_6/tin_6_bai_9/tin_6_bai_9.md,draft,Top-1 từ SQLite FTS theo tên bài học.,false,
HNMU-G6-R0119-STT6,6,Bài 9: An toàn thông tin trên Internet,Mục 2. Mật khẩu (Tr. 43),LM-SGK-TIN6-0001#F0111,SGK,Bài 9. AN TOÀN THÔNG TIN TRÊN INTERNET,39,shared/learning_resources/ocr_text/sgk_tin_hoc_6/tin_6_bai_9/tin_6_bai_9.md,draft,Top-1 từ SQLite FTS theo tên bài học.,false,
HNMU-G6-R0120-STT7,6,Bài 9: An toàn thông tin trên Internet,Câu hỏi 1 (Tr. 43),LM-SGK-TIN6-0001#F0111,SGK,Bài 9. AN TOÀN THÔNG TIN TRÊN INTERNET,39,shared/learning_resources/ocr_text/sgk_tin_hoc_6/tin_6_bai_9/tin_6_bai_9.md,draft,Top-1 từ SQLite FTS theo tên bài học.,false,
HNMU-G6-R0121-STT8,6,Bài 9: An toàn thông tin trên Internet,Luyện tập 1 (Tr. 46),LM-SGV-TIN6-4918798731#F0232,SGV,Bài 9. AN TOÀN THÔNG TIN TRÊN INTERNET,59,shared/learning_resources/ocr_text/sgv_tin_hoc_6/sgv_tin_6_bai_9/sgv_tin_6_bai_9.md,draft,Top-1 từ SQLite FTS theo đáp án SGV và metadata bài học.,false,
HNMU-G6-R0122-STT9,6,Bài 9: An toàn thông tin trên Internet,Luyện tập 2 (Tr. 46),LM-SGK-TIN6-0001#F0111,SGK,Bài 9. AN TOÀN THÔNG TIN TRÊN INTERNET,39,shared/learning_resources/ocr_text/sgk_tin_hoc_6/tin_6_bai_9/tin_6_bai_9.md,draft,Top-1 từ SQLite FTS theo tên bài học.,false,
HNMU-G6-R0123-STT10,6,Bài 9: An toàn thông tin trên Internet,Câu hỏi 2 (SGV Tr. 60),LM-SGV-TIN6-4918798731#F0237,SGV,Bài 9. AN TOÀN THÔNG TIN TRÊN INTERNET,60,shared/learning_resources/ocr_text/sgv_tin_hoc_6/sgv_tin_6_bai_9/sgv_tin_6_bai_9.md,draft,Top-1 từ SQLite FTS theo đáp án SGV và metadata bài học.,false,
HNMU-G6-R0124-STT11,6,Bài 9: An toàn thông tin trên Internet,Vận dụng 1 (Tr. 46),LM-SGK-TIN6-0001#F0111,SGK,Bài 9. AN TOÀN THÔNG TIN TRÊN INTERNET,39,shared/learning_resources/ocr_text/sgk_tin_hoc_6/tin_6_bai_9/tin_6_bai_9.md,draft,Top-1 từ SQLite FTS theo tên bài học.,false,
HNMU-G6-R0125-STT12,6,Bài 9: An toàn thông tin trên Internet,Vận dụng 2 (Tr. 46),LM-SGK-TIN6-0001#F0121,SGK,Bài 9. AN TOÀN THÔNG TIN TRÊN INTERNET,41,shared/learning_resources/ocr_text/sgk_tin_hoc_6/tin_6_bai_9/tin_6_bai_9.md,draft,Top-1 từ SQLite FTS theo câu hỏi và metadata bài học.,false,
HNMU-G6-R0126-STT13,6,Bài 9: An toàn thông tin trên Internet,Câu hỏi 5 (SGV Tr. 60),LM-SGV-TIN6-4918798731#F0241,SGV,Bài 9. AN TOÀN THÔNG TIN TRÊN INTERNET,60,shared/learning_resources/ocr_text/sgv_tin_hoc_6/sgv_tin_6_bai_9/sgv_tin_6_bai_9.md,draft,Top-1 từ SQLite FTS theo câu hỏi và metadata bài học.,false,
HNMU-G6-R0127-STT14,6,Bài 9: An toàn thông tin trên Internet,Vận dụng 3 (Tr. 46),LM-SGK-TIN6-0001#F0104,SGK,Bài 9. AN TOÀN THÔNG TIN TRÊN INTERNET,37,shared/learning_resources/ocr_text/sgk_tin_hoc_6/tin_6_bai_9/tin_6_bai_9.md,draft,Top-1 từ SQLite FTS theo câu hỏi và metadata bài học.,false,
HNMU-G6-R0128-STT1,6,Bài 10: Sơ đồ tư duy,Mục 1. Kiến thức mới (Tr. 48),LM-SGK-TIN6-0001#F0125,SGK,Bài 10. SƠ ĐỒ TƯ DUY,43,shared/learning_resources/ocr_text/sgk_tin_hoc_6/tin_6_bai_10/tin_6_bai_10.md,draft,Top-1 từ SQLite FTS theo câu hỏi và metadata bài học.,false,
HNMU-G6-R0129-STT2,6,Bài 10: Sơ đồ tư duy,Hình 5.1 (Tr. 48),LM-SGK-TIN6-0001#F0124,SGK,Bài 10. SƠ ĐỒ TƯ DUY,42,shared/learning_resources/ocr_text/sgk_tin_hoc_6/tin_6_bai_10/tin_6_bai_10.md,draft,Top-1 từ SQLite FTS theo đáp án SGV và metadata bài học.,false,
HNMU-G6-R0130-STT3,6,Bài 10: Sơ đồ tư duy,Hoạt động 2 (Tr. 49),LM-SGV-TIN6-4918798731#F0246,SGV,Bài 10. SƠ ĐỒ TƯ DUY,61,shared/learning_resources/ocr_text/sgv_tin_hoc_6/sgv_tin_6_bai_10/sgv_tin_6_bai_10.md,draft,Top-1 từ SQLite FTS theo tên bài học.,false,
HNMU-G6-R0131-STT4,6,Bài 10: Sơ đồ tư duy,Mục 3 (Tr. 50),LM-SGV-TIN6-4918798731#F0246,SGV,Bài 10. SƠ ĐỒ TƯ DUY,61,shared/learning_resources/ocr_text/sgv_tin_hoc_6/sgv_tin_6_bai_10/sgv_tin_6_bai_10.md,draft,Top-1 từ SQLite FTS theo tên bài học.,false,
HNMU-G6-R0132-STT5,6,Bài 10: Sơ đồ tư duy,Mục 1 (Tr. 48),LM-SGV-TIN6-4918798731#F0246,SGV,Bài 10. SƠ ĐỒ TƯ DUY,61,shared/learning_resources/ocr_text/sgv_tin_hoc_6/sgv_tin_6_bai_10/sgv_tin_6_bai_10.md,draft,Top-1 từ SQLite FTS theo tên bài học.,false,
HNMU-G6-R0133-STT6,6,Bài 10: Sơ đồ tư duy,Mục 1 (Tr. 48),LM-SGV-TIN6-4918798731#F0246,SGV,Bài 10. SƠ ĐỒ TƯ DUY,61,shared/learning_resources/ocr_text/sgv_tin_hoc_6/sgv_tin_6_bai_10/sgv_tin_6_bai_10.md,draft,Top-1 từ SQLite FTS theo tên bài học.,false,
HNMU-G6-R0134-STT7,6,Bài 10: Sơ đồ tư duy,Hoạt động 2 (Tr. 49),LM-SGV-TIN6-4918798731#F0246,SGV,Bài 10. SƠ ĐỒ TƯ DUY,61,shared/learning_resources/ocr_text/sgv_tin_hoc_6/sgv_tin_6_bai_10/sgv_tin_6_bai_10.md,draft,Top-1 từ SQLite FTS theo tên bài học.,false,
HNMU-G6-R0135-STT8,6,Bài 10: Sơ đồ tư duy,Mục 1 (Tr. 48),LM-SGV-TIN6-4918798731#F0246,SGV,Bài 10. SƠ ĐỒ TƯ DUY,61,shared/learning_resources/ocr_text/sgv_tin_hoc_6/sgv_tin_6_bai_10/sgv_tin_6_bai_10.md,draft,Top-1 từ SQLite FTS theo tên bài học.,false,
HNMU-G6-R0136-STT9,6,Bài 10: Sơ đồ tư duy,Hoạt động 2 (Tr. 49),LM-SGV-TIN6-4918798731#F0246,SGV,Bài 10. SƠ ĐỒ TƯ DUY,61,shared/learning_resources/ocr_text/sgv_tin_hoc_6/sgv_tin_6_bai_10/sgv_tin_6_bai_10.md,draft,Top-1 từ SQLite FTS theo tên bài học.,false,
HNMU-G6-R0137-STT10,6,Bài 10: Sơ đồ tư duy,Mục 3 (Tr. 50),LM-SGV-TIN6-4918798731#F0246,SGV,Bài 10. SƠ ĐỒ TƯ DUY,61,shared/learning_resources/ocr_text/sgv_tin_hoc_6/sgv_tin_6_bai_10/sgv_tin_6_bai_10.md,draft,Top-1 từ SQLite FTS theo tên bài học.,false,
HNMU-G6-R0138-STT11,6,Bài 10: Sơ đồ tư duy,Vận dụng 1 (Tr. 53),LM-SGV-TIN6-4918798731#F0246,SGV,Bài 10. SƠ ĐỒ TƯ DUY,61,shared/learning_resources/ocr_text/sgv_tin_hoc_6/sgv_tin_6_bai_10/sgv_tin_6_bai_10.md,draft,Top-1 từ SQLite FTS theo tên bài học.,false,
HNMU-G6-R0139-STT12,6,Bài 10: Sơ đồ tư duy,Hoạt động 1 (Tr. 48),LM-SGV-TIN6-4918798731#F0246,SGV,Bài 10. SƠ ĐỒ TƯ DUY,61,shared/learning_resources/ocr_text/sgv_tin_hoc_6/sgv_tin_6_bai_10/sgv_tin_6_bai_10.md,draft,Top-1 từ SQLite FTS theo tên bài học.,false,
HNMU-G6-R0140-STT13,6,Bài 10: Sơ đồ tư duy,Thực hành (Tr. 50),LM-SGV-TIN6-4918798731#F0246,SGV,Bài 10. SƠ ĐỒ TƯ DUY,61,shared/learning_resources/ocr_text/sgv_tin_hoc_6/sgv_tin_6_bai_10/sgv_tin_6_bai_10.md,draft,Top-1 từ SQLite FTS theo tên bài học.,false,
HNMU-G6-R0141-STT14,6,Bài 10: Sơ đồ tư duy,Luyện tập (SGV Tr. 63),LM-SGV-TIN6-4918798731#F0246,SGV,Bài 10. SƠ ĐỒ TƯ DUY,61,shared/learning_resources/ocr_text/sgv_tin_hoc_6/sgv_tin_6_bai_10/sgv_tin_6_bai_10.md,draft,Top-1 từ SQLite FTS theo tên bài học.,false,
HNMU-G6-R0142-STT1,6,Bài 11: Định dạng văn bản,Mục 1. Phần mềm soạn thảo văn bản (Tr. 54),LM-SGK-TIN6-0001#F0139,SGK,Bài 11. ĐỊNH DẠNG VĂN BẢN,48,shared/learning_resources/ocr_text/sgk_tin_hoc_6/tin_6_bai_11/tin_6_bai_11.md,draft,Top-1 từ SQLite FTS theo đáp án SGV và metadata bài học.,false,
HNMU-G6-R0143-STT2,6,Bài 11: Định dạng văn bản,Mục 2. Định dạng văn bản (Tr. 54),LM-SGK-TIN6-0001#F0138,SGK,Bài 11. ĐỊNH DẠNG VĂN BẢN,48,shared/learning_resources/ocr_text/sgk_tin_hoc_6/tin_6_bai_11/tin_6_bai_11.md,draft,Top-1 từ SQLite FTS theo câu hỏi và metadata bài học.,false,
HNMU-G6-R0144-STT3,6,Bài 11: Định dạng văn bản,Mục 2. Định dạng văn bản (Tr. 54),LM-SGV-TIN6-4918798731#F0266,SGV,Bài 11. ĐỊNH DẠNG VĂN BẢN,65,shared/learning_resources/ocr_text/sgv_tin_hoc_6/sgv_tin_6_bai_11/sgv_tin_6_bai_11.md,draft,Top-1 từ SQLite FTS theo tên bài học.,false,
HNMU-G6-R0145-STT4,6,Bài 11: Định dạng văn bản,Mục 1. Hoạt động 1 (Tr. 54),LM-SGV-TIN6-4918798731#F0266,SGV,Bài 11. ĐỊNH DẠNG VĂN BẢN,65,shared/learning_resources/ocr_text/sgv_tin_hoc_6/sgv_tin_6_bai_11/sgv_tin_6_bai_11.md,draft,Top-1 từ SQLite FTS theo tên bài học.,false,
HNMU-G6-R0146-STT5,6,Bài 11: Định dạng văn bản,Mục 2. Kiến thức mới (Tr. 54),LM-SGV-TIN6-4918798731#F0266,SGV,Bài 11. ĐỊNH DẠNG VĂN BẢN,65,shared/learning_resources/ocr_text/sgv_tin_hoc_6/sgv_tin_6_bai_11/sgv_tin_6_bai_11.md,draft,Top-1 từ SQLite FTS theo tên bài học.,false,
HNMU-G6-R0147-STT6,6,Bài 11: Định dạng văn bản,Mục 2. Định dạng văn bản (Tr. 55),LM-SGV-TIN6-4918798731#F0266,SGV,Bài 11. ĐỊNH DẠNG VĂN BẢN,65,shared/learning_resources/ocr_text/sgv_tin_hoc_6/sgv_tin_6_bai_11/sgv_tin_6_bai_11.md,draft,Top-1 từ SQLite FTS theo tên bài học.,false,
HNMU-G6-R0148-STT7,6,Bài 11: Định dạng văn bản,Hình 5.5 (Tr. 56),LM-SGV-TIN6-4918798731#F0266,SGV,Bài 11. ĐỊNH DẠNG VĂN BẢN,65,shared/learning_resources/ocr_text/sgv_tin_hoc_6/sgv_tin_6_bai_11/sgv_tin_6_bai_11.md,draft,Top-1 từ SQLite FTS theo tên bài học.,false,
HNMU-G6-R0149-STT8,6,Bài 11: Định dạng văn bản,Luyện tập 1 (Tr. 58),LM-SGV-TIN6-4918798731#F0266,SGV,Bài 11. ĐỊNH DẠNG VĂN BẢN,65,shared/learning_resources/ocr_text/sgv_tin_hoc_6/sgv_tin_6_bai_11/sgv_tin_6_bai_11.md,draft,Top-1 từ SQLite FTS theo tên bài học.,false,
HNMU-G6-R0150-STT9,6,Bài 11: Định dạng văn bản,Hình 5.4 & 5.5 (Tr. 55-56),LM-SGV-TIN6-4918798731#F0266,SGV,Bài 11. ĐỊNH DẠNG VĂN BẢN,65,shared/learning_resources/ocr_text/sgv_tin_hoc_6/sgv_tin_6_bai_11/sgv_tin_6_bai_11.md,draft,Top-1 từ SQLite FTS theo tên bài học.,false,
HNMU-G6-R0151-STT10,6,Bài 11: Định dạng văn bản,Mục 2. Kiến thức mới (Tr. 56),LM-SGV-TIN6-4918798731#F0266,SGV,Bài 11. ĐỊNH DẠNG VĂN BẢN,65,shared/learning_resources/ocr_text/sgv_tin_hoc_6/sgv_tin_6_bai_11/sgv_tin_6_bai_11.md,draft,Top-1 từ SQLite FTS theo tên bài học.,false,
HNMU-G6-R0152-STT11,6,Bài 11: Định dạng văn bản,Vận dụng (Tr. 58),LM-SGV-TIN6-4918798731#F0266,SGV,Bài 11. ĐỊNH DẠNG VĂN BẢN,65,shared/learning_resources/ocr_text/sgv_tin_hoc_6/sgv_tin_6_bai_11/sgv_tin_6_bai_11.md,draft,Top-1 từ SQLite FTS theo tên bài học.,false,
HNMU-G6-R0153-STT12,6,Bài 11: Định dạng văn bản,Thực hành (Tr. 56-57),LM-SGV-TIN6-4918798731#F0266,SGV,Bài 11. ĐỊNH DẠNG VĂN BẢN,65,shared/learning_resources/ocr_text/sgv_tin_hoc_6/sgv_tin_6_bai_11/sgv_tin_6_bai_11.md,draft,Top-1 từ SQLite FTS theo tên bài học.,false,
HNMU-G6-R0154-STT13,6,Bài 11: Định dạng văn bản,Luyện tập 2 (Tr. 58),LM-SGV-TIN6-4918798731#F0266,SGV,Bài 11. ĐỊNH DẠNG VĂN BẢN,65,shared/learning_resources/ocr_text/sgv_tin_hoc_6/sgv_tin_6_bai_11/sgv_tin_6_bai_11.md,draft,Top-1 từ SQLite FTS theo tên bài học.,false,
HNMU-G6-R0155-STT14,6,Bài 11: Định dạng văn bản,Câu hỏi (SGV Tr. 66),LM-SGV-TIN6-4918798731#F0266,SGV,Bài 11. ĐỊNH DẠNG VĂN BẢN,65,shared/learning_resources/ocr_text/sgv_tin_hoc_6/sgv_tin_6_bai_11/sgv_tin_6_bai_11.md,draft,Top-1 từ SQLite FTS theo tên bài học.,false,
HNMU-G6-R0156-STT1,6,Bài 12: Trình bày thông tin ở dạng bảng,"Mục 1, Trang 59",LM-SGV-TIN6-4918798731#F0271,SGV,Bài 12. TRÌNH BÀY THÔNG TIN Ở DẠNG BẢNG,67,shared/learning_resources/ocr_text/sgv_tin_hoc_6/sgv_tin_6_bai_12/sgv_tin_6_bai_12.md,draft,Top-1 từ SQLite FTS theo tên bài học.,false,
HNMU-G6-R0157-STT2,6,Bài 12: Trình bày thông tin ở dạng bảng,"Mục 2, Trang 61",LM-SGV-TIN6-4918798731#F0271,SGV,Bài 12. TRÌNH BÀY THÔNG TIN Ở DẠNG BẢNG,67,shared/learning_resources/ocr_text/sgv_tin_hoc_6/sgv_tin_6_bai_12/sgv_tin_6_bai_12.md,draft,Top-1 từ SQLite FTS theo tên bài học.,false,
HNMU-G6-R0158-STT3,6,Bài 12: Trình bày thông tin ở dạng bảng,"Mục 2, Trang 61",LM-SGV-TIN6-4918798731#F0271,SGV,Bài 12. TRÌNH BÀY THÔNG TIN Ở DẠNG BẢNG,67,shared/learning_resources/ocr_text/sgv_tin_hoc_6/sgv_tin_6_bai_12/sgv_tin_6_bai_12.md,draft,Top-1 từ SQLite FTS theo tên bài học.,false,
HNMU-G6-R0159-STT4,6,Bài 12: Trình bày thông tin ở dạng bảng,"Mục 3, Trang 62",LM-SGV-TIN6-4918798731#F0271,SGV,Bài 12. TRÌNH BÀY THÔNG TIN Ở DẠNG BẢNG,67,shared/learning_resources/ocr_text/sgv_tin_hoc_6/sgv_tin_6_bai_12/sgv_tin_6_bai_12.md,draft,Top-1 từ SQLite FTS theo tên bài học.,false,
HNMU-G6-R0160-STT5,6,Bài 12: Trình bày thông tin ở dạng bảng,"Hoạt động 1, Trang 59",LM-SGV-TIN6-4918798731#F0271,SGV,Bài 12. TRÌNH BÀY THÔNG TIN Ở DẠNG BẢNG,67,shared/learning_resources/ocr_text/sgv_tin_hoc_6/sgv_tin_6_bai_12/sgv_tin_6_bai_12.md,draft,Top-1 từ SQLite FTS theo tên bài học.,false,
HNMU-G6-R0161-STT6,6,Bài 12: Trình bày thông tin ở dạng bảng,"Câu hỏi 1, Trang 62",LM-SGV-TIN6-4918798731#F0271,SGV,Bài 12. TRÌNH BÀY THÔNG TIN Ở DẠNG BẢNG,67,shared/learning_resources/ocr_text/sgv_tin_hoc_6/sgv_tin_6_bai_12/sgv_tin_6_bai_12.md,draft,Top-1 từ SQLite FTS theo tên bài học.,false,
HNMU-G6-R0162-STT7,6,Bài 12: Trình bày thông tin ở dạng bảng,"Mục 3, Trang 62",LM-SGV-TIN6-4918798731#F0271,SGV,Bài 12. TRÌNH BÀY THÔNG TIN Ở DẠNG BẢNG,67,shared/learning_resources/ocr_text/sgv_tin_hoc_6/sgv_tin_6_bai_12/sgv_tin_6_bai_12.md,draft,Top-1 từ SQLite FTS theo tên bài học.,false,
HNMU-G6-R0163-STT8,6,Bài 12: Trình bày thông tin ở dạng bảng,"Hoạt động 2, Trang 60",LM-SGV-TIN6-4918798731#F0271,SGV,Bài 12. TRÌNH BÀY THÔNG TIN Ở DẠNG BẢNG,67,shared/learning_resources/ocr_text/sgv_tin_hoc_6/sgv_tin_6_bai_12/sgv_tin_6_bai_12.md,draft,Top-1 từ SQLite FTS theo tên bài học.,false,
HNMU-G6-R0164-STT9,6,Bài 12: Trình bày thông tin ở dạng bảng,"Luyện tập 2, Trang 63",LM-SGV-TIN6-4918798731#F0271,SGV,Bài 12. TRÌNH BÀY THÔNG TIN Ở DẠNG BẢNG,67,shared/learning_resources/ocr_text/sgv_tin_hoc_6/sgv_tin_6_bai_12/sgv_tin_6_bai_12.md,draft,Top-1 từ SQLite FTS theo tên bài học.,false,
HNMU-G6-R0165-STT10,6,Bài 12: Trình bày thông tin ở dạng bảng,"Mục 1, Trang 59",LM-SGV-TIN6-4918798731#F0271,SGV,Bài 12. TRÌNH BÀY THÔNG TIN Ở DẠNG BẢNG,67,shared/learning_resources/ocr_text/sgv_tin_hoc_6/sgv_tin_6_bai_12/sgv_tin_6_bai_12.md,draft,Top-1 từ SQLite FTS theo tên bài học.,false,
HNMU-G6-R0166-STT11,6,Bài 12: Trình bày thông tin ở dạng bảng,"Luyện tập 1, Trang 63",LM-SGV-TIN6-4918798731#F0271,SGV,Bài 12. TRÌNH BÀY THÔNG TIN Ở DẠNG BẢNG,67,shared/learning_resources/ocr_text/sgv_tin_hoc_6/sgv_tin_6_bai_12/sgv_tin_6_bai_12.md,draft,Top-1 từ SQLite FTS theo tên bài học.,false,
HNMU-G6-R0167-STT12,6,Bài 12: Trình bày thông tin ở dạng bảng,"Vận dụng 1, Trang 63",LM-SGK-TIN6-0001#F0172,SGK,Bài 12. TRÌNH BÀY THÔNG TIN Ở DẠNG BẢNG,57,shared/learning_resources/ocr_text/sgk_tin_hoc_6/tin_6_bai_12/tin_6_bai_12.md,draft,Top-1 từ SQLite FTS theo câu hỏi và metadata bài học.,false,
HNMU-G6-R0168-STT13,6,Bài 12: Trình bày thông tin ở dạng bảng,"Luyện tập 2, Trang 63",LM-SGV-TIN6-4918798731#F0271,SGV,Bài 12. TRÌNH BÀY THÔNG TIN Ở DẠNG BẢNG,67,shared/learning_resources/ocr_text/sgv_tin_hoc_6/sgv_tin_6_bai_12/sgv_tin_6_bai_12.md,draft,Top-1 từ SQLite FTS theo tên bài học.,false,
HNMU-G6-R0169-STT14,6,Bài 12: Trình bày thông tin ở dạng bảng,"Vận dụng 2, Trang 63",LM-SGV-TIN6-4918798731#F0271,SGV,Bài 12. TRÌNH BÀY THÔNG TIN Ở DẠNG BẢNG,67,shared/learning_resources/ocr_text/sgv_tin_hoc_6/sgv_tin_6_bai_12/sgv_tin_6_bai_12.md,draft,Top-1 từ SQLite FTS theo tên bài học.,false,
HNMU-G6-R0170-STT1,6,Bài 13: Tìm kiếm và thay thế,"Mục 1, Trang 64",LM-SGV-TIN6-4918798731#F0289,SGV,Bài 13. THỰC HÀNH: TÌM KIẾM VÀ THAY THẾ,70,shared/learning_resources/ocr_text/sgv_tin_hoc_6/sgv_tin_6_bai_13/sgv_tin_6_bai_13.md,draft,Top-1 từ SQLite FTS theo tên bài học.,false,
HNMU-G6-R0171-STT2,6,Bài 13: Tìm kiếm và thay thế,"Mục 2, Trang 65",LM-SGV-TIN6-4918798731#F0289,SGV,Bài 13. THỰC HÀNH: TÌM KIẾM VÀ THAY THẾ,70,shared/learning_resources/ocr_text/sgv_tin_hoc_6/sgv_tin_6_bai_13/sgv_tin_6_bai_13.md,draft,Top-1 từ SQLite FTS theo tên bài học.,false,
HNMU-G6-R0172-STT3,6,Bài 13: Tìm kiếm và thay thế,"Mục 2, Trang 65",LM-SGV-TIN6-4918798731#F0289,SGV,Bài 13. THỰC HÀNH: TÌM KIẾM VÀ THAY THẾ,70,shared/learning_resources/ocr_text/sgv_tin_hoc_6/sgv_tin_6_bai_13/sgv_tin_6_bai_13.md,draft,Top-1 từ SQLite FTS theo tên bài học.,false,
HNMU-G6-R0173-STT4,6,Bài 13: Tìm kiếm và thay thế,"Mục 2, Trang 65",LM-SGV-TIN6-4918798731#F0289,SGV,Bài 13. THỰC HÀNH: TÌM KIẾM VÀ THAY THẾ,70,shared/learning_resources/ocr_text/sgv_tin_hoc_6/sgv_tin_6_bai_13/sgv_tin_6_bai_13.md,draft,Top-1 từ SQLite FTS theo tên bài học.,false,
HNMU-G6-R0174-STT5,6,Bài 13: Tìm kiếm và thay thế,"Hoạt động 1, Trang 64",LM-SGV-TIN6-4918798731#F0289,SGV,Bài 13. THỰC HÀNH: TÌM KIẾM VÀ THAY THẾ,70,shared/learning_resources/ocr_text/sgv_tin_hoc_6/sgv_tin_6_bai_13/sgv_tin_6_bai_13.md,draft,Top-1 từ SQLite FTS theo tên bài học.,false,
HNMU-G6-R0175-STT6,6,Bài 13: Tìm kiếm và thay thế,"Hoạt động 2, Trang 65",LM-SGV-TIN6-4918798731#F0289,SGV,Bài 13. THỰC HÀNH: TÌM KIẾM VÀ THAY THẾ,70,shared/learning_resources/ocr_text/sgv_tin_hoc_6/sgv_tin_6_bai_13/sgv_tin_6_bai_13.md,draft,Top-1 từ SQLite FTS theo tên bài học.,false,
HNMU-G6-R0176-STT7,6,Bài 13: Tìm kiếm và thay thế,"Mục 1, Trang 64",LM-SGV-TIN6-4918798731#F0289,SGV,Bài 13. THỰC HÀNH: TÌM KIẾM VÀ THAY THẾ,70,shared/learning_resources/ocr_text/sgv_tin_hoc_6/sgv_tin_6_bai_13/sgv_tin_6_bai_13.md,draft,Top-1 từ SQLite FTS theo tên bài học.,false,
HNMU-G6-R0177-STT8,6,Bài 13: Tìm kiếm và thay thế,"Mục 2, Trang 65",LM-SGV-TIN6-4918798731#F0289,SGV,Bài 13. THỰC HÀNH: TÌM KIẾM VÀ THAY THẾ,70,shared/learning_resources/ocr_text/sgv_tin_hoc_6/sgv_tin_6_bai_13/sgv_tin_6_bai_13.md,draft,Top-1 từ SQLite FTS theo tên bài học.,false,
HNMU-G6-R0178-STT9,6,Bài 13: Tìm kiếm và thay thế,"Mục 1, Trang 64",LM-SGV-TIN6-4918798731#F0289,SGV,Bài 13. THỰC HÀNH: TÌM KIẾM VÀ THAY THẾ,70,shared/learning_resources/ocr_text/sgv_tin_hoc_6/sgv_tin_6_bai_13/sgv_tin_6_bai_13.md,draft,Top-1 từ SQLite FTS theo tên bài học.,false,
HNMU-G6-R0179-STT10,6,Bài 13: Tìm kiếm và thay thế,"Mục 2, Trang 65",LM-SGV-TIN6-4918798731#F0289,SGV,Bài 13. THỰC HÀNH: TÌM KIẾM VÀ THAY THẾ,70,shared/learning_resources/ocr_text/sgv_tin_hoc_6/sgv_tin_6_bai_13/sgv_tin_6_bai_13.md,draft,Top-1 từ SQLite FTS theo tên bài học.,false,
HNMU-G6-R0180-STT11,6,Bài 13: Tìm kiếm và thay thế,"Luyện tập 1, Trang 66",LM-SGV-TIN6-4918798731#F0289,SGV,Bài 13. THỰC HÀNH: TÌM KIẾM VÀ THAY THẾ,70,shared/learning_resources/ocr_text/sgv_tin_hoc_6/sgv_tin_6_bai_13/sgv_tin_6_bai_13.md,draft,Top-1 từ SQLite FTS theo tên bài học.,false,
HNMU-G6-R0181-STT12,6,Bài 13: Tìm kiếm và thay thế,"Luyện tập 2, Trang 66",LM-SGV-TIN6-4918798731#F0289,SGV,Bài 13. THỰC HÀNH: TÌM KIẾM VÀ THAY THẾ,70,shared/learning_resources/ocr_text/sgv_tin_hoc_6/sgv_tin_6_bai_13/sgv_tin_6_bai_13.md,draft,Top-1 từ SQLite FTS theo tên bài học.,false,
HNMU-G6-R0182-STT13,6,Bài 13: Tìm kiếm và thay thế,"Vận dụng 1, Trang 66",LM-SGV-TIN6-4918798731#F0289,SGV,Bài 13. THỰC HÀNH: TÌM KIẾM VÀ THAY THẾ,70,shared/learning_resources/ocr_text/sgv_tin_hoc_6/sgv_tin_6_bai_13/sgv_tin_6_bai_13.md,draft,Top-1 từ SQLite FTS theo tên bài học.,false,
HNMU-G6-R0183-STT14,6,Bài 13: Tìm kiếm và thay thế,"Vận dụng 2, Trang 66",LM-SGV-TIN6-4918798731#F0289,SGV,Bài 13. THỰC HÀNH: TÌM KIẾM VÀ THAY THẾ,70,shared/learning_resources/ocr_text/sgv_tin_hoc_6/sgv_tin_6_bai_13/sgv_tin_6_bai_13.md,draft,Top-1 từ SQLite FTS theo tên bài học.,false,
HNMU-G6-R0184-STT1,6,Bài 14: Hoàn thiện sổ lưu niệm,"Mục 1, Trang 67",LM-SGV-TIN6-4918798731#F0312,SGV,Bài 14. THỰC HÀNH TỔNG HỢP: HOÀN THIỆN SỔ LƯU NIỆM,74,shared/learning_resources/ocr_text/sgv_tin_hoc_6/sgv_tin_6_bai_14/sgv_tin_6_bai_14.md,draft,Top-1 từ SQLite FTS theo tên bài học.,false,
HNMU-G6-R0185-STT2,6,Bài 14: Hoàn thiện sổ lưu niệm,"Mục 1, Trang 67",LM-SGV-TIN6-4918798731#F0312,SGV,Bài 14. THỰC HÀNH TỔNG HỢP: HOÀN THIỆN SỔ LƯU NIỆM,74,shared/learning_resources/ocr_text/sgv_tin_hoc_6/sgv_tin_6_bai_14/sgv_tin_6_bai_14.md,draft,Top-1 từ SQLite FTS theo tên bài học.,false,
HNMU-G6-R0186-STT3,6,Bài 14: Hoàn thiện sổ lưu niệm,"Mục 1, Trang 67",LM-SGV-TIN6-4918798731#F0312,SGV,Bài 14. THỰC HÀNH TỔNG HỢP: HOÀN THIỆN SỔ LƯU NIỆM,74,shared/learning_resources/ocr_text/sgv_tin_hoc_6/sgv_tin_6_bai_14/sgv_tin_6_bai_14.md,draft,Top-1 từ SQLite FTS theo tên bài học.,false,
HNMU-G6-R0187-STT4,6,Bài 14: Hoàn thiện sổ lưu niệm,"Mục 1, Trang 67",LM-SGV-TIN6-4918798731#F0312,SGV,Bài 14. THỰC HÀNH TỔNG HỢP: HOÀN THIỆN SỔ LƯU NIỆM,74,shared/learning_resources/ocr_text/sgv_tin_hoc_6/sgv_tin_6_bai_14/sgv_tin_6_bai_14.md,draft,Top-1 từ SQLite FTS theo tên bài học.,false,
HNMU-G6-R0188-STT5,6,Bài 14: Hoàn thiện sổ lưu niệm,"Mục 3, Trang 66",LM-SGV-TIN6-4918798731#F0312,SGV,Bài 14. THỰC HÀNH TỔNG HỢP: HOÀN THIỆN SỔ LƯU NIỆM,74,shared/learning_resources/ocr_text/sgv_tin_hoc_6/sgv_tin_6_bai_14/sgv_tin_6_bai_14.md,draft,Top-1 từ SQLite FTS theo tên bài học.,false,
HNMU-G6-R0189-STT6,6,Bài 14: Hoàn thiện sổ lưu niệm,"Mục 2, Trang 64",LM-SGV-TIN6-4918798731#F0312,SGV,Bài 14. THỰC HÀNH TỔNG HỢP: HOÀN THIỆN SỔ LƯU NIỆM,74,shared/learning_resources/ocr_text/sgv_tin_hoc_6/sgv_tin_6_bai_14/sgv_tin_6_bai_14.md,draft,Top-1 từ SQLite FTS theo tên bài học.,false,
HNMU-G6-R0190-STT7,6,Bài 14: Hoàn thiện sổ lưu niệm,"Mục 1, Trang 59",LM-SGV-TIN6-4918798731#F0312,SGV,Bài 14. THỰC HÀNH TỔNG HỢP: HOÀN THIỆN SỔ LƯU NIỆM,74,shared/learning_resources/ocr_text/sgv_tin_hoc_6/sgv_tin_6_bai_14/sgv_tin_6_bai_14.md,draft,Top-1 từ SQLite FTS theo tên bài học.,false,
HNMU-G6-R0191-STT8,6,Bài 14: Hoàn thiện sổ lưu niệm,"Mục 2, Trang 70",LM-SGV-TIN6-4918798731#F0312,SGV,Bài 14. THỰC HÀNH TỔNG HỢP: HOÀN THIỆN SỔ LƯU NIỆM,74,shared/learning_resources/ocr_text/sgv_tin_hoc_6/sgv_tin_6_bai_14/sgv_tin_6_bai_14.md,draft,Top-1 từ SQLite FTS theo tên bài học.,false,
HNMU-G6-R0192-STT9,6,Bài 14: Hoàn thiện sổ lưu niệm,"Mục 1, Trang 54",LM-SGV-TIN6-4918798731#F0312,SGV,Bài 14. THỰC HÀNH TỔNG HỢP: HOÀN THIỆN SỔ LƯU NIỆM,74,shared/learning_resources/ocr_text/sgv_tin_hoc_6/sgv_tin_6_bai_14/sgv_tin_6_bai_14.md,draft,Top-1 từ SQLite FTS theo tên bài học.,false,
HNMU-G6-R0193-STT10,6,Bài 14: Hoàn thiện sổ lưu niệm,"Mục 3, Trang 67",LM-SGV-TIN6-4918798731#F0312,SGV,Bài 14. THỰC HÀNH TỔNG HỢP: HOÀN THIỆN SỔ LƯU NIỆM,74,shared/learning_resources/ocr_text/sgv_tin_hoc_6/sgv_tin_6_bai_14/sgv_tin_6_bai_14.md,draft,Top-1 từ SQLite FTS theo tên bài học.,false,
HNMU-G6-R0194-STT11,6,Bài 14: Hoàn thiện sổ lưu niệm,"Mục 3, Trang 57",LM-SGV-TIN6-4918798731#F0312,SGV,Bài 14. THỰC HÀNH TỔNG HỢP: HOÀN THIỆN SỔ LƯU NIỆM,74,shared/learning_resources/ocr_text/sgv_tin_hoc_6/sgv_tin_6_bai_14/sgv_tin_6_bai_14.md,draft,Top-1 từ SQLite FTS theo tên bài học.,false,
HNMU-G6-R0195-STT12,6,Bài 14: Hoàn thiện sổ lưu niệm,"Mục 2, Trang 61",LM-SGV-TIN6-4918798731#F0312,SGV,Bài 14. THỰC HÀNH TỔNG HỢP: HOÀN THIỆN SỔ LƯU NIỆM,74,shared/learning_resources/ocr_text/sgv_tin_hoc_6/sgv_tin_6_bai_14/sgv_tin_6_bai_14.md,draft,Top-1 từ SQLite FTS theo tên bài học.,false,
HNMU-G6-R0196-STT13,6,Bài 14: Hoàn thiện sổ lưu niệm,"Mục 2, Trang 65",LM-SGV-TIN6-4918798731#F0312,SGV,Bài 14. THỰC HÀNH TỔNG HỢP: HOÀN THIỆN SỔ LƯU NIỆM,74,shared/learning_resources/ocr_text/sgv_tin_hoc_6/sgv_tin_6_bai_14/sgv_tin_6_bai_14.md,draft,Top-1 từ SQLite FTS theo tên bài học.,false,
HNMU-G6-R0197-STT14,6,Bài 14: Hoàn thiện sổ lưu niệm,"Mục 3, Trang 57",LM-SGV-TIN6-4918798731#F0312,SGV,Bài 14. THỰC HÀNH TỔNG HỢP: HOÀN THIỆN SỔ LƯU NIỆM,74,shared/learning_resources/ocr_text/sgv_tin_hoc_6/sgv_tin_6_bai_14/sgv_tin_6_bai_14.md,draft,Top-1 từ SQLite FTS theo tên bài học.,false,
HNMU-G6-R0198-STT1,6,Bài 15: Thuật toán,"Mục 1, Trang 70",LM-SGK-TIN6-0001#F0192,SGK,Bài 15. THUẬT TOÁN,63,shared/learning_resources/ocr_text/sgk_tin_hoc_6/tin_6_bai_15/tin_6_bai_15.md,draft,Top-1 từ SQLite FTS theo câu hỏi và metadata bài học.,false,
HNMU-G6-R0199-STT2,6,Bài 15: Thuật toán,"Mục 1, Trang 70",LM-SGK-TIN6-0001#F0193,SGK,Bài 15. THUẬT TOÁN,64,shared/learning_resources/ocr_text/sgk_tin_hoc_6/tin_6_bai_15/tin_6_bai_15.md,draft,Top-1 từ SQLite FTS theo câu hỏi và metadata bài học.,false,
HNMU-G6-R0200-STT3,6,Bài 15: Thuật toán,"Mục 2, Trang 71",LM-SGK-TIN6-0001#F0190,SGK,Bài 15. THUẬT TOÁN,63,shared/learning_resources/ocr_text/sgk_tin_hoc_6/tin_6_bai_15/tin_6_bai_15.md,draft,Top-1 từ SQLite FTS theo tên bài học.,false,
HNMU-G6-R0201-STT4,6,Bài 15: Thuật toán,"Mục 2, Trang 71",LM-SGK-TIN6-0001#F0196,SGK,Bài 15. THUẬT TOÁN,65,shared/learning_resources/ocr_text/sgk_tin_hoc_6/tin_6_bai_15/tin_6_bai_15.md,draft,Top-1 từ SQLite FTS theo câu hỏi và metadata bài học.,false,
HNMU-G6-R0202-STT5,6,Bài 15: Thuật toán,"Hoạt động 2, Trang 71",LM-SGK-TIN6-0001#F0190,SGK,Bài 15. THUẬT TOÁN,63,shared/learning_resources/ocr_text/sgk_tin_hoc_6/tin_6_bai_15/tin_6_bai_15.md,draft,Top-1 từ SQLite FTS theo tên bài học.,false,
HNMU-G6-R0203-STT6,6,Bài 15: Thuật toán,"Mục 2, Trang 71",LM-SGK-TIN6-0001#F0190,SGK,Bài 15. THUẬT TOÁN,63,shared/learning_resources/ocr_text/sgk_tin_hoc_6/tin_6_bai_15/tin_6_bai_15.md,draft,Top-1 từ SQLite FTS theo tên bài học.,false,
HNMU-G6-R0204-STT7,6,Bài 15: Thuật toán,"Câu hỏi 2, Trang 73",LM-SGK-TIN6-0001#F0190,SGK,Bài 15. THUẬT TOÁN,63,shared/learning_resources/ocr_text/sgk_tin_hoc_6/tin_6_bai_15/tin_6_bai_15.md,draft,Top-1 từ SQLite FTS theo tên bài học.,false,
HNMU-G6-R0205-STT8,6,Bài 15: Thuật toán,"Hoạt động 1, Trang 70",LM-SGK-TIN6-0001#F0190,SGK,Bài 15. THUẬT TOÁN,63,shared/learning_resources/ocr_text/sgk_tin_hoc_6/tin_6_bai_15/tin_6_bai_15.md,draft,Top-1 từ SQLite FTS theo tên bài học.,false,
HNMU-G6-R0206-STT9,6,Bài 15: Thuật toán,"Mục 1, Trang 71",LM-SGK-TIN6-0001#F0190,SGK,Bài 15. THUẬT TOÁN,63,shared/learning_resources/ocr_text/sgk_tin_hoc_6/tin_6_bai_15/tin_6_bai_15.md,draft,Top-1 từ SQLite FTS theo tên bài học.,false,
HNMU-G6-R0207-STT10,6,Bài 15: Thuật toán,"Luyện tập 2, Trang 73",LM-SGK-TIN6-0001#F0190,SGK,Bài 15. THUẬT TOÁN,63,shared/learning_resources/ocr_text/sgk_tin_hoc_6/tin_6_bai_15/tin_6_bai_15.md,draft,Top-1 từ SQLite FTS theo tên bài học.,false,
HNMU-G6-R0208-STT11,6,Bài 15: Thuật toán,"Luyện tập 1.a, Trang 73",LM-SGK-TIN6-0001#F0198,SGK,Bài 15. THUẬT TOÁN,66,shared/learning_resources/ocr_text/sgk_tin_hoc_6/tin_6_bai_15/tin_6_bai_15.md,draft,Top-1 từ SQLite FTS theo câu hỏi và metadata bài học.,false,
HNMU-G6-R0209-STT12,6,Bài 15: Thuật toán,"Hoạt động 2, Trang 71",LM-SGK-TIN6-0001#F0190,SGK,Bài 15. THUẬT TOÁN,63,shared/learning_resources/ocr_text/sgk_tin_hoc_6/tin_6_bai_15/tin_6_bai_15.md,draft,Top-1 từ SQLite FTS theo tên bài học.,false,
HNMU-G6-R0210-STT13,6,Bài 15: Thuật toán,"Vận dụng 1, Trang 73",LM-SGK-TIN6-0001#F0190,SGK,Bài 15. THUẬT TOÁN,63,shared/learning_resources/ocr_text/sgk_tin_hoc_6/tin_6_bai_15/tin_6_bai_15.md,draft,Top-1 từ SQLite FTS theo tên bài học.,false,
HNMU-G6-R0211-STT14,6,Bài 15: Thuật toán,"Luyện tập 2, Trang 73",LM-SGK-TIN6-0001#F0190,SGK,Bài 15. THUẬT TOÁN,63,shared/learning_resources/ocr_text/sgk_tin_hoc_6/tin_6_bai_15/tin_6_bai_15.md,draft,Top-1 từ SQLite FTS theo tên bài học.,false,
HNMU-G6-R0212-STT1,6,Bài 16: Các cấu trúc điều khiển,"Mục tiêu, Trang 74",LM-SGK-TIN6-0001#F0207,SGK,Bài 16. CÁC CẤU TRÚC ĐIỀU KHIỂN,69,shared/learning_resources/ocr_text/sgk_tin_hoc_6/tin_6_bai_16/tin_6_bai_16.md,draft,Top-1 từ SQLite FTS theo câu hỏi và metadata bài học.,false,
HNMU-G6-R0213-STT2,6,Bài 16: Các cấu trúc điều khiển,"Mục 1.b, Trang 75",LM-SGV-TIN6-4918798731#F0345,SGV,Bài 16. CÁC CẤU TRÚC ĐIỀU KHIỂN,82,shared/learning_resources/ocr_text/sgv_tin_hoc_6/sgv_tin_6_bai_16/sgv_tin_6_bai_16.md,draft,Top-1 từ SQLite FTS theo tên bài học.,false,
HNMU-G6-R0214-STT3,6,Bài 16: Các cấu trúc điều khiển,"Mục 1.a, Trang 74",LM-SGK-TIN6-0001#F0204,SGK,Bài 16. CÁC CẤU TRÚC ĐIỀU KHIỂN,67,shared/learning_resources/ocr_text/sgk_tin_hoc_6/tin_6_bai_16/tin_6_bai_16.md,draft,Top-1 từ SQLite FTS theo đáp án SGV và metadata bài học.,false,
HNMU-G6-R0215-STT4,6,Bài 16: Các cấu trúc điều khiển,"Mục 2, Trang 77",LM-SGV-TIN6-4918798731#F0345,SGV,Bài 16. CÁC CẤU TRÚC ĐIỀU KHIỂN,82,shared/learning_resources/ocr_text/sgv_tin_hoc_6/sgv_tin_6_bai_16/sgv_tin_6_bai_16.md,draft,Top-1 từ SQLite FTS theo tên bài học.,false,
HNMU-G6-R0216-STT5,6,Bài 16: Các cấu trúc điều khiển,"Mục 1.b, Trang 75",LM-SGV-TIN6-4918798731#F0345,SGV,Bài 16. CÁC CẤU TRÚC ĐIỀU KHIỂN,82,shared/learning_resources/ocr_text/sgv_tin_hoc_6/sgv_tin_6_bai_16/sgv_tin_6_bai_16.md,draft,Top-1 từ SQLite FTS theo tên bài học.,false,
HNMU-G6-R0217-STT6,6,Bài 16: Các cấu trúc điều khiển,"Câu hỏi 1, Trang 75",LM-SGV-TIN6-4918798731#F0345,SGV,Bài 16. CÁC CẤU TRÚC ĐIỀU KHIỂN,82,shared/learning_resources/ocr_text/sgv_tin_hoc_6/sgv_tin_6_bai_16/sgv_tin_6_bai_16.md,draft,Top-1 từ SQLite FTS theo tên bài học.,false,
HNMU-G6-R0218-STT7,6,Bài 16: Các cấu trúc điều khiển,"Hoạt động 1, Trang 74",LM-SGK-TIN6-0001#F0204,SGK,Bài 16. CÁC CẤU TRÚC ĐIỀU KHIỂN,67,shared/learning_resources/ocr_text/sgk_tin_hoc_6/tin_6_bai_16/tin_6_bai_16.md,draft,Top-1 từ SQLite FTS theo câu hỏi và metadata bài học.,false,
HNMU-G6-R0219-STT8,6,Bài 16: Các cấu trúc điều khiển,"Mục 1.b, Trang 75",LM-SGV-TIN6-4918798731#F0345,SGV,Bài 16. CÁC CẤU TRÚC ĐIỀU KHIỂN,82,shared/learning_resources/ocr_text/sgv_tin_hoc_6/sgv_tin_6_bai_16/sgv_tin_6_bai_16.md,draft,Top-1 từ SQLite FTS theo tên bài học.,false,
HNMU-G6-R0220-STT9,6,Bài 16: Các cấu trúc điều khiển,"Luyện tập 3, Trang 77",LM-SGV-TIN6-4918798731#F0345,SGV,Bài 16. CÁC CẤU TRÚC ĐIỀU KHIỂN,82,shared/learning_resources/ocr_text/sgv_tin_hoc_6/sgv_tin_6_bai_16/sgv_tin_6_bai_16.md,draft,Top-1 từ SQLite FTS theo tên bài học.,false,
HNMU-G6-R0221-STT10,6,Bài 16: Các cấu trúc điều khiển,"Mục 1.a, Trang 74",LM-SGV-TIN6-4918798731#F0345,SGV,Bài 16. CÁC CẤU TRÚC ĐIỀU KHIỂN,82,shared/learning_resources/ocr_text/sgv_tin_hoc_6/sgv_tin_6_bai_16/sgv_tin_6_bai_16.md,draft,Top-1 từ SQLite FTS theo tên bài học.,false,
HNMU-G6-R0222-STT11,6,Bài 16: Các cấu trúc điều khiển,"Vận dụng 2, Trang 75",LM-SGK-TIN6-0001#F0205,SGK,Bài 16. CÁC CẤU TRÚC ĐIỀU KHIỂN,68,shared/learning_resources/ocr_text/sgk_tin_hoc_6/tin_6_bai_16/tin_6_bai_16.md,draft,Top-1 từ SQLite FTS theo câu hỏi và metadata bài học.,false,
HNMU-G6-R0223-STT12,6,Bài 16: Các cấu trúc điều khiển,"Luyện tập 1, Trang 77",LM-SGV-TIN6-4918798731#F0345,SGV,Bài 16. CÁC CẤU TRÚC ĐIỀU KHIỂN,82,shared/learning_resources/ocr_text/sgv_tin_hoc_6/sgv_tin_6_bai_16/sgv_tin_6_bai_16.md,draft,Top-1 từ SQLite FTS theo tên bài học.,false,
HNMU-G6-R0224-STT13,6,Bài 16: Các cấu trúc điều khiển,"Vận dụng 3, Trang 77",LM-SGV-TIN6-4918798731#F0345,SGV,Bài 16. CÁC CẤU TRÚC ĐIỀU KHIỂN,82,shared/learning_resources/ocr_text/sgv_tin_hoc_6/sgv_tin_6_bai_16/sgv_tin_6_bai_16.md,draft,Top-1 từ SQLite FTS theo tên bài học.,false,
HNMU-G6-R0225-STT14,6,Bài 16: Các cấu trúc điều khiển,"Vận dụng 1, Trang 77",LM-SGV-TIN6-4918798731#F0360,SGV,Bài 16. CÁC CẤU TRÚC ĐIỀU KHIỂN,87,shared/learning_resources/ocr_text/sgv_tin_hoc_6/sgv_tin_6_bai_16/sgv_tin_6_bai_16.md,draft,Top-1 từ SQLite FTS theo đáp án SGV và metadata bài học.,false,
HNMU-G6-R0226-STT1,6,Bài 17: Chương trình máy tính,"Mục 1, Trang 78",LM-SGK-TIN6-0001#F0211,SGK,Bài 17. CHƯƠNG TRÌNH MÁY TÍNH,71,shared/learning_resources/ocr_text/sgk_tin_hoc_6/tin_6_bai_17/tin_6_bai_17.md,draft,Top-1 từ SQLite FTS theo đáp án SGV và metadata bài học.,false,
HNMU-G6-R0227-STT2,6,Bài 17: Chương trình máy tính,"Mục 1, Trang 78",LM-SGK-TIN6-0001#F0211,SGK,Bài 17. CHƯƠNG TRÌNH MÁY TÍNH,71,shared/learning_resources/ocr_text/sgk_tin_hoc_6/tin_6_bai_17/tin_6_bai_17.md,draft,Top-1 từ SQLite FTS theo đáp án SGV và metadata bài học.,false,
HNMU-G6-R0228-STT3,6,Bài 17: Chương trình máy tính,"Mục 1, Trang 78",LM-SGK-TIN6-0001#F0211,SGK,Bài 17. CHƯƠNG TRÌNH MÁY TÍNH,71,shared/learning_resources/ocr_text/sgk_tin_hoc_6/tin_6_bai_17/tin_6_bai_17.md,draft,Top-1 từ SQLite FTS theo đáp án SGV và metadata bài học.,false,
HNMU-G6-R0229-STT4,6,Bài 17: Chương trình máy tính,"Mục 1, Trang 78",LM-SGV-TIN6-4918798731#F0373,SGV,Bài 17. CHƯƠNG TRÌNH MÁY TÍNH,91,shared/learning_resources/ocr_text/sgv_tin_hoc_6/sgv_tin_6_bai_17/sgv_tin_6_bai_17.md,draft,Top-1 từ SQLite FTS theo tên bài học.,false,
HNMU-G6-R0230-STT5,6,Bài 17: Chương trình máy tính,"Mục 1, Trang 78",LM-SGV-TIN6-4918798731#F0373,SGV,Bài 17. CHƯƠNG TRÌNH MÁY TÍNH,91,shared/learning_resources/ocr_text/sgv_tin_hoc_6/sgv_tin_6_bai_17/sgv_tin_6_bai_17.md,draft,Top-1 từ SQLite FTS theo tên bài học.,false,
HNMU-G6-R0231-STT6,6,Bài 17: Chương trình máy tính,"Mục 1, Trang 78",LM-SGV-TIN6-4918798731#F0373,SGV,Bài 17. CHƯƠNG TRÌNH MÁY TÍNH,91,shared/learning_resources/ocr_text/sgv_tin_hoc_6/sgv_tin_6_bai_17/sgv_tin_6_bai_17.md,draft,Top-1 từ SQLite FTS theo tên bài học.,false,
HNMU-G6-R0232-STT7,6,Bài 17: Chương trình máy tính,"Mục 1, Trang 78",LM-SGV-TIN6-4918798731#F0373,SGV,Bài 17. CHƯƠNG TRÌNH MÁY TÍNH,91,shared/learning_resources/ocr_text/sgv_tin_hoc_6/sgv_tin_6_bai_17/sgv_tin_6_bai_17.md,draft,Top-1 từ SQLite FTS theo tên bài học.,false,
HNMU-G6-R0233-STT8,6,Bài 17: Chương trình máy tính,"Mục 1, Trang 78",LM-SGV-TIN6-4918798731#F0373,SGV,Bài 17. CHƯƠNG TRÌNH MÁY TÍNH,91,shared/learning_resources/ocr_text/sgv_tin_hoc_6/sgv_tin_6_bai_17/sgv_tin_6_bai_17.md,draft,Top-1 từ SQLite FTS theo tên bài học.,false,
HNMU-G6-R0234-STT9,6,Bài 17: Chương trình máy tính,"Mục 1, Trang 78",LM-SGV-TIN6-4918798731#F0373,SGV,Bài 17. CHƯƠNG TRÌNH MÁY TÍNH,91,shared/learning_resources/ocr_text/sgv_tin_hoc_6/sgv_tin_6_bai_17/sgv_tin_6_bai_17.md,draft,Top-1 từ SQLite FTS theo tên bài học.,false,
HNMU-G6-R0235-STT10,6,Bài 17: Chương trình máy tính,"Hình 6.13, Trang 79",LM-SGV-TIN6-4918798731#F0373,SGV,Bài 17. CHƯƠNG TRÌNH MÁY TÍNH,91,shared/learning_resources/ocr_text/sgv_tin_hoc_6/sgv_tin_6_bai_17/sgv_tin_6_bai_17.md,draft,Top-1 từ SQLite FTS theo tên bài học.,false,
HNMU-G6-R0236-STT11,6,Bài 17: Chương trình máy tính,"Hoạt động 1, Trang 79",LM-SGV-TIN6-4918798731#F0372,SGV,Bài 17. CHƯƠNG TRÌNH MÁY TÍNH,91,shared/learning_resources/ocr_text/sgv_tin_hoc_6/sgv_tin_6_bai_17/sgv_tin_6_bai_17.md,draft,Top-1 từ SQLite FTS theo đáp án SGV và metadata bài học.,false,
HNMU-G6-R0237-STT12,6,Bài 17: Chương trình máy tính,"Luyện tập 2, Trang 81",LM-SGK-TIN6-0001#F0221,SGK,Bài 17. CHƯƠNG TRÌNH MÁY TÍNH,74,shared/learning_resources/ocr_text/sgk_tin_hoc_6/tin_6_bai_17/tin_6_bai_17.md,draft,Top-1 từ SQLite FTS theo câu hỏi và metadata bài học.,false,
HNMU-G6-R0238-STT13,6,Bài 17: Chương trình máy tính,"Vận dụng 1, Trang 81",LM-SGK-TIN6-0001#F0223,SGK,Bài 17. CHƯƠNG TRÌNH MÁY TÍNH,74,shared/learning_resources/ocr_text/sgk_tin_hoc_6/tin_6_bai_17/tin_6_bai_17.md,draft,Top-1 từ SQLite FTS theo câu hỏi và metadata bài học.,false,
HNMU-G6-R0239-STT14,6,Bài 17: Chương trình máy tính,"Vận dụng 2, Trang 81",LM-SGV-TIN6-4918798731#F0373,SGV,Bài 17. CHƯƠNG TRÌNH MÁY TÍNH,91,shared/learning_resources/ocr_text/sgv_tin_hoc_6/sgv_tin_6_bai_17/sgv_tin_6_bai_17.md,draft,Top-1 từ SQLite FTS theo tên bài học.,false,
HNMU-G7-R0002-STT1,7,Bài 1. Thiết bị vào - ra,"Mục 1, Trang 5 SGK",LM-SGK-TIN7-0001#F0010,SGK,Bài 1. THIẾT BỊ VÀO – RA,9,shared/learning_resources/ocr_text/sgk_tin_hoc_7/tin_7_bai_1/tin_7_bai_1.md,draft,Top-1 từ SQLite FTS theo câu hỏi và metadata bài học.,false,
HNMU-G7-R0003-STT2,7,Bài 1. Thiết bị vào - ra,"Mục 1, Trang 5 SGK",LM-SGK-TIN7-0001#F0010,SGK,Bài 1. THIẾT BỊ VÀO – RA,9,shared/learning_resources/ocr_text/sgk_tin_hoc_7/tin_7_bai_1/tin_7_bai_1.md,draft,Top-1 từ SQLite FTS theo câu hỏi và metadata bài học.,false,
HNMU-G7-R0004-STT3,7,Bài 1. Thiết bị vào - ra,"Câu 1, Trang 31 SGV",LM-SGV-TIN7-4920462481#F0049,SGV,Bài 1. THIẾT BỊ VÀO – RA,18,shared/learning_resources/ocr_text/sgv_tin_hoc_7/sgv_tin_7_bai_1/sgv_tin_7_bai_1.md,draft,Top-1 từ SQLite FTS theo tên bài học.,false,
HNMU-G7-R0005-STT4,7,Bài 1. Thiết bị vào - ra,"Mục 1, Trang 7 SGK",LM-SGK-TIN7-0001#F0004,SGK,Bài 1. THIẾT BỊ VÀO – RA,6,shared/learning_resources/ocr_text/sgk_tin_hoc_7/tin_7_bai_1/tin_7_bai_1.md,draft,Top-1 từ SQLite FTS theo đáp án SGV và metadata bài học.,false,
HNMU-G7-R0006-STT5,7,Bài 1. Thiết bị vào - ra,"Mục 1, Trang 5 SGK",LM-SGK-TIN7-0001#F0004,SGK,Bài 1. THIẾT BỊ VÀO – RA,6,shared/learning_resources/ocr_text/sgk_tin_hoc_7/tin_7_bai_1/tin_7_bai_1.md,draft,Top-1 từ SQLite FTS theo tên bài học.,false,
HNMU-G7-R0007-STT6,7,Bài 1. Thiết bị vào - ra,"Câu hỏi 2, Trang 9 SGK",LM-SGK-TIN7-0001#F0009,SGK,Bài 1. THIẾT BỊ VÀO – RA,9,shared/learning_resources/ocr_text/sgk_tin_hoc_7/tin_7_bai_1/tin_7_bai_1.md,draft,Top-1 từ SQLite FTS theo câu hỏi và metadata bài học.,false,
HNMU-G7-R0008-STT7,7,Bài 1. Thiết bị vào - ra,"Câu 2, Trang 31 SGV",LM-SGV-TIN7-4920462481#F0038,SGV,Bài 1. THIẾT BỊ VÀO – RA,16,shared/learning_resources/ocr_text/sgv_tin_hoc_7/sgv_tin_7_bai_1/sgv_tin_7_bai_1.md,draft,Top-1 từ SQLite FTS theo đáp án SGV và metadata bài học.,false,
HNMU-G7-R0009-STT8,7,Bài 1. Thiết bị vào - ra,"Vận dụng 1, Trang 9 SGK",LM-SGK-TIN7-0001#F0004,SGK,Bài 1. THIẾT BỊ VÀO – RA,6,shared/learning_resources/ocr_text/sgk_tin_hoc_7/tin_7_bai_1/tin_7_bai_1.md,draft,Top-1 từ SQLite FTS theo tên bài học.,false,
HNMU-G7-R0010-STT9,7,Bài 1. Thiết bị vào - ra,"Mục 1, Trang 6 SGK",LM-SGK-TIN7-0001#F0004,SGK,Bài 1. THIẾT BỊ VÀO – RA,6,shared/learning_resources/ocr_text/sgk_tin_hoc_7/tin_7_bai_1/tin_7_bai_1.md,draft,Top-1 từ SQLite FTS theo tên bài học.,false,
HNMU-G7-R0011-STT10,7,Bài 1. Thiết bị vào - ra,"Mục 1, Trang 6 SGK",LM-SGK-TIN7-0001#F0004,SGK,Bài 1. THIẾT BỊ VÀO – RA,6,shared/learning_resources/ocr_text/sgk_tin_hoc_7/tin_7_bai_1/tin_7_bai_1.md,draft,Top-1 từ SQLite FTS theo tên bài học.,false,
HNMU-G7-R0012-STT11,7,Bài 1. Thiết bị vào - ra,"Câu 4, Trang 31 SGV",LM-SGV-TIN7-4920462481#F0049,SGV,Bài 1. THIẾT BỊ VÀO – RA,18,shared/learning_resources/ocr_text/sgv_tin_hoc_7/sgv_tin_7_bai_1/sgv_tin_7_bai_1.md,draft,Top-1 từ SQLite FTS theo tên bài học.,false,
HNMU-G7-R0013-STT12,7,Bài 1. Thiết bị vào - ra,"Vận dụng 2, Trang 9 SGK",LM-SGK-TIN7-0001#F0004,SGK,Bài 1. THIẾT BỊ VÀO – RA,6,shared/learning_resources/ocr_text/sgk_tin_hoc_7/tin_7_bai_1/tin_7_bai_1.md,draft,Top-1 từ SQLite FTS theo tên bài học.,false,
HNMU-G7-R0014-STT13,7,Bài 1. Thiết bị vào - ra,Vận dụng thực tế,LM-SGK-TIN7-0001#F0004,SGK,Bài 1. THIẾT BỊ VÀO – RA,6,shared/learning_resources/ocr_text/sgk_tin_hoc_7/tin_7_bai_1/tin_7_bai_1.md,draft,Top-1 từ SQLite FTS theo tên bài học.,false,
HNMU-G7-R0015-STT14,7,Bài 1. Thiết bị vào - ra,Vận dụng thực tế,LM-SGK-TIN7-0001#F0004,SGK,Bài 1. THIẾT BỊ VÀO – RA,6,shared/learning_resources/ocr_text/sgk_tin_hoc_7/tin_7_bai_1/tin_7_bai_1.md,draft,Top-1 từ SQLite FTS theo tên bài học.,false,
HNMU-G7-R0016-STT1,7,Bài 2. Phần mềm máy tính,"Mục 1, Trang 11 SGK",LM-SGK-TIN7-0001#F0014,SGK,Bài 2. PHẦN MỀM MÁY TÍNH,10,shared/learning_resources/ocr_text/sgk_tin_hoc_7/tin_7_bai_2/tin_7_bai_2.md,draft,Top-1 từ SQLite FTS theo câu hỏi và metadata bài học.,false,
HNMU-G7-R0017-STT2,7,Bài 2. Phần mềm máy tính,"Câu 1, Trang 31 SGV",LM-SGV-TIN7-4920462481#F0063,SGV,Bài 2. PHẦN MỀM MÁY TÍNH,22,shared/learning_resources/ocr_text/sgv_tin_hoc_7/sgv_tin_7_bai_2/sgv_tin_7_bai_2.md,draft,Top-1 từ SQLite FTS theo tên bài học.,false,
HNMU-G7-R0018-STT3,7,Bài 2. Phần mềm máy tính,"Mục 2, Trang 12 SGK",LM-SGK-TIN7-0001#F0012,SGK,Bài 2. PHẦN MỀM MÁY TÍNH,10,shared/learning_resources/ocr_text/sgk_tin_hoc_7/tin_7_bai_2/tin_7_bai_2.md,draft,Top-1 từ SQLite FTS theo câu hỏi và metadata bài học.,false,
HNMU-G7-R0019-STT4,7,Bài 2. Phần mềm máy tính,"Lưu ý, Trang 24 SGV",LM-SGV-TIN7-4920462481#F0063,SGV,Bài 2. PHẦN MỀM MÁY TÍNH,22,shared/learning_resources/ocr_text/sgv_tin_hoc_7/sgv_tin_7_bai_2/sgv_tin_7_bai_2.md,draft,Top-1 từ SQLite FTS theo tên bài học.,false,
HNMU-G7-R0020-STT5,7,Bài 2. Phần mềm máy tính,"Mục 1, Trang 10 SGK",LM-SGK-TIN7-0001#F0012,SGK,Bài 2. PHẦN MỀM MÁY TÍNH,10,shared/learning_resources/ocr_text/sgk_tin_hoc_7/tin_7_bai_2/tin_7_bai_2.md,draft,Top-1 từ SQLite FTS theo tên bài học.,false,
HNMU-G7-R0021-STT6,7,Bài 2. Phần mềm máy tính,"Mục 2, Trang 12 SGK",LM-SGK-TIN7-0001#F0012,SGK,Bài 2. PHẦN MỀM MÁY TÍNH,10,shared/learning_resources/ocr_text/sgk_tin_hoc_7/tin_7_bai_2/tin_7_bai_2.md,draft,Top-1 từ SQLite FTS theo câu hỏi và metadata bài học.,false,
HNMU-G7-R0022-STT7,7,Bài 2. Phần mềm máy tính,"Hộp kiến thức, Trang 24 SGV",LM-SGV-TIN7-4920462481#F0063,SGV,Bài 2. PHẦN MỀM MÁY TÍNH,22,shared/learning_resources/ocr_text/sgv_tin_hoc_7/sgv_tin_7_bai_2/sgv_tin_7_bai_2.md,draft,Top-1 từ SQLite FTS theo tên bài học.,false,
HNMU-G7-R0023-STT8,7,Bài 2. Phần mềm máy tính,"Hộp kiến thức, Trang 24 SGV",LM-SGV-TIN7-4920462481#F0063,SGV,Bài 2. PHẦN MỀM MÁY TÍNH,22,shared/learning_resources/ocr_text/sgv_tin_hoc_7/sgv_tin_7_bai_2/sgv_tin_7_bai_2.md,draft,Top-1 từ SQLite FTS theo tên bài học.,false,
HNMU-G7-R0024-STT9,7,Bài 2. Phần mềm máy tính,"Hoạt động khởi động, Trang 22 SGV",LM-SGV-TIN7-4920462481#F0063,SGV,Bài 2. PHẦN MỀM MÁY TÍNH,22,shared/learning_resources/ocr_text/sgv_tin_hoc_7/sgv_tin_7_bai_2/sgv_tin_7_bai_2.md,draft,Top-1 từ SQLite FTS theo tên bài học.,false,
HNMU-G7-R0025-STT10,7,Bài 2. Phần mềm máy tính,"Mục 2, Trang 12 SGK",LM-SGK-TIN7-0001#F0012,SGK,Bài 2. PHẦN MỀM MÁY TÍNH,10,shared/learning_resources/ocr_text/sgk_tin_hoc_7/tin_7_bai_2/tin_7_bai_2.md,draft,Top-1 từ SQLite FTS theo tên bài học.,false,
HNMU-G7-R0026-STT11,7,Bài 2. Phần mềm máy tính,"Mục 2, Trang 12 SGK",LM-SGK-TIN7-0001#F0012,SGK,Bài 2. PHẦN MỀM MÁY TÍNH,10,shared/learning_resources/ocr_text/sgk_tin_hoc_7/tin_7_bai_2/tin_7_bai_2.md,draft,Top-1 từ SQLite FTS theo tên bài học.,false,
HNMU-G7-R0027-STT12,7,Bài 2. Phần mềm máy tính,"Mục 2, Trang 11 SGK",LM-SGK-TIN7-0001#F0012,SGK,Bài 2. PHẦN MỀM MÁY TÍNH,10,shared/learning_resources/ocr_text/sgk_tin_hoc_7/tin_7_bai_2/tin_7_bai_2.md,draft,Top-1 từ SQLite FTS theo tên bài học.,false,
HNMU-G7-R0028-STT13,7,Bài 2. Phần mềm máy tính,Vận dụng thực tế,LM-SGV-TIN7-4920462481#F0063,SGV,Bài 2. PHẦN MỀM MÁY TÍNH,22,shared/learning_resources/ocr_text/sgv_tin_hoc_7/sgv_tin_7_bai_2/sgv_tin_7_bai_2.md,draft,Top-1 từ SQLite FTS theo tên bài học.,false,
HNMU-G7-R0029-STT14,7,Bài 2. Phần mềm máy tính,Vận dụng thực tế,LM-SGV-TIN7-4920462481#F0063,SGV,Bài 2. PHẦN MỀM MÁY TÍNH,22,shared/learning_resources/ocr_text/sgv_tin_hoc_7/sgv_tin_7_bai_2/sgv_tin_7_bai_2.md,draft,Top-1 từ SQLite FTS theo tên bài học.,false,
HNMU-G7-R0030-STT1,7,Bài 3. Quản lí dữ liệu trong máy tính,"Mục 1, Trang 13 SGK",LM-SGK-TIN7-0001#F0026,SGK,Bài 3. QUẢN LÝ DỮ LIỆU TRONG MÁY TÍNH,14,shared/learning_resources/ocr_text/sgk_tin_hoc_7/tin_7_bai_3/tin_7_bai_3.md,draft,Top-1 từ SQLite FTS theo câu hỏi và metadata bài học.,false,
HNMU-G7-R0031-STT2,7,Bài 3. Quản lí dữ liệu trong máy tính,"Mục 1, Trang 14 SGK",LM-SGK-TIN7-0001#F0025,SGK,Bài 3. QUẢN LÝ DỮ LIỆU TRONG MÁY TÍNH,13,shared/learning_resources/ocr_text/sgk_tin_hoc_7/tin_7_bai_3/tin_7_bai_3.md,draft,Top-1 từ SQLite FTS theo câu hỏi và metadata bài học.,false,
HNMU-G7-R0032-STT3,7,Bài 3. Quản lí dữ liệu trong máy tính,"Mục 2, Trang 14-15 SGK",LM-SGK-TIN7-0001#F0025,SGK,Bài 3. QUẢN LÝ DỮ LIỆU TRONG MÁY TÍNH,13,shared/learning_resources/ocr_text/sgk_tin_hoc_7/tin_7_bai_3/tin_7_bai_3.md,draft,Top-1 từ SQLite FTS theo tên bài học.,false,
HNMU-G7-R0033-STT4,7,Bài 3. Quản lí dữ liệu trong máy tính,"Luyện tập 1, Trang 17 SGK",LM-SGK-TIN7-0001#F0035,SGK,Bài 3. QUẢN LÝ DỮ LIỆU TRONG MÁY TÍNH,16,shared/learning_resources/ocr_text/sgk_tin_hoc_7/tin_7_bai_3/tin_7_bai_3.md,draft,Top-1 từ SQLite FTS theo đáp án SGV và metadata bài học.,false,
HNMU-G7-R0034-STT5,7,Bài 3. Quản lí dữ liệu trong máy tính,"Mục 1, Trang 13 SGK",LM-SGK-TIN7-0001#F0026,SGK,Bài 3. QUẢN LÝ DỮ LIỆU TRONG MÁY TÍNH,14,shared/learning_resources/ocr_text/sgk_tin_hoc_7/tin_7_bai_3/tin_7_bai_3.md,draft,Top-1 từ SQLite FTS theo đáp án SGV và metadata bài học.,false,
HNMU-G7-R0035-STT6,7,Bài 3. Quản lí dữ liệu trong máy tính,"Mục 2, Trang 15 SGK",LM-SGK-TIN7-0001#F0025,SGK,Bài 3. QUẢN LÝ DỮ LIỆU TRONG MÁY TÍNH,13,shared/learning_resources/ocr_text/sgk_tin_hoc_7/tin_7_bai_3/tin_7_bai_3.md,draft,Top-1 từ SQLite FTS theo tên bài học.,false,
HNMU-G7-R0036-STT7,7,Bài 3. Quản lí dữ liệu trong máy tính,"Mục 1, Trang 14 SGK",LM-SGK-TIN7-0001#F0025,SGK,Bài 3. QUẢN LÝ DỮ LIỆU TRONG MÁY TÍNH,13,shared/learning_resources/ocr_text/sgk_tin_hoc_7/tin_7_bai_3/tin_7_bai_3.md,draft,Top-1 từ SQLite FTS theo tên bài học.,false,
HNMU-G7-R0037-STT8,7,Bài 3. Quản lí dữ liệu trong máy tính,"Mục 2, Trang 14 SGK",LM-SGK-TIN7-0001#F0025,SGK,Bài 3. QUẢN LÝ DỮ LIỆU TRONG MÁY TÍNH,13,shared/learning_resources/ocr_text/sgk_tin_hoc_7/tin_7_bai_3/tin_7_bai_3.md,draft,Top-1 từ SQLite FTS theo tên bài học.,false,
HNMU-G7-R0038-STT9,7,Bài 3. Quản lí dữ liệu trong máy tính,"Luyện tập 2, Trang 17 SGK",LM-SGK-TIN7-0001#F0025,SGK,Bài 3. QUẢN LÝ DỮ LIỆU TRONG MÁY TÍNH,13,shared/learning_resources/ocr_text/sgk_tin_hoc_7/tin_7_bai_3/tin_7_bai_3.md,draft,Top-1 từ SQLite FTS theo tên bài học.,false,
HNMU-G7-R0039-STT10,7,Bài 3. Quản lí dữ liệu trong máy tính,"Mục 2, Trang 15 SGK",LM-SGK-TIN7-0001#F0025,SGK,Bài 3. QUẢN LÝ DỮ LIỆU TRONG MÁY TÍNH,13,shared/learning_resources/ocr_text/sgk_tin_hoc_7/tin_7_bai_3/tin_7_bai_3.md,draft,Top-1 từ SQLite FTS theo tên bài học.,false,
HNMU-G7-R0040-STT11,7,Bài 3. Quản lí dữ liệu trong máy tính,Trang 29 SGV,LM-SGV-TIN7-4920462481#F0104,SGV,Bài 3. QUẢN LÝ DỮ LIỆU TRONG MÁY TÍNH,28,shared/learning_resources/ocr_text/sgv_tin_hoc_7/sgv_tin_7_bai_3/sgv_tin_7_bai_3.md,draft,Top-1 từ SQLite FTS theo tên bài học.,false,
HNMU-G7-R0041-STT12,7,Bài 3. Quản lí dữ liệu trong máy tính,"Vận dụng 1, Trang 17 SGK",LM-SGK-TIN7-0001#F0025,SGK,Bài 3. QUẢN LÝ DỮ LIỆU TRONG MÁY TÍNH,13,shared/learning_resources/ocr_text/sgk_tin_hoc_7/tin_7_bai_3/tin_7_bai_3.md,draft,Top-1 từ SQLite FTS theo tên bài học.,false,
HNMU-G7-R0042-STT13,7,Bài 3. Quản lí dữ liệu trong máy tính,Mục 3. Trang 17 SGK,LM-SGK-TIN7-0001#F0025,SGK,Bài 3. QUẢN LÝ DỮ LIỆU TRONG MÁY TÍNH,13,shared/learning_resources/ocr_text/sgk_tin_hoc_7/tin_7_bai_3/tin_7_bai_3.md,draft,Top-1 từ SQLite FTS theo tên bài học.,false,
HNMU-G7-R0043-STT14,7,Bài 3. Quản lí dữ liệu trong máy tính,Mục 2. Trang 14-15 SGK,LM-SGK-TIN7-0001#F0025,SGK,Bài 3. QUẢN LÝ DỮ LIỆU TRONG MÁY TÍNH,13,shared/learning_resources/ocr_text/sgk_tin_hoc_7/tin_7_bai_3/tin_7_bai_3.md,draft,Top-1 từ SQLite FTS theo tên bài học.,false,
HNMU-G7-R0044-STT1,7,Bài 4. Mạng xã hội và một số kênh trao đổi thông tin trên Internet,"Mục 1.b, Trang 19 SGK",LM-SGK-TIN7-0001#F0041,SGK,Bài 4. MẠNG XÃ HỘI VÀ MỘT SỐ KÊNH TRAO ĐỔI THÔNG TIN TRÊN INTERNET,18,shared/learning_resources/ocr_text/sgk_tin_hoc_7/tin_7_bai_4/tin_7_bai_4.md,draft,Top-1 từ SQLite FTS theo tên bài học.,false,
HNMU-G7-R0045-STT2,7,Bài 4. Mạng xã hội và một số kênh trao đổi thông tin trên Internet,"Mục 1.b, Trang 19 SGK",LM-SGK-TIN7-0001#F0041,SGK,Bài 4. MẠNG XÃ HỘI VÀ MỘT SỐ KÊNH TRAO ĐỔI THÔNG TIN TRÊN INTERNET,18,shared/learning_resources/ocr_text/sgk_tin_hoc_7/tin_7_bai_4/tin_7_bai_4.md,draft,Top-1 từ SQLite FTS theo tên bài học.,false,
HNMU-G7-R0046-STT3,7,Bài 4. Mạng xã hội và một số kênh trao đổi thông tin trên Internet,"Mục 1.b, Trang 19 SGK",LM-SGK-TIN7-0001#F0041,SGK,Bài 4. MẠNG XÃ HỘI VÀ MỘT SỐ KÊNH TRAO ĐỔI THÔNG TIN TRÊN INTERNET,18,shared/learning_resources/ocr_text/sgk_tin_hoc_7/tin_7_bai_4/tin_7_bai_4.md,draft,Top-1 từ SQLite FTS theo tên bài học.,false,
HNMU-G7-R0047-STT4,7,Bài 4. Mạng xã hội và một số kênh trao đổi thông tin trên Internet,"Mục 1.b, Trang 19 SGK",LM-SGK-TIN7-0001#F0046,SGK,Bài 4. MẠNG XÃ HỘI VÀ MỘT SỐ KÊNH TRAO ĐỔI THÔNG TIN TRÊN INTERNET,19,shared/learning_resources/ocr_text/sgk_tin_hoc_7/tin_7_bai_4/tin_7_bai_4.md,draft,Top-1 từ SQLite FTS theo đáp án SGV và metadata bài học.,false,
HNMU-G7-R0048-STT5,7,Bài 4. Mạng xã hội và một số kênh trao đổi thông tin trên Internet,"Mục 1, Trang 19 SGK",LM-SGK-TIN7-0001#F0041,SGK,Bài 4. MẠNG XÃ HỘI VÀ MỘT SỐ KÊNH TRAO ĐỔI THÔNG TIN TRÊN INTERNET,18,shared/learning_resources/ocr_text/sgk_tin_hoc_7/tin_7_bai_4/tin_7_bai_4.md,draft,Top-1 từ SQLite FTS theo tên bài học.,false,
HNMU-G7-R0049-STT6,7,Bài 4. Mạng xã hội và một số kênh trao đổi thông tin trên Internet,"Mục 1, Trang 19 SGK",LM-SGK-TIN7-0001#F0041,SGK,Bài 4. MẠNG XÃ HỘI VÀ MỘT SỐ KÊNH TRAO ĐỔI THÔNG TIN TRÊN INTERNET,18,shared/learning_resources/ocr_text/sgk_tin_hoc_7/tin_7_bai_4/tin_7_bai_4.md,draft,Top-1 từ SQLite FTS theo tên bài học.,false,
HNMU-G7-R0050-STT7,7,Bài 4. Mạng xã hội và một số kênh trao đổi thông tin trên Internet,Luyện tâp 2.c. Trang 22 SGK,LM-SGK-TIN7-0001#F0041,SGK,Bài 4. MẠNG XÃ HỘI VÀ MỘT SỐ KÊNH TRAO ĐỔI THÔNG TIN TRÊN INTERNET,18,shared/learning_resources/ocr_text/sgk_tin_hoc_7/tin_7_bai_4/tin_7_bai_4.md,draft,Top-1 từ SQLite FTS theo tên bài học.,false,
HNMU-G7-R0051-STT8,7,Bài 4. Mạng xã hội và một số kênh trao đổi thông tin trên Internet,Mục 1.b. Trang 19 SGK,LM-SGK-TIN7-0001#F0041,SGK,Bài 4. MẠNG XÃ HỘI VÀ MỘT SỐ KÊNH TRAO ĐỔI THÔNG TIN TRÊN INTERNET,18,shared/learning_resources/ocr_text/sgk_tin_hoc_7/tin_7_bai_4/tin_7_bai_4.md,draft,Top-1 từ SQLite FTS theo tên bài học.,false,
HNMU-G7-R0052-STT9,7,Bài 4. Mạng xã hội và một số kênh trao đổi thông tin trên Internet,"Lưu ý, Trang 36 SGV",LM-SGV-TIN7-4920462481#F0127,SGV,Bài 4. MẠNG XÃ HỘI VÀ MỘT SỐ KÊNH TRAO ĐỔI THÔNG TIN TRÊN INTERNET,33,shared/learning_resources/ocr_text/sgv_tin_hoc_7/sgv_tin_7_bai_4/sgv_tin_7_bai_4.md,draft,Top-1 từ SQLite FTS theo tên bài học.,false,
HNMU-G7-R0053-STT10,7,Bài 4. Mạng xã hội và một số kênh trao đổi thông tin trên Internet,Mục 1. Trang 19 SGK,LM-SGK-TIN7-0001#F0041,SGK,Bài 4. MẠNG XÃ HỘI VÀ MỘT SỐ KÊNH TRAO ĐỔI THÔNG TIN TRÊN INTERNET,18,shared/learning_resources/ocr_text/sgk_tin_hoc_7/tin_7_bai_4/tin_7_bai_4.md,draft,Top-1 từ SQLite FTS theo tên bài học.,false,
HNMU-G7-R0054-STT11,7,Bài 4. Mạng xã hội và một số kênh trao đổi thông tin trên Internet,Vận dụng thực tế,LM-SGK-TIN7-0001#F0041,SGK,Bài 4. MẠNG XÃ HỘI VÀ MỘT SỐ KÊNH TRAO ĐỔI THÔNG TIN TRÊN INTERNET,18,shared/learning_resources/ocr_text/sgk_tin_hoc_7/tin_7_bai_4/tin_7_bai_4.md,draft,Top-1 từ SQLite FTS theo tên bài học.,false,
HNMU-G7-R0055-STT12,7,Bài 4. Mạng xã hội và một số kênh trao đổi thông tin trên Internet,Vận dung thực tế,LM-SGK-TIN7-0001#F0041,SGK,Bài 4. MẠNG XÃ HỘI VÀ MỘT SỐ KÊNH TRAO ĐỔI THÔNG TIN TRÊN INTERNET,18,shared/learning_resources/ocr_text/sgk_tin_hoc_7/tin_7_bai_4/tin_7_bai_4.md,draft,Top-1 từ SQLite FTS theo tên bài học.,false,
HNMU-G7-R0056-STT13,7,Bài 4. Mạng xã hội và một số kênh trao đổi thông tin trên Internet,"Mục 1, Trang 19 SGK",LM-SGK-TIN7-0001#F0041,SGK,Bài 4. MẠNG XÃ HỘI VÀ MỘT SỐ KÊNH TRAO ĐỔI THÔNG TIN TRÊN INTERNET,18,shared/learning_resources/ocr_text/sgk_tin_hoc_7/tin_7_bai_4/tin_7_bai_4.md,draft,Top-1 từ SQLite FTS theo tên bài học.,false,
HNMU-G7-R0057-STT14,7,Bài 4. Mạng xã hội và một số kênh trao đổi thông tin trên Internet,Vận dụng thực tế,LM-SGK-TIN7-0001#F0041,SGK,Bài 4. MẠNG XÃ HỘI VÀ MỘT SỐ KÊNH TRAO ĐỔI THÔNG TIN TRÊN INTERNET,18,shared/learning_resources/ocr_text/sgk_tin_hoc_7/tin_7_bai_4/tin_7_bai_4.md,draft,Top-1 từ SQLite FTS theo tên bài học.,false,
HNMU-G7-R0058-STT1,7,Bài 5. Ứng xử trên mạng,"Mục 1, Trang 23-24 SGK",LM-SGK-TIN7-0001#F0057,SGK,Bài 5,23,shared/learning_resources/ocr_text/sgk_tin_hoc_7/tin_7_bai_5/tin_7_bai_5.md,draft,Top-1 từ SQLite FTS theo tên bài học.,false,
HNMU-G7-R0059-STT2,7,Bài 5. Ứng xử trên mạng,"Luyện tập 1, Trang 27 SGK",LM-SGK-TIN7-0001#F0057,SGK,Bài 5,23,shared/learning_resources/ocr_text/sgk_tin_hoc_7/tin_7_bai_5/tin_7_bai_5.md,draft,Top-1 từ SQLite FTS theo tên bài học.,false,
HNMU-G7-R0060-STT3,7,Bài 5. Ứng xử trên mạng,"Câu hỏi 1, Trang 24 SGK",LM-SGK-TIN7-0001#F0057,SGK,Bài 5,23,shared/learning_resources/ocr_text/sgk_tin_hoc_7/tin_7_bai_5/tin_7_bai_5.md,draft,Top-1 từ SQLite FTS theo tên bài học.,false,
HNMU-G7-R0061-STT4,7,Bài 5. Ứng xử trên mạng,"Mục 2, Trang 25-26 SGK",LM-SGK-TIN7-0001#F0057,SGK,Bài 5,23,shared/learning_resources/ocr_text/sgk_tin_hoc_7/tin_7_bai_5/tin_7_bai_5.md,draft,Top-1 từ SQLite FTS theo tên bài học.,false,
HNMU-G7-R0062-STT5,7,Bài 5. Ứng xử trên mạng,"Mục 2, Trang 24 SGK",LM-SGK-TIN7-0001#F0060,SGK,Bài 5,24,shared/learning_resources/ocr_text/sgk_tin_hoc_7/tin_7_bai_5/tin_7_bai_5.md,draft,Top-1 từ SQLite FTS theo câu hỏi và metadata bài học.,false,
HNMU-G7-R0063-STT6,7,Bài 5. Ứng xử trên mạng,"Mục 2, Trang 24 SGK",LM-SGK-TIN7-0001#F0057,SGK,Bài 5,23,shared/learning_resources/ocr_text/sgk_tin_hoc_7/tin_7_bai_5/tin_7_bai_5.md,draft,Top-1 từ SQLite FTS theo tên bài học.,false,
HNMU-G7-R0064-STT7,7,Bài 5. Ứng xử trên mạng,"Mục 3, Trang 26 SGK",LM-SGK-TIN7-0001#F0057,SGK,Bài 5,23,shared/learning_resources/ocr_text/sgk_tin_hoc_7/tin_7_bai_5/tin_7_bai_5.md,draft,Top-1 từ SQLite FTS theo tên bài học.,false,
HNMU-G7-R0065-STT8,7,Bài 5. Ứng xử trên mạng,"Hoạt động 5, Trang 26 SGK",LM-SGK-TIN7-0001#F0057,SGK,Bài 5,23,shared/learning_resources/ocr_text/sgk_tin_hoc_7/tin_7_bai_5/tin_7_bai_5.md,draft,Top-1 từ SQLite FTS theo tên bài học.,false,
HNMU-G7-R0066-STT9,7,Bài 5. Ứng xử trên mạng,"Lưu ý, Trang 36 SGV",LM-SGV-TIN7-4920462481#F0147,SGV,Bài 5. ỨNG XỬ TRÊN MẠNG,37,shared/learning_resources/ocr_text/sgv_tin_hoc_7/sgv_tin_7_bai_5/sgv_tin_7_bai_5.md,draft,Top-1 từ SQLite FTS theo tên bài học.,false,
HNMU-G7-R0067-STT10,7,Bài 5. Ứng xử trên mạng,"Mục 3, Trang 26 SGK",LM-SGK-TIN7-0001#F0057,SGK,Bài 5,23,shared/learning_resources/ocr_text/sgk_tin_hoc_7/tin_7_bai_5/tin_7_bai_5.md,draft,Top-1 từ SQLite FTS theo tên bài học.,false,
HNMU-G7-R0068-STT11,7,Bài 5. Ứng xử trên mạng,"Vận dụng 2, Trang 27 SGK",LM-SGK-TIN7-0001#F0069,SGK,Bài 5,27,shared/learning_resources/ocr_text/sgk_tin_hoc_7/tin_7_bai_5/tin_7_bai_5.md,draft,Top-1 từ SQLite FTS theo câu hỏi và metadata bài học.,false,
HNMU-G7-R0069-STT12,7,Bài 5. Ứng xử trên mạng,Vận dụng thực tế,LM-SGV-TIN7-4920462481#F0147,SGV,Bài 5. ỨNG XỬ TRÊN MẠNG,37,shared/learning_resources/ocr_text/sgv_tin_hoc_7/sgv_tin_7_bai_5/sgv_tin_7_bai_5.md,draft,Top-1 từ SQLite FTS theo tên bài học.,false,
HNMU-G7-R0070-STT13,7,Bài 5. Ứng xử trên mạng,Vận dụng thực tế,LM-SGV-TIN7-4920462481#F0147,SGV,Bài 5. ỨNG XỬ TRÊN MẠNG,37,shared/learning_resources/ocr_text/sgv_tin_hoc_7/sgv_tin_7_bai_5/sgv_tin_7_bai_5.md,draft,Top-1 từ SQLite FTS theo tên bài học.,false,
HNMU-G7-R0071-STT14,7,Bài 5. Ứng xử trên mạng,"Vận dụng 1, Trang 27 SGK",LM-SGK-TIN7-0001#F0057,SGK,Bài 5,23,shared/learning_resources/ocr_text/sgk_tin_hoc_7/tin_7_bai_5/tin_7_bai_5.md,draft,Top-1 từ SQLite FTS theo tên bài học.,false,
HNMU-G7-R0072-STT1,7,Bài 6: Làm quen với phần mềm bảng tính,Mục 1. Giao diện (Tr. 41 SGK),LM-SGK-TIN7-0001#F0073,SGK,Bài 6. LÀM QUEN VỚI PHẦN MỀM BẢNG TÍNH,29,shared/learning_resources/ocr_text/sgk_tin_hoc_7/tin_7_bai_6/tin_7_bai_6.md,draft,Top-1 từ SQLite FTS theo câu hỏi và metadata bài học.,false,
HNMU-G7-R0073-STT2,7,Bài 6: Làm quen với phần mềm bảng tính,Mục 1. Giao diện (Tr. 42 SGK),LM-SGK-TIN7-0001#F0073,SGK,Bài 6. LÀM QUEN VỚI PHẦN MỀM BẢNG TÍNH,29,shared/learning_resources/ocr_text/sgk_tin_hoc_7/tin_7_bai_6/tin_7_bai_6.md,draft,Top-1 từ SQLite FTS theo đáp án SGV và metadata bài học.,false,
HNMU-G7-R0074-STT3,7,Bài 6: Làm quen với phần mềm bảng tính,Mục 1. Giao diện (Tr. 42 SGK),LM-SGK-TIN7-0001#F0073,SGK,Bài 6. LÀM QUEN VỚI PHẦN MỀM BẢNG TÍNH,29,shared/learning_resources/ocr_text/sgk_tin_hoc_7/tin_7_bai_6/tin_7_bai_6.md,draft,Top-1 từ SQLite FTS theo đáp án SGV và metadata bài học.,false,
HNMU-G7-R0075-STT4,7,Bài 6: Làm quen với phần mềm bảng tính,Mục 1. Giao diện (Tr. 42 SGK),LM-SGK-TIN7-0001#F0073,SGK,Bài 6. LÀM QUEN VỚI PHẦN MỀM BẢNG TÍNH,29,shared/learning_resources/ocr_text/sgk_tin_hoc_7/tin_7_bai_6/tin_7_bai_6.md,draft,Top-1 từ SQLite FTS theo câu hỏi và metadata bài học.,false,
HNMU-G7-R0076-STT5,7,Bài 6: Làm quen với phần mềm bảng tính,Mục 1. Hoạt động 1 (Tr. 41 SGK),LM-SGK-TIN7-0001#F0070,SGK,Bài 6. LÀM QUEN VỚI PHẦN MỀM BẢNG TÍNH,28,shared/learning_resources/ocr_text/sgk_tin_hoc_7/tin_7_bai_6/tin_7_bai_6.md,draft,Top-1 từ SQLite FTS theo tên bài học.,false,
HNMU-G7-R0077-STT6,7,Bài 6: Làm quen với phần mềm bảng tính,Mục 1. Kiến thức mới (Tr. 42 SGK),LM-SGK-TIN7-0001#F0070,SGK,Bài 6. LÀM QUEN VỚI PHẦN MỀM BẢNG TÍNH,28,shared/learning_resources/ocr_text/sgk_tin_hoc_7/tin_7_bai_6/tin_7_bai_6.md,draft,Top-1 từ SQLite FTS theo tên bài học.,false,
HNMU-G7-R0078-STT7,7,Bài 6: Làm quen với phần mềm bảng tính,Mục 1. Giao diện (Tr. 42 SGK),LM-SGK-TIN7-0001#F0070,SGK,Bài 6. LÀM QUEN VỚI PHẦN MỀM BẢNG TÍNH,28,shared/learning_resources/ocr_text/sgk_tin_hoc_7/tin_7_bai_6/tin_7_bai_6.md,draft,Top-1 từ SQLite FTS theo tên bài học.,false,
HNMU-G7-R0079-STT8,7,Bài 6: Làm quen với phần mềm bảng tính,Mục 2. Nhập dữ liệu (Tr. 44 SGK),LM-SGK-TIN7-0001#F0070,SGK,Bài 6. LÀM QUEN VỚI PHẦN MỀM BẢNG TÍNH,28,shared/learning_resources/ocr_text/sgk_tin_hoc_7/tin_7_bai_6/tin_7_bai_6.md,draft,Top-1 từ SQLite FTS theo tên bài học.,false,
HNMU-G7-R0080-STT9,7,Bài 6: Làm quen với phần mềm bảng tính,Hình 4.2 (Tr. 42 SGK),LM-SGK-TIN7-0001#F0070,SGK,Bài 6. LÀM QUEN VỚI PHẦN MỀM BẢNG TÍNH,28,shared/learning_resources/ocr_text/sgk_tin_hoc_7/tin_7_bai_6/tin_7_bai_6.md,draft,Top-1 từ SQLite FTS theo tên bài học.,false,
HNMU-G7-R0081-STT10,7,Bài 6: Làm quen với phần mềm bảng tính,Mục 2. Lưu ý (Tr. 46 SGK),LM-SGK-TIN7-0001#F0070,SGK,Bài 6. LÀM QUEN VỚI PHẦN MỀM BẢNG TÍNH,28,shared/learning_resources/ocr_text/sgk_tin_hoc_7/tin_7_bai_6/tin_7_bai_6.md,draft,Top-1 từ SQLite FTS theo tên bài học.,false,
HNMU-G7-R0082-STT11,7,Bài 6: Làm quen với phần mềm bảng tính,Luyện tập 2 (Tr. 74 SGV),LM-SGV-TIN7-4920462481#F0181,SGV,Bài 6. LÀM QUEN VỚI PHẦN MỀM BẢNG TÍNH,43,shared/learning_resources/ocr_text/sgv_tin_hoc_7/sgv_tin_7_bai_6/sgv_tin_7_bai_6.md,draft,Top-1 từ SQLite FTS theo tên bài học.,false,
HNMU-G7-R0083-STT12,7,Bài 6: Làm quen với phần mềm bảng tính,Mục 1. Giao diện (Tr. 42 SGK),LM-SGK-TIN7-0001#F0070,SGK,Bài 6. LÀM QUEN VỚI PHẦN MỀM BẢNG TÍNH,28,shared/learning_resources/ocr_text/sgk_tin_hoc_7/tin_7_bai_6/tin_7_bai_6.md,draft,Top-1 từ SQLite FTS theo tên bài học.,false,
HNMU-G7-R0084-STT13,7,Bài 6: Làm quen với phần mềm bảng tính,Mục 3. Thực hành (Tr. 46 SGK),LM-SGK-TIN7-0001#F0070,SGK,Bài 6. LÀM QUEN VỚI PHẦN MỀM BẢNG TÍNH,28,shared/learning_resources/ocr_text/sgk_tin_hoc_7/tin_7_bai_6/tin_7_bai_6.md,draft,Top-1 từ SQLite FTS theo tên bài học.,false,
HNMU-G7-R0085-STT14,7,Bài 6: Làm quen với phần mềm bảng tính,SGV Tr. 74,LM-SGV-TIN7-4920462481#F0186,SGV,Bài 6. LÀM QUEN VỚI PHẦN MỀM BẢNG TÍNH,44,shared/learning_resources/ocr_text/sgv_tin_hoc_7/sgv_tin_7_bai_6/sgv_tin_7_bai_6.md,draft,Top-1 từ SQLite FTS theo đáp án SGV và metadata bài học.,false,
HNMU-G7-R0086-STT1,7,Bài 7: Tính toán tự động trên bảng tính,Mục 1. Kiểu dữ liệu (Tr. 47 SGK),LM-SGK-TIN7-0001#F0099,SGK,Bài 7. TÍNH TOÁN TỰ ĐỘNG TRÊN BẢNG TÍNH,35,shared/learning_resources/ocr_text/sgk_tin_hoc_7/tin_7_bai_7/tin_7_bai_7.md,draft,Top-1 từ SQLite FTS theo tên bài học.,false,
HNMU-G7-R0087-STT2,7,Bài 7: Tính toán tự động trên bảng tính,Mục 2. Công thức (Tr. 48 SGK),LM-SGK-TIN7-0001#F0099,SGK,Bài 7. TÍNH TOÁN TỰ ĐỘNG TRÊN BẢNG TÍNH,35,shared/learning_resources/ocr_text/sgk_tin_hoc_7/tin_7_bai_7/tin_7_bai_7.md,draft,Top-1 từ SQLite FTS theo tên bài học.,false,
HNMU-G7-R0088-STT3,7,Bài 7: Tính toán tự động trên bảng tính,Mục 2. Công thức (Tr. 48 SGK),LM-SGK-TIN7-0001#F0101,SGK,Bài 7. TÍNH TOÁN TỰ ĐỘNG TRÊN BẢNG TÍNH,35,shared/learning_resources/ocr_text/sgk_tin_hoc_7/tin_7_bai_7/tin_7_bai_7.md,draft,Top-1 từ SQLite FTS theo đáp án SGV và metadata bài học.,false,
HNMU-G7-R0089-STT4,7,Bài 7: Tính toán tự động trên bảng tính,Mục 2. Công thức (Tr. 48 SGK),LM-SGK-TIN7-0001#F0098,SGK,Bài 7. TÍNH TOÁN TỰ ĐỘNG TRÊN BẢNG TÍNH,34,shared/learning_resources/ocr_text/sgk_tin_hoc_7/tin_7_bai_7/tin_7_bai_7.md,draft,Top-1 từ SQLite FTS theo đáp án SGV và metadata bài học.,false,
HNMU-G7-R0090-STT5,7,Bài 7: Tính toán tự động trên bảng tính,Mục 2. Công thức (Tr. 48 SGK),LM-SGK-TIN7-0001#F0099,SGK,Bài 7. TÍNH TOÁN TỰ ĐỘNG TRÊN BẢNG TÍNH,35,shared/learning_resources/ocr_text/sgk_tin_hoc_7/tin_7_bai_7/tin_7_bai_7.md,draft,Top-1 từ SQLite FTS theo tên bài học.,false,
HNMU-G7-R0091-STT6,7,Bài 7: Tính toán tự động trên bảng tính,Mục 2. Kiến thức mới (Tr. 48 SGK),LM-SGK-TIN7-0001#F0099,SGK,Bài 7. TÍNH TOÁN TỰ ĐỘNG TRÊN BẢNG TÍNH,35,shared/learning_resources/ocr_text/sgk_tin_hoc_7/tin_7_bai_7/tin_7_bai_7.md,draft,Top-1 từ SQLite FTS theo tên bài học.,false,
HNMU-G7-R0092-STT7,7,Bài 7: Tính toán tự động trên bảng tính,Câu hỏi 2 (Tr. 48 SGK),LM-SGK-TIN7-0001#F0099,SGK,Bài 7. TÍNH TOÁN TỰ ĐỘNG TRÊN BẢNG TÍNH,35,shared/learning_resources/ocr_text/sgk_tin_hoc_7/tin_7_bai_7/tin_7_bai_7.md,draft,Top-1 từ SQLite FTS theo tên bài học.,false,
HNMU-G7-R0093-STT8,7,Bài 7: Tính toán tự động trên bảng tính,Mục 2. Công thức (Tr. 48 SGK),LM-SGK-TIN7-0001#F0099,SGK,Bài 7. TÍNH TOÁN TỰ ĐỘNG TRÊN BẢNG TÍNH,35,shared/learning_resources/ocr_text/sgk_tin_hoc_7/tin_7_bai_7/tin_7_bai_7.md,draft,Top-1 từ SQLite FTS theo tên bài học.,false,
HNMU-G7-R0094-STT9,7,Bài 7: Tính toán tự động trên bảng tính,Mục 2. Công thức (Tr. 48 SGK),LM-SGK-TIN7-0001#F0099,SGK,Bài 7. TÍNH TOÁN TỰ ĐỘNG TRÊN BẢNG TÍNH,35,shared/learning_resources/ocr_text/sgk_tin_hoc_7/tin_7_bai_7/tin_7_bai_7.md,draft,Top-1 từ SQLite FTS theo tên bài học.,false,
HNMU-G7-R0095-STT10,7,Bài 7: Tính toán tự động trên bảng tính,Mục 3. Lưu ý (Tr. 51 SGV),LM-SGV-TIN7-4920462481#F0197,SGV,Bài 7. TÍNH TOÁN TỰ ĐỘNG TRÊN BẢNG TÍNH,47,shared/learning_resources/ocr_text/sgv_tin_hoc_7/sgv_tin_7_bai_7/sgv_tin_7_bai_7.md,draft,Top-1 từ SQLite FTS theo tên bài học.,false,
HNMU-G7-R0096-STT11,7,Bài 7: Tính toán tự động trên bảng tính,Luyện tập 2 (Tr. 51 SGV),LM-SGV-TIN7-4920462481#F0197,SGV,Bài 7. TÍNH TOÁN TỰ ĐỘNG TRÊN BẢNG TÍNH,47,shared/learning_resources/ocr_text/sgv_tin_hoc_7/sgv_tin_7_bai_7/sgv_tin_7_bai_7.md,draft,Top-1 từ SQLite FTS theo tên bài học.,false,
HNMU-G7-R0097-STT12,7,Bài 7: Tính toán tự động trên bảng tính,Luyện tập 1 (Tr. 51 SGV),LM-SGV-TIN7-4920462481#F0197,SGV,Bài 7. TÍNH TOÁN TỰ ĐỘNG TRÊN BẢNG TÍNH,47,shared/learning_resources/ocr_text/sgv_tin_hoc_7/sgv_tin_7_bai_7/sgv_tin_7_bai_7.md,draft,Top-1 từ SQLite FTS theo tên bài học.,false,
HNMU-G7-R0098-STT13,7,Bài 7: Tính toán tự động trên bảng tính,Mục 2. Thực hành (Tr. 49 SGK),LM-SGK-TIN7-0001#F0099,SGK,Bài 7. TÍNH TOÁN TỰ ĐỘNG TRÊN BẢNG TÍNH,35,shared/learning_resources/ocr_text/sgk_tin_hoc_7/tin_7_bai_7/tin_7_bai_7.md,draft,Top-1 từ SQLite FTS theo tên bài học.,false,
HNMU-G7-R0099-STT14,7,Bài 7: Tính toán tự động trên bảng tính,Mục 4. Thực hành (Tr. 51 SGV),LM-SGV-TIN7-4920462481#F0197,SGV,Bài 7. TÍNH TOÁN TỰ ĐỘNG TRÊN BẢNG TÍNH,47,shared/learning_resources/ocr_text/sgv_tin_hoc_7/sgv_tin_7_bai_7/sgv_tin_7_bai_7.md,draft,Top-1 từ SQLite FTS theo tên bài học.,false,
HNMU-G7-R0100-STT1,7,Bài 8: Công cụ hỗ trợ tính toán,Mục 1. Hàm (Tr. 52 SGK),LM-SGK-TIN7-0001#F0128,SGK,Bài 8. CÔNG CỤ HỖ TRỢ TÍNH TOÁN,39,shared/learning_resources/ocr_text/sgk_tin_hoc_7/tin_7_bai_8/tin_7_bai_8.md,draft,Top-1 từ SQLite FTS theo câu hỏi và metadata bài học.,false,
HNMU-G7-R0101-STT2,7,Bài 8: Công cụ hỗ trợ tính toán,Mục 1. Hàm (Tr. 52 SGK),LM-SGK-TIN7-0001#F0143,SGK,Bài 8. CÔNG CỤ HỖ TRỢ TÍNH TOÁN,42,shared/learning_resources/ocr_text/sgk_tin_hoc_7/tin_7_bai_8/tin_7_bai_8.md,draft,Top-1 từ SQLite FTS theo đáp án SGV và metadata bài học.,false,
HNMU-G7-R0102-STT3,7,Bài 8: Công cụ hỗ trợ tính toán,Câu hỏi 1 (Tr. 52 SGK),LM-SGK-TIN7-0001#F0131,SGK,Bài 8. CÔNG CỤ HỖ TRỢ TÍNH TOÁN,40,shared/learning_resources/ocr_text/sgk_tin_hoc_7/tin_7_bai_8/tin_7_bai_8.md,draft,Top-1 từ SQLite FTS theo đáp án SGV và metadata bài học.,false,
HNMU-G7-R0103-STT4,7,Bài 8: Công cụ hỗ trợ tính toán,Câu hỏi 5 (Tr. 52 SGK),LM-SGK-TIN7-0001#F0143,SGK,Bài 8. CÔNG CỤ HỖ TRỢ TÍNH TOÁN,42,shared/learning_resources/ocr_text/sgk_tin_hoc_7/tin_7_bai_8/tin_7_bai_8.md,draft,Top-1 từ SQLite FTS theo đáp án SGV và metadata bài học.,false,
HNMU-G7-R0104-STT5,7,Bài 8: Công cụ hỗ trợ tính toán,Hoạt động 1 (Tr. 52 SGK),LM-SGK-TIN7-0001#F0127,SGK,Bài 8. CÔNG CỤ HỖ TRỢ TÍNH TOÁN,39,shared/learning_resources/ocr_text/sgk_tin_hoc_7/tin_7_bai_8/tin_7_bai_8.md,draft,Top-1 từ SQLite FTS theo tên bài học.,false,
HNMU-G7-R0105-STT6,7,Bài 8: Công cụ hỗ trợ tính toán,Hình 8.2 (Tr. 52 SGK),LM-SGK-TIN7-0001#F0127,SGK,Bài 8. CÔNG CỤ HỖ TRỢ TÍNH TOÁN,39,shared/learning_resources/ocr_text/sgk_tin_hoc_7/tin_7_bai_8/tin_7_bai_8.md,draft,Top-1 từ SQLite FTS theo tên bài học.,false,
HNMU-G7-R0106-STT7,7,Bài 8: Công cụ hỗ trợ tính toán,Luyện tập (Tr. 54 SGK),LM-SGK-TIN7-0001#F0127,SGK,Bài 8. CÔNG CỤ HỖ TRỢ TÍNH TOÁN,39,shared/learning_resources/ocr_text/sgk_tin_hoc_7/tin_7_bai_8/tin_7_bai_8.md,draft,Top-1 từ SQLite FTS theo tên bài học.,false,
HNMU-G7-R0107-STT8,7,Bài 8: Công cụ hỗ trợ tính toán,Mục 1. Lưu ý (Tr. 53 SGK),LM-SGK-TIN7-0001#F0127,SGK,Bài 8. CÔNG CỤ HỖ TRỢ TÍNH TOÁN,39,shared/learning_resources/ocr_text/sgk_tin_hoc_7/tin_7_bai_8/tin_7_bai_8.md,draft,Top-1 từ SQLite FTS theo tên bài học.,false,
HNMU-G7-R0108-STT9,7,Bài 8: Công cụ hỗ trợ tính toán,Câu hỏi 6 (Tr. 53 SGK),LM-SGK-TIN7-0001#F0127,SGK,Bài 8. CÔNG CỤ HỖ TRỢ TÍNH TOÁN,39,shared/learning_resources/ocr_text/sgk_tin_hoc_7/tin_7_bai_8/tin_7_bai_8.md,draft,Top-1 từ SQLite FTS theo tên bài học.,false,
HNMU-G7-R0109-STT10,7,Bài 8: Công cụ hỗ trợ tính toán,Thực hành (Tr. 53 SGK),LM-SGK-TIN7-0001#F0127,SGK,Bài 8. CÔNG CỤ HỖ TRỢ TÍNH TOÁN,39,shared/learning_resources/ocr_text/sgk_tin_hoc_7/tin_7_bai_8/tin_7_bai_8.md,draft,Top-1 từ SQLite FTS theo tên bài học.,false,
HNMU-G7-R0110-STT11,7,Bài 8: Công cụ hỗ trợ tính toán,Mục 3. Thực hành (Tr. 53 SGK),LM-SGK-TIN7-0001#F0127,SGK,Bài 8. CÔNG CỤ HỖ TRỢ TÍNH TOÁN,39,shared/learning_resources/ocr_text/sgk_tin_hoc_7/tin_7_bai_8/tin_7_bai_8.md,draft,Top-1 từ SQLite FTS theo tên bài học.,false,
HNMU-G7-R0111-STT12,7,Bài 8: Công cụ hỗ trợ tính toán,Vận dụng (Tr. 54 SGK),LM-SGK-TIN7-0001#F0127,SGK,Bài 8. CÔNG CỤ HỖ TRỢ TÍNH TOÁN,39,shared/learning_resources/ocr_text/sgk_tin_hoc_7/tin_7_bai_8/tin_7_bai_8.md,draft,Top-1 từ SQLite FTS theo tên bài học.,false,
HNMU-G7-R0112-STT13,7,Bài 8: Công cụ hỗ trợ tính toán,Vận dụng (Tr. 54 SGK),LM-SGK-TIN7-0001#F0127,SGK,Bài 8. CÔNG CỤ HỖ TRỢ TÍNH TOÁN,39,shared/learning_resources/ocr_text/sgk_tin_hoc_7/tin_7_bai_8/tin_7_bai_8.md,draft,Top-1 từ SQLite FTS theo tên bài học.,false,
HNMU-G7-R0113-STT14,7,Bài 8: Công cụ hỗ trợ tính toán,SGV Tr. 78,LM-SGV-TIN7-4920462481#F0225,SGV,Bài 8. CÔNG CỤ HỖ TRỢ TÍNH TOÁN,52,shared/learning_resources/ocr_text/sgv_tin_hoc_7/sgv_tin_7_bai_8/sgv_tin_7_bai_8.md,draft,Top-1 từ SQLite FTS theo tên bài học.,false,
HNMU-G7-R0114-STT1,7,Bài 9: Trình bày bảng tính,Mục 1. Định dạng dữ liệu (Tr. 57 SGK),LM-SGK-TIN7-0001#F0156,SGK,Bài 9. TRÌNH BÀY BẢNG TÍNH,45,shared/learning_resources/ocr_text/sgk_tin_hoc_7/tin_7_bai_9/tin_7_bai_9.md,draft,Top-1 từ SQLite FTS theo tên bài học.,false,
HNMU-G7-R0115-STT2,7,Bài 9: Trình bày bảng tính,Mục 2. Trình bày bảng tính (Tr. 58 SGK),LM-SGK-TIN7-0001#F0156,SGK,Bài 9. TRÌNH BÀY BẢNG TÍNH,45,shared/learning_resources/ocr_text/sgk_tin_hoc_7/tin_7_bai_9/tin_7_bai_9.md,draft,Top-1 từ SQLite FTS theo tên bài học.,false,
HNMU-G7-R0116-STT3,7,Bài 9: Trình bày bảng tính,Mục 2. Trình bày bảng tính (Tr. 59 SGK),LM-SGK-TIN7-0001#F0172,SGK,Bài 9. TRÌNH BÀY BẢNG TÍNH,48,shared/learning_resources/ocr_text/sgk_tin_hoc_7/tin_7_bai_9/tin_7_bai_9.md,draft,Top-1 từ SQLite FTS theo đáp án SGV và metadata bài học.,false,
HNMU-G7-R0117-STT4,7,Bài 9: Trình bày bảng tính,Câu hỏi 1 (Tr. 75 SGV),LM-SGV-TIN7-4920462481#F0248,SGV,Bài 9. TRÌNH BÀY BẢNG TÍNH,57,shared/learning_resources/ocr_text/sgv_tin_hoc_7/sgv_tin_7_bai_9/sgv_tin_7_bai_9.md,draft,Top-1 từ SQLite FTS theo tên bài học.,false,
HNMU-G7-R0118-STT5,7,Bài 9: Trình bày bảng tính,Mục 2. Trình bày bảng tính (Tr. 59 SGK),LM-SGK-TIN7-0001#F0156,SGK,Bài 9. TRÌNH BÀY BẢNG TÍNH,45,shared/learning_resources/ocr_text/sgk_tin_hoc_7/tin_7_bai_9/tin_7_bai_9.md,draft,Top-1 từ SQLite FTS theo tên bài học.,false,
HNMU-G7-R0119-STT6,7,Bài 9: Trình bày bảng tính,Mục 2. Lưu ý (Tr. 59 SGK),LM-SGK-TIN7-0001#F0156,SGK,Bài 9. TRÌNH BÀY BẢNG TÍNH,45,shared/learning_resources/ocr_text/sgk_tin_hoc_7/tin_7_bai_9/tin_7_bai_9.md,draft,Top-1 từ SQLite FTS theo tên bài học.,false,
HNMU-G7-R0120-STT7,7,Bài 9: Trình bày bảng tính,Hoạt động 1 (Tr. 57 SGK),LM-SGK-TIN7-0001#F0156,SGK,Bài 9. TRÌNH BÀY BẢNG TÍNH,45,shared/learning_resources/ocr_text/sgk_tin_hoc_7/tin_7_bai_9/tin_7_bai_9.md,draft,Top-1 từ SQLite FTS theo tên bài học.,false,
HNMU-G7-R0121-STT8,7,Bài 9: Trình bày bảng tính,Câu hỏi 2 (Tr. 75 SGV),LM-SGV-TIN7-4920462481#F0258,SGV,Bài 9. TRÌNH BÀY BẢNG TÍNH,58,shared/learning_resources/ocr_text/sgv_tin_hoc_7/sgv_tin_7_bai_9/sgv_tin_7_bai_9.md,draft,Top-1 từ SQLite FTS theo đáp án SGV và metadata bài học.,false,
HNMU-G7-R0122-STT9,7,Bài 9: Trình bày bảng tính,Mục 1. Kiến thức mới (Tr. 57 SGK),LM-SGK-TIN7-0001#F0156,SGK,Bài 9. TRÌNH BÀY BẢNG TÍNH,45,shared/learning_resources/ocr_text/sgk_tin_hoc_7/tin_7_bai_9/tin_7_bai_9.md,draft,Top-1 từ SQLite FTS theo tên bài học.,false,
HNMU-G7-R0123-STT10,7,Bài 9: Trình bày bảng tính,Mục 2. Các bước thực hiện (Tr. 58 SGK),LM-SGK-TIN7-0001#F0156,SGK,Bài 9. TRÌNH BÀY BẢNG TÍNH,45,shared/learning_resources/ocr_text/sgk_tin_hoc_7/tin_7_bai_9/tin_7_bai_9.md,draft,Top-1 từ SQLite FTS theo tên bài học.,false,
HNMU-G7-R0124-STT11,7,Bài 9: Trình bày bảng tính,Vận dụng (Tr. 63 SGK),LM-SGK-TIN7-0001#F0156,SGK,Bài 9. TRÌNH BÀY BẢNG TÍNH,45,shared/learning_resources/ocr_text/sgk_tin_hoc_7/tin_7_bai_9/tin_7_bai_9.md,draft,Top-1 từ SQLite FTS theo tên bài học.,false,
HNMU-G7-R0125-STT12,7,Bài 9: Trình bày bảng tính,Câu hỏi 3-4 (Tr. 75 SGV),LM-SGV-TIN7-4920462481#F0248,SGV,Bài 9. TRÌNH BÀY BẢNG TÍNH,57,shared/learning_resources/ocr_text/sgv_tin_hoc_7/sgv_tin_7_bai_9/sgv_tin_7_bai_9.md,draft,Top-1 từ SQLite FTS theo tên bài học.,false,
HNMU-G7-R0126-STT13,7,Bài 9: Trình bày bảng tính,Mục 3. Thực hành (Tr. 60 SGK),LM-SGK-TIN7-0001#F0156,SGK,Bài 9. TRÌNH BÀY BẢNG TÍNH,45,shared/learning_resources/ocr_text/sgk_tin_hoc_7/tin_7_bai_9/tin_7_bai_9.md,draft,Top-1 từ SQLite FTS theo tên bài học.,false,
HNMU-G7-R0127-STT14,7,Bài 9: Trình bày bảng tính,Mục 3. Thực hành (Tr. 60 SGK),LM-SGK-TIN7-0001#F0156,SGK,Bài 9. TRÌNH BÀY BẢNG TÍNH,45,shared/learning_resources/ocr_text/sgk_tin_hoc_7/tin_7_bai_9/tin_7_bai_9.md,draft,Top-1 từ SQLite FTS theo tên bài học.,false,
HNMU-G7-R0128-STT1,7,Bài 10: Hoàn thiện bảng tính,Câu hỏi 1 (Tr. 75 SGV),LM-SGV-TIN7-4920462481#F0275,SGV,Bài 10. HOÀN THIỆN BẢNG TÍNH,61,shared/learning_resources/ocr_text/sgv_tin_hoc_7/sgv_tin_7_bai_10/sgv_tin_7_bai_10.md,draft,Top-1 từ SQLite FTS theo đáp án SGV và metadata bài học.,false,
HNMU-G7-R0129-STT2,7,Bài 10: Hoàn thiện bảng tính,Câu hỏi 2 (Tr. 75 SGV),LM-SGV-TIN7-4920462481#F0276,SGV,Bài 10. HOÀN THIỆN BẢNG TÍNH,61,shared/learning_resources/ocr_text/sgv_tin_hoc_7/sgv_tin_7_bai_10/sgv_tin_7_bai_10.md,draft,Top-1 từ SQLite FTS theo đáp án SGV và metadata bài học.,false,
HNMU-G7-R0130-STT3,7,Bài 10: Hoàn thiện bảng tính,Câu hỏi 3 (Tr. 76 SGV),LM-SGV-TIN7-4920462481#F0279,SGV,Bài 10. HOÀN THIỆN BẢNG TÍNH,62,shared/learning_resources/ocr_text/sgv_tin_hoc_7/sgv_tin_7_bai_10/sgv_tin_7_bai_10.md,draft,Top-1 từ SQLite FTS theo câu hỏi và metadata bài học.,false,
HNMU-G7-R0131-STT4,7,Bài 10: Hoàn thiện bảng tính,Câu hỏi 4 (Tr. 76 SGV),LM-SGV-TIN7-4920462481#F0270,SGV,Bài 10. HOÀN THIỆN BẢNG TÍNH,61,shared/learning_resources/ocr_text/sgv_tin_hoc_7/sgv_tin_7_bai_10/sgv_tin_7_bai_10.md,draft,Top-1 từ SQLite FTS theo tên bài học.,false,
HNMU-G7-R0132-STT5,7,Bài 10: Hoàn thiện bảng tính,Hoạt động 1 (Tr. 61 SGK),LM-SGK-TIN7-0001#F0191,SGK,Bài 10. HOÀN THIỆN BẢNG TÍNH,51,shared/learning_resources/ocr_text/sgk_tin_hoc_7/tin_7_bai_10/tin_7_bai_10.md,draft,Top-1 từ SQLite FTS theo tên bài học.,false,
HNMU-G7-R0133-STT6,7,Bài 10: Hoàn thiện bảng tính,Câu hỏi 5 (Tr. 76 SGV),LM-SGV-TIN7-4920462481#F0276,SGV,Bài 10. HOÀN THIỆN BẢNG TÍNH,61,shared/learning_resources/ocr_text/sgv_tin_hoc_7/sgv_tin_7_bai_10/sgv_tin_7_bai_10.md,draft,Top-1 từ SQLite FTS theo đáp án SGV và metadata bài học.,false,
HNMU-G7-R0134-STT7,7,Bài 10: Hoàn thiện bảng tính,Mục 1 (Tr. 61 SGK),LM-SGK-TIN7-0001#F0191,SGK,Bài 10. HOÀN THIỆN BẢNG TÍNH,51,shared/learning_resources/ocr_text/sgk_tin_hoc_7/tin_7_bai_10/tin_7_bai_10.md,draft,Top-1 từ SQLite FTS theo tên bài học.,false,
HNMU-G7-R0135-STT8,7,Bài 10: Hoàn thiện bảng tính,Mục 1 (Tr. 61 SGK),LM-SGK-TIN7-0001#F0191,SGK,Bài 10. HOÀN THIỆN BẢNG TÍNH,51,shared/learning_resources/ocr_text/sgk_tin_hoc_7/tin_7_bai_10/tin_7_bai_10.md,draft,Top-1 từ SQLite FTS theo tên bài học.,false,
HNMU-G7-R0136-STT9,7,Bài 10: Hoàn thiện bảng tính,Mục 2 (Tr. 61 SGK),LM-SGK-TIN7-0001#F0191,SGK,Bài 10. HOÀN THIỆN BẢNG TÍNH,51,shared/learning_resources/ocr_text/sgk_tin_hoc_7/tin_7_bai_10/tin_7_bai_10.md,draft,Top-1 từ SQLite FTS theo tên bài học.,false,
HNMU-G7-R0137-STT10,7,Bài 10: Hoàn thiện bảng tính,Mục 1 (Tr. 61 SGK),LM-SGK-TIN7-0001#F0192,SGK,Bài 10. HOÀN THIỆN BẢNG TÍNH,51,shared/learning_resources/ocr_text/sgk_tin_hoc_7/tin_7_bai_10/tin_7_bai_10.md,draft,Top-1 từ SQLite FTS theo đáp án SGV và metadata bài học.,false,
HNMU-G7-R0138-STT11,7,Bài 10: Hoàn thiện bảng tính,Thực hành (Tr. 61 SGK),LM-SGK-TIN7-0001#F0205,SGK,Bài 10. HOÀN THIỆN BẢNG TÍNH,54,shared/learning_resources/ocr_text/sgk_tin_hoc_7/tin_7_bai_10/tin_7_bai_10.md,draft,Top-1 từ SQLite FTS theo câu hỏi và metadata bài học.,false,
HNMU-G7-R0139-STT12,7,Bài 10: Hoàn thiện bảng tính,Luyện tập 2 (Tr. 63 SGK),LM-SGK-TIN7-0001#F0191,SGK,Bài 10. HOÀN THIỆN BẢNG TÍNH,51,shared/learning_resources/ocr_text/sgk_tin_hoc_7/tin_7_bai_10/tin_7_bai_10.md,draft,Top-1 từ SQLite FTS theo tên bài học.,false,
HNMU-G7-R0140-STT13,7,Bài 10: Hoàn thiện bảng tính,Thực hành (Tr. 61 SGK),LM-SGK-TIN7-0001#F0191,SGK,Bài 10. HOÀN THIỆN BẢNG TÍNH,51,shared/learning_resources/ocr_text/sgk_tin_hoc_7/tin_7_bai_10/tin_7_bai_10.md,draft,Top-1 từ SQLite FTS theo tên bài học.,false,
HNMU-G7-R0141-STT14,7,Bài 10: Hoàn thiện bảng tính,Vận dụng (Tr. 63 SGK),LM-SGK-TIN7-0001#F0191,SGK,Bài 10. HOÀN THIỆN BẢNG TÍNH,51,shared/learning_resources/ocr_text/sgk_tin_hoc_7/tin_7_bai_10/tin_7_bai_10.md,draft,Top-1 từ SQLite FTS theo tên bài học.,false,
HNMU-G7-R0142-STT1,7,Bài 11: Tạo bài trình chiếu,Mục 1. Trang 64,LM-SGV-TIN7-4920462481#F0291,SGV,Bài 11. TẠO BÀI TRÌNH CHIẾU,64,shared/learning_resources/ocr_text/sgv_tin_hoc_7/sgv_tin_7_bai_11/sgv_tin_7_bai_11.md,draft,Top-1 từ SQLite FTS theo câu hỏi và metadata bài học.,false,
HNMU-G7-R0143-STT2,7,Bài 11: Tạo bài trình chiếu,Mục 1. Trang 65,LM-SGV-TIN7-4920462481#F0292,SGV,Bài 11. TẠO BÀI TRÌNH CHIẾU,65,shared/learning_resources/ocr_text/sgv_tin_hoc_7/sgv_tin_7_bai_11/sgv_tin_7_bai_11.md,draft,Top-1 từ SQLite FTS theo đáp án SGV và metadata bài học.,false,
HNMU-G7-R0144-STT3,7,Bài 11: Tạo bài trình chiếu,Mục 2. Trang 65,LM-SGK-TIN7-0001#F0220,SGK,Bài 11. TẠO BÀI TRÌNH CHIẾU,58,shared/learning_resources/ocr_text/sgk_tin_hoc_7/tin_7_bai_11/tin_7_bai_11.md,draft,Top-1 từ SQLite FTS theo tên bài học.,false,
HNMU-G7-R0145-STT4,7,Bài 11: Tạo bài trình chiếu,Mục 2. Trang 65 (Hộp kiến thức),LM-SGK-TIN7-0001#F0220,SGK,Bài 11. TẠO BÀI TRÌNH CHIẾU,58,shared/learning_resources/ocr_text/sgk_tin_hoc_7/tin_7_bai_11/tin_7_bai_11.md,draft,Top-1 từ SQLite FTS theo tên bài học.,false,
HNMU-G7-R0146-STT5,7,Bài 11: Tạo bài trình chiếu,Mục 1. Trang 64 (Câu hỏi sinh thêm),LM-SGK-TIN7-0001#F0220,SGK,Bài 11. TẠO BÀI TRÌNH CHIẾU,58,shared/learning_resources/ocr_text/sgk_tin_hoc_7/tin_7_bai_11/tin_7_bai_11.md,draft,Top-1 từ SQLite FTS theo tên bài học.,false,
HNMU-G7-R0147-STT6,7,Bài 11: Tạo bài trình chiếu,Câu hỏi củng cố. Trang 65,LM-SGK-TIN7-0001#F0220,SGK,Bài 11. TẠO BÀI TRÌNH CHIẾU,58,shared/learning_resources/ocr_text/sgk_tin_hoc_7/tin_7_bai_11/tin_7_bai_11.md,draft,Top-1 từ SQLite FTS theo tên bài học.,false,
HNMU-G7-R0148-STT7,7,Bài 11: Tạo bài trình chiếu,Mục 2. Trang 65,LM-SGK-TIN7-0001#F0220,SGK,Bài 11. TẠO BÀI TRÌNH CHIẾU,58,shared/learning_resources/ocr_text/sgk_tin_hoc_7/tin_7_bai_11/tin_7_bai_11.md,draft,Top-1 từ SQLite FTS theo tên bài học.,false,
HNMU-G7-R0149-STT8,7,Bài 11: Tạo bài trình chiếu,Mục 2. Trang 65 (Câu hỏi sinh thêm),LM-SGK-TIN7-0001#F0220,SGK,Bài 11. TẠO BÀI TRÌNH CHIẾU,58,shared/learning_resources/ocr_text/sgk_tin_hoc_7/tin_7_bai_11/tin_7_bai_11.md,draft,Top-1 từ SQLite FTS theo tên bài học.,false,
HNMU-G7-R0150-STT9,7,Bài 11: Tạo bài trình chiếu,Luyện tập. Trang 65 (Sinh thêm),LM-SGK-TIN7-0001#F0220,SGK,Bài 11. TẠO BÀI TRÌNH CHIẾU,58,shared/learning_resources/ocr_text/sgk_tin_hoc_7/tin_7_bai_11/tin_7_bai_11.md,draft,Top-1 từ SQLite FTS theo tên bài học.,false,
HNMU-G7-R0151-STT10,7,Bài 11: Tạo bài trình chiếu,Mục 2. Trang 65 (Sinh thêm),LM-SGK-TIN7-0001#F0220,SGK,Bài 11. TẠO BÀI TRÌNH CHIẾU,58,shared/learning_resources/ocr_text/sgk_tin_hoc_7/tin_7_bai_11/tin_7_bai_11.md,draft,Top-1 từ SQLite FTS theo tên bài học.,false,
HNMU-G7-R0152-STT11,7,Bài 11: Tạo bài trình chiếu,Vận dụng. Trang 65 (Luyện tập thực hành),LM-SGK-TIN7-0001#F0220,SGK,Bài 11. TẠO BÀI TRÌNH CHIẾU,58,shared/learning_resources/ocr_text/sgk_tin_hoc_7/tin_7_bai_11/tin_7_bai_11.md,draft,Top-1 từ SQLite FTS theo tên bài học.,false,
HNMU-G7-R0153-STT12,7,Bài 11: Tạo bài trình chiếu,Mục 2. Trang 65 (Luyện tập thao tác),LM-SGK-TIN7-0001#F0220,SGK,Bài 11. TẠO BÀI TRÌNH CHIẾU,58,shared/learning_resources/ocr_text/sgk_tin_hoc_7/tin_7_bai_11/tin_7_bai_11.md,draft,Top-1 từ SQLite FTS theo tên bài học.,false,
HNMU-G7-R0154-STT13,7,Bài 11: Tạo bài trình chiếu,Luyện tập. Trang 65 (Sinh thêm),LM-SGK-TIN7-0001#F0220,SGK,Bài 11. TẠO BÀI TRÌNH CHIẾU,58,shared/learning_resources/ocr_text/sgk_tin_hoc_7/tin_7_bai_11/tin_7_bai_11.md,draft,Top-1 từ SQLite FTS theo tên bài học.,false,
HNMU-G7-R0155-STT14,7,Bài 11: Tạo bài trình chiếu,Vận dụng tổng hợp (Dựa trên bối cảnh dự án),LM-SGK-TIN7-0001#F0220,SGK,Bài 11. TẠO BÀI TRÌNH CHIẾU,58,shared/learning_resources/ocr_text/sgk_tin_hoc_7/tin_7_bai_11/tin_7_bai_11.md,draft,Top-1 từ SQLite FTS theo tên bài học.,false,
HNMU-G7-R0156-STT1,7,Bài 12: Định dạng đối tượng trên trang chiếu,Mục 1. Trang 69,LM-SGV-TIN7-4920462481#F0306,SGV,Bài 12. ĐỊNH DẠNG ĐỐI TƯỢNG TRÊN TRANG CHIẾU,69,shared/learning_resources/ocr_text/sgv_tin_hoc_7/sgv_tin_7_bai_12/sgv_tin_7_bai_12.md,draft,Top-1 từ SQLite FTS theo tên bài học.,false,
HNMU-G7-R0157-STT2,7,Bài 12: Định dạng đối tượng trên trang chiếu,Mục 1. Trang 70 (Câu hỏi củng cố),LM-SGV-TIN7-4920462481#F0306,SGV,Bài 12. ĐỊNH DẠNG ĐỐI TƯỢNG TRÊN TRANG CHIẾU,69,shared/learning_resources/ocr_text/sgv_tin_hoc_7/sgv_tin_7_bai_12/sgv_tin_7_bai_12.md,draft,Top-1 từ SQLite FTS theo tên bài học.,false,
HNMU-G7-R0158-STT3,7,Bài 12: Định dạng đối tượng trên trang chiếu,Mục 2. Trang 70,LM-SGV-TIN7-4920462481#F0306,SGV,Bài 12. ĐỊNH DẠNG ĐỐI TƯỢNG TRÊN TRANG CHIẾU,69,shared/learning_resources/ocr_text/sgv_tin_hoc_7/sgv_tin_7_bai_12/sgv_tin_7_bai_12.md,draft,Top-1 từ SQLite FTS theo tên bài học.,false,
HNMU-G7-R0159-STT4,7,Bài 12: Định dạng đối tượng trên trang chiếu,Mục 2. Trang 70,LM-SGV-TIN7-4920462481#F0306,SGV,Bài 12. ĐỊNH DẠNG ĐỐI TƯỢNG TRÊN TRANG CHIẾU,69,shared/learning_resources/ocr_text/sgv_tin_hoc_7/sgv_tin_7_bai_12/sgv_tin_7_bai_12.md,draft,Top-1 từ SQLite FTS theo tên bài học.,false,
HNMU-G7-R0160-STT5,7,Bài 12: Định dạng đối tượng trên trang chiếu,Mục 1. Trang 69 (Sinh thêm),LM-SGV-TIN7-4920462481#F0306,SGV,Bài 12. ĐỊNH DẠNG ĐỐI TƯỢNG TRÊN TRANG CHIẾU,69,shared/learning_resources/ocr_text/sgv_tin_hoc_7/sgv_tin_7_bai_12/sgv_tin_7_bai_12.md,draft,Top-1 từ SQLite FTS theo tên bài học.,false,
HNMU-G7-R0161-STT6,7,Bài 12: Định dạng đối tượng trên trang chiếu,Mục 2. Trang 70,LM-SGV-TIN7-4920462481#F0306,SGV,Bài 12. ĐỊNH DẠNG ĐỐI TƯỢNG TRÊN TRANG CHIẾU,69,shared/learning_resources/ocr_text/sgv_tin_hoc_7/sgv_tin_7_bai_12/sgv_tin_7_bai_12.md,draft,Top-1 từ SQLite FTS theo tên bài học.,false,
HNMU-G7-R0162-STT7,7,Bài 12: Định dạng đối tượng trên trang chiếu,Mục 2. Trang 70 (Sinh thêm),LM-SGV-TIN7-4920462481#F0306,SGV,Bài 12. ĐỊNH DẠNG ĐỐI TƯỢNG TRÊN TRANG CHIẾU,69,shared/learning_resources/ocr_text/sgv_tin_hoc_7/sgv_tin_7_bai_12/sgv_tin_7_bai_12.md,draft,Top-1 từ SQLite FTS theo tên bài học.,false,
HNMU-G7-R0163-STT8,7,Bài 12: Định dạng đối tượng trên trang chiếu,Câu hỏi củng cố Mục 2. Trang 70,LM-SGV-TIN7-4920462481#F0306,SGV,Bài 12. ĐỊNH DẠNG ĐỐI TƯỢNG TRÊN TRANG CHIẾU,69,shared/learning_resources/ocr_text/sgv_tin_hoc_7/sgv_tin_7_bai_12/sgv_tin_7_bai_12.md,draft,Top-1 từ SQLite FTS theo tên bài học.,false,
HNMU-G7-R0164-STT9,7,Bài 12: Định dạng đối tượng trên trang chiếu,Mục 3. Trang 71,LM-SGV-TIN7-4920462481#F0306,SGV,Bài 12. ĐỊNH DẠNG ĐỐI TƯỢNG TRÊN TRANG CHIẾU,69,shared/learning_resources/ocr_text/sgv_tin_hoc_7/sgv_tin_7_bai_12/sgv_tin_7_bai_12.md,draft,Top-1 từ SQLite FTS theo tên bài học.,false,
HNMU-G7-R0165-STT10,7,Bài 12: Định dạng đối tượng trên trang chiếu,Mục 3. Trang 71 (Kiến thức bổ sung),LM-SGV-TIN7-4920462481#F0306,SGV,Bài 12. ĐỊNH DẠNG ĐỐI TƯỢNG TRÊN TRANG CHIẾU,69,shared/learning_resources/ocr_text/sgv_tin_hoc_7/sgv_tin_7_bai_12/sgv_tin_7_bai_12.md,draft,Top-1 từ SQLite FTS theo tên bài học.,false,
HNMU-G7-R0166-STT11,7,Bài 12: Định dạng đối tượng trên trang chiếu,Mục 3. Trang 71,LM-SGV-TIN7-4920462481#F0306,SGV,Bài 12. ĐỊNH DẠNG ĐỐI TƯỢNG TRÊN TRANG CHIẾU,69,shared/learning_resources/ocr_text/sgv_tin_hoc_7/sgv_tin_7_bai_12/sgv_tin_7_bai_12.md,draft,Top-1 từ SQLite FTS theo tên bài học.,false,
HNMU-G7-R0167-STT12,7,Bài 12: Định dạng đối tượng trên trang chiếu,Mục 3. Trang 71,LM-SGK-TIN7-0001#F0230,SGK,Bài 12. ĐỊNH DẠNG ĐỒ TƯỢNG TRÊN TRANG CHIẾU,62,shared/learning_resources/ocr_text/sgk_tin_hoc_7/tin_7_bai_12/tin_7_bai_12.md,draft,Top-1 từ SQLite FTS theo câu hỏi và metadata bài học.,false,
HNMU-G7-R0168-STT13,7,Bài 12: Định dạng đối tượng trên trang chiếu,Mục 3. Trang 71 (Kiến thức bổ sung),LM-SGV-TIN7-4920462481#F0306,SGV,Bài 12. ĐỊNH DẠNG ĐỐI TƯỢNG TRÊN TRANG CHIẾU,69,shared/learning_resources/ocr_text/sgv_tin_hoc_7/sgv_tin_7_bai_12/sgv_tin_7_bai_12.md,draft,Top-1 từ SQLite FTS theo tên bài học.,false,
HNMU-G7-R0169-STT14,7,Bài 12: Định dạng đối tượng trên trang chiếu,Luyện tập. Trang 71,LM-SGV-TIN7-4920462481#F0306,SGV,Bài 12. ĐỊNH DẠNG ĐỐI TƯỢNG TRÊN TRANG CHIẾU,69,shared/learning_resources/ocr_text/sgv_tin_hoc_7/sgv_tin_7_bai_12/sgv_tin_7_bai_12.md,draft,Top-1 từ SQLite FTS theo tên bài học.,false,
HNMU-G7-R0170-STT1,7,Bài 13: Thực hành tổng hợp: Hoàn thiện bài trình chiếu,Mục 1. Trang 72,LM-SGK-TIN7-0001#F0248,SGK,Bài 13. THỰC HÀNH TỔNG HỢP: HOÀN THIỆN BÀI TRÌNH CHIẾU,69,shared/learning_resources/ocr_text/sgk_tin_hoc_7/tin_7_bai_13/tin_7_bai_13.md,draft,Top-1 từ SQLite FTS theo tên bài học.,false,
HNMU-G7-R0171-STT2,7,Bài 13: Thực hành tổng hợp: Hoàn thiện bài trình chiếu,Hộp kiến thức. Trang 72,LM-SGK-TIN7-0001#F0248,SGK,Bài 13. THỰC HÀNH TỔNG HỢP: HOÀN THIỆN BÀI TRÌNH CHIẾU,69,shared/learning_resources/ocr_text/sgk_tin_hoc_7/tin_7_bai_13/tin_7_bai_13.md,draft,Top-1 từ SQLite FTS theo tên bài học.,false,
HNMU-G7-R0172-STT3,7,Bài 13: Thực hành tổng hợp: Hoàn thiện bài trình chiếu,Đánh giá SP. Trang 76 SGV,LM-SGV-TIN7-4920462481#F0334,SGV,Bài 13. THỰC HÀNH TỔNG HỢP: HOÀN THIỆN BÀI TRÌNH CHIẾU,73,shared/learning_resources/ocr_text/sgv_tin_hoc_7/sgv_tin_7_bai_13/sgv_tin_7_bai_13.md,draft,Top-1 từ SQLite FTS theo tên bài học.,false,
HNMU-G7-R0173-STT4,7,Bài 13: Thực hành tổng hợp: Hoàn thiện bài trình chiếu,Đánh giá SP. Trang 73 SGK,LM-SGK-TIN7-0001#F0248,SGK,Bài 13. THỰC HÀNH TỔNG HỢP: HOÀN THIỆN BÀI TRÌNH CHIẾU,69,shared/learning_resources/ocr_text/sgk_tin_hoc_7/tin_7_bai_13/tin_7_bai_13.md,draft,Top-1 từ SQLite FTS theo tên bài học.,false,
HNMU-G7-R0174-STT5,7,Bài 13: Thực hành tổng hợp: Hoàn thiện bài trình chiếu,Mục 1. Trang 72,LM-SGK-TIN7-0001#F0248,SGK,Bài 13. THỰC HÀNH TỔNG HỢP: HOÀN THIỆN BÀI TRÌNH CHIẾU,69,shared/learning_resources/ocr_text/sgk_tin_hoc_7/tin_7_bai_13/tin_7_bai_13.md,draft,Top-1 từ SQLite FTS theo tên bài học.,false,
HNMU-G7-R0175-STT6,7,Bài 13: Thực hành tổng hợp: Hoàn thiện bài trình chiếu,Hướng dẫn đánh giá. Trang 77 SGV,LM-SGV-TIN7-4920462481#F0334,SGV,Bài 13. THỰC HÀNH TỔNG HỢP: HOÀN THIỆN BÀI TRÌNH CHIẾU,73,shared/learning_resources/ocr_text/sgv_tin_hoc_7/sgv_tin_7_bai_13/sgv_tin_7_bai_13.md,draft,Top-1 từ SQLite FTS theo tên bài học.,false,
HNMU-G7-R0176-STT7,7,Bài 13: Thực hành tổng hợp: Hoàn thiện bài trình chiếu,Đánh giá SP. Trang 77 SGV,LM-SGV-TIN7-4920462481#F0334,SGV,Bài 13. THỰC HÀNH TỔNG HỢP: HOÀN THIỆN BÀI TRÌNH CHIẾU,73,shared/learning_resources/ocr_text/sgv_tin_hoc_7/sgv_tin_7_bai_13/sgv_tin_7_bai_13.md,draft,Top-1 từ SQLite FTS theo tên bài học.,false,
HNMU-G7-R0177-STT8,7,Bài 13: Thực hành tổng hợp: Hoàn thiện bài trình chiếu,Mục 1. Trang 72,LM-SGK-TIN7-0001#F0248,SGK,Bài 13. THỰC HÀNH TỔNG HỢP: HOÀN THIỆN BÀI TRÌNH CHIẾU,69,shared/learning_resources/ocr_text/sgk_tin_hoc_7/tin_7_bai_13/tin_7_bai_13.md,draft,Top-1 từ SQLite FTS theo tên bài học.,false,
HNMU-G7-R0178-STT9,7,Bài 13: Thực hành tổng hợp: Hoàn thiện bài trình chiếu,Đánh giá SP. Trang 73,LM-SGK-TIN7-0001#F0248,SGK,Bài 13. THỰC HÀNH TỔNG HỢP: HOÀN THIỆN BÀI TRÌNH CHIẾU,69,shared/learning_resources/ocr_text/sgk_tin_hoc_7/tin_7_bai_13/tin_7_bai_13.md,draft,Top-1 từ SQLite FTS theo tên bài học.,false,
HNMU-G7-R0179-STT10,7,Bài 13: Thực hành tổng hợp: Hoàn thiện bài trình chiếu,Hướng dẫn thực hành. Trang 76 SGV,LM-SGV-TIN7-4920462481#F0334,SGV,Bài 13. THỰC HÀNH TỔNG HỢP: HOÀN THIỆN BÀI TRÌNH CHIẾU,73,shared/learning_resources/ocr_text/sgv_tin_hoc_7/sgv_tin_7_bai_13/sgv_tin_7_bai_13.md,draft,Top-1 từ SQLite FTS theo tên bài học.,false,
HNMU-G7-R0180-STT11,7,Bài 13: Thực hành tổng hợp: Hoàn thiện bài trình chiếu,Mục 1. Trang 72,LM-SGK-TIN7-0001#F0248,SGK,Bài 13. THỰC HÀNH TỔNG HỢP: HOÀN THIỆN BÀI TRÌNH CHIẾU,69,shared/learning_resources/ocr_text/sgk_tin_hoc_7/tin_7_bai_13/tin_7_bai_13.md,draft,Top-1 từ SQLite FTS theo tên bài học.,false,
HNMU-G7-R0181-STT12,7,Bài 13: Thực hành tổng hợp: Hoàn thiện bài trình chiếu,Đánh giá SP. Trang 73,LM-SGK-TIN7-0001#F0248,SGK,Bài 13. THỰC HÀNH TỔNG HỢP: HOÀN THIỆN BÀI TRÌNH CHIẾU,69,shared/learning_resources/ocr_text/sgk_tin_hoc_7/tin_7_bai_13/tin_7_bai_13.md,draft,Top-1 từ SQLite FTS theo tên bài học.,false,
HNMU-G7-R0182-STT13,7,Bài 13: Thực hành tổng hợp: Hoàn thiện bài trình chiếu,Đánh giá SP. Trang 73,LM-SGK-TIN7-0001#F0248,SGK,Bài 13. THỰC HÀNH TỔNG HỢP: HOÀN THIỆN BÀI TRÌNH CHIẾU,69,shared/learning_resources/ocr_text/sgk_tin_hoc_7/tin_7_bai_13/tin_7_bai_13.md,draft,Top-1 từ SQLite FTS theo tên bài học.,false,
HNMU-G7-R0183-STT14,7,Bài 13: Thực hành tổng hợp: Hoàn thiện bài trình chiếu,Đánh giá SP. Trang 73,LM-SGK-TIN7-0001#F0248,SGK,Bài 13. THỰC HÀNH TỔNG HỢP: HOÀN THIỆN BÀI TRÌNH CHIẾU,69,shared/learning_resources/ocr_text/sgk_tin_hoc_7/tin_7_bai_13/tin_7_bai_13.md,draft,Top-1 từ SQLite FTS theo tên bài học.,false,
HNMU-G7-R0184-STT1,7,Bài 14. Thuật toán tìm kiếm tuần tự,"Phần Luyện tập (Trang 80, SGK)",LM-SGK-TIN7-0001#F0257,SGK,Bài 14. THUẬT TOÁN TÌM KIẾM TUẦN TỰ,72,shared/learning_resources/ocr_text/sgk_tin_hoc_7/tin_7_bai_14/tin_7_bai_14.md,draft,Top-1 từ SQLite FTS theo tên bài học.,false,
HNMU-G7-R0185-STT2,7,Bài 14. Thuật toán tìm kiếm tuần tự,"Phần Luyện tập (Trang 80, SGK)",LM-SGK-TIN7-0001#F0256,SGK,Bài 14. THUẬT TOÁN TÌM KIẾM TUẦN TỰ,71,shared/learning_resources/ocr_text/sgk_tin_hoc_7/tin_7_bai_14/tin_7_bai_14.md,draft,Top-1 từ SQLite FTS theo câu hỏi và metadata bài học.,false,
HNMU-G7-R0186-STT3,7,Bài 14. Thuật toán tìm kiếm tuần tự,"Mục 1. Thuật toán tìm kiếm tuần tự (Trang 78, SGK)",LM-SGK-TIN7-0001#F0256,SGK,Bài 14. THUẬT TOÁN TÌM KIẾM TUẦN TỰ,71,shared/learning_resources/ocr_text/sgk_tin_hoc_7/tin_7_bai_14/tin_7_bai_14.md,draft,Top-1 từ SQLite FTS theo câu hỏi và metadata bài học.,false,
HNMU-G7-R0187-STT4,7,Bài 14. Thuật toán tìm kiếm tuần tự,"Hoạt động 1 (Trang 78, SGK)",LM-SGK-TIN7-0001#F0257,SGK,Bài 14. THUẬT TOÁN TÌM KIẾM TUẦN TỰ,72,shared/learning_resources/ocr_text/sgk_tin_hoc_7/tin_7_bai_14/tin_7_bai_14.md,draft,Top-1 từ SQLite FTS theo tên bài học.,false,
HNMU-G7-R0188-STT5,7,Bài 14. Thuật toán tìm kiếm tuần tự,"Câu 2 phần Đánh giá (Trang 90, SGV)",LM-SGV-TIN7-4920462481#F0350,SGV,Bài 14. THUẬT TOÁN TÌM KIẾM TUẦN TỰ,78,shared/learning_resources/ocr_text/sgv_tin_hoc_7/sgv_tin_7_bai_14/sgv_tin_7_bai_14.md,draft,Top-1 từ SQLite FTS theo tên bài học.,false,
HNMU-G7-R0189-STT6,7,Bài 14. Thuật toán tìm kiếm tuần tự,"Câu 3 phần Đánh giá (Trang 90, SGV)",LM-SGV-TIN7-4920462481#F0350,SGV,Bài 14. THUẬT TOÁN TÌM KIẾM TUẦN TỰ,78,shared/learning_resources/ocr_text/sgv_tin_hoc_7/sgv_tin_7_bai_14/sgv_tin_7_bai_14.md,draft,Top-1 từ SQLite FTS theo tên bài học.,false,
HNMU-G7-R0190-STT7,7,Bài 14. Thuật toán tìm kiếm tuần tự,"Câu 4 phần Đánh giá (Trang 90, SGV)",LM-SGV-TIN7-4920462481#F0350,SGV,Bài 14. THUẬT TOÁN TÌM KIẾM TUẦN TỰ,78,shared/learning_resources/ocr_text/sgv_tin_hoc_7/sgv_tin_7_bai_14/sgv_tin_7_bai_14.md,draft,Top-1 từ SQLite FTS theo tên bài học.,false,
HNMU-G7-R0191-STT8,7,Bài 14. Thuật toán tìm kiếm tuần tự,"Mục 1 (Trang 78, SGK)",LM-SGK-TIN7-0001#F0257,SGK,Bài 14. THUẬT TOÁN TÌM KIẾM TUẦN TỰ,72,shared/learning_resources/ocr_text/sgk_tin_hoc_7/tin_7_bai_14/tin_7_bai_14.md,draft,Top-1 từ SQLite FTS theo tên bài học.,false,
HNMU-G7-R0192-STT9,7,Bài 14. Thuật toán tìm kiếm tuần tự,"Mục 1 (Trang 78, SGK)",LM-SGK-TIN7-0001#F0257,SGK,Bài 14. THUẬT TOÁN TÌM KIẾM TUẦN TỰ,72,shared/learning_resources/ocr_text/sgk_tin_hoc_7/tin_7_bai_14/tin_7_bai_14.md,draft,Top-1 từ SQLite FTS theo tên bài học.,false,
HNMU-G7-R0193-STT10,7,Bài 14. Thuật toán tìm kiếm tuần tự,"Phần Luyện tập (Trang 79, SGK - Câu hỏi sinh thêm)",LM-SGK-TIN7-0001#F0257,SGK,Bài 14. THUẬT TOÁN TÌM KIẾM TUẦN TỰ,72,shared/learning_resources/ocr_text/sgk_tin_hoc_7/tin_7_bai_14/tin_7_bai_14.md,draft,Top-1 từ SQLite FTS theo tên bài học.,false,
HNMU-G7-R0194-STT11,7,Bài 14. Thuật toán tìm kiếm tuần tự,"Phần Vận dụng (Trang 80, SGK)",LM-SGK-TIN7-0001#F0257,SGK,Bài 14. THUẬT TOÁN TÌM KIẾM TUẦN TỰ,72,shared/learning_resources/ocr_text/sgk_tin_hoc_7/tin_7_bai_14/tin_7_bai_14.md,draft,Top-1 từ SQLite FTS theo tên bài học.,false,
HNMU-G7-R0195-STT12,7,Bài 14. Thuật toán tìm kiếm tuần tự,"Phần Vận dụng (Trang 80, SGK - Câu hỏi sinh thêm)",LM-SGK-TIN7-0001#F0257,SGK,Bài 14. THUẬT TOÁN TÌM KIẾM TUẦN TỰ,72,shared/learning_resources/ocr_text/sgk_tin_hoc_7/tin_7_bai_14/tin_7_bai_14.md,draft,Top-1 từ SQLite FTS theo tên bài học.,false,
HNMU-G7-R0196-STT13,7,Bài 14. Thuật toán tìm kiếm tuần tự,"Phần Luyện tập (Trang 79, SGK - Câu hỏi sinh thêm)",LM-SGK-TIN7-0001#F0257,SGK,Bài 14. THUẬT TOÁN TÌM KIẾM TUẦN TỰ,72,shared/learning_resources/ocr_text/sgk_tin_hoc_7/tin_7_bai_14/tin_7_bai_14.md,draft,Top-1 từ SQLite FTS theo tên bài học.,false,
HNMU-G7-R0197-STT14,7,Bài 14. Thuật toán tìm kiếm tuần tự,"Phần Luyện tập (Trang 79, SGK - Câu hỏi sinh thêm)",LM-SGK-TIN7-0001#F0257,SGK,Bài 14. THUẬT TOÁN TÌM KIẾM TUẦN TỰ,72,shared/learning_resources/ocr_text/sgk_tin_hoc_7/tin_7_bai_14/tin_7_bai_14.md,draft,Top-1 từ SQLite FTS theo tên bài học.,false,
HNMU-G7-R0198-STT1,7,Bài 15. Thuật toán tìm kiếm nhị phân,"Hoạt động khởi động (Trang 81, SGK)",LM-SGK-TIN7-0001#F0269,SGK,Bài 15. THUẬT TOÁN TÌM KIẾM NHỊ PHÂN,75,shared/learning_resources/ocr_text/sgk_tin_hoc_7/tin_7_bai_15/tin_7_bai_15.md,draft,Top-1 từ SQLite FTS theo tên bài học.,false,
HNMU-G7-R0199-STT2,7,Bài 15. Thuật toán tìm kiếm nhị phân,"Mục 1 (Trang 82, SGK)",LM-SGK-TIN7-0001#F0269,SGK,Bài 15. THUẬT TOÁN TÌM KIẾM NHỊ PHÂN,75,shared/learning_resources/ocr_text/sgk_tin_hoc_7/tin_7_bai_15/tin_7_bai_15.md,draft,Top-1 từ SQLite FTS theo tên bài học.,false,
HNMU-G7-R0200-STT3,7,Bài 15. Thuật toán tìm kiếm nhị phân,"Mục 1 (Trang 82, SGK)",LM-SGK-TIN7-0001#F0269,SGK,Bài 15. THUẬT TOÁN TÌM KIẾM NHỊ PHÂN,75,shared/learning_resources/ocr_text/sgk_tin_hoc_7/tin_7_bai_15/tin_7_bai_15.md,draft,Top-1 từ SQLite FTS theo tên bài học.,false,
HNMU-G7-R0201-STT4,7,Bài 15. Thuật toán tìm kiếm nhị phân,"Mục 1 (Trang 82, SGK)",LM-SGK-TIN7-0001#F0269,SGK,Bài 15. THUẬT TOÁN TÌM KIẾM NHỊ PHÂN,75,shared/learning_resources/ocr_text/sgk_tin_hoc_7/tin_7_bai_15/tin_7_bai_15.md,draft,Top-1 từ SQLite FTS theo tên bài học.,false,
HNMU-G7-R0202-STT5,7,Bài 15. Thuật toán tìm kiếm nhị phân,"Mục 2 (Trang 83, SGK)",LM-SGK-TIN7-0001#F0269,SGK,Bài 15. THUẬT TOÁN TÌM KIẾM NHỊ PHÂN,75,shared/learning_resources/ocr_text/sgk_tin_hoc_7/tin_7_bai_15/tin_7_bai_15.md,draft,Top-1 từ SQLite FTS theo tên bài học.,false,
HNMU-G7-R0203-STT6,7,Bài 15. Thuật toán tìm kiếm nhị phân,"Mục 1 (Trang 82, SGK)",LM-SGK-TIN7-0001#F0269,SGK,Bài 15. THUẬT TOÁN TÌM KIẾM NHỊ PHÂN,75,shared/learning_resources/ocr_text/sgk_tin_hoc_7/tin_7_bai_15/tin_7_bai_15.md,draft,Top-1 từ SQLite FTS theo tên bài học.,false,
HNMU-G7-R0204-STT7,7,Bài 15. Thuật toán tìm kiếm nhị phân,"Luyện tập (Sinh thêm cho trang 82, SGK)",LM-SGK-TIN7-0001#F0269,SGK,Bài 15. THUẬT TOÁN TÌM KIẾM NHỊ PHÂN,75,shared/learning_resources/ocr_text/sgk_tin_hoc_7/tin_7_bai_15/tin_7_bai_15.md,draft,Top-1 từ SQLite FTS theo tên bài học.,false,
HNMU-G7-R0205-STT8,7,Bài 15. Thuật toán tìm kiếm nhị phân,"Luyện tập (Sinh thêm cho trang 84, SGK)",LM-SGK-TIN7-0001#F0269,SGK,Bài 15. THUẬT TOÁN TÌM KIẾM NHỊ PHÂN,75,shared/learning_resources/ocr_text/sgk_tin_hoc_7/tin_7_bai_15/tin_7_bai_15.md,draft,Top-1 từ SQLite FTS theo tên bài học.,false,
HNMU-G7-R0206-STT9,7,Bài 15. Thuật toán tìm kiếm nhị phân,"Mục 2 (Trang 83, SGK)",LM-SGK-TIN7-0001#F0269,SGK,Bài 15. THUẬT TOÁN TÌM KIẾM NHỊ PHÂN,75,shared/learning_resources/ocr_text/sgk_tin_hoc_7/tin_7_bai_15/tin_7_bai_15.md,draft,Top-1 từ SQLite FTS theo tên bài học.,false,
HNMU-G7-R0207-STT10,7,Bài 15. Thuật toán tìm kiếm nhị phân,"Vận dụng (Sinh thêm cho trang 84, SGK)",LM-SGK-TIN7-0001#F0269,SGK,Bài 15. THUẬT TOÁN TÌM KIẾM NHỊ PHÂN,75,shared/learning_resources/ocr_text/sgk_tin_hoc_7/tin_7_bai_15/tin_7_bai_15.md,draft,Top-1 từ SQLite FTS theo tên bài học.,false,
HNMU-G7-R0208-STT11,7,Bài 15. Thuật toán tìm kiếm nhị phân,"Phần Vận dụng (Trang 84, SGK)",LM-SGK-TIN7-0001#F0269,SGK,Bài 15. THUẬT TOÁN TÌM KIẾM NHỊ PHÂN,75,shared/learning_resources/ocr_text/sgk_tin_hoc_7/tin_7_bai_15/tin_7_bai_15.md,draft,Top-1 từ SQLite FTS theo tên bài học.,false,
HNMU-G7-R0209-STT12,7,Bài 15. Thuật toán tìm kiếm nhị phân,"Phần Đánh giá (Trang 91, SGV)",LM-SGV-TIN7-4920462481#F0371,SGV,Bài 15. THUẬT TOÁN TÌM KIẾM NHỊ PHÂN,81,shared/learning_resources/ocr_text/sgv_tin_hoc_7/sgv_tin_7_bai_15/sgv_tin_7_bai_15.md,draft,Top-1 từ SQLite FTS theo tên bài học.,false,
HNMU-G7-R0210-STT13,7,Bài 15. Thuật toán tìm kiếm nhị phân,"Mục 1 (Trang 82, SGK)",LM-SGK-TIN7-0001#F0269,SGK,Bài 15. THUẬT TOÁN TÌM KIẾM NHỊ PHÂN,75,shared/learning_resources/ocr_text/sgk_tin_hoc_7/tin_7_bai_15/tin_7_bai_15.md,draft,Top-1 từ SQLite FTS theo tên bài học.,false,
HNMU-G7-R0211-STT14,7,Bài 15. Thuật toán tìm kiếm nhị phân,"Phần Vận dụng (Trang 84, SGK)",LM-SGK-TIN7-0001#F0269,SGK,Bài 15. THUẬT TOÁN TÌM KIẾM NHỊ PHÂN,75,shared/learning_resources/ocr_text/sgk_tin_hoc_7/tin_7_bai_15/tin_7_bai_15.md,draft,Top-1 từ SQLite FTS theo tên bài học.,false,
HNMU-G7-R0212-STT1,7,Bài 16. Thuật toán sắp xếp,"Hoạt động khởi động (Trang 85, SGK)",LM-SGK-TIN7-0001#F0290,SGK,Bài 16. THUẬT TOÁN SẮP XẾP,80,shared/learning_resources/ocr_text/sgk_tin_hoc_7/tin_7_bai_16/tin_7_bai_16.md,draft,Top-1 từ SQLite FTS theo tên bài học.,false,
HNMU-G7-R0213-STT2,7,Bài 16. Thuật toán sắp xếp,"Câu 1 phần Đánh giá (Trang 91, SGV)",LM-SGV-TIN7-4920462481#F0401,SGV,Bài 16. THUẬT TOÁN SẮP XẾP,89,shared/learning_resources/ocr_text/sgv_tin_hoc_7/sgv_tin_7_bai_16/sgv_tin_7_bai_16.md,draft,Top-1 từ SQLite FTS theo tên bài học.,false,
HNMU-G7-R0214-STT3,7,Bài 16. Thuật toán sắp xếp,"Câu 1 phần Đánh giá (Trang 91, SGV)",LM-SGV-TIN7-4920462481#F0401,SGV,Bài 16. THUẬT TOÁN SẮP XẾP,89,shared/learning_resources/ocr_text/sgv_tin_hoc_7/sgv_tin_7_bai_16/sgv_tin_7_bai_16.md,draft,Top-1 từ SQLite FTS theo tên bài học.,false,
HNMU-G7-R0215-STT4,7,Bài 16. Thuật toán sắp xếp,"Mục 1 (Trang 86, SGK)",LM-SGK-TIN7-0001#F0290,SGK,Bài 16. THUẬT TOÁN SẮP XẾP,80,shared/learning_resources/ocr_text/sgk_tin_hoc_7/tin_7_bai_16/tin_7_bai_16.md,draft,Top-1 từ SQLite FTS theo tên bài học.,false,
HNMU-G7-R0216-STT5,7,Bài 16. Thuật toán sắp xếp,"Mục 1 (Trang 86, SGK)",LM-SGK-TIN7-0001#F0290,SGK,Bài 16. THUẬT TOÁN SẮP XẾP,80,shared/learning_resources/ocr_text/sgk_tin_hoc_7/tin_7_bai_16/tin_7_bai_16.md,draft,Top-1 từ SQLite FTS theo tên bài học.,false,
HNMU-G7-R0217-STT6,7,Bài 16. Thuật toán sắp xếp,"Câu 2 phần Đánh giá (Trang 91, SGV)",LM-SGV-TIN7-4920462481#F0401,SGV,Bài 16. THUẬT TOÁN SẮP XẾP,89,shared/learning_resources/ocr_text/sgv_tin_hoc_7/sgv_tin_7_bai_16/sgv_tin_7_bai_16.md,draft,Top-1 từ SQLite FTS theo tên bài học.,false,
HNMU-G7-R0218-STT7,7,Bài 16. Thuật toán sắp xếp,"Câu 3 phần Đánh giá (Trang 91, SGV)",LM-SGV-TIN7-4920462481#F0401,SGV,Bài 16. THUẬT TOÁN SẮP XẾP,89,shared/learning_resources/ocr_text/sgv_tin_hoc_7/sgv_tin_7_bai_16/sgv_tin_7_bai_16.md,draft,Top-1 từ SQLite FTS theo tên bài học.,false,
HNMU-G7-R0219-STT8,7,Bài 16. Thuật toán sắp xếp,"Hoạt động Luyện tập (Trang 89, SGK)",LM-SGK-TIN7-0001#F0290,SGK,Bài 16. THUẬT TOÁN SẮP XẾP,80,shared/learning_resources/ocr_text/sgk_tin_hoc_7/tin_7_bai_16/tin_7_bai_16.md,draft,Top-1 từ SQLite FTS theo tên bài học.,false,
HNMU-G7-R0220-STT9,7,Bài 16. Thuật toán sắp xếp,"Hoạt động Luyện tập (Trang 89, SGK)",LM-SGK-TIN7-0001#F0290,SGK,Bài 16. THUẬT TOÁN SẮP XẾP,80,shared/learning_resources/ocr_text/sgk_tin_hoc_7/tin_7_bai_16/tin_7_bai_16.md,draft,Top-1 từ SQLite FTS theo tên bài học.,false,
HNMU-G7-R0221-STT10,7,Bài 16. Thuật toán sắp xếp,"Mục 2 (Trang 87, SGK)",LM-SGK-TIN7-0001#F0290,SGK,Bài 16. THUẬT TOÁN SẮP XẾP,80,shared/learning_resources/ocr_text/sgk_tin_hoc_7/tin_7_bai_16/tin_7_bai_16.md,draft,Top-1 từ SQLite FTS theo tên bài học.,false,
HNMU-G7-R0222-STT11,7,Bài 16. Thuật toán sắp xếp,"Hoạt động Vận dụng (Trang 89, SGK)",LM-SGK-TIN7-0001#F0290,SGK,Bài 16. THUẬT TOÁN SẮP XẾP,80,shared/learning_resources/ocr_text/sgk_tin_hoc_7/tin_7_bai_16/tin_7_bai_16.md,draft,Top-1 từ SQLite FTS theo tên bài học.,false,
HNMU-G7-R0223-STT12,7,Bài 16. Thuật toán sắp xếp,"Hoạt động Vận dụng (Sinh thêm cho trang 89, SGK)",LM-SGK-TIN7-0001#F0290,SGK,Bài 16. THUẬT TOÁN SẮP XẾP,80,shared/learning_resources/ocr_text/sgk_tin_hoc_7/tin_7_bai_16/tin_7_bai_16.md,draft,Top-1 từ SQLite FTS theo tên bài học.,false,
HNMU-G7-R0224-STT13,7,Bài 16. Thuật toán sắp xếp,"Câu 4 phần Đánh giá (Trang 91, SGV)",LM-SGV-TIN7-4920462481#F0401,SGV,Bài 16. THUẬT TOÁN SẮP XẾP,89,shared/learning_resources/ocr_text/sgv_tin_hoc_7/sgv_tin_7_bai_16/sgv_tin_7_bai_16.md,draft,Top-1 từ SQLite FTS theo tên bài học.,false,
HNMU-G7-R0225-STT14,7,Bài 16. Thuật toán sắp xếp,"Hoạt động Vận dụng (Sinh thêm cho trang 89, SGK)",LM-SGK-TIN7-0001#F0290,SGK,Bài 16. THUẬT TOÁN SẮP XẾP,80,shared/learning_resources/ocr_text/sgk_tin_hoc_7/tin_7_bai_16/tin_7_bai_16.md,draft,Top-1 từ SQLite FTS theo tên bài học.,false,
