sample_id,source_file,source_row_number,grade,grade_label,stt,lesson,position,question,bloom_level,answer_sgv,dialogue
HNMU-G6-R0002-STT1,shared/raw_data/HNMU-teacher_dialog_samples/Lớp 6.xlsx,2,6,Lớp 6,1,Bài 1. Thông tin và dữ liệu,"Mục 1, Trang 6 SGK",Thông tin là gì?,Nhận biết (Nêu được khái niệm),Là những gì đem lại hiểu biết của con người về thế giới xung quanh và về chính bản thân mình.,"HS: Thầy ơi, thông tin là cái gì đó cao siêu lắm đúng không ạ?
 AI: Chào em! Không hề đâu, thông tin rất gần gũi. Khi em đọc một cuốn sách và biết thêm về lịch sử, cái ""biết thêm"" đó gọi là gì nhỉ?
 HS: Dạ là kiến thức em học được ạ.
 AI: Đúng rồi! Sách gọi những hiểu biết đó là ""thông tin"". Vậy theo em, thông tin giúp chúng ta hiểu về những gì?
 HS: Dạ về mọi thứ xung quanh và cả bản thân mình nữa ạ!
 AI: Chính xác! Em đã nắm được khái niệm rồi đó."
HNMU-G6-R0003-STT2,shared/raw_data/HNMU-teacher_dialog_samples/Lớp 6.xlsx,3,6,Lớp 6,2,Bài 1. Thông tin và dữ liệu,"Mục 1, Trang 6 SGK",Dữ liệu là gì?,Nhận biết (Nêu được khái niệm),"Là những gì con người tiếp nhận để có được thông tin. Dữ liệu được thể hiện dưới dạng con số, văn bản, hình ảnh, kí hiệu.","HS: Thầy giúp em phân biệt dữ liệu với thông tin với ạ, em thấy chúng cứ giống nhau.
 AI: Đừng lo nhé! Hãy nghĩ về các con số 39°C ghi trên nhiệt kế. Đó là cái em ""nhìn thấy"" trực tiếp. Những con số đó được gọi là gì trong bài học?
 HS: Dạ là dữ liệu ạ.
 AI: Giỏi quá! Vậy từ những con số đó, em ""biết"" được điều gì về thời tiết?
 HS: Dạ biết là trời đang rất nóng ạ.
 AI: Đúng rồi, cái ""biết trời nóng"" chính là thông tin, còn con số em nhìn thấy là dữ liệu."
HNMU-G6-R0004-STT3,shared/raw_data/HNMU-teacher_dialog_samples/Lớp 6.xlsx,4,6,Lớp 6,3,Bài 1. Thông tin và dữ liệu,"Mục 1, Trang 6 SGK",Vật mang tin là gì?,Nhận biết (Nêu được khái niệm),"Là phương tiện được dùng để lưu trữ và truyền tải thông tin (ví dụ: giấy, thẻ nhớ).","HS: Thầy ơi, tại sao cuốn vở lại được gọi là vật mang tin ạ?
 AI: Một câu hỏi rất hay! Trên cuốn vở em có ghi chép kiến thức (thông tin) không?
 HS: Dạ có, em ghi bài học mỗi ngày ạ.
 AI: Vậy nếu không có trang giấy, thông tin đó có chỗ nào để ""ở"" và truyền đi không?
 HS: Dạ không ạ.
 AI: Đúng rồi, vậy trang giấy chính là ""vật"" dùng để chứa đựng thông tin. Em thử nêu tên một vật tương tự xem?
 HS: Dạ là USB hoặc thẻ nhớ điện thoại ạ!"
HNMU-G6-R0005-STT4,shared/raw_data/HNMU-teacher_dialog_samples/Lớp 6.xlsx,5,6,Lớp 6,4,Bài 1. Thông tin và dữ liệu,"Mục 1, Trang 6 SGK",Kể tên các dạng dữ liệu thường gặp.,Nhận biết (Nêu được các ví dụ),"Văn bản, con số, hình ảnh, âm thanh.","HS: Máy tính có thể đọc được những gì hả thầy?
 AI: Máy tính có thể tiếp nhận nhiều ""dạng"" dữ liệu khác nhau. Khi em xem một bộ phim hoạt hình, em vừa thấy gì và nghe thấy gì?
 HS: Dạ em thấy hình ảnh chuyển động và nghe tiếng nhân vật nói ạ.
 AI: Rất tốt! Hình ảnh và âm thanh chính là hai dạng dữ liệu. Còn khi em đọc truyện chữ thì sao?
 HS: Dạ đó là chữ viết, hay còn gọi là văn bản ạ."
HNMU-G6-R0006-STT5,shared/raw_data/HNMU-teacher_dialog_samples/Lớp 6.xlsx,6,6,Lớp 6,5,Bài 1. Thông tin và dữ liệu,"Mục 1, Trang 5 SGK",Giải thích mối quan hệ giữa thông tin và dữ liệu.,Thông hiểu (Giải thích được mối quan hệ),Thông tin có nguồn gốc từ dữ liệu; dữ liệu là nguyên liệu để tạo ra thông tin.,"HS: Thầy ơi, dữ liệu và thông tin có thể tách rời nhau không ạ?
 AI: Chúng có mối quan hệ rất khăng khít. Em hãy tưởng tượng dữ liệu giống như ""nguyên liệu"" nấu ăn, còn thông tin là ""món ăn"" đã hoàn thành. Theo em, muốn có món ăn ngon thì cần cái gì đầu tiên?
 HS: Dạ phải có nguyên liệu thịt, rau ạ.
 AI: Chính xác! Trong Tin học, để não em có được ""thông tin"", em phải tiếp nhận cái gì trước?
 HS: Dạ phải tiếp nhận ""dữ liệu"" ạ. Em hiểu rồi, dữ liệu tạo ra thông tin!"
HNMU-G6-R0007-STT6,shared/raw_data/HNMU-teacher_dialog_samples/Lớp 6.xlsx,7,6,Lớp 6,6,Bài 1. Thông tin và dữ liệu,"Hoạt động 1, Trang 6 SGK","Phân biệt thông tin và vật mang tin trong tình huống: ""Tiếng trống trường cho em biết giờ ra chơi đã đến"".",Thông hiểu (Phân biệt được các khái niệm),Thông tin: Giờ ra chơi đã đến; Vật mang tin: Tiếng trống (sóng âm).,"HS: Thầy ơi, trong tiếng trống trường thì cái nào là vật mang tin ạ?
 AI: Hãy nghĩ xem, điều gì đã mang cái ""tin"" ra chơi đến tai em? Có phải là âm thanh không?
 HS: Dạ đúng ạ, là tiếng trống vang lên.
 AI: Vậy âm thanh (tiếng trống) chính là phương tiện truyền đi. Còn cái em ""hiểu"" được sau khi nghe tiếng đó là gì?
 HS: Dạ là em biết đến lúc được đi chơi rồi!
 AI: Chuẩn luôn! Cái em ""biết"" đó là thông tin, còn tiếng trống là vật mang tin."
HNMU-G6-R0008-STT7,shared/raw_data/HNMU-teacher_dialog_samples/Lớp 6.xlsx,8,6,Lớp 6,7,Bài 1. Thông tin và dữ liệu,"Mục 2, Trang 7 SGK",Tại sao thông tin lại quan trọng đối với con người?,Thông hiểu (Giải thích tầm quan trọng),"Vì thông tin đem lại hiểu biết và giúp con người đưa ra những lựa chọn tốt, hoạt động đạt hiệu quả.","HS: Thầy ơi, nếu không có thông tin thì con người có sống được không ạ?
 AI: Chúng ta vẫn sống nhưng sẽ gặp rất nhiều khó khăn. Ví dụ nhé: Nếu em không biết thông tin về lịch thi, điều gì sẽ xảy ra?
 HS: Dạ em sẽ bị lỡ kỳ thi và kết quả học tập sẽ kém ạ.
 AI: Đúng vậy. Vậy thông tin giúp em làm gì để chuẩn bị tốt cho kỳ thi?
 HS: Dạ giúp em biết thời gian để ôn bài và đi thi đúng giờ ạ.
 AI: Rất giỏi! Vậy thông tin giúp chúng ta đưa ra quyết định đúng đắn."
HNMU-G6-R0009-STT8,shared/raw_data/HNMU-teacher_dialog_samples/Lớp 6.xlsx,9,6,Lớp 6,8,Bài 1. Thông tin và dữ liệu,"Mục 1, Trang 7 SGK",Tại sao cùng một dữ liệu nhưng mỗi người có thể rút ra những thông tin khác nhau?,Thông hiểu (Nêu được sự phụ thuộc vào chủ thể),"Vì thông tin được não người xử lí từ dữ liệu, tùy thuộc vào hiểu biết của mỗi người.","HS: Thầy ơi, tại sao em nhìn biển báo tiếng Anh thì không hiểu, còn thầy lại hiểu ạ?
 AI: Đó là một quan sát rất tinh tế! Dữ liệu ở đây là các chữ cái tiếng Anh, cả hai chúng ta đều nhìn thấy giống nhau. Nhưng tại sao não thầy lại hiểu đó là lệnh ""Cấm đi ngược chiều""?
 HS: Dạ vì thầy đã học tiếng Anh rồi, còn em thì chưa ạ.
 AI: Chính xác! Thông tin phụ thuộc vào cái gì của mỗi người nhỉ?
 HS: Dạ phụ thuộc vào kiến thức và hiểu biết có sẵn trong não ạ!"
HNMU-G6-R0010-STT9,shared/raw_data/HNMU-teacher_dialog_samples/Lớp 6.xlsx,10,6,Lớp 6,9,Bài 1. Thông tin và dữ liệu,"Hoạt động 2, Trang 7 SGK",Nêu ví dụ về việc một thông tin có thể làm thay đổi hành động của con người.,Thông hiểu (Nêu ví dụ minh họa),"Ví dụ: Nghe tin ""Trời sắp mưa"" giúp An quay vào nhà lấy ô.","HS: Thầy ơi, thông tin ""Trời sắp mưa"" có gì quan trọng đâu ạ?
 AI: Ồ, nếu em đang định đi đá bóng mà nghe tin đó, em có tiếp tục đi không?
 HS: Dạ chắc là em sẽ ở nhà để không bị ướt ạ.
 AI: Vậy cái ""tin"" đó đã làm gì với dự định ban đầu của e?
 HS: Dạ nó làm em thay đổi quyết định, từ ""đi"" thành ""ở nhà"" ạ.
 AI: Đúng rồi! Đó chính là sức mạnh của thông tin trong việc định hướng hành động."
HNMU-G6-R0011-STT10,shared/raw_data/HNMU-teacher_dialog_samples/Lớp 6.xlsx,11,6,Lớp 6,10,Bài 1. Thông tin và dữ liệu,"Mục 2, Trang 6 SGK","Trong các bài học lịch sử, em nhận được thông tin gì và dữ liệu là gì?",Thông hiểu (Phân biệt trong học tập),"Dữ liệu: Những dòng chữ, con số, hình ảnh trong sách; Thông tin: Hiểu biết về sự kiện, ý nghĩa lịch sử.","HS: Học lịch sử toàn con số khô khan, em chẳng thấy thông tin đâu cả thầy ơi.
 AI: Những con số như ""1945"" hay ""7/5/1954"" em đọc được trong sách là gì?
 HS: Dạ là dữ liệu số ạ.
 AI: Tốt! Vậy sau khi đọc xong bài ""Chiến thắng Điện Biên Phủ"", em cảm thấy thế nào về tinh thần quân đội ta?
 HS: Dạ em thấy rất tự hào và khâm phục ạ.
 AI: Sự tự hào và hiểu biết về lòng dũng cảm đó chính là ""thông tin"" em rút ra được từ các dữ liệu số và chữ đấy."
HNMU-G6-R0012-STT11,shared/raw_data/HNMU-teacher_dialog_samples/Lớp 6.xlsx,12,6,Lớp 6,11,Bài 1. Thông tin và dữ liệu,"Luyện tập, Trang 7 SGK",Phân tích dữ liệu trong bảng lượng mưa (Bảng 1.1) để biết thành phố nào ít mưa nhất vào tháng 6.,Vận dụng (Xác định thông tin từ dữ liệu),"Đà Nẵng ít mưa nhất (40,9 mm).","HS: Thầy giúp em xem cái bảng này với, nhiều số quá em hoa mắt ạ?
 AI: Đừng sợ nhé! Bước 1: Em hãy tìm cột ghi ""Tháng 6"". Em thấy chưa?
 HS: Dạ thấy rồi ạ, có 4 con số ở cột đó.
 AI: Tốt! Bây giờ em so sánh 4 số đó: 200.7; 134.2; 40.9; 287.7. Số nào là nhỏ nhất?
 HS: Dạ là 40.9 ạ, tương ứng với dòng Đà Nẵng.
 AI: Quá chuẩn! Vậy từ dữ liệu số đó, em rút ra thông tin gì cho câu hỏi?
 HS: Dạ, Đà Nẵng là nơi ít mưa nhất tháng 6 ạ!"
HNMU-G6-R0013-STT12,shared/raw_data/HNMU-teacher_dialog_samples/Lớp 6.xlsx,13,6,Lớp 6,12,Bài 1. Thông tin và dữ liệu,Vận dụng 1.b. Trang 7 SGK,Em hãy nêu ví dụ về thông tin giúp em đảm bảo an toàn khi tham gia giao thông.,Vận dụng (Phân tích tình huống thực tế),Thông tin về đèn tín hiệu (đèn đỏ) giúp dừng lại đúng lúc để tránh tai nạn.,"HS: Tham gia giao thông thì cần thông tin gì để an toàn hả thầy?
 AI: Khi đến ngã tư, em phải quan sát cái gì để biết lúc nào được đi, lúc nào phải dừng?
 HS: Dạ nhìn đèn tín hiệu giao thông ạ.
 AI: Nếu thấy đèn chuyển sang màu Đỏ, não em sẽ xử lí thông tin đó như thế nào?
 HS: Dạ não bảo tay em bóp phanh để dừng xe lại ạ.
 AI: Đúng rồi! Hành động dừng xe đó giúp em điều gì?
 HS: Dạ giúp em không bị va chạm với xe khác. Em hiểu rồi, đó là thông tin giúp an toàn!"
HNMU-G6-R0014-STT13,shared/raw_data/HNMU-teacher_dialog_samples/Lớp 6.xlsx,14,6,Lớp 6,13,Bài 1. Thông tin và dữ liệu,"Vận dụng 2, Trang 7 SGK",Hãy liệt kê các vật mang tin phục vụ cho việc học tập của em.,Vận dụng (Khai thác được thông tin),"Sách giáo khoa, vở ghi, bảng viết, máy tính, USB.","HS: Thầy ơi, trong cặp em có vật mang tin nào không ạ?
 AI: Nhiều lắm nhé! Cái vật em đang mở ra để đọc bài học Bài 1 này tên là gì?
 HS: Dạ là sách giáo khoa Tin học ạ.
 AI: Chuẩn luôn! Nó mang chữ và hình ảnh học tập. Còn cái gì em dùng để chép lời thầy cô giảng?
 HS: Dạ là vở ghi bài ạ.
 AI: Đúng rồi! Em còn thấy bạn nào dùng máy tính hay máy chiếu trong lớp không?
 HS: Có ạ, cô giáo dùng máy chiếu để hiện slide bài giảng. Vậy nó cũng là vật mang tin đúng không thầy?"
HNMU-G6-R0015-STT14,shared/raw_data/HNMU-teacher_dialog_samples/Lớp 6.xlsx,15,6,Lớp 6,14,Bài 1. Thông tin và dữ liệu,"Câu 1.b, Luyện tập, Trang 7 SGK","Phát biểu ""Tháng 6, Đà Nẵng ít mưa nhất so với các thành phố khác"" là thông tin hay dữ liệu? Tại sao?",Vận dụng (Giải thích lựa chọn),"Là thông tin, vì nó là kết luận được rút ra sau khi xử lí các con số dữ liệu trong bảng.","HS: Thầy ơi, câu khẳng định về mưa ở Đà Nẵng là dữ liệu hay thông tin ạ?
 AI: Để biết câu đó đúng hay sai, em có phải so sánh các con số trong bảng không?
 HS: Dạ có, em phải nhìn hết một lượt các số rồi mới dám nói ạ.
 AI: Việc ""so sánh"" và ""rút ra kết luận"" đó là công việc của bộ phận nào trong cơ thể em?
 HS: Dạ là do não em suy nghĩ ạ.
 AI: Đúng rồi! Khi não đã xử lí dữ liệu để đưa ra một nhận xét có ý nghĩa, thì cái đó được gọi là gì?
 HS: À, vậy nó phải là ""Thông tin"" rồi! Em hiểu cách phân biệt rồi ạ."
HNMU-G6-R0016-STT1,shared/raw_data/HNMU-teacher_dialog_samples/Lớp 6.xlsx,16,6,Lớp 6,1,Bài 2. Xử lí dữ liệu,"Mục 1, Trang 10 SGK",Nêu các bước cơ bản trong xử lí thông tin của con người.,Nhận biết (Nêu được các bước),"Thu nhận, lưu trữ, xử lí và truyền thông tin.","HS: Thầy ơi, con người mình xử lí thông tin qua mấy bước ạ?
 AI: Chào em! Để trả lời câu này, em hãy thử nhớ lại: Khi em nhìn thấy một biển báo giao thông, mắt em làm nhiệm vụ gì đầu tiên nhỉ?
 HS: Dạ, mắt em nhìn thấy hình ảnh ạ.
 AI: Đúng rồi, đó chính là bước ""Thu nhận"". Sau khi thu nhận, não em sẽ giữ nó lại (lưu trữ) rồi làm gì để hiểu biển báo đó nói gì?
 HS: Dạ, não em suy nghĩ để biết đó là biển báo cấm hay cho phép đi ạ.
 AI: Chính xác! Đó là ""xử lí"". Vậy còn bước cuối cùng khi em nói cho bạn biết biển báo đó là gì thì gọi là gì nhỉ?
 HS: Dạ là truyền đạt, hay là ""Truyền thông tin"" ạ! Em nhớ đủ 4 bước rồi!"
HNMU-G6-R0017-STT2,shared/raw_data/HNMU-teacher_dialog_samples/Lớp 6.xlsx,17,6,Lớp 6,2,Bài 2. Xử lí dữ liệu,"Mục 2, Trang 10 SGK",Máy tính gồm mấy thành phần để thực hiện các bước xử lí thông tin?,Nhận biết (Nêu tên thành phần),"4 thành phần: Thiết bị vào, bộ nhớ, bộ xử lí, thiết bị ra.","HS: Máy tính có các bộ phận nào giống như giác quan và não người không thầy?
 AI: Câu hỏi rất hay! Máy tính cũng có ""giác quan"" để nhận tin và ""não"" để xử lí. Em hãy nhìn vào Hình 1.2 trang 11 và cho thầy biết có bao nhiêu khối chức năng chính?
 HS: Em thấy có 4 khối là Thiết bị vào, Thiết bị ra, Bộ xử lí và Bộ nhớ ạ
 AI: Rất giỏi! Mỗi thành phần này đảm nhận một bước xử lí tương ứng đấy."
HNMU-G6-R0018-STT3,shared/raw_data/HNMU-teacher_dialog_samples/Lớp 6.xlsx,18,6,Lớp 6,3,Bài 2. Xử lí dữ liệu,"Câu hỏi 2, Trang 10 SGK",Chức năng của bộ nhớ máy tính là gì?,Nhận biết (Nêu được vai trò),Dùng để lưu trữ thông tin.,"HS: Thầy giúp em phân biệt bộ nhớ với bộ xử lí với, em hay nhầm ạ.
 AI: Đừng lo nhé! Hãy tưởng tượng em học thuộc lòng một bài thơ. Việc ""thuộc"" và giữ bài thơ đó trong đầu giống với việc máy tính làm gì nhỉ?
 HS: Dạ là cất giữ, lưu lại ạ.
 AI: Chính xác! Vậy bộ phận nào của máy tính có tên gọi gợi đến việc ""ghi nhớ"" và cất giữ này?
 HS: À, là Bộ nhớ đúng không thầy? Chức năng của nó là lưu trữ thông tin ạ!"
HNMU-G6-R0019-STT4,shared/raw_data/HNMU-teacher_dialog_samples/Lớp 6.xlsx,19,6,Lớp 6,4,Bài 2. Xử lí dữ liệu,"Mục 2, Trang 10 SGK",Thiết bị nào giúp máy tính thu nhận thông tin? Cho ví dụ.,Nhận biết (Nhận ra thiết bị),"Thiết bị vào. Ví dụ: Bàn phím, chuột, máy quét.","HS: Thầy ơi, làm sao để đưa chữ mình viết vào máy tính ạ?
 AI: Chúng ta cần một ""cổng vào"" cho thông tin. Theo em, khi em gõ phím, thông tin đang đi ""vào"" hay đi ""ra"" khỏi máy tính?
 HS: Dạ là đi vào máy ạ.
 AI: Đúng rồi! Vậy tên gọi chung của bàn phím hay chuột là thiết bị gì nhỉ?
 HS: Dạ là thiết bị vào ạ!"
HNMU-G6-R0020-STT5,shared/raw_data/HNMU-teacher_dialog_samples/Lớp 6.xlsx,20,6,Lớp 6,5,Bài 2. Xử lí dữ liệu,"Mục 1, Trang 9 SGK","Giải thích bước ""Xử lí thông tin"" ở con người.",Thông hiểu (Trình bày được khái niệm),"Là quá trình não bộ liên kết các thông tin đã có để đưa ra kết luận, quyết định.","HS: Thầy ơi, bước ""Xử lí thông tin"" thực chất là làm gì trong đầu mình vậy ạ?
 AI: Em hãy nghĩ về một bài toán nhé. Khi em có các con số và phép tính, não em làm gì để ra đáp án?
 HS: Dạ não em phải suy luận, tính toán ạ.
 AI: Đúng rồi! Việc não em kết nối các con số đó với quy tắc toán học để tìm ra kết quả chính là ""Xử lí"". Vậy mục đích của việc xử lí là gì?
 HS: Dạ là để đưa ra kết luận hoặc quyết định từ thông tin ban đầu ạ."
HNMU-G6-R0021-STT6,shared/raw_data/HNMU-teacher_dialog_samples/Lớp 6.xlsx,21,6,Lớp 6,6,Bài 2. Xử lí dữ liệu,"Mục 2, Trang 11 SGK",Tại sao nói máy tính là một công cụ hiệu quả để xử lí thông tin?,Thông hiểu (Giải thích được lợi ích),"Vì nó xử lí nhanh, chính xác, bền bỉ và có khả năng lưu trữ khổng lồ.","HS: Con người cũng xử lí được thông tin, vậy tại sao mình vẫn cần máy tính thầy nhỉ?
 AI: Hãy so sánh nhé: Nếu bảo em tính 1 triệu phép tính trong 1 giây, em có làm được không?
 HS: Dạ chắc chắn là không rồi ạ, em sẽ rất mệt và dễ sai.
 AI: Nhưng máy tính thì có thể làm việc đó liên tục mà không mệt mỏi. Vậy máy tính có những ưu điểm gì so với chúng ta khi làm toán?
 HS: Dạ là nhanh hơn, chính xác hơn và làm được rất nhiều ạ!"
HNMU-G6-R0022-STT7,shared/raw_data/HNMU-teacher_dialog_samples/Lớp 6.xlsx,22,6,Lớp 6,7,Bài 2. Xử lí dữ liệu,"Hoạt động 1, Trang 19 SGK",Nêu ví dụ về việc truyền thông tin trong đời sống.,Thông hiểu (Nêu ví dụ minh họa),"Ví dụ: Minh kể cho An nghe về một bộ phim, giáo viên giảng bài cho học sinh.","HS: Truyền thông tin có nhất thiết phải dùng máy tính không thầy AI?
 AI: Không đâu em. Trong lớp học, khi cô giáo đang nói và các em đang nghe, thông tin đang đi từ đâu đến đâu?
 HS: Dạ từ cô giáo đến chúng em ạ.
 AI: Chính xác! Đó là một hình thức truyền thông tin đấy. Em có thể nghĩ thêm một ví dụ nào mà em thường làm với bạn bè không?
 HS: Dạ là khi em nhắn tin rủ bạn đi đá bóng ạ!
 AI: Rất tốt! Đó chính là truyền thông tin."
HNMU-G6-R0023-STT8,shared/raw_data/HNMU-teacher_dialog_samples/Lớp 6.xlsx,23,6,Lớp 6,8,Bài 2. Xử lí dữ liệu,"Hình 1.2, Trang 10 SGK",Phân biệt vai trò của Bộ xử lí và Bộ nhớ trong máy tính.,Thông hiểu (Phân biệt chức năng),"Bộ xử lí thực hiện tính toán, điều khiển; Bộ nhớ dùng để cất giữ dữ liệu.","HS: Em thấy cả hai đều nằm trong thân máy, vậy chúng phối hợp thế nào ạ?
 AI: Hãy tưởng tượng một đầu bếp: Bộ nhớ giống như cái tủ lạnh chứa thực phẩm, còn Bộ xử lí giống như người đầu bếp đang nấu ăn.
 HS: À, vậy thực phẩm là dữ liệu, còn nấu ăn là xử lí đúng không thầy?
 AI: Quá chuẩn! Vậy nếu không có người đầu bếp (bộ xử lí) thì thực phẩm (dữ liệu) có biến thành món ăn (kết quả) được không?
 HS: Dạ không ạ. Em hiểu sự khác nhau rồi!"
HNMU-G6-R0024-STT9,shared/raw_data/HNMU-teacher_dialog_samples/Lớp 6.xlsx,24,6,Lớp 6,9,Bài 2. Xử lí dữ liệu,"Mục 1, Trang 9 SGK","""Ghi chép vào vở"" thuộc bước nào trong xử lí thông tin? Tại sao?",Thông hiểu (Giải thích lựa chọn),"Thuộc bước lưu trữ, vì nó giúp thông tin không bị mất đi và có thể xem lại sau này.","HS: Thầy ơi, em chép bài vào vở là em đang truyền thông tin hay lưu trữ ạ?
 AI: Một câu hỏi rất hay để đào sâu! Mục đích của em khi chép vào vở là để làm gì?
 HS: Dạ để em không bị quên và lúc nào cần thì mở ra xem lại ạ.
 AI: Đúng rồi! Việc giữ cho thông tin ""không bị quên"" và ""có thể dùng lại"" chính là đặc điểm của bước nào trong 4 bước ta học?
 HS: Dạ là lưu trữ thông tin ạ!"
HNMU-G6-R0025-STT10,shared/raw_data/HNMU-teacher_dialog_samples/Lớp 6.xlsx,25,6,Lớp 6,10,Bài 2. Xử lí dữ liệu,"Mục 1, Trang 9 SGK",Tại sao não người được coi là trung tâm trong quá trình xử lí thông tin?,Thông hiểu (Trình bày tầm quan trọng),Vì não thực hiện cả lưu trữ và xử lí thông tin - hai bước quan trọng nhất để tạo ra kiến thức mới.,"HS: Tại sao trong sơ đồ Hình 1.1, cái não lại nằm ở giữa vậy thầy?
 AI: Em hãy nhìn các mũi tên đi vào và đi ra khỏi não nhé. Nó nhận tin từ các giác quan rồi làm gì trước khi phát lệnh cho cơ thể hành động?
 HS: Dạ nó suy nghĩ và ghi nhớ ạ.
 AI: Chính xác! Suy nghĩ chính là ""xử lí"", ghi nhớ là ""Lưu trữ"". Nếu không có hai việc này, chúng ta có hiểu được thế giới xung quanh không?
 HS: Dạ không, vậy não chính là nơi xử lí chính nên mới ở trung tâm ạ!"
HNMU-G6-R0026-STT11,shared/raw_data/HNMU-teacher_dialog_samples/Lớp 6.xlsx,26,6,Lớp 6,11,Bài 2. Xử lí dữ liệu,"Câu hỏi b, Trang 9 SGK","Phân tích hoạt động: ""Bố em xem chương trình thời sự trên ti vi"" thành các bước xử lí thông tin.",Vận dụng (Phân tích tình huống),"Thu nhận: mắt nhìn, tai nghe; Lưu trữ: não ghi nhớ nội dung; Xử li: não hiểu tin tức; Truyền: bố kể lại cho mẹ.","HS: Thầy giúp em phân tích hoạt động xem TV của bố em với ạ.
 AI: Được chứ! Đầu tiên, bố em dùng giác quan nào để biết TV đang nói gì?
 HS: Dạ mắt để nhìn hình và tai để nghe tiếng ạ. Đó là thu nhận!
 AI: Giỏi lắm! Thế khi nghe xong một tin hay, bố bảo ""Tin này quan trọng đây"", lúc đó não bố đã làm gì?
 HS: Dạ não bố đã hiểu và đánh giá thông tin, nên là bước xử lí ạ
 AI: Chuẩn luôn! Vậy nếu bố kể lại tin đó cho mẹ nghe thì là bước gì?
 HS: Dạ là truyền thông tin ạ!"
HNMU-G6-R0027-STT12,shared/raw_data/HNMU-teacher_dialog_samples/Lớp 6.xlsx,27,6,Lớp 6,12,Bài 2. Xử lí dữ liệu,"Luyện tập 2, Trang 11 SGK","Khi em đang giải một bài tập toán, các bước xử lí thông tin diễn ra như thế nào?",Vận dụng (Phân tích hoạt động học tập),"Thu nhận: đọc đề bài; Lưu trữ: nhớ giả thiết; 
 Xử lí: suy luận, tính toán; Truyền: viết lời giải vào vở.","HS: Giải toán thì có đủ 4 bước không thầy? Em thấy mình chỉ suy nghĩ thôi.
 AI: Có chứ! Bước đầu tiên là em phải làm gì với cái đề bài trong sách?
 HS: Dạ em phải đọc đề ạ. Đó là thu nhận.
 AI: Tốt! Trong lúc giải, em có cần nhớ công thức đã học từ trước không?
 HS: Có ạ, em phải nhớ để áp dụng. Đó là lưu trữ đúng không thầy?
 AI: Đúng rồi! Vậy việc em dùng công thức đó để tìm ra X chính là bước nào?
 HS: Dạ là xử lí thông tin ạ! Cuối cùng em viết vào vở là truyền tin cho thầy cô chấm bài."
HNMU-G6-R0028-STT13,shared/raw_data/HNMU-teacher_dialog_samples/Lớp 6.xlsx,28,6,Lớp 6,13,Bài 2. Xử lí dữ liệu,Vận dụng thực tế,Hãy liệt kê các thiết bị vào/ra khi em sử dụng điện thoại thông minh để gửi một tin nhắn ảnh.,Vận dụng (Phân loại thiết bị thực tế),"Thiết bị vào: Camera (chụp ảnh), màn hình cảm ứng (gõ chữ); Thiết bị ra: Màn hình (hiển thị).","HS: Điện thoại em dùng hàng ngày có các thành phần như máy tính không thầy?
 AI: Có đầy đủ luôn em! Khi em muốn chụp một bức ảnh để gửi, em dùng bộ phận nào của điện thoại để ""thu nhận"" hình ảnh?
 HS: Dạ là Camera ạ.
 AI: Đúng, vậy Camera là thiết bị vào hay ra?
 HS: Dạ là thiết bị vào ạ.
 AI: Rất tốt! Thế khi em muốn xem lại bức ảnh đó trước khi gửi, em nhìn vào đâu?
 HS: Dạ nhìn vào màn hình. Màn hình đưa tin ra cho em xem nên là thiết bị ra ạ!"
HNMU-G6-R0029-STT14,shared/raw_data/HNMU-teacher_dialog_samples/Lớp 6.xlsx,29,6,Lớp 6,14,Bài 2. Xử lí dữ liệu,"Vận dụng 1, Trang 11 SGK","Giả sử em được đi chơi xa, hãy phân tích các bước xử lí thông tin liên quan đến việc lên kế hoạch.",Vận dụng (Giải quyết tình huống thực tế),"Thu nhận: tìm hiểu địa điểm; Lưu trữ: ghi lại lịch trình; Xử lí: chọn ngày, phương tiện; Truyền: trao đổi với người thân.","HS: Thầy ơi, lên kế hoạch đi du lịch thì ""Xử lí thông tin"" là làm gì ạ?
 AI: Một tình huống rất thú vị! Trước khi chọn ngày đi, em phải xem dự báo thời tiết và lịch học của mình. Việc em so sánh hai thông tin đó để chọn ra ngày nắng đẹp và em được nghỉ gọi là gì?
 HS: Dạ là em đang cân nhắc và đưa ra quyết định ạ.
 AI: Chính xác! Đó chính là ""Xử lí"". Vậy sau khi chốt ngày, em nói với bố mẹ để chuẩn bị đồ đạc thì là bước nào?
 HS: Dạ là truyền thông tin ạ! Giờ em đã biết cách ứng dụng bài học vào việc lên kế hoạch rồi."
HNMU-G6-R0030-STT1,shared/raw_data/HNMU-teacher_dialog_samples/Lớp 6.xlsx,30,6,Lớp 6,1,Bài 3. Thông tin trong máy tinh,"Mục 1, Trang 14 SGK",Đơn vị nhỏ nhất để đo dung lượng thông tin là gì?,Nhận biết (Nêu được tên đơn vị),Bit,"HS: Thầy ơi, máy tính dùng đơn vị gì nhỏ nhất để đo thông tin ạ? 
 AI: Chào em! Rất vui được hỗ trợ em. Em có nhớ mỗi kí hiệu 0 hoặc 1 trong máy tính được gọi là gì không?
 HS: Dạ là chữ số nhị phân ạ.
 AI: Đúng rồi! Tên tiếng Anh của nó là ""Binary digit"", viết tắt là một từ có 3 chữ cái bắt đầu bằng chữ 'B'. Em đoán xem?
 HS: À, là Bit đúng không thầy?
 AI: Chính xác! Đó chính là đơn vị nhỏ nhất đấy."
HNMU-G6-R0031-STT2,shared/raw_data/HNMU-teacher_dialog_samples/Lớp 6.xlsx,31,6,Lớp 6,2,Bài 3. Thông tin trong máy tinh,Mục 1. Trang 14 SGK,Kí hiệu 0 và 1 được gọi là gì?,Nhận biết (Biết được tên gọi),Chữ số nhị phân (bit),"HS: Thầy ơi, 0 và 1 trong máy tính gọi là số gì ạ? 
 AI: Một câu hỏi rất cơ bản! Trong toán học, hệ số dùng 10 chữ số gọi là thập phân. Vậy hệ chỉ dùng ""hai"" (biến tiếng Hán là 'nhị') kí hiệu sẽ gọi là gì nhỉ?
 HS: Dạ là nhị phân ạ.
 AI: Rất giỏi! Vậy 0 và 1 chính là các chữ số nhị phân."
HNMU-G6-R0032-STT3,shared/raw_data/HNMU-teacher_dialog_samples/Lớp 6.xlsx,32,6,Lớp 6,3,Bài 3. Thông tin trong máy tinh,Mục 2. Trang 12 SGK,Một Byte bằng bao nhiêu bit?,Nhận biết (Nêu được độ lớn đơn vị),8 bit,"HS: Em quên mất 1 Byte đổi ra bit là bao nhiêu rồi ạ.
 AI: Đừng lo! Hãy tưởng tượng 1 Byte giống như một ""tổ đội"" các quân lính bit. Em hãy mở SGK trang 13, phần in đậm ngay dưới bảng đơn vị nhé. 
 HS: Dạ, em thấy ghi là ""1 Byte = 8 bit"".
 AI: Tuyệt vời! Em đã tự tìm thấy chìa khóa rồi đó."
HNMU-G6-R0033-STT4,shared/raw_data/HNMU-teacher_dialog_samples/Lớp 6.xlsx,33,6,Lớp 6,4,Bài 3. Thông tin trong máy tinh,"Mục 1, Trang 14 SGK",Thông tin trong máy tính được biểu diễn bằng gì?,Nhận biết (Nhận ra dạng biểu diễn),Dãy bit (các kí hiệu 0 và 1),"HS: Máy tính có hiểu được màu sắc hay âm thanh trực tiếp không thầy?
 AI: Câu hỏi hay lắm! Thực ra máy tính chỉ hiểu một loại ngôn ngữ duy nhất. Theo em, mọi thứ (chữ, hình, âm) đều phải đổi thành dãy các kí hiệu nào?
 HS: Dạ là 0 và 1 ạ.
 AI: Đúng rồi, và dãy đó được gọi chung là ""dãy..."" gì em nhỉ?
 HS: Dạ là dãy bit ạ!"
HNMU-G6-R0034-STT5,shared/raw_data/HNMU-teacher_dialog_samples/Lớp 6.xlsx,34,6,Lớp 6,5,Bài 3. Thông tin trong máy tinh,"Mục 1, trang 12 SGK",Tại sao máy tính chỉ sử dụng hai kí hiệu 0 và 1 để biểu diễn thông tin?,Thông hiểu (Giải thích được lý do),Vì các linh kiện điện tử thông dụng chỉ có hai trạng thái (như tắt/mở).,"HS: Tại sao không dùng từ 0 đến 9 cho giống con người mà phải dùng mỗi 0 và 1 cho khó hiểu vậy thầy?
 AI: Thầy hiểu ý em. Em hãy nghĩ về cái bóng đèn, nó thường có mấy trạng thái cơ bản?
 HS: Dạ có 2 là Sáng và Tắt ạ.
 AI: Chính xác! Các linh kiện trong máy tính cũng hoạt động dựa trên dòng điện như vậy. Việc chế tạo máy tính chỉ có ""2 trạng thái"" sẽ dễ hơn hay khó hơn nhiều trạng thái?
 HS: Dạ chắc chắn là dễ hơn rồi ạ! Em hiểu rồi."
HNMU-G6-R0035-STT6,shared/raw_data/HNMU-teacher_dialog_samples/Lớp 6.xlsx,35,6,Lớp 6,6,Bài 3. Thông tin trong máy tinh,"Mục 2, Trang 14 SGK",1 MB tương đương với khoảng bao nhiêu byte?,Thông hiểu (Giải thích được thông số),Khoảng một triệu byte,"HS: 1 Megabyte là bao nhiêu byte ạ? Con số này lớn quá.
 AI: Mình cùng làm toán nhé! 1 KB xấp xỉ 1000 Byte. Mà 1 MB lại bằng 1024 KB. Vậy 1000 nhân với 1000 là bao nhiêu?
 HS: Dạ là 1 triệu ạ!
 AI: Đúng rồi! Vậy 1 MB xấp xỉ 1 triệu Byte. Đơn giản đúng không nào?"
HNMU-G6-R0036-STT7,shared/raw_data/HNMU-teacher_dialog_samples/Lớp 6.xlsx,36,6,Lớp 6,7,Bài 3. Thông tin trong máy tinh,Mục 2. Trang 15 SGK,Dung lượng lưu trữ của một thiết bị là gì?,Thông hiểu (Trình bày được khái niệm),Khả năng chứa dữ liệu của thiết bị đó.,"HS: Em thấy trên thẻ nhớ ghi 16GB, đó gọi là gì vậy thầy?
 AI: Đó chính là ""dung lượng lưu trữ"". Theo em, số đó càng lớn thì thẻ nhớ chứa được ""nhiều"" hay ""ít"" ảnh hơn?
 HS: Dạ nhiều hơn ạ.
 AI: Vậy em có thể giải thích ""dung lượng lưu trữ"" nghĩa là gì không?
 HS: Dạ là khả năng chứa được nhiều hay ít dữ liệu của thiết bị ạ."
HNMU-G6-R0037-STT8,shared/raw_data/HNMU-teacher_dialog_samples/Lớp 6.xlsx,37,6,Lớp 6,8,Bài 3. Thông tin trong máy tinh,"Luyện tập 1, Trang 15 SGK",Một GB tương đương với khoảng bao nhiêu byte?,Thông hiểu (Giải thích được thông số),Khoảng một tỉ byte,"HS: GB lớn hơn MB nhiều không thầy?
 AI: Có chứ! 1 GB bằng 1024 MB. Nếu 1 MB là 1 triệu byte, thì 1000 MB sẽ là bao nhiêu triệu?
 HS: Dạ là 1000 triệu... tức là 1 tỉ byte ạ!
 AI: Rất xuất sắc! Em đã nắm được quy luật lũy tiến rồi đấy."
HNMU-G6-R0038-STT9,shared/raw_data/HNMU-teacher_dialog_samples/Lớp 6.xlsx,38,6,Lớp 6,9,Bài 3. Thông tin trong máy tinh,Hoạt đông 1. Trang 12 SGK,"Khi mã hóa một số lớn hơn, dãy bit nhận được sẽ như thế nào?",Thông hiểu (Nêu được mối quan hệ),Dãy bit sẽ dài hơn (nhiều bit hơn).,"HS: Thầy ơi, số 3 mã hóa là 011 (3 bit), vậy số 100 có cần nhiều bit hơn không?
 AI: Em hãy thử tưởng tượng nhé, nếu em chỉ có 3 ô trống (bit), em có thể tạo ra tối đa bao nhiêu tổ hợp khác nhau?
 HS: Dạ ít lắm ạ, không đủ cho số 100.
 AI: Đúng rồi! Vậy để biểu diễn các số càng lớn, ta cần dãy bit ""dài hơn"" hay ""ngắn đi""?
 HS: Dạ phải dài hơn ạ!"
HNMU-G6-R0039-STT10,shared/raw_data/HNMU-teacher_dialog_samples/Lớp 6.xlsx,39,6,Lớp 6,10,Bài 3. Thông tin trong máy tinh,"Hoạt động 1, Ttrang 12 SGK",Việc chuyển thông tin về dạng dãy bit được gọi là gì?,Thông hiểu (Hiểu khái niệm số hóa),Mã hóa thông tin (hoặc số hóa).,"HS: Tại sao văn bản mình viết vào máy lại biến thành 0 và 1 ạ?
 AI: Quá trình đó giống như chúng ta dùng ""mật mã"" vậy. Từ chuyên môn gọi là ""mã hóa"". Theo em, sau khi mã hóa, máy tính có thể ""hiểu"" và xử lý được thông tin không?
 HS: Dạ có, vì lúc đó nó là 0 và 1 rồi ạ.
 AI: Tuyệt vời! Đó chính là ý nghĩa của việc mã hóa đấy."
HNMU-G6-R0040-STT11,shared/raw_data/HNMU-teacher_dialog_samples/Lớp 6.xlsx,40,6,Lớp 6,11,Bài 3. Thông tin trong máy tinh,"Luyện tập 2, Trang 15 SGK",Một bức ảnh 2 MB. Thẻ nhớ trống 4 GB chứa được tối đa bao nhiêu ảnh?,Vận dụng (Chuyển đổi giữa các đơn vị),2000 bức ảnh,"HS: Thầy giúp em tính bài này với, GB và MB làm em rối quá.
 AI: Không sao, mình làm từng bước nhé. Đầu tiên, hãy đổi 4 GB ra MB (lấy xấp xỉ 1 GB = 1000 MB). 4 GB bằng bao nhiêu MB?
 HS: Dạ 4000 MB ạ.
 AI: Tốt! Bây giờ mỗi ảnh chiếm 2 MB, vậy 4000 MB chứa được bao nhiêu ảnh? Em dùng phép tính gì?
 HS: Em lấy 4000 chia cho 2... bằng 2000 ảnh ạ!
 AI: Quá giỏi! Em đã giải xong bài toán rồi đấy."
HNMU-G6-R0041-STT12,shared/raw_data/HNMU-teacher_dialog_samples/Lớp 6.xlsx,41,6,Lớp 6,12,Bài 3. Thông tin trong máy tinh,"Vận dụng 2, Trang 15 SGK",Thực hiện mã hóa số 5 thành dãy bit (sử dụng 3 bit).,Vận dụng (Thực hiện thao tác mã hóa),101,"HS: Em không biết làm sao để ra dãy 101 cho số 5 ạ.
 AI: Hãy dùng phương pháp chia đôi dãy số từ 0 đến 7 nhé. Bước 1: Chia dãy số thành hai nửa và Số 5 nằm bên nào?
 HS: Dạ bên phải. Ghi số 1 ạ.
 AI: Đúng! Bước 2: Chia tiếp dãy chứa số 5 thành hai nửa và Số 5 ở đâu?
 HS: Dạ bên trái. Ghi số 0 ạ.
 AI: Cuối cùng, giữa 4 và 5, số 5 nằm bên trái hay phải? 
 HS: Dạ bên phải! Ghi thêm số 1. Vậy là 101! Em làm được rồi thầy ơi!"
HNMU-G6-R0042-STT13,shared/raw_data/HNMU-teacher_dialog_samples/Lớp 6.xlsx,42,6,Lớp 6,13,Bài 3. Thông tin trong máy tinh,"Vận dụng 1, Trang 15 SGK",Làm thế nào để kiểm tra dung lượng còn trống của một ổ đĩa máy tính?,Vận dụng (Thực hiện thao tác thực tế),"Nháy nút phải chuột vào ổ đĩa, chọn Properties.","HS: Làm sao em biết máy tính của em còn bao nhiêu GB trống ạ?
 AI: Em hãy mở ""This PC"" (hoặc My Computer) ra nhé. Em thấy các biểu tượng ổ đĩa C, D không?
 HS: Dạ thấy ạ.
 AI: Bây giờ em hãy thử ""nháy nút phải chuột"" vào ổ C. Có một dòng cuối cùng bắt đầu bằng chữ 'P...', em thấy là gì?
 HS: Dạ là Properties!
 AI: Nhấn vào đó, em sẽ thấy ngay dung lượng trống (Free space) đấy. Thử xem nào!"
HNMU-G6-R0043-STT14,shared/raw_data/HNMU-teacher_dialog_samples/Lớp 6.xlsx,43,6,Lớp 6,14,Bài 3. Thông tin trong máy tinh,"Mục 1, Trang 13 SGK",Chuyển một hình ảnh đen trắng đơn giản (8x8 ô) thành dãy bit.,Vận dụng (Mã hóa hình ảnh),"Dãy bit tương ứng (ô đen là 1, trắng là 0).","HS: Thầy ơi, hình ảnh thì làm sao đổi thành 0 và 1 được ạ?
 AI: Em hãy chia bức ảnh thành các ô vuông cực nhỏ. Nếu quy định: ô Đen là 1, ô Trắng là 0. Hàng đầu tiên có 4 ô Trắng rồi đến 4 ô Đen, dãy bit sẽ là gì?
 HS: Dạ là 00001111 ạ.
 AI: Rất chính xác! Cứ thế làm hết các hàng, em sẽ có ""bản mã"" của bức ảnh đó. Thú vị không nào?
 HS: Dạ, giờ em đã hiểu cách máy tính lưu ảnh rồi ạ!"
HNMU-G6-R0044-STT1,shared/raw_data/HNMU-teacher_dialog_samples/Lớp 6.xlsx,44,6,Lớp 6,1,Bài 4. Mạng máy tính,Mục 1. Trang 17 SGK,Mạng máy tính là gì?,Nhận biết (Biết được khái niệm),Là tập hợp các máy tính và thiết bị được kết nối để truyền thông tin cho nhau.,"HS: Thầy ơi, mạng máy tính có phải chỉ là các máy tính nối dây với nhau không ạ?
 AI: Chào em! Một câu hỏi rất hay để bắt đầu bài học. Em hãy nghĩ xem, ngoài máy tính, điện thoại của em có thể nhận ảnh từ máy tính khác không?
 HS: Dạ có chứ ạ.
 AI: Đúng rồi! Vậy mạng máy tính không chỉ có máy tính mà là một ""tập hợp các thiết bị"". Chúng được kết nối với nhau để làm gì nhỉ?
 HS: Để gửi tin nhắn hay hình ảnh cho nhau ạ.
 AI: Chính xác! Đó chính là việc ""truyền thông tin"". Vậy em có thể nêu lại định nghĩa đầy đủ không?"
HNMU-G6-R0045-STT2,shared/raw_data/HNMU-teacher_dialog_samples/Lớp 6.xlsx,45,6,Lớp 6,2,Bài 4. Mạng máy tính,"Mục 2, Trang 18 SGK",Nêu các thành phần cơ bản của một mạng máy tính.,Nhận biết (Nêu tên các thành phần),"Gồm 3 thành phần: Thiết bị đầu cuối, Thiết bị kết nối, Phần mềm mạng.",
HNMU-G6-R0046-STT3,shared/raw_data/HNMU-teacher_dialog_samples/Lớp 6.xlsx,46,6,Lớp 6,3,Bài 4. Mạng máy tính,"Mục 2, Trang 18 SGK",Thiết bị đầu cuối là gì? Cho ví dụ.,Nhận biết (Nêu tên thiết bị),"Là thiết bị gửi hoặc nhận dữ liệu. Ví dụ: Máy tính, điện thoại, máy in, máy quét.","HS: Thầy ơi, tại sao máy in lại là thiết bị đầu cuối ạ? Em tưởng nó chỉ để in thôi.
 AI: Câu hỏi thú vị đấy! Trong mạng, thiết bị nào ""kết thúc"" hành trình của dữ liệu hoặc khởi đầu nó thì gọi là đầu cuối. Máy in nhận dữ liệu từ máy tính để in ra, vậy nó là bên ""nhận"" hay bên ""nối""?
 HS: Nó là bên nhận dữ liệu cuối cùng ạ.
 AI: Chính xác! Vậy nó chính là thiết bị đầu cuối. Em còn biết thiết bị nào tương tự không?
 HS: Dạ, điện thoại thông minh và máy quét nữa ạ!"
HNMU-G6-R0047-STT4,shared/raw_data/HNMU-teacher_dialog_samples/Lớp 6.xlsx,47,6,Lớp 6,4,Bài 4. Mạng máy tính,"Mục 2, Trang 18 SGK",Kể tên một số thiết bị kết nối mạng phổ biến.,Nhận biết (Nêu tên thiết bị),"Cáp mạng, Switch (bộ chuyển mạch), Access Point (bộ thu phát wifi), Router.","HS: Nhà em có cục phát Wifi, nó thuộc nhóm nào trong mạng máy tính ạ?
 AI: Đó là một câu hỏi rất thực tế! Cục phát Wifi giúp ""kết nối"" các điện thoại với nhau bằng sóng. Vậy nó thuộc nhóm nào trong 3 thành phần ta vừa học?
 HS: Dạ, nó là thiết bị kết nối ạ!
 AI: Rất tốt! Tên chuyên môn của nó trong sách là ""Access Point"". Ngoài ra còn có dây dẫn để nối máy tính bàn, em gọi dây đó là gì?
 HS: Là cáp mạng ạ!"
HNMU-G6-R0048-STT5,shared/raw_data/HNMU-teacher_dialog_samples/Lớp 6.xlsx,48,6,Lớp 6,5,Bài 4. Mạng máy tính,"Mục 1, Trang 17 SGK",Tại sao chúng ta cần mạng máy tính?,Thông hiểu (Giải thích lợi ích),"Để chia sẻ dữ liệu, dùng chung thiết bị (như máy in) và dùng chung phần mềm.","HS: Thầy ơi, nếu không có mạng thì máy tính vẫn hoạt động được mà, tại sao phải cần mạng ạ?
 AI: Đúng là máy vẫn chạy, nhưng em thử nghĩ xem: Nếu cả lớp có 30 máy tính mà chỉ có 1 máy in, ta phải làm sao để máy nào cũng in được?
 HS: Chắc là phải copy vào USB rồi mang ra máy có nối máy in ạ.
 AI: Thế thì hơi vất vả nhỉ? Nếu có mạng, tất cả máy tính có thể ""dùng chung"" máy in đó ngay tại chỗ. Đó gọi là lợi ích gì em nhỉ?
 HS: Dạ là chia sẻ thiết bị và dữ liệu nhanh hơn ạ!"
HNMU-G6-R0049-STT6,shared/raw_data/HNMU-teacher_dialog_samples/Lớp 6.xlsx,49,6,Lớp 6,6,Bài 4. Mạng máy tính,"Mục 2, Trang 19 SGK",So sánh đặc điểm của mạng có dây và mạng không dây.,Thông hiểu (Phân biệt đặc điểm),"Mạng có dây dùng cáp mạng; mạng không dây dùng sóng vô tuyến (wifi), Bluetooth.","HS: Em thấy dùng Wifi tiện hơn vì không vướng dây, vậy mạng có dây có ưu điểm gì không thầy?
 AI: Quan sát rất tốt! Mạng không dây giúp mình di chuyển tự do. Tuy nhiên, mạng có dây thường có tốc độ ổn định hơn và ít bị nhiễu. Theo em, mạng không dây dùng cái gì để truyền tin thay vì dùng dây cáp?
 HS: Dạ dùng sóng Wifi ạ.
 AI: Đúng rồi, sách gọi đó là ""sóng vô tuyến"". Vậy điểm khác biệt lớn nhất giữa chúng là gì?
 HS: Là ""vật truyền dẫn"": một bên dùng cáp, một bên dùng sóng ạ."
HNMU-G6-R0050-STT7,shared/raw_data/HNMU-teacher_dialog_samples/Lớp 6.xlsx,50,6,Lớp 6,7,Bài 4. Mạng máy tính,"Hoạt động 1, Trang 16 SGK",Em hãy nêu một ví dụ về mạng lưới trong đời sống giống như mạng máy tính.,Thông hiểu (Nêu ví dụ minh họa),"Mạng lưới giao thông đường bộ, mạng lưới điện, mạng lưới cấp nước.","HS: Mạng giao thông giống mạng máy tính ở chỗ nào vậy thầy AI?
 AI: Em hãy nghĩ về các con đường. Chúng nối các ngôi nhà lại với nhau để làm gì?
 HS: Để xe cộ và người đi lại trao đổi hàng hóa ạ.
 AI: Rất chính xác! Trong mạng máy tính, ""con đường"" là dây cáp hoặc sóng, còn ""xe cộ"" chính là thông tin. Vậy điểm chung của chúng là gì?
 HS: Dạ là sự kết nối để trao đổi một thứ gì đó ạ!"
HNMU-G6-R0051-STT8,shared/raw_data/HNMU-teacher_dialog_samples/Lớp 6.xlsx,51,6,Lớp 6,8,Bài 4. Mạng máy tính,"Mục 2.b, Trang 18 SGK",Access Point có vai trò gì trong mạng không dây?,Thông hiểu (Giải thích chức năng),Thu nhận và truyền tín hiệu vô tuyến (sóng wifi) để các thiết bị không dây kết nối.,"HS: Tại sao điện thoại em bắt được Wifi mà máy tính bàn lại không nếu không có thiết bị hỗ trợ ạ?
 AI: Vì điện thoại có bộ thu sóng bên trong, còn máy tính bàn thường phải cắm dây. Thiết bị phát ra sóng đó chính là Access Point. Theo em, nó đóng vai trò là ""điểm nhận"" hay ""điểm nối""?
 HS: Em nghĩ nó là điểm nối các thiết bị không dây vào mạng ạ.
 AI: Chuẩn xác! Nó truyền tín hiệu để các thiết bị ""nói chuyện"" với nhau không cần dây."
HNMU-G6-R0052-STT9,shared/raw_data/HNMU-teacher_dialog_samples/Lớp 6.xlsx,52,6,Lớp 6,9,Bài 4. Mạng máy tính,"Mục 2.c, Trang 18 SGK",Phần mềm mạng có vai trò gì?,Thông hiểu (Giải thích vai trò),Điều khiển việc truyền dữ liệu và giúp các thiết bị trong mạng giao tiếp với nhau.,"HS: Em thấy có máy tính, có dây cáp rồi mà sao vẫn chưa vào mạng được thầy ơi?
 AI: Đó là vì thiếu ""người chỉ huy"" đấy em. Giống như hai người có điện thoại nhưng không biết cùng một ngôn ngữ. Theo em, ta cần cái gì để các máy tính ""hiểu"" nhau?
 HS: Dạ cần phần mềm để điều khiển ạ.
 AI: Đúng rồi! Phần mềm đó quản lý cách dữ liệu đi từ máy này sang máy khác. Em nhớ tên gọi của nó không?
 HS: Dạ là phần mềm mạng ạ!"
HNMU-G6-R0053-STT10,shared/raw_data/HNMU-teacher_dialog_samples/Lớp 6.xlsx,53,6,Lớp 6,10,Bài 4. Mạng máy tính,"Mục 2, Trang 19 SGK",Mạng không dây thường được sử dụng cho những thiết bị nào? cho ví dụ?,Thông hiểu (Giải thích khái niệm),"Mạng không dây thường được sử dụng phổ biến nhất cho các thiết bị di động và thiết bị thông minh cần sự linh hoạt. Ví dụ: điện thoại thông minh, laptop, máy tính bảng)","HS: Thầy ơi, mạng không dây thường được sử dụng trong trường hợp nào?
AI: Em thử nghĩ xem, khi ở nhà hoặc ở trường, em thường kết nối Wi-Fi bằng những thiết bị nào?
HS: Em dùng điện thoại và máy tính bảng để kết nối Wi-Fi ạ.
AI: Rất tốt! Ngoài hai thiết bị đó, còn loại máy tính nào thường kết nối Wi-Fi để học tập hoặc làm việc mà không cần cắm dây mạng?
HS: Đó là máy tính xách tay (laptop) ạ.
AI: Chính xác! Vậy em có nhận xét gì về những thiết bị thường sử dụng mạng không dây?
HS: Mạng không dây thường được sử dụng phổ biến nhất cho các thiết bị di động và thiết bị thông minh cần sự linh hoạt, như điện thoại thông minh, máy tính bảng và máy tính xách tay (laptop)."
HNMU-G6-R0054-STT11,shared/raw_data/HNMU-teacher_dialog_samples/Lớp 6.xlsx,54,6,Lớp 6,11,Bài 4. Mạng máy tính,"Mục 2, Trang 18 SGK",Một mạng máy tính gồm các máy tính bàn và một máy in. Hãy xác định các thành phần mạng.,Vận dụng (Xác định thành phần),Máy tính bàn và máy in là thiết bị đầu cuối. Dây cáp nối là thiết bị kết nối.,"HS: Trong phòng máy trường em có 20 máy tính và 1 máy in, đâu là thiết bị đầu cuối ạ?
 AI: Em hãy nhớ lại: thiết bị nào gửi và nhận thông tin trực tiếp? 
 HS: Cả máy tính và máy in đều nhận dữ liệu để làm việc ạ.
 AI: Đúng rồi! Vậy cả hai đều thuộc nhóm nào em nhỉ?
 HS: Dạ là thiết bị đầu cuối ạ! Thế còn mấy cái dây nối chúng là gì thầy?
 AI: Em thử đoán xem, chúng giúp ""kết nối"" hay ""xử lý"" tin?
 HS: Dạ kết nối, nên là thiết bị kết nối ạ!"
HNMU-G6-R0055-STT12,shared/raw_data/HNMU-teacher_dialog_samples/Lớp 6.xlsx,55,6,Lớp 6,12,Bài 4. Mạng máy tính,"Vận dụng 2, Trang 19 SGK","Nhà An có máy tính bàn, điện thoại, tivi kết nối wifi. Hãy vẽ sơ đồ đơn giản cho mạng này.",Vận dụng (Vẽ sơ đồ mạng),"Sơ đồ: Internet -> Modem/Access Point -> (Máy tính, Điện thoại, Tivi).","HS: Thầy ơi, em muốn vẽ sơ đồ mạng nhà em nhưng không biết cái cục Modem đặt ở đâu.
 AI: Thông thường, Modem là nơi đón tín hiệu Internet từ ngoài vào nhà. Vậy em sẽ vẽ nó ở đầu hay ở cuối sơ đồ?
 HS: Dạ ở đầu ạ.
 AI: Tốt! Từ Modem đó, sóng Wifi (Access Point) sẽ tỏa ra cho các máy khác. Em sẽ nối các thiết bị còn lại vào đâu?
 HS: Em nối Tivi và Điện thoại vào Access Point ạ. 
 AI: Quá chuẩn! Em đã hoàn thành sơ đồ rồi đấy."
HNMU-G6-R0056-STT13,shared/raw_data/HNMU-teacher_dialog_samples/Lớp 6.xlsx,56,6,Lớp 6,13,Bài 4. Mạng máy tính,"Mục 2, Trang 18 SGK","Phân loại các thiết bị: Smartphone, Cáp quang, Router, Switch, Laptop.",Vận dụng (Phân loại thiết bị),"Đầu cuối: Smartphone, Laptop. Kết nối: Cáp quang, Router, Switch.","HS: Router và Switch là thiết bị gì em hay nhầm quá thầy ơi.
 AI: Đừng lo! Hãy nhớ quy tắc: Nếu nó dùng để ""chuyển tiếp"" dữ liệu đi tiếp trên đường thì là kết nối. Smartphone có tự chuyển dữ liệu cho máy khác không?
 HS: Dạ không, nó chỉ để em dùng thôi.
 AI: Vậy nó là thiết bị đầu cuối. Còn Router giúp định đường đi cho dữ liệu, vậy nó thuộc nhóm nào?
 HS: Dạ là thiết bị kết nối ạ. Em hiểu cách phân loại rồi!"
HNMU-G6-R0057-STT14,shared/raw_data/HNMU-teacher_dialog_samples/Lớp 6.xlsx,57,6,Lớp 6,14,Bài 4. Mạng máy tính,Vận dụng thực tế,"Nếu máy tính của em không thể in được dù có mạng, em sẽ kiểm tra những gì?",Vận dụng (Giải quyết tình huống),"Kiểm tra kết nối vật lý (dây cáp/wifi), kiểm tra máy in đã bật chưa, kiểm tra phần mềm mạng.","HS: Máy tính em báo ""Printer Offline"" dù em đã cắm mạng, làm sao đây thầy?
 AI: Bình tĩnh nào! Đầu tiên hãy kiểm tra ""Thiết bị đầu cuối"" là máy in xem nó đã bật nguồn chưa?
 HS: Dạ máy in đang bật đèn xanh ạ.
 AI: Tốt! Tiếp theo hãy xem ""Thiết bị kết nối"" là dây cáp mạng có bị lỏng không?
 HS: À... dây cáp bị tuột ra một chút ạ. Em cắm lại thì in được rồi!
 AI: Tuyệt vời! Em đã biết cách kiểm tra các thành phần mạng để sửa lỗi rồi đấy."
HNMU-G6-R0058-STT1,shared/raw_data/HNMU-teacher_dialog_samples/Lớp 6.xlsx,58,6,Lớp 6,1,Bài 5: Internet,"Mục 1, Trang 20 SGK",Internet là gì?,Nhận biết (Nêu được khái niệm),"Là mạng máy tính toàn cầu, kết nối hàng triệu mạng máy tính và các thiết bị trên thế giới.","HS: Thầy ơi, Internet có phải là một chiếc máy tính khổng lồ chứa mọi thứ không ạ?
 AI: Một cách ví von rất hay! Nhưng em hãy nghĩ xem, nếu máy tính nhà em kết nối với máy tính nhà bạn, rồi nối với hàng triệu máy khác trên thế giới thì tạo thành cái gì nhỉ?
 HS: Dạ, tạo thành một mạng lưới cực lớn ạ.
 AI: Chính xác! Mạng lưới đó bao phủ khắp hành tinh nên ta gọi là ""toàn cầu"". Vậy em có thể nêu lại định nghĩa Internet là mạng gì không?
 HS: Dạ, Internet là mạng máy tính toàn cầu kết nối các mạng và thiết bị ạ!"
HNMU-G6-R0059-STT2,shared/raw_data/HNMU-teacher_dialog_samples/Lớp 6.xlsx,59,6,Lớp 6,2,Bài 5: Internet,"Mục 2, Trang 21 SGK",Kể tên 3 đặc điểm chính của Internet.,Nhận biết (Nêu được đặc điểm),"Tính toàn cầu, tính tương tác, tính không thuộc sở hữu của ai.","HS: Thầy giúp em nhớ 3 đặc điểm của Internet với, em hay bị quên.
 AI: Đừng lo nhé! Đầu tiên, Internet có giới hạn ở một quốc gia không hay bao phủ khắp thế giới?
 HS: Dạ khắp thế giới, là tính toàn cầu ạ.
 AI: Giỏi quá! Thứ hai, khi em gửi tin nhắn, người khác có thể trả lời ngay không? Đó gọi là tính gì?
 HS: Dạ có, là tính tương tác!
 AI: Chuẩn luôn! Cuối cùng, có ông chủ nào nắm quyền điều hành toàn bộ Internet không?
 HS: Dạ không, nó không thuộc sở hữu của ai hết. Em nhớ đủ 3 ý rồi ạ!"
HNMU-G6-R0060-STT3,shared/raw_data/HNMU-teacher_dialog_samples/Lớp 6.xlsx,60,6,Lớp 6,3,Bài 5: Internet,"Mục 1, Trang 20 SGK",Kể tên 3 dịch vụ phổ biến trên Internet mà em biết.,Nhận biết (Nêu được ví dụ dịch vụ),"Tìm kiếm thông tin (WWW), Thư điện tử, Mạng xã hội.","HS: Thầy ơi, ngoài việc xem Youtube thì Internet còn dùng để làm gì nữa ạ?
 AI: Ồ, Youtube là một dạng chia sẻ video. Nếu em muốn tìm tài liệu làm bài tập, em dùng công cụ gì?
 HS: Dạ em dùng Google để tìm kiếm ạ.
 AI: Đúng rồi! Còn nếu em muốn gửi một bức thư số cho cô giáo thì dùng dịch vụ gì?
 HS: À, là Thư điện tử (Email) ạ!<br>AI: Rất tốt! Vậy em đã kể được Tìm kiếm, Email và cả Mạng xã hội nữa đó."
HNMU-G6-R0061-STT4,shared/raw_data/HNMU-teacher_dialog_samples/Lớp 6.xlsx,61,6,Lớp 6,4,Bài 5: Internet,"Mục 1, Trang 20 SGK","Muốn truy cập Internet, người sử dụng cần kết nối với đối tượng nào?",Nhận biết (Biết cách kết nối),Nhà cung cấp dịch vụ Internet (ISP).,"HS: Thầy ơi, máy tính nhà em có dây cáp rồi mà sao vẫn chưa vào mạng được ạ?
 AI: Có thiết bị là chưa đủ đâu em. Giống như dùng điện thoại, em cần đăng ký với một công ty để họ cấp đường truyền. Em có biết các công ty như Viettel, VNPT được gọi chung là gì không?
 HS: Dạ là nhà mạng ạ.
 AI: Đúng rồi, sách gọi đó là ""Nhà cung cấp dịch vụ Internet"". Vậy bước đầu tiên là mình phải làm gì nhỉ?
 HS: Dạ phải đăng ký và kết nối với ISP ạ!"
HNMU-G6-R0062-STT5,shared/raw_data/HNMU-teacher_dialog_samples/Lớp 6.xlsx,62,6,Lớp 6,5,Bài 5: Internet,"Mục 1, Trang 23 SGK",Tại sao nói Internet là kho thông tin khổng lồ?,Thông hiểu (Giải thích được tính chất thông tin),"Vì nó lưu trữ thông tin từ hàng tỉ người, tổ chức trên thế giới và luôn được cập nhật.","HS: Tại sao mình tìm cái gì trên mạng cũng có hết vậy thầy?
 AI: Em hãy tưởng tượng mỗi người trên thế giới đều đóng góp một cuốn sách vào một thư viện chung. Số lượng sách đó sẽ như thế nào?
 HS: Dạ sẽ cực kỳ nhiều, không đếm xuể ạ.
 AI: Chính xác! Internet cũng vậy, thông tin được hàng tỉ người chia sẻ mỗi ngày. Vậy theo em, lượng thông tin đó có bao giờ đứng yên không?
 HS: Dạ không, nó luôn tăng lên ạ. Em hiểu vì sao nó ""khổng lồ"" rồi!"
HNMU-G6-R0063-STT6,shared/raw_data/HNMU-teacher_dialog_samples/Lớp 6.xlsx,63,6,Lớp 6,6,Bài 5: Internet,"Mục 3, Trang 22 SGK",Giải thích lợi ích của Internet trong việc học tập từ xa.,Thông hiểu (Giải thích được lợi ích),"Giúp học sinh học mọi lúc mọi nơi, tiếp cận kho học liệu phong phú và trao đổi với giáo viên dễ dàng.","HS: Học trực tuyến có lợi gì hơn học trên lớp không thầy?
 AI: Mỗi hình thức đều có cái hay riêng. Nhưng nếu em đang ở nhà mà muốn nghe bài giảng của một thầy giáo ở nước ngoài, Internet giúp gì cho em?
 HS: Dạ em có thể xem video bài giảng ngay tại nhà mà không cần đi xa ạ.
 AI: Đúng rồi! Đó gọi là học ""mọi lúc, mọi nơi"". Ngoài ra em còn tìm thêm được nhiều tài liệu khác không?
 HS: Dạ có, trên Internet có rất nhiều trang web học tập ạ."
HNMU-G6-R0064-STT7,shared/raw_data/HNMU-teacher_dialog_samples/Lớp 6.xlsx,64,6,Lớp 6,7,Bài 5: Internet,"Luyện tập 1, Trang 22 SGK",Internet khác với các mạng máy tính nội bộ (như mạng LAN) ở điểm cơ bản nào?,Thông hiểu (So sánh được),"Internet là mạng toàn cầu, không thuộc sở hữu của ai; mạng nội bộ có phạm vi hẹp và có người quản lý.","HS: Mạng Internet với mạng ở phòng máy trường em có giống nhau không ạ?
AI: Chúng đều là mạng máy tính, nhưng hãy xét về quy mô. Mạng trường em chỉ dùng trong trường thôi, còn Internet thì sao?
 HS: Internet dùng được trên toàn thế giới ạ.
 AI: Tốt! Vậy mạng trường em có thầy cô quản lý, còn Internet có ai làm ""chủ"" hoàn toàn không?
 HS: Dạ không ạ. Em thấy sự khác biệt rồi: một cái hẹp và có chủ, một cái rộng khắp và tự do."
HNMU-G6-R0065-STT8,shared/raw_data/HNMU-teacher_dialog_samples/Lớp 6.xlsx,65,6,Lớp 6,8,Bài 5: Internet,"Vận dụng 1, Trang 22 SGK",Nêu một ví dụ thực tế cho thấy Internet giúp tiết kiệm thời gian và chi phí.,Thông hiểu (Nêu được ví dụ minh họa),Ví dụ: Đặt vé máy bay trực tuyến thay vì đến đại lý.,"HS: Tại sao đặt vé máy bay trên mạng lại nhanh hơn ạ?
 AI: Nếu không có mạng, mẹ em phải đi xe đến tận đại lý vé. Việc đi lại đó mất bao lâu và tốn xăng xe không nhỉ?
 HS: Dạ tốn nhiều thời gian và tiền xăng lắm thầy.
 AI: Vậy nếu chỉ cần vài cú nhấp chuột tại nhà, em thấy thế nào?
 HS: Dạ nhanh hơn và không tốn tiền đi lại ạ. Đây chính là lợi ích tiết kiệm thời gian và chi phí của Internet!"
HNMU-G6-R0066-STT9,shared/raw_data/HNMU-teacher_dialog_samples/Lớp 6.xlsx,66,6,Lớp 6,9,Bài 5: Internet,"Luyện tập 2, Trang 22 SGK",Để máy tính kết nối được Internet ta cần làm gì?,Thông hiểu (Biết kết nối),"Để kết nối được Internet, người sử dụng cần đăng kí với một nhà cung cấp dịch vụ Internet đẻ được hỗ trợ cài đặt và cấp quyền truy cập Internet","HS: Thầy ơi, Bố vừa mua cho em 1 chiếc máy tính mới, giờ em phải làm gì để máy tính vào được Internet ạ?
AI: Em thử nhớ lại, khi muốn truy cập một trang web trên máy tính, điều đầu tiên máy tính cần có là gì?
HS: Máy tính cần được kết nối mạng ạ.
AI: Đúng rồi! Theo em, ở Việt Nam hiện nay có những nhà cung cấp mạng nào?
HS: Dạ, FPT, Viettel ạ.
AI: Chính xác! Vậy em hãy liên hệ với một trong số các nhà mạng như FPT, Viettel hay VNPT để được hỗ trợ lắp đặt nhé."
HNMU-G6-R0067-STT10,shared/raw_data/HNMU-teacher_dialog_samples/Lớp 6.xlsx,67,6,Lớp 6,10,Bài 5: Internet,"Kiến thức bổ sung, Trang 39 SGV",Internet of Things (IoT) là gì? Cho một ví dụ đơn giản.,Thông hiểu (Mô tả được khái niệm mới),Là mạng kết nối mọi thứ bằng cảm biến và xử lý không dây (ví dụ: ngôi nhà thông minh).,"HS: Thầy ơi, em nghe nói ""Vạn vật kết nối"" nhưng không hiểu đồ vật kết nối kiểu gì ạ.
 AI: Em hãy tưởng tượng cái tủ lạnh nhà em có thể tự báo về điện thoại của mẹ khi hết sữa. Lúc đó tủ lạnh và điện thoại đang làm gì nhau
 HS: Dạ chúng đang ""nói chuyện"" và trao đổi thông tin với nhau ạ.
 AI: Chính xác! Đó là nhờ các cảm biến bên trong. Khi mọi đồ vật đều nối mạng như vậy, ta gọi là IoT. Em có biết ví dụ nào khác không?
 HS: Dạ chắc là cái bóng đèn tự tắt mở bằng điện thoại ạ!"
HNMU-G6-R0068-STT11,shared/raw_data/HNMU-teacher_dialog_samples/Lớp 6.xlsx,68,6,Lớp 6,11,Bài 5: Internet,Vận dụng thực tế,"Nếu muốn tìm hiểu về một địa danh du lịch cho kỳ nghỉ hè, em thực hiện các bước nào trên Internet?",Vận dụng (Sử dụng được công cụ tìm kiếm),1. Mở trình duyệt; 2. Truy cập máy tìm kiếm; 3. Gõ từ khóa; 4. Lựa chọn kết quả.,"HS: Em muốn tìm ảnh về Vịnh Hạ Long nhưng máy hiện ra nhiều trang quá, em bị rối.
 AI: Chào em! Để tìm nhanh, đầu tiên em gõ từ khóa gì vào ô tìm kiếm?
 HS: Dạ em gõ ""Vịnh Hạ Long"" ạ.
 AI: Tốt! Để chỉ hiện ra ""ảnh"", em nên nhấn vào mục nào ngay dưới ô tìm kiếm?
 HS: À, em thấy mục ""Hình ảnh"" rồi!
 AI: Tuyệt vời! Bây giờ em hãy chọn những trang web có uy tín để xem thông tin chính xác nhé. Em làm được rồi đó!"
HNMU-G6-R0069-STT12,shared/raw_data/HNMU-teacher_dialog_samples/Lớp 6.xlsx,69,6,Lớp 6,12,Bài 5: Internet,Tình huống ứng dụng,Em hãy giúp bạn An gửi một bài văn tập làm văn cho cô giáo qua Internet mà không cần gặp mặt.,Vận dụng (Thực hiện được nhiệm vụ),Sử dụng dịch vụ Thư điện tử (Email) để đính kèm tệp văn bản và gửi đến địa chỉ của cô giáo.,"HS: Thầy ơi, em có file Word bài tập, làm sao đưa cho cô giáo khi cô không ở lớp ạ?
 AI: Em có biết dịch vụ nào của Internet giống như gửi thư bưu điện nhưng nhanh hơn không?
 HS: Dạ là Email ạ, nhưng em chưa biết đính kèm file.
 AI: Trong giao diện soạn thư, em tìm biểu tượng hình ""cái kẹp giấy"" nhé. Nó dùng để làm gì nhỉ?
 HS: Dạ để chọn tài liệu từ máy tính ạ!
 AI: Đúng rồi! Sau khi chọn file bài tập, em chỉ cần gõ đúng địa chỉ cô và nhấn ""Gửi"" là xong."
HNMU-G6-R0070-STT13,shared/raw_data/HNMU-teacher_dialog_samples/Lớp 6.xlsx,70,6,Lớp 6,13,Bài 5: Internet,Hoạt động vận dụng,Làm thế nào để kiểm tra xem một máy tính đã kết nối Internet hay chưa?,Vận dụng (Thực hiện được các thao tác),Kiểm tra biểu tượng mạng ở góc màn hình hoặc thử truy cập một trang web bất kỳ.,"HS: Máy em không vào được mạng, làm sao biết do máy hay do dây cáp ạ?
 AI: Em hãy nhìn vào góc dưới bên phải màn hình. Có biểu tượng hình ""quả cầu"" hay ""vạch sóng"" nào bị gạch chéo không?
 HS: Dạ có hình quả cầu và dấu X màu đỏ ạ.
 AI: Vậy là máy chưa nhận kết nối vật lý. Em hãy thử kiểm tra lại đầu cắm dây cáp phía sau máy xem có bị lỏng không nhé?
 HS: À... dây bị tuột ra thật thầy ạ. Em cắm lại và biểu tượng đã hiện sóng rồi!"
HNMU-G6-R0071-STT14,shared/raw_data/HNMU-teacher_dialog_samples/Lớp 6.xlsx,71,6,Lớp 6,14,Bài 5: Internet,Dự án học tập,Em hãy lập một danh sách các trang web hữu ích cho việc học môn Tiếng Anh lớp 6.,Vận dụng (Khai thác được thông tin),"Sử dụng máy tìm kiếm để tìm và lưu lại địa chỉ các trang web học tiếng Anh uy tín (như Duolingo, BBC Learning English).","HS: Thầy ơi, có nhiều trang web tiếng Anh quá, em nên chọn trang nào để học theo sách giáo khoa ạ?
 AI: Một gợi ý nhỏ: Em hãy tìm các trang có đuôi "".edu.vn"" hoặc của các nhà xuất bản uy tín. Em đã thử tìm với từ khóa ""Học tiếng Anh 6 Kết nối tri thức"" chưa?
 HS: Dạ em thấy trang của Nhà xuất bản Giáo dục rồi ạ.
 AI: Rất tốt! Em hãy thử vào đó xem có bài nghe không. Đó chính là cách khai thác Internet hiệu quả cho việc học đấy."
HNMU-G6-R0072-STT1,shared/raw_data/HNMU-teacher_dialog_samples/Lớp 6.xlsx,72,6,Lớp 6,1,Bài 6: Mạng thông tin toàn cầu,Mục 1. Kiến thức mới (Tr. 27),Mạng thông tin toàn cầu (WWW) là gì?,Nhận biết (Nêu được khái niệm),Là hệ thống các website trên Internet cho phép người dùng truy cập và chia sẻ thông tin.,"HS: Thầy ơi, WWW là viết tắt của từ gì và nó là cái gì ạ?
AI: Chào em! Em có bao giờ thấy các địa chỉ web bắt đầu bằng www không? Hãy tưởng tượng Internet là một mê cung khổng lồ, còn WWW chính là những ""biển chỉ dẫn"" giúp em tìm thấy các trang thông tin. Vậy theo em, nó là một mạng lưới các gì trên Internet nhỉ?
HS: Dạ, có phải là các website không ạ?
AI: Đúng rồi! Nó chính là hệ thống các website giúp chúng ta xem được thông tin khắp nơi trên thế giới đấy."
HNMU-G6-R0073-STT2,shared/raw_data/HNMU-teacher_dialog_samples/Lớp 6.xlsx,73,6,Lớp 6,2,Bài 6: Mạng thông tin toàn cầu,Mục 1. Kiến thức mới (Tr. 27),Website là gì?,Nhận biết (Biết được khái niệm),Là một tập hợp các trang web liên quan được truy cập thông qua một địa chỉ duy nhất.,"HS: Website với trang web có phải là một không thầy?
AI: Một câu hỏi rất hay! Hãy tưởng tượng một cuốn sách. Cuốn sách đó là ""Website"", vậy mỗi trang giấy trong cuốn sách đó sẽ là gì nào?
HS: Là trang web ạ!
AI: Chính xác! Vậy khi nhiều trang web liên quan được gom lại một chỗ và có chung một ""tên nhà"" (địa chỉ), ta gọi cả cụm đó là gì?
HS: Là Website ạ. Em hiểu rồi!"
HNMU-G6-R0074-STT3,shared/raw_data/HNMU-teacher_dialog_samples/Lớp 6.xlsx,74,6,Lớp 6,3,Bài 6: Mạng thông tin toàn cầu,Mục 1. Kiến thức mới (Tr. 27),Siêu văn bản (Hypertext) là gì?,Nhận biết (Biết được khái niệm),"Là loại văn bản đặc biệt, tích hợp nhiều dạng dữ liệu khác nhau và chứa các liên kết đến các trang web khác.","HS: Em thấy trên mạng có những dòng chữ màu xanh, bấm vào là nó nhảy sang trang khác. Đó là gì ạ?
AI: Đó chính là một đặc điểm của ""Siêu văn bản"". Thông thường văn bản chỉ có chữ, nhưng loại này ""siêu"" hơn vì nó chứa cả hình ảnh, âm thanh và đặc biệt là các ""nút bấm"" để nhảy đi chỗ khác. Em có nhớ tên gọi của những ""nút bấm"" đó không?
HS: Là liên kết ạ!
AI: Rất giỏi! Chính những liên kết này làm nên sự kỳ diệu của mạng thông tin toàn cầu đấy."
HNMU-G6-R0075-STT4,shared/raw_data/HNMU-teacher_dialog_samples/Lớp 6.xlsx,75,6,Lớp 6,4,Bài 6: Mạng thông tin toàn cầu,Câu hỏi (Tr. 28),Trình duyệt web là gì?,Nhận biết (Nêu tên thiết bị/phần mềm),Là phần mềm giúp người dùng truy cập và xem nội dung các trang web.,"HS: Muốn lên mạng đọc báo thì em cần cái gì trên máy tính ạ?
AI: Ngoài việc có Internet, em cần một ""người phiên dịch"" để biến những mã máy tính thành hình ảnh và chữ viết cho em đọc. Em có biết những phần mềm như Chrome hay Cốc Cốc được gọi chung là gì không?
HS: Dạ là trình duyệt web ạ.
AI: Tuyệt vời! Không có trình duyệt, chúng ta sẽ không thể ""nhìn thấy"" thế giới web đâu."
HNMU-G6-R0076-STT5,shared/raw_data/HNMU-teacher_dialog_samples/Lớp 6.xlsx,76,6,Lớp 6,5,Bài 6: Mạng thông tin toàn cầu,Mục 1. Kiến thức mới (Tr. 27),Địa chỉ website dùng để làm gì?,Thông hiểu (Giải thích chức năng),Dùng để xác định vị trí duy nhất của website đó trên mạng để người dùng có thể truy cập.,"HS: Tại sao mỗi website lại cần một địa chỉ riêng dài dằng dặc thế ạ?
AI: Nếu em muốn gửi thư cho một người bạn, em có cần biết địa chỉ nhà bạn ấy không?
HS: Dạ cần chứ ạ, nếu không thư sẽ bị lạc.
AI: Website cũng vậy! Internet rất rộng lớn, địa chỉ website giúp trình duyệt tìm đúng ""căn nhà"" chứa thông tin em cần. Vậy địa chỉ đó có được trùng nhau không nhỉ?
HS: Dạ không, phải là duy nhất ạ!
AI: Rất chuẩn!"
HNMU-G6-R0077-STT6,shared/raw_data/HNMU-teacher_dialog_samples/Lớp 6.xlsx,77,6,Lớp 6,6,Bài 6: Mạng thông tin toàn cầu,Hoạt động 1 (Tr. 27),Thông tin trong một cuốn sách được tổ chức khác gì với thông tin trên Internet?,Thông hiểu (So sánh được),Sách tổ chức tuần tự theo trang; Internet tổ chức theo dạng siêu văn bản với các liên kết cho phép truy cập phi tuyến tính.,"HS: Đọc tin trên mạng khác gì đọc sách giấy hả thầy?
AI: Khi đọc sách, em thường lật từ trang 1 sang trang 2 đúng không? Đó là cách đọc ""lần lượt"". Còn trên mạng, khi em bấm vào một liên kết ở trang này, nó có thể dẫn em đi đâu?
HS: Nó dẫn em sang một trang bất kỳ có liên quan ạ.
AI: Đúng rồi! Đó gọi là cách tổ chức thông tin ""phi tuyến tính"" hay đa chiều, giúp em tìm thông tin cực nhanh mà không cần lật từng trang."
HNMU-G6-R0078-STT7,shared/raw_data/HNMU-teacher_dialog_samples/Lớp 6.xlsx,78,6,Lớp 6,7,Bài 6: Mạng thông tin toàn cầu,Mục 2. Kiến thức mới (Tr. 28),Tại sao trình duyệt web lại quan trọng?,Thông hiểu (Giải thích sự cần thiết),Vì nó là công cụ trung gian giúp con người tương tác với các tệp siêu văn bản trên mạng.,"HS: Máy tính em có Internet rồi, em không dùng Chrome có vào web được không?
AI: Em thử tưởng tượng em có một bức thư viết bằng mật mã, em có đọc được ngay không hay cần một bộ giải mã?
HS: Em cần bộ giải mã ạ.
AI: Các trang web thực chất là những dòng mã. Trình duyệt chính là ""bộ giải mã"" hiển thị chúng thành hình ảnh đẹp mắt cho em. Vậy nếu không có nó, em có hiểu được nội dung trang web không?
HS: Dạ không ạ. Em đã hiểu tầm quan trọng của trình duyệt rồi!"
HNMU-G6-R0079-STT8,shared/raw_data/HNMU-teacher_dialog_samples/Lớp 6.xlsx,79,6,Lớp 6,8,Bài 6: Mạng thông tin toàn cầu,Hình 3.1 (Tr. 27),Trang chủ (Homepage) của một website có vai trò gì?,Thông hiểu (Mô tả chức năng),"Là trang web đầu tiên được mở ra khi truy cập một website, chứa các liên kết dẫn đến các trang nội dung khác.","HS: Thầy ơi, trang chủ là trang nào trong website ạ?
AI: Khi em bước vào một ngôi nhà, nơi đầu tiên em đứng là phòng khách để từ đó đi vào các phòng khác. Trang chủ cũng vậy, nó là ""phòng khách"" của website. Em thử đoán xem trên đó thường có những gì để dẫn em đi tiếp?
HS: Có các menu và liên kết đúng không thầy?
AI: Chính xác! Nó giúp em có cái nhìn tổng quan về toàn bộ website đó."
HNMU-G6-R0080-STT9,shared/raw_data/HNMU-teacher_dialog_samples/Lớp 6.xlsx,80,6,Lớp 6,9,Bài 6: Mạng thông tin toàn cầu,Luyện tập 1 (Tr. 31),"Để truy cập một trang web, em cần những điều kiện gì?",Thông hiểu (Phát biểu được nhiệm vụ),Cần thiết bị có kết nối Internet và một phần mềm trình duyệt web.,"HS: Em có máy tính xách tay rồi, làm sao để em xem YouTube được ạ?
AI: Máy tính của em đã được nối mạng Wi-Fi chưa nào?
HS: Dạ rồi ạ.
AI: Tốt, đó là điều kiện thứ nhất. Bây giờ nhìn trên màn hình, em có thấy biểu tượng vòng tròn 3 màu (Chrome) hay chữ e xanh (Edge) không? Em cần mở nó để làm gì nhỉ?
HS: Để vào trang web ạ. Vậy là cần mạng và trình duyệt!"
HNMU-G6-R0081-STT10,shared/raw_data/HNMU-teacher_dialog_samples/Lớp 6.xlsx,81,6,Lớp 6,10,Bài 6: Mạng thông tin toàn cầu,Kiểm tra (SGV Tr. 47),Vùng dữ liệu trên trang tính có hình gì? (Câu hỏi ôn tập),Thông hiểu (Nhận biết hình dạng),Hình chữ nhật.,"HS: Thầy ơi, khi em kéo chuột chọn một nhóm ô trên trang web có bảng biểu, nó luôn hiện ra khung hình gì ạ?
AI: Em hãy thử nhìn vào các cạnh của vùng em vừa chọn xem. Nó có 4 cạnh và các góc vuông không?
HS: Dạ có, là hình chữ nhật ạ!
AI: Đúng rồi, đây là cách máy tính quản lý các vùng dữ liệu để em dễ theo dõi đấy."
HNMU-G6-R0082-STT11,shared/raw_data/HNMU-teacher_dialog_samples/Lớp 6.xlsx,82,6,Lớp 6,11,Bài 6: Mạng thông tin toàn cầu,Vận dụng 1 (Tr. 31),Hãy sử dụng trình duyệt để tìm thông tin thời tiết ngày mai tại nơi em sống.,Vận dụng (Sử dụng công cụ tìm kiếm),"Truy cập vào trình duyệt, gõ từ khóa ""thời tiết [tên địa phương] ngày mai"" vào thanh tìm kiếm và đọc kết quả.","HS: Thầy ơi, em muốn biết mai Hà Nội có mưa không để đi đá bóng mà không biết tìm ở đâu.
AI: Đừng lo! Đầu tiên em hãy mở trình duyệt Chrome lên. Em thấy thanh dài ở trên cùng không? Hãy gõ vào đó nội dung em muốn tìm. Em định gõ gì nào?
HS: Em gõ ""Thời tiết Hà Nội ngày mai"" ạ.
AI: Rất tốt! Sau khi gõ xong, em nhấn phím gì để máy bắt đầu tìm kiếm nhỉ?
HS: Phím Enter ạ! A, nó hiện ra bảng dự báo rồi thầy ơi.
AI: Giỏi lắm, em đã biết cách tìm thông tin hữu ích rồi đó!"
HNMU-G6-R0083-STT12,shared/raw_data/HNMU-teacher_dialog_samples/Lớp 6.xlsx,83,6,Lớp 6,12,Bài 6: Mạng thông tin toàn cầu,Vận dụng 2 (Tr. 31),"Hãy tìm một từ điển trực tuyến và tra nghĩa của từ ""Internet"".",Vận dụng (Khai thác thông tin),"Truy cập vào trang web từ điển (như soha.vn hoặc dictionary.cambridge.org), gõ từ ""Internet"" và xem giải nghĩa.","HS: Thầy ơi, em muốn tra nghĩa của từ tiếng Anh nhưng nhà không có từ điển giấy ạ.
AI: Internet chính là một kho từ điển khổng lồ đấy! Em hãy thử gõ ""từ điển Soha"" vào trình duyệt xem.
HS: Em thấy rồi, nó có một ô trống để nhập từ ạ.
AI: Đúng rồi! Giờ em hãy nhập từ ""Internet"" vào đó và nhấn tìm kiếm. Nó hiện ra nghĩa gì nào?
HS: Nó ghi là mạng máy tính toàn cầu kết nối các mạng khác nhau... Hay quá thầy ạ!
AI: Tuyệt vời, giờ em có thể tra bất cứ từ nào em muốn rồi!"
HNMU-G6-R0084-STT13,shared/raw_data/HNMU-teacher_dialog_samples/Lớp 6.xlsx,84,6,Lớp 6,13,Bài 6: Mạng thông tin toàn cầu,Thực hành (Tr. 29),Làm thế nào để lưu lại địa chỉ của một trang web hay để lần sau truy cập nhanh hơn?,Vận dụng (Tạo được sản phẩm số - Bookmark),Sử dụng chức năng Bookmark (đánh dấu trang) bằng cách nhấn vào biểu tượng ngôi sao trên thanh địa chỉ.,"HS: Có trang web học tiếng Anh này hay quá, nhưng mỗi lần vào em cứ phải gõ lại địa chỉ, thầy có cách nào nhanh hơn không ạ?
AI: Có một cách rất hay gọi là ""đánh dấu trang"". Em nhìn trên thanh địa chỉ, phía cuối bên phải có biểu tượng hình ngôi sao không?
HS: Dạ có thầy ạ.
AI: Em thử bấm vào đó xem nó hiện lên chữ gì.
HS: Nó hiện ""Đã thêm dấu trang"" ạ.
AI: Đúng rồi! Lần sau em chỉ cần mở danh sách dấu trang là thấy nó ngay, không cần gõ lại nữa. Em thử kiểm tra xem nhé!
HS: Wow, nó hiện ra thật rồi. Tiện quá ạ!"
HNMU-G6-R0085-STT14,shared/raw_data/HNMU-teacher_dialog_samples/Lớp 6.xlsx,85,6,Lớp 6,14,Bài 6: Mạng thông tin toàn cầu,Vận dụng 3 (SGV Tr. 47),Hãy tìm thông tin về địa chỉ và số điện thoại của trường em trên Internet.,Vận dụng (Thực hiện nhiệm vụ giáo viên đặt ra),"Gõ tên trường vào thanh tìm kiếm, chọn website chính thức của trường hoặc bản đồ để xem thông tin liên hệ.","HS: Thầy ơi, mẹ nhờ em tìm số điện thoại của văn phòng trường để hỏi việc mà em không biết tìm ở đâu.
AI: Em đã biết cách tìm thời tiết rồi, bây giờ thử áp dụng cách đó cho trường học xem. Em sẽ gõ từ khóa gì vào ô tìm kiếm nào?
HS: Em sẽ gõ tên trường em là ""Trường THCS Kết Nối"" ạ.
AI: Rất tốt! Em hãy để ý kết quả nào có chữ ""Website"" hoặc hiện ra ở bảng thông tin bên phải màn hình nhé. Em đã thấy dãy số điện thoại chưa?
HS: Dạ em thấy rồi, có cả địa chỉ trường nữa ạ! Em cảm ơn thầy!
AI: Xuất sắc! Em đã thực sự trở thành một ""nhà thông thái"" trên mạng rồi đó!"
HNMU-G6-R0086-STT1,shared/raw_data/HNMU-teacher_dialog_samples/Lớp 6.xlsx,86,6,Lớp 6,1,Bài 7: Tìm kiếm thông tin trên Internet,Mục 1. Máy tìm kiếm (Tr. 32),Máy tìm kiếm là gì?,Nhận biết (Nêu được khái niệm),Máy tìm kiếm là hệ thống phần mềm hỗ trợ người dùng tìm kiếm thông tin trên Internet theo yêu cầu của người dùng.,"HS: Thầy ơi, ""máy tìm kiếm"" là một cái máy giống như máy tính hay là cái gì ạ?
AI: Chào em! Hãy nhớ lại khi em muốn tìm một bài hát mà chỉ nhớ vài lời, em thường vào trang web nào để gõ lời đó vào?
HS: Dạ em hay vào Google ạ.
AI: Đúng rồi! Google không phải là một cái máy vật lý, mà là một ""hệ thống phần mềm"". Vậy theo em, phần mềm đó giúp mình làm công việc gì trên Internet nhỉ?
HS: Giúp mình tìm thấy thông tin mình cần ạ.
AI: Chính xác! Đó chính là khái niệm về máy tìm kiếm đấy."
HNMU-G6-R0087-STT2,shared/raw_data/HNMU-teacher_dialog_samples/Lớp 6.xlsx,87,6,Lớp 6,2,Bài 7: Tìm kiếm thông tin trên Internet,Mục 1. Máy tìm kiếm (Tr. 32),Kể tên một số máy tìm kiếm phổ biến mà em biết.,Nhận biết (Nêu được tên),"Một số máy tìm kiếm: Google, Yahoo, Bing, Cốc Cốc....","HS: Ngoài Google ra còn có máy tìm kiếm nào khác không thầy?
AI: Có nhiều ""trợ lý"" khác lắm! Em có bao giờ nghe thấy tên của một trình duyệt web do người Việt phát triển cũng có chức năng tìm kiếm không?
HS: À, có phải là Cốc Cốc không ạ?
AI: Rất giỏi! Ngoài ra còn có Yahoo hay Bing nữa. Mỗi máy tìm kiếm đều có cách giúp em tìm ra thông tin nhanh chóng."
HNMU-G6-R0088-STT3,shared/raw_data/HNMU-teacher_dialog_samples/Lớp 6.xlsx,88,6,Lớp 6,3,Bài 7: Tìm kiếm thông tin trên Internet,Bảng giải thích thuật ngữ (Tr. 83),Từ khoá tìm kiếm là gì?,Nhận biết (Nêu được khái niệm),Từ khoá là từ hoặc cụm từ thể hiện nội dung muốn tìm.,"HS: Thầy ơi, tại sao mình phải dùng ""từ khoá"" khi tìm kiếm ạ?
AI: Hãy tưởng tượng Internet là một thư viện khổng lồ. Nếu em muốn tìm sách về ""Mèo"", em sẽ nói với thủ thư từ gì ngắn gọn nhất để họ hiểu?
HS: Em sẽ nói từ ""Mèo"" ạ.
AI: Đúng rồi! Từ ""Mèo"" đó chính là từ khoá. Vậy từ khoá là gì trong yêu cầu của em?
HS: Là từ tóm tắt nội dung em muốn tìm ạ!
AI: Tuyệt vời, em đã hiểu rất đúng rồi!"
HNMU-G6-R0089-STT4,shared/raw_data/HNMU-teacher_dialog_samples/Lớp 6.xlsx,89,6,Lớp 6,4,Bài 7: Tìm kiếm thông tin trên Internet,Mục 1. Máy tìm kiếm (Tr. 32),Kết quả tìm kiếm được hiển thị dưới dạng gì?,Nhận biết (Nhận ra được),Kết quả là danh sách các liên kết trỏ đến các trang web có chứa từ khoá.,"HS: Sau khi gõ từ khoá xong, máy tính hiện ra một đống dòng chữ xanh xanh, đó là gì hả thầy?
AI: Em thử nhấn chuột vào một dòng chữ xanh đó xem điều gì xảy ra?
HS: Nó mở ra một trang web mới ạ!
AI: Đúng vậy! Những dòng chữ đó được gọi là các ""liên kết"". Vậy máy tìm kiếm trả về cho em một danh sách các gì nào?
HS: Dạ là danh sách các liên kết đến trang web ạ."
HNMU-G6-R0090-STT5,shared/raw_data/HNMU-teacher_dialog_samples/Lớp 6.xlsx,90,6,Lớp 6,5,Bài 7: Tìm kiếm thông tin trên Internet,Hoạt động 1 (Tr. 32),Máy tìm kiếm có công dụng gì trong việc học tập của em?,Thông hiểu (Giải thích được lợi ích),"Giúp tìm kiếm thông tin nhanh chóng, thuận tiện để phục vụ học tập và giải trí.","HS: Em có sách giáo khoa rồi, cần máy tìm kiếm làm gì nữa thầy?
AI: Sách giáo khoa rất tốt, nhưng nếu em muốn xem video về một thí nghiệm khoa học hay tìm hình ảnh thực tế của một loài chim quý hiếm không có trong sách, em sẽ làm thế nào?
HS: Em sẽ lên mạng tìm ạ.
AI: Chính lúc đó máy tìm kiếm sẽ giúp em. Vậy lợi ích của nó là giúp em tìm thông tin như thế nào so với việc tự đi hỏi từng người?
HS: Nhanh và tiện hơn rất nhiều ạ!
AI: Rất chuẩn!"
HNMU-G6-R0091-STT6,shared/raw_data/HNMU-teacher_dialog_samples/Lớp 6.xlsx,91,6,Lớp 6,6,Bài 7: Tìm kiếm thông tin trên Internet,Mục 1. Lưu ý (Tr. 32),Tại sao không nên cung cấp thông tin cá nhân khi truy cập Internet?,Thông hiểu (Giải thích được sự cần thiết),Để bảo vệ an toàn cho bản thân và tránh bị kẻ xấu lợi dụng.,"HS: Thầy ơi, có trang web hỏi số điện thoại của em để cho xem kết quả, em có nên cho không?
AI: Em hãy đọc tờ giấy nhớ màu vàng ở trang 32 nhé. Nó khuyên chúng ta ""Không cung cấp thông tin cá nhân"". Em thử đoán xem nếu người xấu biết số điện thoại của em, họ có thể làm gì?
HS: Họ có thể gọi điện lừa đảo em ạ.
AI: Đúng rồi! Vậy việc giữ kín thông tin là để bảo vệ ai?
HS: Để bảo vệ bản thân em ạ. Em sẽ không nhập nữa!"
HNMU-G6-R0092-STT7,shared/raw_data/HNMU-teacher_dialog_samples/Lớp 6.xlsx,92,6,Lớp 6,7,Bài 7: Tìm kiếm thông tin trên Internet,Hình 7.1 (Tr. 33),"Trong danh sách kết quả tìm kiếm, thành phần nào giúp em biết sơ qua nội dung trang web trước khi bấm vào?",Thông hiểu (Đọc hiểu được thông tin),Phần văn bản mô tả ngắn (snippet) nằm dưới tiêu đề và địa chỉ trang web.,"HS: Thầy ơi, nhiều kết quả quá, làm sao em biết trang nào đúng nội dung em cần mà không phải nhấn vào từng cái ạ?
AI: Em nhìn kỹ Hình 7.1 nhé. Dưới tiêu đề màu xanh lớn, có những dòng chữ nhỏ màu đen mô tả tóm tắt nội dung. Em thấy chúng không?
HS: Dạ thấy ạ, nó tóm tắt vài câu đầu.
AI: Đúng rồi! Nhờ đọc phần đó, em có thể quyết định trang web đó có đáng để bấm vào không. Đó gọi là phần mô tả ngắn đấy!"
HNMU-G6-R0093-STT8,shared/raw_data/HNMU-teacher_dialog_samples/Lớp 6.xlsx,93,6,Lớp 6,8,Bài 7: Tìm kiếm thông tin trên Internet,Mục 2. Các bước tìm kiếm (Tr. 33),"Để tìm kiếm thông tin, bước đầu tiên em cần thực hiện là gì?",Thông hiểu (Phát biểu được nhiệm vụ),Mở trình duyệt web (ví dụ: Google Chrome) và truy cập vào máy tìm kiếm.,"HS: Giờ em muốn tìm ảnh con gấu trúc, em gõ chữ ""gấu trúc"" lên màn hình luôn hả thầy?
AI: Trước khi gõ, em cần mở một ""cửa sổ"" để đi ra thế giới Internet đã. Em có thấy biểu tượng vòng tròn 3 màu trên màn hình không?
HS: Dạ là Chrome ạ. Em phải mở nó trước.
AI: Đúng rồi! Sau khi mở Chrome, em mới truy cập vào địa chỉ của máy tìm kiếm như google.com để bắt đầu. Bước 1 chính là mở trình duyệt đấy!"
HNMU-G6-R0094-STT9,shared/raw_data/HNMU-teacher_dialog_samples/Lớp 6.xlsx,94,6,Lớp 6,9,Bài 7: Tìm kiếm thông tin trên Internet,Mục 2. Lưu ý (SGV Tr. 47),Tại sao em nên chọn từ khoá sát với vấn đề cần tìm?,Thông hiểu (Giải thích sự cần thiết),"Để máy tìm kiếm thu hẹp phạm vi và đưa ra kết quả chính xác, đúng nhu cầu hơn.","HS: Nếu em muốn tìm ""lịch thi đấu bóng đá"", em chỉ gõ từ ""bóng đá"" thôi được không thầy?
AI: Nếu em gõ ""bóng đá"", máy sẽ hiện ra cả triệu kết quả về: luật chơi, bán bóng, tin tức... Liệu em có dễ dàng tìm thấy ""lịch thi đấu"" không?
HS: Dạ chắc là khó ạ, vì nhiều thông tin quá.
AI: Vậy nếu em thêm chữ ""lịch thi đấu"" vào sau, kết quả sẽ như thế nào?
HS: Sẽ hiện đúng cái em cần luôn ạ!
AI: Chính xác! Từ khoá càng sát, kết quả càng chuẩn."
HNMU-G6-R0095-STT10,shared/raw_data/HNMU-teacher_dialog_samples/Lớp 6.xlsx,95,6,Lớp 6,10,Bài 7: Tìm kiếm thông tin trên Internet,Luyện tập 1 (Tr. 35),Câu nào đúng: A. Máy tìm kiếm là trình duyệt web. B. Có thể tìm thông tin bằng máy tìm kiếm. C. Gõ địa chỉ trang web vào ô tìm kiếm để truy cập trang web đó.,Thông hiểu (Phân biệt được chức năng),Đáp án đúng là B.,"HS: Thầy ơi, câu A với B em thấy cái nào cũng có lý ạ.
AI: Hãy nhớ lại: Chrome là trình duyệt (phần mềm cài trên máy), còn Google là máy tìm kiếm (trang web để tìm). Hai cái này có là một không em?
HS: Dạ không, một cái là công cụ để mở, một cái là nơi để tìm ạ. Vậy câu A sai.
AI: Đúng rồi! Còn mục đích chính của máy tìm kiếm là gì mà chúng ta vừa học ở trên nhỉ?
HS: Là để tìm thông tin ạ! Vậy đáp án B là đúng nhất rồi."
HNMU-G6-R0096-STT11,shared/raw_data/HNMU-teacher_dialog_samples/Lớp 6.xlsx,96,6,Lớp 6,11,Bài 7: Tìm kiếm thông tin trên Internet,Vận dụng 1 (Tr. 35),"Em hãy tìm thông tin về địa danh ""Hồ Gươm"".",Vận dụng (Sử dụng được công cụ tìm kiếm),"Các bước: 1. Mở trình duyệt; 2. Gõ google.com; 3. Nhập từ khoá ""Hồ Gươm""; 4. Nhấn Enter và đọc kết quả.","HS: Thầy ơi, em đang mở Google rồi, giờ em làm gì tiếp để tìm về Hồ Gươm ạ?
AI: Em thấy ô trống dài ở giữa màn hình không? Đó là nơi em nhập ""từ khoá"". Em sẽ gõ gì vào đó nào?
HS: Em gõ ""Hồ Gươm"" ạ.
AI: Rất tốt! Sau khi gõ xong, em cần nhấn phím nào để ""ra lệnh"" cho máy bắt đầu tìm?
HS: Phím Enter ạ! A, nó ra nhiều ảnh và bài viết về Hồ Gươm quá thầy!
AI: Giỏi lắm, em đã tự tìm được thông tin rồi đó!"
HNMU-G6-R0097-STT12,shared/raw_data/HNMU-teacher_dialog_samples/Lớp 6.xlsx,97,6,Lớp 6,12,Bài 7: Tìm kiếm thông tin trên Internet,Vận dụng 2 (Tr. 35),"Tìm thông tin về ""lịch thi đấu bóng đá Seagames 31"". Từ khoá nào là phù hợp nhất?",Vận dụng (Xác định được chủ đề/từ khoá phù hợp),"Từ khoá phù hợp: ""lịch thi đấu bóng đá Seagames 31"".","HS: Em muốn tìm lịch bóng đá Seagames 31 nhưng kết quả toàn ra tin cũ thầy ơi.
AI: Em đã dùng từ khoá gì để tìm nào?
HS: Em gõ mỗi chữ ""Seagames"" thôi ạ.
AI: ""Seagames"" thì rộng quá. Em cần tìm cái gì của Seagames? Và là kỳ Seagames số mấy?
HS: Em cần ""lịch thi đấu bóng đá"" của ""Seagames 31"" ạ.
AI: Đúng rồi! Hãy thử kết hợp tất cả các ý đó thành một cụm từ khoá xem sao.
HS: Để em gõ lại: ""lịch thi đấu bóng đá Seagames 31""... Wow, kết quả hiện ngay đầu luôn thầy ạ!"
HNMU-G6-R0098-STT13,shared/raw_data/HNMU-teacher_dialog_samples/Lớp 6.xlsx,98,6,Lớp 6,13,Bài 7: Tìm kiếm thông tin trên Internet,Câu hỏi (SGV Tr. 47),"Tìm thông tin về ""Hoàng Thành Thăng Long"". Làm thế nào để lưu lại một đoạn văn bản hay về địa danh này vào máy?","Vận dụng (Thực hiện được các thao tác, khai thác thông tin)",Chọn đoạn văn bản -> Chuột phải chọn Copy -> Mở Word -> Chuột phải chọn Paste.,"HS: Thầy ơi, em tìm thấy một đoạn giới thiệu về Hoàng Thành rất hay, em muốn để dành để làm báo cáo thì làm sao ạ?
AI: Em có biết cách ""copy"" (sao chép) không? Đầu tiên em dùng chuột bôi đen đoạn văn đó nhé. Sau đó em nhấn chuột phải, em thấy chữ gì hiện lên?
HS: Dạ thấy chữ ""Sao chép"" ạ.
AI: Đúng rồi! Giờ em mở một trang Word trắng ra, nhấn chuột phải và chọn ""Dán"" (Paste) nhé.
HS: Em làm được rồi! Đoạn văn đã sang máy em rồi, tiện quá ạ!"
HNMU-G6-R0099-STT14,shared/raw_data/HNMU-teacher_dialog_samples/Lớp 6.xlsx,99,6,Lớp 6,14,Bài 7: Tìm kiếm thông tin trên Internet,Vận dụng 3 (SGV Tr. 47),Hãy tìm địa chỉ và số điện thoại của bảo tàng Tin học trên Internet.,Vận dụng (Thực hiện được nhiệm vụ giáo viên đặt ra),"Sử dụng từ khoá ""địa chỉ số điện thoại bảo tàng Tin học"" trên máy tìm kiếm để lấy thông tin.","HS: Thầy ơi, có ""Bảo tàng Tin học"" thật không thầy? Em muốn tìm số điện thoại của nó.
AI: Internet sẽ cho em câu trả lời! Em đã học cách dùng từ khoá sát nội dung rồi. Bây giờ hãy thử tự lập một từ khoá để tìm cả ""địa chỉ"" và ""số điện thoại"" của bảo tàng đó xem.
HS: Em sẽ gõ: ""địa chỉ số điện thoại bảo tàng tin học"" ạ.
AI: Rất tốt! Em hãy thực hiện và cho thầy biết kết quả tìm được là gì nhé.
HS: (Sau khi tìm) Dạ nó ở... và số điện thoại là... Em tìm thấy rồi ạ!
AI: Xuất sắc! Em đã thực sự làm chủ được kỹ năng tìm kiếm rồi đấy!"
HNMU-G6-R0100-STT1,shared/raw_data/HNMU-teacher_dialog_samples/Lớp 6.xlsx,100,6,Lớp 6,1,Bài 8: Thư điện tử,Mục 1. Kiến thức mới (Tr. 36),Thư điện tử (Email) là gì?,Nhận biết (Nêu được khái niệm),Thư điện tử là dịch vụ chuyển thư dưới dạng số trên mạng máy tính thông qua các hộp thư điện tử.,"HS: Thầy ơi, thư điện tử khác gì thư tay em hay thấy trên phim ạ?
AI: Chào em! Hãy tưởng tượng em viết một bức thư nhưng thay vì dùng giấy bút và nhờ bác đưa thư, em dùng máy tính và gửi qua mạng Internet ngay lập tức. Vậy theo em, thư này được lưu trữ dưới dạng gì thì máy tính mới hiểu được nhỉ?
HS: Dạ, là dạng số ạ!
AI: Đúng rồi! Và việc gửi nhận này diễn ra thông qua các ""hộp thư"" trên mạng, người ta gọi đó là thư điện tử."
HNMU-G6-R0101-STT2,shared/raw_data/HNMU-teacher_dialog_samples/Lớp 6.xlsx,101,6,Lớp 6,2,Bài 8: Thư điện tử,Mục 1. Kiến thức mới (Tr. 36),Địa chỉ thư điện tử có dạng tổng quát như thế nào?,Nhận biết (Chỉ ra được thành phần),Có dạng: <tên đăng nhập>@<tên máy chủ thư điện tử>,"HS: Em thấy địa chỉ thư của chị em có chữ @, đó là gì hả thầy?
AI: Kí hiệu @ là đặc điểm quan trọng để phân biệt địa chỉ email đấy! Em hãy nhìn vào địa chỉ an@yahoo.com. Phần nằm bên trái dấu @ là tên do người dùng đặt, còn phần bên phải là tên của nơi cung cấp dịch vụ. Em thử đoán xem cấu trúc chung của nó là gì nào?
HS: Dạ là <tên người dùng>@<tên máy chủ> ạ!
AI: Chính xác! Em đã nhận diện rất nhanh cấu trúc này."
HNMU-G6-R0102-STT3,shared/raw_data/HNMU-teacher_dialog_samples/Lớp 6.xlsx,102,6,Lớp 6,3,Bài 8: Thư điện tử,Câu hỏi (Tr. 37),Kể tên một số máy chủ thư điện tử (nhà cung cấp dịch vụ) phổ biến.,Nhận biết (Kể tên được các dịch vụ),"Google (Gmail), Yahoo (Yahoo Mail), Microsoft (Outlook),...","HS: Em muốn lập một cái email thì vào trang web nào ạ?
AI: Có rất nhiều ""nhà cung cấp"" dịch vụ này. Em có nghe tên hãng nào nổi tiếng với máy tìm kiếm mà mình học ở Bài 7 không?
HS: Dạ là Google ạ!
AI: Đúng rồi, dịch vụ của họ là Gmail. Ngoài ra còn có Yahoo hay Outlook của Microsoft nữa. Em có thể chọn một trong số đó để bắt đầu nhé."
HNMU-G6-R0103-STT4,shared/raw_data/HNMU-teacher_dialog_samples/Lớp 6.xlsx,103,6,Lớp 6,4,Bài 8: Thư điện tử,Hình 3.12 (Tr. 38),Trong một hộp thư điện tử thường có những thư mục cơ bản nào?,Nhận biết (Nhận ra các thành phần),"Hộp thư đến (Inbox), Thư đã gửi (Sent), Thư nháp (Drafts), Thùng rác (Trash).","HS: Thầy ơi, em vào email rồi mà thấy nhiều mục quá, em không biết thư bạn gửi nằm ở đâu.
AI: Em hãy tìm một từ tiếng Anh có nghĩa là ""Hộp thư vào"" nhé. Gợi ý: Nó bắt đầu bằng chữ 'I'.
HS: À, em thấy mục Inbox (Hộp thư đến) rồi ạ!
AI: Giỏi lắm! Vậy nếu em muốn xem lại những thư em đã gửi đi thì em sẽ nhấn vào đâu?
HS: Dạ, mục Sent (Thư đã gửi) ạ!"
HNMU-G6-R0104-STT5,shared/raw_data/HNMU-teacher_dialog_samples/Lớp 6.xlsx,104,6,Lớp 6,5,Bài 8: Thư điện tử,Hoạt động 1 (Tr. 36),Tại sao thư điện tử lại được sử dụng rộng rãi hơn thư tay truyền thống?,Thông hiểu (Giải thích lợi ích),"Vì chi phí thấp, thời gian chuyển gần như tức thời, có thể gửi kèm nhiều dạng dữ liệu và gửi cho nhiều người cùng lúc.","HS: Tại sao giờ người ta ít viết thư tay mà toàn dùng email hả thầy?
AI: Nếu em gửi thư tay cho bạn ở nước ngoài, mất bao lâu bạn mới nhận được và có tốn tiền tem không?
HS: Dạ mất cả tuần và tốn tiền ạ.
AI: Còn email thì sao? Chỉ cần một cú nhấp chuột và gần như miễn phí. Em thấy lợi ích lớn nhất ở đây là gì?
HS: Dạ là nhanh và rẻ ạ. Em hiểu rồi!"
HNMU-G6-R0105-STT6,shared/raw_data/HNMU-teacher_dialog_samples/Lớp 6.xlsx,105,6,Lớp 6,6,Bài 8: Thư điện tử,Hoạt động 2 (Tr. 37),Mật khẩu (password) dùng để làm gì và tại sao không nên đặt mật khẩu quá đơn giản?,Thông hiểu (Giải thích sự cần thiết),Dùng để bảo vệ hộp thư cá nhân; đặt mật khẩu khó để tránh bị người lạ đoán được và đánh cắp thông tin.,"HS: Em đặt mật khẩu là ""123456"" cho dễ nhớ được không thầy?
AI: Nếu em dùng một chiếc khóa cửa rất lỏng lẻo, kẻ trộm có dễ vào nhà không? Mật khẩu chính là chiếc chìa khóa bảo vệ ""nhà"" (hộp thư) của em đấy. Nếu ai cũng đoán được thì thông tin cá nhân của em sẽ ra sao?
HS: Sẽ bị lộ ạ. Vậy em nên đặt mật khẩu có cả chữ và số đúng không thầy?
AI: Rất đúng! Ít nhất 8 kí tự và khó đoán sẽ giúp em an toàn hơn."
HNMU-G6-R0106-STT7,shared/raw_data/HNMU-teacher_dialog_samples/Lớp 6.xlsx,106,6,Lớp 6,7,Bài 8: Thư điện tử,Mục 2. Thư điện tử (Tr. 38),"Trong cửa sổ soạn thư, ô ""Chủ đề"" (Subject) có vai trò gì?",Thông hiểu (Mô tả chức năng),Giúp người nhận biết sơ lược nội dung bức thư trước khi mở.,"HS: Thầy ơi, em chỉ cần gõ nội dung thư rồi gửi thôi, tại sao phải điền thêm mục ""Chủ đề"" ạ?
AI: Khi bác đưa thư mang đến một chồng thư, nếu trên mỗi bì thư có ghi sẵn ""Thư cảm ơn"" hay ""Thông báo họp lớp"", em sẽ thấy thế nào?
HS: Em sẽ biết thư đó nói về việc gì ngay ạ.
AI: Chính xác! Ô ""Chủ đề"" giúp người nhận quản lý thư tốt hơn và biết việc gì quan trọng cần đọc trước đấy."
HNMU-G6-R0107-STT8,shared/raw_data/HNMU-teacher_dialog_samples/Lớp 6.xlsx,107,6,Lớp 6,8,Bài 8: Thư điện tử,Hình 3.11 (Tr. 37),"Tại sao cần phải ""Đăng xuất"" (Sign out) sau khi sử dụng email trên máy tính công cộng?",Thông hiểu (Giải thích sự cần thiết),Để tránh người sau sử dụng máy tính có thể truy cập trái phép vào hộp thư cá nhân của mình.,"HS: Em dùng máy ở tiệm net xong cứ thế đứng dậy về được không thầy?
AI: Nếu em không ""Đăng xuất"", người dùng máy đó tiếp theo chỉ cần mở trình duyệt là vào thẳng được email của em đấy. Điều gì sẽ xảy ra nếu họ gửi thư lung tung bằng tên của em?
HS: Nguy hiểm quá, em sẽ bị hiểu lầm! Em phải thoát tài khoản ra ạ.
AI: Đúng rồi! Luôn nhớ ""khóa cửa"" trước khi rời đi để bảo vệ thông tin cá nhân nhé."
HNMU-G6-R0108-STT9,shared/raw_data/HNMU-teacher_dialog_samples/Lớp 6.xlsx,108,6,Lớp 6,9,Bài 8: Thư điện tử,Luyện tập 1 (Tr. 40),So sánh các thành phần trong địa chỉ thư điện tử sau: khoa_thcs@gmail.com và minh-thcs@yahoo.com.,Thông hiểu (Phân biệt thành phần),Giống: đều có dấu @; Khác: tên đăng nhập và máy chủ thư điện tử khác nhau.,"HS: Hai địa chỉ này có gì giống và khác nhau thầy nhỉ?
AI: Em hãy nhìn vào kí hiệu nằm ở giữa mỗi địa chỉ xem. Kí hiệu nào cả hai đều có?
HS: Dạ là dấu @ ạ.
AI: Tốt! Bây giờ nhìn sang bên trái dấu @ của địa chỉ thứ nhất và thứ hai, em thấy tên người dùng có giống nhau không?
HS: Dạ không, một bạn là khoa_thcs, một bạn là minh-thcs. Máy chủ cũng khác nhau nữa ạ!
AI: Em phân tích rất chi tiết! Đó chính là cách để phân biệt các hộp thư khác nhau trên mạng đấy."
HNMU-G6-R0109-STT10,shared/raw_data/HNMU-teacher_dialog_samples/Lớp 6.xlsx,109,6,Lớp 6,10,Bài 8: Thư điện tử,Kiểm tra (SGV Tr. 60),Địa chỉ thư điện tử nào sau đây là đúng? A. abc.gmail.com; B. abc@gmail.com; C. abc@gmail@com.,Thông hiểu (Nhận biết định dạng đúng),Đáp án đúng là B.,"HS: Câu này em phân vân giữa B và C quá thầy ạ.
AI: Em nhớ lại quy tắc: trong một địa chỉ email, kí hiệu @ xuất hiện mấy lần để ngăn cách tên người dùng và máy chủ?
HS: Dạ, em nhớ là chỉ có một dấu @ thôi ạ.
AI: Vậy em nhìn lại câu C xem có mấy dấu @ nào?
HS: À, câu C có tận hai dấu @. Vậy B mới là đáp án đúng!"
HNMU-G6-R0110-STT11,shared/raw_data/HNMU-teacher_dialog_samples/Lớp 6.xlsx,110,6,Lớp 6,11,Bài 8: Thư điện tử,Vận dụng 1 (Tr. 40),Hãy soạn một bức thư ngắn gửi cho một người bạn để kể về một môn học mà em yêu thích.,Vận dụng (Viết được thư),"HS thực hiện soạn thư gồm: Địa chỉ người nhận, Chủ đề, Nội dung lời chào, nội dung kể về môn học, lời chào kết và ký tên.","HS: Em định gửi thư cho bạn Nam kể về môn Tin học, nhưng em chưa biết viết sao cho đúng cách.
AI: Đừng lo! Một bức thư điện tử chuẩn cần có 3 phần chính: 1. Địa chỉ bạn Nam; 2. Tên chủ đề (ví dụ: ""Kể về môn Tin học mình thích""); 3. Lời nhắn gửi bên dưới. Em định bắt đầu lời chào bạn Nam thế nào?
HS: Em sẽ viết: ""Chào Nam, mình là An đây..."".
AI: Tuyệt vời! Sau đó em hãy kể những điều thú vị em học được ở bài Thư điện tử này nhé. Em thử viết tiếp xem nào!"
HNMU-G6-R0111-STT12,shared/raw_data/HNMU-teacher_dialog_samples/Lớp 6.xlsx,111,6,Lớp 6,12,Bài 8: Thư điện tử,Thực hành (Tr. 39),Thực hiện các bước để đăng nhập vào hộp thư điện tử của em (nếu đã có).,Vận dụng (Thực hiện thao tác),Các bước: 1. Truy cập trang web (vd: gmail.com); 2. Nhập tên đăng nhập; 3. Nhập mật khẩu; 4. Nhấn Enter.,"HS: Thầy ơi, em có tài khoản rồi mà máy cứ báo lỗi mật khẩu.
AI: Em hãy kiểm tra xem phím Caps Lock (viết hoa) có đang bật không nhé, vì mật khẩu phân biệt chữ hoa và chữ thường đấy. Em thử gõ lại chậm rãi từng chữ xem.
HS: (Thử lại) A, em vào được rồi ạ!
AI: Giỏi lắm! Bây giờ em đã sẵn sàng để đọc những bức thư mới trong hộp Inbox rồi đấy."
HNMU-G6-R0112-STT13,shared/raw_data/HNMU-teacher_dialog_samples/Lớp 6.xlsx,112,6,Lớp 6,13,Bài 8: Thư điện tử,Câu hỏi (SGV Tr. 60),Làm thế nào để gửi một tệp hình ảnh đính kèm trong thư điện tử?,Vận dụng (Thực hiện thao tác đính kèm),Nhấn vào biểu tượng kẹp giấy (Attach files) -> Chọn tệp ảnh từ máy tính -> Nhấn Open.,"HS: Em muốn gửi ảnh sơ đồ tư duy Bài 8 cho thầy giáo mà không biết làm thế nào đưa ảnh vào thư ạ.
AI: Trong cửa sổ soạn thư, em có thấy biểu tượng hình cái kẹp giấy nhỏ ở phía dưới không?
HS: Dạ em thấy rồi ạ.
AI: Em hãy bấm vào đó, nó sẽ hiện ra các thư mục trên máy tính của em. Em hãy tìm đến nơi lưu ảnh sơ đồ tư duy và chọn nó nhé.
HS: Em làm được rồi, ảnh đã hiện lên trong thư rồi thầy ơi!"
HNMU-G6-R0113-STT14,shared/raw_data/HNMU-teacher_dialog_samples/Lớp 6.xlsx,113,6,Lớp 6,14,Bài 8: Thư điện tử,Vận dụng 2 (Tr. 40),Một người lạ gửi cho em một thư điện tử có đính kèm tệp lạ. Em nên làm gì?,Vận dụng (Giải quyết vấn đề an toàn),Không nên mở thư và tuyệt đối không tải tệp đính kèm để tránh virus hoặc lừa đảo.,"HS: Thầy ơi, có ai đó tên ""Lucky Winner"" gửi email cho em bảo em trúng thưởng và bảo em mở tệp đính kèm để xem mã nhận quà. Em có nên mở không?
AI: Em có biết người này là ai không? Và em có tham gia cuộc thi nào không?
HS: Dạ không, em không biết họ là ai ạ.
AI: Hãy nhớ quy tắc an toàn: Người xấu có thể dùng tệp đính kèm để cài virus vào máy tính em đấy. Vậy em nên làm gì với bức thư của người lạ này?
HS: Dạ, em sẽ không mở và xóa nó đi luôn ạ!
AI: Rất thông minh! Em đã biết cách tự bảo vệ mình trên môi trường mạng rồi đấy."
HNMU-G6-R0114-STT1,shared/raw_data/HNMU-teacher_dialog_samples/Lớp 6.xlsx,114,6,Lớp 6,1,Bài 9: An toàn thông tin trên Internet,Mục 1. Kiến thức mới (Tr. 42),Thông tin cá nhân là gì?,Nhận biết (Nêu được khái niệm),"Thông tin cá nhân là những thông tin giúp nhận dạng một cá nhân cụ thể như họ tên, địa chỉ, số điện thoại, ngày sinh...,.","HS: Thầy ơi, ""thông tin cá nhân"" là những gì ạ? Sao mọi người bảo phải giữ bí mật?
AI: Chào em! Hãy tưởng tượng nếu có một người lạ biết tên em, địa chỉ nhà và số điện thoại của bố mẹ em, liệu họ có thể tìm đến tận nhà em không?
HS: Dạ có thể ạ, nguy hiểm quá!
AI: Đúng rồi. Vậy những thông tin như họ tên, địa chỉ, số điện thoại dùng để nhận diện một người cụ thể, ta gọi đó là gì nhỉ?
HS: Dạ, đó là thông tin cá nhân ạ!,"
HNMU-G6-R0115-STT2,shared/raw_data/HNMU-teacher_dialog_samples/Lớp 6.xlsx,115,6,Lớp 6,2,Bài 9: An toàn thông tin trên Internet,Mục 1. Kiến thức mới (Tr. 42),Nêu hai tác hại chính khi sử dụng Internet không an toàn.,Nhận biết (Nêu được tác hại),"1. Thông tin cá nhân bị lộ hoặc bị đánh cắp. 2. Máy tính bị nhiễm virus hoặc mã độc,.","HS: Thầy ơi, em chỉ lên mạng chơi game thôi thì có sao không ạ?
AI: Em hãy nhớ lại câu chuyện của bạn Minh ở đầu bài (Tr. 42). Máy tính của bạn ấy bị làm sao sau khi tải trò chơi lạ nhỉ?
HS: Dạ, máy bị treo và mất hết ảnh ạ.
AI: Chính xác! Đó là do máy bị nhiễm virus. Ngoài việc hỏng máy, Minh còn có nguy cơ bị lộ thông tin gì nữa nào?
HS: Dạ, là bị đánh cắp thông tin cá nhân ạ. Em hiểu rồi!,"
HNMU-G6-R0116-STT3,shared/raw_data/HNMU-teacher_dialog_samples/Lớp 6.xlsx,116,6,Lớp 6,3,Bài 9: An toàn thông tin trên Internet,Hộp kiến thức (Tr. 43),Kể tên 3 biện pháp bảo vệ thông tin cá nhân.,Nhận biết (Nêu được quy trình/cách),"1. Đặt mật khẩu mạnh. 2. Đăng xuất tài khoản khi dùng xong. 3. Không chia sẻ thông tin cá nhân cho người lạ,.","HS: Làm sao để không bị mất tài khoản Facebook hay Email hả thầy?
AI: Để bảo vệ ""nhà"" của mình, em cần một chiếc khóa thật chắc chắn. Trong thế giới số, ""chiếc khóa"" đó gọi là gì?
HS: Dạ là mật khẩu ạ!
AI: Đúng rồi! Ngoài việc dùng mật khẩu khó đoán, khi dùng máy tính ở trường xong em cần thực hiện thao tác gì để người sau không vào được tài khoản của em?
HS: Em phải Đăng xuất ạ. Và không được cho người lạ biết thông tin nữa thầy nhỉ?,"
HNMU-G6-R0117-STT4,shared/raw_data/HNMU-teacher_dialog_samples/Lớp 6.xlsx,117,6,Lớp 6,4,Bài 9: An toàn thông tin trên Internet,Mục 1. Tình huống (Tr. 42),Tại sao bạn Minh trong tình huống lại bị mất dữ liệu ảnh?,Thông hiểu (Giải thích được lý do),"Vì bạn Minh đã tải phần mềm lạ từ mạng và cài đặt mà bỏ qua cảnh báo của phần mềm diệt virus, dẫn đến máy bị nhiễm mã độc,.","HS: Thầy ơi, sao bạn Minh có phần mềm diệt virus rồi mà vẫn bị hỏng máy ạ?
AI: Em đọc kỹ đoạn hội thoại trang 42 nhé. Khi máy tính đưa ra ""cảnh báo"" lúc cài đặt, bạn Minh đã làm gì?
HS: Bạn ấy đã ""háo hức"" nên bỏ qua cảnh báo ạ.
AI: Rất chuẩn! Vậy lỗi ở đây là do phần mềm diệt virus kém hay do hành động của bạn Minh nhỉ?
HS: Do bạn Minh không tuân thủ cảnh báo an toàn ạ!,"
HNMU-G6-R0118-STT5,shared/raw_data/HNMU-teacher_dialog_samples/Lớp 6.xlsx,118,6,Lớp 6,5,Bài 9: An toàn thông tin trên Internet,Hoạt động 1 (Tr. 42),"Nếu thông tin cá nhân bị đánh cắp, kẻ xấu có thể làm gì?",Thông hiểu (Mô tả được hệ quả),"Kẻ xấu có thể dùng thông tin đó để bôi nhọ danh dự, dọa dẫm, lừa đảo, hoặc khống chế nạn nhân,.","HS: Kẻ xấu lấy tên tuổi của em để làm gì hả thầy? Em có tiền đâu mà họ lừa.
AI: Họ có thể không lừa em, nhưng nếu họ dùng tên em để đi nhắn tin mượn tiền bạn bè em thì sao?
HS: Ôi, thế thì bạn em sẽ bị lừa và em sẽ bị mang tiếng xấu ạ!
AI: Đúng vậy. Ngoài lừa tiền, họ còn có thể dùng thông tin của em để dọa dẫm em nữa. Em thấy việc bảo mật thông tin có quan trọng không?
HS: Dạ cực kỳ quan trọng ạ!,"
HNMU-G6-R0119-STT6,shared/raw_data/HNMU-teacher_dialog_samples/Lớp 6.xlsx,119,6,Lớp 6,6,Bài 9: An toàn thông tin trên Internet,Mục 2. Mật khẩu (Tr. 43),Tại sao không nên dùng ngày sinh làm mật khẩu?,Thông hiểu (Giải thích sự cần thiết),"Vì ngày sinh là thông tin dễ tìm thấy, khiến mật khẩu trở nên yếu và dễ bị người quen hoặc kẻ xấu đoán ra,.","HS: Em đặt mật khẩu là ngaysinh2010 cho dễ nhớ được không thầy?
AI: Nếu bạn em biết ngày sinh của em, bạn ấy mất bao lâu để thử và vào được tài khoản của em?
HS: Chắc là chỉ mất vài giây thôi ạ.
AI: Vậy mật khẩu đó có thực sự ""khóa"" kỹ được thông tin của em không?
HS: Dạ không, nó quá dễ đoán. Em nên dùng kết hợp chữ, số và ký tự đặc biệt thầy nhỉ?,"
HNMU-G6-R0120-STT7,shared/raw_data/HNMU-teacher_dialog_samples/Lớp 6.xlsx,120,6,Lớp 6,7,Bài 9: An toàn thông tin trên Internet,Câu hỏi 1 (Tr. 43),Lời khuyên nào sai khi bảo vệ máy tính: A. Đừng mở tệp đính kèm từ người lạ. B. Luôn đăng xuất. C. Chẳng cần làm gì vì máy có sẵn thiết bị bảo vệ. D. Cài phần mềm diệt virus.,Thông hiểu (Phân biệt được hành vi đúng/sai),Đáp án sai là C.,"HS: Câu này em chọn C vì em nghĩ nhà sản xuất đã làm máy tính rất an toàn rồi ạ.
AI: Nhà sản xuất có thể cài sẵn tường lửa, nhưng nếu em tự tay ""mở cửa"" cho virus vào (như tải phần mềm lạ) thì máy có tự chống lại được mãi không?
HS: Dạ chắc là không ạ. Phải có sự cẩn thận của mình nữa.
AI: Đúng rồi! Giống như nhà có khóa xịn nhưng em quên đóng cửa thì trộm vẫn vào được. Vậy câu C bảo ""chẳng cần làm gì"" là đúng hay sai?
HS: Dạ là sai ạ!,"
HNMU-G6-R0121-STT8,shared/raw_data/HNMU-teacher_dialog_samples/Lớp 6.xlsx,121,6,Lớp 6,8,Bài 9: An toàn thông tin trên Internet,Luyện tập 1 (Tr. 46),Việc nào có thể khiến em gặp nguy cơ bị hại: A. Tải phần mềm miễn phí. B. Mở liên kết từ người lạ. C. Thay đổi mật khẩu định kỳ.,Thông hiểu (Nhận biết hành vi nguy cơ),Đáp án là A và B.,"HS: Tại sao tải phần mềm miễn phí lại nguy hiểm hả thầy? Đồ miễn phí tốt mà.
AI: Trên Internet, đôi khi ""miễn phí"" là một cái bẫy. Kẻ xấu thường giấu virus bên trong các phần mềm miễn phí đó. Em có nhớ bạn Minh đã tải cái gì không?
HS: Bạn ấy tải trò chơi miễn phí ạ. À, em hiểu rồi.
AI: Còn việc mở liên kết từ người lạ thì sao? Nó có giống như em mở cửa cho người lạ vào nhà không?
HS: Dạ có, em sẽ không bấm vào những link lạ nữa!,"
HNMU-G6-R0122-STT9,shared/raw_data/HNMU-teacher_dialog_samples/Lớp 6.xlsx,122,6,Lớp 6,9,Bài 9: An toàn thông tin trên Internet,Luyện tập 2 (Tr. 46),Tình huống nào là rủi ro khi dùng Internet? A. Máy hỏng do virus. B. Bị bạn quen lừa đảo. C. Nghiện mạng xã hội. D. Tất cả các phương án trên.,Thông hiểu (Mô tả được các dạng rủi ro),"Đáp án là D (tất cả các phương án: A, B, C, D, E, F trong SGK đều là rủi ro),.","HS: Thầy ơi, bị bạn quen lừa cũng tính là rủi ro Internet ạ?
AI: Đúng rồi em. Trên mạng có những người giả làm bạn em hoặc làm quen với em để lừa đảo đấy. Ngoài ra, nếu em dùng mạng quá nhiều đến mức bỏ bê học hành thì gọi là gì?
HS: Là nghiện Internet ạ. Đó cũng là một tác hại đúng không thầy?
AI: Chính xác! An toàn thông tin không chỉ là giữ dữ liệu mà còn là giữ sức khỏe và thời gian của chính mình nữa.,"
HNMU-G6-R0123-STT10,shared/raw_data/HNMU-teacher_dialog_samples/Lớp 6.xlsx,123,6,Lớp 6,10,Bài 9: An toàn thông tin trên Internet,Câu hỏi 2 (SGV Tr. 60),Internet là mạng kết nối các máy tính ở đâu? A. Trong trường học. B. Trong một nước. C. Trên toàn thế giới.,Thông hiểu (Nhận biết phạm vi),Đáp án là C.,"HS: Em thấy Internet ở đâu cũng có, vậy nó chỉ ở Việt Nam mình thôi hay sao ạ?
AI: Khi em xem một video của một bạn nhỏ ở Mỹ, máy tính của em đang kết nối với máy tính ở đâu?
HS: Dạ ở bên Mỹ ạ. Vậy là nó nối cả thế giới luôn!
AI: Rất giỏi! Chính vì nó kết nối toàn cầu nên thông tin của em có thể bị người ở bất cứ đâu tiếp cận nếu em không bảo mật đấy.,"
HNMU-G6-R0124-STT11,shared/raw_data/HNMU-teacher_dialog_samples/Lớp 6.xlsx,124,6,Lớp 6,11,Bài 9: An toàn thông tin trên Internet,Vận dụng 1 (Tr. 46),Em hãy nêu một số cách nhận diện những trò lừa đảo trên Internet.,Vận dụng (Nhận diện được thông điệp xấu),"Các dấu hiệu: Tin nhắn trúng thưởng lớn, yêu cầu chuyển phí để nhận quà, tin nhắn khẩn cấp từ bạn bè nhờ chuyển tiền, yêu cầu cung cấp mã OTP/mật khẩu,.","HS: Thầy ơi, có số lạ nhắn tin bảo em trúng iPhone 15, bảo em nhấn vào link để nhận quà. Em vui quá!
AI: Bình tĩnh nào em! Em có tham gia cuộc thi nào không? Tại sao họ lại biết em mà tặng quà lớn vậy?
HS: Dạ em không tham gia gì ạ. Vậy đây là lừa đảo ạ?
AI: Rất có thể! Đây là chiêu ""thả mồi"" để em nhấn vào link và bị mất mật khẩu. Em hãy liệt kê thêm các dấu hiệu lạ khác thường thấy xem nào.
HS: Dạ, như là đòi mật khẩu hay bảo nạp thẻ điện thoại gấp ạ! Em sẽ cảnh giác.,"
HNMU-G6-R0125-STT12,shared/raw_data/HNMU-teacher_dialog_samples/Lớp 6.xlsx,125,6,Lớp 6,12,Bài 9: An toàn thông tin trên Internet,Vận dụng 2 (Tr. 46),Em sẽ làm gì khi phát hiện bạn bè có nguy cơ bị hại khi truy cập mạng?,Vận dụng (Thực hiện được biện pháp phòng ngừa),"Khuyên bạn dừng ngay việc đang làm, báo cho cha mẹ hoặc thầy cô giáo biết để được giúp đỡ,.","HS: Bạn em đang bị một người lạ trên mạng đe dọa tung ảnh xấu, bạn ấy sợ quá không dám nói với ai.
AI: Tình huống này rất nghiêm trọng! Nếu bạn em cứ im lặng, kẻ xấu sẽ càng lấn tới. Theo em, người lớn (bố mẹ, thầy cô) có kinh nghiệm để xử lý việc này tốt hơn em không?
HS: Dạ chắc chắn là có ạ. Nhưng bạn em sợ bị mắng.
AI: Em hãy giải thích với bạn: ""An toàn của bạn là quan trọng nhất"". Em nên khuyên bạn thực hiện bước nào đầu tiên?
HS: Em sẽ cùng bạn đi báo với cô chủ nhiệm ngay ạ!,"
HNMU-G6-R0126-STT13,shared/raw_data/HNMU-teacher_dialog_samples/Lớp 6.xlsx,126,6,Lớp 6,13,Bài 9: An toàn thông tin trên Internet,Câu hỏi 5 (SGV Tr. 60),"Thay từ thích hợp: Thông tin cá nhân cần được ...(1)..., không tiết lộ trên mạng cho người lạ.",Vận dụng (Xác định lựa chọn phù hợp),Từ cần điền là: giữ an toàn.,"HS: Thầy ơi, câu này điền từ ""bảo vệ"" hay ""giữ an toàn"" đều được đúng không ạ?
AI: Cả hai từ đều có ý nghĩa gần giống nhau. Nhưng trong bối cảnh Internet, chúng ta thường dùng cụm từ ""Đảm bảo..."" gì cho thông tin của mình nhỉ?
HS: Dạ là ""giữ an toàn"" ạ. Em điền vào rồi!
AI: Tốt lắm! Việc điền đúng thuật ngữ giúp em ghi nhớ kiến thức một cách chuyên nghiệp hơn đấy.,"
HNMU-G6-R0127-STT14,shared/raw_data/HNMU-teacher_dialog_samples/Lớp 6.xlsx,127,6,Lớp 6,14,Bài 9: An toàn thông tin trên Internet,Vận dụng 3 (Tr. 46),Em nên làm gì để bảo vệ thông tin cá nhân và tài khoản của mình?,Vận dụng (Thực hiện nhiệm vụ giáo viên đặt ra),"Tổng hợp các biện pháp: Mật khẩu mạnh, đăng xuất, không chia sẻ thông tin, cài phần mềm diệt virus, không truy cập liên kết lạ,.","HS: Thầy ơi, em muốn lập một ""bản cam kết an toàn mạng"" cho chính mình, thầy gợi ý cho em các điều khoản nhé!
AI: Tuyệt vời! Hãy chia bản cam kết thành 2 phần: ""Những việc NÊN làm"" và ""Những việc KHÔNG ĐƯỢC làm"". Em định viết gì vào mục mật khẩu và người lạ?
HS: Em sẽ viết: 1. Đặt mật khẩu gồm cả chữ hoa, chữ thường và số. 2. Không bao giờ cho người lạ biết địa chỉ nhà. 3. Luôn đăng xuất ở máy trường.
AI: Quá đầy đủ và chính xác! Em đã thực sự biết cách tự bảo vệ mình trong môi trường số rồi đó."
HNMU-G6-R0128-STT1,shared/raw_data/HNMU-teacher_dialog_samples/Lớp 6.xlsx,128,6,Lớp 6,1,Bài 10: Sơ đồ tư duy,Mục 1. Kiến thức mới (Tr. 48),Sơ đồ tư duy là gì?,Nhận biết (Biết được khái niệm),"Sơ đồ tư duy là một phương pháp trình bày thông tin một cách trực quan bằng cách sử dụng văn bản, hình ảnh và các đường nối.","HS: Thầy ơi, sơ đồ tư duy là gì mà em thấy các bạn vẽ nhiều nhánh thế ạ?
AI: Chào em! Em hãy tưởng tượng thay vì viết một danh sách dài dằng dặc, em vẽ một cái cây với các cành tỏa ra. Việc dùng hình vẽ và chữ viết để ""chụp ảnh"" ý tưởng như vậy chính là sơ đồ tư duy. Theo em, nó giúp chúng ta nhìn nhận thông tin như thế nào?
HS: Dạ, nhìn vào là thấy ngay các ý chính ạ!
AI: Đúng rồi! Đó chính là cách trình bày thông tin một cách ""trực quan"" đấy."
HNMU-G6-R0129-STT2,shared/raw_data/HNMU-teacher_dialog_samples/Lớp 6.xlsx,129,6,Lớp 6,2,Bài 10: Sơ đồ tư duy,Hình 5.1 (Tr. 48),Ai là người sáng tạo ra sơ đồ tư duy?,Nhận biết (Nêu được tên),Tony Buzan.,"HS: Ai mà nghĩ ra cách vẽ hay thế này thầy nhỉ?
AI: Đó là một nhà tâm lý học người Anh sinh năm 1942. Em thử nhìn vào ô màu hồng ở trang 48 xem có thấy tên của ông ấy không?
HS: À, em thấy rồi, là Tony Buzan ạ!
AI: Chính xác! Ông ấy đã giúp cả thế giới biết cách ghi chép thông minh hơn đấy."
HNMU-G6-R0130-STT3,shared/raw_data/HNMU-teacher_dialog_samples/Lớp 6.xlsx,130,6,Lớp 6,3,Bài 10: Sơ đồ tư duy,Hoạt động 2 (Tr. 49),Kể tên các thành phần chính của một sơ đồ tư duy.,Nhận biết (Nêu được tên thành phần),"Chủ đề chính, chủ đề con (các nhánh), từ khoá, hình ảnh, đường nối.","HS: Một sơ đồ tư duy cần có những gì để hoàn chỉnh ạ?
AI: Hãy nhìn vào Hình 5.2. Ở giữa trung tâm là gì em nhỉ?
HS: Là ""Sổ lưu niệm"", chắc là chủ đề chính ạ.
AI: Giỏi lắm! Từ đó tỏa ra các ""cánh tay"" gọi là gì? Và trên đó có chữ hay hình gì không?
HS: Dạ là các nhánh, có chữ và cả hình ảnh minh họa nữa ạ.
AI: Tuyệt vời! Em đã liệt kê đủ các thành phần rồi đó."
HNMU-G6-R0131-STT4,shared/raw_data/HNMU-teacher_dialog_samples/Lớp 6.xlsx,131,6,Lớp 6,4,Bài 10: Sơ đồ tư duy,Mục 3 (Tr. 50),Nêu tên một vài phần mềm sơ đồ tư duy mà em biết.,Nhận biết (Nêu được tên phần mềm),"MindMaple Lite, FreeMind, XMind....","HS: Em có thể vẽ sơ đồ tư duy trên máy tính không thầy?
AI: Hoàn toàn được chứ! Trong sách có nhắc đến một phần mềm tên là ""Mind..."" gì đó, em có thấy không?
HS: Dạ là MindMaple Lite ạ.
AI: Đúng rồi! Ngoài ra còn nhiều phần mềm khác nữa. Việc dùng máy tính sẽ giúp em chỉnh sửa rất nhanh đấy."
HNMU-G6-R0132-STT5,shared/raw_data/HNMU-teacher_dialog_samples/Lớp 6.xlsx,132,6,Lớp 6,5,Bài 10: Sơ đồ tư duy,Mục 1 (Tr. 48),Tại sao sơ đồ tư duy giúp ghi nhớ thông tin tốt hơn?,Thông hiểu (Giải thích được lợi ích),"Vì nó giúp người xem có cái nhìn tổng thể, nhanh chóng nắm bắt được thông tin, do đó dễ dàng ghi nhớ và tiết kiệm thời gian.","HS: Tại sao vẽ ra lại dễ nhớ hơn là viết văn bản ạ?
AI: Bộ não chúng ta rất thích hình ảnh và màu sắc. Khi em nhìn vào sơ đồ, em thấy toàn bộ các ý liên quan với nhau hay thấy từng dòng rời rạc?
HS: Em thấy được ""bức tranh tổng thể"" luôn ạ.
AI: Chính xác! Khi thấy được mối liên hệ giữa các ý, não bộ sẽ ghi nhớ sâu hơn và lâu hơn nhiều so với việc đọc từng dòng chữ."
HNMU-G6-R0133-STT6,shared/raw_data/HNMU-teacher_dialog_samples/Lớp 6.xlsx,133,6,Lớp 6,6,Bài 10: Sơ đồ tư duy,Mục 1 (Tr. 48),Giải thích vai trò của các đường nối trong sơ đồ tư duy.,Thông hiểu (Giải thích được vai trò),"Dùng để kết nối các chủ đề, thể hiện mối quan hệ giữa chúng.","HS: Thầy ơi, các đường kẻ nối giữa các nhánh có quan trọng không ạ?
AI: Rất quan trọng đấy! Nếu không có chúng, các ý tưởng của em sẽ giống như những hòn đảo cô đơn. Các đường nối giúp ta biết ý nào ""đẻ"" ra ý nào. Vậy vai trò của nó là gì nhỉ?
HS: Là để kết nối và chỉ ra mối quan hệ giữa các ý ạ!
AI: Rất chuẩn! Em đã hiểu bản chất của sự liên kết trong tư duy rồi."
HNMU-G6-R0134-STT7,shared/raw_data/HNMU-teacher_dialog_samples/Lớp 6.xlsx,134,6,Lớp 6,7,Bài 10: Sơ đồ tư duy,Hoạt động 2 (Tr. 49),So sánh việc liệt kê bằng văn bản và trình bày bằng sơ đồ tư duy.,Thông hiểu (So sánh được),"Văn bản: dài dòng, khó nắm bắt ý chính; Sơ đồ tư duy: ngắn gọn, trực quan, dễ hiểu.","HS: Em thấy viết danh sách cũng đủ ý mà, sao phải vẽ sơ đồ ạ?
AI: Em thử nhìn Hình 5.1 và 5.2. Cái nào giúp em biết nội dung cuốn sổ gồm 4 phần nhanh hơn?
HS: Hình 5.2 (sơ đồ) chỉ mất vài giây là thấy hết ạ.
AI: Đúng vậy. Văn bản thì phải đọc từ đầu đến cuối mới hiểu, còn sơ đồ thì ""nhìn là thấy"". Đó là sự khác biệt giữa ""tuần tự"" và ""trực quan"" đấy."
HNMU-G6-R0135-STT8,shared/raw_data/HNMU-teacher_dialog_samples/Lớp 6.xlsx,135,6,Lớp 6,8,Bài 10: Sơ đồ tư duy,Mục 1 (Tr. 48),Tại sao màu sắc và hình ảnh lại quan trọng trong sơ đồ tư duy?,Thông hiểu (Giải thích sự cần thiết),"Giúp gợi nhớ thông tin tốt hơn, thúc đẩy tư duy sáng tạo.","HS: Em vẽ sơ đồ bằng một màu mực thôi được không thầy?
AI: Được, nhưng nó sẽ bớt ""siêu năng lực"" đi đấy. Màu sắc giúp não bộ phân biệt các vùng thông tin khác nhau. Theo em, một hình ảnh đẹp có làm em thấy hứng thú hơn là chỉ có chữ không?
HS: Dạ có, nhìn bắt mắt và dễ nhớ hơn ạ.
AI: Rất đúng! Hình ảnh và màu sắc chính là ""nhiên liệu"" cho sự sáng tạo và ghi nhớ của em."
HNMU-G6-R0136-STT9,shared/raw_data/HNMU-teacher_dialog_samples/Lớp 6.xlsx,136,6,Lớp 6,9,Bài 10: Sơ đồ tư duy,Hoạt động 2 (Tr. 49),"Trong sơ đồ tư duy, các ý tưởng được sắp xếp theo cấu trúc nào?",Thông hiểu (Mô tả được cấu trúc),Sắp xếp một cách logic theo cấu trúc phân cấp (từ chủ đề chính đến các chủ đề con).,"HS: Thầy ơi, các nhánh mình vẽ tùy ý ở đâu cũng được ạ?
AI: Em hãy để ý: các nhánh nhỏ luôn bắt nguồn từ nhánh lớn hơn, và nhánh lớn thì bắt nguồn từ trung tâm. Kiểu sắp xếp này giống như cái gì trong thực tế nhỉ?
HS: Giống các cành cây tỏa ra từ thân cây ạ.
AI: Một so sánh rất hay! Trong tin học, người ta gọi đó là ""cấu trúc phân cấp"". Nó giúp thông tin luôn được sắp xếp logic và rõ ràng."
HNMU-G6-R0137-STT10,shared/raw_data/HNMU-teacher_dialog_samples/Lớp 6.xlsx,137,6,Lớp 6,10,Bài 10: Sơ đồ tư duy,Mục 3 (Tr. 50),Nêu lợi ích của việc sử dụng phần mềm để tạo sơ đồ tư duy so với vẽ tay.,Thông hiểu (Giải thích được lợi ích),"Dễ dàng chỉnh sửa (thêm, bớt, thay đổi vị trí nhánh), trình bày đẹp, dễ dàng chia sẻ và lưu trữ.","HS: Vẽ tay sướng hơn chứ thầy, sao lại phải dùng phần mềm ạ?
AI: Nếu em vẽ tay xong mà muốn đổi chỗ hai nhánh lớn cho nhau, em có phải vẽ lại cả tờ giấy không?
HS: Dạ phải ạ, mất công lắm.
AI: Còn trên phần mềm, em chỉ cần dùng chuột kéo và thả thôi. Ngoài ra em còn có thể gửi tệp cho bạn bè qua email dễ dàng. Em thấy cái nào tiện hơn khi cần sửa chữa?
HS: Dạ dùng phần mềm ạ. Tiết kiệm thời gian và sạch đẹp hơn nhiều!"
HNMU-G6-R0138-STT11,shared/raw_data/HNMU-teacher_dialog_samples/Lớp 6.xlsx,138,6,Lớp 6,11,Bài 10: Sơ đồ tư duy,Vận dụng 1 (Tr. 53),Hãy tóm tắt nội dung bài học bằng một sơ đồ tư duy vẽ tay.,Vận dụng (Trình bày ý tưởng dưới dạng sơ đồ),"HS vẽ sơ đồ gồm: Trung tâm ""Sơ đồ tư duy""; 3 nhánh chính: Khái niệm, Thành phần, Cách tạo.","HS: Giờ em vẽ sơ đồ cho Bài 10 này thì làm nhánh nào trước thầy?
AI: Đầu tiên, vẽ chủ đề chính ở giữa. Tiếp theo, em hãy nhìn lại các mục lục trong bài học này để tìm ra các ý lớn. Em thấy có mấy mục chính?
HS: Có 3 mục: 1. Sơ đồ tư duy; 2. Cách tạo; 3. Thực hành ạ.
AI: Rất tốt! Đó chính là 3 nhánh chính của em. Giờ em hãy vẽ và thêm các từ khóa con cho mỗi nhánh nhé. Đừng quên dùng màu sắc!"
HNMU-G6-R0139-STT12,shared/raw_data/HNMU-teacher_dialog_samples/Lớp 6.xlsx,139,6,Lớp 6,12,Bài 10: Sơ đồ tư duy,Hoạt động 1 (Tr. 48),Lập sơ đồ tư duy cho kế hoạch dã ngoại của lớp.,Vận dụng (Xác định cấu trúc dữ liệu thích hợp),"Chủ đề chính: Dã ngoại lớp. Nhánh con: Địa điểm, Thời gian, Đồ dùng mang theo, Phân công nhiệm vụ.","HS: Lớp em sắp đi dã ngoại, em muốn vẽ sơ đồ để các bạn dễ theo dõi công việc ạ.
AI: Ý tưởng tuyệt vời! Ở trung tâm em ghi ""Dã ngoại lớp"". Để chuyến đi thành công, các bạn cần biết những thông tin quan trọng nào?
HS: Dạ là đi đâu, khi nào, mang theo gì và ai làm việc gì ạ.
AI: Chính xác! 4 câu hỏi đó chính là 4 nhánh lớn của em. Em thử liệt kê các ý nhỏ cho nhánh ""Đồ dùng mang theo"" xem nào.
HS: Em sẽ ghi: quần áo, đồ ăn, nước uống, máy ảnh... Em làm được rồi ạ!"
HNMU-G6-R0140-STT13,shared/raw_data/HNMU-teacher_dialog_samples/Lớp 6.xlsx,140,6,Lớp 6,13,Bài 10: Sơ đồ tư duy,Thực hành (Tr. 50),Sử dụng phần mềm sơ đồ tư duy để tạo sơ đồ giới thiệu bản thân.,Vận dụng (Tạo được sản phẩm số),"Tạo sơ đồ gồm: Tên ở trung tâm; Nhánh: Sở thích, Gia đình, Mục tiêu học tập, Điểm mạnh.","HS: Em đang mở phần mềm MindMaple rồi, giờ em bắt đầu làm sơ đồ ""Giới thiệu bản thân"" thế nào ạ?
AI: Đầu tiên, em hãy nháy đúp chuột vào ô giữa màn hình và gõ tên mình vào. Sau đó em thấy nút ""Add Subtopic"" để thêm nhánh không?
HS: Dạ thấy rồi ạ. Em sẽ thêm nhánh ""Sở thích"" và ""Điểm mạnh"".
AI: Giỏi lắm! Để sơ đồ sinh động hơn, em hãy thử tìm cách chèn một hình ảnh mặt cười hay một biểu tượng môn học em thích vào nhé. Em tìm được nút chèn ảnh chưa?
HS: Em thấy rồi! Sơ đồ của em nhìn chuyên nghiệp hẳn luôn thầy ơi."
HNMU-G6-R0141-STT14,shared/raw_data/HNMU-teacher_dialog_samples/Lớp 6.xlsx,141,6,Lớp 6,14,Bài 10: Sơ đồ tư duy,Luyện tập (SGV Tr. 63),Thực hiện chỉnh sửa (thêm/xóa nhánh) trên một sơ đồ tư duy đã có bằng phần mềm.,Vận dụng (Thực hiện nhiệm vụ giáo viên đặt ra),"Mở tệp cũ, chọn nhánh cần xóa nhấn Delete, chọn nhánh cần thêm nhấn phím Insert hoặc nút công cụ.","HS: Thầy ơi, em muốn bỏ bớt một ý trong sơ đồ ""Sổ lưu niệm"" mà em lỡ vẽ sai trên máy tính ạ.
AI: Rất đơn giản! Em hãy nhấn chuột trái vào cái nhánh em muốn bỏ. Sau đó em nhìn trên bàn phím có phím Delete không?
HS: Dạ em nhấn rồi, nó biến mất luôn rồi thầy! Thế nếu muốn thêm nhánh vào chỗ đó thì sao ạ?
AI: Em hãy nhấn vào nhánh cha của nó, rồi nhấn phím Insert hoặc nút có dấu cộng trên thanh công cụ nhé. Em thử xem nào!
HS: Wow, thêm bớt dễ quá thầy ạ. Em cảm ơn thầy"
HNMU-G6-R0142-STT1,shared/raw_data/HNMU-teacher_dialog_samples/Lớp 6.xlsx,142,6,Lớp 6,1,Bài 11: Định dạng văn bản,Mục 1. Phần mềm soạn thảo văn bản (Tr. 54),Kể tên các chức năng cơ bản của phần mềm soạn thảo văn bản.,Nhận biết (Kể tên được các chức năng cơ bản),"Các chức năng cơ bản: Tạo và định dạng văn bản; Biên tập, chỉnh sửa nội dung; Lưu trữ văn bản; In văn bản.","HS: Thầy AI ơi, phần mềm soạn thảo văn bản giúp mình làm được những gì ngoài viết chữ ạ? 
AI: Chào em! Hãy nhớ lại khi em dùng Word để làm một bài tập, sau khi gõ chữ xong, em có thể thay đổi màu sắc hay sửa lỗi sai không? 
HS: Dạ có ạ, em còn lưu lại để mai xem tiếp nữa. 
AI: Đúng rồi! Những việc như sửa chữ, đổi màu, lưu tệp hay đưa ra máy in chính là các chức năng cơ bản đấy. Em thử tóm tắt lại tên các chức năng đó xem nào? 
HS: Dạ là tạo, chỉnh sửa, định dạng, lưu trữ và in văn bản ạ! 
AI: Rất chính xác! Em đã nhận diện đủ các chức năng quan trọng nhất rồi."
HNMU-G6-R0143-STT2,shared/raw_data/HNMU-teacher_dialog_samples/Lớp 6.xlsx,143,6,Lớp 6,2,Bài 11: Định dạng văn bản,Mục 2. Định dạng văn bản (Tr. 54),Định dạng văn bản là gì?,Nhận biết (Nêu được khái niệm),"Định dạng văn bản là thay đổi kiểu dáng, vị trí của các kí tự (con chữ, số, kí hiệu), các đoạn văn bản và các thành phần khác trên trang.","HS: Thầy ơi, sao mình không cứ để chữ bình thường mà phải ""định dạng"" cho mệt ạ? 
AI: Em hãy tưởng tượng một trang báo chỉ toàn chữ đen từ trên xuống dưới, không có tiêu đề lớn hay in đậm, em có thấy dễ đọc không? 
HS: Dạ không, nhìn sẽ rất rối mắt ạ. 
AI: Vậy việc thay đổi kiểu dáng, vị trí hay màu sắc của chữ để trang văn bản đẹp và dễ đọc hơn, người ta gọi đó là gì nhỉ? 
HS: Dạ là định dạng văn bản ạ. 
AI: Giỏi lắm! Định dạng chính là cách em ""trang điểm"" cho văn bản của mình đấy."
HNMU-G6-R0144-STT3,shared/raw_data/HNMU-teacher_dialog_samples/Lớp 6.xlsx,144,6,Lớp 6,3,Bài 11: Định dạng văn bản,Mục 2. Định dạng văn bản (Tr. 54),Nêu các thành phần của định dạng kí tự.,Nhận biết (Nêu được tên thành phần),"Định dạng kí tự bao gồm: Phông chữ, cỡ chữ, kiểu chữ và màu chữ.","HS: Trong mục định dạng kí tự, em thấy có nhiều nút bấm quá, em không nhớ hết tên ạ. 
AI: Đừng lo! Hãy nhìn vào một chữ cái cụ thể. Để thay đổi ""vóc dáng"" của nó, em có thể đổi loại chữ (phông chữ), làm nó to lên (cỡ chữ), hay làm nó đậm/nghiêng (kiểu chữ). Còn một yếu tố nữa khiến chữ nổi bật, đó là gì nhỉ? 
HS: Là màu sắc của chữ ạ. 
AI: Chính xác! Vậy 4 thành phần chính để ""biến hóa"" một con chữ là gì? 
HS: Dạ là phông chữ, cỡ chữ, kiểu chữ và màu chữ ạ!"
HNMU-G6-R0145-STT4,shared/raw_data/HNMU-teacher_dialog_samples/Lớp 6.xlsx,145,6,Lớp 6,4,Bài 11: Định dạng văn bản,Mục 1. Hoạt động 1 (Tr. 54),Kể tên một số phần mềm soạn thảo văn bản mà em biết.,Nhận biết (Nêu được tên phần mềm),"Một số phần mềm: Microsoft Word, Google Docs, OpenOffice Writer....","HS: Thầy ơi, ngoài Microsoft Word ra thì còn phần mềm nào để soạn thảo nữa không ạ? 
AI: Có rất nhiều ""trợ lý"" khác đấy! Em có bao giờ dùng ứng dụng của Google để viết bài trực tuyến cùng bạn bè không? 
HS: Dạ em có dùng Google Docs ạ. 
AI: Đúng rồi! Đó là một ví dụ. Ngoài ra còn có OpenOffice hay LibreOffice nữa. Em thấy điểm chung của chúng là gì? 
HS: Đều dùng để soạn thảo văn bản trên máy tính ạ. 
AI: Rất tốt! Giờ em đã biết thêm nhiều công cụ để lựa chọn rồi."
HNMU-G6-R0146-STT5,shared/raw_data/HNMU-teacher_dialog_samples/Lớp 6.xlsx,146,6,Lớp 6,5,Bài 11: Định dạng văn bản,Mục 2. Kiến thức mới (Tr. 54),Tại sao việc định dạng văn bản lại quan trọng?,Thông hiểu (Giải thích được lợi ích),"Giúp văn bản đẹp, rõ ràng, giúp người đọc dễ dàng nắm bắt các nội dung chính và làm cho trang văn bản có bố cục mạch lạc.","HS: Em viết đúng chính tả là được rồi, định dạng chi cho mất thời gian thầy nhỉ? 
AI: Hãy thử so sánh: một bức thư tay viết vội và một bức thư được căn lề thẳng hàng, tiêu đề in đậm rõ ràng. Bức nào sẽ giúp người nhận hiểu ý em nhanh hơn? 
HS: Dạ bức thư được trình bày rõ ràng ạ. 
AI: Đúng vậy! Vậy mục đích của định dạng không chỉ là đẹp, mà còn giúp người đọc... (em điền tiếp nhé)? 
HS: Giúp người đọc dễ nắm bắt nội dung chính và thấy bố cục mạch lạc hơn ạ. 
AI: Tuyệt vời! Em đã hiểu đúng bản chất của vấn đề rồi đấy."
HNMU-G6-R0147-STT6,shared/raw_data/HNMU-teacher_dialog_samples/Lớp 6.xlsx,147,6,Lớp 6,6,Bài 11: Định dạng văn bản,Mục 2. Định dạng văn bản (Tr. 55),Phân biệt định dạng kí tự và định dạng đoạn văn bản.,Thông hiểu (Phân biệt được),"Định dạng kí tự tác động lên các con chữ (phông, cỡ, màu); định dạng đoạn văn bản tác động lên cả khối văn bản (căn lề, khoảng cách dòng, khoảng cách đoạn).","HS: Thầy ơi, ""căn lề giữa"" là định dạng kí tự hay đoạn văn bản ạ? Em hay nhầm hai cái này. 
AI: Câu hỏi rất hay! ""Căn lề"" là việc em di chuyển cả một dòng hay cả một khối văn bản, hay chỉ là thay đổi một chữ cái đơn lẻ? 
HS: Dạ là cả một khối văn bản ạ. 
AI: Đúng rồi! Những gì tác động lên cả ""khối"" (đoạn) thì gọi là định dạng đoạn văn. Còn nếu em chỉ tô đỏ một chữ ""A"", đó là định dạng gì? 
HS: Đó là định dạng kí tự ạ. Em phân biệt được rồi! 
AI: Rất giỏi! Em hãy ghi nhớ: kí tự là ""chi tiết"", đoạn văn là ""tổng thể"" nhé."
HNMU-G6-R0148-STT7,shared/raw_data/HNMU-teacher_dialog_samples/Lớp 6.xlsx,148,6,Lớp 6,7,Bài 11: Định dạng văn bản,Hình 5.5 (Tr. 56),"Giải thích tác dụng của công cụ căn lề (trái, phải, giữa, đều hai bên).",Thông hiểu (Giải thích tác dụng của công cụ),Căn trái: lề trái thẳng; Căn phải: lề phải thẳng; Căn giữa: nội dung ở giữa trang; Căn đều: cả hai lề trái và phải đều thẳng.,"HS: Khi nào thì mình nên dùng ""căn đều hai bên"" hả thầy? 
AI: Em hãy nhìn vào các trang trong sách giáo khoa của mình. Hai bên mép chữ có thẳng hàng không? 
HS: Dạ thẳng tắp luôn ạ, nhìn rất chuyên nghiệp. 
AI: Đó chính là tác dụng của ""căn đều hai bên"". Vậy nếu em muốn làm một bài thơ, em thường để chữ nằm ở đâu cho đẹp? 
HS: Dạ nằm ở chính giữa trang ạ. 
AI: Chính xác! Đó là lúc em cần dùng lệnh căn giữa. Mỗi loại căn lề đều có một ""nhiệm vụ"" riêng để văn bản đẹp hơn đấy."
HNMU-G6-R0149-STT8,shared/raw_data/HNMU-teacher_dialog_samples/Lớp 6.xlsx,149,6,Lớp 6,8,Bài 11: Định dạng văn bản,Luyện tập 1 (Tr. 58),"Khi soạn thảo văn bản, em nên chọn hướng trang như thế nào cho phù hợp?",Thông hiểu (Phát biểu được nhiệm vụ phù hợp),"Chọn hướng trang (đứng hoặc ngang) tuỳ thuộc vào nội dung và mục đích sử dụng (vd: thư từ thường chọn hướng đứng, thời khóa biểu/chứng chỉ thường chọn hướng ngang).","HS: Thầy ơi, em đang làm một cái bằng khen cho bạn, em nên để tờ giấy đứng hay nằm ngang ạ? 
AI: Thông thường bằng khen có chiều ngang dài hay chiều đứng dài hơn thì trông trang trọng hơn nhỉ? 
HS: Dạ thường là chiều ngang dài hơn ạ. 
AI: Đúng rồi! Đó là hướng trang ngang. Còn nếu em viết một đơn xin nghỉ học thì sao? 
HS: Dạ đơn thì em thấy hay để trang đứng ạ. 
AI: Rất chuẩn! Việc chọn hướng trang phụ thuộc hoàn toàn vào ""mục đích"" và ""nội dung"" mà em muốn trình bày đấy."
HNMU-G6-R0150-STT9,shared/raw_data/HNMU-teacher_dialog_samples/Lớp 6.xlsx,150,6,Lớp 6,9,Bài 11: Định dạng văn bản,Hình 5.4 & 5.5 (Tr. 55-56),"Các biểu tượng B, I, U trên thanh công cụ dùng để làm gì?",Thông hiểu (Đọc hiểu được chương trình/công cụ),B (Bold): Chữ đậm; I (Italic): Chữ nghiêng; U (Underline): Chữ gạch chân.,"HS: Em muốn nhấn mạnh một từ quan trọng, em nên dùng nút nào trong 3 nút B, I, U ạ? 
AI: ""Bold"" trong tiếng Anh có nghĩa là đậm, nó bắt đầu bằng chữ gì em nhỉ? 
HS: Dạ chữ B ạ. A, vậy nút B là làm chữ đậm! 
AI: Chính xác! Vậy còn chữ I (nghiêng) và U (có gạch bên dưới) thì sao, em thử đoán xem? 
HS: I là Italic (nghiêng), còn U là Underline (gạch chân) ạ. 
AI: Tuyệt vời! Em đã ghi nhớ các biểu tượng này rất nhanh bằng cách liên tưởng đến tên tiếng Anh của chúng."
HNMU-G6-R0151-STT10,shared/raw_data/HNMU-teacher_dialog_samples/Lớp 6.xlsx,151,6,Lớp 6,10,Bài 11: Định dạng văn bản,Mục 2. Kiến thức mới (Tr. 56),Trình bày các bước để thay đổi hướng trang văn bản.,Thông hiểu (Trình bày được quá trình),Chọn thẻ Page Layout -> Chọn lệnh Orientation -> Chọn Portrait (đứng) hoặc Landscape (ngang).,"HS: Làm sao để xoay ngang tờ giấy trong Word hả thầy, em tìm mãi không thấy nút đó? 
AI: Em hãy nhìn lên các ""tab"" phía trên cùng. Có tab nào tên là ""Layout"" (Bố cục) không? 
HS: Dạ em thấy rồi ạ. 
AI: Trong đó có lệnh ""Orientation"". Khi bấm vào, em thấy có hai lựa chọn ""Portrait"" và ""Landscape"". Em thử bấm xem cái nào làm giấy xoay ngang nhé. 
HS: Dạ là Landscape ạ! Em làm được rồi. 
AI: Rất tốt! Hãy nhớ vị trí của nó để lần sau sử dụng nhé."
HNMU-G6-R0152-STT11,shared/raw_data/HNMU-teacher_dialog_samples/Lớp 6.xlsx,152,6,Lớp 6,11,Bài 11: Định dạng văn bản,Vận dụng (Tr. 58),"Thực hiện định dạng đoạn văn bản theo mẫu: Tiêu đề căn giữa, chữ đậm, màu đỏ; Nội dung căn đều hai bên.",Vận dụng (Định dạng được kí tự và đoạn văn),HS thực hiện các thao tác chọn khối văn bản và sử dụng các nút lệnh tương ứng trên thanh công cụ.,"HS: Thầy ơi, em muốn làm tiêu đề bài ""Lòng mẹ"" thật nổi bật thì làm thế nào ạ? 
AI: Đầu tiên, em hãy dùng chuột ""bôi đen"" tiêu đề đó nhé. Để nó nằm ở giữa, em dùng nút lệnh nào? 
HS: Dạ em chọn nút Căn giữa ạ. 
AI: Tốt! Bây giờ em muốn nó có màu đỏ và đậm để ai nhìn cũng thấy ngay thì làm thế nào? 
HS: Em nhấn nút B và chọn màu đỏ ở chữ A có gạch màu bên dưới ạ. 
AI: Xuất sắc! Vậy còn phần nội dung bên dưới, em hãy thử ""căn đều hai bên"" để nhìn cho chuyên nghiệp nhé. Em làm được không? 
HS: Dạ được ạ, em chọn cả đoạn rồi nhấn nút căn đều. Xong rồi thầy ơi!"
HNMU-G6-R0153-STT12,shared/raw_data/HNMU-teacher_dialog_samples/Lớp 6.xlsx,153,6,Lớp 6,12,Bài 11: Định dạng văn bản,Thực hành (Tr. 56-57),Em hãy tạo một tờ rơi giới thiệu về câu lạc bộ Tin học của trường mình.,Vận dụng (Tạo được sản phẩm số),"HS tạo văn bản, chèn hình ảnh, định dạng phông chữ, cỡ chữ, màu sắc thu hút người xem.","HS: Em đang thiết kế tờ rơi nhưng nhìn nó vẫn hơi ""chán"", thầy gợi ý cho em cách làm nó bắt mắt hơn được không ạ? 
AI: Một tờ rơi hay cần có: 1. Tiêu đề thật to và đậm; 2. Hình ảnh minh họa sinh động; 3. Màu sắc chữ hài hòa. Em đã thử thay đổi phông chữ nào trông hiện đại chưa? 
HS: Dạ chưa, em vẫn dùng phông mặc định ạ. 
AI: Em hãy thử phông ""Arial"" hoặc ""Segoe UI"" xem sao. Đừng quên dùng các màu sắc khác nhau cho các ý chính nhé. Em thử làm rồi cho thầy xem kết quả nào! 
HS: (Làm xong) Wow, nhìn chuyên nghiệp hẳn luôn thầy ạ. Em cảm ơn thầy! 
AI: Rất ấn tượng! Sản phẩm của em chắc chắn sẽ thu hút được nhiều bạn tham gia đấy."
HNMU-G6-R0154-STT13,shared/raw_data/HNMU-teacher_dialog_samples/Lớp 6.xlsx,154,6,Lớp 6,13,Bài 11: Định dạng văn bản,Luyện tập 2 (Tr. 58),"Với văn bản ""Đơn xin nghỉ học"", em sẽ chọn loại căn lề nào cho phần ""Kính gửi""? Tại sao?",Vận dụng (Xác định cấu trúc phù hợp),Nên chọn căn giữa (đối với dòng tiêu đề đơn) và căn trái hoặc thụt lề (đối với phần Kính gửi) để đảm bảo tính trang trọng và đúng quy chuẩn văn bản hành chính.,"HS: Thầy ơi, dòng ""Kính gửi"" trong đơn em để căn phải cho lạ được không ạ? 
AI: Trong văn bản hành chính, sự ""lạ"" đôi khi lại làm mất đi tính trang trọng đấy. Em thử nhìn các mẫu đơn thực tế, phần ""Kính gửi"" thường nằm ở phía nào? 
HS: Dạ thường nằm bên trái nhưng lùi vào một chút ạ. 
AI: Đúng rồi! Việc này giúp người đọc dễ quan sát thông tin người nhận. Vậy em nên dùng lệnh căn lề nào? 
HS: Dạ em sẽ dùng căn trái hoặc dùng phím Tab để lùi vào ạ. 
AI: Rất đúng đắn! Em đã biết cách áp dụng kiến thức vào thực tế một cách hợp lý rồi."
HNMU-G6-R0155-STT14,shared/raw_data/HNMU-teacher_dialog_samples/Lớp 6.xlsx,155,6,Lớp 6,14,Bài 11: Định dạng văn bản,Câu hỏi (SGV Tr. 66),Làm thế nào để kiểm tra văn bản đã định dạng đúng ý mình chưa trước khi in ra giấy?,Vận dụng (Thực hiện được nhiệm vụ),"Sử dụng chức năng ""Print Preview"" (Xem trước khi in) trong thẻ File -> Print.","HS: Em sợ in ra xong mới thấy lỗi thì phí giấy lắm, có cách nào xem trước không thầy? 
AI: Có một chức năng rất hay gọi là ""Xem trước khi in"". Em vào thẻ ""File"", sau đó chọn lệnh ""Print"". Em thấy gì ở khung bên phải màn hình? 
HS: A, nó hiện ra hình ảnh cả tờ giấy y hệt như lúc in ra ạ! 
AI: Chính xác! Nếu thấy chỗ nào chưa đẹp, em có thể quay lại sửa ngay. Đây là bước rất quan trọng trước khi nhấn nút ""In"" đấy. 
HS: Dạ em hiểu rồi, em sẽ luôn kiểm tra trước khi in. Em cảm ơn thầy AI! 
AI: Không có gì! Em đã trở thành một người soạn thảo văn bản rất cẩn thận rồi đấy"
HNMU-G6-R0156-STT1,shared/raw_data/HNMU-teacher_dialog_samples/Lớp 6.xlsx,156,6,Lớp 6,1,Bài 12: Trình bày thông tin ở dạng bảng,"Mục 1, Trang 59",Nêu ưu điểm của việc trình bày thông tin ở dạng bảng?,Nhận biết (Nêu được lợi ích),"Giúp thông tin được trình bày cô đọng, dễ tìm kiếm và dễ so sánh.","HS: Thầy ơi, tại sao mình nên dùng bảng thay vì viết văn bản bình thường ạ?
AI: Chào em! Hãy nhìn vào Hình 5.11 trang 59 nhé. Nếu em muốn tìm ngày sinh của bạn Minh nhanh nhất, em sẽ nhìn vào danh sách liệt kê hay nhìn vào cái bảng bên trái?
HS: Dạ, nhìn vào bảng nhanh hơn ạ!
AI: Đúng rồi. Vậy ngoài việc giúp ""tìm kiếm nhanh"", em thấy cách trình bày này so với văn bản thông thường thì cái nào trông ""gọn gàng"" và ""dễ so sánh"" các bạn với nhau hơn?
HS: Dạ cái bảng ạ. Vậy ưu điểm là giúp thông tin cô đọng, dễ tìm và dễ so sánh đúng không thầy?
AI: Rất chính xác! Em đã nắm được lý do vì sao chúng ta cần dùng bảng rồi đấy."
HNMU-G6-R0157-STT2,shared/raw_data/HNMU-teacher_dialog_samples/Lớp 6.xlsx,157,6,Lớp 6,2,Bài 12: Trình bày thông tin ở dạng bảng,"Mục 2, Trang 61","Để tạo bảng trong phần mềm soạn thảo, em vào dải lệnh nào?",Nhận biết (Nêu tên dải lệnh),"Vào dải lệnh Insert, chọn lệnh Table.","HS: Em muốn vẽ bảng trong Word nhưng không thấy chỗ nào để vẽ ạ.
AI: Đừng lo! Trong tiếng Anh, từ ""chèn"" hay ""đưa vào"" là gì em nhỉ?
HS: Dạ là ""Insert"" ạ.
AI: Tuyệt vời! Em hãy thử nhìn lên thanh dải lệnh của phần mềm và tìm từ đó xem. Khi nhấn vào, em thấy biểu tượng nào giống cái bảng nhất?
HS: À, em thấy chữ Table rồi! Vậy là vào Insert rồi chọn Table đúng không thầy?
AI: Đúng rồi, em giỏi lắm!"
HNMU-G6-R0158-STT3,shared/raw_data/HNMU-teacher_dialog_samples/Lớp 6.xlsx,158,6,Lớp 6,3,Bài 12: Trình bày thông tin ở dạng bảng,"Mục 2, Trang 61",Cấu tạo cơ bản của một bảng gồm những thành phần nào?,Nhận biết (Nêu tên thành phần),"Bảng gồm các hàng (row), các cột (column) và các ô (cell).","HS: Một cái bảng thì có những bộ phận gì hả thầy?
AI: Em hãy tưởng tượng cái bảng như một lưới caro. Những đường nằm ngang gọi là gì và những đường dọc xuống gọi là gì nhỉ?
HS: Dạ nằm ngang là hàng, còn dọc là cột ạ.
AI: Chính xác! Vậy nơi mà hàng và cột gặp nhau, tạo thành một cái khung nhỏ để viết chữ vào, ta gọi là gì?
HS: Gọi là ""ô"" ạ!
AI: Rất tốt. Vậy bảng được cấu tạo từ hàng, cột và ô."
HNMU-G6-R0159-STT4,shared/raw_data/HNMU-teacher_dialog_samples/Lớp 6.xlsx,159,6,Lớp 6,4,Bài 12: Trình bày thông tin ở dạng bảng,"Mục 3, Trang 62",Nêu các thao tác có thể thực hiện để thay đổi cấu trúc của bảng?,Nhận biết (Kể tên thao tác),Chèn thêm hoặc xóa hàng/cột; gộp ô hoặc tách ô.,"HS: Nếu bảng em tạo ra bị thiếu chỗ để viết tên bạn mới, em phải làm sao ạ?
AI: Nếu thiếu hàng, em có thể làm gì để bảng ""dài ra"" thêm?
HS: Em chèn thêm hàng ạ!
AI: Đúng rồi. Ngược lại, nếu thừa một cột không dùng đến, em sẽ làm gì?
HS: Em sẽ xóa cột đó đi ạ. Còn gộp nhiều ô thành một nữa đúng không thầy?
AI: Xuất sắc! Đó chính là các thao tác thay đổi cấu trúc bảng em cần nhớ."
HNMU-G6-R0160-STT5,shared/raw_data/HNMU-teacher_dialog_samples/Lớp 6.xlsx,160,6,Lớp 6,5,Bài 12: Trình bày thông tin ở dạng bảng,"Hoạt động 1, Trang 59",Giải thích tại sao cách trình bày ở trang bên trái Hình 5.11 lại hiệu quả hơn trang bên phải?,Thông hiểu (Giải thích ví dụ),"Vì trang bên trái sử dụng bảng, giúp các thông tin tương ứng (ảnh, tên, ngày sinh) của mỗi người hiện ra trên cùng một hàng, rất dễ theo dõi.","HS: Em thấy trang bên phải cũng có thông tin mà, sao thầy cô lại bảo trang bên trái tốt hơn ạ?
AI: Hãy thử tưởng tượng em cần so sánh ngày sinh của 10 bạn. Ở trang bên phải, mắt em phải di chuyển thế nào? Còn ở cái bảng bên trái thì sao?
HS: Trang bên phải em phải đọc từng dòng dài, còn cái bảng thì ngày sinh nằm thẳng một cột nên nhìn loáng là xong ạ.
AI: Đúng thế! Sự ""thẳng hàng"" của các thông tin cùng loại giúp bộ não chúng ta làm gì tốt hơn?
HS: Giúp mình so sánh và theo dõi nhanh hơn ạ. Em hiểu rồi!
AI: Rất giỏi, đó chính là sức mạnh của cấu trúc bảng."
HNMU-G6-R0161-STT6,shared/raw_data/HNMU-teacher_dialog_samples/Lớp 6.xlsx,161,6,Lớp 6,6,Bài 12: Trình bày thông tin ở dạng bảng,"Câu hỏi 1, Trang 62",Khi nào chúng ta cần sử dụng thao tác gộp các ô trong bảng?,Thông hiểu (Giải thích sự cần thiết),Khi nhiều ô có cùng một nội dung chung hoặc để tạo tiêu đề lớn cho một nhóm hàng/cột.,"HS: Thầy ơi, tại sao mình phải ""gộp ô"" cho phức tạp vậy ạ?
AI: Em hãy nhìn vào một Thời khóa biểu. Nếu cả buổi sáng thứ Hai đều học cùng một chủ đề ""Hoạt động trải nghiệm"", thay vì viết chữ đó 4 lần vào 4 ô, em có cách nào cho nó đẹp hơn không?
HS: Em gộp 4 ô đó lại thành 1 ô to rồi viết 1 lần ạ!
AI: Chính xác! Vậy mục đích của việc gộp ô là để làm gì khi thông tin ở các ô đó giống nhau?
HS: Để trình bày nội dung chung cho gọn và dễ nhìn hơn ạ.
AI: Tuyệt vời, em đã hiểu bản chất rồi đấy!"
HNMU-G6-R0162-STT7,shared/raw_data/HNMU-teacher_dialog_samples/Lớp 6.xlsx,162,6,Lớp 6,7,Bài 12: Trình bày thông tin ở dạng bảng,"Mục 3, Trang 62",Phân biệt thao tác xóa hàng và xóa nội dung trong hàng?,Thông hiểu (Phân biệt khái niệm),Xóa hàng là làm mất hoàn toàn hàng đó và cấu trúc bảng thu hẹp lại; xóa nội dung chỉ là làm sạch thông tin trong ô nhưng hàng vẫn tồn tại.,"HS: Em nhấn phím Delete mà cái hàng nó không mất đi, chỉ mất chữ bên trong thôi thầy ơi!
AI: À, đó là vì phím Delete chỉ xóa ""ruột"" bên trong thôi. Nếu em muốn cái ""khung"" của hàng đó biến mất hoàn toàn, em cần dùng lệnh gì trong menu chuột phải?
HS: Em thấy lệnh ""Delete Cells"" rồi chọn ""Delete entire row"" ạ.
AI: Đúng rồi! Khi em chọn cái đó, cấu trúc bảng của em sẽ thay đổi thế nào so với việc chỉ xóa chữ?
HS: Bảng sẽ bị mất luôn một hàng và ngắn lại, còn xóa chữ thì bảng vẫn y nguyên ạ.
AI: Rất chuẩn! Em đã phân biệt được sự khác nhau rồi."
HNMU-G6-R0163-STT8,shared/raw_data/HNMU-teacher_dialog_samples/Lớp 6.xlsx,163,6,Lớp 6,8,Bài 12: Trình bày thông tin ở dạng bảng,"Hoạt động 2, Trang 60",Tại sao cần phải căn lề và định dạng màu sắc cho bảng?,Thông hiểu (Giải thích ý nghĩa),"Để làm nổi bật thông tin quan trọng, tăng tính thẩm mỹ và giúp người đọc dễ tiếp nhận dữ liệu hơn.","HS: Bảng của em có đủ thông tin rồi, có cần tô màu hay căn lề nữa không thầy?
AI: Nếu tất cả chữ trong bảng đều giống hệt nhau, người xem có dễ nhận ra đâu là tiêu đề của các cột không?
HS: Dạ hơi khó ạ, phải nhìn kỹ mới thấy.
AI: Vậy nếu em cho hàng tiêu đề chữ in đậm và tô nền màu xanh, nó sẽ thế nào?
HS: Nó sẽ nổi bật hẳn lên ạ!
AI: Đúng rồi. Việc đó giúp người đọc ""tiếp nhận"" thông tin thế nào?
HS: Nhanh hơn và dễ hiểu hơn. Vậy định dạng là để làm nổi bật và đẹp hơn ạ.
AI: Chính xác, bảng không chỉ cần đủ mà còn cần dễ đọc nữa."
HNMU-G6-R0164-STT9,shared/raw_data/HNMU-teacher_dialog_samples/Lớp 6.xlsx,164,6,Lớp 6,9,Bài 12: Trình bày thông tin ở dạng bảng,"Luyện tập 2, Trang 63","Thông qua bảng ""Phong trào đọc sách"" (Trang 63), em nhận xét gì về xu hướng đọc sách của học sinh?",Thông hiểu (Đọc hiểu và đánh giá),Số lượng học sinh yêu thích đọc sách và tỉ lệ phần trăm đều tăng dần qua các năm từ 2017 đến 2019.,"HS: Nhìn vào bảng số liệu ở trang 63, em phải nhận xét thế nào cho đúng ạ?
AI: Em hãy nhìn vào cột ""Tỉ lệ"". Con số từ năm 2017 đến 2019 đang lớn dần hay nhỏ đi?
HS: Dạ tăng từ 52% lên 78% ạ.
AI: Tốt! Số lượng học sinh thì sao?
HS: Cũng tăng từ 230 lên 345 bạn ạ.
AI: Vậy từ những con số đó, em có thể kết luận gì về thói quen đọc sách của các bạn qua từng năm?
HS: Dạ, phong trào đọc sách đang ngày càng phát triển mạnh mẽ và các bạn đọc nhiều hơn ạ!
AI: Một nhận xét rất sắc bén! Em đã biết cách ""đọc"" dữ liệu từ bảng rồi đấy."
HNMU-G6-R0165-STT10,shared/raw_data/HNMU-teacher_dialog_samples/Lớp 6.xlsx,165,6,Lớp 6,10,Bài 12: Trình bày thông tin ở dạng bảng,"Mục 1, Trang 59",Khi nào em nên ưu tiên sử dụng bảng thay vì dùng sơ đồ tư duy (đã học ở Bài 10)?,Thông hiểu (Phân tích tình huống),"Nên dùng bảng khi cần so sánh các đối tượng có cùng các tiêu chí cụ thể; dùng sơ đồ tư duy khi cần trình bày ý tưởng phân nhánh, không cần so sánh chi tiết.","HS: Em thấy sơ đồ tư duy cũng đẹp, khi nào thì mình bắt buộc phải dùng bảng hả thầy?
AI: Nếu em muốn so sánh điểm Toán, Văn, Anh của 5 bạn để tìm ra ai học đều nhất, sơ đồ tư duy có giúp em nhìn thấy sự thẳng hàng để so sánh từng môn không?
HS: Dạ không, nó cứ tủa ra các hướng nên khó so sánh lắm ạ.
AI: Chính xác! Vậy khi thông tin có tính chất ""so sánh theo các tiêu chí giống nhau"" thì công cụ nào thắng thế?
HS: Dạ là bảng ạ! Còn sơ đồ tư duy chỉ để gợi ý tưởng thôi thầy nhỉ.
AI: Đúng rồi, mỗi công cụ có một ""đất diễn"" riêng của nó đấy."
HNMU-G6-R0166-STT11,shared/raw_data/HNMU-teacher_dialog_samples/Lớp 6.xlsx,166,6,Lớp 6,11,Bài 12: Trình bày thông tin ở dạng bảng,"Luyện tập 1, Trang 63","Em hãy tạo một bảng gồm 4 cột, 3 hàng để ghi kết quả khảo sát trò chơi tập thể yêu thích của tổ em.",Vận dụng (Tạo được bảng),(Học sinh thực hiện thao tác Insert Table 4x3 và nhập dữ liệu vào ô).,"HS: Em tạo được bảng rồi nhưng làm sao để nhập tên các trò chơi vào ạ?
AI: Em hãy dùng chuột nhấp vào một ô trống bất kỳ trong bảng. Em thấy cái vạch nhấp nháy (con trỏ soạn thảo) xuất hiện chưa?
HS: Dạ rồi, em đang gõ chữ ""Kéo co"" vào đây ạ.
AI: Tốt! Muốn sang ô bên cạnh để nhập số bạn tham gia, em có thể dùng phím nào trên bàn phím cho nhanh mà không cần dùng chuột?
HS: Phím Tab đúng không thầy?
AI: Chuẩn luôn! Giờ em hãy tự mình hoàn thiện bảng khảo sát cho cả tổ nhé.
HS: Dạ, em làm được rồi ạ!"
HNMU-G6-R0167-STT12,shared/raw_data/HNMU-teacher_dialog_samples/Lớp 6.xlsx,167,6,Lớp 6,12,Bài 12: Trình bày thông tin ở dạng bảng,"Vận dụng 1, Trang 63","Hãy trình bày ""Thời khóa biểu của lớp em"" dưới dạng bảng.",Vận dụng (Trình bày được văn bản dạng bảng),"(Tạo bảng có cột là các thứ trong tuần, hàng là các tiết học và nhập nội dung tiết học).","HS: Thầy ơi, Thời khóa biểu thì nên có mấy cột và mấy hàng là vừa ạ?
AI: Một tuần em đi học từ thứ mấy đến thứ mấy?
HS: Dạ từ thứ Hai đến thứ Sáu ạ.
AI: Vậy em cần ít nhất 5 cột cho các thứ, cộng thêm 1 cột ở đầu để ghi ""Tiết học"". Tổng cộng là mấy cột?
HS: Là 6 cột ạ! Hàng thì em sẽ làm 5 hàng cho 5 tiết mỗi buổi.
AI: Rất hợp lý! Em hãy bắt đầu tạo bảng và đừng quên tô màu cho các môn học em yêu thích để dễ nhìn nhé.
HS: Vâng ạ, để em thử trang trí luôn bằng màu sắc thầy dạy ở trên!"
HNMU-G6-R0168-STT13,shared/raw_data/HNMU-teacher_dialog_samples/Lớp 6.xlsx,168,6,Lớp 6,13,Bài 12: Trình bày thông tin ở dạng bảng,"Luyện tập 2, Trang 63","Hãy bổ sung thêm một hàng vào bảng ""Phong trào đọc sách"" để thêm dữ liệu của năm 2016.",Vận dụng (Chỉnh sửa bảng),"(Thực hiện chuột phải vào hàng năm 2017, chọn Insert Rows Above và nhập số liệu).","HS: Em có bảng từ 2017-2019 rồi, giờ muốn thêm năm 2016 lên đầu bảng thì làm thế nào ạ?
AI: Năm 2016 đứng trước hay đứng sau năm 2017 em nhỉ?
HS: Dạ đứng trước ạ.
AI: Vậy em hãy nhấp chuột vào hàng năm 2017. Trong menu ""Insert"" (Chèn), em sẽ chọn chèn hàng ở ""Trên"" (Above) hay ""Dưới"" (Below)?
HS: Dạ là ""Insert Rows Above"" ạ! À, nó hiện ra hàng mới ở trên đầu rồi.
AI: Giỏi lắm, giờ em chỉ việc điền nốt số liệu vào là xong thử thách này rồi đó."
HNMU-G6-R0169-STT14,shared/raw_data/HNMU-teacher_dialog_samples/Lớp 6.xlsx,169,6,Lớp 6,14,Bài 12: Trình bày thông tin ở dạng bảng,"Vận dụng 2, Trang 63",Xem lại nội dung cuốn sổ lưu niệm (Bài 10) và chọn một phần để trình bày lại dưới dạng bảng cho hợp lý.,Vận dụng (Vận dụng linh hoạt),(Ví dụ: Chuyển danh sách thành viên hoặc danh sách các hoạt động sự kiện vào bảng).,"HS: Cuốn sổ lưu niệm của em toàn là chữ và ảnh tủa ra thôi, em nên đưa phần nào vào bảng đây thầy?
AI: Trong cuốn sổ đó, phần nào có nhiều thông tin lặp đi lặp lại cho nhiều người, ví dụ như Họ tên, Sở thích, Ước mơ...?
HS: Dạ là phần ""Giới thiệu thành viên"" lớp em ạ!
AI: Quá chuẩn! Nếu đưa phần đó vào bảng, em thấy nó sẽ giúp ích gì cho người đọc cuốn sổ sau này?
HS: Họ sẽ dễ dàng so sánh xem các bạn trong lớp có cùng sở thích gì không ạ. Để em tạo một bảng ""Profile thành viên"" luôn!
AI: Ý tưởng tuyệt vời! Chúc mừng em đã hoàn thành bài học một cách rất sáng tạo."
HNMU-G6-R0170-STT1,shared/raw_data/HNMU-teacher_dialog_samples/Lớp 6.xlsx,170,6,Lớp 6,1,Bài 13: Tìm kiếm và thay thế,"Mục 1, Trang 64",Công cụ Tìm kiếm nằm trong dải lệnh nào và nhóm lệnh nào?,"Nhận biết (Nêu tên dải lệnh, nhóm lệnh)","Nằm trong dải lệnh Home, nhóm lệnh Editing.","HS: Thầy ơi, em muốn tìm một từ trong văn bản nhưng không thấy nút Find ở đâu ạ.
AI: Chào em! Để bắt đầu, em hãy nhìn lên phía trên màn hình soạn thảo, nơi chứa các thẻ lệnh chính. Em có thấy thẻ lệnh nào thường chứa các công cụ cơ bản như định dạng chữ không?
HS: Dạ là dải lệnh Home đúng không thầy?
AI: Chính xác! Bây giờ em hãy nhìn sang góc ngoài cùng bên phải của dải lệnh Home, em thấy nhóm lệnh tên là gì nhỉ?
HS: À, em thấy nhóm lệnh Editing và nút Find nằm ở đó rồi!
AI: Rất tốt! Vậy là em đã tìm ra vị trí của công cụ Tìm kiếm rồi đấy."
HNMU-G6-R0171-STT2,shared/raw_data/HNMU-teacher_dialog_samples/Lớp 6.xlsx,171,6,Lớp 6,2,Bài 13: Tìm kiếm và thay thế,"Mục 2, Trang 65",Công cụ Thay thế được kích hoạt bằng lệnh nào?,Nhận biết (Nêu tên lệnh),Lệnh Replace trong nhóm Editing của dải lệnh Home.,"HS: Thầy ơi, lệnh để thay thế từ này bằng từ khác tên là gì ạ?
AI: Trong tiếng Anh, từ nào có nghĩa là ""thay thế"" nhỉ? Em thử nhìn vào nhóm Editing bên cạnh nút Find xem.
HS: Có chữ Replace ạ!
AI: Đúng rồi! Khi em nhấn vào Replace, một hộp thoại sẽ hiện ra để em thực hiện việc đổi từ. Vậy lệnh đó tên là gì?
HS: Dạ là lệnh Replace ạ!
AI: Tuyệt vời, em nhớ tên lệnh rất nhanh."
HNMU-G6-R0172-STT3,shared/raw_data/HNMU-teacher_dialog_samples/Lớp 6.xlsx,172,6,Lớp 6,3,Bài 13: Tìm kiếm và thay thế,"Mục 2, Trang 65","Trong hộp thoại Find and Replace, ô ""Find what"" dùng để nhập nội dung gì?",Nhận biết (Nêu nội dung thành phần),Dùng để nhập từ hoặc cụm từ cần tìm kiếm.,"HS: Em mở được hộp thoại rồi nhưng không biết gõ từ cần tìm vào ô nào ạ.
AI: Em hãy nhìn vào ô đầu tiên có dòng chữ ""Find what"". Theo em, ""Find what"" có nghĩa là gì?
HS: Nghĩa là ""Tìm cái gì"" ạ.
AI: Chuẩn luôn! Vậy theo em, mình sẽ nhập cái gì vào ô đó để máy tính đi tìm?
HS: Dạ, là nhập từ hoặc cụm từ mà mình muốn tìm ạ!
AI: Rất chính xác! Em đã hiểu ý nghĩa của ô đó rồi."
HNMU-G6-R0173-STT4,shared/raw_data/HNMU-teacher_dialog_samples/Lớp 6.xlsx,173,6,Lớp 6,4,Bài 13: Tìm kiếm và thay thế,"Mục 2, Trang 65","Để thay thế tất cả các từ tìm được cùng lúc, em chọn nút lệnh nào?",Nhận biết (Nêu tên nút lệnh),Chọn nút lệnh Replace All.,"HS: Thầy ơi, nếu văn bản có 100 từ ""Hà Nội"" mà em muốn đổi thành ""Thủ đô"" hết một lượt thì làm thế nào ạ?
AI: Nếu em nhấn ""Replace"", máy sẽ chỉ đổi từng từ một. Em có thấy nút nào có chữ ""All"" (tất cả) ở ngay bên cạnh không?
HS: Dạ có nút Replace All ạ.
AI: Đúng rồi! Em đoán xem nút đó sẽ giúp em làm gì?
HS: Chắc là nó sẽ thay thế tất cả các từ máy tìm được cùng một lúc luôn đúng không thầy?
AI: Quá giỏi! Đó chính là cách nhanh nhất để xử lý yêu cầu của em."
HNMU-G6-R0174-STT5,shared/raw_data/HNMU-teacher_dialog_samples/Lớp 6.xlsx,174,6,Lớp 6,5,Bài 13: Tìm kiếm và thay thế,"Hoạt động 1, Trang 64",Tại sao việc sử dụng công cụ Tìm kiếm và thay thế lại có lợi hơn việc tìm thủ công bằng mắt?,Thông hiểu (Giải thích lợi ích),"Giúp tìm kiếm và thay thế thông tin một cách nhanh chóng và chính xác, đặc biệt với văn bản dài.","HS: Văn bản ngắn em tự tìm bằng mắt cũng được mà, sao phải học công cụ này hả thầy?
AI: Câu hỏi rất thực tế! Thế nếu văn bản của em dài 100 trang và em cần tìm một cái tên bị viết sai chính tả, em tìm bằng mắt sẽ mất bao lâu?
HS: Ôi, thế thì mỏi mắt và dễ sót lắm ạ.
AI: Đúng vậy! Vậy công cụ này giúp ích gì cho em về mặt ""thời gian"" và độ ""tin cậy""?
HS: Nó giúp mình làm nhanh hơn và không bị bỏ sót ạ. Vậy là nhanh và chính xác hơn đúng không thầy?
AI: Rất chuẩn xác! Đó chính là ưu điểm lớn nhất của nó."
HNMU-G6-R0175-STT6,shared/raw_data/HNMU-teacher_dialog_samples/Lớp 6.xlsx,175,6,Lớp 6,6,Bài 13: Tìm kiếm và thay thế,"Hoạt động 2, Trang 65","Giải thích tại sao phải cẩn thận khi sử dụng lệnh ""Replace All""?",Thông hiểu (Giải thích sự cần thiết),"Vì lệnh này có thể thay thế cả những từ không mong muốn nếu chúng chứa cụm từ tìm kiếm (ví dụ thay ""ăn"" thành ""uống"" có thể làm từ ""mặn"" thành ""m uống"").","HS: Dùng Replace All nhanh thật thầy ạ, nhưng sao có lúc nó lại đổi nhầm cả những từ em không muốn đổi?
AI: À, đó là một điểm cần lưu ý! Giả sử em muốn đổi từ ""con"" thành ""bé"". Trong văn bản có từ ""chọn"", máy tính có thể đổi nó thành ""chbé"" không?
HS: Ơ, có thể ạ, vì trong ""chọn"" có vần ""on"" giống từ ""con""!
AI: Đúng rồi! Vậy nếu em không kiểm soát từng từ, điều gì sẽ xảy ra với nội dung văn bản?
HS: Nội dung sẽ bị sai lệch và vô nghĩa ạ. Em hiểu rồi, mình phải xem kỹ trước khi nhấn ""Replace All"".
AI: Rất thông minh! Em đã rút ra được một kinh nghiệm quan trọng khi lập trình văn bản rồi đấy."
HNMU-G6-R0176-STT7,shared/raw_data/HNMU-teacher_dialog_samples/Lớp 6.xlsx,176,6,Lớp 6,7,Bài 13: Tìm kiếm và thay thế,"Mục 1, Trang 64",Trình bày các bước để tìm một từ trong văn bản?,Thông hiểu (Mô tả quy trình),B1: Chọn Home/Find; B2: Nhập từ cần tìm vào ô Search; B3: Quan sát các kết quả được đánh dấu trên văn bản.,"HS: Thầy tóm tắt lại các bước để em tự thực hiện tìm kiếm với ạ.
AI: Đầu tiên, em cần mở công cụ tìm kiếm ở đâu?
HS: Dạ vào thẻ Home rồi chọn Find ạ.
AI: Tốt! Bước tiếp theo, em làm gì để máy biết em đang cần tìm gì?
HS: Em gõ từ đó vào ô tìm kiếm ạ.
AI: Chính xác. Cuối cùng, làm sao em biết máy đã tìm thấy từ đó ở đâu trong văn bản?
HS: Các từ tìm được sẽ được tô màu nổi bật lên đúng không thầy?
AI: Đúng rồi, em đã nắm vững quy trình rồi đó."
HNMU-G6-R0177-STT8,shared/raw_data/HNMU-teacher_dialog_samples/Lớp 6.xlsx,177,6,Lớp 6,8,Bài 13: Tìm kiếm và thay thế,"Mục 2, Trang 65","Nêu sự khác nhau giữa ô ""Find what"" và ô ""Replace with""?",Thông hiểu (Phân biệt khái niệm),"""Find what"" là từ cũ cần tìm; ""Replace with"" là từ mới dùng để thay thế cho từ cũ.","HS: Em hay bị nhầm, không biết gõ từ mới vào ô nào, từ cũ vào ô nào thầy ạ.
AI: Đừng lo! ""Find"" là tìm, còn ""Replace with"" là ""Thay thế với"". Vậy từ em muốn bỏ đi (từ cũ) thì phải để máy ""tìm"" nó trước hay ""thay"" nó trước?
HS: Dạ phải tìm nó trước ạ. Vậy từ cũ gõ vào ô ""Find what""?
AI: Rất chuẩn! Vậy từ mới em định dùng để thay vào chỗ đó sẽ nằm ở ô còn lại là ô nào?
HS: Dạ là ô ""Replace with"". Em nhớ rồi ạ!
AI: Tuyệt vời, em đã phân biệt được hai ô này rồi."
HNMU-G6-R0178-STT9,shared/raw_data/HNMU-teacher_dialog_samples/Lớp 6.xlsx,178,6,Lớp 6,9,Bài 13: Tìm kiếm và thay thế,"Mục 1, Trang 64",Điều gì xảy ra khi máy tính không tìm thấy từ em đã nhập trong văn bản?,Thông hiểu (Mô tả hiện tượng),Máy tính sẽ hiện thông báo không tìm thấy kết quả (No matches/Finished searching).,"HS: Sao em gõ đúng từ rồi mà nhấn Find nó không hiện gì trên văn bản hết thầy?
AI: Em hãy thử nhìn vào bảng thông báo hoặc phía dưới ô tìm kiếm xem có dòng chữ nào hiện ra không?
HS: Nó ghi là ""0 of 0"" hoặc ""No matches"" ạ.
AI: Điều đó có nghĩa là từ em gõ có tồn tại trong văn bản này không?
HS: Dạ không ạ. Có thể là do em gõ sai chính tả hoặc từ đó không có thật trong bài.
AI: Đúng rồi! Khi đó máy tính sẽ báo cho em biết là không tìm thấy kết quả nào phù hợp."
HNMU-G6-R0179-STT10,shared/raw_data/HNMU-teacher_dialog_samples/Lớp 6.xlsx,179,6,Lớp 6,10,Bài 13: Tìm kiếm và thay thế,"Mục 2, Trang 65","Phân tích trường hợp nào nên dùng ""Replace"" và trường hợp nào nên dùng ""Replace All""?",Thông hiểu (Phân tích tình huống),"Dùng ""Replace"" khi muốn kiểm tra kỹ từng từ trước khi đổi; dùng ""Replace All"" khi chắc chắn muốn đổi tất cả mọi nơi.","HS: Khi nào thì mình nên nhấn Replace từng cái, khi nào thì nhấn Replace All cho nhanh ạ?
AI: Nếu em muốn đổi tên nhân vật chính trong cả một cuốn truyện, em chọn cách nào?
HS: Dạ Replace All cho nhanh ạ.
AI: Thế nếu em muốn đổi từ ""anh"" thành ""em"" nhưng chỉ ở một vài đoạn đối thoại nhất định, không phải toàn bài, thì sao?
HS: À, lúc đó phải dùng Replace để xem từ đó nằm ở đâu rồi mới quyết định đổi hay không ạ!
AI: Rất sắc sảo! Em đã biết cách lựa chọn công cụ phù hợp với mục đích rồi."
HNMU-G6-R0180-STT11,shared/raw_data/HNMU-teacher_dialog_samples/Lớp 6.xlsx,180,6,Lớp 6,11,Bài 13: Tìm kiếm và thay thế,"Luyện tập 1, Trang 66","Sử dụng công cụ Tìm kiếm để đếm xem trong bài có bao nhiêu từ ""Học sinh""?",Vận dụng (Thực hiện đếm từ),"(Học sinh thực hiện: Nhập ""Học sinh"" vào ô Find và đọc số lượng kết quả hiện ra).","HS: Thầy ơi, làm sao biết có tất cả bao nhiêu từ ""Học sinh"" mà không phải ngồi đếm tay ạ?
AI: Khi em nhập từ ""Học sinh"" vào ô tìm kiếm (Find), máy tính có hiển thị con số nào kèm theo không?
HS: Dạ, nó hiện ""15 matches"" ở dưới ô em vừa gõ ạ.
AI: Con số 15 đó cho em biết điều gì?
HS: Dạ là có 15 từ ""Học sinh"" trong văn bản ạ. Tiện quá thầy nhỉ!
AI: Đúng rồi! Em đã vận dụng công cụ Tìm kiếm để thống kê dữ liệu rất tốt."
HNMU-G6-R0181-STT12,shared/raw_data/HNMU-teacher_dialog_samples/Lớp 6.xlsx,181,6,Lớp 6,12,Bài 13: Tìm kiếm và thay thế,"Luyện tập 2, Trang 66","Thực hiện thay thế toàn bộ các từ ""Sapa"" (viết sai) thành ""Sa Pa"" (viết đúng).",Vận dụng (Thực hiện thay thế lỗi),(Học sinh thực hiện lệnh Replace All: Find what: Sapa; Replace with: Sa Pa).,"HS: Bài tập yêu cầu sửa lỗi viết dính liền ""Sapa"" thành ""Sa Pa"" cho cả bài, em làm thế nào đây thầy?
AI: Đầu tiên, em mở hộp thoại Replace lên. Từ viết sai (Sapa) em sẽ nhập vào ô nào?
HS: Nhập vào ô ""Find what"" ạ.
AI: Tốt! Còn từ viết đúng (Sa Pa) em sẽ đưa vào đâu?
HS: Đưa vào ô ""Replace with"" ạ.
AI: Vì đề bài yêu cầu sửa lỗi cho ""cả bài"", em sẽ chọn nút lệnh nào cuối cùng?
HS: Dạ em nhấn ""Replace All"" ạ. Xong rồi, máy báo đã sửa 10 chỗ!
AI: Giỏi lắm! Em đã biết cách dùng công cụ để sửa lỗi chính tả hàng loạt."
HNMU-G6-R0182-STT13,shared/raw_data/HNMU-teacher_dialog_samples/Lớp 6.xlsx,182,6,Lớp 6,13,Bài 13: Tìm kiếm và thay thế,"Vận dụng 1, Trang 66","Em có một bài viết về địa danh ""Đà Lạt"". Hãy dùng công cụ để đổi tên địa danh này thành ""Sa Pa"" để có một bài viết mới về Sa Pa.",Vận dụng (Vận dụng linh hoạt),"(Thực hiện thay thế cụm từ ""Đà Lạt"" thành ""Sa Pa"" trong toàn văn bản).","HS: Thầy ơi, em muốn đổi chủ đề bài viết từ Đà Lạt sang Sa Pa cho nhanh, em dùng công cụ này được không?
AI: Hoàn toàn được chứ! Em hãy nhớ lại các ô ""Find what"" và ""Replace with"". Em sẽ điền gì vào đó?
HS: Dạ, ""Find what"" là Đà Lạt, còn ""Replace with"" là Sa Pa ạ.
AI: Chính xác! Sau khi thay thế xong, em có cần phải đọc lại văn bản để chỉnh sửa thêm các chi tiết khác (như khí hậu, đặc sản) cho đúng với Sa Pa không?
HS: Dạ có chứ, vì công cụ chỉ thay thế từ thôi, mình vẫn phải kiểm tra lại nội dung ạ.
AI: Rất tốt! Em đã biết kết hợp công cụ máy tính với tư duy của chính mình."
HNMU-G6-R0183-STT14,shared/raw_data/HNMU-teacher_dialog_samples/Lớp 6.xlsx,183,6,Lớp 6,14,Bài 13: Tìm kiếm và thay thế,"Vận dụng 2, Trang 66","Hãy dùng công cụ để tìm xem trong bài viết của em có bị lặp từ ""với"" quá nhiều không và sửa lại cho hợp lý.",Vận dụng (Tự lực hoàn thành),"(Học sinh tự thực hiện tìm kiếm từ ""với"", quan sát mật độ và tự thay thế bằng các từ đồng nghĩa nếu cần).","HS: Bài viết của em bị chê là lặp từ ""với"" nhiều quá. Giờ em tự sửa bằng công cụ này được không thầy?
AI: Được chứ! Bước đầu tiên em sẽ làm gì để biết những từ ""với"" đó nằm ở đâu?
HS: Em dùng công cụ Find để máy tô màu tất cả các từ ""với"" ạ.
AI: Sau khi thấy các từ đó rồi, em có nên nhấn Replace All để đổi hết sang từ khác không?
HS: Dạ không, em sẽ đọc từng câu, chỗ nào lặp quá gần nhau thì em mới dùng Replace để sửa thành từ khác như ""cùng"", ""và"" ạ.
AI: Tuyệt vời! Em đã hoàn toàn làm chủ được công cụ này để nâng cao chất lượng bài viết của mình rồi."
HNMU-G6-R0184-STT1,shared/raw_data/HNMU-teacher_dialog_samples/Lớp 6.xlsx,184,6,Lớp 6,1,Bài 14: Hoàn thiện sổ lưu niệm,"Mục 1, Trang 67",Mục đích chính của bài thực hành tổng hợp này là gì?,Nhận biết (Nêu được nội dung công việc),"Tổng hợp các kiến thức và kĩ năng đã học để hoàn thiện sản phẩm số là cuốn ""Sổ lưu niệm của lớp"".","HS: Thầy ơi, bài 14 này chúng ta sẽ làm gì vậy ạ?
AI: Chào em! Hãy nhớ lại các sản phẩm em đã làm ở bài 10, 11, 12 và 13 nhé. Mục tiêu của chúng ta là gom tất cả chúng lại thành một sản phẩm cuối cùng. Em đoán xem đó là gì?
HS: Có phải là cuốn Sổ lưu niệm không thầy?
AI: Chính xác! Vậy mục đích của bài này là giúp em ""tổng hợp"" lại những gì đã học để tạo ra sản phẩm đó. Em đã sẵn sàng chưa?"
HNMU-G6-R0185-STT2,shared/raw_data/HNMU-teacher_dialog_samples/Lớp 6.xlsx,185,6,Lớp 6,2,Bài 14: Hoàn thiện sổ lưu niệm,"Mục 1, Trang 67",Nêu tên các tệp dữ liệu cần chuẩn bị cho bài thực hành này?,Nhận biết (Nêu tên tệp),"Tệp văn bản Soluuniem.docx và các tệp hình ảnh, bảng biểu đã tạo từ các bài trước.","HS: Em cần chuẩn bị những gì để bắt đầu làm sổ ạ?
AI: Để có ""nguyên liệu"" làm sổ, em cần các bài viết và hình ảnh đã lưu. Em còn nhớ tệp văn bản chính chúng ta đã soạn thảo tên là gì không?
HS: Dạ là tệp Soluuniem.docx ạ!
AI: Đúng rồi! Ngoài tệp đó, em cần tìm thêm các tệp ảnh và bảng biểu nữa nhé."
HNMU-G6-R0186-STT3,shared/raw_data/HNMU-teacher_dialog_samples/Lớp 6.xlsx,186,6,Lớp 6,3,Bài 14: Hoàn thiện sổ lưu niệm,"Mục 1, Trang 67",Kể tên các chức năng phần mềm đã học được sử dụng trong bài này?,Nhận biết (Nêu tên chức năng),"Chức năng biên tập, định dạng văn bản, chèn hình ảnh, tạo bảng, tìm kiếm và thay thế.","HS: Em quên mất mình phải dùng những lệnh nào trong Word rồi.
AI: Đừng lo! Hãy nhìn vào cuốn sổ mẫu ở trang 67. Để làm chữ đẹp hơn em dùng gì? Để đưa ảnh vào em dùng lệnh nào?
HS: Dạ dùng Định dạng văn bản và Chèn hình ảnh ạ!
AI: Rất tốt! Đó chính là những ""công cụ"" em sẽ tái sử dụng để hoàn thiện cuốn sổ đấy."
HNMU-G6-R0187-STT4,shared/raw_data/HNMU-teacher_dialog_samples/Lớp 6.xlsx,187,6,Lớp 6,4,Bài 14: Hoàn thiện sổ lưu niệm,"Mục 1, Trang 67",Sản phẩm cuối cùng của bài thực hành được gọi là gì?,Nhận biết (Nêu tên sản phẩm),"Sản phẩm số ""Sổ lưu niệm lớp 6A"" (hoặc tên lớp của em).","HS: Sau khi làm xong, em sẽ có một cuốn sổ giấy hay là gì ạ?
AI: Chúng ta đang thực hành trên máy tính, nên kết quả sẽ là một tệp dữ liệu. Trong tin học, người ta gọi những thứ này là ""Sản phẩm..."" gì nhỉ?
HS: Là Sản phẩm số đúng không thầy?
AI: Tuyệt vời! Một sản phẩm số mang đậm dấu ấn cá nhân của em."
HNMU-G6-R0188-STT5,shared/raw_data/HNMU-teacher_dialog_samples/Lớp 6.xlsx,188,6,Lớp 6,5,Bài 14: Hoàn thiện sổ lưu niệm,"Mục 3, Trang 66",Tại sao việc xác định cấu trúc (sơ đồ tư duy) lại quan trọng trước khi hoàn thiện sổ?,Thông hiểu (Giải thích sự cần thiết),"Giúp sắp xếp thông tin mạch lạc, logic, dễ hiểu và quản lí nội dung sản phẩm tốt hơn.","HS: Thầy ơi, tại sao mình phải vẽ sơ đồ tư duy trước khi làm sổ lưu niệm ạ?
AI: Nếu em có rất nhiều ảnh và bài viết nhưng không biết để cái nào trước, cái nào sau thì người đọc có thấy rối không?
HS: Dạ có ạ, sẽ rất lộn xộn.
AI: Vậy sơ đồ tư duy đóng vai trò như một ""bản thiết kế"". Nó giúp thông tin của em trở nên thế nào?
HS: Dạ giúp sắp xếp mạch lạc và dễ quản lí hơn ạ. Em hiểu rồi!"
HNMU-G6-R0189-STT6,shared/raw_data/HNMU-teacher_dialog_samples/Lớp 6.xlsx,189,6,Lớp 6,6,Bài 14: Hoàn thiện sổ lưu niệm,"Mục 2, Trang 64","Giải thích tại sao cần dùng công cụ ""Tìm kiếm và thay thế"" khi hoàn thiện sổ?",Thông hiểu (Giải thích lợi ích),"Đảm bảo tính chính xác, thống nhất thông tin và chuyên nghiệp (ví dụ sửa lỗi chính tả hàng loạt).","HS: Em thấy mình viết cũng kỹ rồi, có cần dùng lệnh Find and Replace nữa không thầy?
AI: Giả sử cả lớp có 40 bạn, nếu em viết sai tên một bạn ở nhiều trang, việc đi tìm từng dòng để sửa bằng mắt sẽ thế nào?
HS: Dạ sẽ rất lâu và dễ bị sót ạ.
AI: Đúng thế! Vậy công cụ này giúp ích gì cho ""độ chính xác"" và ""thời gian"" của em?
HS: Giúp em sửa lỗi nhanh và thống nhất thông tin trong cả cuốn sổ ạ!"
HNMU-G6-R0190-STT7,shared/raw_data/HNMU-teacher_dialog_samples/Lớp 6.xlsx,190,6,Lớp 6,7,Bài 14: Hoàn thiện sổ lưu niệm,"Mục 1, Trang 59",Cách trình bày thông tin dạng bảng trong sổ lưu niệm có ưu điểm gì?,Thông hiểu (Trình bày tác dụng),"Giúp các thông tin (như danh sách thành viên) cô đọng, dễ tìm kiếm và dễ so sánh.","HS: Phần giới thiệu các bạn trong tổ em nên viết thành đoạn văn hay làm bảng ạ?
AI: Nếu em muốn người đọc nhìn một cái là thấy ngay ngày sinh và sở thích của tất cả mọi người để so sánh, cách nào tốt hơn?
HS: Dạ làm bảng sẽ dễ nhìn hơn ạ.
AI: Rất chuẩn! Đó là vì bảng giúp thông tin được trình bày... như thế nào nhỉ?
HS: Dạ cô đọng và dễ tìm kiếm hơn ạ!"
HNMU-G6-R0191-STT8,shared/raw_data/HNMU-teacher_dialog_samples/Lớp 6.xlsx,191,6,Lớp 6,8,Bài 14: Hoàn thiện sổ lưu niệm,"Mục 2, Trang 70",Mô tả vai trò của hình ảnh minh họa trong cuốn sổ lưu niệm?,Thông hiểu (Mô tả chức năng),"Hình ảnh giúp minh họa nội dung sinh động hơn, tăng tính thẩm mỹ và gợi lại cảm xúc cho người xem.","HS: Em chỉ viết chữ thôi cho nhanh, không chèn ảnh có được không thầy?
AI: Cuốn sổ lưu niệm ghi lại những kỷ niệm đẹp. Nếu chỉ có chữ mà không có hình ảnh các bạn, em thấy nó có ""thiếu thiếu"" điều gì không?
HS: Dạ thấy hơi khô khan và không sinh động ạ.
AI: Đúng rồi! Vậy hình ảnh giúp cuốn sổ của em trở nên thế nào trong mắt người đọc?
HS: Trở nên sinh động, đẹp hơn và dễ gợi lại cảm xúc hơn ạ!"
HNMU-G6-R0192-STT9,shared/raw_data/HNMU-teacher_dialog_samples/Lớp 6.xlsx,192,6,Lớp 6,9,Bài 14: Hoàn thiện sổ lưu niệm,"Mục 1, Trang 54","Phân biệt giữa ""biên tập nội dung"" và ""định dạng"" trong quá trình làm sổ?",Thông hiểu (Phân biệt khái niệm),"Biên tập là chỉnh sửa, bổ sung nội dung chữ; Định dạng là thay đổi cách thể hiện (phông chữ, màu sắc, căn lề).","HS: Thầy ơi, em đang chỉnh màu chữ thì có gọi là biên tập nội dung không ạ?
AI: Hãy nghĩ xem: em đang thay đổi ""ý nghĩa"" của câu văn hay chỉ thay đổi ""vẻ ngoài"" của nó?
HS: Dạ là vẻ ngoài cho đẹp hơn thôi ạ.
AI: Đó gọi là ""Định dạng"". Vậy nếu em sửa lại một câu văn bị sai ý, thì đó là gì?
HS: À, đó mới là Biên tập nội dung! Em phân biệt được rồi ạ."
HNMU-G6-R0193-STT10,shared/raw_data/HNMU-teacher_dialog_samples/Lớp 6.xlsx,193,6,Lớp 6,10,Bài 14: Hoàn thiện sổ lưu niệm,"Mục 3, Trang 67",Tóm tắt các bước cơ bản để hoàn thiện sản phẩm sổ lưu niệm?,Thông hiểu (Trình bày quá trình),Tập hợp tư liệu -> Biên tập nội dung -> Định dạng/Trình bày -> Kiểm tra và lưu trữ.,"HS: Em thấy rối quá, không biết bắt đầu từ đâu để hoàn thành sổ ạ.
AI: Đừng lo! Đầu tiên em cần gom ảnh và bài viết (tập hợp). Sau đó em sửa chữ cho hay (biên tập). Bước tiếp theo là làm gì cho đẹp?
HS: Dạ là định dạng và chèn ảnh ạ!
AI: Cuối cùng, đừng quên kiểm tra lỗi và nhấn nút gì để không bị mất bài?
HS: Dạ nhấn Lưu (Save) ạ! Em đã nhớ quy trình rồi."
HNMU-G6-R0194-STT11,shared/raw_data/HNMU-teacher_dialog_samples/Lớp 6.xlsx,194,6,Lớp 6,11,Bài 14: Hoàn thiện sổ lưu niệm,"Mục 3, Trang 57","Thực hiện thao tác chèn và định dạng ảnh tập thể lớp vào trang ""Kỷ niệm chung"".",Vận dụng (Thực hiện thao tác),"Sử dụng lệnh Insert/Picture, căn chỉnh kích thước và chọn vị trí (Wrap Text) phù hợp.","HS: Em chèn ảnh vào rồi mà nó cứ nằm đè lên chữ, không di chuyển được thầy ơi!
AI: Em hãy nhấp chuột vào bức ảnh. Em có thấy biểu tượng hình cầu vồng (Layout Options) xuất hiện bên cạnh không?
HS: Dạ em thấy rồi. Em nên chọn cái nào ạ?
AI: Thử chọn ""Square"" (hình vuông) xem. Giờ em thử di chuyển ảnh xem chữ có tự động né ra không?
HS: Ôi được rồi thầy ạ! Giờ em có thể kéo ảnh đi khắp nơi rồi."
HNMU-G6-R0195-STT12,shared/raw_data/HNMU-teacher_dialog_samples/Lớp 6.xlsx,195,6,Lớp 6,12,Bài 14: Hoàn thiện sổ lưu niệm,"Mục 2, Trang 61","Tạo một bảng gồm 3 cột để ghi thông tin: Họ tên, Chức vụ, Nhiệm vụ của các thành viên tổ em.",Vận dụng (Tạo sản phẩm số),"Thao tác vào Insert/Table, chọn số cột/hàng và nhập nội dung tương ứng.","HS: Thầy giúp em tạo bảng danh sách tổ với ạ.
AI: Để tạo bảng, em vào dải lệnh nào phía trên màn hình?
HS: Dạ vào dải lệnh Insert ạ!
AI: Tốt, em chọn mục Table và kéo chuột để lấy đủ 3 cột nhé. Sau đó em sẽ làm gì để đưa thông tin vào các ô?
HS: Em nhấp chuột vào từng ô rồi gõ chữ vào ạ. Em làm xong rồi!"
HNMU-G6-R0196-STT13,shared/raw_data/HNMU-teacher_dialog_samples/Lớp 6.xlsx,196,6,Lớp 6,13,Bài 14: Hoàn thiện sổ lưu niệm,"Mục 2, Trang 65","Sử dụng công cụ để thay thế toàn bộ từ ""Lớp 6"" thành ""Lớp 6A"" trong toàn văn bản.",Vận dụng (Sử dụng công cụ),Sử dụng lệnh Replace All: Find what: Lớp 6; Replace with: Lớp 6A.,"HS: Em muốn sửa tên lớp trong cả cuốn sổ cho nhanh thì làm thế nào thầy?
AI: Em còn nhớ phím tắt Ctrl + H không? Ô ""Find what"" em sẽ gõ gì?
HS: Dạ gõ ""Lớp 6"" ạ. Còn ""Replace with"" em gõ ""Lớp 6A"".
AI: Đúng rồi! Để máy tự sửa hết một lượt, em nhấn nút nào có chữ ""All""?
HS: Dạ là Replace All ạ. Xong rồi, máy báo đã sửa xong hết rồi thầy!"
HNMU-G6-R0197-STT14,shared/raw_data/HNMU-teacher_dialog_samples/Lớp 6.xlsx,197,6,Lớp 6,14,Bài 14: Hoàn thiện sổ lưu niệm,"Mục 3, Trang 57","Thực hiện lưu tệp sổ lưu niệm đã hoàn thiện với tên ""So_luu_niem_Lop6A.docx"".",Vận dụng (Lưu trữ sản phẩm),"Vào File/Save As, chọn thư mục lưu và gõ tên tệp theo yêu cầu.","HS: Em đã làm xong hết rồi, giờ em tắt máy được chưa thầy?
AI: Khoan đã! Nếu tắt máy bây giờ thì công sức nãy giờ của em sẽ đi đâu?
HS: Ôi em quên, phải lưu bài lại ạ!
AI: Đúng rồi. Em hãy vào menu File, chọn ""Save As"" và đặt tên đúng như em mong muốn nhé.
HS: Dạ, em đã lưu tệp thành So_luu_niem_Lop6A rồi ạ. Cảm ơn thầy nhiều!"
HNMU-G6-R0198-STT1,shared/raw_data/HNMU-teacher_dialog_samples/Lớp 6.xlsx,198,6,Lớp 6,1,Bài 15: Thuật toán,"Mục 1, Trang 70",Thuật toán là gì?,Nhận biết (Nêu được khái niệm thuật toán),"Thuật toán là một dãy các chỉ dẫn rõ ràng, có trình tự sao cho khi thực hiện những chỉ dẫn này người ta giải quyết được vấn đề hoặc nhiệm vụ đã cho.","HS: Thầy ơi, ""thuật toán"" nghe khó hiểu quá, nó là cái gì ạ?
AI: Chào em! Đừng lo, hãy nghĩ về việc gấp một con chim giấy. Để gấp được, em có cần làm theo các bước từ 1 đến 10 không?
HS: Dạ có, phải làm đúng thứ tự mới ra con chim ạ.
AI: Chính xác! Vậy tập hợp các bước có trình tự để hoàn thành việc đó chính là một thuật toán. Em hãy thử nhìn vào khung kiến thức trang 71 và nêu lại định nghĩa xem nào?
HS: À, vậy thuật toán là dãy các chỉ dẫn rõ ràng, có trình tự để giải quyết một nhiệm vụ ạ!
AI: Tuyệt vời! Em đã nắm được bản chất rồi đấy."
HNMU-G6-R0199-STT2,shared/raw_data/HNMU-teacher_dialog_samples/Lớp 6.xlsx,199,6,Lớp 6,2,Bài 15: Thuật toán,"Mục 1, Trang 70",Đầu vào (Input) của thuật toán là gì?,Nhận biết (Nêu được khái niệm đầu vào),Đầu vào là các dữ liệu ban đầu đã có khi bắt đầu thực hiện thuật toán.,"HS: Trong thuật toán, ""đầu vào"" nghĩa là sao hả thầy?
AI: Hãy nhớ lại trò chơi ""Đông - Tây - Nam - Bắc"" ở trang 76. Để bắt đầu chơi, em cần có cái gì trước nhất?
HS: Dạ, cần một tờ giấy hình vuông ạ.
AI: Đúng rồi! Cái ""tờ giấy"" em có sẵn đó chính là dữ liệu ban đầu. Vậy theo em, dữ liệu có sẵn khi bắt đầu được gọi là gì?
HS: Dạ, đó chính là Đầu vào ạ!
AI: Rất chuẩn!"
HNMU-G6-R0200-STT3,shared/raw_data/HNMU-teacher_dialog_samples/Lớp 6.xlsx,200,6,Lớp 6,3,Bài 15: Thuật toán,"Mục 2, Trang 71",Hình thoi trong sơ đồ khối dùng để làm gì?,Nhận biết (Nhận diện được ý nghĩa ký hiệu),Hình thoi dùng để mô tả các điều kiện (kiểm tra logic).,"HS: Em thấy trong sơ đồ khối có hình chữ nhật, hình thoi. Hình thoi để làm gì ạ?
AI: Khi em đi đến ngã tư, em phải tự hỏi: ""Đèn xanh hay đèn đỏ?"". Đó là một bước kiểm tra điều kiện. Theo em, trong sơ đồ khối, hình nào đại diện cho việc ""kiểm tra"" này?
HS: Em đoán là hình thoi ạ.
AI: Chính xác! Hình thoi giúp máy tính đưa ra lựa chọn ""Đúng"" hoặc ""Sai"". Vậy công dụng của nó là gì nhỉ?
HS: Là dùng để mô tả các điều kiện ạ.
AI: Giỏi lắm!"
HNMU-G6-R0201-STT4,shared/raw_data/HNMU-teacher_dialog_samples/Lớp 6.xlsx,201,6,Lớp 6,4,Bài 15: Thuật toán,"Mục 2, Trang 71",Có những cách nào để mô tả thuật toán?,Nhận biết (Kể lại được các cách mô tả),Có hai cách chính: Liệt kê các bước bằng ngôn ngữ tự nhiên và dùng sơ đồ khối.,"HS: Làm sao để em ""kể"" thuật toán cho người khác hiểu ạ?
AI: Em có thể viết các bước 1, 2, 3 bằng tiếng Việt, hoặc em có thể vẽ các hình (thoi, chữ nhật) nối với nhau. Cách vẽ hình đó gọi là gì em nhỉ?
HS: Dạ là sơ đồ khối ạ!
AI: Đúng rồi. Vậy tổng cộng em có mấy cách để mô tả thuật toán?
HS: Dạ có 2 cách: dùng ngôn ngữ tự nhiên và sơ đồ khối ạ.
AI: Xuất sắc!"
HNMU-G6-R0202-STT5,shared/raw_data/HNMU-teacher_dialog_samples/Lớp 6.xlsx,202,6,Lớp 6,5,Bài 15: Thuật toán,"Hoạt động 2, Trang 71",Tại sao sơ đồ khối lại giúp người đọc dễ hiểu thuật toán hơn?,Thông hiểu (Giải thích được lợi ích),"Vì sơ đồ khối trình bày trực quan, giúp người xem nhìn thấy rõ ràng các bước và luồng xử lý thông tin.","HS: Tại sao mình phải vẽ hình cho mệt, viết chữ không phải nhanh hơn sao thầy?
AI: Nếu em nhìn vào một tấm bản đồ và một đoạn văn mô tả đường đi, cái nào giúp em hình dung nhanh hơn?
HS: Dạ tấm bản đồ ạ, vì nhìn phát thấy ngay.
AI: Sơ đồ khối cũng giống như tấm bản đồ cho thuật toán vậy. Nó giúp người đọc điều gì so với chỉ đọc chữ?
HS: Dạ, giúp mình thấy trực quan và rõ ràng luồng công việc hơn. Em hiểu rồi ạ!
AI: Rất tốt, sự trực quan là ưu điểm lớn nhất đấy."
HNMU-G6-R0203-STT6,shared/raw_data/HNMU-teacher_dialog_samples/Lớp 6.xlsx,203,6,Lớp 6,6,Bài 15: Thuật toán,"Mục 2, Trang 71",Mô tả chức năng của hình chữ nhật trong sơ đồ khối?,Thông hiểu (Mô tả được chức năng bộ phận),Hình chữ nhật dùng để mô tả các bước xử lý hoặc thực hiện một lệnh/công việc cụ thể.,"HS: Thầy ơi, hình chữ nhật và hình thoi khác nhau thế nào trong sơ đồ ạ?
AI: Hình thoi để hỏi ""Có/Không"". Còn nếu em bảo máy tính ""Hãy cộng 1 điểm"" - tức là thực hiện một hành động, em sẽ vẽ hình gì?
HS: Dạ vẽ hình chữ nhật ạ.
AI: Đúng rồi! Vậy chức năng của hình chữ nhật dùng để chỉ cái gì?
HS: Dùng để chỉ các bước thực hiện công việc cụ thể ạ.
AI: Chính xác! Em đã phân biệt được hai loại hình cơ bản rồi."
HNMU-G6-R0204-STT7,shared/raw_data/HNMU-teacher_dialog_samples/Lớp 6.xlsx,204,6,Lớp 6,7,Bài 15: Thuật toán,"Câu hỏi 2, Trang 73",Phân biệt ngôn ngữ tự nhiên và sơ đồ khối trong mô tả thuật toán?,Thông hiểu (Phân biệt được đặc điểm),"Ngôn ngữ tự nhiên dùng từ ngữ đời thường (dễ bị dài dòng), sơ đồ khối dùng hình học (trực quan, ngắn gọn).","HS: Em nên dùng cách nào để mô tả thuật toán cho hiệu quả ạ?
AI: Nếu em muốn mô tả cho một người bạn ""không chuyên"", em dùng tiếng Việt (ngôn ngữ tự nhiên) có dễ không?
HS: Dạ dễ ạ. Nhưng nếu thuật toán phức tạp, nhiều nhánh thì sao thầy?
AI: Khi đó, việc dùng hình vẽ (sơ đồ khối) sẽ giúp em không bị nhầm lẫn. Vậy điểm khác biệt chính về ""hình thức"" của hai cách này là gì?
HS: Một bên dùng chữ viết, một bên dùng hình vẽ trực quan ạ. Tùy trường hợp mà mình chọn cách phù hợp!
AI: Rất sắc sảo!"
HNMU-G6-R0205-STT8,shared/raw_data/HNMU-teacher_dialog_samples/Lớp 6.xlsx,205,6,Lớp 6,8,Bài 15: Thuật toán,"Hoạt động 1, Trang 70",Giải thích mối quan hệ giữa Đầu vào và Đầu ra thông qua các bước thuật toán?,Thông hiểu (Giải thích mối quan hệ),Thuật toán là quá trình biến đổi Đầu vào (dữ liệu ban đầu) thành Đầu ra (kết quả mong muốn) thông qua các chỉ dẫn có trình tự.,"HS: Thầy giúp em hiểu mối liên hệ giữa vào và ra với ạ.
AI: Hãy tưởng tượng một chiếc máy xay sinh tố. Hoa quả là ""Đầu vào"", vậy ""Đầu ra"" là gì?
HS: Dạ là ly sinh tố ạ!
AI: Đúng. Vậy hành động ""bật máy xay"" và ""chờ 1 phút"" đóng vai trò gì?
HS: Đó là các bước thực hiện để biến hoa quả thành sinh tố ạ.
AI: Tuyệt vời! Vậy thuật toán chính là cái ""quá trình"" biến cái có sẵn thành cái em cần. Em thấy đúng không?
HS: Dạ đúng ạ, em đã hiểu mối liên hệ rồi!"
HNMU-G6-R0206-STT9,shared/raw_data/HNMU-teacher_dialog_samples/Lớp 6.xlsx,206,6,Lớp 6,9,Bài 15: Thuật toán,"Mục 1, Trang 71",Nêu ví dụ về một chỉ dẫn không rõ ràng có thể làm thuật toán thất bại?,Thông hiểu (Nêu ví dụ minh họa),"Ví dụ: ""Hãy nêm gia vị vừa đủ"" (mỗi người hiểu ""vừa đủ"" khác nhau) thay vì ""Nêm 1 thìa muối"".","HS: Tại sao thuật toán phải ""rõ ràng"" ạ, ghi chung chung không được sao thầy?
AI: Nếu mẹ bảo em: ""Lấy cho mẹ cái bát"", mà trong bếp có 10 cái bát khác nhau, em có biết lấy cái nào không?
HS: Dạ không, em sẽ phải hỏi lại ạ.
AI: Đó là vì chỉ dẫn ""chung chung"". Máy tính thì không biết hỏi lại như em, nó sẽ bị lỗi. Vậy em thử cho một ví dụ khác về sự không rõ ràng xem?
HS: À, như là bảo ""Hãy chạy nhanh lên"" mà không nói chạy bao nhiêu km/h đúng không thầy?
AI: Quá chuẩn! Chỉ dẫn thuật toán phải cực kỳ cụ thể để máy hiểu đúng."
HNMU-G6-R0207-STT10,shared/raw_data/HNMU-teacher_dialog_samples/Lớp 6.xlsx,207,6,Lớp 6,10,Bài 15: Thuật toán,"Luyện tập 2, Trang 73",Nhận xét về kết quả của thuật toán nếu chúng ta thay đổi thứ tự các bước thực hiện?,Thông hiểu (Đưa ra nhận xét),Kết quả sẽ sai lệch hoặc không thể hoàn thành vì thuật toán yêu cầu tính trình tự chặt chẽ.,"HS: Em đổi bước 2 lên trước bước 1 thì có sao không thầy?
AI: Hãy nghĩ về việc đánh răng: Bước 1 lấy kem, Bước 2 chải răng. Nếu em thực hiện Bước 2 trước thì sao?
HS: Ha ha, em sẽ chải cái bàn chải không có kem ạ.
AI: Đúng thế! Vậy em có nhận xét gì về ""thứ tự"" các bước trong thuật toán?
HS: Dạ, thứ tự rất quan trọng, nếu sai thứ tự thì thuật toán không còn đúng nữa ạ.
AI: Chính xác, em đã hiểu tầm quan trọng của tính trình tự rồi."
HNMU-G6-R0208-STT11,shared/raw_data/HNMU-teacher_dialog_samples/Lớp 6.xlsx,208,6,Lớp 6,11,Bài 15: Thuật toán,"Luyện tập 1.a, Trang 73",Xác định Đầu vào và Đầu ra của thuật toán tính trung bình cộng hai số a và b?,Vận dụng (Xác định các thành phần),"Đầu vào: Hai số a, b. Đầu ra: Giá trị trung bình cộng của a và b.","HS: Đề bài yêu cầu tìm vào/ra cho bài toán tính trung bình cộng, em làm thế nào ạ?
AI: Để tính được trung bình cộng, em cần được người ta cho biết những con số nào trước?
HS: Dạ cần hai số a và b ạ.
AI: Tốt, đó là Đầu vào. Vậy sau khi tính toán xong, mục tiêu cuối cùng em muốn biết là con số gì?
HS: Là kết quả trung bình cộng của chúng ạ! Vậy đó là Đầu ra đúng không thầy?
AI: Rất giỏi! Em đã xác định đúng các thành phần rồi."
HNMU-G6-R0209-STT12,shared/raw_data/HNMU-teacher_dialog_samples/Lớp 6.xlsx,209,6,Lớp 6,12,Bài 15: Thuật toán,"Hoạt động 2, Trang 71",Hãy viết các bước mô tả thuật toán pha trà mời khách bằng ngôn ngữ tự nhiên?,Vận dụng (Viết được thuật toán),"B1: Cho trà vào ấm; B2: Đun nước sôi; B3: Rót nước vào ấm, đợi trà ngấm; B4: Rót trà ra chén mời khách.","HS: Em muốn viết thuật toán pha trà nhưng sợ thiếu bước ạ.
AI: Đừng lo! Hãy tưởng tượng em đang ở trong bếp. Việc đầu tiên là chuẩn bị gì nhỉ?
HS: Dạ cho trà vào ấm và đun nước ạ.
AI: Tốt, đó là các bước đầu tiên. Sau khi nước sôi, em làm gì để trà có thể uống được?
HS: Em rót nước vào ấm rồi đợi trà ngấm ạ.
AI: Đúng rồi! Cuối cùng em làm gì để hoàn thành nhiệm vụ ""mời khách""?
HS: Em rót trà ra chén ạ. Em viết xong rồi, cảm ơn thầy!
AI: Giỏi lắm, các bước của em rất logic."
HNMU-G6-R0210-STT13,shared/raw_data/HNMU-teacher_dialog_samples/Lớp 6.xlsx,210,6,Lớp 6,13,Bài 15: Thuật toán,"Vận dụng 1, Trang 73",Mô tả thuật toán tìm số lớn nhất trong hai số a và b bằng cách sử dụng sơ đồ khối?,Vận dụng (Tạo được sơ đồ khối),"Bắt đầu -> Nhập a, b -> Kiểm tra a > b? -> Đúng: Xuất a; Sai: Xuất b -> Kết thúc.","HS: Em không biết vẽ sơ đồ so sánh a và b như thế nào ạ.
AI: Đầu tiên em vẽ khối Elip ""Bắt đầu"". Tiếp theo, để so sánh a có lớn hơn b không, em dùng hình gì?
HS: Dạ dùng hình thoi ạ.
AI: Đúng! Từ hình thoi sẽ có 2 nhánh. Nếu a > b là ""Đúng"", thì số nào lớn nhất?
HS: Dạ là số a! Em sẽ vẽ nhánh Đúng dẫn đến thông báo a.
AI: Rất tốt! Vậy nhánh ""Sai"" em sẽ thông báo số nào? Đừng quên kết thúc sơ đồ nhé.
HS: Nhánh Sai là b ạ. Em hiểu rồi, để em vẽ hoàn chỉnh!
AI: Tuyệt vời, em đã tự lực vẽ được sơ đồ rồi."
HNMU-G6-R0211-STT14,shared/raw_data/HNMU-teacher_dialog_samples/Lớp 6.xlsx,211,6,Lớp 6,14,Bài 15: Thuật toán,"Luyện tập 2, Trang 73",Thực hiện mô phỏng thuật toán tính tổng S = 1 + 2 + 3 với các bước chỉ dẫn cụ thể?,Vận dụng (Thực hiện thuật toán),B1: S = 0; B2: S = S + 1; B3: S = S + 2; B4: S = S + 3; B5: Thông báo kết quả S = 6.,"HS: Tính tổng 1+2+3 bằng thuật toán thì viết thế nào cho ""kiểu máy tính"" ạ?
AI: Hãy tưởng tượng em có một cái túi trống (S=0). Bước 1, em bỏ 1 viên bi vào túi. S lúc này bằng mấy?
HS: Dạ S = 1 ạ.
AI: Tốt! Bước 2, em bỏ thêm 2 viên nữa vào túi đang có sẵn 1 viên. S thành mấy?
HS: S = 1 + 2 = 3 ạ. À, em hiểu rồi! Bước 3 em cộng tiếp 3 vào S nữa.
AI: Chính xác! Cuối cùng em chỉ việc nói ra kết quả trong túi. Em thử tóm tắt lại các bước xem?
HS: Dạ: S=0 -> S=S+1 -> S=S+2 -> S=S+3 -> Xuất S. Kết quả là 6 ạ!
AI: Quá giỏi! Em đã có tư duy thuật toán rất chuẩn rồi."
HNMU-G6-R0212-STT1,shared/raw_data/HNMU-teacher_dialog_samples/Lớp 6.xlsx,212,6,Lớp 6,1,Bài 16: Các cấu trúc điều khiển,"Mục tiêu, Trang 74",Ba cấu trúc điều khiển cơ bản trong thuật toán là gì?,Nhận biết (Biết được tên các cấu trúc),"Ba cấu trúc điều khiển cơ bản gồm: tuần tự, rẽ nhánh và lặp,.","HS: Thầy ơi, em thấy bài này nhắc đến nhiều cấu trúc quá, em không nhớ hết tên ạ.
AI: Chào em! Hãy nhìn vào khung ""Sau bài học này em sẽ"" ở đầu trang 74 nhé. Em thấy có mấy dấu đầu dòng liệt kê tên các cấu trúc nhỉ?
HS: Dạ em thấy rồi: tuần tự, rẽ nhánh và lặp ạ.
AI: Chính xác! Đó là 3 ""viên gạch"" cơ bản để xây dựng mọi thuật toán đấy."
HNMU-G6-R0213-STT2,shared/raw_data/HNMU-teacher_dialog_samples/Lớp 6.xlsx,213,6,Lớp 6,2,Bài 16: Các cấu trúc điều khiển,"Mục 1.b, Trang 75",Hình thoi trong sơ đồ khối cấu trúc rẽ nhánh dùng để làm gì?,Nhận biết (Nhận diện được ý nghĩa ký hiệu),Hình thoi được dùng để mô tả điều kiện kiểm tra logic.,"HS: Trong sơ đồ khối ở Hình 6.7, tại sao người ta lại vẽ cái hình thoi hả thầy?
AI: Hãy nhớ lại trò chơi ""Đúng hay Sai"" ở trang 74. Khi bạn thứ hai nhận câu hỏi, bạn ấy phải làm gì trước khi gật đầu hoặc lắc đầu?
HS: Bạn ấy phải kiểm tra xem câu đó đúng hay sai ạ.
AI: Đúng rồi! Và để máy tính biết chỗ nào cần ""kiểm tra"" như thế, ta dùng hình thoi. Vậy hình thoi dùng để làm gì?
HS: Dạ, dùng để mô tả điều kiện kiểm tra ạ!
AI: Tuyệt vời!"
HNMU-G6-R0214-STT3,shared/raw_data/HNMU-teacher_dialog_samples/Lớp 6.xlsx,214,6,Lớp 6,3,Bài 16: Các cấu trúc điều khiển,"Mục 1.a, Trang 74",Thế nào là cấu trúc tuần tự?,Nhận biết (Nêu được khái niệm),Cấu trúc tuần tự là cấu trúc mà các bước được thực hiện lần lượt từng bước một từ bắt đầu đến kết thúc.,"HS: Cấu trúc tuần tự là làm các việc cùng lúc hay thế nào ạ?
AI: Em hãy nhìn vào Hình 6.6 trang 74. Các mũi tên chỉ từ Lệnh 1 sang Lệnh 2 rồi đến Lệnh 3 theo một đường thẳng hay rẽ hướng khác?
HS: Dạ theo một đường thẳng từ trên xuống dưới ạ.
AI: Đúng vậy, việc thực hiện lần lượt như thế gọi là ""tuần tự"". Em thử nêu lại định nghĩa xem nào?
HS: Dạ, cấu trúc tuần tự là thực hiện lần lượt từng bước từ đầu đến cuối ạ.
AI: Rất chuẩn xác!"
HNMU-G6-R0215-STT4,shared/raw_data/HNMU-teacher_dialog_samples/Lớp 6.xlsx,215,6,Lớp 6,4,Bài 16: Các cấu trúc điều khiển,"Mục 2, Trang 77",Cấu trúc lặp dùng để làm gì?,Nhận biết (Nêu được công dụng),Cấu trúc lặp dùng để thực hiện một hoặc nhiều công việc được lặp lại nhiều lần cho đến khi thỏa mãn điều kiện dừng.,"HS: Tại sao mình cần cấu trúc lặp hả thầy?
AI: Nếu em phải ném bóng 10 lần vào rổ, em sẽ viết 10 lần lệnh ""Ném bóng"" hay có cách nào gọn hơn?
HS: Em sẽ bảo là ""Lặp lại việc ném bóng 10 lần"" ạ.
AI: Chính xác! Vậy cấu trúc lặp giúp chúng ta làm gì với những công việc giống nhau?
HS: Dạ giúp thực hiện lặp lại công việc đó nhiều lần ạ.
AI: Giỏi lắm, em đã nắm được ý chính rồi đấy."
HNMU-G6-R0216-STT5,shared/raw_data/HNMU-teacher_dialog_samples/Lớp 6.xlsx,216,6,Lớp 6,5,Bài 16: Các cấu trúc điều khiển,"Mục 1.b, Trang 75",Phân biệt cấu trúc rẽ nhánh dạng thiếu và dạng đủ?,Thông hiểu (Phân biệt được đặc điểm),Dạng thiếu chỉ thực hiện lệnh nếu điều kiện Đúng; dạng đủ thực hiện Lệnh 1 nếu Đúng và Lệnh 2 nếu Sai.,"HS: Em thấy hai cái sơ đồ rẽ nhánh ở trang 75 cứ na ná nhau ấy thầy.
AI: Hãy nhìn kỹ nhánh ""Sai"" của cả hai hình. Ở sơ đồ ""Dạng thiếu"", nếu điều kiện Sai thì có việc gì được thực hiện không?
HS: Dạ không, nó đi thẳng tới bước tiếp theo luôn ạ.
AI: Đúng! Còn ở ""Dạng đủ"", nếu Sai thì nó dẫn đến cái gì?
HS: Dạ nó dẫn đến một ""Lệnh 2"" khác ạ. À, em hiểu rồi! Một bên chỉ làm khi Đúng, một bên thì Đúng hay Sai đều có việc để làm!
AI: Một cách giải thích rất thông minh!"
HNMU-G6-R0217-STT6,shared/raw_data/HNMU-teacher_dialog_samples/Lớp 6.xlsx,217,6,Lớp 6,6,Bài 16: Các cấu trúc điều khiển,"Câu hỏi 1, Trang 75",Giải thích tại sao việc đánh răng lại được thực hiện theo cấu trúc tuần tự?,Thông hiểu (Giải thích ví dụ minh họa),"Vì các bước (lấy kem, chải răng, súc miệng) phải thực hiện lần lượt theo đúng thứ tự, không thể đảo lộn hay bỏ bước.","HS: Thầy ơi, sao đánh răng lại gọi là cấu trúc tuần tự ạ?
AI: Nếu em súc miệng trước khi chải răng và lấy kem sau cùng thì có sạch răng được không?
HS: Ha ha, không ạ, lúc đó kem vẫn còn trong tuýp.
AI: Đúng thế! Vậy các bước này có bắt buộc phải làm lần lượt từ bước 1 đến bước 3 không?
HS: Dạ có ạ. À, vì phải làm đúng thứ tự đó nên nó là cấu trúc tuần tự đúng không thầy?
AI: Chính xác, em đã liên hệ thực tế rất tốt!"
HNMU-G6-R0218-STT7,shared/raw_data/HNMU-teacher_dialog_samples/Lớp 6.xlsx,218,6,Lớp 6,7,Bài 16: Các cấu trúc điều khiển,"Hoạt động 1, Trang 74","Trong trò chơi ""Đúng hay Sai"", điều kiện để cặp chơi được cộng một điểm là gì?",Thông hiểu (Phân tích điều kiện logic),"Điều kiện là: Bạn thứ hai trả lời đúng câu khẳng định của bạn thứ nhất,.","HS: Em chưa hiểu luật cộng điểm của trò chơi ở đầu bài ạ.
AI: Hãy đọc kỹ phần Kết quả (mục 3) trang 74. Khi nào thì trọng tài ghi 1 điểm cho cặp chơi?
HS: Khi mỗi câu trả lời đúng ạ.
AI: Đúng rồi! Vậy ""trả lời đúng"" chính là cái gì để máy tính (hoặc trọng tài) đưa ra quyết định cộng điểm?
HS: Là điều kiện để rẽ nhánh đúng không thầy? Nếu đúng thì cộng điểm, sai thì không.
AI: Quá tuyệt vời! Em đã nhìn ra cấu trúc rẽ nhánh trong trò chơi rồi."
HNMU-G6-R0219-STT8,shared/raw_data/HNMU-teacher_dialog_samples/Lớp 6.xlsx,219,6,Lớp 6,8,Bài 16: Các cấu trúc điều khiển,"Mục 1.b, Trang 75",Tại sao sơ đồ khối lại cần có các mũi tên nối giữa các hình?,Thông hiểu (Mô tả chức năng bộ phận),Mũi tên giúp chỉ ra trình tự thực hiện các bước và luồng di chuyển của dữ liệu/điều kiện.,"HS: Nếu em vẽ các hình thoi, hình chữ nhật mà không vẽ mũi tên thì có sao không ạ?
AI: Hãy tưởng tượng em đứng giữa một ngã tư mà không có biển chỉ dẫn hay vạch kẻ đường, em có biết phải đi hướng nào không?
HS: Dạ không, em sẽ bị lạc mất.
AI: Sơ đồ khối cũng vậy. Các mũi tên chính là ""người dẫn đường"". Nó cho máy tính biết điều gì sau khi kiểm tra điều kiện xong?
HS: Dạ cho biết bước tiếp theo phải làm gì ạ. Em hiểu rồi, mũi tên là để chỉ trình tự thực hiện!
AI: Rất chuẩn xác!"
HNMU-G6-R0220-STT9,shared/raw_data/HNMU-teacher_dialog_samples/Lớp 6.xlsx,220,6,Lớp 6,9,Bài 16: Các cấu trúc điều khiển,"Luyện tập 3, Trang 77",Interpret Hình 6.11a và 6.11b: Sơ đồ nào chứa cấu trúc lặp? Giải thích?,Thông hiểu (Đọc hiểu và giải thích),"Hình 6.11a là cấu trúc lặp vì có mũi tên quay ngược lại bước kiểm tra điều kiện nếu chưa trúng đích,.","HS: Thầy giúp em phân biệt Hình 6.11a và 6.11b với ạ.
AI: Em hãy nhìn vào mũi tên ở nhánh ""Sai"" của cả hai hình. Ở hình nào thì mũi tên quay ngược lên phía trên để làm lại bước kiểm tra?
HS: Dạ là hình 6.11a ạ! Còn hình 6.11b thì nó đi thẳng xuống dưới.
AI: Đúng rồi! Việc quay ngược lại để ""kiểm tra lại"" và ""làm lại"" chính là biểu hiện của cấu trúc nào chúng ta vừa học?
HS: Là cấu trúc lặp ạ! Em hiểu rồi, còn 6.11b chỉ là rẽ nhánh thôi.
AI: Xuất sắc! Em quan sát rất kỹ."
HNMU-G6-R0221-STT10,shared/raw_data/HNMU-teacher_dialog_samples/Lớp 6.xlsx,221,6,Lớp 6,10,Bài 16: Các cấu trúc điều khiển,"Mục 1.a, Trang 74",Điều gì xảy ra nếu một thuật toán tuần tự bị thay đổi thứ tự các bước?,Thông hiểu (Nhận xét về tính logic),Thuật toán sẽ cho kết quả sai hoặc không thể thực hiện được do tính trình tự bị phá vỡ.,"HS: Nếu em đổi bước ""Cho sách vào cặp"" lên trước bước ""Xem thời khóa biểu"" thì thuật toán có chạy được không thầy?
AI: Em hãy thử tưởng tượng hành động đó xem. Em có biết cần lấy sách môn gì để cho vào cặp không nếu chưa xem thời khóa biểu?
HS: Dạ không, em sẽ lấy nhầm hoặc lấy đại ạ.
AI: Đúng thế! Vậy em có nhận xét gì về tầm quan trọng của ""thứ tự"" trong cấu trúc tuần tự?
HS: Thứ tự rất quan trọng, nếu sai thứ tự thì kết quả sẽ không đúng mục tiêu ban đầu ạ.
AI: Một nhận xét rất sâu sắc!"
HNMU-G6-R0222-STT11,shared/raw_data/HNMU-teacher_dialog_samples/Lớp 6.xlsx,222,6,Lớp 6,11,Bài 16: Các cấu trúc điều khiển,"Vận dụng 2, Trang 75","Hãy mô tả câu ""Nếu trời mưa thì em không đi đá bóng"" bằng sơ đồ khối.",Vận dụng (Tạo được sơ đồ khối),"Sơ đồ gồm: Hình thoi (Trời mưa?) -> Nhánh Đúng dẫn đến Hình chữ nhật (Em không đi đá bóng); Nhánh Sai đi thẳng xuống Kết thúc,.","HS: Thầy AI ơi, em định vẽ sơ đồ cho câu ""Nếu trời mưa..."" nhưng đang mắc kẹt ở chỗ vẽ hình thoi.
AI: Đừng lo! Trong câu đó, đâu là sự việc cần được kiểm tra để đưa ra quyết định?
HS: Dạ là việc ""Trời mưa"" ạ.
AI: Đúng! Vậy em hãy viết chữ ""Trời mưa?"" vào trong hình thoi nhé. Nếu điều đó là Đúng, hành động tiếp theo của em là gì?
HS: Dạ là ""Không đi đá bóng"" ạ. Em sẽ vẽ hình chữ nhật cho hành động này ở nhánh Đúng đúng không thầy?
AI: Chính xác! Còn nhánh Sai em cứ vẽ một đường đi thẳng xuống điểm Kết thúc là xong.
HS: Dạ, em hiểu rồi, để em vẽ hoàn chỉnh ạ!"
HNMU-G6-R0223-STT12,shared/raw_data/HNMU-teacher_dialog_samples/Lớp 6.xlsx,223,6,Lớp 6,12,Bài 16: Các cấu trúc điều khiển,"Luyện tập 1, Trang 77","Vẽ sơ đồ khối mô tả cấu trúc rẽ nhánh cho tình huống: ""Nếu có tin nhắn từ người lạ yêu cầu gửi thông tin cá nhân thì em không nên gửi"".",Vận dụng (Vận dụng vào tình huống an toàn số),Hình thoi (Tin nhắn người lạ yêu cầu TT cá nhân?) -> Đúng: Hình chữ nhật (Không gửi) -> Kết thúc.,"HS: Em muốn vẽ sơ đồ cho bài luyện tập 1c trang 77. Điều kiện ở đây là gì hả thầy?
AI: Em hãy đọc kỹ câu 1c. Sự việc nào xảy ra thì em mới cần quyết định ""không gửi""?
HS: Dạ là khi có ""tin nhắn từ người lạ hỏi thông tin cá nhân"" ạ.
AI: Rất tốt! Đó chính là nội dung để em đặt vào hình thoi. Đây là rẽ nhánh dạng thiếu hay đủ nhỉ?
HS: Dạ là dạng thiếu vì chỉ nói nếu có thì làm gì, còn không có thì thôi ạ.
AI: Chuẩn luôn! Em hãy tự tin vẽ sơ đồ để hoàn thành bài tập này nhé.
HS: Vâng ạ, em làm được rồi, cảm ơn thầy!"
HNMU-G6-R0224-STT13,shared/raw_data/HNMU-teacher_dialog_samples/Lớp 6.xlsx,224,6,Lớp 6,13,Bài 16: Các cấu trúc điều khiển,"Vận dụng 3, Trang 77",Mô tả thuật toán điểm danh của cô giáo bằng sơ đồ khối sử dụng cấu trúc phù hợp.,Vận dụng (Lựa chọn và mô tả cấu trúc phức hợp),"Sử dụng cấu trúc lặp để gọi tên từng bạn; bên trong lặp có cấu trúc rẽ nhánh: Nếu bạn trả lời -> Gọi tên tiếp theo; Nếu không -> Đánh dấu vắng,.","HS: Bài tập điểm danh này khó quá thầy ơi, em không biết dùng cấu trúc nào.
AI: Bình tĩnh nào. Việc cô giáo gọi tên từng bạn từ đầu danh sách đến cuối danh sách là hành động diễn ra một lần hay lặp đi lặp lại cho mỗi học sinh?
HS: Dạ là lặp lại cho tất cả các bạn ạ.
AI: Đúng! Vậy ta cần cấu trúc Lặp. Thế còn việc cô giáo phải chờ bạn đó trả lời rồi mới quyết định đánh dấu vắng hay gọi tiếp là cấu trúc gì?
HS: À, đó là rẽ nhánh ạ! Nếu bạn trả lời thì thôi, không trả lời thì đánh dấu vắng.
AI: Tuyệt vời! Em hãy kết hợp hình thoi (kiểm tra trả lời) vào bên trong vòng lặp gọi tên nhé.
HS: Em hiểu logic rồi, để em thử vẽ sơ đồ lồng nhau này xem sao!"
HNMU-G6-R0225-STT14,shared/raw_data/HNMU-teacher_dialog_samples/Lớp 6.xlsx,225,6,Lớp 6,14,Bài 16: Các cấu trúc điều khiển,"Vận dụng 1, Trang 77",Sửa nhận xét của bạn An về Hình 6.12a và 6.12b cho đúng.,Vận dụng (Phân tích và sửa lỗi sơ đồ),"Hình 6.12a: Rẽ nhánh (đọc lại 1 lần nếu chưa hiểu); Hình 6.12b: Lặp (đọc lại nhiều lần cho đến khi hiểu bài thì thôi),.","HS: Bạn An nói Hình 6.12b là đọc sách nhiều lần, em thấy cũng đúng mà thầy?
AI: Hãy nhìn kỹ Hình 6.12b. Sau khi ""Đọc lại sách"", mũi tên quay về đâu?
HS: Dạ quay về chỗ ""Chưa hiểu bài?"" để kiểm tra tiếp ạ.
AI: Đúng! Vậy nếu vẫn chưa hiểu, hành động ""Đọc lại"" có tiếp tục diễn ra không?
HS: Dạ có, nó sẽ lặp lại cho đến khi nào hiểu (nhánh Đúng) thì mới thoát ra ạ.
AI: Chính xác! Vậy An nói Hình 6.12b chỉ thực hiện một lần là Đúng hay Sai?
HS: Dạ Sai ạ, phải là cấu trúc lặp thực hiện nhiều lần. Em sẽ sửa lại nhận xét của An là 6.12b mới là lặp còn 6.12a là rẽ nhánh!
AI: Rất giỏi! Em đã hoàn toàn làm chủ được kiến thức bài học rồi."
HNMU-G6-R0226-STT1,shared/raw_data/HNMU-teacher_dialog_samples/Lớp 6.xlsx,226,6,Lớp 6,1,Bài 17: Chương trình máy tính,"Mục 1, Trang 78",Chương trình máy tính là gì?,Nhận biết (Nêu được khái niệm),"Chương trình là tập hợp các lệnh viết bằng ngôn ngữ lập trình, chỉ dẫn các bước của thuật toán để máy tính thực hiện công việc.","HS: Thầy AI ơi, em không nhớ rõ định nghĩa chương trình máy tính là gì.
AI: Chào em! Hãy nhớ lại trò chơi ""Làm theo chỉ dẫn"" ở trang 78 nhé. Nếu thuật toán là các bước giải quyết vấn đề, thì thứ dùng để ""nói"" cho máy tính biết phải thực hiện các bước đó gọi là gì nhỉ?
HS: Là các lệnh đúng không thầy?
AI: Đúng rồi! Và tập hợp các lệnh đó được viết bằng một loại ngôn ngữ đặc biệt để máy tính ""hiểu"" và ""thực hiện"". Em đoán xem đó là ngôn ngữ gì?
HS: Dạ là ngôn ngữ lập trình. Vậy chương trình là tập hợp các lệnh viết bằng ngôn ngữ lập trình để chỉ dẫn máy tính làm thuật toán ạ!
AI: Chính xác! Em đã nắm vững khái niệm rồi đấy."
HNMU-G6-R0227-STT2,shared/raw_data/HNMU-teacher_dialog_samples/Lớp 6.xlsx,227,6,Lớp 6,2,Bài 17: Chương trình máy tính,"Mục 1, Trang 78",Ngôn ngữ lập trình dùng để làm gì?,Nhận biết (Nêu được công dụng),Ngôn ngữ lập trình là ngôn ngữ được dùng để tạo ra chương trình chỉ dẫn cho máy tính thực hiện công việc.,"HS: Em chưa hiểu ngôn ngữ lập trình thực sự có ích lợi gì ạ.
AI: Em có thể dùng tiếng Việt để bảo máy tính ""Hãy vẽ hình tròn"" và nó thực hiện ngay được không?
HS: Dạ không, máy tính không hiểu tiếng Việt trực tiếp như thế.
AI: Đúng rồi! Vì vậy ta cần một loại ngôn ngữ đặc biệt làm ""cầu nối"". Theo em, ngôn ngữ này giúp ta tạo ra cái gì để máy tính làm theo?
HS: À, giúp tạo ra chương trình để chỉ dẫn cho máy tính ạ!
AI: Tuyệt vời, em đã hiểu đúng trọng tâm rồi đấy."
HNMU-G6-R0228-STT3,shared/raw_data/HNMU-teacher_dialog_samples/Lớp 6.xlsx,228,6,Lớp 6,3,Bài 17: Chương trình máy tính,"Mục 1, Trang 78",Chương trình máy tính thực chất là một bản mô tả của cái gì?,Nhận biết (Biết được bản chất),"Chương trình máy tính là một cách mô tả thuật toán để máy tính có thể ""hiểu"" và thực hiện được.","HS: Thuật toán và chương trình có giống nhau không thầy?
AI: Một câu hỏi rất hay! Thuật toán là các bước giải quyết vấn đề do con người nghĩ ra. Để máy tính làm được thuật toán đó, ta cần ""biên dịch"" nó sang ngôn ngữ máy. Vậy chương trình chính là bản mô tả của cái gì nhỉ?
HS: Là bản mô tả của thuật toán cho máy tính hiểu ạ?
AI: Rất chuẩn! Em đã thấy được mối liên hệ mật thiết giữa chúng rồi."
HNMU-G6-R0229-STT4,shared/raw_data/HNMU-teacher_dialog_samples/Lớp 6.xlsx,229,6,Lớp 6,4,Bài 17: Chương trình máy tính,"Mục 1, Trang 78",Máy tính thực hiện công việc dựa trên yếu tố nào trong chương trình?,Nhận biết (Nhận ra các lệnh),Máy tính thực hiện công việc bằng cách thực hiện lần lượt các lệnh trong chương trình.,"HS: Làm sao máy tính biết phải làm bước nào trước, bước nào sau hả thầy?
AI: Trong một chương trình có rất nhiều ""lời chỉ dẫn"" nhỏ. Máy tính sẽ đọc và thực hiện chúng theo trình tự từ trên xuống dưới. Mỗi lời chỉ dẫn đó được gọi là một ""lệnh"". Vậy máy tính làm việc dựa trên cái gì?
HS: Dạ, dựa trên các lệnh trong chương trình ạ.
AI: Chính xác! Nó cứ làm lần lượt từng lệnh một cho đến khi hoàn thành."
HNMU-G6-R0230-STT5,shared/raw_data/HNMU-teacher_dialog_samples/Lớp 6.xlsx,230,6,Lớp 6,5,Bài 17: Chương trình máy tính,"Mục 1, Trang 78",Tại sao máy tính cần có chương trình để hoạt động?,Thông hiểu (Giải thích sự cần thiết),"Vì máy tính là vật vô tri, nó không tự hiểu ngôn ngữ tự nhiên hay sơ đồ khối, nó cần chương trình để biết các bước thực hiện nhiệm vụ.","HS: Tại sao mình không bảo máy tính làm luôn mà phải viết chương trình phức tạp vậy ạ?
AI: Theo em, máy tính có ""bộ não"" thông minh tự nhiên có thể tự suy nghĩ như em không?
HS: Dạ không, nó chỉ là một cái máy thôi ạ.
AI: Đúng thế! Vậy nếu không có ai chỉ cho nó ""Bước 1 làm gì, Bước 2 làm gì"", nó có biết phải bắt đầu từ đâu không?
HS: Em hiểu rồi, nó cần chương trình làm ""bản chỉ dẫn"" để biết phải hành động thế nào. Nếu không nó chỉ là một khối vật chất không biết hành động.
AI: Cách giải thích của em rất sâu sắc và chính xác!"
HNMU-G6-R0231-STT6,shared/raw_data/HNMU-teacher_dialog_samples/Lớp 6.xlsx,231,6,Lớp 6,6,Bài 17: Chương trình máy tính,"Mục 1, Trang 78",Tại sao không dùng ngôn ngữ tự nhiên để điều khiển máy tính?,Thông hiểu (Giải thích đặc điểm),"Vì ngôn ngữ tự nhiên có tính đa nghĩa, máy tính chỉ có thể hiểu những chỉ dẫn rõ ràng, chính xác thông qua ngôn ngữ lập trình.","HS: Tại sao mình không viết lệnh bằng tiếng Việt cho máy tính dễ hiểu hơn ạ?
AI: Hãy thử ví dụ này: Câu ""Bác thợ mộc cưa chân bàn"" có thể hiểu theo những nghĩa nào?
HS: Có thể là bác ấy cưa cái chân của cái bàn, hoặc bác ấy đang kê chân lên bàn để cưa ạ.
AI: Đúng rồi, đó là tính ""đa nghĩa"". Máy tính có thể xử lý được sự mập mờ này không?
HS: Dạ chắc là không, máy cần sự chính xác tuyệt đối. À, vậy là mình cần ngôn ngữ lập trình để mọi thứ đều rõ ràng, duy nhất một nghĩa!
AI: Xuất sắc! Đó chính là lý do ngôn ngữ lập trình ra đời."
HNMU-G6-R0232-STT7,shared/raw_data/HNMU-teacher_dialog_samples/Lớp 6.xlsx,232,6,Lớp 6,7,Bài 17: Chương trình máy tính,"Mục 1, Trang 78",Sự khác biệt chính giữa thuật toán và chương trình là gì?,Thông hiểu (Phân biệt được),"Thuật toán dành cho con người hiểu (ngôn ngữ tự nhiên, sơ đồ khối), còn chương trình dành cho máy tính hiểu (ngôn ngữ lập trình).","HS: Em vẫn thấy thuật toán và chương trình cứ giống nhau thế nào ấy thầy.
AI: Đừng lo! Hãy nghĩ xem: Khi em vẽ một sơ đồ khối ra giấy, ai là người sẽ đọc và hiểu nó?
HS: Là em và các bạn trong lớp ạ.
AI: Đúng! Còn khi em kéo các khối lệnh trong Scratch, mục tiêu cuối cùng là để cho ai ""chạy"" những lệnh đó?
HS: Dạ là máy tính ạ! À, vậy thuật toán là cho người, còn chương trình là cho máy tính hiểu đúng không thầy?
AI: Tuyệt vời! Em đã tìm ra điểm khác biệt cốt lõi nhất rồi đấy."
HNMU-G6-R0233-STT8,shared/raw_data/HNMU-teacher_dialog_samples/Lớp 6.xlsx,233,6,Lớp 6,8,Bài 17: Chương trình máy tính,"Mục 1, Trang 78",Giải thích tại sao chương trình được coi là tập hợp các lệnh.,Thông hiểu (Giải thích khái niệm),"Vì để hoàn thành một nhiệm vụ (thuật toán), cần chia nhỏ thành nhiều bước thực hiện (lệnh) và tập hợp chúng lại theo trình tự.","HS: Thầy ơi, tại sao người ta lại dùng từ ""tập hợp"" lệnh mà không gọi là một lệnh duy nhất cho nhanh ạ?
AI: Để tính tổng hai số, em chỉ cần nói ""Hãy tính tổng"" là máy tính làm được ngay hay em phải dạy nó từng bước: Nhập a, Nhập b, rồi mới Cộng?
HS: Dạ phải qua từng bước nhập rồi mới cộng được ạ.
AI: Đúng rồi! Mỗi bước đó là một lệnh. Nếu thiếu lệnh ""Nhập b"", máy có tính được không?
HS: Dạ không ạ. À, vậy là phải gom tất cả các lệnh cần thiết lại thì máy mới hoàn thành được cả công việc!
AI: Rất giỏi! Sự phối hợp của nhiều lệnh tạo nên một chương trình hoàn chỉnh."
HNMU-G6-R0234-STT9,shared/raw_data/HNMU-teacher_dialog_samples/Lớp 6.xlsx,234,6,Lớp 6,9,Bài 17: Chương trình máy tính,"Mục 1, Trang 78",Tại sao sơ đồ khối không thể thay thế hoàn toàn chương trình máy tính?,Thông hiểu (Giải thích vai trò),"Vì sơ đồ khối chỉ là công cụ thiết kế tư duy của con người, máy tính không thể trực tiếp nhận diện và thực hiện các hình vẽ trên giấy.","HS: Em thấy sơ đồ khối cũng rõ ràng mà, sao máy không chạy luôn sơ đồ khối cho nhanh ạ?
AI: Em hãy thử đưa tờ giấy vẽ sơ đồ khối vào khe cắm USB của máy tính xem nó có phản ứng gì không?
HS: Ha ha, tất nhiên là không có gì xảy ra rồi thầy.
AI: Đúng vậy, máy tính chỉ nhận diện dữ liệu dạng dãy bit hoặc mã lập trình. Vậy sơ đồ khối giúp ích cho ai trong quá trình chúng ta làm việc với máy tính?
HS: Giúp con người mình không bị nhầm lẫn logic trước khi bắt tay vào viết mã cho máy ạ!
AI: Rất chuẩn xác! Sơ đồ khối là bản thiết kế, còn chương trình là sản phẩm thực thi."
HNMU-G6-R0235-STT10,shared/raw_data/HNMU-teacher_dialog_samples/Lớp 6.xlsx,235,6,Lớp 6,10,Bài 17: Chương trình máy tính,"Hình 6.13, Trang 79",Đọc hiểu chương trình Scratch tính tổng ở Hình 6.13.,Thông hiểu (Đọc hiểu chương trình),"Chương trình thực hiện: Nhập số a, nhập số b, tính tổng = a + b và thông báo kết quả.","HS: Nhìn vào Hình 6.13, em thấy các khối lệnh Scratch. Nó đang thực hiện việc gì vậy thầy?
AI: Em hãy nhìn vào các khối lệnh màu xanh dương ""hỏi"" và màu cam ""đặt"" nhé. Khối lệnh số 4 và 6 dùng để làm gì nhỉ?
HS: Dạ, để nhận giá trị số từ người dùng nhập vào ạ.
AI: Tốt! Vậy còn khối lệnh số 7 ""đặt tong thành a + b"" thực hiện phép toán nào?
HS: À, nó thực hiện phép cộng! Vậy chương trình này là để tính tổng của hai số ạ.
AI: Chính xác, em đã biết cách đọc và phân tích mã lệnh rồi đấy."
HNMU-G6-R0236-STT11,shared/raw_data/HNMU-teacher_dialog_samples/Lớp 6.xlsx,236,6,Lớp 6,11,Bài 17: Chương trình máy tính,"Hoạt động 1, Trang 79",Xác định đầu vào và đầu ra của chương trình tính tổng ở Hình 6.13.,Vận dụng (Xác định được các thành phần),Đầu vào: hai số a và b. Đầu ra: thông báo giá trị của tổng.,"HS: Thầy giúp em tìm đầu vào, đầu ra của chương trình ở Hình 6.13 với ạ.
AI: Em hãy nhìn vào bảng mô tả ở trang 91 nhé. Để tính được tổng, ta cần đưa cái gì vào máy tính lúc bắt đầu?
HS: Dạ, cần ""Nhập hai số a và b"" ạ.
AI: Đúng rồi, đó chính là Đầu vào. Vậy sau khi tính xong, máy tính sẽ hiển thị cái gì cho chúng ta xem?
HS: Thông báo giá trị của tổng ạ. À, vậy đó là Đầu ra đúng không thầy?
AI: Rất giỏi! Em đã biết cách xác định các thành phần của một quá trình xử lý rồi."
HNMU-G6-R0237-STT12,shared/raw_data/HNMU-teacher_dialog_samples/Lớp 6.xlsx,237,6,Lớp 6,12,Bài 17: Chương trình máy tính,"Luyện tập 2, Trang 81",Chương trình Scratch ở Hình 6.15 thực hiện thuật toán nào?,Vận dụng (Xác định thuật toán),"Thuật toán tính điểm trung bình cộng của ba môn Toán, Văn, Anh và đưa ra thông báo nhận xét kết quả học tập.","HS: Hình 6.15 có nhiều khối lệnh hơn, em chưa hiểu nó đang tính cái gì ạ.
AI: Bình tĩnh nào! Hãy nhìn vào khối lệnh ""đặt DTB thành (a+b+c)/3"". Đây là công thức tính gì trong toán học nhỉ?
HS: Dạ là tính trung bình cộng của 3 số ạ!
AI: Tốt! Còn khối lệnh ""nếu DTB > 8.0"" dùng để làm gì sau khi đã có điểm trung bình?
HS: Để đưa ra lời khen hoặc nhắc cố gắng ạ. Vậy đây là thuật toán tính điểm trung bình và nhận xét học sinh!
AI: Tuyệt vời! Em đã tự mình ""giải mã"" được một chương trình phức tạp rồi đấy."
HNMU-G6-R0238-STT13,shared/raw_data/HNMU-teacher_dialog_samples/Lớp 6.xlsx,238,6,Lớp 6,13,Bài 17: Chương trình máy tính,"Vận dụng 1, Trang 81",Vẽ sơ đồ khối thuật toán tìm số lớn hơn trong hai số a và b.,Vận dụng (Tạo được sơ đồ khối),"Sơ đồ gồm: Bắt đầu -> Nhập a, b -> Kiểm tra a > b? -> Đúng: Xuất a; Sai: Xuất b -> Kết thúc.","HS: Em không biết dùng hình học nào để vẽ sơ đồ so sánh hai số a và b.
AI: Để so sánh hay kiểm tra một điều kiện (như a có lớn hơn b không), em có nhớ Bài 16 hướng dẫn dùng hình gì không?
HS: Dạ dùng hình thoi ạ!
AI: Đúng rồi! Từ hình thoi sẽ có hai nhánh: Đúng và Sai. Nếu ""a > b"" là Đúng, em sẽ thông báo số nào lớn hơn?
HS: Thông báo số a ạ. Còn nếu Sai thì thông báo số b. Em hiểu rồi, để em vẽ hoàn chỉnh các khối còn lại!
AI: Rất tốt, hãy tự tin hoàn thiện sơ đồ của mình nhé."
HNMU-G6-R0239-STT14,shared/raw_data/HNMU-teacher_dialog_samples/Lớp 6.xlsx,239,6,Lớp 6,14,Bài 17: Chương trình máy tính,"Vận dụng 2, Trang 81",Hãy viết chương trình Scratch tính trung bình cộng của 3 số.,Vận dụng (Viết được chương trình),Sử dụng các lệnh: khi nhấn vào lá cờ; hỏi và đợi; đặt biến; phép toán cộng và chia; nói.,"HS: Thầy ơi, em muốn viết chương trình tính trung bình cộng 3 số trong Scratch nhưng lúng túng quá.
AI: Đừng lo! Hãy dựa vào logic của bài tính trung bình 3 môn ở Hình 6.15 em vừa học. Đầu tiên em cần mấy câu lệnh ""hỏi"" để lấy dữ liệu?
HS: Dạ 3 câu hỏi cho 3 số ạ.
AI: Đúng! Sau khi có 3 số, em dùng phép toán nào để tính giá trị trung bình?
HS: Em lấy tổng 3 số đó rồi chia cho 3 ạ.
AI: Chính xác. Cuối cùng, em dùng khối lệnh nào để máy tính hiện kết quả ra màn hình?
HS: Dùng khối lệnh ""nói"" ạ. Em làm được rồi, cảm ơn thầy!
AI: Giỏi lắm! Em đã hoàn thành thử thách lập trình một cách độc lập."
HNMU-G7-R0002-STT1,shared/raw_data/HNMU-teacher_dialog_samples/Lớp 7.xlsx,2,7,Lớp 7,1,Bài 1. Thiết bị vào - ra,"Mục 1, Trang 5 SGK",Thiết bị vào dùng để làm gì?,Nhận biết (Nêu được chức năng),Dùng để thu nhận thông tin vào máy tính.,"HS: Thầy ơi, ""thiết bị vào"" là những cái như bàn phím đúng không ạ? Nó làm gì vậy thầy?
 AI: Chào em! Đúng rồi, bàn phím là một ví dụ điển hình. Em hãy thử nghĩ xem, khi em gõ một chữ trên bàn phím, cái chữ đó sẽ đi đâu?
 HS: Dạ, nó hiện lên màn hình máy tính ạ.
 AI: Chính xác! Vậy bàn phím đã giúp em đưa thứ gì từ bên ngoài ""vào"" trong máy tính nhỉ?
 HS: À, là đưa thông tin vào máy ạ!
 AI: Rất giỏi! Đó chính là chức năng của thiết bị vào đấy."
HNMU-G7-R0003-STT2,shared/raw_data/HNMU-teacher_dialog_samples/Lớp 7.xlsx,3,7,Lớp 7,2,Bài 1. Thiết bị vào - ra,"Mục 1, Trang 5 SGK",Thiết bị ra dùng để làm gì?,Nhận biết (Nêu được chức năng),Dùng để xuất thông tin từ máy tính ra ngoài.,"HS: Vậy còn thiết bị ra thì sao hả thầy?
 AI: Thầy lấy ví dụ là cái loa nhé. Khi máy tính phát nhạc, âm thanh sẽ đi từ đâu đến tai em?
 HS: Dạ từ trong máy tính phát ra loa rồi đến tai em ạ.
 AI: Tuyệt vời! Vậy cái loa đã thực hiện việc chuyển thông tin từ ""trong"" máy ra ""ngoài"" người dùng. Em gọi đó là chức năng gì nhỉ?
 HS: Dạ là xuất thông tin ra ngoài ạ!
 AI: Đúng rồi, em đã nhận diện đúng rồi đó."
HNMU-G7-R0004-STT3,shared/raw_data/HNMU-teacher_dialog_samples/Lớp 7.xlsx,4,7,Lớp 7,3,Bài 1. Thiết bị vào - ra,"Câu 1, Trang 31 SGV","Phương án nào sau đây chỉ gồm các thiết bị ra?
 A. Webcam, máy chiếu, tấm cảm ứng.
 B. Tai nghe, máy in, bàn phím. 
 C. Tai nghe, máy in, camera an ninh
 D. Tai nghe, máy in, máy chiếu",Nhận biết (Nhận ra thiết bị ra),"D. Tai nghe, máy in, máy chiếu.","HS: Thầy giúp em chọn câu đúng với ạ, em đang phân vân giữa A và D.
 AI: Không sao, mình cùng loại trừ nhé. Ở câu A, Webcam dùng để chụp ảnh em đưa vào máy, vậy nó là thiết bị vào hay ra?
 HS: Dạ là thiết bị vào ạ.
 AI: Đúng! Vậy câu A không thể chỉ gồm thiết bị ra. Thế còn cái tai nghe, máy in và máy chiếu ở câu D thì sao? Chúng đưa âm thanh và trang giấy ra ngoài hay thu vào?
 HS: Dạ đều đưa ra ngoài ạ! Vậy đáp án là D đúng không thầy?
 AI: Quá chuẩn! Em đã tự tìm ra câu trả lời rồi."
HNMU-G7-R0005-STT4,shared/raw_data/HNMU-teacher_dialog_samples/Lớp 7.xlsx,5,7,Lớp 7,4,Bài 1. Thiết bị vào - ra,"Mục 1, Trang 7 SGK","Thiết bị nào sau đây vừa là thiết bị vào, vừa là thiết bị ra?
 A. Chuột.
 B. Màn hình cảm ứng.
 C. Bàn phím.",Nhận biết (Biết được chức năng hỗn hợp),B. Màn hình cảm ứng.,"HS: Thầy ơi, có thiết bị nào làm được cả hai việc vào và ra không ạ?
 AI: Có chứ em! Em hãy nghĩ về chiếc điện thoại thông minh. Khi em chạm tay vào màn hình để mở ứng dụng, lúc đó màn hình đang làm nhiệm vụ gì?
 HS: Dạ là nhận lệnh từ ngón tay em, nên là thiết bị vào ạ.
 AI: Tốt! Thế cũng chính cái màn hình đó hiện lên hình ảnh cho em xem thì nó là gì?
 HS: À, là thiết bị ra! Vậy màn hình cảm ứng là cả hai luôn thầy nhỉ?
 AI: Rất xuất sắc! Đó chính là câu trả lời em cần tìm."
HNMU-G7-R0006-STT5,shared/raw_data/HNMU-teacher_dialog_samples/Lớp 7.xlsx,6,7,Lớp 7,5,Bài 1. Thiết bị vào - ra,"Mục 1, Trang 5 SGK",Tại sao bàn phím và chuột được gọi là thiết bị vào?,Thông hiểu (Mô tả được chức năng),Vì chúng giúp con người truyền lệnh và dữ liệu vào máy tính xử lý.,"HS: Thầy ơi, sao người ta không gọi bàn phím là thiết bị xử lý mà lại gọi là thiết bị vào ạ?
 AI: Một câu hỏi rất hay để làm rõ khái niệm! Bản thân bàn phím có tự suy nghĩ hay tính toán được không, hay nó chỉ chờ em gõ vào?
 HS: Dạ nó chỉ chờ em gõ thôi ạ.
 AI: Đúng rồi! Nó chỉ đóng vai trò ""cánh cửa"" để lệnh của em đi vào bộ não của máy tính (CPU). Vì vậy tên gọi ""thiết bị vào"" có hợp lý không em?
 HS: Dạ hiểu rồi ạ, vì nó là nơi bắt đầu đưa thông tin vào máy."
HNMU-G7-R0007-STT6,shared/raw_data/HNMU-teacher_dialog_samples/Lớp 7.xlsx,7,7,Lớp 7,6,Bài 1. Thiết bị vào - ra,"Câu hỏi 2, Trang 9 SGK",Tại sao không nên vừa ăn vừa sử dụng máy tính?,Thông hiểu (Giải thích được tác hại),"Vì có thể làm rơi thức ăn, nước uống vào thiết bị gây hỏng hóc hoặc mất an toàn.","HS: Em hay vừa ăn bánh vừa xem phim trên máy tính, sao thầy cô lại cấm ạ?
 AI: Thầy hiểu là rất tiện, nhưng em thử tưởng tượng nếu một mẩu bánh vụn rơi vào kẽ bàn phím thì sao?
 HS: Dạ chắc là nó bị kẹt hoặc kiến chui vào ạ.
 AI: Chính xác! Thậm chí nếu nước ngọt đổ vào mạch điện bên trong thì máy sẽ bị gì nhỉ?
 HS: Dạ bị chập mạch và hỏng luôn ạ.
 AI: Đúng thế! Vậy việc cấm này là để bảo vệ ""sức khỏe"" cho thiết bị nào của em?
 HS: Dạ cho máy tính ạ. Em sẽ cẩn thận hơn."
HNMU-G7-R0008-STT7,shared/raw_data/HNMU-teacher_dialog_samples/Lớp 7.xlsx,8,7,Lớp 7,7,Bài 1. Thiết bị vào - ra,"Câu 2, Trang 31 SGV","Camera an ninh làm việc với dạng thông tin nào?
 A. Văn bản
 B. Hình ảnh
 C. Âm thanh
 D.Con số",Thông hiểu (Giải thích được dạng dữ liệu),B. Hình ảnh.,"HS: Thầy ơi, camera an ninh có giống cái micro không ạ? Nó thu gì vậy thầy?
 AI: Camera an ninh có ""mắt"" rất sáng đấy. ""Mắt"" đó dùng để làm gì khi có người đi qua?
 HS: Dạ để nhìn và ghi lại mặt người đó ạ.
 AI: Đúng rồi! Việc ""nhìn và ghi lại"" đó tạo ra dữ liệu dạng gì mà em có thể xem lại trên màn hình?
 HS: Dạ là video hoặc hình ảnh ạ!
 AI: Rất tốt! Vậy camera an ninh chính là thiết bị vào làm việc với dạng hình ảnh."
HNMU-G7-R0009-STT8,shared/raw_data/HNMU-teacher_dialog_samples/Lớp 7.xlsx,9,7,Lớp 7,8,Bài 1. Thiết bị vào - ra,"Vận dụng 1, Trang 9 SGK","Phân biệt thông tin vào và ra trong tình huống: ""Em nhìn thấy người đứng trước camera an ninh trên màn hình"".",Thông hiểu (Phân biệt được chức năng),Thông tin vào: Hình ảnh trước ống kính; Thông tin ra: Hình ảnh hiện trên màn hình.,"HS: Trong tình huống này thì cái nào là vào, cái nào là ra hả thầy? Em thấy toàn là hình ảnh.
 AI: Hãy chia làm hai nơi nhé: nơi ống kính camera và nơi em đang ngồi xem. Ở ống kính, camera đang làm gì?
 HS: Dạ nó đang thu hình người đứng đó vào máy ạ.
 AI: Giỏi! Đó là ""vào"". Vậy còn cái màn hình trước mặt em đang làm gì với cái hình đó?
 HS: Dạ nó hiện cái hình đó ra cho em thấy. Vậy là ""ra"" đúng không thầy?
 AI: Hoàn toàn chính xác! Em đã phân biệt rất tốt luồng đi của thông tin rồi."
HNMU-G7-R0010-STT9,shared/raw_data/HNMU-teacher_dialog_samples/Lớp 7.xlsx,10,7,Lớp 7,9,Bài 1. Thiết bị vào - ra,"Mục 1, Trang 6 SGK",Chức năng của loa và tai nghe có điểm gì giống nhau?,Thông hiểu (So sánh được),"Đều là thiết bị ra, dùng để xuất thông tin dạng âm thanh từ máy tính.","HS: Loa với tai nghe thì quá rõ rồi, nhưng trong bài học chúng có chung đặc điểm gì ạ?
 AI: Em hãy nhớ lại 4 thành phần xử lý thông tin. Cả hai thiết bị này đều đưa thứ gì đó đến tai em?
 HS: Dạ đưa âm thanh ạ.
 AI: Âm thanh đó đi từ ""trong"" máy ra hay từ ngoài vào máy?
 HS: Dạ từ trong máy ra ạ. 
 AII: Vậy theo bảng phân loại, chúng cùng thuộc nhóm thiết bị gì nhỉ?
 HS: Dạ là thiết bị ra! Em hiểu rồi."
HNMU-G7-R0011-STT10,shared/raw_data/HNMU-teacher_dialog_samples/Lớp 7.xlsx,11,7,Lớp 7,10,Bài 1. Thiết bị vào - ra,"Mục 1, Trang 6 SGK",Giải thích tại sao máy quét (scanner) lại là thiết bị vào?,Thông hiểu (Mô tả được chức năng),Vì nó chụp ảnh tài liệu giấy và chuyển thành dữ liệu số đưa vào máy tính.,"HS: Máy quét có phải là máy in không thầy? Em thấy nó cũng để giấy vào.
 AI: Câu hỏi thú vị! Máy in thì đưa chữ từ máy ra giấy. Còn máy quét thì ngược lại: em để tờ giấy có ảnh vào, rồi nó hiện cái ảnh đó ""lên màn hình"".
 HS: À, vậy là nó đưa hình từ giấy ""vào"" trong máy tính ạ.
 AI: Đúng rồi! Vậy nó phải là thiết bị vào hay ra?
 HS: Dạ là thiết bị vào ạ! Cảm ơn thầy."
HNMU-G7-R0012-STT11,shared/raw_data/HNMU-teacher_dialog_samples/Lớp 7.xlsx,12,7,Lớp 7,11,Bài 1. Thiết bị vào - ra,"Câu 4, Trang 31 SGV","Trong hoạt động chụp và in ảnh, dữ liệu đi qua các thiết bị theo thứ tự nào?
 A. Máy ảnh → Màn hình → Máy tính
 B. Máy ảnh → Máy tính → Máy in.
 C. Màn hình →Máy tính → Máy in.
 D. Máy in→ Máy tính → Màn hình .",Vận dụng (Xác định trình tự xử lý),B. Máy ảnh → Máy tính → Máy in.,"HS: Thầy giúp em sắp xếp quy trình này với, em hơi rối chỗ máy tính.
 AI: Đừng lo! Bước đầu tiên để có cái ảnh trong máy, em dùng thiết bị gì để ""thu nhận""?
 HS: Dạ dùng máy ảnh chụp ạ.
 AI: Tốt! Sau khi chụp, cái ảnh đó phải được đưa vào đâu để lưu trữ và chỉnh sửa trước khi in?
 HS: Dạ đưa vào máy tính ạ.
 AI: Chuẩn luôn! Cuối cùng, để có bức ảnh trên tay, máy tính phải gửi dữ liệu ra thiết bị nào?
 HS: Dạ là máy in! Vậy thứ tự là Máy ảnh -> Máy tính -> Máy in đúng không thầy?
 AI: Rất xuất sắc! Em đã vận dụng đúng luồng xử lý thông tin rồi đấy."
HNMU-G7-R0013-STT12,shared/raw_data/HNMU-teacher_dialog_samples/Lớp 7.xlsx,13,7,Lớp 7,12,Bài 1. Thiết bị vào - ra,"Vận dụng 2, Trang 9 SGK",Tại sao virus máy tính không thể lây từ máy tính sang máy in?,Vận dụng (Giải quyết tình huống),"Vì máy in là thiết bị ra, dữ liệu chỉ đi một chiều từ máy tính sang máy in.","HS: Máy tính em bị nhiễm virus, em sợ in bài xong thì cái máy in cũng bị hỏng virus luôn.
 AI: Một lo lắng rất cẩn thận! Tuy nhiên, em hãy nhớ lại: dữ liệu đi từ máy tính sang máy in là đường ""một chiều"" hay ""hai chiều""?
 HS: Dạ máy in chỉ nhận lệnh để in thôi, không gửi gì ngược lại máy tính ạ.
 AI: Chính xác! Virus là một loại phần mềm cần môi trường để ""chạy"" và lây lan. Máy in có chỗ nào để virus ""ở"" và quay ngược lại phá máy tính không?
 HS: Dạ không ạ. Vậy là virus không ""bò"" ngược về được!
 AI: Đúng thế! Em yên tâm in bài nhé, nhưng nhớ diệt virus cho máy tính sớm nha."
HNMU-G7-R0014-STT13,shared/raw_data/HNMU-teacher_dialog_samples/Lớp 7.xlsx,14,7,Lớp 7,13,Bài 1. Thiết bị vào - ra,Vận dụng thực tế,"Hãy phân loại các thiết bị sau vào nhóm Vào hoặc Ra: Micro, Loa, Bàn phím, Màn hình, Máy chiếu, Chuột.",Vận dụng (Phân loại thiết bị),"Vào: Micro, Bàn phím, Chuột; Ra: Loa, Màn hình, Máy chiếu.","HS: Thầy ơi, cái Máy chiếu là vào hay ra ạ? Em hay nhầm với máy quét.
 AI: Em hãy nghĩ xem máy chiếu làm gì trong lớp học? Nó lấy hình từ máy tính thầy cô rồi làm gì?
 HS: Dạ nó chiếu cái hình đó to lên trên tường cho cả lớp xem ạ.
 AI: Đúng rồi! Vậy nó đang ""đưa hình ra"" hay ""thu hình vào""?
 HS: Dạ đưa hình ra, nên là thiết bị ra ạ!
 AI: Giỏi quá! Giờ em hãy tự xếp nốt các thiết bị còn lại vào hai cột xem nào.
 HS: Dạ! Micro, bàn phím, chuột là Vào. Loa, màn hình là Ra ạ. Xong rồi thầy!"
HNMU-G7-R0015-STT14,shared/raw_data/HNMU-teacher_dialog_samples/Lớp 7.xlsx,15,7,Lớp 7,14,Bài 1. Thiết bị vào - ra,Vận dụng thực tế,"Nếu em muốn hát karaoke trên máy tính, em cần trang bị những thiết bị vào - ra cơ bản nào?",Vận dụng (Xác định thiết bị cần thiết),"Thiết bị vào: Micro (thu tiếng); Thiết bị ra: Loa (phát nhạc/tiếng), Màn hình (hiển thị lời).","HS: Chủ nhật này em muốn hát karaoke bằng máy tính, thầy tư vấn em cần mua thêm gì với ạ?
 AI: Ồ, một ý tưởng vui đấy! Để máy tính ""nghe"" được giọng hát của em, em cần ""đầu vào"" là gì?
 HS: Dạ chắc chắn phải có Micro rồi ạ.
 AI: Đúng! Thế còn để em nghe được nhạc và giọng mình phát ra thật to thì cần gì?
 HS: Dạ cần Loa ạ.
 AI: Tốt! Còn một thứ nữa để em nhìn thấy chữ mà hát theo thì sao?
 HS: À, là cái Màn hình nữa! Vậy là em cần Micro, Loa và Màn hình là đủ bộ đúng không thầy?
 AI: Quá đầy đủ luôn! Chúc em có buổi hát karaoke thật vui nhé."
HNMU-G7-R0016-STT1,shared/raw_data/HNMU-teacher_dialog_samples/Lớp 7.xlsx,16,7,Lớp 7,1,Bài 2. Phần mềm máy tính,"Mục 1, Trang 11 SGK",Hệ điều hành là gì?,Nhận biết (Biết được khái niệm),"Là phần mềm trung gian kết nối người sử dụng với phần cứng máy tính, điều khiển và quản lý mọi hoạt động của máy tính.","HS: Thầy ơi, máy tính cần phần mềm gì đầu tiên để hoạt động ạ?
 AI: Chào em! Để máy tính ""thức dậy"" và hiểu lệnh của mình, nó cần một người quản lý tài ba. Em có nhớ tên gọi của ""phần mềm trung gian"" này là gì không?
 HS: Dạ có phải là hệ điều hành không thầy?
 AI: Chính xác! Vậy nhiệm vụ chính của nó là kết nối ai với cái gì nhỉ?
 HS: Dạ kết nối người dùng với phần cứng máy tính ạ!
 AI: Rất giỏi! Đó chính là câu trả lời em cần tìm."
HNMU-G7-R0017-STT2,shared/raw_data/HNMU-teacher_dialog_samples/Lớp 7.xlsx,17,7,Lớp 7,2,Bài 2. Phần mềm máy tính,"Câu 1, Trang 31 SGV","Phần mềm nào sau đây là một hệ điều hành?
 A. Windows Movie Maker.
 B. Windows Defender.
 C. Windows Explorer. 
 D. Windows Phone.",Nhận biết (Nêu tên ví dụ hệ điều hành),D. Windows Phone.,"HS: Em thấy câu nào cũng có chữ Windows, em chọn đại câu A được không thầy?
 AI: Khoan đã nào! Hãy nhớ lại bài học: Windows Movie Maker dùng để làm phim, còn Windows Phone dùng để ""điều khiển"" toàn bộ các chức năng của điện thoại. Theo em cái nào đóng vai trò là ""nền tảng""?
 HS: Dạ là cái dùng để điều khiển điện thoại ạ.
 AI: Đúng rồi! Đó chính là hệ điều hành Windows Phone đấy."
HNMU-G7-R0018-STT3,shared/raw_data/HNMU-teacher_dialog_samples/Lớp 7.xlsx,18,7,Lớp 7,3,Bài 2. Phần mềm máy tính,"Mục 2, Trang 12 SGK",Phần mềm ứng dụng là gì?,Nhận biết (Biết được khái niệm),Là các chương trình máy tính cho phép người dùng thực hiện những công việc cụ thể và thường xử lý dữ liệu cụ thể.,"HS: Thầy giúp em hiểu phần mềm ứng dụng là gì với ạ?
 AI: Được chứ! Khi em muốn soạn thảo một văn bản, em mở phần mềm gì?
 HS: Dạ là Word ạ.
 AI: Đúng! Còn khi muốn nhắn tin cho bạn? 
 HS: Dạ là Zalo ạ.
 AI: Rất tốt! Những phần mềm phục vụ ""công việc cụ thể"" như vậy chính là phần mềm ứng dụng. Em hãy nêu lại ý chính xem?
 HS: Dạ là chương trình giúp mình làm một việc cụ thể nào đó ạ."
HNMU-G7-R0019-STT4,shared/raw_data/HNMU-teacher_dialog_samples/Lớp 7.xlsx,19,7,Lớp 7,4,Bài 2. Phần mềm máy tính,"Lưu ý, Trang 24 SGV",Tệp chương trình máy tính có được coi là dữ liệu không?,Nhận biết (Biết được tệp chương trình cũng là dữ liệu),"Có, chương trình máy tính cũng được lưu trữ trong bộ nhớ giống như tệp dữ liệu.","HS: Thầy ơi, tệp .exe có phải là dữ liệu không hay nó là thứ khác ạ?
 AI: Câu hỏi rất chuyên sâu đấy! Em hãy nhớ lại nguyên lý Von Neumann: Mọi thứ trong bộ nhớ máy tính đều được coi là gì?
 HS: Dạ em nhớ mang máng là dữ liệu ạ
 AI: Chuẩn xác! Dù là bức ảnh hay phần mềm, khi nằm trong bộ nhớ, chúng đều là dữ liệu. Vậy tệp chương trình là gì nhỉ?
 HS: Dạ cũng là dữ liệu luôn thầy ạ!"
HNMU-G7-R0020-STT5,shared/raw_data/HNMU-teacher_dialog_samples/Lớp 7.xlsx,20,7,Lớp 7,5,Bài 2. Phần mềm máy tính,"Mục 1, Trang 10 SGK",Tại sao hệ điều hành lại đóng vai trò là môi trường để các phần mềm ứng dụng chạy?,Thông hiểu (Mô tả được chức năng),"Vì hệ điều hành quản lý việc phân phối tài nguyên phần cứng (CPU, RAM) cho các ứng dụng sử dụng.","HS: Thầy ơi, sao phần mềm Zalo không tự chạy luôn mà phải cần Windows ạ?
 AI: Hãy tưởng tượng Zalo là một cầu thủ bóng đá. Để cầu thủ có thể đá bóng, họ cần cái gì để chạy lên đó?
 HS: Dạ cần một sân cỏ ạ
 AI: Đúng rồi! Hệ điều hành chính là cái ""sân cỏ"" đó, nó cung cấp không gian và thiết bị để cầu thủ ""Zalo"" thi đấu. Em thấy vai trò của nó quan trọng không?
 HS: Dạ em hiểu rồi, không có sân thì cầu thủ không có chỗ để đá!"
HNMU-G7-R0021-STT6,shared/raw_data/HNMU-teacher_dialog_samples/Lớp 7.xlsx,21,7,Lớp 7,6,Bài 2. Phần mềm máy tính,"Mục 2, Trang 12 SGK",Phân biệt hệ điều hành và phần mềm ứng dụng.,Thông hiểu (Phân biệt được chức năng),Hệ điều hành điều khiển máy tính; phần mềm ứng dụng thực hiện công việc cụ thể cho người dùng.,"HS: Thầy giúp em phân biệt hai loại này với, em cứ hay bị lẫn lộn.
 AI: Đừng lo! Hãy trả lời thầy nhé: Phần mềm nào giúp em ""quản lý"" toàn bộ máy tính?
 HS: Dạ là hệ điều hành ạ.
 AI: Giỏi quá! Thế còn phần mềm giúp em ""xem phim"" hay ""học toán"" thì sao?
 HS: Dạ đó là phần mềm ứng dụng ạ.
 AI: Chính xác! Vậy điểm khác nhau là một cái ""quản lý chung"", còn một cái ""làm việc riêng"". Em thấy rõ chưa?
 HS: Dạ em thấy rõ rồi thầy ạ!"
HNMU-G7-R0022-STT7,shared/raw_data/HNMU-teacher_dialog_samples/Lớp 7.xlsx,22,7,Lớp 7,7,Bài 2. Phần mềm máy tính,"Hộp kiến thức, Trang 24 SGV",Phần mở rộng của tên tệp có ý nghĩa gì?,Thông hiểu (Giải thích được ý nghĩa phần mở rộng),Giúp nhận biết tệp thuộc loại gì và phần mềm ứng dụng nào có thể được dùng để mở tệp đó.,"HS: Thầy ơi, tại sao cuối tên tệp lại hay có .docx hay .jpg ạ?
 AI: Đó là ""bí danh"" của tệp đấy! Nếu thầy nói tệp có đuôi .mp3, em đoán xem bên trong chứa ảnh hay âm thanh?
 HS: Dạ chắc chắn là nhạc, âm thanh rồi ạ.
 AI: Rất tốt! Vậy phần mở rộng đó giúp em và máy tính nhận diện điều gì?
 HS: Dạ giúp nhận biết loại tệp và chọn phần mềm để mở nó ạ!"
HNMU-G7-R0023-STT8,shared/raw_data/HNMU-teacher_dialog_samples/Lớp 7.xlsx,23,7,Lớp 7,8,Bài 2. Phần mềm máy tính,"Hộp kiến thức, Trang 24 SGV",Phần mở rộng của tên tệp có ý nghĩa gì đối với hệ điều hành?,Thông hiểu (Giải thích được ý nghĩa),Giúp hệ điều hành nhận biết tệp thuộc loại gì và phần mềm ứng dụng nào có thể được dùng để mở tệp đó.,"HS: Tại sao khi em bấm vào tệp .docx thì máy tự mở Word, còn .mp3 thì máy tự phát nhạc ạ?
 AI: Đó là nhờ ""phần mở rộng"" đấy em. Theo em, hệ điều hành nhìn vào đâu để biết tệp đó chứa cái gì?
 HS: Dạ nhìn vào cái đuôi sau dấu chấm ạ.
 AI: Rất giỏi! Vậy mục đích của cái ""đuôi"" đó là để máy tính chọn đúng cái gì để giúp em làm việc?
 HS: Dạ chọn đúng ""phần mềm ứng dụng"" để mở tệp đó ạ!"
HNMU-G7-R0024-STT9,shared/raw_data/HNMU-teacher_dialog_samples/Lớp 7.xlsx,24,7,Lớp 7,9,Bài 2. Phần mềm máy tính,"Hoạt động khởi động, Trang 22 SGV",Điều gì xảy ra nếu máy tính có phần cứng nhưng không có hệ điều hành?,Thông hiểu (Giải thích sự cần thiết),Máy tính sẽ chỉ là một khối vật chất không phản hồi và người dùng không thể sử dụng được.,"HS: Thầy ơi, nếu em mua máy tính xịn mà không cài Windows thì có chơi game được không ạ?
 AI: Một câu hỏi rất thực tế! Em hãy nghĩ xem, các linh kiện như CPU hay RAM có biết tự trò chuyện với em không?
 HS: Dạ không, nó chỉ là mấy miếng mạch điện thôi ạ.
 AI: Đúng rồi! Nếu không có ""người chỉ huy"" là hệ điều hành để biến điện năng thành hành động, thì máy tính sẽ thế nào?
 HS: Dạ nó sẽ đứng im, không phản hồi gì hết ạ.
 AI: Chính xác! Nó sẽ chỉ là một ""đống sắt"" vô dụng thôi."
HNMU-G7-R0025-STT10,shared/raw_data/HNMU-teacher_dialog_samples/Lớp 7.xlsx,25,7,Lớp 7,10,Bài 2. Phần mềm máy tính,"Mục 2, Trang 12 SGK","Tại sao một phần mềm ứng dụng như Windows Media Player có thể mở được nhiều loại tệp khác nhau (.mp4, .mp3)?",Thông hiểu (Hiểu khả năng xử lý dữ liệu),"Vì mỗi phần mềm ứng dụng chỉ xử lý một số loại dữ liệu nhất định, và Media Player được thiết kế để xử lý dữ liệu âm thanh và phim.","HS: Thầy ơi, sao Media Player lại vừa nghe nhạc được vừa xem phim được hay vậy ạ?
 AI: Đó là vì nó được thiết kế đa năng! Em hãy xem lại bảng 2.1 trang 24 SGV nhé. Media Player tương ứng với những loại tệp nào?
 HS: Dạ em thấy có .mp3 cho nhạc và .mp4 cho phim ạ.
 AI: Đúng rồi! Vậy nó là phần mềm ứng dụng chuyên biệt cho những dạng dữ liệu nào em nhỉ?
 HS: Dạ là âm thanh và hình ảnh chuyển động ạ!"
HNMU-G7-R0026-STT11,shared/raw_data/HNMU-teacher_dialog_samples/Lớp 7.xlsx,26,7,Lớp 7,11,Bài 2. Phần mềm máy tính,"Mục 2, Trang 12 SGK","Hãy phân loại: Windows, Word, Android, Zalo vào hai nhóm OS và App.",Vận dụng (Thực hiện phân loại),"OS: Windows, Android. App: Word, Zalo.","HS: Thầy ơi, Android là hệ điều hành hay ứng dụng ạ? Em hay dùng nó trên điện thoại.
 AI: Em hãy nhớ quy tắc: Cái nào giúp điện thoại của em bật lên và quản lý các icon trên màn hình?
 HS: Dạ là Android ạ.
 AI: Vậy nó thuộc nhóm nào trong hai loại ta đã học?
 HS: Dạ là hệ điều hành ạ! Thế còn Zalo em dùng để nhắn tin?
 AI: Zalo giúp em làm việc cụ thể là nhắn tin, vậy nó là...
 HS: À, nó là phần mềm ứng dụng ạ! Em phân loại xong rồi thầy!"
HNMU-G7-R0027-STT12,shared/raw_data/HNMU-teacher_dialog_samples/Lớp 7.xlsx,27,7,Lớp 7,12,Bài 2. Phần mềm máy tính,"Mục 2, Trang 11 SGK","Dựa vào phần mở rộng, hãy xác định phần mềm nào mở được tệp ""Bài_tập.docx"" và ""Video_lớp.mp4""?",Vận dụng (Xác định phần mềm tương ứng),.docx: Word. .mp4: Media Player (hoặc trình xem video).,"HS: Thầy ơi, tệp ""Bài_tập.docx"" em dùng phần mềm nghe nhạc mở được không ạ?
 AI: Thử nghĩ xem nào! Đuôi .docx là dành cho loại dữ liệu gì em nhỉ?
 HS: Dạ là văn bản ạ.
 AI: Đúng rồi! Vậy phần mềm nghe nhạc có ""biết chữ"" để đọc văn bản không?
 HS: Dạ không, phải dùng Word mới đúng thầy nhỉ?
 AI: Quá chuẩn! Còn .mp4 là phim, em sẽ dùng phần mềm nào để xem?
 HS: Dạ em dùng Windows Media Player ạ!"
HNMU-G7-R0028-STT13,shared/raw_data/HNMU-teacher_dialog_samples/Lớp 7.xlsx,28,7,Lớp 7,13,Bài 2. Phần mềm máy tính,Vận dụng thực tế,Máy tính nhà An bị lỗi hệ điều hành. An định cài phần mềm học tiếng Anh để dùng tạm. Theo em An có thực hiện được không?,Vận dụng (Giải quyết tình huống),"Không được, vì hệ điều hành là môi trường bắt buộc để cài đặt và chạy các phần mềm ứng dụng.","HS: Thầy ơi, bạn An định dùng app tiếng Anh khi máy hỏng Windows, có được không ạ?
 AI: Em hãy nhớ lại ví dụ ""sân cỏ và cầu thủ"" lúc nãy nhé. Nếu sân cỏ (HĐH) đang bị hỏng, cầu thủ (App tiếng Anh) có vào đá được không?
 HS: Dạ chắc là không có chỗ để chạy rồi ạ.
 AI: Đúng thế! Vậy An phải làm gì trước khi muốn học tiếng Anh trên máy?
 HS: Dạ bạn phải sửa hoặc cài lại hệ điều hành trước ạ!"
HNMU-G7-R0029-STT14,shared/raw_data/HNMU-teacher_dialog_samples/Lớp 7.xlsx,29,7,Lớp 7,14,Bài 2. Phần mềm máy tính,Vận dụng thực tế,"Em hãy chọn các phần mềm ứng dụng để hoàn thành một bài thuyết trình có cả chữ, hình ảnh và video.",Vận dụng (Thực hiện được nhiệm vụ),"Phần mềm soạn thảo văn bản (Word), phần mềm chỉnh sửa ảnh, phần mềm trình chiếu (PowerPoint).","HS: Thầy ơi, để làm bài thuyết trình lớp mình, em chỉ cần dùng PowerPoint là đủ đúng không ạ?
 AI: PowerPoint là chính, nhưng nếu em muốn sửa ảnh cho đẹp hơn hoặc viết nội dung chi tiết trước, em cần thêm gì?
 HS: Dạ em cần phần mềm chỉnh sửa ảnh và Word để viết nháp ạ.
 AI: Rất tốt! Vậy tổng cộng em đã biết vận dụng những loại phần mềm nào cho dự án của mình rồi?
 HS: Dạ em sẽ dùng Word, phần mềm sửa ảnh và PowerPoint ạ. Em cảm ơn thầy!"
HNMU-G7-R0030-STT1,shared/raw_data/HNMU-teacher_dialog_samples/Lớp 7.xlsx,30,7,Lớp 7,1,Bài 3. Quản lí dữ liệu trong máy tính,"Mục 1, Trang 13 SGK",Tệp chương trình máy tính có được lưu trữ giống như tệp dữ liệu không?,Nhận biết (Biết được tệp chương trình cũng là dữ liệu),"Có, chương trình máy tính cũng được lưu trữ trong bộ nhớ giống như tệp dữ liệu.","HS: Thầy ơi, tệp .exe chạy phần mềm có phải là dữ liệu giống như ảnh hay văn bản không ạ?
 AI: Chào em! Một câu hỏi rất hay về bản chất máy tính. Em có nhớ nguyên lý Von Neumann mà mình đã học không? Nó nói mọi thứ trong bộ nhớ đều là gì nhỉ?
 HS: Dạ, em nhớ là dữ liệu ạ.
 AI: Chính xác! Vậy dù là một bức ảnh hay là một chương trình điều khiển, khi nằm trong bộ nhớ máy tính, chúng đều được coi là gì?
 HS: À, vậy chương trình cũng là dữ liệu luôn đúng không thầy?
 AI: Đúng rồi! Em đã nhận ra điểm mấu chốt rồi đấy."
HNMU-G7-R0031-STT2,shared/raw_data/HNMU-teacher_dialog_samples/Lớp 7.xlsx,31,7,Lớp 7,2,Bài 3. Quản lí dữ liệu trong máy tính,"Mục 1, Trang 14 SGK",Các tệp chương trình máy tính thường có phần mở rộng là gì?,Nhận biết (Nêu được phần mở rộng),"Thường có phần mở rộng .exe, .com, .bat, .msi.","HS: Làm sao để em nhận biết đâu là tệp để cài đặt phần mềm ạ?
 AI: Em hãy nhìn vào phần đuôi sau dấu chấm của tên tệp nhé. Trong sách trang 14 có liệt kê một số cái tên rất đặc biệt cho ""ứng dụng"", em thấy chữ gì bắt đầu bằng 'e...' không?
 HS: Dạ là .exe ạ.
 AI: Giỏi lắm! Ngoài ra còn có .com hay .msi nữa. Vậy những đuôi này giúp em nhận ra loại tệp gì?
 HS: Dạ là tệp chương trình ạ!"
HNMU-G7-R0032-STT3,shared/raw_data/HNMU-teacher_dialog_samples/Lớp 7.xlsx,32,7,Lớp 7,3,Bài 3. Quản lí dữ liệu trong máy tính,"Mục 2, Trang 14-15 SGK",Kể tên một số biện pháp bảo vệ dữ liệu cơ bản.,Nhận biết (Nêu được các bước/cách),"Sao lưu dữ liệu, phòng chống xâm nhập trái phép và phòng chống virus.","HS: Thầy ơi, dữ liệu trong máy tính của em có bao giờ bị mất không ạ?
 AI: Có thể chứ em, nếu máy hỏng hoặc bị virus. Để tránh việc này, em nên làm gì để có một ""bản dự phòng""?
 HS: Dạ là em copy sang chỗ khác, gọi là sao lưu ạ.
 AI: Rất tốt! Ngoài ra để ngăn kẻ xấu hoặc phần mềm độc hại phá máy, mình cần phòng chống cái gì nữa nhỉ?
 HS: Dạ phòng chống virus và xâm nhập trái phép ạ! Em nhớ rồi."
HNMU-G7-R0033-STT4,shared/raw_data/HNMU-teacher_dialog_samples/Lớp 7.xlsx,33,7,Lớp 7,4,Bài 3. Quản lí dữ liệu trong máy tính,"Luyện tập 1, Trang 17 SGK",Phần mềm File Explorer giúp chúng ta quản lý những gì?,Nhận biết (Nêu được chức năng),Giúp quản lý tệp và thư mục.,"HS: Thầy giúp em nhớ tên phần mềm để xem các ổ đĩa và thư mục với ạ.
 AI: Em hãy nhớ đến biểu tượng hình ""cái kẹp hồ sơ"" màu vàng trên thanh công cụ nhé. Tên tiếng Anh của nó bắt đầu bằng chữ ""File..."", em đoán được không?
 HS: Có phải là File Explorer không thầy?
 AI: Chuẩn luôn! Vậy nhiệm vụ chính của nó là giúp em quản lý thứ gì trong máy tính nhỉ?
 HS: Dạ là quản lý tệp và các thư mục ạ!"
HNMU-G7-R0034-STT5,shared/raw_data/HNMU-teacher_dialog_samples/Lớp 7.xlsx,34,7,Lớp 7,5,Bài 3. Quản lí dữ liệu trong máy tính,"Mục 1, Trang 13 SGK",Tại sao cần phải phân loại dữ liệu và tổ chức chúng theo cấu trúc cây?,Thông hiểu (Giải thích được sự cần thiết),Để thuận lợi cho việc tìm kiếm dữ liệu khi cần.,"HS: Thầy ơi, sao mình không để hết tệp ra màn hình cho nhanh mà phải chia vào nhiều thư mục con chi cho mệt ạ?
 AI: Thầy lấy ví dụ nhé: Nếu em có 1000 viên bi đủ màu trong một cái thùng, việc tìm viên màu đỏ sẽ thế nào?
 HS: Dạ sẽ rất lâu và khó tìm ạ.
 AI: Đúng rồi! Vậy nếu em chia bi vào các túi nhỏ theo màu sắc thì sao?
 HS: Dạ sẽ tìm thấy ngay ạ! 
 AI: Chính xác! Việc phân loại tệp vào cây thư mục cũng nhằm mục đích gì giúp em tiết kiệm thời gian nhỉ?
 HS: À, để tìm kiếm dữ liệu thuận lợi và nhanh hơn ạ!"
HNMU-G7-R0035-STT6,shared/raw_data/HNMU-teacher_dialog_samples/Lớp 7.xlsx,35,7,Lớp 7,6,Bài 3. Quản lí dữ liệu trong máy tính,"Mục 2, Trang 15 SGK",Giải thích tại sao phần mềm ứng dụng hiện nay có thể lưu trữ và chạy từ xa?,Thông hiểu (Hiểu về công nghệ đám mây),"Nhờ vào công nghệ điện toán đám mây, phần mềm được cài đặt trên máy chủ Internet thay vì máy tính cá nhân.","HS: Thầy ơi, em thấy Google Docs không cần cài vào máy vẫn dùng được, tại sao vậy ạ?
 AI: Đó là nhờ công nghệ ""đám mây"" đấy em. Theo em, phần mềm đó đang nằm ở máy tính của em hay ở đâu đó trên Internet?
 HS: Em nghĩ là nó nằm trên mạng Internet ạ.
 AI: Đúng rồi! Nó được lưu trữ ở các ""máy chủ"" từ xa. Điều này giúp em làm việc ở bất cứ đâu có mạng. Thú vị không nào?"
HNMU-G7-R0036-STT7,shared/raw_data/HNMU-teacher_dialog_samples/Lớp 7.xlsx,36,7,Lớp 7,7,Bài 3. Quản lí dữ liệu trong máy tính,"Mục 1, Trang 14 SGK","Khi đặt tên tệp và thư mục, tại sao nên đặt tên gợi nhớ?",Thông hiểu (Giải thích lựa chọn),Giúp người dùng dễ dàng nhận biết nội dung bên trong tệp hoặc thư mục đó là gì.,"HS: Em đặt tên tệp là ""123"" hay ""abc"" được không thầy? 
 AI: Được em nhé, nhưng một tháng sau em nhìn lại ""abc"", em có biết bên trong chứa bài tập Toán hay ảnh sinh nhật không?
 HS: Dạ... chắc là em quên mất tiêu rồi ạ.
 AI: Vậy nếu em đặt tên là ""BaiTapToan_Tuan1"", em thấy thế nào?
 HS: Dạ em sẽ biết ngay nó là gì mà không cần mở ra ạ.
 AI: Đúng rồi! Đó chính là lợi ích của việc đặt tên ""gợi nhớ"" đấy."
HNMU-G7-R0037-STT8,shared/raw_data/HNMU-teacher_dialog_samples/Lớp 7.xlsx,37,7,Lớp 7,8,Bài 3. Quản lí dữ liệu trong máy tính,"Mục 2, Trang 14 SGK",Tại sao không nên sửa đổi nội dung ở bản gốc khi thực hiện sao lưu dữ liệu?,Thông hiểu (Giải thích được vai trò sao lưu),Để đảm bảo bản sao lưu luôn là bản dữ liệu an toàn và chính xác tại thời điểm sao lưu.,"HS: Khi sao lưu xong, em có thể xóa luôn bản gốc trên máy tính cho nhẹ máy không thầy?
 AI: Mục đích của ""sao lưu"" là để phòng khi một bản bị hỏng thì ta vẫn còn bản kia. Nếu em xóa hoặc sửa hết cả hai, liệu em còn bản dự phòng nào an toàn không?
 HS: Dạ không ạ.
 AI: Đúng thế! Vậy ta nên giữ ít nhất một bản không bị thay đổi để làm gì khi có sự cố xảy ra?
 HS: Dạ để có dữ liệu gốc để khôi phục lại ạ!"
HNMU-G7-R0038-STT9,shared/raw_data/HNMU-teacher_dialog_samples/Lớp 7.xlsx,38,7,Lớp 7,9,Bài 3. Quản lí dữ liệu trong máy tính,"Luyện tập 2, Trang 17 SGK",Phần mềm Windows Defender có vai trò gì trong việc quản lý dữ liệu?,Thông hiểu (Giải thích vai trò),"Là một ứng dụng giúp bảo vệ máy tính, có thể tránh được virus.","HS: Máy tính em hay hiện thông báo từ Windows Defender, nó là cái gì vậy thầy?
 AI: Em hãy tưởng tượng máy tính của em là một ngôi nhà, và virus là những kẻ trộm. Windows Defender đóng vai trò như ai ở cổng nhà nhỉ?
 HS: Dạ như chú bảo vệ ạ!
 AI: Chuẩn xác! Vậy nhiệm vụ của ""chú bảo vệ"" này đối với dữ liệu của em là gì?
 HS: Dạ là bảo vệ máy tính và tiêu diệt virus để dữ liệu không bị hỏng ạ!"
HNMU-G7-R0039-STT10,shared/raw_data/HNMU-teacher_dialog_samples/Lớp 7.xlsx,39,7,Lớp 7,10,Bài 3. Quản lí dữ liệu trong máy tính,"Mục 2, Trang 15 SGK",Việc sử dụng mật khẩu mạnh giúp ích gì trong bảo vệ dữ liệu?,Thông hiểu (Giải thích được lợi ích),Giúp phòng chống việc xâm nhập trái phép vào máy tính và dữ liệu cá nhân.,"HS: Em đặt mật khẩu là ""123456"" cho dễ nhớ được không thầy AI?
 AI: Mật khẩu đó rất dễ bị người khác đoán ra đấy. Nếu họ đoán được, họ có thể vào máy em để xem hay xóa dữ liệu không?
 HS: Dạ có ạ, thế thì nguy hiểm quá.
 AI: Đúng rồi. Vậy một mật khẩu ""mạnh"" (khó đoán) sẽ giúp em ngăn chặn điều gì từ những người lạ?
 HS: Dạ ngăn chặn sự xâm nhập trái phép ạ. Em sẽ đổi mật khẩu khó hơn!"
HNMU-G7-R0040-STT11,shared/raw_data/HNMU-teacher_dialog_samples/Lớp 7.xlsx,40,7,Lớp 7,11,Bài 3. Quản lí dữ liệu trong máy tính,Trang 29 SGV,Em hãy thiết kế một cây thư mục để lưu trữ tài liệu học tập lớp 7 của mình.,Vận dụng (Tạo được cây thư mục),"Cấu trúc đề xuất: HocTap7 (Gốc) -> Toan, Van, TinHoc (Con). Trong TinHoc -> BaiTap, TaiLieu (Cháu).","HS: Thầy ơi, em muốn sắp xếp bài tập lớp 7 vào máy tính nhưng không biết bắt đầu từ đâu ạ.
 AI: Chào em! Đầu tiên, em hãy tạo một thư mục lớn nhất để chứa tất cả, em định đặt tên là gì?
 HS: Dạ em đặt là ""Lop 7"" ạ.
 AI: Tốt! Trong ""Lop 7"", em có những môn học nào cần lưu tài liệu nhất?
 HS: Dạ là Toán, Văn và Tin học ạ.
 AI: Vậy em hãy tạo 3 thư mục con tương ứng nhé. Riêng trong môn Tin học, nếu em có cả file đề bài và file mình đã làm, em nên chia nhỏ thêm thế nào?
 HS: Em sẽ tạo thêm thư mục ""De_bai"" và ""Bai_lam"" bên trong thư mục Tin học ạ! Em làm được rồi!"
HNMU-G7-R0041-STT12,shared/raw_data/HNMU-teacher_dialog_samples/Lớp 7.xlsx,41,7,Lớp 7,12,Bài 3. Quản lí dữ liệu trong máy tính,"Vận dụng 1, Trang 17 SGK",Em hãy thực hiện thao tác kiểm tra dung lượng còn trống của ổ đĩa C trong máy tính.,Vận dụng (Thực hiện thao tác thực tế),"Nháy nút phải chuột vào biểu tượng ổ đĩa C, chọn Properties.","HS: Làm sao em biết máy tính em còn đủ chỗ để lưu thêm phim không ạ?
 AI: Em hãy mở File Explorer và tìm đến biểu tượng ổ đĩa C nhé. Em thấy nó chưa?
 HS: Dạ em thấy rồi ạ.
 AI: Bây giờ em hãy ""nháy nút phải chuột"" vào biểu tượng đó. Em nhìn xuống dòng cuối cùng có chữ 'P...', em thấy chữ gì?
 HS: Dạ là Properties ạ.
 AI: Nhấn vào đó! Em hãy nhìn xem có dòng nào ghi ""Free space"" không? Đó chính là câu trả lời cho em đấy."
HNMU-G7-R0042-STT13,shared/raw_data/HNMU-teacher_dialog_samples/Lớp 7.xlsx,42,7,Lớp 7,13,Bài 3. Quản lí dữ liệu trong máy tính,Mục 3. Trang 17 SGK,"Bạn An có một tệp ảnh tên ""Phuoc_Hue.jpg"". Em hãy giúp An đổi tên tệp này thành ""Kiniem_Hue.jpg"" và di chuyển vào thư mục ""HinhAnh"".",Vận dụng (Thực hiện các thao tác với tệp),Nháy phải chuột chọn Rename để đổi tên; dùng lệnh Cut/Paste hoặc kéo thả để di chuyển tệp.,"HS: Em muốn đổi tên ảnh cho bạn An nhưng sợ làm hỏng tệp ạ.
 AI: Đừng lo, đổi tên không làm mất dữ liệu đâu. Em hãy nháy chuột phải vào tệp ảnh đó, có lệnh nào tên là ""Rename"" không?
 HS: Dạ có ạ, em đã gõ tên mới xong rồi.
 AI: Giỏi quá! Bây giờ để chuyển nó vào thư mục ""HinhAnh"", em hãy nhấn chuột phải chọn ""Cut"", sau đó mở thư mục ""HinhAnh"" ra và chọn lệnh gì nhỉ?
 HS: Dạ là lệnh Paste ạ! Tệp ảnh đã nằm gọn trong thư mục mới rồi thầy ơi."
HNMU-G7-R0043-STT14,shared/raw_data/HNMU-teacher_dialog_samples/Lớp 7.xlsx,43,7,Lớp 7,14,Bài 3. Quản lí dữ liệu trong máy tính,Mục 2. Trang 14-15 SGK,"Nếu em có một tệp dữ liệu quan trọng, em sẽ làm gì để đảm bảo không bị mất khi máy tính bị hỏng đột ngột?",Vận dụng (Thực hiện biện pháp bảo vệ),"Sao lưu dữ liệu sang thiết bị lưu trữ ngoài (USB, thẻ nhớ) hoặc lưu trữ trên đám mây.","HS: Thầy ơi, em có bài thuyết trình ngày mai phải nộp, làm sao để chắc chắn nó không bị mất nếu máy tính em bị hư ạ?
 AI: Một tình huống rất thực tế! Ngoài việc để trong máy, em có thiết bị nào khác như USB hay thẻ nhớ không?
 HS: Dạ em có một cái USB ạ.
 AI: Tuyệt vời! Em hãy thực hiện việc ""sao chép"" tệp đó sang USB nhé. Nếu không có USB, em có biết cách lưu lên Google Drive (""đám mây"") không?
 HS: Dạ em biết ạ. Vậy là dù máy hỏng em vẫn còn bản trên mạng hoặc USB đúng không thầy?
 AI: Chính xác! Đó chính là cách bảo vệ dữ liệu thông minh nhất."
HNMU-G7-R0044-STT1,shared/raw_data/HNMU-teacher_dialog_samples/Lớp 7.xlsx,44,7,Lớp 7,1,Bài 4. Mạng xã hội và một số kênh trao đổi thông tin trên Internet,"Mục 1.b, Trang 19 SGK",Mạng xã hội là gì?,Nhận biết (Biết được khái niệm),"Là một ứng dụng trên Internet giúp người dùng kết nối, giao lưu, chia sẻ và thảo luận về các vấn đề mà họ quan tâm.","HS: Thầy ơi, mạng xã hội có giống như một cái chợ không ạ?
 AI: Cách ví von của em rất thú vị! ""Cái chợ"" đó nằm trên Internet và thay vì bán hàng, người ta đến đó để làm gì với nhau nhỉ?
 HS: Dạ để nói chuyện và kết bạn ạ. 
 AI: Đúng rồi! Và khi họ cùng nói về một chủ đề mình thích, đó gọi là sự ""thảo luận"". Vậy em có thể nêu lại định nghĩa đầy đủ về mạng xã hội không?
 HS: Dạ, là ứng dụng giúp kết nối, chia sẻ và thảo luận mọi vấn đề ạ!"
HNMU-G7-R0045-STT2,shared/raw_data/HNMU-teacher_dialog_samples/Lớp 7.xlsx,45,7,Lớp 7,2,Bài 4. Mạng xã hội và một số kênh trao đổi thông tin trên Internet,"Mục 1.b, Trang 19 SGK",Kể tên 3 mạng xã hội phổ biến hiện nay.,Nhận biết (Nêu tên ví dụ),"Facebook, YouTube, Zalo, Instagram....","HS: Thầy ơi, Zalo có phải là mạng xã hội không hay chỉ là ứng dụng nhắn tin ạ? 
 AI: Zalo cho phép em đăng trạng thái, bình luận ảnh của bạn bè không?
 HS: Dạ có ạ, em thấy bạn em đăng ảnh suốt. 
 AI: Vậy nó có tính năng ""chia sẻ và giao lưu"" của một mạng xã hội đấy. Em hãy kể thêm 2 cái tên khác mà em thường thấy mọi người dùng nào?
 HS: Dạ là Facebook và YouTube ạ!"
HNMU-G7-R0046-STT3,shared/raw_data/HNMU-teacher_dialog_samples/Lớp 7.xlsx,46,7,Lớp 7,3,Bài 4. Mạng xã hội và một số kênh trao đổi thông tin trên Internet,"Mục 1.b, Trang 19 SGK",Đặc điểm cơ bản của mạng xã hội là gì?,Nhận biết (Nêu được đặc điểm),"Có sự tham gia trực tiếp của người dùng, có sự kết nối và chia sẻ thông tin.","HS: Thầy giúp em nhớ đặc điểm mạng xã hội với, em hay bị nhầm với báo điện tử. 
 AI: Đừng lo! Ở báo điện tử em chỉ đọc tin, còn ở mạng xã hội em có thể ""viết bài"" và ""trả lời"" người khác không?
 HS: Dạ có, ai cũng viết được ạ. 
 AI: Chính xác! Đó là sự ""tham gia trực tiếp"". Ngoài ra, mọi người còn tìm thấy nhau qua các nhóm sở thích, đó là tính chất gì nhỉ? 
 HS: Dạ là sự kết nối ạ! Em nhớ rồi."
HNMU-G7-R0047-STT4,shared/raw_data/HNMU-teacher_dialog_samples/Lớp 7.xlsx,47,7,Lớp 7,4,Bài 4. Mạng xã hội và một số kênh trao đổi thông tin trên Internet,"Mục 1.b, Trang 19 SGK","Theo quy định, lứa tuổi nào thường được phép tham gia mạng xã hội?",Nhận biết (Biết được quy định),Thường là từ 13 tuổi trở lên.,"HS: Em thấy các bạn lớp em dùng Facebook nhiều lắm, vậy tụi em đã đủ tuổi chưa thầy?
 AI: Em hãy nhớ lại bài học nhé. Các mạng xã hội lớn thường đưa ra một con số ""tuổi tối thiểu"" để bảo vệ trẻ em. Em thử đoán xem con số đó là bao nhiêu?
 HS: Em nhớ mang máng là 13 tuổi đúng không ạ? 
 AI: Rất chính xác! Các em cần tuân thủ để đảm bảo an toàn thông tin cho mình nhé."
HNMU-G7-R0048-STT5,shared/raw_data/HNMU-teacher_dialog_samples/Lớp 7.xlsx,48,7,Lớp 7,5,Bài 4. Mạng xã hội và một số kênh trao đổi thông tin trên Internet,"Mục 1, Trang 19 SGK",Tại sao mạng xã hội lại có tốc độ lan tỏa thông tin rất nhanh?,Thông hiểu (Giải thích được đặc điểm),Vì nó có tính tương tác cao và mỗi người dùng đóng vai trò là một kênh truyền tin.,"HS: Tại sao một tin đồn trên mạng lại lan đi nhanh hơn cả loa phát thanh vậy thầy?
 AI: Hãy tưởng tượng mỗi người dùng là một ""cái loa"" nhỏ. Khi em nhấn nút ""Chia sẻ"" (Share), bao nhiêu bạn bè của em sẽ thấy tin đó?
 HS: Dạ chắc là hàng trăm người thấy luôn ạ. 
 AI: Đúng rồi! Và nếu những người đó lại chia sẻ tiếp thì sao?
 HS: À, nó sẽ nhân lên cực nhanh theo cấp số nhân! Em hiểu rồi ạ."
HNMU-G7-R0049-STT6,shared/raw_data/HNMU-teacher_dialog_samples/Lớp 7.xlsx,49,7,Lớp 7,6,Bài 4. Mạng xã hội và một số kênh trao đổi thông tin trên Internet,"Mục 1, Trang 19 SGK",Phân biệt tác động tích cực và tiêu cực của mạng xã hội.,Thông hiểu (Phân biệt được chức năng),"Tích cực: cập nhật tin tức, kết nối bạn bè; Tiêu cực: nghiện mạng, tin giả, lộ thông tin cá nhân.","HS: Thầy ơi, mạng xã hội chỉ toàn là xấu thôi đúng không ạ? 
 AI: Không hẳn đâu em. Nếu em dùng nó để hỏi bài bạn hay tìm hiểu về bảo vệ môi trường thì đó là tốt hay xấu?
 HS: Dạ là tốt ạ, rất tiện lợi. 
 AI: Đúng rồi! Nhưng nếu em dành 5 tiếng mỗi ngày để xem video nhảm thì sao?
 HS: Dạ lúc đó là tiêu cực vì mất thời gian và mệt mỏi ạ. Em đã biết cách phân loại rồi!"
HNMU-G7-R0050-STT7,shared/raw_data/HNMU-teacher_dialog_samples/Lớp 7.xlsx,50,7,Lớp 7,7,Bài 4. Mạng xã hội và một số kênh trao đổi thông tin trên Internet,Luyện tâp 2.c. Trang 22 SGK,Tại sao người dùng cần cảnh giác khi nhận được tin nhắn từ người lạ trên mạng xã hội?,Thông hiểu (Trình bày tầm quan trọng),"Để tránh các nguy cơ lừa đảo, chiếm đoạt tài khoản hoặc nhận thông tin xấu độc.","HS: Có người lạ nhắn tin bảo em trúng thưởng iPhone, em vui quá thầy ơi!
 AI: Bình tĩnh nào em! Em có tham gia cuộc thi nào không mà lại trúng thưởng nhỉ?
 HS: Dạ không ạ, họ tự nhắn cho em thôi. 
 AI: Trong bài học về ""an toàn thông tin"", những tin nhắn ""quà tặng bất ngờ"" từ người lạ thường ẩn chứa nguy cơ gì?
 HS: Dạ có thể là lừa đảo để lấy tiền hoặc mật khẩu của em ạ.
 AI: Rất tỉnh táo! Em nên làm gì với những tin nhắn như thế này?
 HS: Dạ em sẽ không bấm vào link và báo cáo tin nhắn đó ạ!"
HNMU-G7-R0051-STT8,shared/raw_data/HNMU-teacher_dialog_samples/Lớp 7.xlsx,51,7,Lớp 7,8,Bài 4. Mạng xã hội và một số kênh trao đổi thông tin trên Internet,Mục 1.b. Trang 19 SGK,"Giải thích ý nghĩa của việc ""Suy nghĩ kỹ trước khi đăng tải"" lên mạng xã hội.",Thông hiểu (Giải thích được ý nghĩa),Để bảo vệ hình ảnh bản thân và tránh gây tổn thương cho người khác vì thông tin trên mạng khó xóa bỏ hoàn toàn.,"HS: Em lỡ đăng ảnh dìm hàng bạn rồi, em xóa đi là xong đúng không thầy?
 AI: Em đã xóa, nhưng nếu trước đó có ai đã ""chụp màn hình"" lại thì sao? 
 HS: Dạ... lúc đó thì nó vẫn còn lưu lại đâu đó ạ. 
 AI: Chính xác! Thông tin trên mạng có tính lan tỏa và lưu trữ rất lâu. Vậy việc ""suy nghĩ kỹ"" giúp em tránh được điều gì cho chính mình và bạn?
 HS: Dạ giúp em không làm xấu hình ảnh bản thân và không làm bạn buồn ạ."
HNMU-G7-R0052-STT9,shared/raw_data/HNMU-teacher_dialog_samples/Lớp 7.xlsx,52,7,Lớp 7,9,Bài 4. Mạng xã hội và một số kênh trao đổi thông tin trên Internet,"Lưu ý, Trang 36 SGV","Tại sao nhắn tin qua mạng (Messenger, Zalo) lại khác với gửi thư điện tử (Email)?",Thông hiểu (So sánh được),"Nhắn tin qua mạng có độ trễ thấp (gần như tức thời), trong khi Email mang tính chính thức và chậm hơn.","HS: Thầy ơi, em nhắn tin cho bạn trên Zalo thì bạn thấy ngay, sao gửi Email bạn lại bảo lâu vậy ạ?
 AI: Đó là sự khác biệt về ""độ trễ"" đấy. Nhắn tin qua mạng giống như một cuộc trò chuyện trực tiếp. Còn Email em thường dùng trong trường hợp nào? 
 HS: Dạ em dùng để gửi bài tập chính thức cho cô giáo ạ. 
 AI: Đúng rồi! Vậy điểm khác nhau lớn nhất là tính ""tức thời"" và tính ""chính thức"". Em thấy cái nào nhanh hơn?
 HS: Dạ nhắn tin qua mạng nhanh hơn ạ!"
HNMU-G7-R0053-STT10,shared/raw_data/HNMU-teacher_dialog_samples/Lớp 7.xlsx,53,7,Lớp 7,10,Bài 4. Mạng xã hội và một số kênh trao đổi thông tin trên Internet,Mục 1. Trang 19 SGK,Thế nào là sử dụng mạng xã hội có văn hóa?,Thông hiểu (Mô tả được khái niệm),"Là sử dụng ngôn ngữ lịch sự, tôn trọng người khác, không đăng tin sai sự thật và tuân thủ pháp luật.","HS: Trên mạng mình không gặp mặt trực tiếp, nên mình nói gì cũng được đúng không thầy?
 AI: Em hãy nghĩ xem, nếu ai đó nói xấu em trên mạng, dù không gặp mặt em có thấy buồn không? 
 HS: Dạ có chứ, em sẽ rất giận ạ. 
 AI: Vậy ""văn hóa ứng xử"" bắt đầu từ việc mình đối xử với người khác như thế nào? 
 HS: Dạ phải tôn trọng và dùng từ ngữ lịch sự như ngoài đời thật ạ. 
 AI: Quá chuẩn! Đó chính là biểu hiện của người dùng mạng có văn hóa đấy."
HNMU-G7-R0054-STT11,shared/raw_data/HNMU-teacher_dialog_samples/Lớp 7.xlsx,54,7,Lớp 7,11,Bài 4. Mạng xã hội và một số kênh trao đổi thông tin trên Internet,Vận dụng thực tế,"Nếu em thấy một thông tin sai sự thật về lớp mình trên một nhóm mạng xã hội, em sẽ xử lý thế nào?",Vận dụng (Giải quyết tình huống),"Không chia sẻ, bình luận nhắc nhở nhẹ nhàng (nếu có thể) và báo cáo với giáo viên hoặc người quản lý nhóm.","HS: Thầy ơi, có bạn đăng tin lớp em bị phạt dù không có thật, em tính vào cãi nhau với bạn đó!
 AI: Việc ""cãi nhau"" có làm thông tin đó biến mất hay chỉ làm mọi chuyện ồn ào thêm? 
 HS: Dạ chắc là sẽ cãi nhau to hơn thôi ạ. 
 AI: Thay vì thế, em hãy dùng tính năng ""Báo cáo"" (Report) của ứng dụng. Và quan trọng nhất, em nên báo việc này cho ai có thẩm quyền ở trường?
 HS: Dạ em sẽ báo cho thầy chủ nhiệm để thầy xử lý đúng cách ạ!
 AI: Rất tốt! Đó là cách giải quyết thông minh và đúng luật."
HNMU-G7-R0055-STT12,shared/raw_data/HNMU-teacher_dialog_samples/Lớp 7.xlsx,55,7,Lớp 7,12,Bài 4. Mạng xã hội và một số kênh trao đổi thông tin trên Internet,Vận dung thực tế,Em hãy thiết lập các quy tắc để bảo vệ thông tin cá nhân của mình khi tham gia mạng xã hội.,Vận dụng (Thiết lập biện pháp bảo vệ),"Không công khai số điện thoại, địa chỉ; sử dụng mật khẩu mạnh; chỉ kết bạn với người quen biết.","HS: Thầy ơi, em muốn trang cá nhân của em thật đầy đủ thông tin để bạn bè dễ tìm, em nên ghi gì ạ?
 AI: Một lưu ý nhỏ: Nếu kẻ xấu biết địa chỉ nhà và số điện thoại của em, họ có thể làm gì?
 HS: Dạ họ có thể đến làm phiền hoặc gọi điện lừa đảo ạ. 
 AI: Đúng rồi. Vậy quy tắc đầu tiên để bảo vệ mình là gì?
 HS: Dạ không công khai thông tin riêng tư cho người lạ xem ạ. 
 AI: Giỏi lắm! Em còn quy tắc nào về mật khẩu nữa không? 
 HS: Dạ phải dùng mật khẩu khó đoán và không cho ai biết ạ!"
HNMU-G7-R0056-STT13,shared/raw_data/HNMU-teacher_dialog_samples/Lớp 7.xlsx,56,7,Lớp 7,13,Bài 4. Mạng xã hội và một số kênh trao đổi thông tin trên Internet,"Mục 1, Trang 19 SGK","Tại sao cần suy nghĩ kỹ trước khi nhấn nút ""Chia sẻ"" hoặc ""Bình luận""?",Vận dụng (Giải thích được ý nghĩa),"Để tránh làm tổn thương người khác và bảo vệ uy tín, hình ảnh của chính bản thân mình,.","HS: Em chỉ bình luận vui thôi mà, sao Thầy cô cứ nhắc phải suy nghĩ kỹ trước khi gửi bình luận vậy thầy?
 AI: ""Vui"" với em nhưng người bị bình luận có thấy vui không? Nếu họ cảm thấy bị xúc phạm thì sao?
 HS: Dạ chắc họ sẽ rất buồn và ghét em ạ.
 AI: Đúng thế. Hơn nữa, sau này khi em lớn lên, những bình luận không hay đó có thể bị người khác xem lại và đánh giá con người em không?
 HS: Dạ có thể ạ. Em hiểu rồi, một hành động nhỏ trên mạng có thể để lại hậu quả lâu dài."
HNMU-G7-R0057-STT14,shared/raw_data/HNMU-teacher_dialog_samples/Lớp 7.xlsx,57,7,Lớp 7,14,Bài 4. Mạng xã hội và một số kênh trao đổi thông tin trên Internet,Vận dụng thực tế,Em hãy dùng mạng xã hội để lan tỏa một thông điệp tích cực về việc giữ gìn vệ sinh trường học.,Vận dụng (Khai thác thông tin tích cực),"Đăng hình ảnh các bạn cùng dọn vệ sinh, viết lời kêu gọi bỏ rác đúng nơi quy định trong nhóm lớp.","HS: Thầy ơi, em muốn kêu gọi các bạn không vứt rác bừa bãi trong lớp bằng Facebook được không ạ? 
 AI: Quá tốt luôn! Để bài đăng thu hút và khiến các bạn muốn làm theo, em nên đăng kèm cái gì cho sinh động nhỉ? 
 HS: Dạ em sẽ chụp ảnh lúc cả lớp mình cùng lao động vui vẻ ạ. 
 AI: Chính xác! Và em đừng quên viết một lời kêu gọi thật chân thành nhé. Em định viết gì nào?
 HS: Dạ là ""Trường sạch thì chúng mình mới học vui, cùng chung tay nhé các bạn!"". 
 AI: Rất ý nghĩa! Em đã biết cách dùng mạng xã hội để làm những việc tốt rồi đấy."
HNMU-G7-R0058-STT1,shared/raw_data/HNMU-teacher_dialog_samples/Lớp 7.xlsx,58,7,Lớp 7,1,Bài 5. Ứng xử trên mạng,"Mục 1, Trang 23-24 SGK",Thế nào là ứng xử có văn hóa trên mạng?,Nhận biết (Biết được khái niệm),"Là sử dụng ngôn ngữ lịch sự, tôn trọng người khác và tuân thủ các quy định pháp luật khi giao tiếp trực tuyến,.","HS: Thầy ơi, ứng xử trên mạng có cần phải nghiêm túc như ngoài đời không ạ?
 AI: Chào em! Một câu hỏi rất thực tế. Em hãy nghĩ xem, nếu ai đó nói xấu em trên mạng, dù không gặp mặt trực tiếp em có thấy buồn không?
 HS: Dạ có chứ, em sẽ thấy rất khó chịu ạ.
 AI: Chính xác! Vậy để tạo ra một môi trường mạng vui vẻ, mình cần dùng ngôn ngữ như thế nào và đối xử với người khác ra sao?
 HS: Dạ phải lịch sự và tôn trọng họ như ngoài đời ạ.
 AI: Rất giỏi! Đó chính là cốt lõi của việc ứng xử có văn hóa trên mạng đấy."
HNMU-G7-R0059-STT2,shared/raw_data/HNMU-teacher_dialog_samples/Lớp 7.xlsx,59,7,Lớp 7,2,Bài 5. Ứng xử trên mạng,"Luyện tập 1, Trang 27 SGK","Khi giao tiếp qua mạng, những điều nào sau đây nên tránh? A. Tôn trọng người đang giao tiếp với mình; B. Nói bất cứ điều gì xuất hiện trong đầu; C. Kết bạn với những người mình không quen biết; D. Bảo vệ thông tin cá nhân; E. Truy cập bất cứ liên kết nào nhận được.",Nhận biết (Nhận diện hành vi),B. Nói bất cứ điều gì xuất hiện trong đầu; C. Kết bạn với những người mình không quen biết; E. Truy cập bất cứ liên kết nào nhận được.,"HS: Em thấy nhiều bạn hay ""cày"" bình luận chê bai người khác, đó có phải là thiếu văn hóa không thầy?
 AI: Đúng rồi em. Trong bài học, việc dùng từ ngữ để làm tổn thương người khác được xếp vào nhóm hành vi nào?
 HS: Dạ là thiếu văn hóa và xúc phạm người khác ạ.
 AI: Chuẩn luôn! Ngoài ra, nếu em thấy một người lạ gửi cho em đường liên kết, em có kết bạn và mở link để xem trong đó chứa nội dung gì không?
 HS: Không ạ, vì link đó của người lạ nên có thể là kink độc haị ạ?"
HNMU-G7-R0060-STT3,shared/raw_data/HNMU-teacher_dialog_samples/Lớp 7.xlsx,60,7,Lớp 7,3,Bài 5. Ứng xử trên mạng,"Câu hỏi 1, Trang 24 SGK","Cách tốt nhất em nên làm khi bị ai đó bắt nạt là gi? A. Nói lời xúc phạm người đó; B. Cố gắng quên đi và tiếp tục chịu đựng; C. Nhờ bố mẹ, thầy cô giáo giúp đỡ, tư vấn. D. Đe dọa người bắt nạt mình.",Nhận biết (nhận diện hành vi),"C. Nhờ bố mẹ, thầy cô giáo giúp đỡ, tư vấn","HS: Thầy ơi, nếu chẳng may bị bắt nạt trên mạng thì phải làm sao ạ?
 AI: Đừng lo lắng! theo em mục tiêu quan trọng nhất là gì?
 HS: Em cần bảo vệ bản thân và tìm cách giải quyết an toàn ạ.
 AI: Rất tốt! Vậy, việc chửi lại, đe dọa lại hoặc âm thầm chịu đựng có giúp giải quyết vấn đề một cách an toàn không?
 HS: Dạ không ạ. Em biết rồi thầy ơi! em sẽ nhờ sự giúp đỡ của bố mẹ hoặc thầy cô ạ."
HNMU-G7-R0061-STT4,shared/raw_data/HNMU-teacher_dialog_samples/Lớp 7.xlsx,61,7,Lớp 7,4,Bài 5. Ứng xử trên mạng,"Mục 2, Trang 25-26 SGK","Kể tên một số biểu hiện của bệnh ""nghiện Internet"".",Nhận biết (Nêu được đặc điểm),"Luôn cảm thấy thèm muốn sử dụng máy tính, bỏ bê học hành, mệt mỏi, ngại giao tiếp ngoài đời thực,.","HS: Làm sao em biết mình có bị nghiện Internet hay không ạ?
 AI: Em hãy thử tự kiểm tra nhé: Khi không có điện thoại bên cạnh, em cảm thấy thế nào?
 HS: Dạ em thấy bồn chồn và chỉ muốn cầm máy lên thôi ạ.
 AI: Đó là một dấu hiệu đấy. Ngoài ra, việc dùng máy quá nhiều có làm em thức khuya hay bỏ làm bài tập không?
 HS: Dạ có, nhiều lúc em quên cả giờ giấc. 
 AI: Vậy em đã nhận ra các biểu hiện cơ bản của việc ""nghiện"" rồi đó."
HNMU-G7-R0062-STT5,shared/raw_data/HNMU-teacher_dialog_samples/Lớp 7.xlsx,62,7,Lớp 7,5,Bài 5. Ứng xử trên mạng,"Mục 2, Trang 24 SGK","Khi em đang truy cập mạng, máy tính thỉnh thoảng lại hiện lên những trang web có nội dung bạo lực, nội dung không phù hợp với lứa tuổi, em sẽ làm gì?",Thông hiểu (Giải quyết được tình huống),"Em cần đóng ngay trang web,không tiếp tục truy cập hoặc chia sẻ nội dung đó, đồng thời báo cho bố mẹ, thầy cô hoặc người lớn đáng tin cậy để được hỗ trợ","HS: Thưa thầy! khi em đang truy cập mạng mà máy tính hiện lên những trang web có nội dung bạo lực hoặc không phù hợp với lứa tuổi thì em nên làm gì ạ?
 AI: Theo em, nếu tiếp tục xem những nội dung đó thì có mang lại lợi ích hay có thể gây ảnh hưởng không tốt đến em?
 HS: Em nghĩ là không ạ. Những nội dung đó có thể ảnh hưởng xấu đến em.
 AI: Đúng rồi. Vậy theo em, em nên tiếp tục xem hay đóng ngay trang web đó? Nếu tình trạng vẫn lặp lại thì em nên nhờ ai giúp đỡ?
 HS: Em nên đóng ngay trang web đó và nhờ bố mẹ hoặc thầy cô giúp đỡ nếu vẫn gặp lại.
 AI: Chính xác!, em cần đóng ngay trang web, không tiếp tục truy cập hoặc chia sẻ nội dung đó, đồng thời báo cho bố mẹ, thầy cô hoặc người lớn đáng tin cậy để được hỗ trợ nhé."
HNMU-G7-R0063-STT6,shared/raw_data/HNMU-teacher_dialog_samples/Lớp 7.xlsx,63,7,Lớp 7,6,Bài 5. Ứng xử trên mạng,"Mục 2, Trang 24 SGK",Các thông tin trên mạng có đáng tin cậy hoàn toàn không?,Thông hiểu (Giải thích sự tin cậy),"Không, vì trên mạng bất kỳ ai cũng có thể đăng tin, dẫn đến có nhiều thông tin sai lệch, tin giả hoặc lừa đảo,","HS: Thầy ơi, các thông tin trên mạng có đáng tin cậy hoàn toàn không ạ?
 AI: Em thử nghĩ xem, theo em có phải bất kỳ ai cũng có thể đăng bài hoặc chia sẻ thông tin lên Internet không?
 HS: Dạ có ạ. Ai cũng đều có thể đăng thông tin lên mạng.
 AI: Vậy nếu ai cũng có thể đăng thông tin thì liệu tất cả thông tin đều chính xác không? Khi đọc thông tin trên mạng, em nên làm gì?
 HS: Em nghĩ là không ạ. Em cần kiểm tra và đối chiếu thông tin từ những nguồn đáng tin cậy trước khi tin hoặc chia sẻ.
 AI: Chính xác! Các thông tin trên mạng không phải lúc nào cũng đáng tin cậy. Chúng ta cần kiểm chứng thông tin bằng cách đối chiếu từ các nguồn uy tín trước khi tin tưởng hoặc chia sẻ."
HNMU-G7-R0064-STT7,shared/raw_data/HNMU-teacher_dialog_samples/Lớp 7.xlsx,64,7,Lớp 7,7,Bài 5. Ứng xử trên mạng,"Mục 3, Trang 26 SGK",Tác hại lớn nhất của việc dành quá nhiều thời gian cho không gian ảo là gì?,Thông hiểu (Giải thích được tác hại),"Gây ảnh hưởng xấu đến sức khỏe tâm thần, thể chất và làm rạn nứt các mối quan hệ thực tế,.","HS: Em chơi game nhiều chỉ mỏi mắt thôi chứ có hại gì khác đâu thầy?
 AI: Mỏi mắt là về thể chất. Thế còn thời gian em dành cho bố mẹ hay bạn bè ngoài đời thì sao?
 HS: Dạ... em cũng ít nói chuyện với mọi người hơn trước ạ.
 AI: Đó chính là sự ""rạn nứt"" mối quan hệ thực tế đấy. Ngoài ra, nếu thua game em có thấy hay cáu gắt không?
 HS: Dạ có, em hay thấy bực bội lắm ạ.
 AI: Đó là tác động đến ""sức khỏe tâm thần"" mà em cần chú ý nhé."
HNMU-G7-R0065-STT8,shared/raw_data/HNMU-teacher_dialog_samples/Lớp 7.xlsx,65,7,Lớp 7,8,Bài 5. Ứng xử trên mạng,"Hoạt động 5, Trang 26 SGK","Em hãy đề xuất một hành động cụ thể để phòng tránh ""bệnh nghiện Internet"" cho bản thân.",Vận dụng (Thực hiện biện pháp phòng ngừa),"Quy định thời gian sử dụng (ví dụ: tối đa 1 giờ/ngày), ưu tiên các hoạt động ngoại khóa, thể thao.","HS: Em cứ cầm điện thoại lên là không bỏ xuống được, làm sao đây thầy?
 AI: Thầy hiểu, mạng xã hội rất cuốn hút. Em thử đặt ra một ""khung giờ vàng"" cho việc dùng máy xem nào? HS: Dạ chắc là em chỉ dùng sau khi làm xong bài tập, khoảng 45 phút thôi ạ. 
 AI: Một ý tưởng hay! Nếu điện thoại báo hết giờ mà em vẫn muốn xem, em sẽ làm gì để ""đánh lạc hướng"" bản thân?
 HS: Dạ em sẽ đi đá bóng hoặc phụ mẹ nấu cơm ạ! 
 AI: Tuyệt vời! Thực hiện đúng như vậy là em đã làm chủ được công nghệ rồi đấy."
HNMU-G7-R0066-STT9,shared/raw_data/HNMU-teacher_dialog_samples/Lớp 7.xlsx,66,7,Lớp 7,9,Bài 5. Ứng xử trên mạng,"Lưu ý, Trang 36 SGV","Nhắn tin tức thời (Messenger, Zalo) có điểm gì khác so với Email về tính văn hóa ứng xử?",Thông hiểu (So sánh được),"Nhắn tin tức thời thường thân mật, ít ràng buộc về cấu trúc, nhưng dễ gây hiểu lầm do thiếu sắc thái biểu cảm hơn Email.","HS: Em nhắn tin cho bạn hay dùng icon, còn gửi Email cho cô giáo thì không, tại sao vậy thầy?
 AI: Câu hỏi rất hay về ""ngữ cảnh"". Email thường dùng cho công việc gì em nhỉ?
 HS: Dạ để gửi bài tập hoặc thông báo chính thức ạ.
 AI: Đúng! Nên nó cần sự trang trọng. Còn nhắn tin Zalo với bạn thì tính chất thế nào?
 HS: Dạ thân mật và nhanh chóng ạ.
 AI: Tuy nhiên, vì nhắn tin rất nhanh nên em cần chú ý điều gì để bạn không hiểu lầm ý mình?
 HS: Dạ phải đọc lại kỹ xem câu chữ có dễ gây hiểu lầm không ạ!"
HNMU-G7-R0067-STT10,shared/raw_data/HNMU-teacher_dialog_samples/Lớp 7.xlsx,67,7,Lớp 7,10,Bài 5. Ứng xử trên mạng,"Mục 3, Trang 26 SGK","Làm thế nào để tự nhận biết mình đang bắt đầu ""nghiện Internet""?",Thông hiểu (Trình bày dấu hiệu),"Khi em thấy ưu tiên thế giới ảo hơn các nhu cầu cơ bản (ăn, ngủ, học) và cảm thấy khó chịu khi không có mạng,.","HS: Thầy ơi, em dùng mạng 3 tiếng mỗi ngày có phải là nghiện chưa ạ?
 AI: Con số 3 tiếng chưa nói lên tất cả. Quan trọng là 3 tiếng đó có làm em bỏ bê việc gì quan trọng không?
 HS: Dạ em vẫn làm bài tập, nhưng nhiều lúc thức đến 12h đêm để xem clip ạ.
 AI: Việc ""thức khuya"" ảnh hưởng đến giấc ngủ chính là một dấu hiệu cảnh báo đấy. Em thấy sức khỏe sáng hôm sau thế nào?
 HS: Dạ em thấy rất mệt và buồn ngủ trong giờ học ạ.
 AI: Vậy là em đã biết cách ""đọc"" các tín hiệu cảnh báo của cơ thể rồi đó."
HNMU-G7-R0068-STT11,shared/raw_data/HNMU-teacher_dialog_samples/Lớp 7.xlsx,68,7,Lớp 7,11,Bài 5. Ứng xử trên mạng,"Vận dụng 2, Trang 27 SGK","Nếu một trong những người bạn của em có biểu hiện nghiện trò chơi trực tuyến, em sẽ làm gì để giúp bạn?",Vận dụng (Giải quyết tình huống),"Em nên động viên, khuyên bạn sử dụng Internet và chơi game hợp lý, khuyến khích tham gia các hoạt động lành mạnh, đồng thời nhờ bố mẹ hoặc thầy cô hỗ trợ nếu tình trạng không cải thiện.","HS: Thưa thầy!, nếu một trong những người bạn của em có biểu hiện nghiện trò chơi trực tuyến thì em nên làm gì để giúp bạn ạ?
 AI: Theo em, nếu chỉ chê trách hoặc chế giễu bạn thì bạn có dễ thay đổi không? Hay bạn sẽ cần sự quan tâm và hỗ trợ?
 HS: Em nghĩ bạn cần được quan tâm và động viên hơn là bị chê trách.
 AI: Đúng rồi. Vậy ngoài việc động viên, em có thể khuyên bạn làm gì? Nếu tình trạng kéo dài thì em nên nhờ ai hỗ trợ?
 HS: Em sẽ khuyên bạn giảm thời gian chơi, tham gia các hoạt động học tập và vui chơi khác.
 AI: Chính xác! Em có thể rủ bạn tham gia các hoạt động như thể thao, đọc sách, từ thiện,... đồng thời nhờ bố mẹ hoặc thầy cô hỗ trợ nếu tình trạng không cải thiện."
HNMU-G7-R0069-STT12,shared/raw_data/HNMU-teacher_dialog_samples/Lớp 7.xlsx,69,7,Lớp 7,12,Bài 5. Ứng xử trên mạng,Vận dụng thực tế,Hãy thiết lập một kế hoạch thời gian sử dụng Internet trong ngày để không bị nghiện.,Vận dụng (Thiết lập biện pháp),"Quy định khung giờ cố định (ví dụ: 19h-20h), tối đa 60 phút/ngày, ưu tiên làm xong bài tập mới dùng máy.","HS: Thầy giúp em cai nghiện điện thoại với, em cứ cầm lên là không bỏ xuống được.
 AI: Hãy bắt đầu bằng những bước nhỏ nhé. Em định dùng máy vào lúc nào trong ngày là hợp lý nhất?
 HS: Dạ chắc là sau khi em tắm rửa và ăn cơm xong ạ.
 AI: Tốt! Vậy em sẽ đặt báo thức bao nhiêu phút để nhắc mình dừng lại?
 HS: Em nghĩ 45 phút là đủ xem clip và nhắn tin cho bạn rồi ạ.
 AI: Một kế hoạch rất cụ thể! Nếu thực hiện đúng, em sẽ thấy mình có thêm nhiều thời gian cho việc khác đấy."
HNMU-G7-R0070-STT13,shared/raw_data/HNMU-teacher_dialog_samples/Lớp 7.xlsx,70,7,Lớp 7,13,Bài 5. Ứng xử trên mạng,Vận dụng thực tế,Em sẽ làm gì khi nhận được một tin nhắn từ người lạ yêu cầu gửi thông tin cá nhân để nhận quà?,Vận dụng (Thực hiện biện pháp phòng ngừa),"Không trả lời, không gửi thông tin, báo cáo tin nhắn rác và chặn người gửi đó.","HS: Thầy ơi, có người nhắn em trúng thưởng 5 triệu, họ bảo em gửi số điện thoại và địa chỉ nhà ạ!
 AI: Đừng vội tin nhé em! Em có tham gia cuộc thi nào để có phần thưởng này không?
 HS: Dạ không ạ, họ tự tìm đến em.
 AI: Trong bài học về an toàn thông tin, những người lạ tự nhiên tặng quà thường có mục đích gì?
 HS: Dạ có thể là lừa đảo để lấy thông tin của em ạ.
 AI: Rất đúng! Vậy hành động an toàn nhất em cần làm ngay lúc này là gì?
 HS: Dạ em sẽ không trả lời và chặn số đó luôn ạ!"
HNMU-G7-R0071-STT14,shared/raw_data/HNMU-teacher_dialog_samples/Lớp 7.xlsx,71,7,Lớp 7,14,Bài 5. Ứng xử trên mạng,"Vận dụng 1, Trang 27 SGK",Hãy viết một lời kêu gọi ngắn gọn để vận động các bạn trong lớp sử dụng mạng xã hội văn minh.,Vận dụng (Khai thác thông tin tích cực),"Lời kêu gọi: ""Hãy là người dùng mạng thông thái: Tôn trọng - Lịch sự - Có trách nhiệm!"",..","HS: Thầy ơi, em muốn viết một câu status để kêu gọi các bạn không nói tục trên nhóm lớp, viết sao cho hay ạ?
 AI: Một ý tưởng tuyệt vời! Để lời kêu gọi có sức nặng, em nên nhấn mạnh vào lợi ích của việc lịch sự. Nó giúp nhóm lớp chúng ta thế nào?
 HS: Dạ giúp mọi người đoàn kết và không ai bị tổn thương ạ.
 AI: Đúng rồi! Em thử kết hợp các từ như ""Văn minh"", ""Kết nối"", ""Yêu thương"" xem nào?
 HS: Dạ em sẽ viết: ""Cùng xây dựng nhóm lớp văn minh: Nói lời hay, làm việc tốt, kết nối yêu thương!"". Thầy thấy được không ạ?
 AI: Quá tuyệt vời! Lời kêu gọi này chắc chắn sẽ nhận được nhiều sự ủng hộ đấy."
HNMU-G7-R0072-STT1,shared/raw_data/HNMU-teacher_dialog_samples/Lớp 7.xlsx,72,7,Lớp 7,1,Bài 6: Làm quen với phần mềm bảng tính,Mục 1. Giao diện (Tr. 41 SGK),Phần mềm bảng tính là gì?,Nhận biết (Nêu được khái niệm),"Là phần mềm được thiết kế để giúp ghi lại và trình bày thông tin dưới dạng bảng, thực hiện các tính toán và xây dựng các biểu đồ biểu diễn một cách trực quan các số liệu,.","HS: Thầy AI ơi, phần mềm bảng tính là gì ạ? Em thấy nó giống Word nhưng lại có nhiều ô quá.
AI: Chào em! Để bắt đầu, em hãy nhớ lại dự án ""Trường học xanh"" chúng ta đang làm. Nếu em cần quản lý danh sách cây trồng và tính tổng kinh phí cho cả lớp, việc dùng các hàng và cột có giúp em dễ nhìn hơn không?
HS: Dạ có chứ ạ, nhìn vào bảng là biết ngay bạn nào trồng cây gì.
AI: Đúng rồi! Vậy một công cụ giúp em trình bày bảng biểu, tự động tính toán và còn vẽ được biểu đồ từ số liệu đó, em sẽ gọi nó là gì?
HS: Đó chính là phần mềm bảng tính ạ!"
HNMU-G7-R0073-STT2,shared/raw_data/HNMU-teacher_dialog_samples/Lớp 7.xlsx,73,7,Lớp 7,2,Bài 6: Làm quen với phần mềm bảng tính,Mục 1. Giao diện (Tr. 42 SGK),Các hàng của trang tính được đặt tên như thế nào?,Nhận biết (Nêu được tên thành phần),"Các hàng được đặt tên theo số thứ tự 1, 2, 3... từ trên xuống dưới.","HS: Thầy ơi, làm sao em gọi tên một hàng bất kỳ trên màn hình ạ?
AI: Em hãy nhìn vào mép bên trái của vùng làm việc. Em thấy dãy ký hiệu nào chạy dọc từ trên xuống dưới không?
HS: Em thấy các số 1, 2, 3... ạ.
AI: Chính xác! Vậy theo em, để chỉ định một hàng nằm ngang, người ta sẽ dùng chữ cái hay dùng số?
HS: Dạ dùng số ạ. Em hiểu rồi!"
HNMU-G7-R0074-STT3,shared/raw_data/HNMU-teacher_dialog_samples/Lớp 7.xlsx,74,7,Lớp 7,3,Bài 6: Làm quen với phần mềm bảng tính,Mục 1. Giao diện (Tr. 42 SGK),Các cột của trang tính được đặt tên như thế nào?,Nhận biết (Nêu được tên thành phần),"Các cột được đặt tên theo bảng chữ cái A, B, C... từ trái sang phải.","HS: Vậy còn các chữ cái A, B, C ở phía trên là gì hả thầy?
AI: Em đã biết hàng được đánh số rồi. Vậy các chữ cái nằm ở phía trên cùng, theo chiều dọc, sẽ đại diện cho thành phần nào đối lập với hàng?
HS: Chắc là tên của các cột ạ!
AI: Rất giỏi! Tên cột được đặt theo bảng chữ cái. Em thử đoán xem sau cột Z sẽ là cột gì không?
HS: Em đoán là cột AA ạ!
AI: Xuất sắc, em đã nắm vững quy luật đặt tên rồi đấy."
HNMU-G7-R0075-STT4,shared/raw_data/HNMU-teacher_dialog_samples/Lớp 7.xlsx,75,7,Lớp 7,4,Bài 6: Làm quen với phần mềm bảng tính,Mục 1. Giao diện (Tr. 42 SGK),Giao của một hàng và một cột trong trang tính gọi là gì?,Nhận biết (Biết được khái niệm),Giao của một hàng và một cột được gọi là Ô tính.,"HS: Thầy ơi, mỗi cái khung chữ nhật nhỏ nhỏ này mình gọi là gì ạ?
AI: Em hãy nhìn vào nơi mà cột B và hàng số 3 ""gặp nhau"". Vùng giao nhau đó tạo thành một đơn vị nhỏ nhất để nhập dữ liệu. Em thử tìm trong sách xem tên gọi của nó là gì?
HS: Dạ là ""Ô tính"" đúng không thầy?
AI: Tuyệt vời! Ô tính chính là nơi em sẽ thực hiện mọi phép tính sau này."
HNMU-G7-R0076-STT5,shared/raw_data/HNMU-teacher_dialog_samples/Lớp 7.xlsx,76,7,Lớp 7,5,Bài 6: Làm quen với phần mềm bảng tính,Mục 1. Hoạt động 1 (Tr. 41 SGK),Nêu ưu điểm của việc trình bày thông tin bằng bảng tính so với văn bản thông thường.,Thông hiểu (Giải thích được lợi ích),"Giúp thông tin cô đọng, dễ so sánh và có thể thực hiện tính toán tự động nhanh chóng.","HS: Tại sao mình không dùng Word để lập bảng cho nhanh mà phải học cái này ạ?
AI: Một câu hỏi rất hay! Nếu em thay đổi một con số trong bảng của Word, máy tính có tự tính lại tổng cho em không?
HS: Dạ không, em phải lấy máy tính bỏ túi ra tính lại rồi gõ vào ạ.
AI: Còn ở bảng tính, chỉ cần thay số, kết quả sẽ tự cập nhật ngay lập tức. Ngoài ra, việc so sánh số liệu giữa các năm cái nào sẽ trực quan hơn khi có biểu đồ?
HS: Dùng bảng tính sẽ nhanh và chuyên nghiệp hơn nhiều ạ!"
HNMU-G7-R0077-STT6,shared/raw_data/HNMU-teacher_dialog_samples/Lớp 7.xlsx,77,7,Lớp 7,6,Bài 6: Làm quen với phần mềm bảng tính,Mục 1. Kiến thức mới (Tr. 42 SGK),Phân biệt sự khác nhau giữa Trang tính (Worksheet) và Cuốn bảng tính (Workbook).,Thông hiểu (Phân biệt được),Workbook là tệp bảng tính (chứa nhiều trang); Worksheet là một trang tính cụ thể trong tệp đó.,"HS: Thầy ơi, em thấy lúc thì gọi là Workbook, lúc lại gọi Worksheet, chúng có là một không ạ?
AI: Hãy tưởng tượng em có một quyển vở bài tập Tin học. Cả ""quyển vở"" đó là Workbook, vậy mỗi ""trang giấy"" bên trong sẽ tương ứng với cái gì?
HS: Là Worksheet ạ!
AI: Rất chính xác! Một tệp (Workbook) có thể chứa nhiều trang tính khác nhau. Em đã phân biệt rất tốt rồi."
HNMU-G7-R0078-STT7,shared/raw_data/HNMU-teacher_dialog_samples/Lớp 7.xlsx,78,7,Lớp 7,7,Bài 6: Làm quen với phần mềm bảng tính,Mục 1. Giao diện (Tr. 42 SGK),"Làm thế nào để nhận biết một ô tính đang là ""ô kích hoạt""?",Thông hiểu (Giải thích được đặc điểm),Ô được kích hoạt sẽ có viền đậm xung quanh và tên địa chỉ ô hiện ở hộp danh xưng (Name box).,"HS: Em nháy chuột lung tung rồi không biết mình đang đứng ở ô nào để gõ nữa thầy ơi.
AI: Đừng lo! Em hãy nhìn kỹ vào ô mà em vừa nháy chuột. Viền của nó có gì khác so với các ô còn lại không?
HS: Dạ, nó có cái viền đen đậm bao quanh ạ.
AI: Đúng rồi! Đó là dấu hiệu thứ nhất. Bây giờ em nhìn lên góc trên bên trái, phía trên cột A, em thấy có chữ gì hiện lên không?
HS: A, em thấy chữ C5 hiện ở đó ạ!
AI: Giỏi lắm, đó là địa chỉ của ô đang được kích hoạt đấy."
HNMU-G7-R0079-STT8,shared/raw_data/HNMU-teacher_dialog_samples/Lớp 7.xlsx,79,7,Lớp 7,8,Bài 6: Làm quen với phần mềm bảng tính,Mục 2. Nhập dữ liệu (Tr. 44 SGK),Trình bày các bước để nhập dữ liệu vào một ô tính.,Thông hiểu (Trình bày được quá trình),Bước 1: Chọn ô tính. Bước 2: Nhập dữ liệu từ bàn phím. Bước 3: Nhấn phím Enter (hoặc Tab) để kết thúc.,"HS: Em gõ tên cây vào ô rồi mà cái vạch nhấp nháy cứ đứng đó, em không sang ô khác được.
AI: Để máy tính biết em đã ""chốt"" xong nội dung cho ô đó, em cần nhấn một phím ra lệnh. Em thử nhấn phím Enter xem điều gì xảy ra?
HS: A, nó nhảy xuống ô dưới rồi thầy!
AI: Tốt lắm! Vậy nếu em muốn nhập xong mà máy tự nhảy sang ô bên phải thì em dùng phím nào?
HS: Em nhớ là phím Tab ạ! Em làm được rồi."
HNMU-G7-R0080-STT9,shared/raw_data/HNMU-teacher_dialog_samples/Lớp 7.xlsx,80,7,Lớp 7,9,Bài 6: Làm quen với phần mềm bảng tính,Hình 4.2 (Tr. 42 SGK),Thanh công thức (Formula bar) dùng để làm gì?,Thông hiểu (Giải thích được chức năng),"Dùng để nhập, hiển thị dữ liệu hoặc công thức trong ô tính được chọn.","HS: Thầy ơi, cái thanh dài ngoằng phía trên các tên cột dùng để làm gì ạ?
AI: Em hãy chọn ô C5 lúc nãy và nhìn lên thanh đó xem nó hiện nội dung gì?
HS: Nó hiện y hệt nội dung em vừa gõ vào ô C5 ạ.
AI: Đúng vậy! Nó giúp em nhìn rõ các công thức tính toán dài mà ô tính nhỏ không hiển thị hết được. Vậy chức năng của nó là gì nhỉ?
HS: Để hiển thị và sửa nội dung hoặc công thức của ô ạ!"
HNMU-G7-R0081-STT10,shared/raw_data/HNMU-teacher_dialog_samples/Lớp 7.xlsx,81,7,Lớp 7,10,Bài 6: Làm quen với phần mềm bảng tính,Mục 2. Lưu ý (Tr. 46 SGK),Phần mềm bảng tính tự động căn lề dữ liệu số và dữ liệu chữ như thế nào?,Thông hiểu (Phân biệt được),"Dữ liệu số tự động căn lề phải; dữ liệu chữ tự động căn lề trái,.","HS: Thầy ơi, sao em gõ ""Hoa hồng"" thì nó nằm bên trái, còn gõ số ""15"" nó lại nhảy sang phải ô ạ?
AI: Đó là cách thông minh để máy tính giúp em phân biệt loại dữ liệu đấy. Theo em, loại nào thì thường được dùng để tính toán (cộng, trừ...)?
HS: Dạ là số ạ.
AI: Đúng rồi! Những gì dùng để tính (Số) sẽ nhảy sang phải. Còn chữ viết (văn bản) sẽ nằm bên nào?
HS: Sẽ nằm bên trái ạ. Hay quá, nhờ vậy mà em biết mình có gõ nhầm số thành chữ không!"
HNMU-G7-R0082-STT11,shared/raw_data/HNMU-teacher_dialog_samples/Lớp 7.xlsx,82,7,Lớp 7,11,Bài 6: Làm quen với phần mềm bảng tính,Luyện tập 2 (Tr. 74 SGV),Vùng dữ liệu trên trang tính có hình gì?,Thông hiểu (Nhận biết hình dạng),Hình chữ nhật.,"HS: Khi em kéo chuột chọn một nhóm ô, em thấy nó luôn hiện ra cái khung màu xanh. Khung đó có hình gì vậy thầy?
AI: Em hãy đếm xem vùng đó có mấy cạnh và các góc của nó như thế nào?
HS: Nó có 4 cạnh và 4 góc vuông ạ.
AI: Vậy trong môn Toán, hình có đặc điểm như thế gọi là hình gì?
HS: Dạ là hình chữ nhật ạ!
AI: Chính xác! Mọi vùng chọn trong bảng tính đều có quy chuẩn là hình chữ nhật."
HNMU-G7-R0083-STT12,shared/raw_data/HNMU-teacher_dialog_samples/Lớp 7.xlsx,83,7,Lớp 7,12,Bài 6: Làm quen với phần mềm bảng tính,Mục 1. Giao diện (Tr. 42 SGK),Địa chỉ của một ô tính được xác định như thế nào? Nêu ví dụ.,Vận dụng (Xác định được cấu trúc),"Địa chỉ ô = Tên cột + Tên hàng. Ví dụ: A1, B10, E5.","HS: Làm sao để em đọc tên một ô chính xác cho bạn em hiểu ạ?
AI: Rất đơn giản! Em cứ đọc tên ""Cột"" trước rồi đến tên ""Hàng"" sau. Nếu một ô nằm ở cột D và hàng 10 thì tên nó là gì?
HS: Dạ là D10 ạ!
AI: Rất chuẩn! Vậy nếu thầy nói ô ""15C"" thì có đúng quy tắc không?
HS: Dạ không, phải là C15 mới đúng ạ!
AI: Em đã nắm vững quy tắc rồi đấy."
HNMU-G7-R0084-STT13,shared/raw_data/HNMU-teacher_dialog_samples/Lớp 7.xlsx,84,7,Lớp 7,13,Bài 6: Làm quen với phần mềm bảng tính,Mục 3. Thực hành (Tr. 46 SGK),"Để xóa toàn bộ dữ liệu trong một vùng đã chọn, em sử dụng phím nào?",Vận dụng (Thực hiện được thao tác),"Nhấn phím Delete trên bàn phím,.","HS: Em lỡ nhập sai cả một bảng dữ liệu, giờ muốn làm lại từ đầu thì có cách nào xóa nhanh không thầy?
AI: Đầu tiên, em hãy dùng chuột ""bôi đen"" (chọn) toàn bộ vùng muốn xóa nhé. Sau đó, em tìm trên bàn phím xem có phím nào có nghĩa là ""Xóa"" trong tiếng Anh không?
HS: Em thấy phím Delete ạ. Em nhấn thử nhé... Ôi sạch hết rồi thầy ơi!
AI: Giỏi lắm! Phím Delete là công cụ giúp em dọn dẹp dữ liệu cực nhanh đấy."
HNMU-G7-R0085-STT14,shared/raw_data/HNMU-teacher_dialog_samples/Lớp 7.xlsx,85,7,Lớp 7,14,Bài 6: Làm quen với phần mềm bảng tính,SGV Tr. 74,Địa chỉ của một vùng dữ liệu được viết như thế nào?,Vận dụng (Xác định lựa chọn phù hợp),Địa chỉ ô góc trên bên trái : địa chỉ ô góc dưới bên phải.,"HS: Thầy ơi, nếu em muốn nói về cả một cụm ô từ A1 đến C3 thì viết thế nào cho ngắn gọn trong công thức ạ?
AI: Người ta dùng dấu hai chấm (:) để nối ô đầu và ô cuối của vùng đó. Ô đầu tiên là ô ở góc trên bên trái, ô cuối là ô ở góc dưới bên phải. Em thử ghép lại xem nào?
HS: Có phải là A1:C3 không thầy?
AI: Xuất sắc! Dấu hai chấm đó có ý nghĩa là ""đến"". Em đã sẵn sàng để thực hiện các phép tính phức tạp hơn rồi đó!"
HNMU-G7-R0086-STT1,shared/raw_data/HNMU-teacher_dialog_samples/Lớp 7.xlsx,86,7,Lớp 7,1,Bài 7: Tính toán tự động trên bảng tính,Mục 1. Kiểu dữ liệu (Tr. 47 SGK),Nêu các kiểu dữ liệu chính trên bảng tính.,Nhận biết (Nêu được các kiểu dữ liệu),"Có 3 kiểu dữ liệu chính: số, chữ (văn bản) và ngày tháng.","HS: Thầy ơi, trong bảng tính mình chỉ nhập được số thôi đúng không ạ? 
AI: Chào em! Em hãy nhìn lại bảng khảo sát ""Trường học xanh"". Ngoài con số ""15"", em còn thấy tên các loại hoa hay ngày tháng khảo sát không? 
HS: Dạ có, có chữ ""Hoa hồng"" và ngày ""15/12/2022"" nữa ạ. 
AI: Đúng rồi! Vậy bảng tính có thể chứa những loại thông tin nào em vừa liệt kê nhỉ? 
HS: Dạ là kiểu số, kiểu chữ và kiểu ngày tháng ạ!"
HNMU-G7-R0087-STT2,shared/raw_data/HNMU-teacher_dialog_samples/Lớp 7.xlsx,87,7,Lớp 7,2,Bài 7: Tính toán tự động trên bảng tính,Mục 2. Công thức (Tr. 48 SGK),Phép toán lũy thừa trong bảng tính được ký hiệu bằng ký tự gì?,Nhận biết (Nêu được ký hiệu),Ký hiệu là dấu mũ (^).,"HS: Thầy ơi, em muốn tính 23 trong Excel thì gõ dấu gì ạ? 
AI: Em hãy quan sát phím số 6 trên bàn phím nhé. Em có thấy biểu tượng hình cái mũ nhỏ (^) không? 
HS: Dạ em thấy rồi ạ. 
AI: Trong bảng tính, đó chính là ký hiệu thay cho phép lũy thừa đấy. Vậy để tính 23 em sẽ dùng ký hiệu nào? 
HS: Em dùng dấu ^ ạ. Em cảm ơn thầy!"
HNMU-G7-R0088-STT3,shared/raw_data/HNMU-teacher_dialog_samples/Lớp 7.xlsx,88,7,Lớp 7,3,Bài 7: Tính toán tự động trên bảng tính,Mục 2. Công thức (Tr. 48 SGK),"Khi nhập công thức vào ô tính, ký hiệu nào bắt đầu đầu tiên?",Nhận biết (Nêu được đặc điểm),Bắt đầu bằng dấu bằng (=).,"HS: Em gõ 10+20 vào ô mà nó không ra 30 thầy ơi. 
AI: Để bảng tính hiểu em đang muốn ""tính toán"" chứ không phải chỉ ""viết chữ"", em cần một ""dấu hiệu"" đặc biệt ở đầu câu. Em thử nhìn các ví dụ hình 7.2 xem, các phép tính đều bắt đầu bằng dấu gì? 
HS: A, đều có dấu bằng (=) ở phía trước ạ! 
AI: Chính xác! Luôn nhớ ""vũ khí"" đầu tiên khi tính toán là dấu bằng em nhé."
HNMU-G7-R0089-STT4,shared/raw_data/HNMU-teacher_dialog_samples/Lớp 7.xlsx,89,7,Lớp 7,4,Bài 7: Tính toán tự động trên bảng tính,Mục 2. Công thức (Tr. 48 SGK),Kể tên các phép toán cơ bản trong bảng tính.,Nhận biết (Kể tên được phép toán),"Cộng (+), trừ (-), nhân (*), chia (/) và lũy thừa (^).","HS: Các dấu nhân và chia trong máy tính có giống như mình viết trong vở không thầy? 
AI: Có một chút khác biệt đấy! Em hãy nhìn vào phần bàn phím số, dấu nhân không phải là chữ ""x"" mà là hình một ""ngôi sao"" nhỏ (*). Còn dấu chia thì sao? 
HS: Em thấy dấu gạch chéo (/) ạ. 
AI: Đúng rồi! Vậy 4 phép tính cộng, trừ, nhân, chia sẽ tương ứng với các ký hiệu nào trên máy tính nhỉ? 
HS: Dạ là +, -, * và / ạ!"
HNMU-G7-R0090-STT5,shared/raw_data/HNMU-teacher_dialog_samples/Lớp 7.xlsx,90,7,Lớp 7,5,Bài 7: Tính toán tự động trên bảng tính,Mục 2. Công thức (Tr. 48 SGK),Tại sao việc sử dụng địa chỉ ô trong công thức lại quan trọng hơn dùng số trực tiếp?,Thông hiểu (Giải thích sự cần thiết),"Vì khi dữ liệu trong các ô thay đổi, giá trị của công thức sẽ tự động cập nhật theo.","HS: Em gõ =10+20 hay =A1+B1 (với A1=10, B1=20) thì kết quả đều là 30. Sao phải dùng tên ô cho khó nhớ ạ? 
AI: Giả sử ngày mai số lượng cây ở ô A1 tăng lên thành 50. Nếu em dùng số trực tiếp, kết quả có tự sửa cho em không? 
HS: Dạ không, em phải gõ lại công thức ạ. 
AI: Còn nếu em dùng =A1+B1, máy tính sẽ tự lấy số mới để tính lại ngay lập tức. Em thấy cách nào ""thông minh"" và đỡ tốn sức hơn? 
HS: Dùng địa chỉ ô ạ! Em hiểu sức mạnh của nó rồi."
HNMU-G7-R0091-STT6,shared/raw_data/HNMU-teacher_dialog_samples/Lớp 7.xlsx,91,7,Lớp 7,6,Bài 7: Tính toán tự động trên bảng tính,Mục 2. Kiến thức mới (Tr. 48 SGK),Phân biệt sự khác nhau giữa kết quả hiển thị trong ô và nội dung trên thanh công thức.,Thông hiểu (Phân biệt được),Ô tính hiển thị giá trị kết quả; thanh công thức hiển thị nội dung thực (công thức hoặc dữ liệu thô).,"HS: Thầy ơi, sao trong ô C1 em thấy số 30, mà trên thanh công thức lại hiện =A1+B1? 
AI: Một câu hỏi rất tinh tế! Ô tính giống như ""mặt tiền"" để khoe kết quả cuối cùng. Theo em, nơi nào sẽ cho em biết ""bí mật"" đằng sau để tạo ra con số 30 đó? 
HS: Dạ là thanh công thức ạ! 
AI: Rất giỏi! Vậy khi nhìn vào ô tính, em thấy gì và khi nhìn vào thanh công thức em thấy gì? 
HS: Ô tính hiện kết quả hiển thị, thanh công thức hiện công thức thực sự ạ."
HNMU-G7-R0092-STT7,shared/raw_data/HNMU-teacher_dialog_samples/Lớp 7.xlsx,92,7,Lớp 7,7,Bài 7: Tính toán tự động trên bảng tính,Câu hỏi 2 (Tr. 48 SGK),"Khi sao chép công thức, các phép toán bên trong công thức có bị thay đổi không?",Thông hiểu (Giải thích được tính chất),"Không, các phép toán và quan hệ tương đối được bảo toàn.","HS: Nếu em copy công thức =A1+B1 sang chỗ khác, dấu cộng có bị biến thành dấu trừ không thầy? 
AI: Em thử tưởng tượng khi em photo một bài toán, các con số và dấu tính có bị nhảy lung tung không? 
HS: Dạ không ạ. 
AI: Việc sao chép trong bảng tính cũng vậy, nó giữ nguyên các phép tính. Vậy dấu ""+"" có thay đổi không em? 
HS: Dạ không thay đổi ạ, chỉ có địa chỉ ô là thay đổi theo vị trí mới thôi thầy nhỉ? 
AI: Xuất sắc! Em đã nhận ra đặc điểm quan trọng nhất rồi đấy."
HNMU-G7-R0093-STT8,shared/raw_data/HNMU-teacher_dialog_samples/Lớp 7.xlsx,93,7,Lớp 7,8,Bài 7: Tính toán tự động trên bảng tính,Mục 2. Công thức (Tr. 48 SGK),Trình bày các bước để nhập một công thức vào ô tính.,Thông hiểu (Trình bày được quá trình),B1: Chọn ô; B2: Gõ dấu =; B3: Nhập biểu thức; B4: Nhấn Enter.,"HS: Em muốn tính tổng mà máy cứ báo lỗi hoặc không hiện số, thầy chỉ em các bước chuẩn với ạ. 
AI: Đầu tiên, em cần ""chỉ định"" cho máy tính biết em muốn ghi kết quả vào đâu. Em phải làm gì? 
HS: Em nháy chuột chọn ô đó ạ. 
AI: Tốt! Sau đó, như mình đã học, ""vũ khí"" đầu tiên cần gõ là gì? 
HS: Là dấu bằng ạ. Sau đó gõ các ô cần tính và nhấn Enter. 
AI: Đúng rồi! Em thử thực hiện đủ 4 bước đó xem kết quả thế nào nhé."
HNMU-G7-R0094-STT9,shared/raw_data/HNMU-teacher_dialog_samples/Lớp 7.xlsx,94,7,Lớp 7,9,Bài 7: Tính toán tự động trên bảng tính,Mục 2. Công thức (Tr. 48 SGK),Đọc hiểu ý nghĩa của công thức =10 + A1 * 2. Thứ tự thực hiện phép tính như thế nào?,Thông hiểu (Đọc hiểu được công thức),Thực hiện nhân trước (A1 * 2) rồi mới cộng 10.,"HS: Trong công thức này máy sẽ cộng trước hay nhân trước hả thầy? 
AI: Bảng tính tuân theo đúng quy tắc toán học ""nhân chia trước, cộng trừ sau"". Vậy ở đây máy sẽ xử lý đoạn nào trước? 
HS: Dạ máy sẽ lấy A1 * 2 trước ạ. 
AI: Chính xác! Sau đó nó mới làm gì với số 10? 
HS: Cộng kết quả đó với 10 ạ. 
AI: Rất chuẩn! Nếu muốn cộng trước, em có biết phải dùng thêm dấu gì không? 
HS: Em nghĩ là dùng dấu ngoặc đơn ạ!"
HNMU-G7-R0095-STT10,shared/raw_data/HNMU-teacher_dialog_samples/Lớp 7.xlsx,95,7,Lớp 7,10,Bài 7: Tính toán tự động trên bảng tính,Mục 3. Lưu ý (Tr. 51 SGV),"Giải thích hiện tượng ""tự động tính toán"" khi thay đổi dữ liệu đầu vào.",Thông hiểu (Giải thích được lợi ích),"Do công thức sử dụng địa chỉ ô nên khi dữ liệu ô thay đổi, máy tính tự truy xuất giá trị mới để tính lại.","HS: Thầy ơi, sao em vừa sửa số lượng cây từ 5 thành 10 mà ô ""Tổng tiền"" nó cũng tự nhảy số to hơn vậy ạ? 
AI: Đó là vì trong ô ""Tổng tiền"", em đang dùng con số ""5"" cố định hay đang dùng ""địa chỉ ô"" chứa số đó? 
HS: Dạ em dùng địa chỉ ô ạ. 
AI: Đúng rồi! Máy tính luôn theo dõi ""địa chỉ"" đó. Khi chủ nhà (dữ liệu) đổi, máy tính cập nhật ngay. Em thấy tính năng này có ích gì khi làm các dự án lớn? 
HS: Dạ giúp mình không phải tính lại bằng tay mỗi khi có thay đổi ạ. Tiện quá thầy ơi!"
HNMU-G7-R0096-STT11,shared/raw_data/HNMU-teacher_dialog_samples/Lớp 7.xlsx,96,7,Lớp 7,11,Bài 7: Tính toán tự động trên bảng tính,Luyện tập 2 (Tr. 51 SGV),Viết công thức tại ô G12 để tính tổng số lượng cây dựa trên dữ liệu các ô liên quan.,Vận dụng (Dùng được địa chỉ trong công thức),H12 + 2*K12 (Ví dụ cụ thể từ SGV).,"HS: Thầy ơi, đề bài yêu cầu tính tại ô G12 mà em chưa biết kết nối các ô H12 và K12 thế nào. 
AI: Theo đề bài, tổng số lượng bằng số lượng ở ô H12 cộng với 2 lần ô K12. Em hãy chuyển câu nói đó sang ngôn ngữ ""dấu tính"" xem nào. 
HS: Dạ là H12 + 2 * K12 ạ. 
AI: Rất tốt! Đừng quên ""món đồ"" quan trọng nhất ở đầu công thức nhé. 
HS: Dạ em nhớ rồi: =H12 + 2*K12. Em gõ và ra kết quả rồi ạ!"
HNMU-G7-R0097-STT12,shared/raw_data/HNMU-teacher_dialog_samples/Lớp 7.xlsx,97,7,Lớp 7,12,Bài 7: Tính toán tự động trên bảng tính,Luyện tập 1 (Tr. 51 SGV),"Nếu sao chép công thức =C10*D10 từ ô E10 sang ô E11, công thức tại ô E11 sẽ trở thành gì?",Vận dụng (Xác định được sự thay đổi địa chỉ),C11*D11.,"HS: Thầy ơi, em copy xuống hàng dưới thì công thức có giữ nguyên là C10 và D10 không ạ? 
AI: Khi em dịch chuyển xuống 1 hàng, các con số chỉ tên hàng trong địa chỉ ô cũng sẽ ""nhảy"" theo 1 đơn vị. Vậy số 10 sẽ biến thành số mấy? 
HS: Dạ thành số 11 ạ. 
AI: Đúng rồi! Vậy công thức mới tại ô E11 sẽ là gì nào? 
HS: Là =C11*D11 đúng không thầy? 
AI: Rất chính xác! Đó gọi là tính bảo toàn quan hệ tương đối trong bảng tính đấy."
HNMU-G7-R0098-STT13,shared/raw_data/HNMU-teacher_dialog_samples/Lớp 7.xlsx,98,7,Lớp 7,13,Bài 7: Tính toán tự động trên bảng tính,Mục 2. Thực hành (Tr. 49 SGK),Sử dụng địa chỉ ô để lập công thức tính tiền mua cây (Số lượng * Đơn giá).,Vận dụng (Tạo được biểu thức tính toán),HS thực hiện nhập công thức = địa chỉ ô số lượng * địa chỉ ô đơn giá.,"HS: Em có cột B là số lượng, cột C là đơn giá. Em muốn tính tiền ở cột D thì làm thế nào ạ? 
AI: Ở hàng số 5, ô chứa số lượng là B5, ô chứa đơn giá là C5. Phép tính ""nhân"" trong máy tính là dấu gì em nhỉ? 
HS: Dạ là dấu * ạ. 
AI: Vậy em hãy thử tự viết công thức hoàn chỉnh vào ô D5 xem nào. 
HS: Em gõ =B5*C5... Wow, nó ra số tiền rồi thầy ạ! 
AI: Giỏi lắm! Giờ em hãy thử dùng chuột kéo từ góc ô D5 xuống các hàng dưới xem điều kỳ diệu gì xảy ra nhé."
HNMU-G7-R0099-STT14,shared/raw_data/HNMU-teacher_dialog_samples/Lớp 7.xlsx,99,7,Lớp 7,14,Bài 7: Tính toán tự động trên bảng tính,Mục 4. Thực hành (Tr. 51 SGV),"Thực hiện nhiệm vụ nhập dữ liệu dự kiến số lượng cây và tính toán kinh phí cho dự án ""Trường học xanh"".",Vận dụng (Thực hiện nhiệm vụ giáo viên đặt ra),HS hoàn thành bảng tính THXanh-2.xlsx với đầy đủ các công thức tính toán tự động.,"HS: Thầy ơi, dự án này nhiều loại cây quá, em sợ tính nhầm kinh phí cho cả lớp ạ. 
AI: Đừng lo! Em đã biết cách lập công thức cho 1 hàng rồi. Bây giờ em hãy áp dụng cho toàn bộ danh sách nhé. Bước đầu tiên em sẽ làm gì? 
HS: Em sẽ nhập hết số lượng và đơn giá vào bảng ạ. 
AI: Đúng! Sau đó em dùng công thức nhân để tính tiền từng loại cây, rồi dùng phép cộng để tính ""Tổng cộng"" ở dưới cùng. Em tự tin mình làm được chứ? 
HS: Dạ được ạ, nhờ có công thức tự động nên em chỉ cần gõ một lần rồi sao chép là xong. Em cảm ơn thầy AI nhiều!"
HNMU-G7-R0100-STT1,shared/raw_data/HNMU-teacher_dialog_samples/Lớp 7.xlsx,100,7,Lớp 7,1,Bài 8: Công cụ hỗ trợ tính toán,Mục 1. Hàm (Tr. 52 SGK),Hàm trong bảng tính là gì?,Nhận biết (Biết được khái niệm),Hàm là công thức được định nghĩa từ trước để thực hiện một tính toán cụ thể.,"HS: Thầy ơi, ""hàm"" là cái gì mà nghe giống môn Toán thế ạ? 
AI: Chào em! Em hãy tưởng tượng thay vì phải tự viết một công thức dài để cộng 100 con số, máy tính đã ""gói"" sẵn cách tính đó vào một cái tên ngắn gọn. Việc dùng một cái tên có sẵn để ra lệnh cho máy tính tính toán gọi là gì nhỉ? 
HS: Dạ, là dùng ""hàm"" ạ! 
AI: Rất chính xác! Hàm chính là những công thức thông minh được lập trình sẵn để giúp em làm việc nhanh hơn đấy."
HNMU-G7-R0101-STT2,shared/raw_data/HNMU-teacher_dialog_samples/Lớp 7.xlsx,101,7,Lớp 7,2,Bài 8: Công cụ hỗ trợ tính toán,Mục 1. Hàm (Tr. 52 SGK),Tên hàm dùng để tính trung bình cộng là gì?,Nhận biết (Nêu được tên),Hàm AVERAGE.,"HS: Em muốn tính điểm trung bình mà không muốn dùng phép chia, có hàm nào không thầy? 
AI: Có chứ! Trong tiếng Anh, từ nào có nghĩa là ""trung bình"" và bắt đầu bằng chữ A nhỉ? 
HS: À, là từ Average ạ. 
AI: Giỏi lắm! Vậy tên hàm trong bảng tính cũng chính là từ đó. Em thử đoán xem mình sẽ gõ chữ gì vào ô tính nào? 
HS: Em sẽ gõ =AVERAGE ạ!"
HNMU-G7-R0102-STT3,shared/raw_data/HNMU-teacher_dialog_samples/Lớp 7.xlsx,102,7,Lớp 7,3,Bài 8: Công cụ hỗ trợ tính toán,Câu hỏi 1 (Tr. 52 SGK),"Để tính tổng các số trong một vùng dữ liệu, em dùng hàm gì?",Nhận biết (Nêu tên công cụ),Hàm SUM.,"HS: Thầy ơi, hàm SUM dùng để làm gì ạ? 
AI: Em hãy nhớ lại nút lệnh tự động tính tổng trong Excel thường có ký hiệu Σ. Trong tiếng Anh, ""Sum"" có nghĩa là tổng. Vậy hàm này giúp em thực hiện phép tính gì? 
HS: Dạ, tính tổng ạ. 
AI: Đúng rồi! Em chỉ cần chọn vùng cần tính, hàm SUM sẽ lo phần còn lại."
HNMU-G7-R0103-STT4,shared/raw_data/HNMU-teacher_dialog_samples/Lớp 7.xlsx,103,7,Lớp 7,4,Bài 8: Công cụ hỗ trợ tính toán,Câu hỏi 5 (Tr. 52 SGK),Hàm nào dùng để đếm các ô chứa dữ liệu số?,Nhận biết (Nêu được công dụng),Hàm COUNT.,"HS: Làm sao để biết có bao nhiêu bạn đã nộp tiền mà không phải ngồi đếm từng người hả thầy? 
AI: Em hãy tìm một từ tiếng Anh có nghĩa là ""đếm"". Gợi ý: nó bắt đầu bằng chữ C. 
HS: Dạ là từ Count ạ! 
AI: Xuất sắc! Đó chính là tên hàm giúp em thống kê số lượng các ô có chứa số đấy."
HNMU-G7-R0104-STT5,shared/raw_data/HNMU-teacher_dialog_samples/Lớp 7.xlsx,104,7,Lớp 7,5,Bài 8: Công cụ hỗ trợ tính toán,Hoạt động 1 (Tr. 52 SGK),Tại sao sử dụng hàm SUM(A1:A100) lại tốt hơn việc viết công thức =A1+A2+...+A100?,Thông hiểu (Giải thích được lợi ích),"Giúp viết công thức ngắn gọn, dễ quản lý, tránh sai sót và tiết kiệm thời gian.","HS: Em thấy viết cộng từng ô cũng ra kết quả mà, sao phải học hàm chi cho cực ạ? 
AI: Nếu em có 1000 hàng dữ liệu, em có đủ kiên nhẫn để gõ dấu cộng 999 lần không? 
HS: Dạ chắc là xỉu luôn thầy ơi... 
AI: Vậy việc dùng hàm SUM giúp em khắc phục được khó khăn gì về thời gian và độ dài của công thức? 
HS: Dạ giúp công thức ngắn gọn và làm cực nhanh ạ! 
AI: Rất chuẩn! Đó chính là lý do các chuyên gia luôn dùng hàm."
HNMU-G7-R0105-STT6,shared/raw_data/HNMU-teacher_dialog_samples/Lớp 7.xlsx,105,7,Lớp 7,6,Bài 8: Công cụ hỗ trợ tính toán,Hình 8.2 (Tr. 52 SGK),"Giải thích ý nghĩa của các tham số trong hàm =SUM(A1, B2:B5, 10).",Thông hiểu (Giải thích được ví dụ),"Tính tổng của giá trị ô A1, các ô trong vùng từ B2 đến B5 và số 10.","HS: Thầy ơi, sao trong cái ngoặc của hàm SUM lại có cả dấu phẩy, dấu hai chấm rồi cả số 10 nữa ạ? 
AI: Đó là các ""thành phần"" mà hàm sẽ tính. Dấu hai chấm (:) giữa B2 và B5 có nghĩa là ""từ... đến..."". Vậy B2:B5 là tính mấy ô? 
HS: Dạ là cả một vùng từ B2 đến B5 ạ. 
AI: Tốt! Còn số 10 đứng riêng lẻ nghĩa là nó cộng thêm trực tiếp số đó. Em thấy hàm này có thể tính nhiều loại dữ liệu cùng lúc không? 
HS: Dạ có, cả ô lẻ, cả vùng và cả số tự do nữa ạ."
HNMU-G7-R0106-STT7,shared/raw_data/HNMU-teacher_dialog_samples/Lớp 7.xlsx,106,7,Lớp 7,7,Bài 8: Công cụ hỗ trợ tính toán,Luyện tập (Tr. 54 SGK),Phân biệt sự khác nhau giữa hàm MAX và hàm MIN.,Thông hiểu (Phân biệt được),MAX tìm giá trị lớn nhất; MIN tìm giá trị nhỏ nhất trong các tham số.,"HS: Em hay nhầm MAX với MIN quá, thầy có mẹo nào không? 
AI: Hãy nghĩ đến từ ""Maximum"" (tối đa) và ""Minimum"" (tối thiểu). Nếu thầy muốn tìm bạn cao nhất lớp, thầy dùng ""tối đa"" hay ""tối thiểu""? 
HS: Dạ là Maximum, vậy là hàm MAX ạ. 
AI: Chính xác! Vậy ngược lại, hàm tìm số bé nhất sẽ là...? 
HS: Là MIN ạ! Em nhớ rồi thầy ơi."
HNMU-G7-R0107-STT8,shared/raw_data/HNMU-teacher_dialog_samples/Lớp 7.xlsx,107,7,Lớp 7,8,Bài 8: Công cụ hỗ trợ tính toán,Mục 1. Lưu ý (Tr. 53 SGK),Chuyện gì xảy ra nếu em sử dụng hàm SUM cho một vùng có chứa ô văn bản (chữ)?,Thông hiểu (Giải thích tính chất),"Các hàm (SUM, AVERAGE...) sẽ tự động bỏ qua các ô chứa văn bản hoặc ô trống.","HS: Thầy ơi, em lỡ quét cả cột tiêu đề vào hàm SUM, kết quả có bị sai không ạ? 
AI: Em thử nhìn vào kết quả ở ô tính xem máy có báo lỗi không hay vẫn ra số? 
HS: Dạ nó vẫn ra số bình thường ạ. 
AI: Đó là vì các hàm này rất ""thông minh"", nó sẽ tự động làm gì với những ô không phải là số nhỉ? 
HS: Dạ nó sẽ bỏ qua ạ! 
AI: Rất đúng! Nó chỉ nhặt những con số để tính thôi nên em yên tâm nhé."
HNMU-G7-R0108-STT9,shared/raw_data/HNMU-teacher_dialog_samples/Lớp 7.xlsx,108,7,Lớp 7,9,Bài 8: Công cụ hỗ trợ tính toán,Câu hỏi 6 (Tr. 53 SGK),Các hàm có thể lồng nhau được hay không? Giải thích.,Thông hiểu (Giải thích sự cần thiết),"Có, kết quả của hàm này có thể là tham số của hàm khác để giải quyết bài toán phức tạp.","HS: Thầy ơi, em có thể viết kiểu =SUM(AVERAGE(A1:A5), 10) được không ạ? 
AI: Được chứ! Máy tính sẽ tính cái ở ""trong ngoặc"" trước. Vậy nó sẽ tính trung bình cộng của A1:A5 trước, sau đó lấy kết quả đó làm gì? 
HS: Dạ lấy kết quả đó cộng thêm 10 ạ. 
AI: Tuyệt vời! Việc ""hàm nằm trong hàm"" này giúp em giải được những bài toán cực khó chỉ trong một dòng lệnh đấy."
HNMU-G7-R0109-STT10,shared/raw_data/HNMU-teacher_dialog_samples/Lớp 7.xlsx,109,7,Lớp 7,10,Bài 8: Công cụ hỗ trợ tính toán,Thực hành (Tr. 53 SGK),Mô tả trình tự các bước để nhập hàm vào một ô tính.,Thông hiểu (Trình bày được quá trình),B1: Chọn ô; B2: Gõ dấu =; B3: Gõ tên hàm và mở ngoặc; B4: Nhập tham số; B5: Đóng ngoặc và Enter.,"HS: Em gõ tên hàm xong rồi mà máy cứ trơ ra không tính là sao thầy? 
AI: Em hãy kiểm tra xem trước tên hàm em đã có ""chìa khóa"" mở cửa chưa? 
HS: Chìa khóa là dấu bằng (=) đúng không thầy? Em quên mất! 
AI: Đúng rồi! Sau dấu bằng là tên hàm, vậy sau tên hàm em cần dùng cặp dấu gì để bao lấy các con số? 
HS: Dạ là dấu ngoặc đơn ( ) ạ. 
AI: Rất tốt! Hãy thực hiện theo thứ tự đó nhé."
HNMU-G7-R0110-STT11,shared/raw_data/HNMU-teacher_dialog_samples/Lớp 7.xlsx,110,7,Lớp 7,11,Bài 8: Công cụ hỗ trợ tính toán,Mục 3. Thực hành (Tr. 53 SGK),"Viết hàm tính tổng kinh phí cho dự án ""Trường học xanh"" tại ô E15.",Vận dụng (Dùng được hàm trong công thức),SUM(E4:E14) (Ví dụ thực tế từ dự án).,"HS: Thầy hướng dẫn em tính tổng tiền của cả bảng dự án với ạ. 
AI: Tiền nằm ở cột E, từ hàng số 4 đến hàng số 14. Em định dùng hàm nào để ""gom"" hết số tiền này lại? 
HS: Em dùng hàm SUM ạ. Nhưng viết địa chỉ thế nào thầy? 
AI: Em dùng dấu hai chấm để nối ô đầu và ô cuối của danh sách tiền nhé. 
HS: Dạ, là =SUM(E4:E14) ạ! 
AI: Xuất sắc! Nhấn Enter và xem kết quả nào."
HNMU-G7-R0111-STT12,shared/raw_data/HNMU-teacher_dialog_samples/Lớp 7.xlsx,111,7,Lớp 7,12,Bài 8: Công cụ hỗ trợ tính toán,Vận dụng (Tr. 54 SGK),Sử dụng hàm để tìm loại cây có kinh phí cao nhất trong danh sách.,Vận dụng (Xác định lựa chọn phù hợp),MAX(E4:E14).,"HS: Thầy ơi, làm sao biết loại cây nào tốn nhiều tiền nhất mà không phải nhìn từng dòng ạ? 
AI: Chúng ta vừa học hàm tìm giá trị ""lớn nhất"" rồi. Em còn nhớ tên nó không? 
HS: Dạ là hàm MAX ạ! 
AI: Đúng rồi! Giờ em hãy thử áp dụng hàm MAX vào vùng kinh phí (E4:E14) xem máy báo số bao nhiêu nào. 
HS: Em ra kết quả rồi! Hàm này tiện thật thầy ạ."
HNMU-G7-R0112-STT13,shared/raw_data/HNMU-teacher_dialog_samples/Lớp 7.xlsx,112,7,Lớp 7,13,Bài 8: Công cụ hỗ trợ tính toán,Vận dụng (Tr. 54 SGK),Hãy tính số lượng cây trung bình mà mỗi bạn đã khảo sát được.,Vận dụng (Tạo được sản phẩm số),AVERAGE(D4:D14).,"HS: Thầy giúp em tính trung bình số lượng cây với, cột số lượng là cột D ạ. 
AI: Để tính trung bình, em dùng hàm gì chúng ta vừa học ở câu 2? 
HS: Dạ hàm AVERAGE ạ. Em sẽ viết =AVERAGE(D4:D14) đúng không thầy? 
AI: Rất chính xác! Em đã biết cách áp dụng hàm vào đúng yêu cầu rồi đấy."
HNMU-G7-R0113-STT14,shared/raw_data/HNMU-teacher_dialog_samples/Lớp 7.xlsx,113,7,Lớp 7,14,Bài 8: Công cụ hỗ trợ tính toán,SGV Tr. 78,Thực hiện việc đếm xem có bao nhiêu loại cây đã được liệt kê trong bảng.,Vận dụng (Thực hiện nhiệm vụ giáo viên đặt ra),COUNT(D4:D14) (nếu cột D chứa số lượng).,"HS: Thầy ơi, đề bài bảo đếm xem có bao nhiêu ""loại"" cây, em dùng hàm nào ạ? 
AI: Nếu mỗi loại cây tương ứng với một dòng có ghi số lượng ở cột D, em chỉ cần đếm xem có bao nhiêu ô chứa số ở đó. Hàm nào làm được việc này? 
HS: Dạ là hàm COUNT ạ! Em sẽ quét vùng cột D. 
AI: Giỏi lắm! Em đã hoàn thành việc thống kê cho dự án rồi đó."
HNMU-G7-R0114-STT1,shared/raw_data/HNMU-teacher_dialog_samples/Lớp 7.xlsx,114,7,Lớp 7,1,Bài 9: Trình bày bảng tính,Mục 1. Định dạng dữ liệu (Tr. 57 SGK),Kể tên các lệnh định dạng dữ liệu số cơ bản trong nhóm Number.,Nhận biết (Kể tên được thành phần),"Các lệnh: Định dạng kiểu tiền tệ ($), kiểu tỷ lệ phần trăm (%), tăng/giảm số chữ số thập phân.","HS: Thầy ơi, làm sao để con số 0.15 hiện thành 15% trong bảng tính ạ?
AI: Chào em! Em hãy nhìn vào dải lệnh Home, nhóm Number. Có biểu tượng nào trông giống như ký hiệu phần trăm không?
HS: Dạ em thấy nút % ạ.
AI: Đúng rồi! Đó là một trong các lệnh định dạng số. Ngoài nút đó, em còn thấy nút nào có hình tờ tiền hay dấu phẩy không?
HS: Có nút hình tiền tệ và các nút có mũi tên để chỉnh số thập phân ạ."
HNMU-G7-R0115-STT2,shared/raw_data/HNMU-teacher_dialog_samples/Lớp 7.xlsx,115,7,Lớp 7,2,Bài 9: Trình bày bảng tính,Mục 2. Trình bày bảng tính (Tr. 58 SGK),"Để chèn thêm một hàng mới, em sử dụng lệnh nào trong thẻ Home?",Nhận biết (Nêu được tên lệnh),Lệnh Insert trong nhóm Cells.,"HS: Em quên mất một bạn trong danh sách, giờ muốn thêm một hàng ở giữa thì bấm vào đâu thầy nhỉ?
AI: Em hãy tìm trong thẻ Home, nhóm Cells (Ô). Có nút nào mang ý nghĩa là ""Chèn thêm"" không?
HS: Dạ là nút Insert ạ!
AI: Rất chính xác! Em chỉ cần chọn hàng bên dưới vị trí muốn chèn rồi nhấn Insert là xong."
HNMU-G7-R0116-STT3,shared/raw_data/HNMU-teacher_dialog_samples/Lớp 7.xlsx,116,7,Lớp 7,3,Bài 9: Trình bày bảng tính,Mục 2. Trình bày bảng tính (Tr. 59 SGK),Lệnh nào dùng để gộp nhiều ô thành một ô duy nhất?,Nhận biết (Nêu tên công cụ),Lệnh Merge & Center.,"HS: Em muốn tiêu đề ""Dự án trường học xanh"" nằm giữa và to hết cả chiều ngang của bảng.
AI: Em hãy chọn tất cả các ô ở hàng đầu tiên mà em muốn gộp lại. Sau đó, tìm nút lệnh có hình hai mũi tên ngược chiều nhau trong nhóm Alignment. Tên nó là gì em nhỉ?
HS: Dạ là Merge & Center ạ.
AI: Giỏi lắm! Nút này vừa giúp em gộp ô, vừa căn giữa tiêu đề luôn đấy."
HNMU-G7-R0117-STT4,shared/raw_data/HNMU-teacher_dialog_samples/Lớp 7.xlsx,117,7,Lớp 7,4,Bài 9: Trình bày bảng tính,Câu hỏi 1 (Tr. 75 SGV),Định dạng dữ liệu phần trăm thì dữ liệu sẽ thể hiện kết thúc bằng kí hiệu gì?,Nhận biết (Nhận ra đặc điểm),Kí hiệu %.,"HS: Thầy ơi, sau khi em bấm vào nút định dạng phần trăm, con số của em có thêm chữ gì ở cuối không?
AI: Em hãy thử gõ số 1 rồi nhấn nút % xem điều gì hiện ra nào?
HS: Nó hiện ra 100% ạ.
AI: Đúng vậy! Vậy kí hiệu nào luôn xuất hiện ở cuối khi em dùng định dạng này?
HS: Dạ là kí hiệu % ạ!"
HNMU-G7-R0118-STT5,shared/raw_data/HNMU-teacher_dialog_samples/Lớp 7.xlsx,118,7,Lớp 7,5,Bài 9: Trình bày bảng tính,Mục 2. Trình bày bảng tính (Tr. 59 SGK),Tại sao chúng ta cần sử dụng lệnh gộp ô (Merge cells)?,Thông hiểu (Giải thích lợi ích),"Để tạo tiêu đề bảng cân đối, giúp bảng tính chuyên nghiệp và dễ đọc hơn.","HS: Em thấy để tiêu đề ở ô đầu tiên cũng được, sao phải gộp nhiều ô làm gì cho mất công ạ?
AI: Nếu em để ở ô đầu tiên, khi bảng của em rất rộng, tiêu đề sẽ bị lệch sang một bên. Em có thấy như thế là mất cân đối không?
HS: Dạ có, nhìn nó không đẹp ạ.
AI: Vậy việc gộp các ô lại để tiêu đề nằm chính giữa toàn bộ bảng sẽ mang lại lợi ích gì cho người xem?
HS: Giúp bảng cân đối, chuyên nghiệp và dễ theo dõi hơn ạ!"
HNMU-G7-R0119-STT6,shared/raw_data/HNMU-teacher_dialog_samples/Lớp 7.xlsx,119,7,Lớp 7,6,Bài 9: Trình bày bảng tính,Mục 2. Lưu ý (Tr. 59 SGK),Chuyện gì xảy ra với dữ liệu nếu em gộp nhiều ô đang có nội dung khác nhau?,Thông hiểu (Mô tả hệ quả),"Chỉ giữ lại dữ liệu của ô ở góc trên bên trái, dữ liệu các ô khác sẽ bị mất.","HS: Em định gộp ô tên và ô họ của bạn lại cho gọn, làm thế có sao không thầy?
AI: Máy tính có một quy tắc: ""Chỉ một người được ở lại"". Em hãy thử chọn hai ô có chữ rồi nhấn Merge xem máy báo gì nào?
HS: Nó báo là chỉ giữ lại giá trị phía trên bên trái thôi ạ!
AI: Đúng rồi. Vậy nếu em tiếp tục gộp, nội dung của ô bên phải sẽ đi đâu?
HS: Sẽ bị mất hết ạ. Em hiểu rồi, phải cẩn thận khi gộp ô có dữ liệu!"
HNMU-G7-R0120-STT7,shared/raw_data/HNMU-teacher_dialog_samples/Lớp 7.xlsx,120,7,Lớp 7,7,Bài 9: Trình bày bảng tính,Hoạt động 1 (Tr. 57 SGK),Phân biệt sự khác nhau giữa định dạng màu sắc ô và định dạng màu sắc chữ.,Thông hiểu (Phân biệt được),Màu chữ (Font Color) thay đổi màu của kí tự; Màu ô (Fill Color) thay đổi màu nền của ô tính.,"HS: Thầy ơi, em muốn tô màu vàng cho ô nhưng chữ cũng biến thành màu vàng luôn, em làm sai ở đâu ạ?
AI: Có hai biểu tượng: cái xô sơn và chữ A có gạch màu. Cái nào em nghĩ là để ""đổ sơn"" lên toàn bộ nền ô?
HS: Dạ là cái xô sơn (Fill Color) ạ.
AI: Chính xác! Còn chữ A là để chỉnh màu cho cái gì?
HS: Dạ cho con chữ ạ. Em bấm nhầm vào chữ A nên chữ mới bị đổi màu."
HNMU-G7-R0121-STT8,shared/raw_data/HNMU-teacher_dialog_samples/Lớp 7.xlsx,121,7,Lớp 7,8,Bài 9: Trình bày bảng tính,Câu hỏi 2 (Tr. 75 SGV),Kiểu ngày tháng nào thường dùng ở Việt Nam trong bảng tính?,Thông hiểu (Nhận biết quy chuẩn),Kiểu dd/mm/yyyy.,"HS: Em gõ ngày sinh mà máy cứ hiện tháng trước ngày sau (mm/dd), nhìn khó chịu quá thầy.
AI: Đó là định dạng kiểu Mỹ. Ở Việt Nam, mình thường viết ngày trước hay tháng trước em nhỉ?
HS: Dạ mình viết ngày/tháng/năm ạ.
AI: Đúng rồi! Trong phần mềm, em cần chọn định dạng có ký hiệu dd/mm/yyyy. Theo em, dd là viết tắt của từ gì trong tiếng Anh?
HS: Là day ạ! Vậy mm là month. Em sẽ chỉnh lại cho đúng."
HNMU-G7-R0122-STT9,shared/raw_data/HNMU-teacher_dialog_samples/Lớp 7.xlsx,122,7,Lớp 7,9,Bài 9: Trình bày bảng tính,Mục 1. Kiến thức mới (Tr. 57 SGK),Giải thích tác dụng của việc định dạng dữ liệu trong bảng tính.,Thông hiểu (Giải thích sự cần thiết),"Giúp dữ liệu rõ ràng, dễ hiểu, làm nổi bật thông tin quan trọng và tăng tính thẩm mỹ cho bảng.","HS: Thầy ơi, bảng tính là để tính toán, tại sao trong sách lại dành hẳn một bài để dạy ""Trình bày"" ạ?
AI: Giả sử em có một bảng số liệu toàn số đen trắng, rất khó để tìm ra ô nào là ""Tổng cộng"". Nếu em tô đậm và đổi màu ô đó, việc tìm kiếm có nhanh hơn không?
HS: Dạ nhanh hơn nhiều ạ, nhìn cái thấy ngay.
AI: Đúng vậy! Vậy mục đích của việc này không chỉ là để đẹp, mà còn giúp gì cho người đọc dữ liệu của em?
HS: Giúp thông tin rõ ràng, nổi bật và dễ hiểu hơn ạ!"
HNMU-G7-R0123-STT10,shared/raw_data/HNMU-teacher_dialog_samples/Lớp 7.xlsx,123,7,Lớp 7,10,Bài 9: Trình bày bảng tính,Mục 2. Các bước thực hiện (Tr. 58 SGK),Trình bày các bước để thay đổi độ rộng của một cột.,Thông hiểu (Trình bày được quá trình),B1: Đưa con trỏ vào biên phải tên cột; B2: Kéo thả chuột sang trái/phải hoặc nháy đúp.,"HS: Chữ trong ô của em dài quá nên nó bị tràn sang ô bên cạnh hoặc hiện dấu ###, làm sao đây thầy?
AI: Em hãy đưa con trỏ chuột lên phần tên cột (chữ A, B, C...). Khi thấy con trỏ biến thành hình mũi tên hai chiều, em định làm gì tiếp theo?
HS: Em sẽ kéo nó sang bên phải cho rộng ra ạ.
AI: Rất tốt! Ngoài cách kéo, em có thể nháy đúp chuột (nhấp 2 lần nhanh) để máy tự động chỉnh vừa vặn với chữ dài nhất đấy."
HNMU-G7-R0124-STT11,shared/raw_data/HNMU-teacher_dialog_samples/Lớp 7.xlsx,124,7,Lớp 7,11,Bài 9: Trình bày bảng tính,Vận dụng (Tr. 63 SGK),"Thực hiện định dạng tiêu đề các cột: chữ đậm, căn giữa và tô màu nền khác biệt.",Vận dụng (Định dạng được dữ liệu),"HS thực hiện chọn hàng tiêu đề, nhấn nút B, nút Center và chọn màu trong Fill Color.","HS: Thầy hướng dẫn em làm cho hàng tiêu đề của dự án nổi bật lên với ạ.
AI: Đầu tiên, em hãy chọn toàn bộ hàng chứa tiêu đề. Để làm chữ ""béo"" lên em nhấn nút nào?
HS: Em nhấn nút B ạ. Sau đó em muốn nó nằm chính giữa ô thì chọn nút nào trong nhóm Alignment?
AI: Em hãy tìm nút có các vạch ngang xếp bằng nhau ở giữa nhé. Cuối cùng, hãy chọn một màu nền thật tươi sáng bằng biểu tượng cái xô sơn.
HS: Em làm được rồi! Bảng nhìn chuyên nghiệp hẳn lên thầy ơi."
HNMU-G7-R0125-STT12,shared/raw_data/HNMU-teacher_dialog_samples/Lớp 7.xlsx,125,7,Lớp 7,12,Bài 9: Trình bày bảng tính,Câu hỏi 3-4 (Tr. 75 SGV),"Sử dụng hàm để tính tổng các giá trị 1, 3, 5 và định dạng kết quả theo kiểu số thập phân có 2 chữ số.",Vận dụng (Dùng được hàm và định dạng),Kết quả hàm SUM là 9; định dạng hiển thị thành 9.00.,"HS: Em dùng hàm =SUM(1,3,5) ra kết quả là 9 rồi, giờ em muốn nó hiện thành 9.00 thì làm thế nào ạ?
AI: Em hãy nhìn vào nhóm lệnh Number, có hai nút có các số 0 và mũi tên. Một nút là ""Increase Decimal"" (Tăng), một nút là ""Decrease"" (Giảm). Em thử nhấn nút bên trái xem?
HS: Nó hiện thêm một số 0 thành 9.0 ạ. Em nhấn lần nữa là ra 9.00!
AI: Xuất sắc! Em đã biết cách điều chỉnh độ chính xác của con số hiển thị rồi đó."
HNMU-G7-R0126-STT13,shared/raw_data/HNMU-teacher_dialog_samples/Lớp 7.xlsx,126,7,Lớp 7,13,Bài 9: Trình bày bảng tính,Mục 3. Thực hành (Tr. 60 SGK),Hãy điều chỉnh độ rộng các cột và độ cao các hàng để bảng dữ liệu THXanh.xlsx trông cân đối.,Vận dụng (Thực hiện nhiệm vụ giáo viên đặt ra),HS thực hiện kéo thả biên cột/hàng hoặc dùng lệnh Format -> AutoFit Column Width.,"HS: Thầy ơi, các hàng trong bảng của em có hàng thì cao, hàng thì thấp nhìn rất lộn xộn.
AI: Em hãy chọn toàn bộ các hàng đó nhé. Sau đó, em đưa chuột vào đường kẻ ranh giới giữa hai số thứ tự hàng bất kỳ và kéo nhẹ. Theo em, các hàng khác có thay đổi theo không?
HS: Ôi, tất cả các hàng đều cao bằng nhau luôn rồi thầy ạ!
AI: Đúng vậy. Cách làm này giúp bảng của em trông rất đồng đều và đẹp mắt."
HNMU-G7-R0127-STT14,shared/raw_data/HNMU-teacher_dialog_samples/Lớp 7.xlsx,127,7,Lớp 7,14,Bài 9: Trình bày bảng tính,Mục 3. Thực hành (Tr. 60 SGK),"Hoàn thiện bảng dữ liệu dự án ""Trường học xanh"" với đầy đủ định dạng: tiêu đề gộp ô, kẻ viền cho bảng.",Vận dụng (Tạo được sản phẩm số),"HS hoàn thành bảng tính có đầy đủ khung viền (Borders), tiêu đề căn giữa và các cột số liệu được định dạng phù hợp.","HS: Bước cuối cùng để bảng nhìn giống như trong sách là kẻ các đường viền đen, thầy chỉ em nút đó với ạ.
AI: Em hãy tìm biểu tượng hình ô cửa sổ chia làm 4 phần nhỏ ngay cạnh nút chữ B, I, U nhé. Tên nó là Borders.
HS: Em thấy rồi! Em chọn ""All Borders"" là nó kẻ hết luôn đúng không thầy?
AI: Chính xác! Bây giờ em hãy nhìn lại thành quả của mình và so sánh với mẫu trong sách xem đã hài lòng chưa nào?
HS: Dạ đẹp y hệt luôn rồi ạ! Em cảm ơn thầy AI đã hướng dẫn em."
HNMU-G7-R0128-STT1,shared/raw_data/HNMU-teacher_dialog_samples/Lớp 7.xlsx,128,7,Lớp 7,1,Bài 10: Hoàn thiện bảng tính,Câu hỏi 1 (Tr. 75 SGV),Mặc định các trang tính có được kẻ khung sẵn không?,Nhận biết (Nhận biết được sự có mặt của các thiết bị/thành phần),Không.,"HS: Thầy AI ơi, em thấy trên màn hình Excel có sẵn các đường kẻ ô rồi, vậy khi in ra nó có hiện lên không ạ?
AI: Chào em! Những đường mờ em thấy trên màn hình gọi là gridlines, nó giúp em dễ nhìn ô thôi. Em thử tưởng tượng nếu mình vẽ một bảng lên giấy trắng mà không dùng thước kẻ, tờ giấy đó có ""khung"" không?
HS: Dạ không ạ, chỉ có chữ thôi.
AI: Đúng rồi! Vậy trong bảng tính, mặc định máy có tự kẻ khung ""thật"" cho em không nhỉ?
HS: Dạ em hiểu rồi, là không ạ!"
HNMU-G7-R0129-STT2,shared/raw_data/HNMU-teacher_dialog_samples/Lớp 7.xlsx,129,7,Lớp 7,2,Bài 10: Hoàn thiện bảng tính,Câu hỏi 2 (Tr. 75 SGV),Có thể thực hiện việc sao chép nhanh một trang tính sang trang tính khác được không?,Nhận biết (Nêu được khả năng của phần mềm),Có.,"HS: Em muốn làm một bảng tương tự bảng ""Khảo sát"" ở một Sheet mới mà không muốn gõ lại, có cách nào nhanh không thầy?
AI: Có một ""siêu năng lực"" gọi là sao chép trang tính đấy! Em có bao giờ thử nhấn chuột phải vào tên Sheet ở phía dưới chưa?
HS: Dạ em thấy có chữ ""Move or Copy..."" ạ.
AI: Rất chính xác! Vậy theo em, mình có thể sao chép nhanh toàn bộ nội dung của một trang tính sang chỗ khác không?
HS: Dạ có ạ! Tiện quá thầy ơi."
HNMU-G7-R0130-STT3,shared/raw_data/HNMU-teacher_dialog_samples/Lớp 7.xlsx,130,7,Lớp 7,3,Bài 10: Hoàn thiện bảng tính,Câu hỏi 3 (Tr. 76 SGV),Có thể in một vùng dữ liệu không?,Nhận biết (Biết được nhu cầu sử dụng),Có.,"HS: Bảng của em dài lắm, nhưng em chỉ muốn in 5 dòng đầu để nộp cho tổ trưởng thôi, máy tính có làm được không ạ?
AI: Được chứ em! Thay vì in cả quyển vở, em chỉ cần chọn đúng ""vùng"" mình thích. Em có biết thao tác dùng chuột để bôi đen một nhóm ô gọi là gì không?
HS: Dạ là chọn vùng dữ liệu ạ.
AI: Đúng rồi! Và khi vào lệnh in, máy sẽ cho phép em chỉ in cái ""vùng được chọn"" đó thôi đấy."
HNMU-G7-R0131-STT4,shared/raw_data/HNMU-teacher_dialog_samples/Lớp 7.xlsx,131,7,Lớp 7,4,Bài 10: Hoàn thiện bảng tính,Câu hỏi 4 (Tr. 76 SGV),"Để in một vùng dữ liệu đã chọn, em cần chọn tùy chọn nào trong hộp thoại in?",Nhận biết (Nhận biết được các lựa chọn trong phần mềm),Chọn Print Selection (In vùng đang được đánh dấu).,"HS: Em vào mục Print rồi mà thấy nó hiện cả trang, em phải bấm vào đâu để chỉ in vùng em đã bôi đen ạ?
AI: Em hãy nhìn vào ô Settings (Cài đặt) nhé. Có một lựa chọn chứa từ ""Selection"" (lựa chọn). Em tìm thấy nó không?
HS: Dạ em thấy chữ Print Selection ạ!
AI: Giỏi lắm! Đó chính là chìa khóa để em in đúng phần mình cần đấy."
HNMU-G7-R0132-STT5,shared/raw_data/HNMU-teacher_dialog_samples/Lớp 7.xlsx,132,7,Lớp 7,5,Bài 10: Hoàn thiện bảng tính,Hoạt động 1 (Tr. 61 SGK),Tại sao khi in dữ liệu ra giấy lại không nhìn thấy các đường kẻ mờ trên màn hình?,Thông hiểu (Giải thích được sự cần thiết của công cụ),"Vì các đường kẻ đó chỉ là khung hiển thị, không phải đường viền ô thực sự.","HS: Thầy ơi, tại sao trên máy nhìn rõ ô mà in ra giấy trắng trơn toàn chữ là chữ vậy ạ?
AI: Hãy nhớ lại câu 1 nhé. Những đường mờ đó chỉ để ""hướng dẫn"" mắt em thôi. Để máy in ""hiểu"" là cần vẽ đường kẻ, em cần dùng lệnh gì để ""trang điểm"" cho ô nhỉ?
HS: Dạ phải kẻ đường viền (Borders) ạ.
AI: Rất đúng! Nếu không dùng lệnh Borders, máy in sẽ mặc định tờ giấy của em là gì?
HS: Là một tờ giấy trắng bình thường ạ!"
HNMU-G7-R0133-STT6,shared/raw_data/HNMU-teacher_dialog_samples/Lớp 7.xlsx,133,7,Lớp 7,6,Bài 10: Hoàn thiện bảng tính,Câu hỏi 5 (Tr. 76 SGV),Có thể in nhiều bản đồng thời không?,Thông hiểu (Hiểu được khả năng xử lý của máy tính),Có.,"HS: Tổ em có 5 bạn, em phải bấm lệnh in 5 lần hả thầy?
AI: Máy tính làm việc đó nhanh hơn em tưởng nhiều! Trong hộp thoại Print, em có thấy ô nào ghi chữ Copies kèm một con số không?
HS: Dạ em thấy nó đang ghi số 1 ạ.
AI: Nếu em sửa số đó thành 5 thì máy sẽ làm gì nhỉ?
HS: Dạ nó sẽ tự in ra 5 bản luôn ạ! Em hiểu rồi."
HNMU-G7-R0134-STT7,shared/raw_data/HNMU-teacher_dialog_samples/Lớp 7.xlsx,134,7,Lớp 7,7,Bài 10: Hoàn thiện bảng tính,Mục 1 (Tr. 61 SGK),Tại sao cần thiết lập vùng in (Print Area) trước khi in một bảng dữ liệu lớn?,Thông hiểu (Giải thích được lợi ích của việc trình bày thông tin),"Để đảm bảo in đúng nội dung cần thiết, tiết kiệm giấy và trình bày chuyên nghiệp.","HS: Thầy ơi, sao mình không cứ bấm In luôn cho nhanh mà phải thiết lập vùng in làm gì ạ?
AI: Nếu bảng của em có những ô nháp ở tận cột Z, máy in sẽ in hết hàng chục tờ giấy trắng chỉ để lấy cái ô nháp đó. Theo em, điều này có gây lãng phí không?
HS: Dạ có, tốn giấy và mực lắm ạ.
AI: Đúng rồi! Ngoài tiết kiệm, việc chọn vùng in giúp sản phẩm của em trông như thế nào khi nộp cho giáo viên?
HS: Dạ sẽ gọn gàng và chuyên nghiệp hơn ạ!"
HNMU-G7-R0135-STT8,shared/raw_data/HNMU-teacher_dialog_samples/Lớp 7.xlsx,135,7,Lớp 7,8,Bài 10: Hoàn thiện bảng tính,Mục 1 (Tr. 61 SGK),"Tại sao nên đổi tên các trang tính (Sheet1, Sheet2...) thành tên có ý nghĩa?",Thông hiểu (Hiểu được tầm quan trọng của quản lý dữ liệu),"Giúp quản lý và tìm kiếm dữ liệu dễ dàng, nhanh chóng hơn.","HS: Sheet1 hay Sheet2 thì cũng là nó mà, đổi tên làm gì cho mất công thầy?
AI: Giả sử em có 10 trang tính cho 10 tháng khảo sát. Nếu thầy bảo em tìm dữ liệu tháng 5, em phải bấm vào từng cái để xem à?
HS: Dạ chắc là phải bấm hết 10 cái mới tìm ra ạ.
AI: Vậy nếu em đặt tên là ""Tháng 5"", việc tìm kiếm sẽ thế nào?
HS: Dạ nhìn cái thấy ngay ạ! Em đã hiểu tại sao cần đổi tên rồi."
HNMU-G7-R0136-STT9,shared/raw_data/HNMU-teacher_dialog_samples/Lớp 7.xlsx,136,7,Lớp 7,9,Bài 10: Hoàn thiện bảng tính,Mục 2 (Tr. 61 SGK),"Khi bảng dữ liệu có quá nhiều cột, em nên chọn hướng trang in như thế nào?",Thông hiểu (Trình bày được giải pháp phù hợp tình huống),Nên chọn hướng trang ngang (Landscape).,"HS: Thầy ơi, bảng của em rộng quá, khi in ra nó bị cắt mất 2 cột cuối sang tờ giấy khác rồi.
AI: Đó là vì tờ giấy đang đứng dọc nên không chứa hết chiều ngang. Trong thực tế, nếu một bức tranh phong cảnh rất rộng, em sẽ quay ngang tờ giấy hay để dọc để vẽ?
HS: Dạ em sẽ quay ngang ạ.
AI: Chính xác! Trong bảng tính, em hãy tìm lệnh Orientation và chọn hướng trang nào để bảng không bị cắt?
HS: Dạ là hướng Landscape (ngang) ạ!"
HNMU-G7-R0137-STT10,shared/raw_data/HNMU-teacher_dialog_samples/Lớp 7.xlsx,137,7,Lớp 7,10,Bài 10: Hoàn thiện bảng tính,Mục 1 (Tr. 61 SGK),Việc thay đổi thứ tự các trang tính có làm mất dữ liệu bên trong không?,Thông hiểu (Phân biệt được thao tác quản lý và nội dung),Không.,"HS: Em muốn kéo Sheet ""Tổng cộng"" lên đầu tiên, nhưng em sợ nó bị lỗi công thức hoặc mất số liệu ạ.
AI: Đừng lo lắng! Việc em đổi chỗ các trang giống như em sắp xếp lại thứ tự các trang trong một cuốn sổ tay. Nội dung chữ viết trong trang đó có bị biến mất không?
HS: Dạ chắc chắn là không ạ.
AI: Đúng vậy. Máy tính chỉ di chuyển ""vị trí"" hiển thị thôi, dữ liệu vẫn an toàn. Em cứ mạnh dạn kéo thả nhé!"
HNMU-G7-R0138-STT11,shared/raw_data/HNMU-teacher_dialog_samples/Lớp 7.xlsx,138,7,Lớp 7,11,Bài 10: Hoàn thiện bảng tính,Thực hành (Tr. 61 SGK),"Thực hiện kẻ đường viền cho bảng dữ liệu dự án ""Trường học xanh"".",Vận dụng (Thực hiện được nhiệm vụ giáo viên đặt ra),Chọn vùng -> Home -> Borders -> All Borders.,"HS: Thầy hướng dẫn em cách kẻ viền cho bảng thật nhanh với ạ.
AI: Đầu tiên, em hãy chọn (bôi đen) toàn bộ bảng dữ liệu nhé. Sau đó, trong thẻ Home, em tìm biểu tượng hình ô vuông nhỏ (trông như cửa sổ) nhé. Em thấy nó chưa?
HS: Dạ em thấy rồi, cạnh nút chữ B đậm ạ.
AI: Giỏi lắm! Em bấm vào mũi tên bên cạnh và chọn All Borders. Bảng của em thay đổi thế nào rồi?
HS: Wow, nó có viền đen đậm nhìn như bảng trong sách luôn thầy ơi!"
HNMU-G7-R0139-STT12,shared/raw_data/HNMU-teacher_dialog_samples/Lớp 7.xlsx,139,7,Lớp 7,12,Bài 10: Hoàn thiện bảng tính,Luyện tập 2 (Tr. 63 SGK),Ẩn các cột dữ liệu không cần thiết để in kết quả tóm tắt cho dự án.,Vận dụng (Xác lập được các lựa chọn theo tiêu chí),Chọn cột -> Chuột phải -> Hide.,"HS: Bảng của em có nhiều cột chi tiết quá, em chỉ muốn in cột ""Tên cây"" và ""Tổng kinh phí"" thôi ạ.
AI: Em đã biết cách chọn vùng in, nhưng còn một cách khác là ""giấu"" tạm thời các cột ở giữa đi. Em hãy chọn các cột không cần thiết, rồi nhấn chuột phải xem có chữ gì liên quan đến ""Ẩn"" không?
HS: Dạ có chữ Hide ạ.
AI: Thử bấm xem nào! Giờ bảng của em còn những cột nào?
HS: Dạ chỉ còn đúng 2 cột em cần thôi. Giờ em bấm In là xong đúng không thầy? 
AI: Rất chuẩn! Em đã biết cách tối ưu hóa bảng tính rồi đấy."
HNMU-G7-R0140-STT13,shared/raw_data/HNMU-teacher_dialog_samples/Lớp 7.xlsx,140,7,Lớp 7,13,Bài 10: Hoàn thiện bảng tính,Thực hành (Tr. 61 SGK),"Đổi tên các Sheet thành ""Khảo sát"", ""Kế hoạch"", ""Hoàn thiện"" và sắp xếp theo đúng thứ tự.",Vận dụng (Tạo được sản phẩm số có cấu trúc),Nháy đúp tên Sheet để đổi; kéo thả để sắp xếp.,"HS: Em có 3 Sheet dữ liệu rồi, giờ em muốn đặt tên cho chuyên nghiệp như thầy dạy ạ.
AI: Rất tốt! Em hãy đưa con trỏ chuột xuống chữ ""Sheet1"" và nháy đúp (nhấn 2 lần nhanh) nhé. Chữ đó có bị bôi đen không?
HS: Dạ có, em gõ chữ ""Khảo sát"" vào được rồi ạ!
AI: Tuyệt vời! Em hãy làm tương tự cho các Sheet khác. Sau đó thử dùng chuột ""túm"" lấy tên Sheet và lôi nó sang trái, sang phải xem có được không?
HS: Được luôn thầy ạ, em đã xếp chúng ngay ngắn rồi!"
HNMU-G7-R0141-STT14,shared/raw_data/HNMU-teacher_dialog_samples/Lớp 7.xlsx,141,7,Lớp 7,14,Bài 10: Hoàn thiện bảng tính,Vận dụng (Tr. 63 SGK),Hoàn thiện tệp dữ liệu THXanh.xlsx với đầy đủ định dạng và chuẩn bị để in báo cáo.,Vận dụng (Chuẩn bị được báo cáo của dự án),"Thực hiện tổng hợp các thao tác: đổi tên sheet, kẻ viền, căn chỉnh trang in.","HS: Thầy ơi, em đã làm xong hết các bước rồi, thầy kiểm tra giúp em xem còn thiếu gì để nộp bài cho cô không ạ?
AI: Một bản báo cáo hoàn hảo cần: 1. Tên Sheet rõ ràng; 2. Bảng có kẻ viền; 3. Tiêu đề nổi bật và 4. Đã xem trước khi in (Print Preview) để không bị lệch trang. Em đã check đủ 4 bước này chưa?
HS: Dạ em quên chưa kẻ viền cho bảng tổng kết ở Sheet 3 ạ! Để em làm nốt.
AI: Xuất sắc! Khi nào xong, em hãy vào Print Preview ngắm lại thành quả lần cuối nhé. Em đã thực sự làm chủ được bài học này rồi!"
HNMU-G7-R0142-STT1,shared/raw_data/HNMU-teacher_dialog_samples/Lớp 7.xlsx,142,7,Lớp 7,1,Bài 11: Tạo bài trình chiếu,Mục 1. Trang 64,Nêu được các chức năng cơ bản của phần mềm trình chiếu.,Nhận biết (Nêu được),"Chức năng cơ bản là tạo bài trình chiếu và các hiệu ứng để làm cho nội dung trình bày thêm sinh động, hấp dẫn.","HS: Thầy AI ơi, phần mềm trình chiếu có tác dụng gì chính ạ?
AI: Chào em! Em đã bao giờ xem các thầy cô dùng máy chiếu để dạy học trên lớp chưa?
HS: Dạ em thấy suốt ạ, trên tivi hoặc màn chiếu to đùng.
AI: Đúng rồi. Các bài giảng đó được tạo từ phần mềm trình chiếu. Vậy theo em, mục đích chính của phần mềm này là tạo ra cái gì và làm cho bài giảng trở nên như thế nào?
HS: Để tạo bài trình chiếu và giúp bài giảng sinh động, hấp dẫn hơn ạ.
AI: Chính xác! Em đã tự rút ra được chức năng cơ bản của nó rồi đấy."
HNMU-G7-R0143-STT2,shared/raw_data/HNMU-teacher_dialog_samples/Lớp 7.xlsx,143,7,Lớp 7,2,Bài 11: Tạo bài trình chiếu,Mục 1. Trang 65,Kể tên được các ứng dụng thực tế của phần mềm trình chiếu.,Nhận biết (Nêu/Kể tên được),"Dùng trong các hội thảo, hội nghị, dạy học, quảng cáo, tạo các album ảnh hay video.","HS: Ngoài việc để thầy cô dạy học, phần mềm trình chiếu còn dùng làm gì nữa không ạ?
AI: Câu hỏi rất thực tế! Nếu một công ty muốn giới thiệu sản phẩm mới cho khách hàng xem, họ có thể dùng nó không?
HS: Chắc là có ạ, để chiếu hình ảnh sản phẩm lên.
AI: Rất đúng, đó gọi là dùng để quảng cáo. Vậy nếu em có nhiều ảnh đi chơi lớp và muốn chiếu liên tục trên nền nhạc thì sao?
HS: À, dùng để tạo album ảnh hoặc video ạ!
AI: Tuyệt vời. Đó chính là những ứng dụng phổ biến nhất của nó."
HNMU-G7-R0144-STT3,shared/raw_data/HNMU-teacher_dialog_samples/Lớp 7.xlsx,144,7,Lớp 7,3,Bài 11: Tạo bài trình chiếu,Mục 2. Trang 65,Nhận biết được trang đầu tiên của bài trình chiếu gọi là gì.,Nhận biết (Nhận biết được),"Trang đầu ghi tên bài, thời gian, người trình bày được gọi là Trang tiêu đề.","HS: Em mở phần mềm lên thấy có một slide đầu tiên to lắm, nó dùng để làm gì ạ?
AI: Em thử cầm một cuốn sách lên xem, cái gì nằm ở ngay ngoài cùng để cho người đọc biết tên sách và tác giả?
HS: Dạ là trang bìa của cuốn sách ạ.
AI: Rất thông minh! Bài trình chiếu cũng có một ""trang bìa"" y hệt như vậy nằm ở vị trí đầu tiên. Người ta gọi nó là trang gì nhỉ?
HS: Chắc gọi là trang tiêu đề ạ. Để ghi tên bài và tên người làm!
AI: Hoàn toàn chính xác, em nắm bắt rất nhanh."
HNMU-G7-R0145-STT4,shared/raw_data/HNMU-teacher_dialog_samples/Lớp 7.xlsx,145,7,Lớp 7,4,Bài 11: Tạo bài trình chiếu,Mục 2. Trang 65 (Hộp kiến thức),Nêu được tác dụng của mẫu bố trí (layout) trên trang chiếu.,Nhận biết (Nêu được),Mẫu bố trí giúp người sử dụng trình bày nội dung trên trang chiếu được thuận tiện.,"HS: Trong hộp kiến thức có chữ ""mẫu bố trí"" (layout), nó có nghĩa là gì vậy thầy AI?
AI: Em cứ tưởng tượng ""mẫu bố trí"" giống như một khay cơm có sẵn các ô để đựng cơm, canh, thịt. Việc có sẵn các ô này giúp em sắp xếp thức ăn thế nào?
HS: Giúp sắp xếp gọn gàng và dễ dàng, nhanh chóng hơn ạ.
AI: Đúng thế! Mẫu bố trí trên trang chiếu cũng tạo sẵn các khung chữ và hình ảnh. Vậy nó mang lại tác dụng gì cho người dùng?
HS: Giúp người sử dụng trình bày nội dung thuận tiện hơn ạ. Em hiểu rồi!"
HNMU-G7-R0146-STT5,shared/raw_data/HNMU-teacher_dialog_samples/Lớp 7.xlsx,146,7,Lớp 7,5,Bài 11: Tạo bài trình chiếu,Mục 1. Trang 64 (Câu hỏi sinh thêm),Giải thích được lợi thế của phần mềm trình chiếu so với bảng phấn.,Thông hiểu (Giải thích được),"Cho phép trình bày thông qua việc kết hợp văn bản, hình ảnh, âm thanh, video giúp nội dung sinh động.","HS: Tại sao mình không viết bảng phấn luôn cho nhanh mà phải dùng phần mềm trình chiếu ạ?
AI: Viết bảng rất tốt, nhưng nếu thầy muốn cho em xem một đoạn video về núi lửa phun trào thì bảng phấn có làm được không?
HS: Dạ không ạ, bảng chỉ viết được chữ và vẽ hình đơn giản thôi.
AI: Chuẩn luôn. Vậy phần mềm trình chiếu cho phép ta chèn thêm những loại dữ liệu nào mà bảng phấn không có?
HS: Chèn được hình ảnh màu, âm thanh và video ạ. Nên nó sinh động hơn!
AI: Em giải thích rất xuất sắc và đúng trọng tâm."
HNMU-G7-R0147-STT6,shared/raw_data/HNMU-teacher_dialog_samples/Lớp 7.xlsx,147,7,Lớp 7,6,Bài 11: Tạo bài trình chiếu,Câu hỏi củng cố. Trang 65,Phân tích được những hành động ứng dụng đúng phần mềm trình chiếu.,Thông hiểu (Phân tích được),"Tạo bài giảng, bài hội thảo, quảng cáo, album ảnh (Các đáp án a,b,c đúng; d sai do d là quản lí thu chi).","HS: Câu hỏi trang 65 hỏi ứng dụng nào đúng, em thấy cái nào cũng đúng.
AI: Ta cùng xét nhé. Phần mềm trình chiếu sinh ra để ""chiếu"" và ""trình bày"" cho người khác xem. Vậy đáp án d ""tạo bảng tính toán thu chi"" có nhằm mục đích chiếu cho ai xem không, hay thiên về tính toán?
HS: Tính toán thu chi thì thường dùng phần mềm Bảng tính Excel chứ không mang ra trình chiếu ạ.
AI: Lập luận rất sắc bén! Vậy các đáp án dùng để tạo bài giảng, quảng cáo, album ảnh (a, b, c) là đúng hay sai?
HS: Dạ a, b, c là đúng ạ."
HNMU-G7-R0148-STT7,shared/raw_data/HNMU-teacher_dialog_samples/Lớp 7.xlsx,148,7,Lớp 7,7,Bài 11: Tạo bài trình chiếu,Mục 2. Trang 65,Giải thích được ý nghĩa và vai trò của trang tiêu đề.,Thông hiểu (Giải thích được),"Trang tiêu đề tạo ấn tượng cho người xem từ đầu, giới thiệu tổng quát chủ đề và người trình bày.","HS: Mình làm thẳng vào trang nội dung luôn, bỏ qua trang tiêu đề được không ạ?
AI: Nếu em đi xem phim mà rạp chiếu luôn cảnh hành động, không có tên phim hay giới thiệu đạo diễn diễn viên, em có thấy bỡ ngỡ không?
HS: Có ạ, vì em chưa kịp chuẩn bị tâm lí xem phim gì.
AI: Đúng vậy. Vậy trang tiêu đề đặt ở đầu bài trình chiếu giúp người xem đạt được điều gì trước khi vào chi tiết?
HS: Giúp tạo ấn tượng ban đầu và cho người xem biết trước chủ đề sẽ nói là gì ạ."
HNMU-G7-R0149-STT8,shared/raw_data/HNMU-teacher_dialog_samples/Lớp 7.xlsx,149,7,Lớp 7,8,Bài 11: Tạo bài trình chiếu,Mục 2. Trang 65 (Câu hỏi sinh thêm),Phân biệt được cấu trúc nội dung giữa trang tiêu đề và trang nội dung.,Thông hiểu (Phân biệt được),"Trang tiêu đề có nội dung ngắn gọn (tên bài, người làm). Trang nội dung chứa cấu trúc phân cấp, chi tiết bài học.","HS: Trang tiêu đề và trang nội dung khác nhau ở chỗ nào ạ?
AI: Em hãy nhìn vào Hình 11.2 trong sách. Khung chữ ở trang tiêu đề thường to hay nhỏ, và chữ có nhiều không?
HS: Khung chữ ở trang tiêu đề rất to, và chữ thì rất ít, chỉ có tên bài thôi ạ.
AI: Tốt. Còn ở trang nội dung (Hình 11.3), em thấy người ta dùng các dấu chấm tròn (bullet) để liệt kê thành các danh sách dài đúng không?
HS: Dạ vâng, trang nội dung thì nhiều chữ hơn và chia thành các ý nhỏ. Em phân biệt được rồi ạ!"
HNMU-G7-R0150-STT9,shared/raw_data/HNMU-teacher_dialog_samples/Lớp 7.xlsx,150,7,Lớp 7,9,Bài 11: Tạo bài trình chiếu,Luyện tập. Trang 65 (Sinh thêm),Mô tả được khái niệm cấu trúc phân cấp trong bài trình chiếu.,Thông hiểu (Mô tả được),"Là cách tổ chức thông tin theo các mức độ chính phụ, sử dụng dấu đầu dòng lùi lề khác nhau.","HS: Trong sách có nhắc đến cụm từ ""cấu trúc phân cấp"", nó là gì vậy thầy?
AI: Em để ý khi thầy cô viết bảng: Mục 1 lớn, rồi đến mục a nhỏ, b nhỏ. Đó chính là sự phân cấp. Trong phần mềm, người ta dùng các dấu chấm tròn thụt lề khác nhau để thể hiện. Theo em, ý chính thì thụt lề ít hay nhiều?
HS: Ý chính thì nằm sát lề (thụt ít), còn ý phụ thì thụt sâu vào trong ạ.
AI: Chuẩn xác! Việc tổ chức các ý chính và ý phụ như vậy người ta gọi là cấu trúc gì?
HS: Là cấu trúc phân cấp ạ. Giúp bài nhìn rõ ràng, rành mạch."
HNMU-G7-R0151-STT10,shared/raw_data/HNMU-teacher_dialog_samples/Lớp 7.xlsx,151,7,Lớp 7,10,Bài 11: Tạo bài trình chiếu,Mục 2. Trang 65 (Sinh thêm),Hiểu được sự khác biệt khi thêm slide từ Mẫu bố trí (Layout) và slide trắng (Blank).,Thông hiểu (Hiểu được),"Slide từ mẫu bố trí đã định hình sẵn các vùng chứa nội dung, slide trắng thì người dùng phải tự vẽ các hộp văn bản.","HS: Khi tạo slide mới, em thấy có kiểu ""Title and Content"" và kiểu ""Blank"". Nó khác gì nhau ạ?
AI: ""Blank"" tiếng Anh nghĩa là trống trơn. Nếu chọn ""Blank"", em có khung chữ nào để gõ luôn không?
HS: Dạ không, nó trắng bóc, em phải tự chèn khung Text Box vào mới gõ được.
AI: Đúng rồi. Còn nếu chọn ""Title and Content"" (Tiêu đề và Nội dung) thì phần mềm đã chuẩn bị sẵn cho em những gì?
HS: Nó chuẩn bị sẵn khung to để viết tiêu đề và khung dưới để viết nội dung luôn ạ. Dùng cái này nhàn hơn!"
HNMU-G7-R0152-STT11,shared/raw_data/HNMU-teacher_dialog_samples/Lớp 7.xlsx,152,7,Lớp 7,11,Bài 11: Tạo bài trình chiếu,Vận dụng. Trang 65 (Luyện tập thực hành),Tạo được trang tiêu đề cho một dự án cụ thể.,Vận dụng (Tạo được),"Tạo được slide đầu tiên, gõ đúng tên chủ đề và tên người thực hiện vào các khung Text box tương ứng.","HS: Em muốn tạo trang tiêu đề cho dự án ""Trường học xanh"" của nhóm em thì làm thế nào?
AI: Rất tốt! Em hãy mở phần mềm lên. Ở slide đầu tiên xuất hiện, em nháy chuột vào cái khung to nhất có chữ ""Click to add title"" (Thêm tiêu đề). Em sẽ gõ dòng chữ gì vào đó?
HS: Em sẽ gõ chữ ""DỰ ÁN TRƯỜNG HỌC XANH"" thật to ạ.
AI: Tuyệt vời. Ở khung nhỏ phía dưới ""Click to add subtitle"", em ghi tên những ai?
HS: Em ghi tên các thành viên trong nhóm em ạ. Em làm được ngay đây!"
HNMU-G7-R0153-STT12,shared/raw_data/HNMU-teacher_dialog_samples/Lớp 7.xlsx,153,7,Lớp 7,12,Bài 11: Tạo bài trình chiếu,Mục 2. Trang 65 (Luyện tập thao tác),Sử dụng được chức năng danh sách dấu đầu dòng (Bullet) để tạo cấu trúc phân cấp.,Vận dụng (Sử dụng được),"Dùng phím Tab hoặc nút tăng/giảm lùi lề để phân cấp các ý chính, phụ trong trang nội dung.","HS: Làm sao để thụt đầu dòng tạo ra các ý phụ nhỏ hơn bên trong một ý chính ạ? Em gõ Enter nó cứ thẳng hàng nhau.
AI: Đây là một thủ thuật rất hay! Khi em gõ Enter xuống dòng, phần mềm mặc định đó là ý ngang hàng. Để ""tụt"" nó vào trong biến thành ý phụ, em có nhớ phím nào trên bàn phím nằm phía trên phím Caps Lock không?
HS: À, là phím Tab ạ!
AI: Rất chính xác! Em thử gõ Enter rồi bấm phím Tab xem dấu chấm tròn có tụt vào trong và đổi hình dáng không nhé.
HS: Có ạ! Em dùng phím Tab là phân cấp được rồi."
HNMU-G7-R0154-STT13,shared/raw_data/HNMU-teacher_dialog_samples/Lớp 7.xlsx,154,7,Lớp 7,13,Bài 11: Tạo bài trình chiếu,Luyện tập. Trang 65 (Sinh thêm),"Định dạng được văn bản cơ bản trên trang chiếu (font, cỡ chữ, màu sắc).",Vận dụng (Định dạng được),"Bôi đen đoạn văn, sử dụng các công cụ trong thẻ Home để chỉnh Font chữ, Cỡ chữ, Màu sắc cho nổi bật.","HS: Tiêu đề dự án của em chữ màu đen nhìn hơi chán, làm sao cho nó nổi bật ạ?
AI: Em còn nhớ bài học ở lớp 6 về định dạng văn bản trong Word không? Trước khi đổi màu chữ, bước bắt buộc đầu tiên em phải làm gì với dòng chữ đó?
HS: Em phải bôi đen (chọn) dòng chữ đó ạ.
AI: Đúng rồi! Sau khi bôi đen, em tìm trên thanh công cụ thẻ Home, biểu tượng chữ A có gạch chân màu đỏ là dùng để làm gì?
HS: Biểu tượng đó để đổi màu chữ! Em tự chỉnh màu xanh lá cây và phóng to cỡ chữ lên được rồi ạ."
HNMU-G7-R0155-STT14,shared/raw_data/HNMU-teacher_dialog_samples/Lớp 7.xlsx,155,7,Lớp 7,14,Bài 11: Tạo bài trình chiếu,Vận dụng tổng hợp (Dựa trên bối cảnh dự án),Thể hiện được nội dung tóm tắt của một dự án thành bài trình chiếu 2 slide.,Vận dụng (Thể hiện được),Slide 1: Trang tiêu đề. Slide 2: Trang nội dung mô tả các hoạt động của dự án bằng danh sách phân cấp.,"HS: Cuối tuần nhóm em phải báo cáo dự án ""Triển lãm tin học"". Em cần làm một file trình chiếu nộp cho cô.
AI: Thầy tin em sẽ làm rất tốt! Tổng hợp lại bài học hôm nay, file của em cần tối thiểu 2 slide. Slide số 1 bắt buộc phải là trang gì?
HS: Là trang tiêu đề ghi ""Triển lãm tin học"" và tên nhóm em.
AI: Rất chuẩn! Chuyển sang slide số 2, em sẽ chọn mẫu bố trí (Layout) nào để liệt kê danh sách các sản phẩm triển lãm của nhóm?
HS: Em chọn mẫu ""Title and Content"", dùng dấu đầu dòng (Bullet) để gõ danh sách các sản phẩm ạ.
AI: Tuyệt cú mèo! Kĩ năng của em đã đạt chuẩn rồi đấy. Bắt tay vào làm và lưu file lại thôi nào!"
HNMU-G7-R0156-STT1,shared/raw_data/HNMU-teacher_dialog_samples/Lớp 7.xlsx,156,7,Lớp 7,1,Bài 12: Định dạng đối tượng trên trang chiếu,Mục 1. Trang 69,Nêu được tác dụng của việc sử dụng hình ảnh minh hoạ trên trang chiếu.,Nhận biết (Nêu được),"Làm cho bài trình chiếu thêm sinh động, hấp dẫn, trực quan và dễ hiểu.","HS: Thầy ơi, cô giáo bảo bài thuyết trình của em khô khan quá. Em chẳng biết làm sao cho bớt khô khan.
AI: Đừng lo lắng, chúng ta sẽ làm nó thú vị hơn nhé. Em đã chèn bức ảnh nào vào slide chưa? 
HS: Dạ chưa ạ, em chỉ gõ chữ để giải thích các ý thôi.
AI: Thử tưởng tượng em đang tả một con báo đốm. Thay vì viết 5 dòng miêu tả, em làm cách nào để các bạn nhìn phát hiểu ngay? 
HS: Em sẽ đưa ảnh một con báo đốm lên màn hình ạ!
AI: Rất thông minh! Hành động ""đưa ảnh lên"" đó gọi là sử dụng hình ảnh minh hoạ. Theo em, điều này giúp bài của mình thay đổi thế nào? 
HS: Nó sẽ sinh động, trực quan hơn, người xem không phải đọc nhiều chữ.
AI: Hoàn toàn chính xác! Vậy giải pháp cho bài của em bớt khô khan là gì? 
HS: Em sẽ tìm vài hình ảnh minh hoạ phù hợp để chèn vào các slide ạ.
AI: Chúc em hoàn thành bài thuyết trình thật đẹp nhé!"
HNMU-G7-R0157-STT2,shared/raw_data/HNMU-teacher_dialog_samples/Lớp 7.xlsx,157,7,Lớp 7,2,Bài 12: Định dạng đối tượng trên trang chiếu,Mục 1. Trang 70 (Câu hỏi củng cố),Nhận biết được một số yêu cầu cần thiết đối với hình ảnh minh hoạ.,Nhận biết (Nhận biết được),"Phù hợp nội dung, chất lượng tốt, tính thẩm mĩ, kích thước và vị trí thích hợp.","HS: Thầy ơi, hình ảnh nào chèn vào slide cũng dùng được ạ?
AI: Em nghĩ sao nếu một bức ảnh rất đẹp nhưng khi chèn lên màn hình lớn lại bị mờ, vỡ nét? 
HS: Thế thì nhìn rất xấu và không chuyên nghiệp ạ.
AI: Đúng rồi. Vậy yêu cầu đầu tiên về mặt chất lượng hình ảnh là gì? 
HS: Là hình ảnh phải rõ nét, chất lượng tốt.
AI: Rất tốt. Giả sử em đang làm bài về ""Động vật hoang dã"", em có nên chèn ảnh siêu nhân vào không? 
HS: Dạ không, vì nó chả liên quan gì đến động vật cả.
AI: Tức là hình ảnh còn phải đáp ứng yêu cầu gì nữa đối với bài học? 
HS: Hình ảnh phải phù hợp với nội dung bài học ạ!
AI: Xuất sắc! Hãy ghi nhớ độ sắc nét và tính phù hợp khi chọn ảnh nhé."
HNMU-G7-R0158-STT3,shared/raw_data/HNMU-teacher_dialog_samples/Lớp 7.xlsx,158,7,Lớp 7,3,Bài 12: Định dạng đối tượng trên trang chiếu,Mục 2. Trang 70,Kể tên được một số thuộc tính định dạng văn bản trên trang chiếu.,Nhận biết (Kể tên được),"Phông chữ, cỡ chữ, màu sắc, kiểu chữ (in đậm, in nghiêng...), căn lề.","HS: Em muốn đoạn văn trên slide nhìn bắt mắt hơn thì có những lựa chọn thay đổi nào ạ?
AI: Hãy nghĩ về việc em thiết kế một tấm áp phích. Chữ ở tên tiêu đề em sẽ viết to hay nhỏ? 
HS: Em sẽ viết thật to để mọi người đứng xa cũng thấy.
AI: Rất đúng! ""Viết to"" đó chính là thay đổi thuộc tính nào của văn bản? 
HS: Là thay đổi Cỡ chữ ạ.
AI: Chính xác. Còn nếu em muốn dòng chữ đó có màu xanh lá cây thay vì màu đen thì em phải đổi thuộc tính gì? 
HS: Em sẽ đổi Màu chữ.
AI: Thế em muốn chữ hơi nghiêng đi một chút cho điệu đà thì sao? 
HS: Đó là thay đổi Kiểu chữ ạ! Vậy là có Cỡ chữ, Màu chữ, Kiểu chữ!
AI: Rất xuất sắc! Định dạng trên slide cung cấp đầy đủ các thuộc tính đó."
HNMU-G7-R0159-STT4,shared/raw_data/HNMU-teacher_dialog_samples/Lớp 7.xlsx,159,7,Lớp 7,4,Bài 12: Định dạng đối tượng trên trang chiếu,Mục 2. Trang 70,Nêu được tác dụng của việc định dạng văn bản trên trang chiếu.,Nhận biết (Nêu được),"Làm nổi bật nội dung trọng tâm, giúp người xem dễ đọc và dễ nắm bắt thông tin.","HS: Thầy ơi, em thấy thao tác chỉnh chữ tốn thời gian quá, cứ để mặc định chữ đen có được không ạ?
AI: Em từng đọc một tờ báo mà không có tiêu đề in đậm, không có đoạn nhấn mạnh nào chưa? Cảm giác của em thế nào? 
HS: Em thấy rất chán và lười đọc, nhìn toàn chữ là chữ lộn xộn.
AI: Người xem bài trình chiếu của em cũng sẽ cảm thấy như vậy. Định dạng giúp phá vỡ sự nhàm chán đó. Cụ thể nó giúp ích gì cho các ""từ khoá"" quan trọng? 
HS: Nó làm cho các từ khoá đó nổi bật lên trên nền slide ạ.
AI: Rất đúng! Khi từ khoá nổi bật, khán giả sẽ dễ dàng làm gì hơn khi theo dõi bài của em? 
HS: Họ sẽ dễ dàng nắm bắt thông tin và hiểu ý chính của em hơn.
AI: Tuyệt vời! Giờ em đã thấy việc dành thời gian định dạng là xứng đáng chưa? 
HS: Dạ xứng đáng ạ, em sẽ đi định dạng lại bài ngay!"
HNMU-G7-R0160-STT5,shared/raw_data/HNMU-teacher_dialog_samples/Lớp 7.xlsx,160,7,Lớp 7,5,Bài 12: Định dạng đối tượng trên trang chiếu,Mục 1. Trang 69 (Sinh thêm),Giải thích được vì sao không nên sử dụng quá nhiều hình ảnh trên một trang chiếu.,Thông hiểu (Giải thích được),"Làm cho trang chiếu bị rối, phân tán sự chú ý khỏi thông điệp chính và mất tính thẩm mĩ.","HS: Cô giáo bảo slide của em bị ""rối"", do em chèn 5 cái ảnh. Sao nhiều ảnh lại rối ạ?
AI: Đừng vội nản lòng. Em thử tưởng tượng em bước vào một căn phòng có 5 cái tivi cùng bật 5 kênh khác nhau, em sẽ nhìn vào đâu? 
HS: Em sẽ không biết nhìn vào kênh nào, thấy đau đầu ạ.
AI: Trang chiếu cũng vậy. Hình ảnh là để minh hoạ cho ""thông điệp chính"". Nếu nhồi nhét quá nhiều ảnh, thông điệp chính sẽ ra sao? 
HS: Thông điệp chính sẽ bị mờ nhạt, người xem không biết tập trung vào ý nào.
AI: Rất logic! Ngoài ra, nếu có quá nhiều ảnh, kích thước của chúng sẽ ra sao trên màn hình? 
HS: Kích thước sẽ phải thu nhỏ lại rất nhiều, nhìn không rõ và làm hỏng bố cục thẩm mĩ ạ.
AI: Tuyệt vời, em đã giải thích được nguyên nhân rồi. Hãy chọn ra 1-2 bức ảnh đắt giá nhất để giữ lại nhé."
HNMU-G7-R0161-STT6,shared/raw_data/HNMU-teacher_dialog_samples/Lớp 7.xlsx,161,7,Lớp 7,6,Bài 12: Định dạng đối tượng trên trang chiếu,Mục 2. Trang 70,Trình bày được nguyên tắc về số lượng chữ và màu sắc trên một trang chiếu.,Thông hiểu (Trình bày được),Không nên dùng quá nhiều màu sắc và quá nhiều chữ trên mỗi trang để tránh gây rối mắt cho người xem.,"HS: Bài thuyết trình của em bị chê là loè loẹt và rườm rà. Nguyên tắc phối màu và gõ chữ chuẩn là gì vậy AI?
AI: Lần đầu thiết kế slide ai cũng hay mắc lỗi tham lam chi tiết, không sao đâu. Em hãy nhìn vào các biển báo giao thông bên đường. Chữ trên đó nhiều hay ít? 
HS: Chữ rất ít ạ, chỉ 1-2 từ ngắn gọn.
AI: Đúng thế, để người đi đường lướt qua 2 giây cũng hiểu. Slide cũng cần như vậy. Số lượng chữ trên 1 trang chiếu nên nhiều hay ít? 
HS: Nên ít thôi ạ, chỉ ghi ý chính.
AI: Rất chuẩn. Còn về màu sắc, một biển báo giao thông thường kết hợp mấy màu? 
HS: Chỉ dùng 2-3 màu tương phản mạnh như vàng-đen, đỏ-trắng thôi ạ.
AI: Chính xác. Nếu dùng 7 sắc cầu vồng trên 1 slide thì sao? 
HS: Sẽ gây chói mắt và mất tập trung. Em hiểu rồi, nguyên tắc là ít chữ và không dùng quá nhiều màu sắc!
AI: Cực kì xuất sắc! Hãy tự tin áp dụng để chỉnh lại slide của em nhé."
HNMU-G7-R0162-STT7,shared/raw_data/HNMU-teacher_dialog_samples/Lớp 7.xlsx,162,7,Lớp 7,7,Bài 12: Định dạng đối tượng trên trang chiếu,Mục 2. Trang 70 (Sinh thêm),Phân biệt được sự khác nhau giữa định dạng văn bản trong trình chiếu và trong phần mềm soạn thảo.,Thông hiểu (Phân biệt được),"Trang chiếu thường dùng chữ to hơn, màu sắc nổi bật, độ tương phản cao với nền, chữ cô đọng; Word thường dùng chữ nhỏ và đơn sắc.","HS: Tại sao em copy y nguyên cái đoạn văn bản định dạng chữ đen cỡ 14 bên Word sang PowerPoint mà chiếu lên nhìn xấu tệ?
AI: Gặp tình huống này hơi ức chế nhỉ. Cùng xem vấn đề ở đâu nhé! Trong file Word, em gõ những đoạn văn rất dài đúng không? 
HS: Vâng, em gõ miêu tả dài cả trang A4 luôn.
AI: Khi copy nguyên đoạn văn dài đó vào cái khung của PowerPoint, chữ có tự động bị thu nhỏ lại để nhét cho vừa không? 
HS: Có ạ, nó nhỏ xíu li ti, chiếu lên máy chiếu không ai đọc được.
AI: Đó là điểm khác biệt đầu tiên: Kích thước và độ dài. Vậy trên trang chiếu, em cần chỉnh lại văn bản như thế nào so với Word? 
HS: Em cần xoá bớt chữ đi, chỉ để ý chính và tăng cỡ chữ to lên.
AI: Rất đúng! Điểm thứ hai: Trang Word thường mặc định nền trắng chữ đen. Nếu nền slide PowerPoint của em đang là màu xanh đậm, em vẫn để chữ đen thì sao? 
HS: Sẽ chìm nghỉm luôn. Em phải đổi chữ sang màu trắng hoặc vàng để tương phản với nền xanh.
AI: Tuyệt vời! Em đã tự phân tích được sự khác biệt mấu chốt giữa hai môi trường rồi đó."
HNMU-G7-R0163-STT8,shared/raw_data/HNMU-teacher_dialog_samples/Lớp 7.xlsx,163,7,Lớp 7,8,Bài 12: Định dạng đối tượng trên trang chiếu,Câu hỏi củng cố Mục 2. Trang 70,Nhận diện được một phát biểu sai về định dạng đối tượng trên trang chiếu.,Thông hiểu (Nhận diện được),"Phát biểu ""Dùng càng nhiều màu, nhiều kiểu chữ trên một trang chiếu thì bài càng đẹp"" là phát biểu sai.","HS: Thầy AI, bài tập trắc nghiệm có câu hỏi tìm phát biểu sai. Câu ""Dùng nhiều kiểu chữ, nhiều màu sắc giúp slide đẹp hơn"" vì sao lại sai ạ?
AI: Chúng ta cùng phân tích nhé. Mục đích lớn nhất của trang chiếu là truyền tải thông tin một cách rõ ràng đến người xem. 
HS: Vâng ạ.
AI: Nếu em có 3 dòng chữ, mỗi dòng em dùng một kiểu phông chữ khác nhau (dòng thì chữ in cứng cáp, dòng thì chữ thư pháp uốn lượn), điều gì sẽ xảy ra? 
HS: Người đọc sẽ bị mất tập trung vào hình dáng cái chữ thay vì đọc nội dung.
AI: Rất đúng. Còn nếu mỗi chữ em tô một màu khác nhau (xanh, đỏ, cam, tím) thì sao? 
HS: Nó sẽ loè loẹt và làm giảm tính nghiêm túc, chuyên nghiệp của bài thuyết trình.
AI: Hoàn toàn hợp lí! Vậy em rút ra kết luận gì về phát biểu ""Dùng càng nhiều kiểu chữ, nhiều màu sắc thì càng đẹp""? 
HS: Phát biểu đó là sai bét! Càng đơn giản, nhất quán thì slide mới càng đẹp và dễ đọc.
AI: Cực kì chính xác! Tư duy thẩm mĩ của em rất tốt."
HNMU-G7-R0164-STT9,shared/raw_data/HNMU-teacher_dialog_samples/Lớp 7.xlsx,164,7,Lớp 7,9,Bài 12: Định dạng đối tượng trên trang chiếu,Mục 3. Trang 71,Mô tả được các bước cơ bản để sao chép dữ liệu từ một tệp văn bản sang trang chiếu.,Thông hiểu (Mô tả được),Bôi đen văn bản nguồn -> Sao chép (Ctrl+C) -> Mở trang chiếu -> Nháy chuột vào khung văn bản -> Dán (Ctrl+V).,"HS: Thầy ơi, sao em bôi đen chữ bên Word xong, qua PowerPoint em chả thấy nút Dán (Paste) ở đâu để bấm cả?
AI: Em đừng vội, các phần mềm đôi khi làm mờ hoặc ẩn nút đi nếu em click chưa đúng khu vực đấy. 
HS: Vậy em phải click chuột vào đâu ạ?
AI: Trong PowerPoint, chữ chỉ có thể nằm trong các ""Hộp văn bản"" (Text box). Em thử click chuột vào bên trong cái khung mờ có chữ ""Click to add text"" xem sao. 
HS: A, em thấy con trỏ chuột đang nhấp nháy ở trong khung rồi ạ.
AI: Tốt lắm. Khi con trỏ nhấp nháy, em hãy thử dùng tổ hợp phím trên bàn phím thay vì tìm nút trên màn hình xem. Phím tắt để Dán là gì nhỉ? 
HS: Là tổ hợp Ctrl + V ạ. (Bấm thử) ... Ồ, chữ hiện ra ngay rồi thầy ơi!
AI: Tuyệt vời! Bây giờ em có thể tự mô tả lại 2 bước đơn giản để sao chép dữ liệu từ Word sang PowerPoint cho các bạn khác không? 
HS: Bước 1: Copy bên Word. Bước 2: Phải click chuột vào Text box bên PowerPoint trước, rồi ấn Ctrl + V để Paste.
AI: Rất hoàn hảo, em đã tự giải quyết được trục trặc kĩ thuật rồi đó."
HNMU-G7-R0165-STT10,shared/raw_data/HNMU-teacher_dialog_samples/Lớp 7.xlsx,165,7,Lớp 7,10,Bài 12: Định dạng đối tượng trên trang chiếu,Mục 3. Trang 71 (Kiến thức bổ sung),Giải thích được tác dụng của việc sử dụng công cụ Shapes trong bài trình chiếu.,Thông hiểu (Giải thích được),"Dùng để vẽ các hình học cơ bản (tròn, vuông, mũi tên...), giúp sơ đồ hoá nội dung hoặc làm khung chứa văn bản nổi bật.","HS: Em muốn tự tay vẽ một sơ đồ luồng công việc trên slide mà không biết lấy mũi tên với ô vuông ở đâu.
AI: Em có ý tưởng thiết kế sơ đồ là rất sáng tạo! Sơ đồ của em sẽ cần các ô vuông chứa chữ và các mũi tên nối với nhau đúng không? 
HS: Vâng, chuẩn ý em luôn ạ.
AI: Em thử tìm trên thẻ Insert, có một công cụ mang ý nghĩa là ""Hình khối"" bằng tiếng Anh, biểu tượng của nó là tập hợp mấy hình vuông, tròn đè lên nhau. Em thấy nó không? 
HS: Có phải là nút ""Shapes"" không ạ?
AI: Rất xuất sắc! Em thử bấm vào ""Shapes"" và chọn hình mũi tên rồi kéo chuột ra màn hình xem. 
HS: Ồ, em vẽ được một cái mũi tên ra slide rồi. Thế em muốn vẽ ô vuông thì cũng chèn từ Shapes ạ?
AI: Hoàn toàn chính xác. Vậy em tự tóm tắt lại được công cụ Shapes sinh ra để giải quyết việc gì khi thiết kế slide? 
HS: Nó cung cấp các hình học cơ bản để vẽ sơ đồ, lưu đồ và tạo các khối trang trí cho slide ạ.
AI: Tuyệt cú mèo! Em hãy tự tin dùng nó để vẽ bản đồ công việc của em đi nhé."
HNMU-G7-R0166-STT11,shared/raw_data/HNMU-teacher_dialog_samples/Lớp 7.xlsx,166,7,Lớp 7,11,Bài 12: Định dạng đối tượng trên trang chiếu,Mục 3. Trang 71,Thực hiện được thao tác chèn hình ảnh từ máy tính vào trang chiếu.,Vận dụng (Thực hiện được),Chọn dải lệnh Insert -> Pictures -> Browse đến thư mục chứa ảnh -> Chọn ảnh và nhấn Insert.,"HS: Em biết chèn ảnh vào file Word, nhưng sang PowerPoint giao diện khác quá em mò mãi không ra nút đó.
AI: Chào em, thật ra triết lí thiết kế của các phần mềm Office của Microsoft khá giống nhau. Đừng hoảng nhé! 
HS: Thế nó giấu nút chèn ảnh ở đâu ạ?
AI: Trong Word em vào thẻ Insert đúng không? Em thử nhìn lên thanh menu trên cùng của PowerPoint xem có thấy thẻ Insert không? 
HS: À, em thấy có thẻ Insert giống hệt Word rồi.
AI: Tuyệt! Trong thẻ Insert, ở nhóm công cụ ""Images"", em thấy biểu tượng nào dùng để xử lí ảnh? 
HS: Em thấy nút ""Pictures"", bấm vào thì nó hiện ra lựa chọn ""This Device"".
AI: Rất tinh mắt! Em chọn ""This Device"" (Thiết bị này), sau đó cửa sổ hiện ra em phải làm gì tiếp theo? 
HS: Em mở ổ D, chọn bức ảnh của em, rồi bấm nút Insert ở góc dưới ạ.
AI: Thành công rồi chứ?
HS: Vâng, ảnh đã vào slide rồi thầy ạ. Giao diện cũng không khác Word mấy!
AI: Đúng vậy, em áp dụng khả năng di chuyển kĩ năng từ Word sang rất tốt!"
HNMU-G7-R0167-STT12,shared/raw_data/HNMU-teacher_dialog_samples/Lớp 7.xlsx,167,7,Lớp 7,12,Bài 12: Định dạng đối tượng trên trang chiếu,Mục 3. Trang 71,Định dạng được văn bản tiêu đề của trang chiếu để làm nổi bật nội dung.,Vận dụng (Định dạng được),"Bôi đen văn bản, sử dụng các công cụ trong thẻ Home để chỉnh Font chữ, Cỡ chữ, Màu sắc cho tương phản với nền.","HS: Thầy ơi, sao em bấm nút đổi màu chữ thành đỏ trên thanh công cụ rồi mà chữ trên màn hình vẫn màu đen ạ? PowerPoint bị hỏng hả thầy?
AI: Lỗi này rất nhiều bạn mới học gặp phải, không phải do phần mềm bị hỏng đâu em. 
HS: Thế do đâu ạ? Em làm y như thầy dạy là bấm nút chữ A màu đỏ mà.
AI: Để đổi màu một chiếc áo, em phải cầm chiếc áo đó lên tay trước đã. Với văn bản cũng vậy, em chưa ""cầm"" nó lên thì phần mềm không biết em định tô màu cho đối tượng nào. 
HS: À! Ý thầy là em quên chưa bôi đen (chọn) dòng chữ đó!
AI: Chính xác! Đó là lỗi thao tác kinh điển đấy. Giờ em thử dùng chuột bôi đen dòng tiêu đề đi. 
HS: Dạ xong rồi ạ.
AI: Bây giờ em quay lại thẻ Home, bấm nút tăng cỡ chữ và nút đổi màu đỏ xem phần mềm có nghe lời không? 
HS: Em đổi thành màu đỏ, in đậm, cỡ chữ to đùng được rồi ạ. Hoá ra là quên bôi đen.
AI: Tuyệt vời! Từ giờ trước khi định dạng bất cứ đối tượng nào, hãy nhớ khẩu quyết ""Chọn đối tượng trước, thao tác sau"" nhé!"
HNMU-G7-R0168-STT13,shared/raw_data/HNMU-teacher_dialog_samples/Lớp 7.xlsx,168,7,Lớp 7,13,Bài 12: Định dạng đối tượng trên trang chiếu,Mục 3. Trang 71 (Kiến thức bổ sung),Thêm được văn bản vào bên trong một đối tượng hình khối (Shapes).,Vận dụng (Thêm được),Vẽ hình khối (Insert -> Shapes) -> Nháy chuột phải vào hình khối -> Chọn Edit Text (hoặc Add Text) -> Gõ văn bản.,"HS: Thầy ơi, em muốn gõ chữ vào trong cái hình mũi tên (Shapes). Em vẽ một cái Text box (hộp văn bản) rồi đặt đè lên trên cái mũi tên có được không ạ?
AI: Cách đó cũng hiển thị được chữ, nhưng sẽ rất vất vả khi em muốn di chuyển mũi tên đi chỗ khác vì Text box sẽ bị rớt lại phía sau. Em có muốn một cách thông minh hơn không? 
HS: Có ạ, cách nào mà chữ dính chặt vào thân mũi tên luôn ấy thầy.
AI: Em chọn luôn cái mũi tên đó. Phần lớn các công cụ ẩn để thiết lập cho một đối tượng đều nằm trong menu khi ta sử dụng chuột phải. Em thử nháy phải chuột vào mũi tên xem. 
HS: Em thấy menu hiện ra rồi.
AI: Trong đó có dòng lệnh nào liên quan đến từ ""Text"" (Văn bản) không? 
HS: Có dòng lệnh ""Edit Text"" ạ. Em đoán là nó!
AI: Thử click ngay xem sự kì diệu nào! 
HS: Wow, em gõ được chữ ngay trên thân mũi tên rồi. Khi em kéo mũi tên di chuyển, chữ cũng đi theo luôn.
AI: Tuyệt cú mèo! Đây là kĩ thuật tối ưu nhất để kết hợp hình khối và văn bản đấy em."
HNMU-G7-R0169-STT14,shared/raw_data/HNMU-teacher_dialog_samples/Lớp 7.xlsx,169,7,Lớp 7,14,Bài 12: Định dạng đối tượng trên trang chiếu,Luyện tập. Trang 71,Chỉnh sửa được kích thước và vị trí của hình ảnh minh hoạ trên trang chiếu cho hợp lí.,Vận dụng (Chỉnh sửa được),Nháy chuột chọn ảnh -> Kéo thả các nút tròn ở góc để đổi kích thước -> Nháy và giữ chuột lên ảnh để kéo đến vị trí mới.,"HS: Thầy ơi, em thu nhỏ ảnh xong nhìn mặt người trong ảnh bị bẹp dúm lại, kì cục và xấu xí lắm ạ. Cứu em với!
AI: Cười một chút nào, lỗi làm bẹp ảnh này rất phổ biến với những người mới học thiết kế! Em nhớ lại xem mình đã dùng nút kéo ở vị trí nào của ảnh? Cạnh bên hay ở góc? 
HS: Em cầm ở cạnh bên kéo vào cho nó nhỏ lại cho nhanh ạ.
AI: Đó chính là thủ phạm! Kéo ở các cạnh bên/trên/dưới sẽ làm ảnh bị ép lại và biến dạng (móp méo). Để giữ nguyên tỉ lệ khung hình (không bị bẹp), em bắt buộc phải dùng các nút chấm tròn nằm ở vị trí nào? 
HS: Em đoán là nằm ở 4 GÓC của bức ảnh ạ?
AI: Rất thông minh! Em ấn phím Ctrl + Z để hoàn tác (undo) bức ảnh bị bẹp đi, rồi thử kéo thu nhỏ bằng nút ở GÓC xem nào. 
HS: Dạ em làm được rồi. Ảnh thu nhỏ lại mà mặt người tỉ lệ vẫn chuẩn, không bị méo nữa.
AI: Tốt lắm. Vậy giờ để đẩy bức ảnh sang một bên nhường chỗ cho đoạn văn bản, em dùng chuột làm thao tác gì? 
HS: Em nháy và giữ chuột trái vào khu vực giữa ảnh, kéo thả nó sang bên phải màn hình ạ.
AI: Tuyệt vời! Em xử lí tình huống như một chuyên gia thiết kế thực thụ rồi đấy."
HNMU-G7-R0170-STT1,shared/raw_data/HNMU-teacher_dialog_samples/Lớp 7.xlsx,170,7,Lớp 7,1,Bài 13: Thực hành tổng hợp: Hoàn thiện bài trình chiếu,Mục 1. Trang 72,Nêu được mục đích của việc sử dụng hiệu ứng động trên trang chiếu.,Nhận biết (Nêu được),"Hiệu ứng động giúp các đối tượng thay đổi, làm cho bài trình chiếu thêm sinh động, hấp dẫn và thu hút sự chú ý.","HS: Thầy ơi, cô em bảo bài thực hành này bắt buộc phải có hiệu ứng. Em thấy rườm rà quá, không có được không ạ?
AI: Chào em. Em thử so sánh việc xem một bức ảnh phong cảnh tĩnh và một đoạn video phong cảnh có chim bay, mây trôi nhé. Em thấy cái nào cuốn hút ánh nhìn của mình hơn?
HS: Dạ xem video thích hơn ạ, vì nó có chuyển động nhìn rất chân thực.
AI: Rất đúng! Vậy nếu chữ và hình ảnh trên slide của em cứ ""đơ"" ra trên màn hình từ đầu đến cuối, khán giả sẽ cảm thấy thế nào?
HS: Chắc họ cũng thấy đều đều, nhàm chán giống như đang tự đọc một cuốn sách chữ thôi ạ.
AI: Chính xác sự khác biệt nằm ở đó! Khi ta đưa hiệu ứng vào để từ khoá từ từ hiện ra đúng lúc em đang nói, nó sẽ giúp bài của em đạt được điều gì?
HS: À, nó sẽ làm bài sinh động hơn và mọi người sẽ tập trung nhìn lên màn hình xem cái gì sắp hiện ra tiếp theo.
AI: Tuyệt vời! Đó chính là sức mạnh ""vũ khí"" của hiệu ứng động để em làm chủ sự chú ý của khán giả đấy."
HNMU-G7-R0171-STT2,shared/raw_data/HNMU-teacher_dialog_samples/Lớp 7.xlsx,171,7,Lớp 7,2,Bài 13: Thực hành tổng hợp: Hoàn thiện bài trình chiếu,Hộp kiến thức. Trang 72,Kể tên được hai loại hiệu ứng động chính trong bài trình chiếu.,Nhận biết (Kể tên được),Có hai loại: Hiệu ứng chuyển trang chiếu (Transitions) và hiệu ứng cho các đối tượng trên trang chiếu (Animations).,"HS: Thầy ơi, em muốn thi kì thi Tin học trẻ, phần lí thuyết hỏi có mấy nhóm hiệu ứng cơ bản mà em không biết khoanh vào đâu.
AI: Thầy sẽ giúp em ghi nhớ thật sâu nhé. Em hãy tưởng tượng bài trình chiếu của em là một cuốn truyện tranh 3D. Khi em lật từ trang số 1 sang trang số 2, hành động ""lật trang"" đó tương ứng với loại hiệu ứng nào?
HS: Chắc là hiệu ứng chuyển trang ạ?
AI: Rất chuẩn, tiếng Anh gọi là Transitions. Thế bây giờ, trên chính trang số 2 đó, em muốn bông hoa từ từ nở ra, hoặc chữ hiện lên. Bông hoa và dòng chữ đó được gọi là các gì trên trang chiếu?
HS: Nó là các thành phần, hay các đối tượng nằm trong trang chiếu ạ.
AI: Đúng rồi! Vậy hiệu ứng dành riêng cho bông hoa hay dòng chữ đó gọi là hiệu ứng gì?
HS: Gọi là hiệu ứng cho đối tượng! Nhờ thầy ví dụ mà em hiểu rõ bản chất rồi ạ.
AI: Hoàn hảo! Em hãy tự tin khoanh đáp án ""Có 2 loại: Chuyển trang và Hiệu ứng đối tượng"" nhé!"
HNMU-G7-R0172-STT3,shared/raw_data/HNMU-teacher_dialog_samples/Lớp 7.xlsx,172,7,Lớp 7,3,Bài 13: Thực hành tổng hợp: Hoàn thiện bài trình chiếu,Đánh giá SP. Trang 76 SGV,Nhận biết được thẻ lệnh dùng để tạo mẫu định dạng chung cho toàn bộ bài.,Nhận biết (Nhận biết được),Thẻ lệnh Design (Thiết kế).,"HS: Các bạn nhóm khác làm nền xanh dương rất đẹp, mà bài em toàn nền trắng. Em tìm trong thẻ Home nãy giờ không thấy chỗ nào đổi nền cả.
AI: Thẻ Home chứa các công cụ cơ bản như gõ chữ thôi em ạ. Để thay đổi toàn bộ ""ngoại hình"" và ""thiết kế"" của bài, ta phải vào một thẻ chuyên dụng hơn. 
HS: Thẻ đó tên là gì hả thầy? Em thấy có Insert, Design, Animations...
AI: Thẻ Insert dùng để ""Chèn"" đồ vật (ảnh, bảng). Thẻ Animations là để làm hiệu ứng động. Vậy theo phương pháp loại trừ và ý nghĩa tiếng Anh, thẻ nào mang nghĩa là ""Thiết kế""?
HS: Chắc chắn là thẻ Design rồi ạ. 
AI: Rất thông minh! Em thử nháy chuột vào thẻ Design xem điều kì diệu gì xuất hiện?
HS: Ồ, nó hiện ra một hàng dài các mẫu hình nền phối màu sẵn rất đẹp. Em chỉ cần click chọn 1 cái là tất cả slide đổi theo luôn!
AI: Em làm rất tốt! Đó chính là cách sử dụng mẫu định dạng chung (Themes) đấy."
HNMU-G7-R0173-STT4,shared/raw_data/HNMU-teacher_dialog_samples/Lớp 7.xlsx,173,7,Lớp 7,4,Bài 13: Thực hành tổng hợp: Hoàn thiện bài trình chiếu,Đánh giá SP. Trang 73 SGK,Nêu được các tiêu chí đánh giá một bài trình chiếu báo cáo dự án.,Nhận biết (Nêu được),"Tiêu đề rõ ràng, cấu trúc phân cấp, hiệu ứng hợp lí, tính thẩm mĩ, bố cục logic và hình ảnh minh hoạ phù hợp.","HS: Thầy AI ơi, em làm xong 5 slide rồi mà sợ chưa đạt yêu cầu. Thầy gợi ý em cách tự chấm điểm bài mình được không?
AI: Ý tưởng tự kiểm tra lại (check-list) của em rất chuyên nghiệp! Chúng ta cùng rà soát nhé. Ấn tượng đầu tiên đập vào mắt người xem là trang số 1, em đã làm gì ở trang này chưa?
HS: Em đã ghi chữ to đùng tên dự án ""Trường học xanh"" rồi ạ, có cả tên nhóm em nữa. Vậy là đạt tiêu chí ""Có trang tiêu đề"".
AI: Tuyệt. Tiêu chí thứ hai: Văn bản trên các trang. Em gõ chữ như văn xuôi hay có lùi đầu dòng thụt ra thụt vào theo ý chính, ý phụ?
HS: Em dùng dấu chấm tròn (bullet) để gán cho các ý chính, ý nhỏ thì lùi vào trong. Thầy bảo đó là tiêu chí ""Cấu trúc phân cấp"" đúng không ạ?
AI: Chính xác tuyệt đối! Về phần hình thức, em đã làm cho nó bớt nhàm chán bằng cách thêm ""gia vị"" gì chưa?
HS: Em có chèn hình ảnh minh hoạ cây xanh và cho hiệu ứng chữ mờ dần hiện ra rồi ạ.
AI: Rất xuất sắc! Vậy tổng hợp lại, bài của em đã thoả mãn các tiêu chí: Có tiêu đề, cấu trúc phân cấp, hình ảnh minh hoạ, và hiệu ứng hợp lí. Chúc mừng em đã hoàn thành bài thực hành tổng hợp!"
HNMU-G7-R0174-STT5,shared/raw_data/HNMU-teacher_dialog_samples/Lớp 7.xlsx,174,7,Lớp 7,5,Bài 13: Thực hành tổng hợp: Hoàn thiện bài trình chiếu,Mục 1. Trang 72,Giải thích được vì sao không nên lạm dụng quá nhiều hiệu ứng động trên một trang chiếu.,Thông hiểu (Giải thích được),"Gây mất thời gian, làm khán giả phân tâm khỏi thông điệp chính và rối mắt.","HS: Cô giáo nhận xét bài của em ""chóng mặt quá"". Em chỉ cho mỗi cái ảnh một hiệu ứng bay từ góc màn hình ra, kết hợp quay tròn thôi mà.
AI: Em rất sáng tạo khi kết hợp các hiệu ứng, nhưng có vẻ chúng ta cần tiết chế lại một chút. Em thử nghĩ xem, mục đích chính của khán giả nhìn lên màn hình là để làm gì?
HS: Để đọc nội dung chữ và xem hình ảnh em muốn truyền đạt ạ.
AI: Đúng vậy. Vậy nếu bức ảnh đó mất tới 5 giây để lộn nhào từ xa vào, khán giả sẽ tập trung vào ""nội dung bức ảnh"" hay tập trung vào ""cú lộn nhào""?
HS: Chắc họ mải nhìn nó lộn nhào mà quên mất nội dung luôn ạ.
AI: Sự thật là vậy đấy! Ngoài việc gây phân tâm, nếu slide nào em cũng đợi chữ bay vào từng cái một thì bài thuyết trình của em sẽ bị sao về mặt thời gian?
HS: À, sẽ rất mất thời gian, kéo dài lê thê và có thể bị cháy giáo án.
AI: Rất logic! Từ hai nhược điểm em vừa phân tích, em đã hiểu vì sao không nên lạm dụng hiệu ứng động chưa?
HS: Dạ em hiểu rồi, chỉ nên dùng hiệu ứng đơn giản để chữ hiện ra nhanh gọn, tránh rườm rà ạ."
HNMU-G7-R0175-STT6,shared/raw_data/HNMU-teacher_dialog_samples/Lớp 7.xlsx,175,7,Lớp 7,6,Bài 13: Thực hành tổng hợp: Hoàn thiện bài trình chiếu,Hướng dẫn đánh giá. Trang 77 SGV,Nhận diện được phát biểu sai khi nói về cấu trúc và định dạng bài trình chiếu.,Thông hiểu (Nhận diện được),"Phát biểu ""Cần lưu ý đến tính thẩm mĩ và bản quyền của hình ảnh minh hoạ"" là ĐÚNG. Phát biểu ""Bài trình chiếu dùng càng nhiều hiệu ứng động thì càng tốt"" là SAI.","HS: Bài tập trắc nghiệm yêu cầu đánh dấu Đúng/Sai. Câu ""Nên dùng càng nhiều kiểu chữ và nhiều màu sắc trên một trang thì bài càng đẹp"" đánh thế nào ạ?
AI: Em còn nhớ bài học ở Bài 12 về định dạng đối tượng không? Một trang chiếu nên trình bày tối giản hay sặc sỡ như tắc kè hoa?
HS: Em nhớ rồi, nên trình bày đơn giản, ít chữ và ít màu thôi ạ.
AI: Đúng thế. Nếu em dùng 5 font chữ khác nhau, màu xanh, đỏ, tím, vàng lộn xộn thì hậu quả là gì?
HS: Bài trông sẽ mất đi sự nghiêm túc, thiếu chuyên nghiệp và rất khó đọc chữ.
AI: Rất sắc bén. Dựa vào nhận định đó, em quyết định đánh chữ Đ (Đúng) hay S (Sai) vào câu phát biểu trên?
HS: Chắc chắn là em đánh chữ S (Sai) rồi ạ!
AI: Tuyệt vời, khả năng áp dụng kiến thức cũ để giải quyết vấn đề mới của em rất vững vàng."
HNMU-G7-R0176-STT7,shared/raw_data/HNMU-teacher_dialog_samples/Lớp 7.xlsx,176,7,Lớp 7,7,Bài 13: Thực hành tổng hợp: Hoàn thiện bài trình chiếu,Đánh giá SP. Trang 77 SGV,Phân tích được tác dụng của việc sử dụng cấu trúc phân cấp.,Thông hiểu (Phân tích được),"Giúp bài làm cho nội dung trình bày có bố cục mạch lạc, người xem dễ hiểu, dễ nắm bắt ý chính, ý phụ.","HS: Thầy ơi, sao em không được gõ một đoạn văn bản bình thường như bên Word mà cứ phải dùng cái ""cấu trúc phân cấp"" thụt lề này vậy?
AI: Một câu hỏi rất hay về bản chất của PowerPoint! Khi em đứng thuyết trình, khán giả của em ngồi cách màn hình bao xa?
HS: Thường là ngồi tít dưới lớp, cách mấy mét lận ạ.
AI: Đúng rồi. Với khoảng cách đó, nếu em chiếu một khối chữ đặc xịt (như bài văn), họ có đủ kiên nhẫn và thị lực để đọc từng từ không?
HS: Dạ chắc chắn là không ạ, họ sẽ bỏ cuộc không thèm đọc nữa.
AI: Vậy để cứu vãn tình hình, ""cấu trúc phân cấp"" dùng các dấu chấm tròn (bullet points) và rút gọn thành từ khoá. Khi các ý được tách ra và thụt lề rõ ràng, khán giả sẽ dễ dàng làm gì?
HS: Họ sẽ dễ nhìn thấy các ý chính (ở ngoài) và ý phụ giải thích (ở trong), dễ dàng nắm bắt mạch logic của em hơn.
AI: Cực kì chính xác! Cấu trúc phân cấp chính là ""bản đồ chỉ đường"" giúp khán giả không bị lạc trong biển chữ của em. Em sẵn sàng sửa lại slide của mình chưa?
HS: Em sẵn sàng rồi, em sẽ xoá bớt chữ và gạch đầu dòng phân cấp ngay ạ!"
HNMU-G7-R0177-STT8,shared/raw_data/HNMU-teacher_dialog_samples/Lớp 7.xlsx,177,7,Lớp 7,8,Bài 13: Thực hành tổng hợp: Hoàn thiện bài trình chiếu,Mục 1. Trang 72,Mô tả được các bước cơ bản để gán hiệu ứng động cho một hình ảnh.,Thông hiểu (Mô tả được),Bôi đen/Chọn hình ảnh -> Nháy thẻ Animations -> Chọn một hiệu ứng xuất hiện trong nhóm Entrance.,"HS: Thầy AI ơi, em mở thẻ Animations ra rồi mà tất cả các nút hiệu ứng đều bị chuyển sang màu xám, bấm vào không có tác dụng gì cả!
AI: Aha! Lỗi này thầy dám cá là 99% học sinh mới đều gặp ít nhất một lần. Phần mềm không hề bị đơ đâu.
HS: Vậy sao nút nó lại bị mờ đi thế ạ?
AI: Em hãy tưởng tượng em bảo máy tính: ""Máy tính ơi, làm hiệu ứng xoay tròn đi!"". Máy tính sẽ hỏi ngược lại em câu gì?
HS: Chắc nó hỏi là: ""Xoay tròn cái gì cơ?""
AI: Đúng trọng tâm rồi! Phần mềm đang làm mờ nút vì nó chưa biết em muốn áp dụng hiệu ứng cho đoạn văn bản nào hay bức ảnh nào. Vậy em bỏ sót bước gì?
HS: À, em quên chưa click chuột chọn vào cái ảnh đó! Để em làm lại.
AI: Em thử click vào ảnh xem các nút hiệu ứng trên thanh Animations có sáng lên màu xanh không?
HS: Sáng bừng lên rồi thầy ạ! Xong em chọn hiệu ứng ""Float In"" là xong.
AI: Tuyệt vời. Vậy em chốt lại quy trình chuẩn gồm 2 bước ngắn gọn là gì?
HS: Bước 1: Chọn đối tượng. Bước 2: Vào thẻ Animations và nháy chọn hiệu ứng ạ."
HNMU-G7-R0178-STT9,shared/raw_data/HNMU-teacher_dialog_samples/Lớp 7.xlsx,178,7,Lớp 7,9,Bài 13: Thực hành tổng hợp: Hoàn thiện bài trình chiếu,Đánh giá SP. Trang 73,Hiểu được tầm quan trọng của tính nhất quán trong định dạng trang chiếu.,Thông hiểu (Hiểu được),"Tính nhất quán (cùng font chữ, cùng tông màu) giúp bài trình chiếu chuyên nghiệp, hài hoà và không gây rối mắt khán giả.","HS: Thầy ơi, tiêu chí chấm điểm có mục ""Sử dụng định dạng văn bản hợp lí"". Em dùng 3 loại phông chữ trên 1 slide (Times New Roman, Arial, Comic Sans) thì có bị trừ điểm không?
AI: Em thử đóng vai là người xem nhé. Nếu em đang đọc một văn bản mà cứ nửa câu nét chữ thẳng, nửa câu nét chữ uốn lượn thư pháp thì mắt em phải làm việc thế nào?
HS: Mắt em sẽ phải điều tiết liên tục để quen với mặt chữ, đọc rất mỏi ạ.
AI: Sự mỏi mắt đó sẽ khiến người xem có cảm giác tiêu cực về bài thuyết trình. Trong thiết kế, việc sử dụng chung 1-2 phông chữ xuyên suốt từ đầu đến cuối gọi là tính ""Nhất quán"".
HS: Vậy là sự nhất quán giúp người xem dễ chịu hơn. Thế còn về màu sắc thì sao ạ?
AI: Nếu em dùng nền slide màu tối (xanh đậm), nhưng có một slide em hứng lên lại đổi nền màu sáng (trắng tinh), khán giả sẽ bị chói mắt. Do đó, việc dùng chung một Mẫu định dạng (Theme) sẽ giải quyết được vấn đề gì?
HS: Sẽ đảm bảo tính nhất quán về cả phông chữ và tông màu cho toàn bộ bài ạ.
AI: Cực kì xuất sắc! Em đã hiểu thấu đáo tiêu chí ""hợp lí và thẩm mĩ"" rồi đấy. Đảm bảo bài em sẽ không bị trừ điểm lỗi này đâu."
HNMU-G7-R0179-STT10,shared/raw_data/HNMU-teacher_dialog_samples/Lớp 7.xlsx,179,7,Lớp 7,10,Bài 13: Thực hành tổng hợp: Hoàn thiện bài trình chiếu,Hướng dẫn thực hành. Trang 76 SGV,Xác định được các đối tượng có thể chèn vào bài trình chiếu để minh hoạ nội dung.,Thông hiểu (Xác định được),"Có thể chèn Hình ảnh, Biểu đồ, Bảng biểu, Âm thanh, Video...","HS: Thầy ơi, báo cáo dự án ""Trường học xanh"" của nhóm em nội dung toàn số liệu về số cây đã trồng. Nhìn chán quá!
AI: Thầy hiểu. Số liệu khô khan nếu chỉ gõ chữ thì đúng là hơi khó tiếp thu. Nếu trên TV bản tin tài chính muốn chiếu giá vàng lên xuống, người ta thường dùng hình vẽ gì?
HS: Người ta dùng các cái cột cao thấp, gọi là biểu đồ ạ!
AI: Rất sáng tạo! Vậy em có thể vào thẻ Insert và chèn một Biểu đồ (Chart) vào slide để thay cho những con số chữ không?
HS: Ôi hay quá, em sẽ chèn biểu đồ cột! Ngoài ra em có chụp được mấy bức ảnh các bạn đang trồng cây ngoài sân trường nữa.
AI: Quá tốt! Những bức ảnh thực tế đó là minh chứng sinh động nhất. Kĩ năng thêm ảnh gọi là thao tác gì?
HS: Là thao tác Chèn hình ảnh (Insert Picture). Em còn quay được cả một clip ngắn 10 giây nữa.
AI: Thật tuyệt! PowerPoint cho phép chèn cả Video. Vậy em tổng kết lại, để bài báo cáo sinh động, ta có thể chèn thêm những vũ khí hạng nặng nào?
HS: Có thể chèn Biểu đồ, Hình ảnh thực tế và cả Video ạ.
AI: Tuyệt cú mèo! Slide của em chắc chắn sẽ đạt điểm cao nhất lớp với sự đầu tư kĩ lưỡng này."
HNMU-G7-R0180-STT11,shared/raw_data/HNMU-teacher_dialog_samples/Lớp 7.xlsx,180,7,Lớp 7,11,Bài 13: Thực hành tổng hợp: Hoàn thiện bài trình chiếu,Mục 1. Trang 72,Thực hiện được thao tác thêm hiệu ứng (Animations) phù hợp cho một văn bản.,Vận dụng (Thực hiện được),Quét chọn đoạn văn bản -> Mở dải lệnh Animations -> Chọn một hiệu ứng xuất hiện (nhóm Entrance - màu xanh lá).,"HS: Thầy AI ơi, em chèn hiệu ứng bay lên (Fly In) cho đoạn văn bản xong, chạy thử thì cả 5 gạch đầu dòng nó bay lên cùng một lúc ập vào mặt luôn. Làm sao để nó bay lên từng dòng một theo lời em nói ạ?
AI: Lỗi này rất tinh tế! Mặc định, khi em chọn cả khung văn bản lớn và gán 1 hiệu ứng, PowerPoint sẽ gộp chúng lại. Em có để ý bên cạnh các hiệu ứng có nút ""Effect Options"" (Tuỳ chọn hiệu ứng) không?
HS: Dạ em thấy nút đó rồi, nhưng không biết bấm vào để làm gì.
AI: Nút đó là nơi chứa các bí mật nâng cao! Em thử nháy vào ""Effect Options"" xem trong danh sách đổ xuống có dòng chữ nào liên quan đến từ ""Paragraph"" (Đoạn văn) không?
HS: Em thấy có lựa chọn ""By Paragraph"" (Theo từng đoạn) ạ.
AI: Hoàn hảo! Em hãy chọn ""By Paragraph"" và nhấn nút xem trước (Preview) hoặc F5 để chạy thử xem chuyện gì xảy ra?
HS: Ôi vi diệu quá! Lần này nó bay lên dòng 1, xong em ấn phím mũi tên nó mới bay tiếp dòng 2. 
AI: Đó chính là cách điều khiển hiệu ứng theo ý muốn của mình đấy. Em thấy chức năng này giúp ích gì cho việc em đứng thuyết trình?
HS: Nó giúp em nói đến ý nào thì chữ mới hiện ra ý đó, khán giả không bị đọc trước kịch bản của em!
AI: Cực kì xuất sắc! Tư duy kĩ năng trình bày của em đã thăng hạng rồi."
HNMU-G7-R0181-STT12,shared/raw_data/HNMU-teacher_dialog_samples/Lớp 7.xlsx,181,7,Lớp 7,12,Bài 13: Thực hành tổng hợp: Hoàn thiện bài trình chiếu,Đánh giá SP. Trang 73,Áp dụng được mẫu định dạng (Theme) cho toàn bộ tệp trình chiếu.,Vận dụng (Áp dụng được),"Mở thẻ Design -> Trong nhóm Themes, chọn một mẫu giao diện bất kì để áp dụng cho tất cả các trang chiếu.","HS: Em áp dụng cái Theme màu xanh dương cho bài rồi, nhưng em lại không thích tông màu xanh dương đó, em muốn nó chuyển sang màu xanh lá cây nhưng giữ nguyên hoa văn thì có được không ạ?
AI: Câu hỏi của em thể hiện óc thẩm mĩ rất tốt! Các Mẫu định dạng (Themes) của PowerPoint cho phép tuỳ biến màu sắc rất linh hoạt. Em đang ở trong thẻ Design đúng không?
HS: Vâng, em đang ở Design ạ.
AI: Nhìn sang ngay bên cạnh khu vực chọn Themes, em có thấy một nhóm lệnh tên là ""Variants"" (Biến thể) không?
HS: À em thấy rồi, có mấy cái ô nhỏ nhỏ màu sắc rực rỡ ở đấy.
AI: Đúng rồi! ""Variants"" chính là các phiên bản màu sắc khác nhau của cùng một mẫu thiết kế. Em thử bấm vào mũi tên trỏ xuống ở nhóm Variants, rồi chọn mục ""Colors"" (Màu sắc) xem.
HS: Em thấy một danh sách dài các dải màu (bảng màu) luôn ạ. Em di chuột vào chữ ""Green"" (Xanh lá) thì slide của em đổi tông sang màu xanh lá cây luôn mà hoa văn không bị biến mất!
AI: Cực kì xuất sắc! Em đã biết cách khai thác chiều sâu của công cụ thiết kế rồi đấy. Giờ em đã ưng ý với giao diện bài của mình chưa?
HS: Em cực kì ưng ý luôn ạ, nhìn rất đồng bộ và đúng tông màu dự án ""Trường học xanh"" của nhóm em.
AI: Thầy chúc nhóm em có một bài báo cáo thật bùng nổ nhé!"
HNMU-G7-R0182-STT13,shared/raw_data/HNMU-teacher_dialog_samples/Lớp 7.xlsx,182,7,Lớp 7,13,Bài 13: Thực hành tổng hợp: Hoàn thiện bài trình chiếu,Đánh giá SP. Trang 73,Thực hiện được thao tác sắp xếp lại thứ tự các trang chiếu trong tệp.,Vận dụng (Thực hiện được),"Ở cột Navigation pane bên trái, nháy giữ chuột trái vào slide cần di chuyển và kéo thả đến vị trí mới.","HS: Thầy ơi, bài của em có 15 slide lận. Em muốn chuyển cái slide số 15 lên ngay sau slide số 2. Nhưng dùng chuột kéo từ dưới cùng lên mỏi tay quá, toàn bị trượt thôi ạ.
AI: Thầy hiểu nỗi khổ này, khi file quá dài việc kéo thả ở chế độ hiển thị bình thường (Normal view) sẽ khá khó khăn. Thầy chỉ em một ""tuyệt chiêu"" dành riêng cho việc sắp xếp nhé.
HS: Tuyệt chiêu gì vậy ạ? Em hóng quá!
AI: Em nhìn xuống dưới cùng, góc dưới bên phải màn hình (gần thanh thu phóng Zoom). Em tìm biểu tượng có hình 4 ô vuông nhỏ xếp thành lưới. Khi chỉ chuột vào nó sẽ hiện chữ ""Slide Sorter"" (Bộ sắp xếp trang chiếu).
HS: Em thấy biểu tượng 4 ô vuông rồi ạ. Em bấm thử nhé.
AI: Cứ mạnh dạn bấm đi em!
HS: Wow, toàn bộ 15 slide của em hiện ra thành các ô vuông trải đều trên màn hình giống như các quân bài vậy, không còn khu vực gõ chữ nữa.
AI: Đúng rồi, chế độ này sinh ra chỉ để giúp em sắp xếp kịch bản. Ở góc nhìn toàn cảnh này, em thử cầm slide số 15 kéo thả vào vị trí số 3 xem có bị trượt nữa không?
HS: Em kéo thả vèo một cái là xong luôn, không bị trượt đi đâu cả. Xếp bài kiểu này nhàn tênh thầy ạ!
AI: Rất xuất sắc! Chế độ Slide Sorter là kĩ năng bắt buộc của dân làm thuyết trình chuyên nghiệp đấy. Để quay lại gõ chữ, em chỉ cần bấm đúp chuột (double-click) vào 1 slide bất kì là được."
HNMU-G7-R0183-STT14,shared/raw_data/HNMU-teacher_dialog_samples/Lớp 7.xlsx,183,7,Lớp 7,14,Bài 13: Thực hành tổng hợp: Hoàn thiện bài trình chiếu,Đánh giá SP. Trang 73,Thực hiện được thao tác lưu tệp trình chiếu với tên theo chuẩn yêu cầu.,Vận dụng (Thực hiện được),Chọn thẻ File -> Save As -> Chọn đường dẫn thư mục -> Gõ tên tệp (VD: BaiTapTinHoc7.pptx) -> Nhấn Save.,"HS: Thầy AI ơi, em lưu bài xong rồi, em tắt máy mở lại thì không biết cái file PowerPoint của em nó chạy đi đâu mất rồi. Em khóc mất thôi!
AI: Bình tĩnh nào, đừng khóc nhé, công sức của em không biến mất đâu. Hiện tượng này xảy ra khi em bấm Save nhưng không nhìn kĩ xem máy tính cất file ở ""ngăn tủ"" (thư mục) nào thôi.
HS: Vậy giờ làm sao tìm lại được ạ?
AI: Em mở phần mềm PowerPoint lên lại. Ở màn hình chào mừng đầu tiên, em nhìn sang bên trái, có một cột ghi chữ ""Recent"" (Các tệp gần đây). Em có thấy không?
HS: Á, em thấy file tên ""TruongHocXanh"" của em nằm chễm chệ ở mục Recent ngay trên cùng rồi ạ! Phù, hú hồn.
AI: Rất may mắn! Bấm vào để mở ra nhé. Giờ để chắc chắn lần sau copy vào USB mang nộp cô giáo không bị lạc mất, ta hãy ""Lưu lại"" (Save As) vào một chỗ dễ tìm như màn hình nền (Desktop) nhé.
HS: Em vào thẻ File -> Save As đúng không ạ?
AI: Đúng rồi. Bước quan trọng nhất ở đây: Em bấm nút ""Browse"" (Duyệt) và nhìn sang cột bên trái cửa sổ, chọn đúng chữ ""Desktop"" (Màn hình nền). Rồi mới bấm nút Save nhé.
HS: Em chọn Desktop rồi ấn Save rồi ạ. Giờ em ra ngoài màn hình chính xem thử... Ôi có ngay file ở ngoài này rồi. Từ giờ em sẽ không bị lạc file nữa.
AI: Bài học quý giá về quản lí dữ liệu đúng không nào! Kĩ năng số của em thực sự đã hoàn thiện rồi đấy."
HNMU-G7-R0184-STT1,shared/raw_data/HNMU-teacher_dialog_samples/Lớp 7.xlsx,184,7,Lớp 7,1,Bài 14. Thuật toán tìm kiếm tuần tự,"Phần Luyện tập (Trang 80, SGK)",Nêu được các yếu tố đầu vào của thuật toán tìm kiếm tuần tự.,Nhận biết,Đầu vào gồm hai yếu tố: Danh sách bất kì và giá trị cần tìm.,"HS: Em thưa gia sư, đầu vào của bài toán tìm kiếm tuần tự gồm những gì ạ?
AI: Chào em. Tưởng tượng mẹ nhờ em tìm một chiếc áo. Em sẽ cần mẹ cung cấp thông tin gì đầu tiên?
HS: Mẹ phải bảo là tìm chiếc áo nào ạ (ví dụ áo màu xanh).
AI: Chính xác. Chiếc ""áo màu xanh"" đó trong Tin học gọi là ""giá trị cần tìm"". Nhưng em sẽ tìm chiếc áo đó ở đâu?
HS: Em sẽ tìm trong tủ quần áo của em ạ.
AI: Rất tốt. ""Tủ quần áo"" chứa rất nhiều đồ, ta gọi đó là một ""danh sách"". Vậy chốt lại, đầu vào của bài toán tìm kiếm gồm hai yếu tố nào?
HS: Dạ là một ""danh sách"" và ""giá trị cần tìm"" ạ.
AI: Hoàn toàn chính xác! Em đã tự rút ra được định nghĩa rất chuẩn rồi đó."
HNMU-G7-R0185-STT2,shared/raw_data/HNMU-teacher_dialog_samples/Lớp 7.xlsx,185,7,Lớp 7,2,Bài 14. Thuật toán tìm kiếm tuần tự,"Phần Luyện tập (Trang 80, SGK)",Nêu được các kết quả đầu ra của thuật toán tìm kiếm tuần tự.,Nhận biết,"Đầu ra có hai trường hợp: Thông báo tìm thấy và chỉ ra vị trí, hoặc thông báo không tìm thấy.","HS: Em chưa hiểu đầu ra của thuật toán tìm kiếm tuần tự là gì ạ?
AI: Cùng phân tích nhé. Khi em tìm chìa khóa trong nhà, nếu thấy nó nằm trên bàn, em sẽ thông báo thế nào?
HS: Em sẽ reo lên là ""Thấy rồi, nó ở trên bàn"" ạ.
AI: Rất đúng. Việc em báo ""Thấy rồi"" và chỉ ra ""trên bàn"", máy tính cũng làm y hệt. Nó sẽ thông báo ""Tìm thấy"" và chỉ ra vị trí. Nhưng nếu em tìm khắp nhà mà không thấy thì sao?
HS: Thì em bảo là ""Tìm hết rồi mà không có"" ạ.
AI: Chuẩn rồi! Vậy em hãy tổng hợp lại, thuật toán tìm kiếm sẽ trả về những kết quả (đầu ra) nào?
HS: Có 2 trường hợp ạ: Thông báo tìm thấy và chỉ ra vị trí, hoặc thông báo không tìm thấy.
AI: Rất xuất sắc. Em đã khái quát hóa ví dụ thực tế thành định nghĩa Tin học rất chuẩn."
HNMU-G7-R0186-STT3,shared/raw_data/HNMU-teacher_dialog_samples/Lớp 7.xlsx,186,7,Lớp 7,3,Bài 14. Thuật toán tìm kiếm tuần tự,"Mục 1. Thuật toán tìm kiếm tuần tự (Trang 78, SGK)",Chỉ ra được điều kiện dừng của thuật toán tìm kiếm tuần tự.,Nhận biết,Thuật toán dừng lại khi tìm thấy giá trị cần tìm hoặc khi đã duyệt hết danh sách.,"HS: Gia sư ơi, có phải thuật toán cứ chạy mãi không? Khi nào thì nó mới dừng lại ạ?
AI: Chào em. Nó không chạy mãi đâu. Giả sử em dò tìm số 5 trong dãy 1, 2, 5, 8. Khi em duyệt đến số 5 (vị trí số 3), em làm gì tiếp?
HS: Em dừng lại luôn vì tìm thấy rồi ạ.
AI: Đúng! Đó là điều kiện dừng thứ nhất: ""Khi tìm thấy"". Nhưng giả sử em cần tìm số 9 trong dãy trên, em làm thế nào?
HS: Em xét 1, 2, 5, 8. Xét hết rồi mà không có số 9 nào cả.
AI: Vậy lúc xét đến cuối dãy rồi, em có tiếp tục tìm được nữa không?
HS: Dạ không ạ, hết dãy rồi thì phải dừng lại thôi.
AI: Tuyệt vời. Vậy em hãy tóm tắt lại 2 điều kiện để thuật toán tìm kiếm tuần tự dừng lại nhé?
HS: Thuật toán dừng khi tìm thấy giá trị cần tìm, hoặc khi đã duyệt hết toàn bộ danh sách ạ.
AI: Lập luận rất sắc bén! Em đã tự thiết lập được quy tắc dừng cho máy tính rồi."
HNMU-G7-R0187-STT4,shared/raw_data/HNMU-teacher_dialog_samples/Lớp 7.xlsx,187,7,Lớp 7,4,Bài 14. Thuật toán tìm kiếm tuần tự,"Hoạt động 1 (Trang 78, SGK)",Kể lại được ví dụ thực tiễn mô phỏng thuật toán tìm kiếm tuần tự.,Nhận biết,Ví dụ: Khách hàng tìm mua một cuốn sách cụ thể bằng cách lướt nhìn từng cuốn sách trên giá từ đầu đến cuối; Rút từng hồ sơ từ trên xuống dưới để tìm hồ sơ của một học sinh.,"HS: Trong thực tế mình có hay dùng tìm kiếm tuần tự không AI? Em cần một ví dụ để dễ nhớ bài.
AI: Em chắc chắn đã dùng rồi! Nhớ lại lúc cô giáo trả bài kiểm tra, cô cầm một tệp giấy lộn xộn. Cô muốn tìm bài của em, cô sẽ làm gì?
HS: Cô sẽ lật từng tờ bài kiểm tra từ trên xuống dưới ạ.
AI: Đúng vậy. Khi cô lật tờ thứ nhất, cô kiểm tra điều gì?
HS: Cô xem tên trên bài có phải là tên của em không. Nếu không phải cô lật tiếp tờ thứ hai ạ.
AI: Quá trình lật đó sẽ kéo dài đến bao giờ?
HS: Đến khi cô thấy bài của em, hoặc lật hết tệp bài mà không thấy ạ.
AI: Tuyệt vời. Hành động ""lật từng tờ"" và ""kiểm tra tên"" đó chính là cách máy tính thực hiện tìm kiếm tuần tự. Em có thể nghĩ ra một ví dụ tương tự của bản thân không?
HS: Dạ có. Em sẽ rút từng cuốn vở trong cặp ra xem nhãn vở, đúng môn thì lấy, sai thì cất lại và rút cuốn tiếp theo ạ.
AI: Em phân tích rất chuẩn xác! Em đã hoàn toàn hiểu bản chất của thuật toán thông qua thực tiễn rồi."
HNMU-G7-R0188-STT5,shared/raw_data/HNMU-teacher_dialog_samples/Lớp 7.xlsx,188,7,Lớp 7,5,Bài 14. Thuật toán tìm kiếm tuần tự,"Câu 2 phần Đánh giá (Trang 90, SGV)",Mô phỏng được quá trình thực hiện thuật toán tìm kiếm tuần tự để tìm số 10 trong danh sách.,Thông hiểu,"So sánh lần lượt từ vị trí 1 đến vị trí 5. Khi đến vị trí 5, giá trị bằng 10. Thuật toán dừng lại, thông báo tìm thấy ở vị trí thứ 5.","HS: Bài kiểm tra yêu cầu ""mô phỏng"" quá trình tìm số 10 trong dãy. Mô phỏng là em phải viết ra như thế nào ạ?
AI: Mô phỏng là em đóng vai máy tính để thực hiện và viết ra từng bước một. Máy tính sẽ bắt đầu ở vị trí thứ 1. Ở vị trí thứ 1, em thấy số mấy?
HS: Dạ số 2 ạ. Nó khác 10 nên máy tính sẽ đi tiếp đúng không ạ?
AI: Rất đúng logic! Tiếp tục bước 2, 3, 4, em gặp những số nào?
HS: Bước 2 là số 6, bước 3 là số 8, bước 4 là số 4. Tất cả đều không phải là 10 ạ.
AI: Vậy tới bước thứ 5 thì điều gì xảy ra?
HS: Bước 5 em xét vị trí thứ 5, lấy ra được số 10. Bằng với giá trị cần tìm rồi ạ!
AI: Vậy lúc này thuật toán có tiếp tục duyệt qua số 12 không, và sẽ đưa ra kết luận thế nào?
HS: Theo điều kiện dừng, thuật toán sẽ không xét số 12 nữa. Nó dừng ngay và thông báo ""Tìm thấy tại vị trí thứ 5"" ạ.
AI: Xuất sắc! Em vừa hoàn thành việc viết mô phỏng y hệt cách máy tính xử lí rồi đó."
HNMU-G7-R0189-STT6,shared/raw_data/HNMU-teacher_dialog_samples/Lớp 7.xlsx,189,7,Lớp 7,6,Bài 14. Thuật toán tìm kiếm tuần tự,"Câu 3 phần Đánh giá (Trang 90, SGV)",Giải thích được số bước cần thực hiện để tìm thấy số 7 trong danh sách.,Thông hiểu,"Cần 4 bước. Vì mỗi lần so sánh là một bước, máy phải so sánh lần lượt 1, 4, 8 rồi mới tới 7 ở vị trí thứ 4.","HS: Thầy AI ơi, tại sao đáp án lại ghi là cần 4 bước để tìm số 7 trong dãy ạ? Em đếm toàn bị nhầm.
AI: Để hiểu được, em cần biết 1 ""bước"" trong thuật toán này được tính mỗi khi máy tính làm 1 phép so sánh. Ở bước 1, máy tính lấy phần tử đầu tiên so sánh với số 7. Phần tử đó là số mấy?
HS: Là số 1 ạ. Chúng không bằng nhau.
AI: Đúng. Nên máy tính phải sang bước 2. Bước 2 so sánh số 7 với phần tử thứ hai là số 4. Cũng không bằng.
AI: Cứ lặp lại quy trình như thế, ở bước 3 em sẽ làm gì?
HS: Bước 3 em lấy vị trí thứ 3 là số 8 để so với số 7. Vẫn không bằng ạ.
AI: Vậy chuyển sang bước 4?
HS: Bước 4 so sánh 7 với phần tử thứ tư là số 7. Trùng khớp rồi ạ!
AI: Như vậy tổng cộng em đã phải thực hiện bao nhiêu lần lấy số ra so sánh để đạt được kết quả?
HS: Em thực hiện 4 lần so sánh. À em hiểu rồi, 4 lần so sánh tương ứng với tốn 4 bước duyệt thưa gia sư.
AI: Rất thông minh! Em đã tự giải thích được bản chất số bước của bài toán rồi."
HNMU-G7-R0190-STT7,shared/raw_data/HNMU-teacher_dialog_samples/Lớp 7.xlsx,190,7,Lớp 7,7,Bài 14. Thuật toán tìm kiếm tuần tự,"Câu 4 phần Đánh giá (Trang 90, SGV)",Giải thích được lí do thuật toán cần 6 bước để tìm số 15 trong danh sách.,Thông hiểu,Vì danh sách có 6 phần tử và số 15 không tồn tại. Thuật toán phải duyệt hết 6 phần tử (6 bước) mới đủ điều kiện kết luận không tìm thấy.,"HS: Gia sư ơi, đề bảo tìm số 15 trong dãy mất 6 bước. Nhưng số 15 đâu hề có mặt trong dãy này?
AI: Em phát hiện rất tốt! Số 15 không hề có. Nhưng hãy suy nghĩ thử xem, nếu em tìm một món đồ bị mất, em có kết luận ngay là nó mất không, hay phải tìm hết mọi ngóc ngách?
HS: Dạ em phải tìm hết toàn bộ tủ đồ, bới tung lên mới dám kết luận là không có ạ.
AI: Máy tính cũng hoạt động cẩn thận y như em. Danh sách dãy số này có tổng cộng bao nhiêu phần tử?
HS: Dạ đếm ra là dãy có 6 phần tử ạ.
AI: Máy tính sẽ bắt đầu so sánh từ số 3 (bước 1) cho đến số 25 (bước cuối). Nó phải thực hiện bao nhiêu phép so sánh tất cả để hết danh sách?
HS: À, vì nó phải so sánh với từng số một, nên phải làm đủ 6 lần so sánh với cả 6 phần tử ạ.
AI: Sau lần so sánh thứ 6 (với số 25), máy tính sẽ làm hành động gì tiếp theo?
HS: Nó duyệt hết danh sách rồi nên nó sẽ dừng lại và thông báo là ""Không tìm thấy"".
AI: Chính xác 100%! Việc phải so sánh đến cuối cùng để phủ định sự tồn tại chính là lí do gây ra 6 bước. Em phân tích quá xuất sắc!"
HNMU-G7-R0191-STT8,shared/raw_data/HNMU-teacher_dialog_samples/Lớp 7.xlsx,191,7,Lớp 7,8,Bài 14. Thuật toán tìm kiếm tuần tự,"Mục 1 (Trang 78, SGK)","Phân biệt được ý nghĩa của từ ""tuần tự"" trong tên gọi thuật toán tìm kiếm tuần tự.",Thông hiểu,"""Tuần tự"" nghĩa là kiểm tra lần lượt từng phần tử từ đầu đến cuối danh sách, không bỏ sót hay nhảy cóc.","HS: Thầy AI, tại sao người ta không gọi là ""tìm kiếm bình thường"" mà lại gọi là ""tìm kiếm tuần tự""? Chữ ""tuần tự"" có ý nghĩa gì đặc biệt để phân biệt không ạ?
AI: Câu hỏi phản biện rất tuyệt! Khi cô giáo điểm danh theo danh sách lớp từ số 1, số 2, số 3, cho đến hết lớp, cách làm đó gọi là gì?
HS: Dạ là điểm danh theo thứ tự ạ.
AI: Đúng thế. Nếu cô giáo gọi số 1, xong nhảy xuống gọi luôn số 15, rồi quay lại số 5 thì sao?
HS: Thế thì là điểm danh lộn xộn, nhảy cóc ạ. Làm thế rất dễ bị sót tên học sinh.
AI: Cực kì logic! Vậy đối chiếu với thuật toán ta vừa học, máy tính tìm số bằng cách xét vị trí 1, rồi 2, rồi 3... Em rút ra được ý nghĩa cốt lõi của từ ""tuần tự"" là gì?
HS: Nghĩa là máy tính kiểm tra lần lượt từng phần tử từ đầu đến cuối danh sách, không nhảy cóc và không bỏ sót phần tử nào.
AI: Quá chính xác! Việc kiểm tra nghiêm ngặt không bỏ sót chính là đặc trưng và sức mạnh của thuật toán này. Em đã hiểu rất sâu sắc thuật ngữ rồi đó."
HNMU-G7-R0192-STT9,shared/raw_data/HNMU-teacher_dialog_samples/Lớp 7.xlsx,192,7,Lớp 7,9,Bài 14. Thuật toán tìm kiếm tuần tự,"Mục 1 (Trang 78, SGK)",Trình bày được ý tưởng cốt lõi của thuật toán tìm kiếm tuần tự.,Thông hiểu,"Ý tưởng: So sánh lần lượt từng phần tử của danh sách với giá trị cần tìm, bắt đầu từ phần tử đầu tiên.","HS: Gia sư ơi, khi làm bài kiểm tra yêu cầu ""trình bày ý tưởng thuật toán"", em không biết diễn đạt sao cho đủ ý mà vẫn ngắn gọn, hàn lâm.
AI: Đừng lo, ta cùng ghép các ""mảnh lego"" kiến thức em đã học lại nhé. Mảnh 1: Thuật toán thực hiện thao tác gì với ""giá trị cần tìm""?
HS: Dạ nó thực hiện thao tác ""so sánh"" ạ.
AI: Rất đúng. Mảnh 2: Nó đem so sánh với các phần tử trong danh sách theo cách thức nào?
HS: Theo cách thức ""lần lượt từng phần tử"" (như khái niệm tuần tự) ạ.
AI: Tuyệt vời. Mảnh 3: Quá trình so sánh này bắt đầu xuất phát từ đâu?
HS: Bắt đầu từ ""phần tử đầu tiên"" của danh sách.
AI: Hoàn hảo! Bây giờ em hãy ráp 3 mảnh lego đó thành 1 câu văn hoàn chỉnh xem nào?
HS: Ý tưởng là: So sánh lần lượt từng phần tử của danh sách với giá trị cần tìm, bắt đầu từ phần tử đầu tiên.
AI: 10 điểm! Em thấy không, chỉ cần chia nhỏ vấn đề, em hoàn toàn có thể tự mình viết ra một câu trả lời chính xác như trong sách giáo khoa."
HNMU-G7-R0193-STT10,shared/raw_data/HNMU-teacher_dialog_samples/Lớp 7.xlsx,193,7,Lớp 7,10,Bài 14. Thuật toán tìm kiếm tuần tự,"Phần Luyện tập (Trang 79, SGK - Câu hỏi sinh thêm)",Phân tích được kết quả đầu ra khi tìm số 5 trong dãy theo thuật toán tìm kiếm tuần tự.,Thông hiểu,Máy báo tìm thấy ở vị trí số 2 và thuật toán kết thúc ngay. Các số 5 phía sau không được tìm tới do máy đã thoả mãn điều kiện dừng.,"HS: Thầy AI ơi, em có thắc mắc. Trong dãy, số 5 xuất hiện tận 2 lần. Máy tính sẽ thông báo kết quả ở vị trí thứ 2, vị trí thứ 4, hay in ra cả hai vị trí ạ?
AI: Một câu hỏi phản biện rất sắc sảo! Để giải quyết, em hãy lật lại ""điều kiện dừng"" cốt lõi của thuật toán này. Nó được chỉ định dừng khi nào?
HS: Dạ, thuật toán dừng khi ""đã duyệt hết danh sách"" hoặc khi ""tìm thấy giá trị cần tìm"" ạ.
AI: Tốt. Ở bước thứ 2, máy tính xét vị trí số 2 và thấy số 5. Lúc này điều kiện ""tìm thấy giá trị cần tìm"" đã xảy ra chưa?
HS: Dạ xảy ra rồi ạ, vì 5 bằng 5.
AI: Vậy theo đúng luật logic đã cài đặt, máy tính phải thực hiện hành động gì ngay lúc đó?
HS: À! Nó phải dừng lại ngay lập tức và thông báo tìm thấy ở vị trí số 2.
AI: Rất đúng! Khi nó đã dừng ở vị trí số 2 thì nó có tiếp tục xét đến các số phía sau để biết có số 5 thứ hai hay không?
HS: Dạ không ạ. Vậy em chốt lại: Thuật toán chỉ báo vị trí đầu tiên nó tìm thấy thôi, các phần tử trùng lặp ở phía sau sẽ bị bỏ qua.
AI: Tuyệt vời! Lập luận logic của em rất chặt chẽ và không có kẽ hở nào."
HNMU-G7-R0194-STT11,shared/raw_data/HNMU-teacher_dialog_samples/Lớp 7.xlsx,194,7,Lớp 7,11,Bài 14. Thuật toán tìm kiếm tuần tự,"Phần Vận dụng (Trang 80, SGK)",Xác định được tính hợp lí khi thực hiện tìm một từ tiếng Anh trong từ điển bằng thuật toán tìm kiếm tuần tự.,Vận dụng,"Không hợp lí. Vì từ điển là danh sách đã được sắp xếp, dùng tìm kiếm tuần tự sẽ mất rất nhiều thời gian dò từng trang.","HS: Bài tập Vận dụng hỏi dùng thuật toán tìm kiếm tuần tự để tra từ điển tiếng Anh có hợp lí không. Em nghĩ là hợp lí vì mình cũng lật tìm từng trang chứ sao ạ?
AI: Một góc nhìn thú vị! Cùng phân tích thực tế nhé. Giả sử em cần tra từ ""Zebra"" (con ngựa vằn). Nếu áp dụng khắt khe thuật toán tuần tự, em sẽ bắt đầu lật từ trang chứa chữ gì?
HS: Em sẽ phải lật bắt đầu từ trang đầu tiên là chữ A, xong duyệt tới B, C, D... cho tới khi gặp chữ Z ạ.
AI: Em thấy quá trình lật thủ công từ A đến Z của một cuốn từ điển dày 1000 trang tốn kém như thế nào?
HS: Ui, thế thì quá lâu và mất sức ạ. Bình thường em sẽ dùng tay tách thẳng về phía cuối cuốn sách luôn.
AI: Tại sao em lại biết chữ Z chắc chắn nằm ở cuối sách để mở thẳng ra đó mà không sợ bị lố?
HS: Vì từ điển người ta đã sắp xếp sẵn theo thứ tự bảng chữ cái ABC rồi ạ.
AI: Rất chuẩn xác! Dữ liệu từ điển là dữ liệu đã được sắp xếp. Vậy áp dụng cách lật dò từng trang từ đầu đến cuối cho loại dữ liệu này có còn hiệu quả không?
HS: Dạ không hợp lí chút nào. Với dữ liệu đã sắp xếp thì dùng tìm kiếm tuần tự rất tốn thời gian, mình nên dùng cách khác thông minh hơn.
AI: Em phân tích quá hay! Sự bất hợp lí đó chính là điểm yếu của tìm kiếm tuần tự, nó chỉ tối ưu khi làm việc với danh sách lộn xộn chưa sắp xếp thôi."
HNMU-G7-R0195-STT12,shared/raw_data/HNMU-teacher_dialog_samples/Lớp 7.xlsx,195,7,Lớp 7,12,Bài 14. Thuật toán tìm kiếm tuần tự,"Phần Vận dụng (Trang 80, SGK - Câu hỏi sinh thêm)",Xác định được các bước theo thuật toán tìm kiếm tuần tự để tìm một cái áo màu đỏ trong tủ quần áo chưa được sắp xếp.,Vận dụng,"Bước 1: Lấy áo đầu tiên kiểm tra. Bước 2: Nếu đúng màu đỏ thì lấy và dừng. Nếu sai, bỏ qua và lặp lại bước 1 với áo tiếp theo. Lặp đến khi thấy hoặc hết tủ.","HS: Em muốn tự ứng dụng để viết thuật toán tìm chiếc áo màu đỏ trong tủ đồ bị lộn xộn. Em viết các bước sao cho giống với tư duy của máy tính ạ?
AI: Ý tưởng vận dụng rất sáng tạo! Ở đây ""tủ quần áo lộn xộn"" đóng vai trò là danh sách, ""áo màu đỏ"" là giá trị cần tìm. Theo đúng nguyên tắc tuần tự, bước 1 em sẽ thao tác với vật nào đầu tiên?
HS: Em sẽ lấy chiếc áo nằm trên cùng (chiếc áo thứ nhất) ra để kiểm tra ạ.
AI: Lấy ra rồi, em sẽ thực hiện phép ""so sánh"" nào?
HS: Em sẽ nhìn xem màu của nó có bằng với ""màu đỏ"" không.
AI: Tư duy máy tính luôn đi theo 2 nhánh Đúng/Sai. Nếu ĐÚNG (nó là màu đỏ), máy tính sẽ ra lệnh em làm gì?
HS: Em sẽ lấy chiếc áo đó mặc và dừng việc tìm kiếm lại (Kết thúc).
AI: Vậy nếu SAI (nó là màu xanh, đen, vàng...), em sẽ xử lí chiếc áo đó ra sao và bước tiếp theo là gì?
HS: Em sẽ bỏ nó qua một bên, tiến đến lấy chiếc áo thứ 2 trong tủ ra xem. Và lại lặp lại việc kiểm tra màu sắc như ở chiếc thứ nhất.
AI: Quá trình lặp đi lặp lại việc kiểm tra này sẽ kết thúc khi nào?
HS: Khi em tìm thấy chiếc áo đỏ đầu tiên, hoặc khi em bới hết cả tủ quần áo mà vẫn không thấy chiếc nào màu đỏ ạ.
AI: Cực kì xuất sắc! Em vừa tự thiết kế thành công một thuật toán tin học áp dụng hoàn hảo cho một hành động thực tiễn. Hãy ghi lại các bước rẽ nhánh Đúng/Sai đó vào vở nhé."
HNMU-G7-R0196-STT13,shared/raw_data/HNMU-teacher_dialog_samples/Lớp 7.xlsx,196,7,Lớp 7,13,Bài 14. Thuật toán tìm kiếm tuần tự,"Phần Luyện tập (Trang 79, SGK - Câu hỏi sinh thêm)",Sử dụng thuật toán tìm kiếm tuần tự để đếm số lần xuất hiện của số 2 trong dãy. (Xác định sự thay đổi của điều kiện dừng).,Vận dụng,"Phải bỏ điều kiện dừng khi ""tìm thấy"". Thuật toán bắt buộc duyệt từ đầu đến cuối danh sách, mỗi lần tìm thấy thì tăng biến đếm lên 1.","HS: Thầy AI ơi, bài yêu cầu ""đếm xem có bao nhiêu số 2 trong dãy"". Nếu em áp dụng y nguyên bài cũ, tức là cứ thấy số 2 là thuật toán dừng lại, thì máy báo có 1 số. Như vậy là đếm sai bét rồi!
AI: Em phân tích và tự phát hiện lỗi sai rất chính xác! Thuật toán cũ dùng để ""tìm kiếm một giá trị"", còn mục tiêu của bài này là ""đếm toàn bộ"". Theo em, để không bỏ sót bất kì số 2 nào ở phía sau, máy tính có được phép dừng lại giữa chừng không?
HS: Dạ tuyệt đối không được phép dừng ạ, dừng sớm là sẽ đếm thiếu ngay.
AI: Vậy để rà soát toàn bộ, máy tính bắt buộc phải đi từ đầu cho đến vị trí nào của danh sách?
HS: Phải đi cho đến phần tử cuối cùng, tức là duyệt hết danh sách mới được phép dừng ạ.
AI: Đúng! Vậy là ta đã thiết lập lại được điều kiện dừng. Thế còn khi duyệt qua mỗi vị trí, nếu phát hiện phần tử đó đúng là số 2, em sẽ làm thao tác gì để ""đếm""?
HS: Em sẽ lấy bút gạch 1 nét ra nháp, hoặc tự cộng thêm 1 vào trí nhớ của em ạ.
AI: Trong lập trình, ""trí nhớ"" đó gọi là dùng một ""biến đếm"". Vậy em hãy phát biểu trọn vẹn thuật toán đếm cải tiến này nào!
HS: Dạ, ta duyệt tuần tự từ đầu đến hết danh sách, mỗi khi phần tử bằng số 2 thì ta tăng biến đếm lên 1. Khi kết thúc dãy, giá trị biến đếm chính là đáp án số lượng ạ!
AI: Quá tuyệt vời! Bằng tư duy hệ thống, em đã tự nâng cấp thuật toán tìm kiếm cơ bản thành thuật toán đếm rồi đó."
HNMU-G7-R0197-STT14,shared/raw_data/HNMU-teacher_dialog_samples/Lớp 7.xlsx,197,7,Lớp 7,14,Bài 14. Thuật toán tìm kiếm tuần tự,"Phần Luyện tập (Trang 79, SGK - Câu hỏi sinh thêm)",Áp dụng thuật toán tìm kiếm tuần tự để xác định quy trình tìm số lớn nhất trong một dãy số bất kì.,Vận dụng,"Gán một biến Max = phần tử đầu tiên. Duyệt lần lượt các phần tử tiếp theo, nếu phần tử đang xét > Max thì cập nhật Max = phần tử đó. Kết quả cuối cùng là Max.","HS: Thưa gia sư, đề bài yêu cầu tìm ""Số lớn nhất"" trong dãy bằng cách lướt tuần tự. Làm sao máy tính ghi nhớ được số nào đang là lớn nhất ạ?
AI: Chúng ta hãy tưởng tượng em đang làm trọng tài cho trò chơi ""Ai cao nhất"". Ban đầu, em gọi người số 1 (mang số 5) bước ra. Do chưa có ai khác so sánh, em tạm ghi nhận kỉ lục hiện tại (biến Max) là mấy?
HS: Dạ, tạm thời biến Max là 5 ạ.
AI: Tốt lắm. Bước 2, em gọi người số 2 (mang số 9) bước ra. Em làm thao tác gì giữa số 9 và kỉ lục Max (đang là 5)?
HS: Em so sánh hai số. Thấy số 9 lớn hơn số 5, vậy số 9 sẽ đẩy số 5 ra và chiếm lấy vị trí kỉ lục ạ!
AI: Rất sinh động! Vậy lúc này bộ nhớ của biến Max đã được cập nhật thành số mấy?
HS: Max được ghi đè và cập nhật bằng 9 ạ.
AI: Tiếp tục lướt tuần tự, em duyệt đến người số 3 (mang số 2). So với biến Max hiện tại (số 9) thì thế nào?
HS: Số 2 nhỏ hơn số 9, nên không đủ điều kiện làm kỉ lục. Max vẫn giữ nguyên giá trị là 9.
AI: Tương tự với phần tử cuối cùng (số 7) thì sao? Và khi kết thúc dãy, đáp án chung cuộc em thu được là gì?
HS: Số 7 cũng nhỏ hơn 9 nên bị loại. Đã duyệt hết danh sách rồi, vậy chung cuộc số lớn nhất Max là 9 ạ. Em đã hiểu cơ chế máy tính lưu trữ và cập nhật biến Max rồi!
AI: Thật xuất sắc! Em vừa tự xây dựng thành công thuật toán ""Tìm phần tử lớn nhất"" chỉ bằng cách thay đổi phép so sánh của tìm kiếm tuần tự. Em tư duy rất giống một kĩ sư phần mềm."
HNMU-G7-R0198-STT1,shared/raw_data/HNMU-teacher_dialog_samples/Lớp 7.xlsx,198,7,Lớp 7,1,Bài 15. Thuật toán tìm kiếm nhị phân,"Hoạt động khởi động (Trang 81, SGK)",Nêu được ý nghĩa của bài toán tìm kiếm nhị phân trong thực tiễn (ví dụ việc tra từ điển).,Nhận biết,"Giúp việc tìm kiếm thực hiện nhanh chóng hơn trên một danh sách đã được sắp xếp, thu hẹp phạm vi tìm kiếm.","HS: Gia sư ơi, tại sao lại cần thuật toán tìm kiếm nhị phân ạ?
AI: Chào em. Em còn nhớ bài trước ta học thuật toán tìm kiếm tuần tự không? Điểm yếu của nó khi áp dụng cho danh sách rất dài là gì?
HS: Là nó phải dò từng cái một, nếu danh sách dài thì mất rất nhiều thời gian ạ.
AI: Chính xác. Hãy tưởng tượng em cầm một cuốn từ điển dày 1000 trang để tìm từ ""Zebra"". Em có lật từng trang từ đầu cuốn từ điển không?
HS: Dạ không ạ, thế thì đến mai mất. Em sẽ mở thẳng về phía cuối sách.
AI: Nếu em mở ngẫu nhiên ra trang có vần M, chữ Z nằm ở nửa trước hay nửa sau cuốn sách?
HS: Chữ Z nằm ở phần sau ạ. Vậy em chỉ tìm phần sau thôi, bỏ qua luôn phần trước.
AI: Tuyệt vời! Hành động ""bỏ qua luôn một nửa"" đó giúp tốc độ tìm kiếm thay đổi thế nào?
HS: Nhanh hơn rất nhiều ạ. À, em hiểu rồi, ý nghĩa của thuật toán này là giúp tìm kiếm cực kì nhanh trên một tập dữ liệu lớn bằng cách loại trừ dần!
AI: Rất đúng! Em đã tự khám phá ra ưu điểm vượt trội và ý nghĩa thực tiễn của thuật toán này rồi."
HNMU-G7-R0199-STT2,shared/raw_data/HNMU-teacher_dialog_samples/Lớp 7.xlsx,199,7,Lớp 7,2,Bài 15. Thuật toán tìm kiếm nhị phân,"Mục 1 (Trang 82, SGK)",Nêu được điều kiện bắt buộc để có thể thực hiện thuật toán tìm kiếm nhị phân.,Nhận biết,Danh sách dữ liệu đầu vào bắt buộc phải được sắp xếp từ trước (theo thứ tự tăng dần hoặc giảm dần).,"HS: Thầy AI, có phải danh sách nào mình cũng dùng tìm kiếm nhị phân được không?
AI: Cùng phân tích nhé. Nếu em có một tập bài kiểm tra lộn xộn, em rút bài ở giữa ra được tên ""Bình"". Em có biết bài của em (tên ""Dũng"") nằm ở nửa trên hay nửa dưới không?
HS: Dạ không ạ, tệp bài lộn xộn thì làm sao mà biết nó ở đâu được.
AI: Rất logic. Vậy để biết chắc chắn tên ""Dũng"" phải nằm ở nửa dưới, cô giáo cần làm gì với tệp bài trước đó?
HS: Cô giáo phải sắp xếp tệp bài theo thứ tự bảng chữ cái ABC ạ.
AI: Chuẩn xác. Nếu thiếu bước sắp xếp này thì việc ""chia đôi"" rồi lấy phần tử ở giữa so sánh có còn tác dụng thu hẹp phạm vi không?
HS: Dạ vô dụng ạ, vì chia xong cũng không biết cần tìm ở nửa nào.
AI: Vậy em hãy rút ra kết luận, điều kiện bắt buộc tiên quyết để áp dụng thuật toán tìm kiếm nhị phân là gì?
HS: Danh sách dữ liệu đầu vào bắt buộc phải được sắp xếp từ trước ạ.
AI: Hoàn toàn chính xác! Em đã nắm được mấu chốt quan trọng nhất của thuật toán."
HNMU-G7-R0200-STT3,shared/raw_data/HNMU-teacher_dialog_samples/Lớp 7.xlsx,200,7,Lớp 7,3,Bài 15. Thuật toán tìm kiếm nhị phân,"Mục 1 (Trang 82, SGK)","Nêu được ý nghĩa của từ ""nhị phân"" trong tên gọi của thuật toán tìm kiếm nhị phân.",Nhận biết,"""Nhị phân"" mang ý nghĩa là chia đôi. Thuật toán liên tục chia đôi vùng tìm kiếm để thu hẹp phạm vi.","HS: Chữ ""nhị phân"" trong tên thuật toán có nghĩa là gì vậy gia sư? Có phải là hệ cơ số 0 và 1 không ạ?
AI: Một liên tưởng rất hay! Tuy nhiên trong ngữ cảnh bài này thì nó có ý nghĩa đơn giản hơn. Cùng tách nghĩa nhé. ""Nhị"" trong tiếng Hán Việt có nghĩa là số mấy?
HS: Dạ ""nhị"" là số 2 ạ.
AI: Đúng rồi. Thế còn ""phân""? Khi ta ""phân chia"" một chiếc bánh, nghĩa là ta đang làm hành động gì?
HS: Nghĩa là cắt hoặc chia chiếc bánh đó ra ạ.
AI: Ghép hai nghĩa lại, ""nhị phân"" trong tên bài học này có nghĩa là gì?
HS: Là cắt hoặc chia làm 2 phần ạ.
AI: Rất chuẩn. Đối chiếu với bài toán, thay vì tìm lần lượt, ở mỗi bước máy tính ""chặt"" danh sách ban đầu ra làm mấy phần?
HS: Dạ nó chặt danh sách làm 2 phần (nửa trước và nửa sau) ạ.
AI: Chính xác! Việc liên tục chia đôi vùng tìm kiếm như vậy chính là nguyên lí của tên gọi này. Giờ em đã hiểu chữ nhị phân chưa?
HS: Em nhớ rồi ạ. Nhị phân ở đây nghĩa là liên tục chia đôi vùng tìm kiếm để thu hẹp phạm vi."
HNMU-G7-R0201-STT4,shared/raw_data/HNMU-teacher_dialog_samples/Lớp 7.xlsx,201,7,Lớp 7,4,Bài 15. Thuật toán tìm kiếm nhị phân,"Mục 1 (Trang 82, SGK)",Nhận biết được các yếu tố đầu vào và đầu ra của thuật toán tìm kiếm nhị phân.,Nhận biết,Đầu vào: Danh sách đã sắp xếp và giá trị cần tìm. Đầu ra: Vị trí tìm thấy hoặc thông báo không tìm thấy.,"HS: Em chưa xác định được đầu vào và đầu ra của thuật toán này khi làm bài tập.
AI: Tưởng tượng em chơi trò ""Hãy đoán số tôi đang nghĩ trong đầu"". Để em bắt đầu chơi, người quản trò phải cung cấp cho em dữ liệu gì?
HS: Bạn ấy phải cho em một danh sách các số, ví dụ từ 1 đến 100.
AI: Chính xác! Đó chính là yếu tố thứ nhất. Nhưng để em dùng được chiến thuật nhị phân thì danh sách đó phải có đặc điểm gì?
HS: Danh sách đó phải được sắp xếp tăng dần rồi ạ.
AI: Quá chuẩn. Ngoài danh sách đó ra, mục tiêu cốt lõi mà máy tính đang cố gắng truy tìm được gọi là gì?
HS: Là số bí mật, hay gọi là ""giá trị cần tìm"" ạ.
AI: Đúng! Vậy gộp lại, ""đầu vào"" của thuật toán gồm 2 yếu tố nào?
HS: Dạ là một ""danh sách đã sắp xếp"" và một ""giá trị cần tìm"" ạ.
AI: Rất xuất sắc. Khi trò chơi kết thúc, kết quả cuối cùng em thu được (tức là đầu ra) sẽ rơi vào những trường hợp nào?
HS: Em sẽ tìm ra vị trí số đó, hoặc nếu bạn kia lừa em (số không có thật) thì em báo là không có số đó.
AI: Chốt lại, đầu ra sẽ là gì?
HS: Đầu ra là ""Vị trí tìm thấy"" hoặc ""Thông báo không tìm thấy"". Em đã nắm vững rồi ạ!"
HNMU-G7-R0202-STT5,shared/raw_data/HNMU-teacher_dialog_samples/Lớp 7.xlsx,202,7,Lớp 7,5,Bài 15. Thuật toán tìm kiếm nhị phân,"Mục 2 (Trang 83, SGK)",Giải thích được lí do tại sao thuật toán tìm kiếm nhị phân lại nhanh hơn tìm kiếm tuần tự trên một danh sách đã sắp xếp.,Thông hiểu,"Vì sau mỗi bước, tìm kiếm nhị phân loại bỏ được một nửa danh sách, trong khi tìm kiếm tuần tự chỉ loại bỏ được một phần tử.","HS: Tại sao tìm kiếm nhị phân lại nhanh hơn tìm kiếm tuần tự vậy ạ? Em thấy thuật toán nào máy tính chạy cũng ra kết quả mà.
AI: Trở lại ví dụ tìm số bí mật từ 1 đến 100. Nếu em dùng tuần tự (đoán 1, rồi 2, 3...), giả sử số bí mật là 99 thì em phải đoán bao nhiêu lần?
HS: Em phải đoán đến số 99, tức là tốn 99 lần đoán ạ.
AI: Đúng thế. Mỗi lần đoán sai, em loại bỏ được bao nhiêu số khỏi danh sách?
HS: Em chỉ loại bỏ được đúng 1 số (cái số em vừa đoán) thôi ạ.
AI: Nhưng nếu dùng nhị phân, lần đầu tiên em đoán số 50. Người ta bảo ""Số của tôi lớn hơn 50"". Lúc này chuyện gì xảy ra với các số từ 1 đến 50?
HS: Em sẽ gạch bỏ luôn các số từ 1 đến 50, không thèm quan tâm tới chúng nữa.
AI: Tuyệt! Số lượng phần tử em vừa gạch bỏ chỉ trong 1 lần đoán là bao nhiêu?
HS: Em gạch bỏ được 50 số, tức là loại hẳn một nửa danh sách luôn ạ!
AI: Cực kì sắc bén. Vậy em hãy tự giải thích điểm mấu chốt tạo ra tốc độ của tìm kiếm nhị phân so với tuần tự là gì?
HS: Nhị phân loại bỏ được cả một nửa danh sách sau mỗi bước, còn tuần tự chỉ loại được 1 phần tử. Nên nhị phân thu hẹp phạm vi nhanh hơn rất rất nhiều ạ!
AI: Đó chính là sức mạnh của nó. Em đã hiểu tận gốc bản chất tối ưu của thuật toán rồi đó."
HNMU-G7-R0203-STT6,shared/raw_data/HNMU-teacher_dialog_samples/Lớp 7.xlsx,203,7,Lớp 7,6,Bài 15. Thuật toán tìm kiếm nhị phân,"Mục 1 (Trang 82, SGK)",Trình bày được ý tưởng cốt lõi của thuật toán tìm kiếm nhị phân.,Thông hiểu,"So sánh giá trị cần tìm với phần tử ở giữa danh sách. Nếu bằng thì dừng. Nếu nhỏ hơn tìm ở nửa đầu, nếu lớn hơn tìm ở nửa sau. Lặp lại cho đến khi thấy hoặc hết.","HS: Gia sư có thể giúp em tóm tắt ý tưởng thuật toán này không? Sách viết dài quá em không thuộc được.
AI: Không cần học thuộc vẹt đâu. Để tìm một số trong dãy đã sắp xếp, bước đầu tiên thuật toán sẽ chọc thẳng vào kiểm tra phần tử ở vị trí nào?
HS: Nó sẽ kiểm tra phần tử nằm ở vị trí chính giữa của dãy ạ.
AI: Đúng. Khi đem ""giá trị cần tìm"" so sánh với ""phần tử ở giữa"", trường hợp tuyệt vời nhất là gì?
HS: Là nó bằng nhau ạ. Thế thì tìm thấy luôn và dừng lại.
AI: Chuẩn! Nhưng nếu ""giá trị cần tìm"" nhỏ hơn ""phần tử ở giữa"", do dãy đã sắp xếp tăng dần, em sẽ tiếp tục khoanh vùng tìm kiếm ở đâu?
HS: Em sẽ tìm ở nửa đầu của danh sách ạ, vì các số nhỏ hơn nằm ở phía trước.
AI: Tương tự, nếu lớn hơn thì tìm ở đâu?
HS: Tìm ở nửa sau của danh sách.
AI: Sau khi xác định được nửa cần tìm (mảng con mới), em sẽ làm gì tiếp?
HS: Em lại tiếp tục lấy phần tử ở giữa của nửa đó ra để so sánh, cứ thế lặp lại cho đến khi tìm thấy hoặc hết danh sách ạ.
AI: Xuất sắc! Em vừa tự xâu chuỗi hoàn chỉnh ý tưởng cốt lõi của thuật toán mà không cần đọc SGK rồi đó."
HNMU-G7-R0204-STT7,shared/raw_data/HNMU-teacher_dialog_samples/Lớp 7.xlsx,204,7,Lớp 7,7,Bài 15. Thuật toán tìm kiếm nhị phân,"Luyện tập (Sinh thêm cho trang 82, SGK)",Mô phỏng được quá trình thực hiện thuật toán tìm kiếm nhị phân để tìm số 8 trong danh sách.,Thông hiểu,"Vị trí giữa là 6. 8 > 6 nên tìm nửa sau. Vị trí giữa mới là 8. Bằng nhau -> Dừng, kết quả vị trí số 4.","HS: Em phải làm bài kiểm tra mô phỏng quá trình tìm số 8 trong dãy. Em nên viết các bước thế nào ạ?
AI: Em hãy đóng vai máy tính chạy từng dòng lệnh nhé. Dãy này có 5 số (vị trí 1 đến 5). Vậy phần tử ở chính giữa (vị trí 3) là số mấy?
HS: Phần tử ở giữa là số 6 ạ.
AI: Bước 1: Máy tính sẽ so sánh ""giá trị cần tìm"" (số 8) với phần tử giữa (số 6) này. Kết quả của phép so sánh là gì?
HS: Số 8 lớn hơn số 6 ạ.
AI: Vì 8 > 6, thuật toán sẽ vứt bỏ nửa đầu (gồm 2, 4, 6). Phạm vi tìm kiếm của em bây giờ thu hẹp lại chỉ còn những số nào?
HS: Còn lại nửa sau là danh sách mới: ạ.
AI: Rất tốt. Ta sang bước lặp thứ 2. Trong danh sách mới, vị trí chính giữa của nó (chọn phần tử đầu tiên nếu dãy chẵn) là số mấy?
HS: Dạ là số 8 ạ.
AI: Tiếp tục lặp lại thao tác so sánh ""giá trị cần tìm"" (số 8) với ""phần tử ở giữa mới"" này, em thấy thế nào?
HS: 8 bằng 8, bằng nhau rồi ạ!
AI: Khi thỏa mãn điều kiện bằng nhau, thuật toán sẽ đưa ra kết luận thế nào để kết thúc?
HS: Thuật toán sẽ thông báo tìm thấy số 8 ở vị trí thứ 4 của dãy ban đầu và dừng lại ạ.
AI: Hoàn hảo! Em đã mô phỏng từng bước rẽ nhánh chính xác tuyệt đối như một máy tính thực thụ."
HNMU-G7-R0205-STT8,shared/raw_data/HNMU-teacher_dialog_samples/Lớp 7.xlsx,205,7,Lớp 7,8,Bài 15. Thuật toán tìm kiếm nhị phân,"Luyện tập (Sinh thêm cho trang 84, SGK)",Giải thích được số bước tối đa cần thực hiện để tìm một số trong danh sách có 8 phần tử bằng thuật toán tìm kiếm nhị phân.,Thông hiểu,Cần tối đa 3 bước. Vì mỗi bước chia đôi danh sách (8 -> 4 -> 2 -> 1).,"HS: Dãy có 8 số thì cần tối đa bao nhiêu bước để tìm bằng nhị phân ạ? Em hay đếm lộn số bước lắm.
AI: Ta cùng vẽ sơ đồ tư duy trong đầu nhé. Ban đầu em có dải 8 phần tử. Qua bước lặp thứ 1, thuật toán chia đôi danh sách. Phạm vi tìm kiếm còn lại nhiều nhất bao nhiêu phần tử?
HS: Lấy 8 chia đôi thì còn lại dải 4 phần tử ạ.
AI: Đúng vậy. Tiếp tục bước lặp thứ 2, thuật toán lại chia đôi. Số phần tử còn lại là mấy?
HS: Lấy 4 chia đôi thì dải chỉ còn 2 phần tử ạ.
AI: Sang bước lặp thứ 3, chia đôi 2 phần tử, ta còn mấy phần tử để xét?
HS: Còn duy nhất 1 phần tử ạ.
AI: Khi chỉ còn 1 phần tử cuối cùng, em đem so sánh nốt, nếu vẫn không phải thì máy tính kết luận không tìm thấy. Vậy em đã mất tổng cộng bao nhiêu bước để truy quét sạch 8 phần tử?
HS: Tính ra là 3 bước ạ (lần 1: 8 xuống 4, lần 2: 4 xuống 2, lần 3: 2 xuống 1).
AI: Rất thông minh. Có một phép toán toán học tương ứng cho việc này: 2 mũ mấy thì bằng 8?
HS: Dạ 2 mũ 3 bằng 8 ạ. À, em hiểu rồi, số bước tối đa chính là số lần chia đôi liên tục cho đến khi dải chỉ còn 1 phần tử!
AI: Tuyệt vời! Em không chỉ mô phỏng đúng mà còn tự khái quát hoá được cơ chế tính toán số bước rồi đấy."
HNMU-G7-R0206-STT9,shared/raw_data/HNMU-teacher_dialog_samples/Lớp 7.xlsx,206,7,Lớp 7,9,Bài 15. Thuật toán tìm kiếm nhị phân,"Mục 2 (Trang 83, SGK)",So sánh được sự khác nhau về điều kiện áp dụng của thuật toán tìm kiếm tuần tự và thuật toán tìm kiếm nhị phân.,Thông hiểu,Tìm kiếm tuần tự áp dụng cho mọi danh sách (đã hoặc chưa sắp xếp). Tìm kiếm nhị phân chỉ áp dụng cho danh sách đã được sắp xếp.,"HS: Thưa gia sư, thuật toán tìm kiếm tuần tự và nhị phân khác nhau thế nào về ""điều kiện sử dụng"" ạ?
AI: Nếu em có một quyển danh bạ điện thoại bị in lỗi, tên người bị xáo trộn lung tung không theo quy luật. Em có dùng được tìm kiếm nhị phân để tìm tên không?
HS: Dạ không, vì nhị phân bắt buộc phải sắp xếp sẵn thì mới biết so sánh lớn nhỏ để biết đi về nửa nào ạ.
AI: Đúng rồi. Vậy đối phó với cái danh bạ lộn xộn đó, em đành phải dùng thuật toán nào?
HS: Em chỉ có thể dùng tìm kiếm tuần tự (dò từng cái một từ đầu đến cuối) thôi ạ.
AI: Tốt. Vậy giả sử quyển danh bạ đó ĐÃ ĐƯỢC in chuẩn, sắp xếp ABC đàng hoàng. Em có thể dùng tìm kiếm tuần tự trên đó không?
HS: Vẫn dùng tuần tự được ạ, nhưng dò từ đầu sẽ hơi chậm.
AI: Đồng thời em có dùng được tìm kiếm nhị phân trên quyển danh bạ đã sắp xếp đó không?
HS: Được luôn ạ, và nó sẽ tìm cực nhanh!
AI: Vậy tóm lại, em hãy đối chiếu điểm khác biệt lớn nhất về ""điều kiện áp dụng"" của 2 thuật toán là gì?
HS: Tìm kiếm nhị phân ""khó tính"" hơn, chỉ áp dụng được khi danh sách ĐÃ sắp xếp. Còn tuần tự thì ""dễ tính"", danh sách lộn xộn hay đã sắp xếp đều xài được tuốt.
AI: Khái quát rất hình tượng và đầy đủ! Em đã làm chủ hoàn toàn bản chất đặc trưng của hai thuật toán."
HNMU-G7-R0207-STT10,shared/raw_data/HNMU-teacher_dialog_samples/Lớp 7.xlsx,207,7,Lớp 7,10,Bài 15. Thuật toán tìm kiếm nhị phân,"Vận dụng (Sinh thêm cho trang 84, SGK)",Phân tích được kết quả nếu cố tình áp dụng thuật toán tìm kiếm nhị phân trên một danh sách chưa được sắp xếp.,Thông hiểu,"Thuật toán sẽ chạy sai logic, bỏ sót vùng chứa phần tử và có thể báo ""không tìm thấy"" dù phần tử vẫn tồn tại trong danh sách.","HS: Điều gì sẽ xảy ra nếu em cứ ngoan cố dùng tìm kiếm nhị phân trên một dãy số lộn xộn ạ? Máy tính có bị treo không?
AI: Máy tính không bị treo đâu, nhưng kết quả trả về sẽ rất tệ hại. Thử nhé, cho dãy lộn xộn:. Em cần tìm số 2. Em lấy số ở chính giữa là số mấy?
HS: Vị trí giữa là vị trí số 3, chứa số 8 ạ.
AI: Số 2 so với số 8 thì nhỏ hơn. Theo luật của nhị phân, máy sẽ đi tìm ở nửa nào?
HS: Nó sẽ tưởng các số nhỏ hơn 8 đều nằm ở nửa trước, nên nó chặt lấy nửa trước để tìm tiếp.
AI: Nhưng hãy nhìn bằng mắt thường vào toàn bộ dãy, số 2 thực chất đang nằm ở đâu?
HS: Ôi, số 2 nằm ở nửa sau cơ mà. Nếu máy tính đi tìm ở nửa trước thì nó sẽ không bao giờ thấy được số 2!
AI: Vậy cuối cùng, máy tính sẽ in ra màn hình thông báo gì?
HS: Nó sẽ in ra ""Không tìm thấy"", trong khi thực tế số 2 vẫn sờ sờ trong dãy. Máy tính bị mù màu rồi!
AI: Cực kì sắc sảo! Đó chính là hậu quả của việc ""áp dụng sai điều kiện"". Do dữ liệu không có tính thứ tự, việc chia đôi sẽ làm mất hoàn toàn dữ liệu thật. Em thấy việc sắp xếp trước quan trọng nhường nào chưa?
HS: Em hiểu sâu sắc rồi ạ, làm sai luật là thuật toán trả về kết quả sai bét ngay!"
HNMU-G7-R0208-STT11,shared/raw_data/HNMU-teacher_dialog_samples/Lớp 7.xlsx,208,7,Lớp 7,11,Bài 15. Thuật toán tìm kiếm nhị phân,"Phần Vận dụng (Trang 84, SGK)",Xác định được các bước để tìm một từ tiếng Anh trong từ điển bằng thuật toán tìm kiếm nhị phân.,Vận dụng,"Mở giữa quyển từ điển, so sánh từ cần tìm với từ ở trang giữa. Nếu từ cần tìm đứng trước thì tìm ở nửa đầu quyển, ngược lại tìm ở nửa sau. Tiếp tục chia đôi phần còn lại.","HS: Bài Vận dụng hỏi cách tìm một từ tiếng Anh trong từ điển bằng tìm kiếm nhị phân. Em phải trả lời các bước thao tác sao cho giống ngôn ngữ máy tính ạ?
AI: Rất thú vị! Em hãy đóng vai một ""robot nhị phân"". Cuốn từ điển đã được sắp xếp A-Z. Bước 1, thay vì mở trang đầu tiên, robot sẽ ra lệnh mở ở đâu?
HS: Robot sẽ mở lật cuốn từ điển ra đúng trang chính giữa ạ.
AI: Rất chuẩn. Tại trang giữa đó, giả sử từ bắt đầu bằng vần M. Từ em cần tìm là ""Cat"" (vần C). Em so sánh thứ tự chữ C và chữ M thì thế nào?
HS: Chữ C đứng trước chữ M trong bảng chữ cái ABC ạ.
AI: Vì chữ C đứng trước, nên robot sẽ làm hành động gì với nửa sau của từ điển (từ vần M đến Z)?
HS: Nó sẽ loại bỏ qua luôn nửa sau đó, chỉ giữ lại nửa đầu (từ A đến M) làm phạm vi để tìm tiếp.
AI: Tiếp tục với nửa đầu đó, vòng lặp tiếp theo robot sẽ thao tác thế nào?
HS: Nó lại mở chính giữa của phần nửa đầu (từ A đến M) ra, lại so sánh chữ, rồi lại gạch bỏ một nửa không phù hợp. Cứ lặp lại liên tục đến khi tìm trúng trang có chữ ""Cat"" ạ.
AI: Tuyệt vời! Em vừa mô tả hoàn hảo một quy trình tìm kiếm nhị phân trong đời sống thực tế bằng chính tư duy của lập trình viên rồi đó.
HS: Cảm ơn gia sư, ánh xạ tư duy máy tính ra thực tế thế này rất dễ viết bài ạ!"
HNMU-G7-R0209-STT12,shared/raw_data/HNMU-teacher_dialog_samples/Lớp 7.xlsx,209,7,Lớp 7,12,Bài 15. Thuật toán tìm kiếm nhị phân,"Phần Đánh giá (Trang 91, SGV)","Thực hiện được việc tìm kiếm nhị phân để tìm học sinh được 9,5 điểm trong bảng điểm đã sắp xếp: [7.0, 7.5, 8.0, 8.5, 9.0, 9.5, 10].",Vận dụng,"Vị trí giữa là 8.5. 9.5 > 8.5, tìm nửa sau [9.0, 9.5, 10]. Vị trí giữa mới là 9.5. Bằng giá trị cần tìm -> Dừng, kết quả vị trí 6.","HS: Gia sư ơi, đề bảo dùng tìm kiếm nhị phân tìm điểm số 9.5 trong dãy [7.0, 7.5, 8.0, 8.5, 9.0, 9.5, 10]. Cụ thể các bước viết ra bài thi ra sao ạ?
AI: Dãy này đã được sắp xếp tăng dần, có 7 số, đánh số vị trí từ 1 đến 7. Bước 1: Phần tử chính giữa là vị trí số mấy?
HS: Vị trí chính giữa là vị trí số 4, ứng với điểm 8.5 ạ.
AI: Tốt. Em so sánh ""giá trị cần tìm"" (9.5) với 8.5, kết quả phép so sánh thế nào?
HS: Dạ 9.5 lớn hơn 8.5 ạ.
AI: Do dãy tăng dần, số lớn hơn nằm ở phía sau. Vậy em sẽ lấy nửa nào của danh sách để thiết lập phạm vi tìm tiếp?
HS: Em loại bỏ nửa trước, chỉ lấy nửa sau gồm 3 số là mảng con: [9.0, 9.5, 10].
AI: Chuẩn xác. Bước lặp 2: Trong dải mảng con mới [9.0, 9.5, 10], vị trí chính giữa của nó chứa số mấy?
HS: Vị trí chính giữa của mảng mới này là số 9.5 ạ.
AI: Đem so sánh 9.5 với ""giá trị cần tìm"", em thấy điều kiện gì xảy ra?
HS: 9.5 bằng đúng 9.5. Cán đích, tìm thấy rồi ạ!
AI: Vậy thuật toán sẽ làm gì và đưa ra câu kết luận nào ghi vào bài thi?
HS: Thuật toán dừng lại ngay lập tức và thông báo: Tìm thấy điểm 9.5 ở vị trí thứ 6 trong danh sách ban đầu ạ.
AI: Quá xuất sắc! Em đã trình bày diễn biến thuật toán hoàn hảo từng lệnh một."
HNMU-G7-R0210-STT13,shared/raw_data/HNMU-teacher_dialog_samples/Lớp 7.xlsx,210,7,Lớp 7,13,Bài 15. Thuật toán tìm kiếm nhị phân,"Mục 1 (Trang 82, SGK)",Xác định được điều kiện dừng của thuật toán tìm kiếm nhị phân.,Vận dụng,"Thuật toán dừng khi: 1) Tìm thấy giá trị cần tìm, hoặc 2) Vùng tìm kiếm bị thu hẹp bằng rỗng (chứng tỏ không tìm thấy).","HS: Thưa AI, thuật toán nhị phân sẽ dừng lại khi nào ạ? Nó có giống hệt 2 điều kiện dừng của thuật toán tìm kiếm tuần tự không?
AI: Nó có một điểm giống hoàn toàn. Giả sử em đang tìm số 5, em vừa cắt đôi danh sách, ngay lần kiểm tra đầu tiên số ở giữa đã là 5. Em sẽ ra lệnh cho máy tính làm gì?
HS: Em ra lệnh dừng lại luôn và báo cáo là tìm thấy rồi ạ.
AI: Đúng! Đó là điều kiện 1: Dừng khi ""tìm thấy giá trị cần tìm"". Nhưng giả sử số em cần tìm không hề tồn tại trong danh sách thì sao?
HS: Thì em sẽ tiếp tục cắt đôi danh sách mãi... Ơ nhưng mà cắt đến bao giờ mới chịu dừng ạ?
AI: Máy tính cứ cắt đôi liên tục, danh sách từ 8 phần tử, xuống 4, xuống 2, xuống 1. Khi chỉ còn 1 phần tử mà đem so sánh vẫn không trúng, nếu máy tính cố cắt nữa thì danh sách mới sẽ có mấy phần tử?
HS: Sẽ không còn phần tử nào, danh sách trống rỗng luôn ạ!
AI: Khi danh sách trống rỗng (trong Tin học gọi là ""vùng tìm kiếm bị thu hẹp bằng rỗng""), em còn bất kì dữ liệu nào để mà tìm nữa không?
HS: Dạ không còn gì cả. Hết sạch rồi nên máy tính bắt buộc phải chịu thua và dừng lại.
AI: Chính xác. Vậy em hãy chốt lại 2 điều kiện bắt buộc dừng của tìm kiếm nhị phân nhé.
HS: Một là dừng khi tìm thấy phần tử. Hai là dừng khi vùng tìm kiếm bị thu hẹp rỗng (chứng tỏ phần tử không tồn tại) ạ.
AI: Lập luận rất logic và chặt chẽ! Em nắm vững kiến trúc vòng lặp như một kĩ sư rồi đó."
HNMU-G7-R0211-STT14,shared/raw_data/HNMU-teacher_dialog_samples/Lớp 7.xlsx,211,7,Lớp 7,14,Bài 15. Thuật toán tìm kiếm nhị phân,"Phần Vận dụng (Trang 84, SGK)",Sử dụng thuật toán tìm kiếm nhị phân để định hình chiến thuật đoán một số bí mật từ 1 đến 100 tốn ít số lần nhất.,Vận dụng,"Luôn đoán số nằm ở chính giữa khoảng phạm vi còn lại. (Ví dụ 50, rồi 25 hoặc 75...). Giúp liên tục loại bỏ được một nửa khoảng tìm kiếm. Tối đa chỉ cần 7 lần đoán.","HS: Em đọc bài tập Vận dụng thấy có trò đoán số bí mật từ 1 đến 100. Làm sao để đoán tốn ít số lần nhất ạ? Em toàn đoán bừa 10, 20 thôi.
AI: Chào em, nếu em đoán bừa thì đó là chơi theo cảm tính, đôi khi rất tốn lượt. Hãy áp dụng tư duy ""chia để trị"" của thuật toán nhị phân. Trên dải số từ 1 đến 100, số nằm chính giữa là bao nhiêu?
HS: Là số 50 ạ. Em sẽ đoán số 50 đầu tiên.
AI: Giả sử người quản trò trả lời ""Số của tớ lớn hơn 50"". Phạm vi nghi ngờ của em lập tức được thu hẹp còn lại vùng nào?
HS: Còn lại vùng từ 51 đến 100 ạ. Ôi, chỉ với 1 lần đoán em loại thẳng tay được 50 số sai!
AI: Tiếp tục nguyên lí đó, số chính giữa của vùng [51..100] là số khoảng bao nhiêu?
HS: Nửa của 50 là 25, cộng vào là 75 ạ. Em sẽ đoán tiếp số 75.
AI: Giả sử họ lại trả lời ""Số của tớ nhỏ hơn 75"". Vùng khả nghi của em lúc này bị ép vào đâu?
HS: Nó nằm kẹt giữa 50 và 75, tức là vùng [51..74] ạ.
AI: Em thấy chiến thuật ""luôn đoán số ở chính giữa dải còn lại"" giúp em đạt được lợi thế khổng lồ gì ở mỗi bước?
HS: Nó luôn giúp em chặt bỏ đi đi một nửa số trường hợp rác, bất chấp người quản trò trả lời lớn hơn hay nhỏ hơn.
AI: Bằng phép tính toán học, em chỉ cần tối đa 7 lần chặt đôi (vì 2 mũ 7 = 128 > 100) là sẽ dồn được người quản trò vào góc tường và tìm ra số. Em thấy chiến thuật Tin học này thế nào?
HS: Thật là vi diệu! Em sẽ dùng chiến thuật này để đi ""bán hành"" cho các bạn trên lớp. Cảm ơn thầy AI ạ!"
HNMU-G7-R0212-STT1,shared/raw_data/HNMU-teacher_dialog_samples/Lớp 7.xlsx,212,7,Lớp 7,1,Bài 16. Thuật toán sắp xếp,"Hoạt động khởi động (Trang 85, SGK)",Nêu được ý nghĩa của thuật toán sắp xếp đối với bài toán tìm kiếm.,Nhận biết,Việc sắp xếp giúp cho việc tìm kiếm được thực hiện nhanh chóng hơn.,"HS: Gia sư ơi, bài trước mình đã học xong thuật toán tìm kiếm rồi, tại sao bài 16 này lại phải học thêm thuật toán sắp xếp ạ?
AI: Chào em. Em còn nhớ bài 15 về tìm kiếm nhị phân không? Điều kiện bắt buộc để dùng thuật toán đó là gì?
HS: Dạ danh sách phải được sắp xếp từ trước ạ.
AI: Chính xác! Nếu người ta đưa cho em một danh sách lộn xộn, em có dùng được tìm kiếm nhị phân không?
HS: Không ạ, lúc đó chỉ dùng được tìm kiếm tuần tự thôi.
AI: Mà tìm kiếm tuần tự trên 1 triệu dữ liệu lộn xộn thì tốc độ sẽ thế nào?
HS: Rất chậm và mất thời gian ạ.
AI: Vậy để biến cái danh sách lộn xộn đó thành danh sách có thể áp dụng tìm kiếm nhị phân cực nhanh, máy tính cần làm thao tác gì trước?
HS: Máy tính cần phải sắp xếp lại danh sách đó ạ! À em hiểu rồi, thuật toán sắp xếp là tiền đề để máy tính tìm kiếm thông tin nhanh chóng hơn.
AI: Khái quát rất xuất sắc! Em đã nhận ra sợi dây liên kết giữa các bài học rồi đấy."
HNMU-G7-R0213-STT2,shared/raw_data/HNMU-teacher_dialog_samples/Lớp 7.xlsx,213,7,Lớp 7,2,Bài 16. Thuật toán sắp xếp,"Câu 1 phần Đánh giá (Trang 91, SGV)",Nhận biết được đặc điểm so sánh của thuật toán sắp xếp nổi bọt.,Nhận biết,So sánh hai phần tử liền kề nhau và hoán đổi nếu chúng sai thứ tự.,"HS: Thưa gia sư, thuật toán sắp xếp nổi bọt hoạt động theo nguyên tắc nào ạ?
AI: Hãy tưởng tượng em đang xếp hàng chào cờ. Em thấy bạn đứng ngay trước mặt mình thấp hơn mình. Quy định là từ thấp đến cao, em sẽ làm gì?
HS: Em sẽ xin đổi chỗ với bạn đứng ngay trước mặt em ạ.
AI: Việc em so sánh với bạn ""đứng ngay trước mặt"" được gọi là so sánh các phần tử như thế nào với nhau?
HS: Là so sánh hai người đứng cạnh nhau ạ.
AI: Chính xác. Sau khi đổi chỗ xong, em lại nhìn tiếp bạn mới đứng ngay trước mặt em. Nếu bạn đó vẫn thấp hơn em thì sao?
HS: Em lại tiếp tục đổi chỗ với bạn ấy, cứ thế tiến dần lên trên ạ.
AI: Tuyệt vời. Đó chính là cách thuật toán sắp xếp nổi bọt hoạt động. Em hãy phát biểu lại quy tắc so sánh của nó bằng ngôn ngữ Tin học?
HS: Dạ, nó so sánh hai phần tử liền kề nhau và hoán đổi vị trí nếu chúng bị sai thứ tự (phần tử sau nhỏ hơn phần tử trước) ạ.
AI: Rất chuẩn xác! Em đã nắm bắt được lõi của thuật toán rồi."
HNMU-G7-R0214-STT3,shared/raw_data/HNMU-teacher_dialog_samples/Lớp 7.xlsx,214,7,Lớp 7,3,Bài 16. Thuật toán sắp xếp,"Câu 1 phần Đánh giá (Trang 91, SGV)",Nhận biết được đặc điểm so sánh của thuật toán sắp xếp chọn.,Nhận biết,So sánh trực tiếp phần tử ở vị trí được xét (mốc) với từng phần tử ở phía sau nó để tìm ra phần tử nhỏ nhất.,"HS: Gia sư ơi, thuật toán sắp xếp chọn khác gì nổi bọt ạ? Cách so sánh của nó là gì?
AI: Cùng quay lại hàng chào cờ nhé. Lần này cô giáo là người sắp xếp. Cô nhìn toàn bộ hàng để tìm ra bạn thấp nhất lớp. Đó là hành động gì?
HS: Đó là hành động ""chọn"" ra người thấp nhất ạ.
AI: Đúng. Để biết ai thấp nhất, cô giáo giữ vị trí số 1 làm mốc. Cô sẽ đem vị trí số 1 này so sánh với ai?
HS: Cô sẽ so sánh vị trí số 1 với từng bạn đứng ở phía sau, từ số 2 đến hết hàng ạ.
AI: Nếu thấy bạn số 5 thấp hơn bạn số 1, cô làm thế nào?
HS: Cô sẽ đổi chỗ hai bạn đó ngay, để bạn thấp hơn lên số 1.
AI: Sau khi quét hết hàng, vị trí số 1 chắc chắn là người thấp nhất chưa?
HS: Chắc chắn rồi ạ.
AI: Vậy em hãy tóm tắt cách thức so sánh của thuật toán sắp xếp chọn.
HS: Thuật toán sẽ so sánh trực tiếp phần tử ở vị trí được xét với từng phần tử ở phía sau nó và hoán đổi để tìm ra phần tử nhỏ nhất đặt lên trước ạ.
AI: 10 điểm! Em đã miêu tả chính xác cơ chế của sắp xếp chọn."
HNMU-G7-R0215-STT4,shared/raw_data/HNMU-teacher_dialog_samples/Lớp 7.xlsx,215,7,Lớp 7,4,Bài 16. Thuật toán sắp xếp,"Mục 1 (Trang 86, SGK)",Biết được các tiêu chí thứ tự thường dùng khi sắp xếp danh sách.,Nhận biết,Sắp xếp theo thứ tự tăng dần hoặc giảm dần (với số); hoặc theo bảng chữ cái ABC (với văn bản).,"HS: Thưa gia sư, bài toán sắp xếp trong Tin học thì quy định sắp xếp theo thứ tự nào ạ?
AI: Bài toán này phụ thuộc vào nhu cầu của người dùng. Khi xem bảng xếp hạng bóng đá, đội có điểm cao nhất nằm ở đâu?
HS: Nằm ở trên cùng (số 1) ạ. Điểm từ cao xuống thấp.
AI: Trong toán học, từ cao xuống thấp gọi là gì?
HS: Gọi là thứ tự giảm dần ạ.
AI: Đúng rồi. Ngược lại, khi xếp hàng chào cờ, chiều cao của học sinh được xếp từ thấp đến cao gọi là gì?
HS: Là thứ tự tăng dần ạ.
AI: Rất tốt. Đó là với các con số. Vậy nếu dữ liệu là tên người (An, Bình, Cường) thì ta sắp xếp theo quy tắc nào?
HS: Dạ ta sắp xếp theo thứ tự bảng chữ cái ABC ạ.
AI: Hoàn hảo. Vậy em tổng hợp lại, có những tiêu chí thứ tự phổ biến nào để sắp xếp danh sách?
HS: Ta thường sắp xếp theo thứ tự tăng dần, giảm dần (đối với số) hoặc theo bảng chữ cái (đối với văn bản) ạ.
AI: Rất chính xác và đầy đủ!"
HNMU-G7-R0216-STT5,shared/raw_data/HNMU-teacher_dialog_samples/Lớp 7.xlsx,216,7,Lớp 7,5,Bài 16. Thuật toán sắp xếp,"Mục 1 (Trang 86, SGK)","Giải thích được lí do thuật toán có tên gọi là ""sắp xếp nổi bọt"" dựa trên đặc điểm vật lí.",Thông hiểu,"Vì các phần tử nhỏ nhất sẽ liên tục được đổi chỗ để ""nổi"" dần lên vị trí đầu danh sách, giống như bọt khí nhẹ hơn nên nổi lên mặt nước.","HS: Gia sư ơi, ""sắp xếp nổi bọt"" nghe tên ngộ quá. Tại sao người ta lại đặt tên thuật toán như vậy ạ?
AI: Đây là một cái tên rất hình tượng! Em đã bao giờ quan sát cốc nước ngọt có ga chưa? Các bọt khí trong cốc sẽ di chuyển thế nào?
HS: Các bọt khí sẽ từ dưới đáy cốc từ từ nổi dần lên trên mặt nước ạ.
AI: Tại sao nó lại nổi lên trên mà không chìm xuống?
HS: Vì bọt khí nhẹ hơn nước ạ.
AI: Rất chuẩn kiến thức Vật lí! Trong thuật toán này, SGK quy định ta duyệt từ cuối danh sách lên đầu. Những số có giá trị nhỏ (như số 1, số 2) đóng vai trò là bọt khí. Nó sẽ thế nào?
HS: À! Các số nhỏ sẽ được đổi chỗ liên tục để từ từ ""nổi"" lên vị trí đầu tiên của dãy!
AI: Quá tuyệt vời! Sự di chuyển từng bước của phần tử nhỏ nhất lên đầu dãy giống hệt chuyển động của cái gì?
HS: Giống hệt sự di chuyển của bọt khí trong nước. Em hiểu lí do của tên gọi này rồi, rất dễ nhớ ạ!
AI: Em tư duy liên môn Vật lí và Tin học rất tốt! Việc hiểu tên gọi sẽ giúp em không bao giờ quên bản chất thuật toán."
HNMU-G7-R0217-STT6,shared/raw_data/HNMU-teacher_dialog_samples/Lớp 7.xlsx,217,7,Lớp 7,6,Bài 16. Thuật toán sắp xếp,"Câu 2 phần Đánh giá (Trang 91, SGV)",Thực hiện mô phỏng vòng lặp thứ nhất của thuật toán sắp xếp nổi bọt (duyệt từ cuối) cho dãy.,Thông hiểu,Kết quả sau vòng 1 là.,"HS: Thầy AI ơi, em cần mô phỏng thuật toán nổi bọt cho dãy. Sách bắt duyệt từ cuối lên, em rối quá.
AI: Đừng lo, ta làm chậm từng bước nhé. Ở vòng 1, ta bắt đầu ở cuối dãy là số 5. Số liền trước nó là số mấy?
HS: Là số 19 ạ. 5 nhỏ hơn 19 nên 5 đổi chỗ lên trước 19.
AI: Rất tốt! Dãy hiện tại là. Bọt khí số 5 lại tiếp tục so với số liền trước nó (là số 7). Kết quả thế nào?
HS: 5 nhỏ hơn 7 nên tiếp tục đổi chỗ ạ. Dãy thành.
AI: Chuẩn! Bọt khí 5 đang từ từ nổi lên. Tiếp tục so 5 với 22?
HS: Đổi chỗ tiếp ạ! Thành.
AI: Cuối cùng, so 5 với số đứng đầu là 8?
HS: 5 vẫn nhỏ hơn 8, đổi chỗ nốt! Số 5 ngoi lên tận vị trí số 1 rồi ạ.
AI: Vậy em hãy đọc lại dãy số hoàn chỉnh sau khi kết thúc vòng lặp thứ nhất xem nào?
HS: Kết quả là ạ. Cách ""thổi bọt khí"" này dễ hiểu quá thầy ạ!
AI: Xuất sắc! Bằng cách bám sát nguyên lí hoán đổi liền kề, em đã chạy thuật toán chính xác như một chiếc máy tính."
HNMU-G7-R0218-STT7,shared/raw_data/HNMU-teacher_dialog_samples/Lớp 7.xlsx,218,7,Lớp 7,7,Bài 16. Thuật toán sắp xếp,"Câu 3 phần Đánh giá (Trang 91, SGV)",Thực hiện mô phỏng vòng lặp thứ nhất của thuật toán sắp xếp chọn cho dãy.,Thông hiểu,Kết quả sau vòng 1 là.,"HS: Vẫn là dãy nhưng bài tiếp theo yêu cầu làm theo ""sắp xếp chọn"". Nó khác câu trước thế nào ạ?
AI: Khác biệt ở chỗ, sắp xếp chọn không hoán đổi liên tục. Ở vòng 1, máy tính sẽ ""chốt"" vị trí đầu tiên (số 8) làm mốc. Sau đó nó làm gì?
HS: Nó sẽ ngó nghiêng tất cả các số phía sau (22, 7, 19, 5) xem số nào nhỏ hơn 8 đúng không ạ?
AI: Đúng. Nếu bám sát logic máy, 8 so với 22 (không đổi). 8 so với 7 thì sao?
HS: 7 nhỏ hơn 8 nên đổi chỗ ạ. Dãy thành. Mốc bây giờ là số 7 ở vị trí đầu.
AI: Rất chính xác! Tiếp tục, mốc 7 so với 19?
HS: Không đổi ạ.
AI: Cuối cùng, mốc 7 so với số 5 ở cuối dãy?
HS: 5 nhỏ hơn 7 nên đổi chỗ cho nhau! Lúc này số 5 vươn lên đầu, số 7 bị ném xuống cuối.
AI: Vậy sau khi kết thúc toàn bộ vòng 1, số 5 yên vị ở đầu dãy, em hãy đọc dãy hoàn chỉnh.
HS: Dạ dãy kết quả là ạ. Cách này hoán đổi ít hơn nổi bọt nhiều.
AI: Rất xuất sắc! Em không chỉ tính đúng mà còn tự nhận ra được sự tối ưu của thuật toán chọn."
HNMU-G7-R0219-STT8,shared/raw_data/HNMU-teacher_dialog_samples/Lớp 7.xlsx,219,7,Lớp 7,8,Bài 16. Thuật toán sắp xếp,"Hoạt động Luyện tập (Trang 89, SGK)",So sánh số lượng phép hoán đổi vị trí tối đa trong 1 vòng lặp lớn giữa thuật toán nổi bọt và thuật toán chọn.,Thông hiểu,"Trong 1 vòng lặp lớn, sắp xếp chọn có thể chỉ đổi chỗ 1 lần (hoặc 1 vài lần). Còn nổi bọt có thể đổi chỗ liên tục với mọi cặp liền kề.","HS: Thầy AI ơi, em thấy nổi bọt và chọn đều đưa số nhỏ nhất lên đầu. Vậy điểm khác biệt cốt lõi ảnh hưởng đến tốc độ của chúng là gì?
AI: Một câu hỏi mang tư duy hệ thống rất sâu sắc! Cùng nhìn lại 2 bài mô phỏng vừa nãy nhé. Ở vòng lặp đầu tiên, ""bọt khí"" số 5 đã phải lật bật thực hiện bao nhiêu lần hoán đổi để ngoi lên đầu?
HS: Dạ nó phải đổi chỗ tới 4 lần, đẩy từng số một mới lên được đầu ạ.
AI: Vậy thuật toán nổi bọt có xu hướng ""đổi chỗ"" rất nhiều lần cho các cặp liền kề đúng không?
HS: Vâng ạ.
AI: Nhìn sang thuật toán Chọn, nếu ta tìm được ngay số nhỏ nhất ở cuối dãy, ta chỉ việc bế nó lên đầu và ném số đầu xuống cuối. Như vậy mất mấy lần hoán đổi?
HS: Trong trường hợp tối ưu nhất nó chỉ tốn 1 lần đổi chỗ là xong việc!
AI: Đúng vậy. Trong máy tính, thao tác ""đổi chỗ"" (hoán vị bộ nhớ) rất tốn kém tài nguyên. Vậy em kết luận thuật toán nào có số phép hoán đổi ít hơn?
HS: Thuật toán sắp xếp Chọn thực hiện số phép hoán đổi ít hơn rất nhiều so với Nổi bọt ạ. Nổi bọt vất vả quá.
AI: Cực kì chuẩn xác! Đây là một kiến thức rất đắt giá mà các lập trình viên luôn phải cân nhắc khi viết code."
HNMU-G7-R0220-STT9,shared/raw_data/HNMU-teacher_dialog_samples/Lớp 7.xlsx,220,7,Lớp 7,9,Bài 16. Thuật toán sắp xếp,"Hoạt động Luyện tập (Trang 89, SGK)",Phân tích điều kiện dừng của thuật toán sắp xếp nổi bọt.,Thông hiểu,Thuật toán dừng lại khi trong một vòng lặp không có bất kì phép hoán đổi nào xảy ra (chứng tỏ dãy đã được sắp xếp xong).,"HS: Thưa gia sư, thuật toán sắp xếp sẽ chạy đến khi nào thì nó biết là đã sắp xếp xong để dừng lại ạ? Có phải chạy đủ n vòng không?
AI: Rất nhạy bén! Đôi khi danh sách đã được sắp xếp xong từ trước, máy tính không nên chạy đủ n vòng cho lãng phí. Cùng phân tích nhé. Khi em duyệt nổi bọt từ cuối lên, nếu em phát hiện phần tử sau nhỏ hơn phần tử trước, em làm gì?
HS: Em thực hiện phép ""hoán đổi"" vị trí của chúng ạ.
AI: Nếu trong suốt một vòng duyệt từ cuối lên đầu, em thấy mọi phần tử đứng sau đều LỚN HƠN phần tử đứng trước nó. Em có thực hiện phép hoán đổi nào không?
HS: Dạ không ạ. Vì không có phần tử nào vi phạm quy tắc cả.
AI: Việc ""không có bất kì phép hoán đổi nào xảy ra"" phản ánh điều gì về danh sách hiện tại?
HS: À, nó chứng tỏ mọi người đều đang đứng đúng vị trí rồi, danh sách đã được sắp xếp hoàn hảo!
AI: Vậy theo em, máy tính nên lấy hiện tượng gì làm ""điều kiện dừng"" sớm để tiết kiệm thời gian?
HS: Máy tính sẽ dừng lại ngay khi nó duyệt xong một vòng mà không phát sinh bất kì phép hoán đổi nào ạ!
AI: Lập luận vô cùng chặt chẽ! Em vừa tự khám phá ra thuật toán ""Nổi bọt tối ưu"" (Optimized Bubble Sort) cực kì nổi tiếng đó."
HNMU-G7-R0221-STT10,shared/raw_data/HNMU-teacher_dialog_samples/Lớp 7.xlsx,221,7,Lớp 7,10,Bài 16. Thuật toán sắp xếp,"Mục 2 (Trang 87, SGK)","Trình bày được ý nghĩa của việc duy trì phần ""đã sắp xếp"" và ""chưa sắp xếp"" trong thuật toán chọn.",Thông hiểu,"Giúp thu hẹp phạm vi tìm kiếm. Mỗi vòng lặp, phần ""đã sắp xếp"" tăng lên 1, phần ""chưa sắp xếp"" giảm đi 1, giúp thuật toán hội tụ.","HS: Thầy AI ơi, trong thuật toán sắp xếp Chọn, sách có nhắc đến vùng ""đã sắp xếp"" và vùng ""chưa sắp xếp"". Chia ra làm gì cho rườm rà ạ?
AI: Để hiểu lí do, ta quay lại hàng chào cờ. Vòng 1, cô giáo đã lôi được bạn thấp nhất (số 1) đặt lên đầu hàng. Bạn số 1 này thuộc vùng ""đã sắp xếp"" hay ""chưa sắp xếp""?
HS: Bạn ấy đứng chuẩn rồi nên thuộc vùng ""đã sắp xếp"" ạ.
AI: Sang vòng 2, cô giáo muốn tìm người thấp thứ nhì. Cô có cần phải lôi bạn số 1 ra đo lại với các bạn khác không?
HS: Dạ không, thế thì dở hơi quá. Cô chỉ cần nhìn từ bạn số 2 trở đi thôi.
AI: Chính xác! Vùng từ bạn số 2 trở đi gọi là vùng gì?
HS: Là vùng ""chưa sắp xếp"" ạ.
AI: Cứ sau mỗi vòng lặp, số lượng người trong vùng ""chưa sắp xếp"" sẽ thay đổi như thế nào?
HS: Sẽ giảm đi 1 người ạ. Và vùng ""đã sắp xếp"" sẽ tăng lên 1 người.
AI: Vậy việc phân chia ranh giới này giúp ích gì cho máy tính ở những vòng lặp sau?
HS: À em hiểu rồi! Nó giúp máy tính thu hẹp phạm vi phải quét. Đỡ phải đi so sánh lại với những phần tử đã yên vị, tiết kiệm thời gian chạy ạ.
AI: Rất xuất sắc! Việc thu hẹp vùng không gian chưa giải quyết chính là chìa khoá để thuật toán ""hội tụ"" và kết thúc."
HNMU-G7-R0222-STT11,shared/raw_data/HNMU-teacher_dialog_samples/Lớp 7.xlsx,222,7,Lớp 7,11,Bài 16. Thuật toán sắp xếp,"Hoạt động Vận dụng (Trang 89, SGK)","Vận dụng thuật toán sắp xếp nổi bọt (duyệt từ cuối) để sắp xếp điểm số môn Toán của 4 bạn: 6, 9, 8, 7 theo thứ tự tăng dần. (Mô tả vòng 1).",Vận dụng,"Vòng 1: So sánh 7 và 8 -> đổi (6, 9, 7, 8). So sánh 7 và 9 -> đổi (6, 7, 9, 8). So sánh 7 và 6 -> không đổi. Kết quả vòng 1: 6, 7, 9, 8.","HS: Gia sư giúp em bài vận dụng: Sắp xếp bảng điểm tăng dần bằng thuật toán nổi bọt (duyệt từ cuối). Em tự làm thử nhé!
AI: Tinh thần tự học rất tuyệt! Em hãy đóng vai máy tính thực hiện vòng 1. Phần tử cuối cùng là số mấy, đem so với số nào?
HS: Cuối cùng là bọt khí 7. Em đem so với số liền trước là 8. Vì 7 nhỏ hơn 8 nên em cho tráo đổi ạ.
AI: Rất đúng. Dãy lúc này có hình thù thế nào?
HS: Dãy tạm thời là.
AI: Tiếp theo, bọt khí 7 tiếp tục va chạm với số nào?
HS: 7 va chạm với số 9 phía trước. 7 vẫn nhỏ hơn 9 nên tráo đổi tiếp ạ.
AI: Rất chuẩn! Dãy lại biến đổi thành gì?
HS: Dãy thành. Cuối cùng, bọt khí 7 gặp số 6 ở đầu dãy.
AI: Phép so sánh cuối cùng này sẽ đưa ra kết quả ra sao?
HS: 7 lớn hơn 6, nên 7 không được phép ngoi lên nữa. Nó nằm im tại vị trí số 2. Kết quả chốt sổ vòng 1 là ạ.
AI: Hoàn hảo 100%! Em thao tác if-else trong đầu rất sắc bén. Cứ tiếp tục như vậy ở vòng 2, em sẽ sắp xếp thành công toàn bộ dãy."
HNMU-G7-R0223-STT12,shared/raw_data/HNMU-teacher_dialog_samples/Lớp 7.xlsx,223,7,Lớp 7,12,Bài 16. Thuật toán sắp xếp,"Hoạt động Vận dụng (Sinh thêm cho trang 89, SGK)",Xây dựng các bước sắp xếp một chồng gồm 5 cuốn sách bị lộn xộn theo thứ tự từ mỏng đến dày bằng thuật toán nổi bọt.,Vận dụng,"Bắt đầu từ cuốn dưới cùng. So sánh nó với cuốn ngay trên, nếu mỏng hơn thì tráo vị trí. Lặp lại việc đẩy cuốn mỏng lên trên cùng. Tiếp tục vòng mới đến khi xếp xong.","HS: Đề bài yêu cầu: ""Nêu các bước sắp xếp một chồng 5 cuốn sách từ mỏng đến dày trên mặt bàn bằng thuật toán nổi bọt"". Em viết sao cho giống máy tính ạ?
AI: Ý tưởng vận dụng thực tế rất hay! Trong nổi bọt, ta ưu tiên xét từ cuối lên. Với chồng sách, ""cuối"" chính là vị trí nào?
HS: Dạ là cuốn sách nằm ở dưới đáy của chồng sách ạ.
AI: Đúng. Bước 1: Em rút cuốn dưới đáy ra, em sẽ đem so sánh độ dày của nó với cuốn nào?
HS: Em sẽ so với cuốn nằm ngay phía trên nó ạ.
AI: Giả sử cuốn ở đáy ""mỏng hơn"" cuốn ở trên, luật nổi bọt sẽ ra lệnh em làm hành động gì?
HS: Luật bắt em phải hoán đổi vị trí, tức là đặt cuốn mỏng đó lên trên cuốn kia.
AI: Rất chuẩn. Sau đó, cuốn sách mỏng đó lại tiếp tục được đem so sánh với ai?
HS: Nó lại tiếp tục được so sánh với cuốn nằm ngay trên nó nữa, mỏng hơn lại tráo tiếp. Cứ thế lặp lại cho đến khi nó nổi lên đỉnh chồng sách, hoặc gặp cuốn mỏng hơn nó.
AI: Tuyệt vời! Sau khi cuốn mỏng nhất đã lên đỉnh, em sẽ làm gì với phần còn lại của chồng sách?
HS: Em lại làm lại y chang quy trình đó từ dưới đáy lên, cho đến khi toàn bộ chồng sách được xếp xong mỏng trên dày dưới ạ.
AI: Cực kì xuất sắc! Bằng ngôn ngữ đời thường, em đã biên dịch hoàn hảo mã giả (pseudocode) của thuật toán nổi bọt vào đời sống rồi đấy."
HNMU-G7-R0224-STT13,shared/raw_data/HNMU-teacher_dialog_samples/Lớp 7.xlsx,224,7,Lớp 7,13,Bài 16. Thuật toán sắp xếp,"Câu 4 phần Đánh giá (Trang 91, SGV)",Ghi lại chính xác trạng thái của dãy sau 3 vòng lặp của thuật toán sắp xếp nổi bọt (duyệt từ cuối).,Vận dụng,Vòng 1:. Vòng 2:. Vòng 3:.,"HS: Thưa gia sư, bài tập số 4 trong SGV yêu cầu tìm kết quả của dãy qua 3 vòng lặp nổi bọt (từ cuối lên). Em làm cứ bị sai sai.
AI: Cứ bình tĩnh lấy nháp ra nhé. Vòng 1: Cuối dãy là 18. 18 so với 10 thì sao?
HS: 18 lớn hơn 10 nên không đổi ạ.
AI: Đúng. Vậy lúc này ""bọt khí"" mang giá trị nhỏ là số 10. Số 10 so với số 20?
HS: 10 nhỏ hơn 20 nên tráo đổi. Dãy tạm là.
AI: Bọt khí 10 lại tiếp tục so với số 15 ở đầu dãy?
HS: Tráo đổi tiếp ạ! Kết quả hết vòng 1 là.
AI: Giỏi lắm! Vùng ""đã sắp xếp"" giờ có số 10. Vòng 2, ta lại xuất phát từ cuối dãy là số 18. 18 so với 20?
HS: 18 nhỏ hơn 20 nên tráo đổi ạ. Dãy thành.
AI: Bọt khí 18 so tiếp với số 15?
HS: 18 lớn hơn 15 nên dừng lại, nằm im ạ. Vậy hết vòng 2 dãy là. Dãy đã xếp xong rồi!
AI: Vậy nếu bài toán cố tình bắt chạy thêm Vòng 3, thì dãy có thay đổi gì không?
HS: Dạ không ạ, vòng 3 xét từ cuối lên thấy đúng hết rồi nên không có phép hoán đổi nào. Kết quả vòng 3 vẫn y nguyên là.
AI: Em phân tích hoàn toàn chính xác. Đáp án của em đã trùng khớp 100% với đáp án chuẩn rồi đó!"
HNMU-G7-R0225-STT14,shared/raw_data/HNMU-teacher_dialog_samples/Lớp 7.xlsx,225,7,Lớp 7,14,Bài 16. Thuật toán sắp xếp,"Hoạt động Vận dụng (Sinh thêm cho trang 89, SGK)",Phân tích và lựa chọn thuật toán phù hợp (Nổi bọt hay Chọn) để sắp xếp vị trí của các khối đá nặng.,Vận dụng,"Nên dùng Sắp xếp chọn. Vì các khối đá rất nặng, cần ưu tiên thuật toán có số lần ""hoán đổi vật lí"" ít nhất (chọn chỉ hoán đổi 1 lần mỗi vòng lặp).","HS: Thầy AI ơi, có một bài tập tư duy hỏi: ""Nếu bạn là quản đốc kho phải sắp xếp lại vị trí của 100 khối đá nặng cả tấn, bạn nên dùng thuật toán nổi bọt hay sắp xếp chọn?"". Em không biết ưu tiên cái nào.
AI: Một bài toán kĩ sư thực tế tuyệt hay! Em hãy nhớ lại, thao tác vất vả nhất của người công nhân khi làm việc với các khối đá là gì?
HS: Là việc dùng cần cẩu nhấc khối đá lên và bê đi đổi chỗ cho khối khác ạ.
AI: Chính xác. Nếu em dùng thuật toán Nổi bọt, một khối đá có thể bị bê lên hạ xuống đổi chỗ liên tục với khối bên cạnh nó trong 1 vòng lặp không?
HS: Dạ có ạ, nếu nó là khối nhẹ nhất thì nó bị bê đổi chỗ đẩy đi qua cả 100 vị trí mất.
AI: Như vậy sẽ cực kì tốn dầu máy cẩu! Trong khi đó, với thuật toán Chọn, người quản đốc sẽ cầm cuốn sổ đi lướt một vòng để chốt khối đá nhẹ nhất. Sau đó ông ta ra lệnh cho máy cẩu đổi chỗ mấy lần?
HS: Ông ấy chỉ cần ra lệnh máy cẩu nhấc khối nhẹ nhất đó đổi chỗ đúng 1 lần về vị trí đầu tiên thôi ạ!
AI: Đúng vậy. Vậy dựa vào tiêu chí ""tối thiểu hoá số lần hoán đổi vật lí"", em sẽ chọn thuật toán nào làm quy trình chuẩn cho kho bãi?
HS: Em chắc chắn sẽ chọn thuật toán Sắp xếp Chọn ạ! Nó giúp tiết kiệm cực nhiều công sức và chi phí bê vác hoán đổi.
AI: Em phân tích hoàn toàn thuyết phục. Đây chính là cách các chuyên gia công nghệ tối ưu hoá hệ thống trong thực tiễn. Rất đáng khen!"
