sample_id,source_batch,source_file,source_row_number,grade,lesson,previous_tutor_turn,final_student_turn,word_count,word_count_bin,has_politeness_or_agreement_marker,has_understanding_marker,has_thanks_marker,has_action_marker,ends_as_question,heuristic_category,heuristic_rationale,recommended_conversion_treatment,heuristic_only
HNMU-G6-R0033-STT4,grade6_7,shared/raw_data/HNMU-teacher_dialog_samples/Lớp 6.xlsx,33,6,Bài 3. Thông tin trong máy tinh,"Đúng rồi, và dãy đó được gọi chung là ""dãy..."" gì em nhỉ?",Dạ là dãy bit ạ!,5,<=5,true,false,false,false,false,answer_or_explanation_to_tutor_prompt,The preceding tutor turn is a question/prompt and the final turn is its response.,retain_as_trailing_student_outcome,true
HNMU-G6-R0034-STT5,grade6_7,shared/raw_data/HNMU-teacher_dialog_samples/Lớp 6.xlsx,34,6,Bài 3. Thông tin trong máy tinh,"Chính xác! Các linh kiện trong máy tính cũng hoạt động dựa trên dòng điện như vậy. Việc chế tạo máy tính chỉ có ""2 trạng thái"" sẽ dễ hơn hay khó hơn nhiều trạng thái?",Dạ chắc chắn là dễ hơn rồi ạ! Em hiểu rồi.,11,11-20,true,true,false,false,false,answer_or_explanation_to_tutor_prompt,The preceding tutor turn is a question/prompt and the final turn is its response.,retain_as_trailing_student_outcome,true
HNMU-G6-R0038-STT9,grade6_7,shared/raw_data/HNMU-teacher_dialog_samples/Lớp 6.xlsx,38,6,Bài 3. Thông tin trong máy tinh,"Đúng rồi! Vậy để biểu diễn các số càng lớn, ta cần dãy bit ""dài hơn"" hay ""ngắn đi""?",Dạ phải dài hơn ạ!,5,<=5,true,false,false,false,false,answer_or_explanation_to_tutor_prompt,The preceding tutor turn is a question/prompt and the final turn is its response.,retain_as_trailing_student_outcome,true
HNMU-G6-R0041-STT12,grade6_7,shared/raw_data/HNMU-teacher_dialog_samples/Lớp 6.xlsx,41,6,Bài 3. Thông tin trong máy tinh,"Cuối cùng, giữa 4 và 5, số 5 nằm bên trái hay phải?",Dạ bên phải! Ghi thêm số 1. Vậy là 101! Em làm được rồi thầy ơi!,16,11-20,true,false,false,false,false,answer_or_explanation_to_tutor_prompt,The preceding tutor turn is a question/prompt and the final turn is its response.,retain_as_trailing_student_outcome,true
HNMU-G6-R0046-STT3,grade6_7,shared/raw_data/HNMU-teacher_dialog_samples/Lớp 6.xlsx,46,6,Bài 4. Mạng máy tính,Chính xác! Vậy nó chính là thiết bị đầu cuối. Em còn biết thiết bị nào tương tự không?,"Dạ, điện thoại thông minh và máy quét nữa ạ!",10,6-10,true,false,false,false,false,answer_or_explanation_to_tutor_prompt,The preceding tutor turn is a question/prompt and the final turn is its response.,retain_as_trailing_student_outcome,true
HNMU-G6-R0047-STT4,grade6_7,shared/raw_data/HNMU-teacher_dialog_samples/Lớp 6.xlsx,47,6,Bài 4. Mạng máy tính,"Rất tốt! Tên chuyên môn của nó trong sách là ""Access Point"". Ngoài ra còn có dây dẫn để nối máy tính bàn, em gọi dây đó là gì?",Là cáp mạng ạ!,4,<=5,false,false,false,false,false,answer_or_explanation_to_tutor_prompt,The preceding tutor turn is a question/prompt and the final turn is its response.,retain_as_trailing_student_outcome,true
HNMU-G6-R0048-STT5,grade6_7,shared/raw_data/HNMU-teacher_dialog_samples/Lớp 6.xlsx,48,6,Bài 4. Mạng máy tính,"Thế thì hơi vất vả nhỉ? Nếu có mạng, tất cả máy tính có thể ""dùng chung"" máy in đó ngay tại chỗ. Đó gọi là lợi ích gì em nhỉ?",Dạ là chia sẻ thiết bị và dữ liệu nhanh hơn ạ!,12,11-20,true,false,false,false,false,answer_or_explanation_to_tutor_prompt,The preceding tutor turn is a question/prompt and the final turn is its response.,retain_as_trailing_student_outcome,true
HNMU-G6-R0049-STT6,grade6_7,shared/raw_data/HNMU-teacher_dialog_samples/Lớp 6.xlsx,49,6,Bài 4. Mạng máy tính,"Đúng rồi, sách gọi đó là ""sóng vô tuyến"". Vậy điểm khác biệt lớn nhất giữa chúng là gì?","Là ""vật truyền dẫn"": một bên dùng cáp, một bên dùng sóng ạ.",13,11-20,false,false,false,false,false,answer_or_explanation_to_tutor_prompt,The preceding tutor turn is a question/prompt and the final turn is its response.,retain_as_trailing_student_outcome,true
HNMU-G6-R0050-STT7,grade6_7,shared/raw_data/HNMU-teacher_dialog_samples/Lớp 6.xlsx,50,6,Bài 4. Mạng máy tính,"Rất chính xác! Trong mạng máy tính, ""con đường"" là dây cáp hoặc sóng, còn ""xe cộ"" chính là thông tin. Vậy điểm chung của chúng là gì?",Dạ là sự kết nối để trao đổi một thứ gì đó ạ!,13,11-20,true,false,false,false,false,answer_or_explanation_to_tutor_prompt,The preceding tutor turn is a question/prompt and the final turn is its response.,retain_as_trailing_student_outcome,true
HNMU-G6-R0052-STT9,grade6_7,shared/raw_data/HNMU-teacher_dialog_samples/Lớp 6.xlsx,52,6,Bài 4. Mạng máy tính,Đúng rồi! Phần mềm đó quản lý cách dữ liệu đi từ máy này sang máy khác. Em nhớ tên gọi của nó không?,Dạ là phần mềm mạng ạ!,6,6-10,true,false,false,false,false,answer_or_explanation_to_tutor_prompt,The preceding tutor turn is a question/prompt and the final turn is its response.,retain_as_trailing_student_outcome,true
HNMU-G6-R0053-STT10,grade6_7,shared/raw_data/HNMU-teacher_dialog_samples/Lớp 6.xlsx,53,6,Bài 4. Mạng máy tính,Chính xác! Vậy em có nhận xét gì về những thiết bị thường sử dụng mạng không dây?,"Mạng không dây thường được sử dụng phổ biến nhất cho các thiết bị di động và thiết bị thông minh cần sự linh hoạt, như điện thoại thông minh, máy tính bảng và máy tính xách tay (laptop).",39,>20,false,false,false,false,false,answer_or_explanation_to_tutor_prompt,The preceding tutor turn is a question/prompt and the final turn is its response.,retain_as_trailing_student_outcome,true
HNMU-G6-R0054-STT11,grade6_7,shared/raw_data/HNMU-teacher_dialog_samples/Lớp 6.xlsx,54,6,Bài 4. Mạng máy tính,"Em thử đoán xem, chúng giúp ""kết nối"" hay ""xử lý"" tin?","Dạ kết nối, nên là thiết bị kết nối ạ!",10,6-10,true,false,false,false,false,answer_or_explanation_to_tutor_prompt,The preceding tutor turn is a question/prompt and the final turn is its response.,retain_as_trailing_student_outcome,true
HNMU-G6-R0056-STT13,grade6_7,shared/raw_data/HNMU-teacher_dialog_samples/Lớp 6.xlsx,56,6,Bài 4. Mạng máy tính,"Vậy nó là thiết bị đầu cuối. Còn Router giúp định đường đi cho dữ liệu, vậy nó thuộc nhóm nào?",Dạ là thiết bị kết nối ạ. Em hiểu cách phân loại rồi!,13,11-20,true,true,false,false,false,answer_or_explanation_to_tutor_prompt,The preceding tutor turn is a question/prompt and the final turn is its response.,retain_as_trailing_student_outcome,true
HNMU-G6-R0073-STT2,grade6_7,shared/raw_data/HNMU-teacher_dialog_samples/Lớp 6.xlsx,73,6,Bài 6: Mạng thông tin toàn cầu,"Chính xác! Vậy khi nhiều trang web liên quan được gom lại một chỗ và có chung một ""tên nhà"" (địa chỉ), ta gọi cả cụm đó là gì?",Là Website ạ. Em hiểu rồi!,6,6-10,false,true,false,false,false,answer_or_explanation_to_tutor_prompt,The preceding tutor turn is a question/prompt and the final turn is its response.,retain_as_trailing_student_outcome,true
HNMU-G6-R0080-STT9,grade6_7,shared/raw_data/HNMU-teacher_dialog_samples/Lớp 6.xlsx,80,6,Bài 6: Mạng thông tin toàn cầu,"Tốt, đó là điều kiện thứ nhất. Bây giờ nhìn trên màn hình, em có thấy biểu tượng vòng tròn 3 màu (Chrome) hay chữ e xanh (Edge) không? Em cần mở nó để làm gì nhỉ?",Để vào trang web ạ. Vậy là cần mạng và trình duyệt!,12,11-20,false,false,false,false,false,answer_or_explanation_to_tutor_prompt,The preceding tutor turn is a question/prompt and the final turn is its response.,retain_as_trailing_student_outcome,true
HNMU-G6-R0089-STT4,grade6_7,shared/raw_data/HNMU-teacher_dialog_samples/Lớp 6.xlsx,89,6,Bài 7: Tìm kiếm thông tin trên Internet,"Đúng vậy! Những dòng chữ đó được gọi là các ""liên kết"". Vậy máy tìm kiếm trả về cho em một danh sách các gì nào?",Dạ là danh sách các liên kết đến trang web ạ.,11,11-20,true,false,false,false,false,answer_or_explanation_to_tutor_prompt,The preceding tutor turn is a question/prompt and the final turn is its response.,retain_as_trailing_student_outcome,true
HNMU-G6-R0091-STT6,grade6_7,shared/raw_data/HNMU-teacher_dialog_samples/Lớp 6.xlsx,91,6,Bài 7: Tìm kiếm thông tin trên Internet,Đúng rồi! Vậy việc giữ kín thông tin là để bảo vệ ai?,Để bảo vệ bản thân em ạ. Em sẽ không nhập nữa!,12,11-20,false,false,false,true,false,action_commitment_or_completion,The turn reports completion or states an intended next action.,retain_as_trailing_student_outcome,true
HNMU-G6-R0095-STT10,grade6_7,shared/raw_data/HNMU-teacher_dialog_samples/Lớp 6.xlsx,95,6,Bài 7: Tìm kiếm thông tin trên Internet,Đúng rồi! Còn mục đích chính của máy tìm kiếm là gì mà chúng ta vừa học ở trên nhỉ?,Là để tìm thông tin ạ! Vậy đáp án B là đúng nhất rồi.,14,11-20,false,false,false,false,false,answer_or_explanation_to_tutor_prompt,The preceding tutor turn is a question/prompt and the final turn is its response.,retain_as_trailing_student_outcome,true
HNMU-G6-R0097-STT12,grade6_7,shared/raw_data/HNMU-teacher_dialog_samples/Lớp 6.xlsx,97,6,Bài 7: Tìm kiếm thông tin trên Internet,Đúng rồi! Hãy thử kết hợp tất cả các ý đó thành một cụm từ khoá xem sao.,"Để em gõ lại: ""lịch thi đấu bóng đá Seagames 31""... Wow, kết quả hiện ngay đầu luôn thầy ạ!",20,11-20,false,false,false,true,false,action_commitment_or_completion,The turn reports completion or states an intended next action.,retain_as_trailing_student_outcome,true
HNMU-G6-R0098-STT13,grade6_7,shared/raw_data/HNMU-teacher_dialog_samples/Lớp 6.xlsx,98,6,Bài 7: Tìm kiếm thông tin trên Internet,"Đúng rồi! Giờ em mở một trang Word trắng ra, nhấn chuột phải và chọn ""Dán"" (Paste) nhé.","Em làm được rồi! Đoạn văn đã sang máy em rồi, tiện quá ạ!",14,11-20,false,false,false,false,false,reflection_or_other_closing,The turn is neither a narrow acknowledgement nor an explicit question/action.,retain_as_trailing_student_outcome,true
HNMU-G6-R0114-STT1,grade6_7,shared/raw_data/HNMU-teacher_dialog_samples/Lớp 6.xlsx,114,6,Bài 9: An toàn thông tin trên Internet,"Đúng rồi. Vậy những thông tin như họ tên, địa chỉ, số điện thoại dùng để nhận diện một người cụ thể, ta gọi đó là gì nhỉ?","Dạ, đó là thông tin cá nhân ạ!,",8,6-10,true,false,false,false,false,answer_or_explanation_to_tutor_prompt,The preceding tutor turn is a question/prompt and the final turn is its response.,retain_as_trailing_student_outcome,true
HNMU-G6-R0116-STT3,grade6_7,shared/raw_data/HNMU-teacher_dialog_samples/Lớp 6.xlsx,116,6,Bài 9: An toàn thông tin trên Internet,"Đúng rồi! Ngoài việc dùng mật khẩu khó đoán, khi dùng máy tính ở trường xong em cần thực hiện thao tác gì để người sau không vào được tài khoản của em?","Em phải Đăng xuất ạ. Và không được cho người lạ biết thông tin nữa thầy nhỉ?,",17,11-20,false,false,false,false,true,student_followup_or_confirmation_question,The final student turn ends as a question and may signal unresolved follow-up.,review_before_using_trailing_outcome_strategy,true
HNMU-G6-R0117-STT4,grade6_7,shared/raw_data/HNMU-teacher_dialog_samples/Lớp 6.xlsx,117,6,Bài 9: An toàn thông tin trên Internet,Rất chuẩn! Vậy lỗi ở đây là do phần mềm diệt virus kém hay do hành động của bạn Minh nhỉ?,"Do bạn Minh không tuân thủ cảnh báo an toàn ạ!,",11,11-20,false,false,false,false,false,answer_or_explanation_to_tutor_prompt,The preceding tutor turn is a question/prompt and the final turn is its response.,retain_as_trailing_student_outcome,true
HNMU-G6-R0118-STT5,grade6_7,shared/raw_data/HNMU-teacher_dialog_samples/Lớp 6.xlsx,118,6,Bài 9: An toàn thông tin trên Internet,"Đúng vậy. Ngoài lừa tiền, họ còn có thể dùng thông tin của em để dọa dẫm em nữa. Em thấy việc bảo mật thông tin có quan trọng không?","Dạ cực kỳ quan trọng ạ!,",6,6-10,true,false,false,false,false,answer_or_explanation_to_tutor_prompt,The preceding tutor turn is a question/prompt and the final turn is its response.,retain_as_trailing_student_outcome,true
HNMU-G6-R0119-STT6,grade6_7,shared/raw_data/HNMU-teacher_dialog_samples/Lớp 6.xlsx,119,6,Bài 9: An toàn thông tin trên Internet,"Vậy mật khẩu đó có thực sự ""khóa"" kỹ được thông tin của em không?","Dạ không, nó quá dễ đoán. Em nên dùng kết hợp chữ, số và ký tự đặc biệt thầy nhỉ?,",20,11-20,true,false,false,false,true,student_followup_or_confirmation_question,The final student turn ends as a question and may signal unresolved follow-up.,review_before_using_trailing_outcome_strategy,true
HNMU-G6-R0120-STT7,grade6_7,shared/raw_data/HNMU-teacher_dialog_samples/Lớp 6.xlsx,120,6,Bài 9: An toàn thông tin trên Internet,"Đúng rồi! Giống như nhà có khóa xịn nhưng em quên đóng cửa thì trộm vẫn vào được. Vậy câu C bảo ""chẳng cần làm gì"" là đúng hay sai?","Dạ là sai ạ!,",4,<=5,true,false,false,false,false,answer_or_explanation_to_tutor_prompt,The preceding tutor turn is a question/prompt and the final turn is its response.,retain_as_trailing_student_outcome,true
HNMU-G6-R0124-STT11,grade6_7,shared/raw_data/HNMU-teacher_dialog_samples/Lớp 6.xlsx,124,6,Bài 9: An toàn thông tin trên Internet,"Rất có thể! Đây là chiêu ""thả mồi"" để em nhấn vào link và bị mất mật khẩu. Em hãy liệt kê thêm các dấu hiệu lạ khác thường thấy xem nào.","Dạ, như là đòi mật khẩu hay bảo nạp thẻ điện thoại gấp ạ! Em sẽ cảnh giác.,",18,11-20,true,false,false,true,false,action_commitment_or_completion,The turn reports completion or states an intended next action.,retain_as_trailing_student_outcome,true
HNMU-G6-R0137-STT10,grade6_7,shared/raw_data/HNMU-teacher_dialog_samples/Lớp 6.xlsx,137,6,Bài 10: Sơ đồ tư duy,"Còn trên phần mềm, em chỉ cần dùng chuột kéo và thả thôi. Ngoài ra em còn có thể gửi tệp cho bạn bè qua email dễ dàng. Em thấy cái nào tiện hơn khi cần sửa chữa?",Dạ dùng phần mềm ạ. Tiết kiệm thời gian và sạch đẹp hơn nhiều!,14,11-20,true,false,false,false,false,answer_or_explanation_to_tutor_prompt,The preceding tutor turn is a question/prompt and the final turn is its response.,retain_as_trailing_student_outcome,true
HNMU-G6-R0139-STT12,grade6_7,shared/raw_data/HNMU-teacher_dialog_samples/Lớp 6.xlsx,139,6,Bài 10: Sơ đồ tư duy,"Chính xác! 4 câu hỏi đó chính là 4 nhánh lớn của em. Em thử liệt kê các ý nhỏ cho nhánh ""Đồ dùng mang theo"" xem nào.","Em sẽ ghi: quần áo, đồ ăn, nước uống, máy ảnh... Em làm được rồi ạ!",16,11-20,false,false,false,true,false,action_commitment_or_completion,The turn reports completion or states an intended next action.,retain_as_trailing_student_outcome,true
HNMU-G6-R0140-STT13,grade6_7,shared/raw_data/HNMU-teacher_dialog_samples/Lớp 6.xlsx,140,6,Bài 10: Sơ đồ tư duy,"Giỏi lắm! Để sơ đồ sinh động hơn, em hãy thử tìm cách chèn một hình ảnh mặt cười hay một biểu tượng môn học em thích vào nhé. Em tìm được nút chèn ảnh chưa?",Em thấy rồi! Sơ đồ của em nhìn chuyên nghiệp hẳn luôn thầy ơi.,14,11-20,false,false,false,false,false,answer_or_explanation_to_tutor_prompt,The preceding tutor turn is a question/prompt and the final turn is its response.,retain_as_trailing_student_outcome,true
HNMU-G6-R0141-STT14,grade6_7,shared/raw_data/HNMU-teacher_dialog_samples/Lớp 6.xlsx,141,6,Bài 10: Sơ đồ tư duy,"Em hãy nhấn vào nhánh cha của nó, rồi nhấn phím Insert hoặc nút có dấu cộng trên thanh công cụ nhé. Em thử xem nào!","Wow, thêm bớt dễ quá thầy ạ. Em cảm ơn thầy",11,11-20,false,false,true,false,false,answer_or_explanation_to_tutor_prompt,The preceding tutor turn is a question/prompt and the final turn is its response.,retain_as_trailing_student_outcome,true
HNMU-G6-R0144-STT3,grade6_7,shared/raw_data/HNMU-teacher_dialog_samples/Lớp 6.xlsx,144,6,Bài 11: Định dạng văn bản,"Chính xác! Vậy 4 thành phần chính để ""biến hóa"" một con chữ là gì?","Dạ là phông chữ, cỡ chữ, kiểu chữ và màu chữ ạ!",12,11-20,true,false,false,false,false,answer_or_explanation_to_tutor_prompt,The preceding tutor turn is a question/prompt and the final turn is its response.,retain_as_trailing_student_outcome,true
HNMU-G6-R0152-STT11,grade6_7,shared/raw_data/HNMU-teacher_dialog_samples/Lớp 6.xlsx,152,6,Bài 11: Định dạng văn bản,"Xuất sắc! Vậy còn phần nội dung bên dưới, em hãy thử ""căn đều hai bên"" để nhìn cho chuyên nghiệp nhé. Em làm được không?","Dạ được ạ, em chọn cả đoạn rồi nhấn nút căn đều. Xong rồi thầy ơi!",16,11-20,true,false,false,false,false,answer_or_explanation_to_tutor_prompt,The preceding tutor turn is a question/prompt and the final turn is its response.,retain_as_trailing_student_outcome,true
HNMU-G6-R0188-STT5,grade6_7,shared/raw_data/HNMU-teacher_dialog_samples/Lớp 6.xlsx,188,6,Bài 14: Hoàn thiện sổ lưu niệm,"Vậy sơ đồ tư duy đóng vai trò như một ""bản thiết kế"". Nó giúp thông tin của em trở nên thế nào?",Dạ giúp sắp xếp mạch lạc và dễ quản lí hơn ạ. Em hiểu rồi!,15,11-20,true,true,false,false,false,answer_or_explanation_to_tutor_prompt,The preceding tutor turn is a question/prompt and the final turn is its response.,retain_as_trailing_student_outcome,true
HNMU-G6-R0192-STT9,grade6_7,shared/raw_data/HNMU-teacher_dialog_samples/Lớp 6.xlsx,192,6,Bài 14: Hoàn thiện sổ lưu niệm,"Đó gọi là ""Định dạng"". Vậy nếu em sửa lại một câu văn bị sai ý, thì đó là gì?","À, đó mới là Biên tập nội dung! Em phân biệt được rồi ạ.",14,11-20,false,false,false,false,false,answer_or_explanation_to_tutor_prompt,The preceding tutor turn is a question/prompt and the final turn is its response.,retain_as_trailing_student_outcome,true
HNMU-G6-R0193-STT10,grade6_7,shared/raw_data/HNMU-teacher_dialog_samples/Lớp 6.xlsx,193,6,Bài 14: Hoàn thiện sổ lưu niệm,"Cuối cùng, đừng quên kiểm tra lỗi và nhấn nút gì để không bị mất bài?",Dạ nhấn Lưu (Save) ạ! Em đã nhớ quy trình rồi.,11,11-20,true,false,false,false,false,answer_or_explanation_to_tutor_prompt,The preceding tutor turn is a question/prompt and the final turn is its response.,retain_as_trailing_student_outcome,true
HNMU-G6-R0195-STT12,grade6_7,shared/raw_data/HNMU-teacher_dialog_samples/Lớp 6.xlsx,195,6,Bài 14: Hoàn thiện sổ lưu niệm,"Tốt, em chọn mục Table và kéo chuột để lấy đủ 3 cột nhé. Sau đó em sẽ làm gì để đưa thông tin vào các ô?",Em nhấp chuột vào từng ô rồi gõ chữ vào ạ. Em làm xong rồi!,15,11-20,false,false,false,true,false,action_commitment_or_completion,The turn reports completion or states an intended next action.,retain_as_trailing_student_outcome,true
HNMU-G6-R0197-STT14,grade6_7,shared/raw_data/HNMU-teacher_dialog_samples/Lớp 6.xlsx,197,6,Bài 14: Hoàn thiện sổ lưu niệm,"Đúng rồi. Em hãy vào menu File, chọn ""Save As"" và đặt tên đúng như em mong muốn nhé.","Dạ, em đã lưu tệp thành So_luu_niem_Lop6A rồi ạ. Cảm ơn thầy nhiều!",13,11-20,true,false,true,false,false,answer_or_explanation_to_tutor_prompt,The preceding tutor turn is a question/prompt and the final turn is its response.,retain_as_trailing_student_outcome,true
HNMU-G6-R0222-STT11,grade6_7,shared/raw_data/HNMU-teacher_dialog_samples/Lớp 6.xlsx,222,6,Bài 16: Các cấu trúc điều khiển,Chính xác! Còn nhánh Sai em cứ vẽ một đường đi thẳng xuống điểm Kết thúc là xong.,"Dạ, em hiểu rồi, để em vẽ hoàn chỉnh ạ!",10,6-10,true,true,false,true,false,action_commitment_or_completion,The turn reports completion or states an intended next action.,retain_as_trailing_student_outcome,true
HNMU-G6-R0223-STT12,grade6_7,shared/raw_data/HNMU-teacher_dialog_samples/Lớp 6.xlsx,223,6,Bài 16: Các cấu trúc điều khiển,Chuẩn luôn! Em hãy tự tin vẽ sơ đồ để hoàn thành bài tập này nhé.,"Vâng ạ, em làm được rồi, cảm ơn thầy!",9,6-10,true,false,true,false,false,answer_or_explanation_to_tutor_prompt,The preceding tutor turn is a question/prompt and the final turn is its response.,retain_as_trailing_student_outcome,true
HNMU-G6-R0224-STT13,grade6_7,shared/raw_data/HNMU-teacher_dialog_samples/Lớp 6.xlsx,224,6,Bài 16: Các cấu trúc điều khiển,Tuyệt vời! Em hãy kết hợp hình thoi (kiểm tra trả lời) vào bên trong vòng lặp gọi tên nhé.,"Em hiểu logic rồi, để em thử vẽ sơ đồ lồng nhau này xem sao!",15,11-20,false,true,false,true,false,action_commitment_or_completion,The turn reports completion or states an intended next action.,retain_as_trailing_student_outcome,true
HNMU-G7-R0006-STT5,grade6_7,shared/raw_data/HNMU-teacher_dialog_samples/Lớp 7.xlsx,6,7,Bài 1. Thiết bị vào - ra,"Đúng rồi! Nó chỉ đóng vai trò ""cánh cửa"" để lệnh của em đi vào bộ não của máy tính (CPU). Vì vậy tên gọi ""thiết bị vào"" có hợp lý không em?","Dạ hiểu rồi ạ, vì nó là nơi bắt đầu đưa thông tin vào máy.",15,11-20,true,true,false,false,false,answer_or_explanation_to_tutor_prompt,The preceding tutor turn is a question/prompt and the final turn is its response.,retain_as_trailing_student_outcome,true
HNMU-G7-R0007-STT6,grade6_7,shared/raw_data/HNMU-teacher_dialog_samples/Lớp 7.xlsx,7,7,Bài 1. Thiết bị vào - ra,"Đúng thế! Vậy việc cấm này là để bảo vệ ""sức khỏe"" cho thiết bị nào của em?",Dạ cho máy tính ạ. Em sẽ cẩn thận hơn.,10,6-10,true,false,false,true,false,action_commitment_or_completion,The turn reports completion or states an intended next action.,retain_as_trailing_student_outcome,true
HNMU-G7-R0011-STT10,grade6_7,shared/raw_data/HNMU-teacher_dialog_samples/Lớp 7.xlsx,11,7,Bài 1. Thiết bị vào - ra,Đúng rồi! Vậy nó phải là thiết bị vào hay ra?,Dạ là thiết bị vào ạ! Cảm ơn thầy.,9,6-10,true,false,true,false,false,answer_or_explanation_to_tutor_prompt,The preceding tutor turn is a question/prompt and the final turn is its response.,retain_as_trailing_student_outcome,true
HNMU-G7-R0014-STT13,grade6_7,shared/raw_data/HNMU-teacher_dialog_samples/Lớp 7.xlsx,14,7,Bài 1. Thiết bị vào - ra,Giỏi quá! Giờ em hãy tự xếp nốt các thiết bị còn lại vào hai cột xem nào.,"Dạ! Micro, bàn phím, chuột là Vào. Loa, màn hình là Ra ạ. Xong rồi thầy!",16,11-20,true,false,false,false,false,answer_or_explanation_to_tutor_prompt,The preceding tutor turn is a question/prompt and the final turn is its response.,retain_as_trailing_student_outcome,true
HNMU-G7-R0018-STT3,grade6_7,shared/raw_data/HNMU-teacher_dialog_samples/Lớp 7.xlsx,18,7,Bài 2. Phần mềm máy tính,"Rất tốt! Những phần mềm phục vụ ""công việc cụ thể"" như vậy chính là phần mềm ứng dụng. Em hãy nêu lại ý chính xem?",Dạ là chương trình giúp mình làm một việc cụ thể nào đó ạ.,14,11-20,true,false,false,false,false,answer_or_explanation_to_tutor_prompt,The preceding tutor turn is a question/prompt and the final turn is its response.,retain_as_trailing_student_outcome,true
HNMU-G7-R0019-STT4,grade6_7,shared/raw_data/HNMU-teacher_dialog_samples/Lớp 7.xlsx,19,7,Bài 2. Phần mềm máy tính,"Chuẩn xác! Dù là bức ảnh hay phần mềm, khi nằm trong bộ nhớ, chúng đều là dữ liệu. Vậy tệp chương trình là gì nhỉ?",Dạ cũng là dữ liệu luôn thầy ạ!,8,6-10,true,false,false,false,false,answer_or_explanation_to_tutor_prompt,The preceding tutor turn is a question/prompt and the final turn is its response.,retain_as_trailing_student_outcome,true
HNMU-G7-R0020-STT5,grade6_7,shared/raw_data/HNMU-teacher_dialog_samples/Lớp 7.xlsx,20,7,Bài 2. Phần mềm máy tính,"Đúng rồi! Hệ điều hành chính là cái ""sân cỏ"" đó, nó cung cấp không gian và thiết bị để cầu thủ ""Zalo"" thi đấu. Em thấy vai trò của nó quan trọng không?","Dạ em hiểu rồi, không có sân thì cầu thủ không có chỗ để đá!",15,11-20,true,true,false,false,false,answer_or_explanation_to_tutor_prompt,The preceding tutor turn is a question/prompt and the final turn is its response.,retain_as_trailing_student_outcome,true
HNMU-G7-R0021-STT6,grade6_7,shared/raw_data/HNMU-teacher_dialog_samples/Lớp 7.xlsx,21,7,Bài 2. Phần mềm máy tính,"Chính xác! Vậy điểm khác nhau là một cái ""quản lý chung"", còn một cái ""làm việc riêng"". Em thấy rõ chưa?",Dạ em thấy rõ rồi thầy ạ!,7,6-10,true,true,false,false,false,answer_or_explanation_to_tutor_prompt,The preceding tutor turn is a question/prompt and the final turn is its response.,retain_as_trailing_student_outcome,true
HNMU-G7-R0025-STT10,grade6_7,shared/raw_data/HNMU-teacher_dialog_samples/Lớp 7.xlsx,25,7,Bài 2. Phần mềm máy tính,Đúng rồi! Vậy nó là phần mềm ứng dụng chuyên biệt cho những dạng dữ liệu nào em nhỉ?,Dạ là âm thanh và hình ảnh chuyển động ạ!,10,6-10,true,false,false,false,false,answer_or_explanation_to_tutor_prompt,The preceding tutor turn is a question/prompt and the final turn is its response.,retain_as_trailing_student_outcome,true
HNMU-G7-R0026-STT11,grade6_7,shared/raw_data/HNMU-teacher_dialog_samples/Lớp 7.xlsx,26,7,Bài 2. Phần mềm máy tính,"Zalo giúp em làm việc cụ thể là nhắn tin, vậy nó là...","À, nó là phần mềm ứng dụng ạ! Em phân loại xong rồi thầy!",14,11-20,false,false,false,false,false,answer_or_explanation_to_tutor_prompt,The preceding tutor turn is a question/prompt and the final turn is its response.,retain_as_trailing_student_outcome,true
HNMU-G7-R0027-STT12,grade6_7,shared/raw_data/HNMU-teacher_dialog_samples/Lớp 7.xlsx,27,7,Bài 2. Phần mềm máy tính,"Quá chuẩn! Còn .mp4 là phim, em sẽ dùng phần mềm nào để xem?",Dạ em dùng Windows Media Player ạ!,7,6-10,true,false,false,false,false,answer_or_explanation_to_tutor_prompt,The preceding tutor turn is a question/prompt and the final turn is its response.,retain_as_trailing_student_outcome,true
HNMU-G7-R0028-STT13,grade6_7,shared/raw_data/HNMU-teacher_dialog_samples/Lớp 7.xlsx,28,7,Bài 2. Phần mềm máy tính,Đúng thế! Vậy An phải làm gì trước khi muốn học tiếng Anh trên máy?,Dạ bạn phải sửa hoặc cài lại hệ điều hành trước ạ!,12,11-20,true,false,false,false,false,answer_or_explanation_to_tutor_prompt,The preceding tutor turn is a question/prompt and the final turn is its response.,retain_as_trailing_student_outcome,true
HNMU-G7-R0029-STT14,grade6_7,shared/raw_data/HNMU-teacher_dialog_samples/Lớp 7.xlsx,29,7,Bài 2. Phần mềm máy tính,Rất tốt! Vậy tổng cộng em đã biết vận dụng những loại phần mềm nào cho dự án của mình rồi?,"Dạ em sẽ dùng Word, phần mềm sửa ảnh và PowerPoint ạ. Em cảm ơn thầy!",16,11-20,true,false,true,true,false,action_commitment_or_completion,The turn reports completion or states an intended next action.,retain_as_trailing_student_outcome,true
HNMU-G7-R0031-STT2,grade6_7,shared/raw_data/HNMU-teacher_dialog_samples/Lớp 7.xlsx,31,7,Bài 3. Quản lí dữ liệu trong máy tính,Giỏi lắm! Ngoài ra còn có .com hay .msi nữa. Vậy những đuôi này giúp em nhận ra loại tệp gì?,Dạ là tệp chương trình ạ!,6,6-10,true,false,false,false,false,answer_or_explanation_to_tutor_prompt,The preceding tutor turn is a question/prompt and the final turn is its response.,retain_as_trailing_student_outcome,true
HNMU-G7-R0032-STT3,grade6_7,shared/raw_data/HNMU-teacher_dialog_samples/Lớp 7.xlsx,32,7,Bài 3. Quản lí dữ liệu trong máy tính,"Rất tốt! Ngoài ra để ngăn kẻ xấu hoặc phần mềm độc hại phá máy, mình cần phòng chống cái gì nữa nhỉ?",Dạ phòng chống virus và xâm nhập trái phép ạ! Em nhớ rồi.,13,11-20,true,true,false,true,false,action_commitment_or_completion,The turn reports completion or states an intended next action.,retain_as_trailing_student_outcome,true
HNMU-G7-R0033-STT4,grade6_7,shared/raw_data/HNMU-teacher_dialog_samples/Lớp 7.xlsx,33,7,Bài 3. Quản lí dữ liệu trong máy tính,Chuẩn luôn! Vậy nhiệm vụ chính của nó là giúp em quản lý thứ gì trong máy tính nhỉ?,Dạ là quản lý tệp và các thư mục ạ!,10,6-10,true,false,false,false,false,answer_or_explanation_to_tutor_prompt,The preceding tutor turn is a question/prompt and the final turn is its response.,retain_as_trailing_student_outcome,true
HNMU-G7-R0034-STT5,grade6_7,shared/raw_data/HNMU-teacher_dialog_samples/Lớp 7.xlsx,34,7,Bài 3. Quản lí dữ liệu trong máy tính,Chính xác! Việc phân loại tệp vào cây thư mục cũng nhằm mục đích gì giúp em tiết kiệm thời gian nhỉ?,"À, để tìm kiếm dữ liệu thuận lợi và nhanh hơn ạ!",12,11-20,false,false,false,false,false,answer_or_explanation_to_tutor_prompt,The preceding tutor turn is a question/prompt and the final turn is its response.,retain_as_trailing_student_outcome,true
HNMU-G7-R0037-STT8,grade6_7,shared/raw_data/HNMU-teacher_dialog_samples/Lớp 7.xlsx,37,7,Bài 3. Quản lí dữ liệu trong máy tính,Đúng thế! Vậy ta nên giữ ít nhất một bản không bị thay đổi để làm gì khi có sự cố xảy ra?,Dạ để có dữ liệu gốc để khôi phục lại ạ!,11,11-20,true,false,false,false,false,answer_or_explanation_to_tutor_prompt,The preceding tutor turn is a question/prompt and the final turn is its response.,retain_as_trailing_student_outcome,true
HNMU-G7-R0038-STT9,grade6_7,shared/raw_data/HNMU-teacher_dialog_samples/Lớp 7.xlsx,38,7,Bài 3. Quản lí dữ liệu trong máy tính,"Chuẩn xác! Vậy nhiệm vụ của ""chú bảo vệ"" này đối với dữ liệu của em là gì?",Dạ là bảo vệ máy tính và tiêu diệt virus để dữ liệu không bị hỏng ạ!,17,11-20,true,false,false,false,false,answer_or_explanation_to_tutor_prompt,The preceding tutor turn is a question/prompt and the final turn is its response.,retain_as_trailing_student_outcome,true
HNMU-G7-R0039-STT10,grade6_7,shared/raw_data/HNMU-teacher_dialog_samples/Lớp 7.xlsx,39,7,Bài 3. Quản lí dữ liệu trong máy tính,"Đúng rồi. Vậy một mật khẩu ""mạnh"" (khó đoán) sẽ giúp em ngăn chặn điều gì từ những người lạ?",Dạ ngăn chặn sự xâm nhập trái phép ạ. Em sẽ đổi mật khẩu khó hơn!,16,11-20,true,false,false,true,false,action_commitment_or_completion,The turn reports completion or states an intended next action.,retain_as_trailing_student_outcome,true
HNMU-G7-R0040-STT11,grade6_7,shared/raw_data/HNMU-teacher_dialog_samples/Lớp 7.xlsx,40,7,Bài 3. Quản lí dữ liệu trong máy tính,"Vậy em hãy tạo 3 thư mục con tương ứng nhé. Riêng trong môn Tin học, nếu em có cả file đề bài và file mình đã làm, em nên chia nhỏ thêm thế nào?","Em sẽ tạo thêm thư mục ""De_bai"" và ""Bai_lam"" bên trong thư mục Tin học ạ! Em làm được rồi!",20,11-20,false,false,false,true,false,action_commitment_or_completion,The turn reports completion or states an intended next action.,retain_as_trailing_student_outcome,true
HNMU-G7-R0042-STT13,grade6_7,shared/raw_data/HNMU-teacher_dialog_samples/Lớp 7.xlsx,42,7,Bài 3. Quản lí dữ liệu trong máy tính,"Giỏi quá! Bây giờ để chuyển nó vào thư mục ""HinhAnh"", em hãy nhấn chuột phải chọn ""Cut"", sau đó mở thư mục ""HinhAnh"" ra và chọn lệnh gì nhỉ?",Dạ là lệnh Paste ạ! Tệp ảnh đã nằm gọn trong thư mục mới rồi thầy ơi.,17,11-20,true,false,false,false,false,answer_or_explanation_to_tutor_prompt,The preceding tutor turn is a question/prompt and the final turn is its response.,retain_as_trailing_student_outcome,true
HNMU-G7-R0059-STT2,grade6_7,shared/raw_data/HNMU-teacher_dialog_samples/Lớp 7.xlsx,59,7,Bài 5. Ứng xử trên mạng,"Chuẩn luôn! Ngoài ra, nếu em thấy một người lạ gửi cho em đường liên kết, em có kết bạn và mở link để xem trong đó chứa nội dung gì không?","Không ạ, vì link đó của người lạ nên có thể là kink độc haị ạ?",16,11-20,false,false,false,false,true,student_followup_or_confirmation_question,The final student turn ends as a question and may signal unresolved follow-up.,review_before_using_trailing_outcome_strategy,true
HNMU-G7-R0060-STT3,grade6_7,shared/raw_data/HNMU-teacher_dialog_samples/Lớp 7.xlsx,60,7,Bài 5. Ứng xử trên mạng,"Rất tốt! Vậy, việc chửi lại, đe dọa lại hoặc âm thầm chịu đựng có giúp giải quyết vấn đề một cách an toàn không?",Dạ không ạ. Em biết rồi thầy ơi! em sẽ nhờ sự giúp đỡ của bố mẹ hoặc thầy cô ạ.,21,>20,true,true,false,true,false,action_commitment_or_completion,The turn reports completion or states an intended next action.,retain_as_trailing_student_outcome,true
HNMU-G7-R0066-STT9,grade6_7,shared/raw_data/HNMU-teacher_dialog_samples/Lớp 7.xlsx,66,7,Bài 5. Ứng xử trên mạng,"Tuy nhiên, vì nhắn tin rất nhanh nên em cần chú ý điều gì để bạn không hiểu lầm ý mình?",Dạ phải đọc lại kỹ xem câu chữ có dễ gây hiểu lầm không ạ!,15,11-20,true,true,false,false,false,answer_or_explanation_to_tutor_prompt,The preceding tutor turn is a question/prompt and the final turn is its response.,retain_as_trailing_student_outcome,true
HNMU-G7-R0072-STT1,grade6_7,shared/raw_data/HNMU-teacher_dialog_samples/Lớp 7.xlsx,72,7,Bài 6: Làm quen với phần mềm bảng tính,"Đúng rồi! Vậy một công cụ giúp em trình bày bảng biểu, tự động tính toán và còn vẽ được biểu đồ từ số liệu đó, em sẽ gọi nó là gì?",Đó chính là phần mềm bảng tính ạ!,8,6-10,false,false,false,false,false,answer_or_explanation_to_tutor_prompt,The preceding tutor turn is a question/prompt and the final turn is its response.,retain_as_trailing_student_outcome,true
HNMU-G7-R0073-STT2,grade6_7,shared/raw_data/HNMU-teacher_dialog_samples/Lớp 7.xlsx,73,7,Bài 6: Làm quen với phần mềm bảng tính,"Chính xác! Vậy theo em, để chỉ định một hàng nằm ngang, người ta sẽ dùng chữ cái hay dùng số?",Dạ dùng số ạ. Em hiểu rồi!,7,6-10,true,true,false,false,false,answer_or_explanation_to_tutor_prompt,The preceding tutor turn is a question/prompt and the final turn is its response.,retain_as_trailing_student_outcome,true
HNMU-G7-R0076-STT5,grade6_7,shared/raw_data/HNMU-teacher_dialog_samples/Lớp 7.xlsx,76,7,Bài 6: Làm quen với phần mềm bảng tính,"Còn ở bảng tính, chỉ cần thay số, kết quả sẽ tự cập nhật ngay lập tức. Ngoài ra, việc so sánh số liệu giữa các năm cái nào sẽ trực quan hơn khi có biểu đồ?",Dùng bảng tính sẽ nhanh và chuyên nghiệp hơn nhiều ạ!,11,11-20,false,false,false,false,false,answer_or_explanation_to_tutor_prompt,The preceding tutor turn is a question/prompt and the final turn is its response.,retain_as_trailing_student_outcome,true
HNMU-G7-R0079-STT8,grade6_7,shared/raw_data/HNMU-teacher_dialog_samples/Lớp 7.xlsx,79,7,Bài 6: Làm quen với phần mềm bảng tính,Tốt lắm! Vậy nếu em muốn nhập xong mà máy tự nhảy sang ô bên phải thì em dùng phím nào?,Em nhớ là phím Tab ạ! Em làm được rồi.,10,6-10,false,false,false,false,false,answer_or_explanation_to_tutor_prompt,The preceding tutor turn is a question/prompt and the final turn is its response.,retain_as_trailing_student_outcome,true
HNMU-G7-R0080-STT9,grade6_7,shared/raw_data/HNMU-teacher_dialog_samples/Lớp 7.xlsx,80,7,Bài 6: Làm quen với phần mềm bảng tính,Đúng vậy! Nó giúp em nhìn rõ các công thức tính toán dài mà ô tính nhỏ không hiển thị hết được. Vậy chức năng của nó là gì nhỉ?,Để hiển thị và sửa nội dung hoặc công thức của ô ạ!,13,11-20,false,false,false,false,false,answer_or_explanation_to_tutor_prompt,The preceding tutor turn is a question/prompt and the final turn is its response.,retain_as_trailing_student_outcome,true
HNMU-G7-R0081-STT10,grade6_7,shared/raw_data/HNMU-teacher_dialog_samples/Lớp 7.xlsx,81,7,Bài 6: Làm quen với phần mềm bảng tính,Đúng rồi! Những gì dùng để tính (Số) sẽ nhảy sang phải. Còn chữ viết (văn bản) sẽ nằm bên nào?,"Sẽ nằm bên trái ạ. Hay quá, nhờ vậy mà em biết mình có gõ nhầm số thành chữ không!",20,11-20,false,false,false,false,false,answer_or_explanation_to_tutor_prompt,The preceding tutor turn is a question/prompt and the final turn is its response.,retain_as_trailing_student_outcome,true
HNMU-G7-R0101-STT2,grade6_7,shared/raw_data/HNMU-teacher_dialog_samples/Lớp 7.xlsx,101,7,Bài 8: Công cụ hỗ trợ tính toán,Giỏi lắm! Vậy tên hàm trong bảng tính cũng chính là từ đó. Em thử đoán xem mình sẽ gõ chữ gì vào ô tính nào?,Em sẽ gõ =AVERAGE ạ!,5,<=5,false,false,false,true,false,action_commitment_or_completion,The turn reports completion or states an intended next action.,retain_as_trailing_student_outcome,true
HNMU-G7-R0105-STT6,grade6_7,shared/raw_data/HNMU-teacher_dialog_samples/Lớp 7.xlsx,105,7,Bài 8: Công cụ hỗ trợ tính toán,Tốt! Còn số 10 đứng riêng lẻ nghĩa là nó cộng thêm trực tiếp số đó. Em thấy hàm này có thể tính nhiều loại dữ liệu cùng lúc không?,"Dạ có, cả ô lẻ, cả vùng và cả số tự do nữa ạ.",14,11-20,true,false,false,false,false,answer_or_explanation_to_tutor_prompt,The preceding tutor turn is a question/prompt and the final turn is its response.,retain_as_trailing_student_outcome,true
HNMU-G7-R0106-STT7,grade6_7,shared/raw_data/HNMU-teacher_dialog_samples/Lớp 7.xlsx,106,7,Bài 8: Công cụ hỗ trợ tính toán,"Chính xác! Vậy ngược lại, hàm tìm số bé nhất sẽ là...?",Là MIN ạ! Em nhớ rồi thầy ơi.,8,6-10,false,true,false,true,false,action_commitment_or_completion,The turn reports completion or states an intended next action.,retain_as_trailing_student_outcome,true
HNMU-G7-R0111-STT12,grade6_7,shared/raw_data/HNMU-teacher_dialog_samples/Lớp 7.xlsx,111,7,Bài 8: Công cụ hỗ trợ tính toán,Đúng rồi! Giờ em hãy thử áp dụng hàm MAX vào vùng kinh phí (E4:E14) xem máy báo số bao nhiêu nào.,Em ra kết quả rồi! Hàm này tiện thật thầy ạ.,11,11-20,false,false,false,false,false,answer_or_explanation_to_tutor_prompt,The preceding tutor turn is a question/prompt and the final turn is its response.,retain_as_trailing_student_outcome,true
HNMU-G7-R0114-STT1,grade6_7,shared/raw_data/HNMU-teacher_dialog_samples/Lớp 7.xlsx,114,7,Bài 9: Trình bày bảng tính,"Đúng rồi! Đó là một trong các lệnh định dạng số. Ngoài nút đó, em còn thấy nút nào có hình tờ tiền hay dấu phẩy không?",Có nút hình tiền tệ và các nút có mũi tên để chỉnh số thập phân ạ.,17,11-20,false,false,false,false,false,answer_or_explanation_to_tutor_prompt,The preceding tutor turn is a question/prompt and the final turn is its response.,retain_as_trailing_student_outcome,true
HNMU-G7-R0117-STT4,grade6_7,shared/raw_data/HNMU-teacher_dialog_samples/Lớp 7.xlsx,117,7,Bài 9: Trình bày bảng tính,Đúng vậy! Vậy kí hiệu nào luôn xuất hiện ở cuối khi em dùng định dạng này?,Dạ là kí hiệu % ạ!,5,<=5,true,false,false,false,false,answer_or_explanation_to_tutor_prompt,The preceding tutor turn is a question/prompt and the final turn is its response.,retain_as_trailing_student_outcome,true
HNMU-G7-R0118-STT5,grade6_7,shared/raw_data/HNMU-teacher_dialog_samples/Lớp 7.xlsx,118,7,Bài 9: Trình bày bảng tính,Vậy việc gộp các ô lại để tiêu đề nằm chính giữa toàn bộ bảng sẽ mang lại lợi ích gì cho người xem?,"Giúp bảng cân đối, chuyên nghiệp và dễ theo dõi hơn ạ!",12,11-20,false,false,false,false,false,answer_or_explanation_to_tutor_prompt,The preceding tutor turn is a question/prompt and the final turn is its response.,retain_as_trailing_student_outcome,true
HNMU-G7-R0119-STT6,grade6_7,shared/raw_data/HNMU-teacher_dialog_samples/Lớp 7.xlsx,119,7,Bài 9: Trình bày bảng tính,"Đúng rồi. Vậy nếu em tiếp tục gộp, nội dung của ô bên phải sẽ đi đâu?","Sẽ bị mất hết ạ. Em hiểu rồi, phải cẩn thận khi gộp ô có dữ liệu!",17,11-20,false,true,false,false,false,answer_or_explanation_to_tutor_prompt,The preceding tutor turn is a question/prompt and the final turn is its response.,retain_as_trailing_student_outcome,true
HNMU-G7-R0121-STT8,grade6_7,shared/raw_data/HNMU-teacher_dialog_samples/Lớp 7.xlsx,121,7,Bài 9: Trình bày bảng tính,"Đúng rồi! Trong phần mềm, em cần chọn định dạng có ký hiệu dd/mm/yyyy. Theo em, dd là viết tắt của từ gì trong tiếng Anh?",Là day ạ! Vậy mm là month. Em sẽ chỉnh lại cho đúng.,13,11-20,false,false,false,true,false,action_commitment_or_completion,The turn reports completion or states an intended next action.,retain_as_trailing_student_outcome,true
HNMU-G7-R0122-STT9,grade6_7,shared/raw_data/HNMU-teacher_dialog_samples/Lớp 7.xlsx,122,7,Bài 9: Trình bày bảng tính,"Đúng vậy! Vậy mục đích của việc này không chỉ là để đẹp, mà còn giúp gì cho người đọc dữ liệu của em?","Giúp thông tin rõ ràng, nổi bật và dễ hiểu hơn ạ!",12,11-20,false,true,false,false,false,answer_or_explanation_to_tutor_prompt,The preceding tutor turn is a question/prompt and the final turn is its response.,retain_as_trailing_student_outcome,true
HNMU-G7-R0124-STT11,grade6_7,shared/raw_data/HNMU-teacher_dialog_samples/Lớp 7.xlsx,124,7,Bài 9: Trình bày bảng tính,"Em hãy tìm nút có các vạch ngang xếp bằng nhau ở giữa nhé. Cuối cùng, hãy chọn một màu nền thật tươi sáng bằng biểu tượng cái xô sơn.",Em làm được rồi! Bảng nhìn chuyên nghiệp hẳn lên thầy ơi.,12,11-20,false,false,false,false,false,answer_or_explanation_to_tutor_prompt,The preceding tutor turn is a question/prompt and the final turn is its response.,retain_as_trailing_student_outcome,true
HNMU-G7-R0127-STT14,grade6_7,shared/raw_data/HNMU-teacher_dialog_samples/Lớp 7.xlsx,127,7,Bài 9: Trình bày bảng tính,Chính xác! Bây giờ em hãy nhìn lại thành quả của mình và so sánh với mẫu trong sách xem đã hài lòng chưa nào?,Dạ đẹp y hệt luôn rồi ạ! Em cảm ơn thầy AI đã hướng dẫn em.,16,11-20,true,false,true,false,false,answer_or_explanation_to_tutor_prompt,The preceding tutor turn is a question/prompt and the final turn is its response.,retain_as_trailing_student_outcome,true
HNMU-G7-R0145-STT4,grade6_7,shared/raw_data/HNMU-teacher_dialog_samples/Lớp 7.xlsx,145,7,Bài 11: Tạo bài trình chiếu,Đúng thế! Mẫu bố trí trên trang chiếu cũng tạo sẵn các khung chữ và hình ảnh. Vậy nó mang lại tác dụng gì cho người dùng?,Giúp người sử dụng trình bày nội dung thuận tiện hơn ạ. Em hiểu rồi!,15,11-20,false,true,false,false,false,answer_or_explanation_to_tutor_prompt,The preceding tutor turn is a question/prompt and the final turn is its response.,retain_as_trailing_student_outcome,true
HNMU-G7-R0147-STT6,grade6_7,shared/raw_data/HNMU-teacher_dialog_samples/Lớp 7.xlsx,147,7,Bài 11: Tạo bài trình chiếu,"Lập luận rất sắc bén! Vậy các đáp án dùng để tạo bài giảng, quảng cáo, album ảnh (a, b, c) là đúng hay sai?","Dạ a, b, c là đúng ạ.",7,6-10,true,false,false,false,false,answer_or_explanation_to_tutor_prompt,The preceding tutor turn is a question/prompt and the final turn is its response.,retain_as_trailing_student_outcome,true
HNMU-G7-R0148-STT7,grade6_7,shared/raw_data/HNMU-teacher_dialog_samples/Lớp 7.xlsx,148,7,Bài 11: Tạo bài trình chiếu,Đúng vậy. Vậy trang tiêu đề đặt ở đầu bài trình chiếu giúp người xem đạt được điều gì trước khi vào chi tiết?,Giúp tạo ấn tượng ban đầu và cho người xem biết trước chủ đề sẽ nói là gì ạ.,19,11-20,false,false,false,false,false,answer_or_explanation_to_tutor_prompt,The preceding tutor turn is a question/prompt and the final turn is its response.,retain_as_trailing_student_outcome,true
HNMU-G7-R0149-STT8,grade6_7,shared/raw_data/HNMU-teacher_dialog_samples/Lớp 7.xlsx,149,7,Bài 11: Tạo bài trình chiếu,"Tốt. Còn ở trang nội dung (Hình 11.3), em thấy người ta dùng các dấu chấm tròn (bullet) để liệt kê thành các danh sách dài đúng không?","Dạ vâng, trang nội dung thì nhiều chữ hơn và chia thành các ý nhỏ. Em phân biệt được rồi ạ!",21,>20,true,false,false,false,false,answer_or_explanation_to_tutor_prompt,The preceding tutor turn is a question/prompt and the final turn is its response.,retain_as_trailing_student_outcome,true
HNMU-G7-R0150-STT9,grade6_7,shared/raw_data/HNMU-teacher_dialog_samples/Lớp 7.xlsx,150,7,Bài 11: Tạo bài trình chiếu,Chuẩn xác! Việc tổ chức các ý chính và ý phụ như vậy người ta gọi là cấu trúc gì?,"Là cấu trúc phân cấp ạ. Giúp bài nhìn rõ ràng, rành mạch.",13,11-20,false,false,false,false,false,answer_or_explanation_to_tutor_prompt,The preceding tutor turn is a question/prompt and the final turn is its response.,retain_as_trailing_student_outcome,true
HNMU-G7-R0151-STT10,grade6_7,shared/raw_data/HNMU-teacher_dialog_samples/Lớp 7.xlsx,151,7,Bài 11: Tạo bài trình chiếu,"Đúng rồi. Còn nếu chọn ""Title and Content"" (Tiêu đề và Nội dung) thì phần mềm đã chuẩn bị sẵn cho em những gì?",Nó chuẩn bị sẵn khung to để viết tiêu đề và khung dưới để viết nội dung luôn ạ. Dùng cái này nhàn hơn!,24,>20,true,false,false,false,false,answer_or_explanation_to_tutor_prompt,The preceding tutor turn is a question/prompt and the final turn is its response.,retain_as_trailing_student_outcome,true
HNMU-G7-R0152-STT11,grade6_7,shared/raw_data/HNMU-teacher_dialog_samples/Lớp 7.xlsx,152,7,Bài 11: Tạo bài trình chiếu,"Tuyệt vời. Ở khung nhỏ phía dưới ""Click to add subtitle"", em ghi tên những ai?",Em ghi tên các thành viên trong nhóm em ạ. Em làm được ngay đây!,15,11-20,false,false,false,false,false,answer_or_explanation_to_tutor_prompt,The preceding tutor turn is a question/prompt and the final turn is its response.,retain_as_trailing_student_outcome,true
HNMU-G7-R0153-STT12,grade6_7,shared/raw_data/HNMU-teacher_dialog_samples/Lớp 7.xlsx,153,7,Bài 11: Tạo bài trình chiếu,Rất chính xác! Em thử gõ Enter rồi bấm phím Tab xem dấu chấm tròn có tụt vào trong và đổi hình dáng không nhé.,Có ạ! Em dùng phím Tab là phân cấp được rồi.,11,11-20,false,false,false,false,false,answer_or_explanation_to_tutor_prompt,The preceding tutor turn is a question/prompt and the final turn is its response.,retain_as_trailing_student_outcome,true
HNMU-G7-R0159-STT4,grade6_7,shared/raw_data/HNMU-teacher_dialog_samples/Lớp 7.xlsx,159,7,Bài 12: Định dạng đối tượng trên trang chiếu,Tuyệt vời! Giờ em đã thấy việc dành thời gian định dạng là xứng đáng chưa?,"Dạ xứng đáng ạ, em sẽ đi định dạng lại bài ngay!",12,11-20,true,false,false,true,false,action_commitment_or_completion,The turn reports completion or states an intended next action.,retain_as_trailing_student_outcome,true
HNMU-G7-R0200-STT3,grade6_7,shared/raw_data/HNMU-teacher_dialog_samples/Lớp 7.xlsx,200,7,Bài 15. Thuật toán tìm kiếm nhị phân,Chính xác! Việc liên tục chia đôi vùng tìm kiếm như vậy chính là nguyên lí của tên gọi này. Giờ em đã hiểu chữ nhị phân chưa?,Em nhớ rồi ạ. Nhị phân ở đây nghĩa là liên tục chia đôi vùng tìm kiếm để thu hẹp phạm vi.,22,>20,false,true,false,true,false,action_commitment_or_completion,The turn reports completion or states an intended next action.,retain_as_trailing_student_outcome,true
HNMU-G7-R0201-STT4,grade6_7,shared/raw_data/HNMU-teacher_dialog_samples/Lớp 7.xlsx,201,7,Bài 15. Thuật toán tìm kiếm nhị phân,"Chốt lại, đầu ra sẽ là gì?","Đầu ra là ""Vị trí tìm thấy"" hoặc ""Thông báo không tìm thấy"". Em đã nắm vững rồi ạ!",19,11-20,false,true,false,false,false,answer_or_explanation_to_tutor_prompt,The preceding tutor turn is a question/prompt and the final turn is its response.,retain_as_trailing_student_outcome,true
HNMU-G7-R0207-STT10,grade6_7,shared/raw_data/HNMU-teacher_dialog_samples/Lớp 7.xlsx,207,7,Bài 15. Thuật toán tìm kiếm nhị phân,"Cực kì sắc sảo! Đó chính là hậu quả của việc ""áp dụng sai điều kiện"". Do dữ liệu không có tính thứ tự, việc chia đôi sẽ làm mất hoàn toàn dữ liệu thật. Em thấy việc sắp xếp trước quan trọng nhường nào chưa?","Em hiểu sâu sắc rồi ạ, làm sai luật là thuật toán trả về kết quả sai bét ngay!",19,11-20,false,true,false,false,false,answer_or_explanation_to_tutor_prompt,The preceding tutor turn is a question/prompt and the final turn is its response.,retain_as_trailing_student_outcome,true
HNMU-G7-R0208-STT11,grade6_7,shared/raw_data/HNMU-teacher_dialog_samples/Lớp 7.xlsx,208,7,Bài 15. Thuật toán tìm kiếm nhị phân,Tuyệt vời! Em vừa mô tả hoàn hảo một quy trình tìm kiếm nhị phân trong đời sống thực tế bằng chính tư duy của lập trình viên rồi đó.,"Cảm ơn gia sư, ánh xạ tư duy máy tính ra thực tế thế này rất dễ viết bài ạ!",20,11-20,false,false,true,false,false,reflection_or_other_closing,The turn is neither a narrow acknowledgement nor an explicit question/action.,retain_as_trailing_student_outcome,true
HNMU-G7-R0211-STT14,grade6_7,shared/raw_data/HNMU-teacher_dialog_samples/Lớp 7.xlsx,211,7,Bài 15. Thuật toán tìm kiếm nhị phân,"Bằng phép tính toán học, em chỉ cần tối đa 7 lần chặt đôi (vì 2 mũ 7 = 128 > 100) là sẽ dồn được người quản trò vào góc tường và tìm ra số. Em thấy chiến thuật Tin học này thế nào?","Thật là vi diệu! Em sẽ dùng chiến thuật này để đi ""bán hành"" cho các bạn trên lớp. Cảm ơn thầy AI ạ!",24,>20,false,false,true,true,false,action_commitment_or_completion,The turn reports completion or states an intended next action.,retain_as_trailing_student_outcome,true
HNMU-G8-R0004-STT3,grade8_9,shared/raw_data/HNMU-teacher_dialog_samples/Lớp 8.xlsx,4,8,Bài 1. Lược sử công cụ tính toán,"Đúng rồi! Vì thiết kế đó có đủ 4 thành phần giống hệt máy tính hiện đại ngày nay. Vậy ""cha đẻ"" của ý tưởng tuyệt vời đó chính là...?",Là Charles Babbage ạ! Em nhớ rồi.,7,6-10,false,true,false,true,false,action_commitment_or_completion,The turn reports completion or states an intended next action.,retain_as_trailing_student_outcome,true
HNMU-G8-R0006-STT5,grade8_9,shared/raw_data/HNMU-teacher_dialog_samples/Lớp 8.xlsx,6,8,Bài 1. Lược sử công cụ tính toán,"Đúng thế! Vậy việc một cỗ máy có thể ""tự động"" làm việc đó thay con người có giúp ích gì không?",Dạ giúp tính nhanh hơn và chính xác hơn ạ. Em hiểu ý nghĩa của nó rồi!,17,11-20,true,true,false,false,false,answer_or_explanation_to_tutor_prompt,The preceding tutor turn is a question/prompt and the final turn is its response.,retain_as_trailing_student_outcome,true
HNMU-G8-R0007-STT6,grade8_9,shared/raw_data/HNMU-teacher_dialog_samples/Lớp 8.xlsx,7,8,Bài 1. Lược sử công cụ tính toán,Giỏi quá! Ngoài ra em còn có thể tìm tài liệu ở đâu thay vì chỉ đọc mỗi cuốn sách giáo khoa trên tay?,"Dạ em lên Google tìm trong ""kho tri thức khổng lồ"" của nhân loại ạ. Em hiểu sự thay đổi này rồi!",22,>20,true,true,false,false,false,answer_or_explanation_to_tutor_prompt,The preceding tutor turn is a question/prompt and the final turn is its response.,retain_as_trailing_student_outcome,true
HNMU-G8-R0008-STT7,grade8_9,shared/raw_data/HNMU-teacher_dialog_samples/Lớp 8.xlsx,8,8,Bài 1. Lược sử công cụ tính toán,Chính xác! Việc viết ra thuật toán cho máy tính thực hiện chính là công việc của ai?,"À, là của lập trình viên! Em hiểu vì sao bà ấy đạt danh hiệu đó rồi.",17,11-20,false,true,false,false,false,answer_or_explanation_to_tutor_prompt,The preceding tutor turn is a question/prompt and the final turn is its response.,retain_as_trailing_student_outcome,true
HNMU-G8-R0009-STT8,grade8_9,shared/raw_data/HNMU-teacher_dialog_samples/Lớp 8.xlsx,9,8,Bài 1. Lược sử công cụ tính toán,"Rất giỏi! Sự ""nén"" đó chính là mạch tích hợp (IC). Nó giúp máy tính đạt được điều gì về kích thước và tốc độ?",Dạ máy nhỏ hơn và chạy nhanh hơn hẳn ạ!,10,6-10,true,false,false,false,false,answer_or_explanation_to_tutor_prompt,The preceding tutor turn is a question/prompt and the final turn is its response.,retain_as_trailing_student_outcome,true
HNMU-G8-R0010-STT9,grade8_9,shared/raw_data/HNMU-teacher_dialog_samples/Lớp 8.xlsx,10,8,Bài 1. Lược sử công cụ tính toán,"Đó chính là nhờ cấu trúc 5 phần mà ông ấy đề xuất. Nếu thiếu một trong số đó, máy tính có hoạt động hoàn hảo được không?","Dạ không ạ. Vậy là ông ấy đã tìm ra một ""công thức chuẩn"" cho mọi loại máy tính rồi thầy nhỉ!",22,>20,true,false,false,false,false,answer_or_explanation_to_tutor_prompt,The preceding tutor turn is a question/prompt and the final turn is its response.,retain_as_trailing_student_outcome,true
HNMU-G8-R0011-STT10,grade8_9,shared/raw_data/HNMU-teacher_dialog_samples/Lớp 8.xlsx,11,8,Bài 1. Lược sử công cụ tính toán,Đúng rồi! Nhờ thế mà máy tính mới có thể đặt vừa trên bàn làm việc của mỗi nhà. Người ta gọi đó là máy tính gì nhỉ?,Dạ là máy tính cá nhân (PC) ạ!,8,6-10,true,false,false,false,false,answer_or_explanation_to_tutor_prompt,The preceding tutor turn is a question/prompt and the final turn is its response.,retain_as_trailing_student_outcome,true
HNMU-G8-R0012-STT11,grade8_9,shared/raw_data/HNMU-teacher_dialog_samples/Lớp 8.xlsx,12,8,Bài 1. Lược sử công cụ tính toán,"Rất tốt! ULSI là công nghệ nén hàng triệu linh kiện, còn ""xử lý song song"" là để máy tính thông minh như con người. Vậy đáp án là gì nào?",Dạ là thế hệ thứ năm ạ! Em cảm ơn thầy.,11,11-20,true,false,true,false,false,answer_or_explanation_to_tutor_prompt,The preceding tutor turn is a question/prompt and the final turn is its response.,retain_as_trailing_student_outcome,true
HNMU-G8-R0013-STT12,grade8_9,shared/raw_data/HNMU-teacher_dialog_samples/Lớp 8.xlsx,13,8,Bài 1. Lược sử công cụ tính toán,Vậy mà tốc độ của điện thoại em nhanh gấp hàng triệu lần ENIAC đấy. Em thấy công nghệ đã thay đổi thế giới như thế nào?,"Dạ thật không thể tin nổi, máy càng ngày càng nhỏ nhưng lại càng mạnh ạ!",16,11-20,true,false,false,false,false,answer_or_explanation_to_tutor_prompt,The preceding tutor turn is a question/prompt and the final turn is its response.,retain_as_trailing_student_outcome,true
HNMU-G8-R0017-STT2,grade8_9,shared/raw_data/HNMU-teacher_dialog_samples/Lớp 8.xlsx,17,8,Bài 2. Thông tin trong môi trường số,Giỏi quá! Thêm một ý nữa là một cái thẻ nhớ nhỏ xíu có thể chứa cả nghìn cuốn sách (dung lượng lớn). Em nhớ đủ 3 ý chưa?,"Dạ rồi: Dung lượng lớn, dễ chia sẻ và tìm kiếm nhanh ạ!",13,11-20,true,false,false,false,false,answer_or_explanation_to_tutor_prompt,The preceding tutor turn is a question/prompt and the final turn is its response.,retain_as_trailing_student_outcome,true
HNMU-G8-R0019-STT4,grade8_9,shared/raw_data/HNMU-teacher_dialog_samples/Lớp 8.xlsx,19,8,Bài 2. Thông tin trong môi trường số,"Không em ạ, đó là tin cũ. Vậy ngoài ""Nguồn tin"" và ""Tính thời sự"", ta cần kiểm tra xem thông tin đó có minh chứng rõ ràng (xác thực) và có công bằng (khách quan) không. Em liệt kê lại giúp thầy nhé?","Dạ là Nguồn tin, chứng cứ, tính thời sự và tính khách quan ạ!",14,11-20,true,false,false,false,false,answer_or_explanation_to_tutor_prompt,The preceding tutor turn is a question/prompt and the final turn is its response.,retain_as_trailing_student_outcome,true
HNMU-G8-R0020-STT5,grade8_9,shared/raw_data/HNMU-teacher_dialog_samples/Lớp 8.xlsx,20,8,Bài 2. Thông tin trong môi trường số,"Chính xác! Vậy kết hợp hai ý đó, em giải thích vì sao nó chia sẻ nhanh được không?",Dạ vì nó dễ sao chép giá rẻ và truyền tải qua mạng cực nhanh ạ!,16,11-20,true,false,false,false,false,answer_or_explanation_to_tutor_prompt,The preceding tutor turn is a question/prompt and the final turn is its response.,retain_as_trailing_student_outcome,true
HNMU-G8-R0021-STT6,grade8_9,shared/raw_data/HNMU-teacher_dialog_samples/Lớp 8.xlsx,21,8,Bài 2. Thông tin trong môi trường số,"Đúng thế! Đó chính là ""quan điểm chủ quan"". Ngoài ra, một tờ báo muốn thu hút người xem có thể sẽ giật tít khác đi. Vậy nguyên nhân nằm ở đâu nhỉ?",Dạ do quan điểm cá nhân và mục đích của người đưa tin ạ!,14,11-20,true,false,false,false,false,answer_or_explanation_to_tutor_prompt,The preceding tutor turn is a question/prompt and the final turn is its response.,retain_as_trailing_student_outcome,true
HNMU-G8-R0022-STT7,grade8_9,shared/raw_data/HNMU-teacher_dialog_samples/Lớp 8.xlsx,22,8,Bài 2. Thông tin trong môi trường số,Quá giỏi! Vậy em hãy nêu lại điểm khác nhau cơ bản xem nào.,"Sự kiệnt là cái có thật khách quan, còn ý kiến là cảm xúc cá nhân ạ!",17,11-20,false,false,false,false,false,answer_or_explanation_to_tutor_prompt,The preceding tutor turn is a question/prompt and the final turn is its response.,retain_as_trailing_student_outcome,true
HNMU-G8-R0023-STT8,grade8_9,shared/raw_data/HNMU-teacher_dialog_samples/Lớp 8.xlsx,23,8,Bài 2. Thông tin trong môi trường số,"Vậy ""tính thời sự"" giúp thông tin đảm bảo điều gì đối với thực tế?",Dạ giúp thông tin phản ánh đúng cái đang diễn ra ở hiện tại ạ!,15,11-20,true,false,false,false,false,answer_or_explanation_to_tutor_prompt,The preceding tutor turn is a question/prompt and the final turn is its response.,retain_as_trailing_student_outcome,true
HNMU-G8-R0024-STT9,grade8_9,shared/raw_data/HNMU-teacher_dialog_samples/Lớp 8.xlsx,24,8,Bài 2. Thông tin trong môi trường số,Chính xác! Một thông tin mà không rõ ai nói và không có ảnh chụp hay video làm bằng chứng thì gọi là thiếu yếu tố gì ta vừa học?,Dạ thiếu tính xác thực và nguồn gốc ạ. Em hiểu vì sao nó không tin cậy rồi!,18,11-20,true,true,false,false,false,answer_or_explanation_to_tutor_prompt,The preceding tutor turn is a question/prompt and the final turn is its response.,retain_as_trailing_student_outcome,true
HNMU-G8-R0025-STT10,grade8_9,shared/raw_data/HNMU-teacher_dialog_samples/Lớp 8.xlsx,25,8,Bài 2. Thông tin trong môi trường số,Vậy rủi ro ở đâu cao hơn?,"Dạ ở Facebook ạ, vì ai cũng đăng được mà không ai kiểm tra đúng sai.",16,11-20,true,false,false,false,false,answer_or_explanation_to_tutor_prompt,The preceding tutor turn is a question/prompt and the final turn is its response.,retain_as_trailing_student_outcome,true
HNMU-G8-R0026-STT11,grade8_9,shared/raw_data/HNMU-teacher_dialog_samples/Lớp 8.xlsx,26,8,Bài 2. Thông tin trong môi trường số,Rất tỉnh táo! Đây chính là dấu hiệu của việc gì mà ta cần phòng tránh trên mạng?,Dạ là lừa đảo ạ! Em sẽ xóa tin nhắn này ngay.,12,11-20,true,false,false,true,false,action_commitment_or_completion,The turn reports completion or states an intended next action.,retain_as_trailing_student_outcome,true
HNMU-G8-R0029-STT14,grade8_9,shared/raw_data/HNMU-teacher_dialog_samples/Lớp 8.xlsx,29,8,Bài 2. Thông tin trong môi trường số,"Đúng thế. Vậy từ ví dụ này, em thấy tác hại của tin đồn đối với đời sống như thế nào?",Dạ nó gây hoang mang và thiệt hại rất lớn về kinh tế cho mọi người ạ!,17,11-20,true,false,false,false,false,answer_or_explanation_to_tutor_prompt,The preceding tutor turn is a question/prompt and the final turn is its response.,retain_as_trailing_student_outcome,true
HNMU-G8-R0030-STT1,grade8_9,shared/raw_data/HNMU-teacher_dialog_samples/Lớp 8.xlsx,30,8,Bài 3. Thực hành: Khai thác thông tin số,"Chính xác! Google là một ""máy tìm kiếm"". Vậy công cụ chung để khai thác thông tin số chính là gì em nhỉ?",Dạ là máy tìm kiếm ạ!,6,6-10,true,false,false,false,false,answer_or_explanation_to_tutor_prompt,The preceding tutor turn is a question/prompt and the final turn is its response.,retain_as_trailing_student_outcome,true
HNMU-G8-R0031-STT2,grade8_9,shared/raw_data/HNMU-teacher_dialog_samples/Lớp 8.xlsx,31,8,Bài 3. Thực hành: Khai thác thông tin số,Giỏi quá! Ngoài ra ta cần xem tin đó có bằng chứng (xác thực) và có công bằng (khách quan) không. Em liệt kê lại 4 ý này nhé?,"Dạ: Nguồn tin, tính xác thực, tính thời sự và tính khách quan ạ!",14,11-20,true,false,false,false,false,answer_or_explanation_to_tutor_prompt,The preceding tutor turn is a question/prompt and the final turn is its response.,retain_as_trailing_student_outcome,true
HNMU-G8-R0034-STT5,grade8_9,shared/raw_data/HNMU-teacher_dialog_samples/Lớp 8.xlsx,34,8,Bài 3. Thực hành: Khai thác thông tin số,"Đúng thế! Vậy việc đặt câu hỏi cụ thể giúp em ""khoanh vùng"" thông tin như thế nào nhỉ?",Dạ giúp em tập trung vào đúng cái mình cần và không bị lạc giữa kho thông tin ạ!,19,11-20,true,false,false,false,false,answer_or_explanation_to_tutor_prompt,The preceding tutor turn is a question/prompt and the final turn is its response.,retain_as_trailing_student_outcome,true
HNMU-G8-R0035-STT6,grade8_9,shared/raw_data/HNMU-teacher_dialog_samples/Lớp 8.xlsx,35,8,Bài 3. Thực hành: Khai thác thông tin số,Chính xác! Vì thế những đuôi tên miền dành cho tổ chức nhà nước (.gov) hay giáo dục (.edu) thường có độ tin cậy thế nào em nhỉ?,Dạ là đáng tin cậy hơn vì có sự kiểm duyệt của nhà nước ạ!,15,11-20,true,false,false,false,false,answer_or_explanation_to_tutor_prompt,The preceding tutor turn is a question/prompt and the final turn is its response.,retain_as_trailing_student_outcome,true
HNMU-G8-R0036-STT7,grade8_9,shared/raw_data/HNMU-teacher_dialog_samples/Lớp 8.xlsx,36,8,Bài 3. Thực hành: Khai thác thông tin số,"Chuẩn luôn! Vậy nếu muốn thông tin chuẩn xác nhất để không làm hỏng máy, em nên ưu tiên nguồn nào?",Dạ là sách hướng dẫn sử dụng của nhà sản xuất ạ!,12,11-20,true,false,false,false,false,answer_or_explanation_to_tutor_prompt,The preceding tutor turn is a question/prompt and the final turn is its response.,retain_as_trailing_student_outcome,true
HNMU-G8-R0037-STT8,grade8_9,shared/raw_data/HNMU-teacher_dialog_samples/Lớp 8.xlsx,37,8,Bài 3. Thực hành: Khai thác thông tin số,"Đúng! Còn AI thì tổng hợp lại thành một câu trả lời duy nhất. Vậy nếu em muốn tự mình kiểm chứng nguồn gốc từng bài viết, em chọn công cụ nào?","À, lúc đó em sẽ chọn máy tìm kiếm để thấy được nguồn tin cụ thể ạ!",17,11-20,false,false,false,true,false,action_commitment_or_completion,The turn reports completion or states an intended next action.,retain_as_trailing_student_outcome,true
HNMU-G8-R0038-STT9,grade8_9,shared/raw_data/HNMU-teacher_dialog_samples/Lớp 8.xlsx,38,8,Bài 3. Thực hành: Khai thác thông tin số,"Đúng thế! Thông tin trên mạng cũng là công sức của người khác. Việc ""trích dẫn nguồn"" chính là cách em thể hiện điều gì với tác giả nhỉ?",Dạ là sự tôn trọng bản quyền và tính trung thực của mình ạ!,14,11-20,true,false,false,false,false,answer_or_explanation_to_tutor_prompt,The preceding tutor turn is a question/prompt and the final turn is its response.,retain_as_trailing_student_outcome,true
HNMU-G8-R0039-STT10,grade8_9,shared/raw_data/HNMU-teacher_dialog_samples/Lớp 8.xlsx,39,8,Bài 3. Thực hành: Khai thác thông tin số,"Chính xác! Hơn nữa, não chúng ta chỉ tiếp nhận được một lượng tin vừa đủ. Việc ""tóm tắt"" giúp em làm gì với nội dung dài dòng đó?","Dạ giúp nó ngắn gọn, súc tích và dễ nhớ hơn ạ!",12,11-20,true,false,false,false,false,answer_or_explanation_to_tutor_prompt,The preceding tutor turn is a question/prompt and the final turn is its response.,retain_as_trailing_student_outcome,true
HNMU-G8-R0040-STT11,grade8_9,shared/raw_data/HNMU-teacher_dialog_samples/Lớp 8.xlsx,40,8,Bài 3. Thực hành: Khai thác thông tin số,"Tốt! Cuối cùng, em nên nói về lợi ích (như giảm tiền điện). Vậy em đã thấy 3 phần: Giới thiệu - Thực hiện - Lợi ích chưa?","Dạ rồi ạ, em sẽ viết theo cấu trúc này!",10,6-10,true,false,false,true,false,action_commitment_or_completion,The turn reports completion or states an intended next action.,retain_as_trailing_student_outcome,true
HNMU-G8-R0041-STT12,grade8_9,shared/raw_data/HNMU-teacher_dialog_samples/Lớp 8.xlsx,41,8,Bài 3. Thực hành: Khai thác thông tin số,"Rất giỏi! Vậy em hãy tìm xem kết quả nào có đuôi "".gov.vn"" hoặc tên miền của EVN nhé. Em thấy chưa?","Dạ em thấy trang của Bộ Công thương rồi, em sẽ lấy số liệu ở đây ạ!",17,11-20,true,false,false,true,false,action_commitment_or_completion,The turn reports completion or states an intended next action.,retain_as_trailing_student_outcome,true
HNMU-G8-R0045-STT2,grade8_9,shared/raw_data/HNMU-teacher_dialog_samples/Lớp 8.xlsx,45,8,Bài 4. Đạo đức và văn hoá trong sử dụng công nghệ kĩ thuật số,Việc dùng các thiết bị số để gây ra cảm giác đó cho người khác một cách cố ý được gọi là bắt nạt qua mạng. Em thấy hành động này dùng công cụ gì để thực hiện?,Dạ dùng điện thoại hoặc máy tính để đe dọa ạ!,11,11-20,true,false,false,false,false,answer_or_explanation_to_tutor_prompt,The preceding tutor turn is a question/prompt and the final turn is its response.,retain_as_trailing_student_outcome,true
HNMU-G8-R0046-STT3,grade8_9,shared/raw_data/HNMU-teacher_dialog_samples/Lớp 8.xlsx,46,8,Bài 4. Đạo đức và văn hoá trong sử dụng công nghệ kĩ thuật số,"Đúng rồi! Một hành vi nữa là dùng các ứng dụng đã bị ""bẻ khóa"" (phần mềm lậu). nhớ được 2 hành vi này chưa?","Dạ rồi, sao chép trái phép và dùng phần mềm lậu ạ!",12,11-20,true,false,false,false,false,answer_or_explanation_to_tutor_prompt,The preceding tutor turn is a question/prompt and the final turn is its response.,retain_as_trailing_student_outcome,true
HNMU-G8-R0047-STT4,grade8_9,shared/raw_data/HNMU-teacher_dialog_samples/Lớp 8.xlsx,47,8,Bài 4. Đạo đức và văn hoá trong sử dụng công nghệ kĩ thuật số,"Trên mạng cũng vậy đấy em. Việc giữ thái độ tôn trọng và dùng lời lẽ lịch sự dù ở đâu thì gọi là ứng xử có ""v..."" gì nhỉ?",Dạ là ứng xử có văn hóa ạ!,8,6-10,true,false,false,false,false,answer_or_explanation_to_tutor_prompt,The preceding tutor turn is a question/prompt and the final turn is its response.,retain_as_trailing_student_outcome,true
HNMU-G8-R0048-STT5,grade8_9,shared/raw_data/HNMU-teacher_dialog_samples/Lớp 8.xlsx,48,8,Bài 4. Đạo đức và văn hoá trong sử dụng công nghệ kĩ thuật số,Đúng thế. Vậy tôn trọng bản quyền giúp tác giả có điều kiện để làm gì tiếp theo cho xã hội?,Dạ để họ tiếp tục sáng tạo ra nhiều sản phẩm tốt hơn ạ. Em hiểu rồi!,17,11-20,true,true,false,false,false,answer_or_explanation_to_tutor_prompt,The preceding tutor turn is a question/prompt and the final turn is its response.,retain_as_trailing_student_outcome,true
HNMU-G8-R0051-STT8,grade8_9,shared/raw_data/HNMU-teacher_dialog_samples/Lớp 8.xlsx,51,8,Bài 4. Đạo đức và văn hoá trong sử dụng công nghệ kĩ thuật số,Rất tốt! Vậy sự khác biệt lớn nhất ở đây là gì?,Dạ là mình có thừa nhận công lao của tác giả gốc hay không ạ!,15,11-20,true,false,false,false,false,answer_or_explanation_to_tutor_prompt,The preceding tutor turn is a question/prompt and the final turn is its response.,retain_as_trailing_student_outcome,true
HNMU-G8-R0052-STT9,grade8_9,shared/raw_data/HNMU-teacher_dialog_samples/Lớp 8.xlsx,52,8,Bài 4. Đạo đức và văn hoá trong sử dụng công nghệ kĩ thuật số,"Bản crack chính là một dạng ""trộm"" chất xám đấy em. Ngoài việc vi phạm pháp luật, nó còn cho thấy mình không tôn trọng ai?",Dạ là không tôn trọng người đã tạo ra phần mềm đó ạ.,13,11-20,true,false,false,false,false,answer_or_explanation_to_tutor_prompt,The preceding tutor turn is a question/prompt and the final turn is its response.,retain_as_trailing_student_outcome,true
HNMU-G8-R0053-STT10,grade8_9,shared/raw_data/HNMU-teacher_dialog_samples/Lớp 8.xlsx,53,8,Bài 4. Đạo đức và văn hoá trong sử dụng công nghệ kĩ thuật số,Đúng thế. Việc im lặng hoặc theo dõi cũng là một cách ủng hộ hành vi thiếu văn hóa. Em nên làm gì khi thấy những nhóm như vậy?,Dạ em nên thoát khỏi nhóm và không quan tâm đến nó nữa ạ!,14,11-20,true,false,false,false,false,answer_or_explanation_to_tutor_prompt,The preceding tutor turn is a question/prompt and the final turn is its response.,retain_as_trailing_student_outcome,true
HNMU-G8-R0054-STT11,grade8_9,shared/raw_data/HNMU-teacher_dialog_samples/Lớp 8.xlsx,54,8,Bài 4. Đạo đức và văn hoá trong sử dụng công nghệ kĩ thuật số,"Đúng rồi. Vậy theo em, bạn có nên đăng video đó không? em nên làm gì để góp phần giải quyết sự việc?","Em sẽ khuyên bạn không đăng hoặc chia sẻ video, đồng thời báo ngay cho thầy cô hoặc người lớn để kịp thời can ngăn và giúp giải quyết vụ việc.
 Gia sư AI: Chính xác!",36,>20,true,false,false,true,false,action_commitment_or_completion,The turn reports completion or states an intended next action.,retain_as_trailing_student_outcome,true
HNMU-G8-R0056-STT13,grade8_9,shared/raw_data/HNMU-teacher_dialog_samples/Lớp 8.xlsx,56,8,Bài 4. Đạo đức và văn hoá trong sử dụng công nghệ kĩ thuật số,"Một ý nữa: Nếu bạn trả lời sai, em có nên vào chê cười bạn không?","Dạ không, em sẽ góp ý nhẹ nhàng. Vậy là em có 3 quy tắc rồi thầy ơi!",18,11-20,true,false,false,true,false,action_commitment_or_completion,The turn reports completion or states an intended next action.,retain_as_trailing_student_outcome,true
HNMU-G8-R0060-STT3,grade8_9,shared/raw_data/HNMU-teacher_dialog_samples/Lớp 8.xlsx,60,8,Bài 5: Sử dụng bảng tính giải quyết bài toán thực tế,"Chính xác! Khi đang chỉnh sửa công thức, em có biết phím nào giúp tự động thêm hoặc chuyển đổi các dấu $ mà không cần gõ thủ công không?","Dạ, em nhớ là phím F4 ạ.",7,6-10,true,false,false,false,false,answer_or_explanation_to_tutor_prompt,The preceding tutor turn is a question/prompt and the final turn is its response.,retain_as_trailing_student_outcome,true
HNMU-G8-R0063-STT6,grade8_9,shared/raw_data/HNMU-teacher_dialog_samples/Lớp 8.xlsx,63,8,Bài 5: Sử dụng bảng tính giải quyết bài toán thực tế,"Rất tốt! Vậy khi sao chép công thức, phần có dấu $ sẽ thay đổi hay được giữ nguyên?","Phần có dấu $ sẽ được cố định. Vì vậy, $A1 cố định cột A nhưng hàng vẫn thay đổi; còn A$1 cố định hàng 1 nhưng cột vẫn thay đổi.",31,>20,false,false,false,false,false,answer_or_explanation_to_tutor_prompt,The preceding tutor turn is a question/prompt and the final turn is its response.,retain_as_trailing_student_outcome,true
HNMU-G8-R0064-STT7,grade8_9,shared/raw_data/HNMU-teacher_dialog_samples/Lớp 8.xlsx,64,8,Bài 5: Sử dụng bảng tính giải quyết bài toán thực tế,"Đúng rồi! Vậy theo em, địa chỉ tuyệt đối sẽ giúp giải quyết vấn đề đó như thế nào?","Địa chỉ tuyệt đối giúp cố định ô tham chiếu, nên khi sao chép công thức, địa chỉ đó không thay đổi và kết quả tính toán vẫn chính xác.",30,>20,true,false,false,false,false,answer_or_explanation_to_tutor_prompt,The preceding tutor turn is a question/prompt and the final turn is its response.,retain_as_trailing_student_outcome,true
HNMU-G8-R0065-STT8,grade8_9,shared/raw_data/HNMU-teacher_dialog_samples/Lớp 8.xlsx,65,8,Bài 5: Sử dụng bảng tính giải quyết bài toán thực tế,Đúng thế! Vậy hàm giúp em giải quyết vấn đề gì về độ dài của công thức và thời gian thực hiện nhỉ?,Dạ giúp công thức ngắn gọn hơn và làm nhanh hơn rất nhiều ạ!,14,11-20,true,false,false,false,false,answer_or_explanation_to_tutor_prompt,The preceding tutor turn is a question/prompt and the final turn is its response.,retain_as_trailing_student_outcome,true
HNMU-G8-R0067-STT10,grade8_9,shared/raw_data/HNMU-teacher_dialog_samples/Lớp 8.xlsx,67,8,Bài 5: Sử dụng bảng tính giải quyết bài toán thực tế,"Còn trong bảng tính, khi bố sửa con số đó, cái ""Tổng cộng"" có cần bố tính lại không?","Dạ không, nó tự nhảy kết quả mới luôn ạ! Em sẽ bảo bố chuyển sang dùng máy tính.",19,11-20,true,false,false,true,false,action_commitment_or_completion,The turn reports completion or states an intended next action.,retain_as_trailing_student_outcome,true
HNMU-G8-R0069-STT12,grade8_9,shared/raw_data/HNMU-teacher_dialog_samples/Lớp 8.xlsx,69,8,Bài 5: Sử dụng bảng tính giải quyết bài toán thực tế,Tuyệt vời! Vậy em hãy kết hợp lại thành công thức hoàn chỉnh để nhập vào ô F11 nhé.,"Dạ, em gõ =SUM(F5:F10) và máy đã hiện ngay tổng số tiền rồi. Tiện lợi quá thầy ơi!",20,11-20,true,false,false,false,false,answer_or_explanation_to_tutor_prompt,The preceding tutor turn is a question/prompt and the final turn is its response.,retain_as_trailing_student_outcome,true
HNMU-G8-R0071-STT14,grade8_9,shared/raw_data/HNMU-teacher_dialog_samples/Lớp 8.xlsx,71,8,Bài 5: Sử dụng bảng tính giải quyết bài toán thực tế,"Rất rõ ràng! Sau khi nhập hết tiền của các bạn, ở hàng dưới cùng em sẽ dùng hàm gì để báo cáo cho cô tổng số tiền lớp có?","Dạ em sẽ dùng hàm SUM quét cả cột Số tiền ạ. Em cảm ơn thầy, em sẽ làm ngay!",20,11-20,true,false,true,true,false,action_commitment_or_completion,The turn reports completion or states an intended next action.,retain_as_trailing_student_outcome,true
HNMU-G8-R0073-STT2,grade8_9,shared/raw_data/HNMU-teacher_dialog_samples/Lớp 8.xlsx,73,8,Bài 6. Săp xếp và lọc dữ liệu,Đúng rồi! Việc chỉ hiển thị các hàng thỏa mãn điều kiện mình muốn gọi là lọc dữ liệu. Vậy mục đích của lọc là gì em nhỉ?,Dạ là để chọn và chỉ hiện những hàng mình cần thôi ạ!,13,11-20,true,false,false,false,false,answer_or_explanation_to_tutor_prompt,The preceding tutor turn is a question/prompt and the final turn is its response.,retain_as_trailing_student_outcome,true
HNMU-G8-R0074-STT3,grade8_9,shared/raw_data/HNMU-teacher_dialog_samples/Lớp 8.xlsx,74,8,Bài 6. Săp xếp và lọc dữ liệu,Rất giỏi! Vậy em chọn nút có chữ A ở trên hay Z ở trên?,Dạ là nút A trên Z ạ! Em tìm thấy rồi.,11,11-20,true,false,false,false,false,answer_or_explanation_to_tutor_prompt,The preceding tutor turn is a question/prompt and the final turn is its response.,retain_as_trailing_student_outcome,true
HNMU-G8-R0077-STT6,grade8_9,shared/raw_data/HNMU-teacher_dialog_samples/Lớp 8.xlsx,77,8,Bài 6. Săp xếp và lọc dữ liệu,"Đúng rồi! Khi em chọn một ô, máy sẽ tự hiểu toàn bộ vùng dữ liệu bao quanh ô đó. Em thử lại xem máy còn báo lỗi không nhé?","Dạ được rồi ạ, máy đã nhận diện đúng bảng rồi!",11,11-20,true,false,false,false,false,answer_or_explanation_to_tutor_prompt,The preceding tutor turn is a question/prompt and the final turn is its response.,retain_as_trailing_student_outcome,true
HNMU-G8-R0078-STT7,grade8_9,shared/raw_data/HNMU-teacher_dialog_samples/Lớp 8.xlsx,78,8,Bài 6. Săp xếp và lọc dữ liệu,"Đó là vì máy tính đang ""ẩn"" các hàng không khớp đi thôi. Vậy để hiện lại tất cả, em chỉ cần hủy lệnh lọc. Em thấy yên tâm hơn chưa?","Dạ em hiểu rồi, máy chỉ giấu đi chứ không xóa ạ!",12,11-20,true,true,false,false,false,answer_or_explanation_to_tutor_prompt,The preceding tutor turn is a question/prompt and the final turn is its response.,retain_as_trailing_student_outcome,true
HNMU-G8-R0079-STT8,grade8_9,shared/raw_data/HNMU-teacher_dialog_samples/Lớp 8.xlsx,79,8,Bài 6. Săp xếp và lọc dữ liệu,"Đúng! Vậy nút A-Z dùng để sắp xếp tăng dần. Ngược lại, đi từ đỉnh (Z) xuống đất (A) là gì nhỉ?",Dạ là giảm dần! Em nhớ quy luật bậc thang này rồi ạ.,13,11-20,true,false,false,false,false,answer_or_explanation_to_tutor_prompt,The preceding tutor turn is a question/prompt and the final turn is its response.,retain_as_trailing_student_outcome,true
HNMU-G8-R0080-STT9,grade8_9,shared/raw_data/HNMU-teacher_dialog_samples/Lớp 8.xlsx,80,8,Bài 6. Săp xếp và lọc dữ liệu,Đó là hộp thoại Sort. Nó cho phép em thêm nhiều tiêu chí (Levels). Vậy khi nào mình cần dùng đến cái bảng phức tạp này nhỉ?,Dạ khi em muốn sắp xếp theo nhiều cột cùng một lúc ạ!,13,11-20,true,false,false,false,false,answer_or_explanation_to_tutor_prompt,The preceding tutor turn is a question/prompt and the final turn is its response.,retain_as_trailing_student_outcome,true
HNMU-G8-R0085-STT14,grade8_9,shared/raw_data/HNMU-teacher_dialog_samples/Lớp 8.xlsx,85,8,Bài 6. Săp xếp và lọc dữ liệu,"Em chọn Between... rồi điền số 3 vào ô bên trên, số 4 vào ô bên dưới. Thử xem máy có lọc đúng ý em không?","Wow, hiện ra ngay 2 lớp thỏa mãn luôn thầy ạ. Cách này nhanh thật!",15,11-20,false,false,false,false,false,answer_or_explanation_to_tutor_prompt,The preceding tutor turn is a question/prompt and the final turn is its response.,retain_as_trailing_student_outcome,true
HNMU-G8-R0087-STT2,grade8_9,shared/raw_data/HNMU-teacher_dialog_samples/Lớp 8.xlsx,87,8,Bài 7. Trình bày dữ liệu bằng biểu đồ,"Giỏi quá! Ngoài ra còn loại có các đường nối các điểm (đường thẳng) và loại hình tròn chia thành các ""miếng bánh"" (hình quạt). Em kể tên nốt xem?",Dạ là biểu đồ đường thẳng và biểu đồ hình quạt tròn ạ!,13,11-20,true,false,false,false,false,answer_or_explanation_to_tutor_prompt,The preceding tutor turn is a question/prompt and the final turn is its response.,retain_as_trailing_student_outcome,true
HNMU-G8-R0088-STT3,grade8_9,shared/raw_data/HNMU-teacher_dialog_samples/Lớp 8.xlsx,88,8,Bài 7. Trình bày dữ liệu bằng biểu đồ,Đúng thế! Vậy chức năng chính của biểu đồ cột là giúp chúng ta làm gì giữa các nhóm dữ liệu?,Dạ là dùng để so sánh các dữ liệu với nhau ạ!,12,11-20,true,false,false,false,false,answer_or_explanation_to_tutor_prompt,The preceding tutor turn is a question/prompt and the final turn is its response.,retain_as_trailing_student_outcome,true
HNMU-G8-R0089-STT4,grade8_9,shared/raw_data/HNMU-teacher_dialog_samples/Lớp 8.xlsx,89,8,Bài 7. Trình bày dữ liệu bằng biểu đồ,Chính xác! Vậy biểu đồ hình quạt tròn dùng để thể hiện cái gì của từng phần so với tổng thể nhỉ?,Dạ là thể hiện tỉ lệ phần trăm ạ!,9,6-10,true,false,false,false,false,answer_or_explanation_to_tutor_prompt,The preceding tutor turn is a question/prompt and the final turn is its response.,retain_as_trailing_student_outcome,true
HNMU-G8-R0090-STT5,grade8_9,shared/raw_data/HNMU-teacher_dialog_samples/Lớp 8.xlsx,90,8,Bài 7. Trình bày dữ liệu bằng biểu đồ,"Thế còn ở Hình 7.2, em chỉ mất bao lâu để biết nội dung đó?","Dạ liếc mắt qua là thấy cột cao nhất ngay ạ. À, em hiểu rồi, biểu đồ giúp mình nhìn thấy sự khác biệt nhanh hơn bảng số nhiều!",29,>20,true,true,false,false,false,answer_or_explanation_to_tutor_prompt,The preceding tutor turn is a question/prompt and the final turn is its response.,retain_as_trailing_student_outcome,true
HNMU-G8-R0092-STT7,grade8_9,shared/raw_data/HNMU-teacher_dialog_samples/Lớp 8.xlsx,92,8,Bài 7. Trình bày dữ liệu bằng biểu đồ,Đúng rồi! Việc ghi con số chính xác (nhãn dữ liệu) lên đó sẽ giúp người xem điều gì?,Dạ giúp họ biết ngay giá trị chính xác mà không cần đoán mò ạ. Em hiểu rồi!,18,11-20,true,true,false,false,false,answer_or_explanation_to_tutor_prompt,The preceding tutor turn is a question/prompt and the final turn is its response.,retain_as_trailing_student_outcome,true
HNMU-G8-R0093-STT8,grade8_9,shared/raw_data/HNMU-teacher_dialog_samples/Lớp 8.xlsx,93,8,Bài 7. Trình bày dữ liệu bằng biểu đồ,"Chính xác! Còn các ô màu xanh, đỏ giải thích cho mình biết màu đó là của đối tượng nào thì gọi là gì nhỉ?",Dạ là chú giải ạ! Em phân biệt được rồi.,10,6-10,true,false,false,false,false,answer_or_explanation_to_tutor_prompt,The preceding tutor turn is a question/prompt and the final turn is its response.,retain_as_trailing_student_outcome,true
HNMU-G8-R0094-STT9,grade8_9,shared/raw_data/HNMU-teacher_dialog_samples/Lớp 8.xlsx,94,8,Bài 7. Trình bày dữ liệu bằng biểu đồ,"Vì biểu đồ và bảng dữ liệu luôn ""nắm tay nhau"". Khi bảng thay đổi thì biểu đồ cũng phải... ?",Dạ cũng phải thay đổi theo ạ! Tiện quá thầy ơi.,11,11-20,true,false,false,false,false,answer_or_explanation_to_tutor_prompt,The preceding tutor turn is a question/prompt and the final turn is its response.,retain_as_trailing_student_outcome,true
HNMU-G8-R0095-STT10,grade8_9,shared/raw_data/HNMU-teacher_dialog_samples/Lớp 8.xlsx,95,8,Bài 7. Trình bày dữ liệu bằng biểu đồ,"Để thể hiện sự ""hơn kém"" rõ rệt giữa các mục riêng biệt như vậy, loại biểu đồ nào là vô địch trong việc so sánh?",Dạ là biểu đồ cột ạ! Giờ em đã hiểu vì sao tác giả chọn nó rồi.,17,11-20,true,true,false,false,false,answer_or_explanation_to_tutor_prompt,The preceding tutor turn is a question/prompt and the final turn is its response.,retain_as_trailing_student_outcome,true
HNMU-G8-R0099-STT14,grade8_9,shared/raw_data/HNMU-teacher_dialog_samples/Lớp 8.xlsx,99,8,Bài 7. Trình bày dữ liệu bằng biểu đồ,"Chính xác! Vậy loại biểu đồ nào sinh ra là để làm nổi bật cái ""đường đi"" (xu hướng) đó nhỉ?",Dạ là biểu đồ đường thẳng ạ! Em sẽ chọn loại này để báo cáo.,15,11-20,true,false,false,true,false,action_commitment_or_completion,The turn reports completion or states an intended next action.,retain_as_trailing_student_outcome,true
HNMU-G8-R0158-STT3,grade8_9,shared/raw_data/HNMU-teacher_dialog_samples/Lớp 8.xlsx,158,8,[8b] Làm quen với phần mềm chỉnh sửa ảnh,Rất thông minh! Lát nữa thầy sẽ hướng dẫn em cách tạo ra đuôi .jpg nhé.,"Dạ vâng, em hiểu rồi ạ.",6,6-10,true,true,false,false,false,pure_acknowledgement_or_thanks,The normalized turn matches a narrow acknowledgement/thanks-only pattern.,retain_as_trailing_student_outcome,true
HNMU-G8-R0172-STT3,grade8_9,shared/raw_data/HNMU-teacher_dialog_samples/Lớp 8.xlsx,172,8,"[9b] Thay đổi khung hình, kích thước ảnh",Chính xác 100%! Đó là Rotate Tool. Em hãy dùng nó để xoay bức ảnh lại cho xuôi chiều nhé.,"Dạ vâng, em làm được rồi ạ!",7,6-10,true,false,false,false,false,answer_or_explanation_to_tutor_prompt,The preceding tutor turn is a question/prompt and the final turn is its response.,retain_as_trailing_student_outcome,true
HNMU-G8-R0173-STT4,grade8_9,shared/raw_data/HNMU-teacher_dialog_samples/Lớp 8.xlsx,173,8,"[9b] Thay đổi khung hình, kích thước ảnh","Chính xác! Vậy em hãy thay các từ dân dã của em bằng ""Sử dụng Crop, Scale và Rotate"" vào bài báo cáo nhé.","Dạ em hiểu rồi, em sửa luôn đây ạ.",9,6-10,true,true,false,false,false,answer_or_explanation_to_tutor_prompt,The preceding tutor turn is a question/prompt and the final turn is its response.,retain_as_trailing_student_outcome,true
HNMU-G8-R0174-STT5,grade8_9,shared/raw_data/HNMU-teacher_dialog_samples/Lớp 8.xlsx,174,8,"[9b] Thay đổi khung hình, kích thước ảnh","Tuyệt vời. Đầu tiên em ấn Ctrl+Z để lấy lại cái mặt bị cắt nhé, sau đó chọn Scale Tool.",Em ấn Scale thì nó nhỏ lại mà không mất mặt rồi thầy ơi.,14,11-20,false,false,false,false,false,reflection_or_other_closing,The turn is neither a narrow acknowledgement nor an explicit question/action.,retain_as_trailing_student_outcome,true
HNMU-G8-R0175-STT6,grade8_9,shared/raw_data/HNMU-teacher_dialog_samples/Lớp 8.xlsx,175,8,"[9b] Thay đổi khung hình, kích thước ảnh",Đúng rồi. Em thử vẽ lại khung và nhấn Enter nhé.,"Dạ em làm được rồi, viền ngoài đã bị cắt đi ạ.",12,11-20,true,false,false,false,false,answer_or_explanation_to_tutor_prompt,The preceding tutor turn is a question/prompt and the final turn is its response.,retain_as_trailing_student_outcome,true
HNMU-G8-R0176-STT7,grade8_9,shared/raw_data/HNMU-teacher_dialog_samples/Lớp 8.xlsx,176,8,"[9b] Thay đổi khung hình, kích thước ảnh","Rất thông minh! Vậy em hãy nhập số ở Height lớn hơn Width (ví dụ Height 1200, Width 700) rồi bấm Scale xem sao.",Ảnh đã chuyển thành dạng dọc rồi thầy ạ.,9,6-10,false,false,false,false,false,answer_or_explanation_to_tutor_prompt,The preceding tutor turn is a question/prompt and the final turn is its response.,retain_as_trailing_student_outcome,true
HNMU-G8-R0177-STT8,grade8_9,shared/raw_data/HNMU-teacher_dialog_samples/Lớp 8.xlsx,177,8,"[9b] Thay đổi khung hình, kích thước ảnh","Tuyệt vời! Tư duy của em rất chính xác. Em dùng Crop cắt thành hình vuông trước, sau đó mới dùng Scale để chỉnh cỡ nhé.","Dạ, em hiểu rồi, Crop trước Scale sau.",8,6-10,true,true,false,false,false,reflection_or_other_closing,The turn is neither a narrow acknowledgement nor an explicit question/action.,retain_as_trailing_student_outcome,true
HNMU-G8-R0179-STT10,grade8_9,shared/raw_data/HNMU-teacher_dialog_samples/Lớp 8.xlsx,179,8,"[9b] Thay đổi khung hình, kích thước ảnh",Cực kì chuẩn xác! Rotate và Crop luôn là đôi bạn thân đi kèm với nhau. Em Crop luôn đi nhé.,"Em làm xong rồi, ảnh vừa thẳng vừa vuông vắn ạ.",11,11-20,false,false,false,true,false,action_commitment_or_completion,The turn reports completion or states an intended next action.,retain_as_trailing_student_outcome,true
HNMU-G8-R0181-STT12,grade8_9,shared/raw_data/HNMU-teacher_dialog_samples/Lớp 8.xlsx,181,8,"[9b] Thay đổi khung hình, kích thước ảnh","Đúng rồi, em bấm Scale để phần mềm thực hiện. Sau đó Export ra .jpg là nộp thoải mái!","Cảm ơn thầy, em xuất file nộp thành công rồi ạ.",11,11-20,false,false,true,false,false,reflection_or_other_closing,The turn is neither a narrow acknowledgement nor an explicit question/action.,retain_as_trailing_student_outcome,true
HNMU-G8-R0183-STT14,grade8_9,shared/raw_data/HNMU-teacher_dialog_samples/Lớp 8.xlsx,183,8,"[9b] Thay đổi khung hình, kích thước ảnh",Đúng hoàn toàn! Quy trình chuẩn là Rotate -> Crop -> Scale. Em hãy thực hành trên bức ảnh của mình nhé.,"Dạ vâng, em hiểu rõ bản chất rồi ạ.",9,6-10,true,true,false,false,false,answer_or_explanation_to_tutor_prompt,The preceding tutor turn is a question/prompt and the final turn is its response.,retain_as_trailing_student_outcome,true
HNMU-G8-R0189-STT6,grade8_9,shared/raw_data/HNMU-teacher_dialog_samples/Lớp 8.xlsx,189,8,"[10b] Thêm văn bản, tạo hiệu ứng cho ảnh","Rất logic! ""Layer mới"" chính là tờ bìa màu đó em. Nó hoạt động hoàn toàn độc lập. Em tạo New Layer, đổ màu lên nó, rồi kéo Layer ảnh gốc nằm đè lên trên. Khi đó em muốn đổi viền màu gì cũng không sợ dính vào mặt mình nữa.","Logic quá thầy ơi, hoá ra lớp (layer) là để giữ an toàn cho ảnh gốc. Em làm lại ngay đây ạ.",22,>20,false,true,false,false,false,reflection_or_other_closing,The turn is neither a narrow acknowledgement nor an explicit question/action.,retain_as_trailing_student_outcome,true
HNMU-G8-R0190-STT7,grade8_9,shared/raw_data/HNMU-teacher_dialog_samples/Lớp 8.xlsx,190,8,"[10b] Thêm văn bản, tạo hiệu ứng cho ảnh","Đó chính là sự khác biệt cốt lõi. Blur làm mềm các đường nét, còn Sharpen làm đanh và sắc các đường nét. Giờ thì em phân biệt được rồi chứ?",Dạ em hiểu bản chất rồi ạ. Tuỳ mục đích mà mình chọn đúng công cụ.,16,11-20,true,true,false,false,false,answer_or_explanation_to_tutor_prompt,The preceding tutor turn is a question/prompt and the final turn is its response.,retain_as_trailing_student_outcome,true
HNMU-G8-R0197-STT14,grade8_9,shared/raw_data/HNMU-teacher_dialog_samples/Lớp 8.xlsx,197,8,"[10b] Thêm văn bản, tạo hiệu ứng cho ảnh",Sự tương phản giữa cái Mờ (của nền) và cái Nét (của chữ khối to) tạo ra sức hút thị giác cực mạnh. Em đã biết thêm một nguyên lí vàng trong thiết kế đồ hoạ rồi đấy.,"Quá tuyệt vời, bài này chắc chắn em sẽ được điểm cao. Cảm ơn thầy!",15,11-20,false,false,true,true,false,action_commitment_or_completion,The turn reports completion or states an intended next action.,retain_as_trailing_student_outcome,true
HNMU-G8-R0201-STT4,grade8_9,shared/raw_data/HNMU-teacher_dialog_samples/Lớp 8.xlsx,201,8,[11b] Thực hành tổng hợp,Bắt được nó rồi! Gradient chính là công cụ đổ màu chuyển sắc. Em nháy chọn nó đi.,Dạ em chọn được rồi ạ. Hoá ra nó trốn ở trong đó.,13,11-20,true,true,false,false,false,reflection_or_other_closing,The turn is neither a narrow acknowledgement nor an explicit question/action.,retain_as_trailing_student_outcome,true
HNMU-G8-R0211-STT14,grade8_9,shared/raw_data/HNMU-teacher_dialog_samples/Lớp 8.xlsx,211,8,[11b] Thực hành tổng hợp,"Em đã tự mình vẽ ra toàn bộ ""Bản thiết kế thi công"" (Blueprint) rồi đấy. Giờ thì cứ theo bản thiết kế đó mà làm thôi. Chúc em tạo ra một tác phẩm xuất sắc!","Dạ em hết ngợp rồi, em cảm ơn thầy. Em bắt tay vào làm ngay đây.",16,11-20,true,false,true,false,false,reflection_or_other_closing,The turn is neither a narrow acknowledgement nor an explicit question/action.,retain_as_trailing_student_outcome,true
HNMU-G8-R0214-STT3,grade8_9,shared/raw_data/HNMU-teacher_dialog_samples/Lớp 8.xlsx,214,8,Bài 12,"Đúng rồi! Trong Scratch, ta gọi chúng lần lượt là kiểu số, kiểu xâu kí tự và kiểu lôgic. Em hãy thử kể tên lại 3 loại này xem nào?","Kiểu số, xâu kí tự và lôgic ạ!",8,6-10,false,false,false,false,false,answer_or_explanation_to_tutor_prompt,The preceding tutor turn is a question/prompt and the final turn is its response.,retain_as_trailing_student_outcome,true
HNMU-G8-R0220-STT9,grade8_9,shared/raw_data/HNMU-teacher_dialog_samples/Lớp 8.xlsx,220,8,Bài 12,Đúng vậy! Vậy cuối cùng biến X chỉ còn giữ lại giá trị nào?,"Chỉ còn ""Hello"" thôi ạ. Em hiểu rồi!",8,6-10,false,true,false,false,false,answer_or_explanation_to_tutor_prompt,The preceding tutor turn is a question/prompt and the final turn is its response.,retain_as_trailing_student_outcome,true
HNMU-G8-R0223-STT12,grade8_9,shared/raw_data/HNMU-teacher_dialog_samples/Lớp 8.xlsx,223,8,Bài 12,"Giỏi lắm! Đừng quên khối lệnh ""Đặt bút"" nhé, nếu không nhân vật sẽ đi mà không để lại dấu vết gì đâu.","A, em quên mất, để em thêm khối đặt bút ở đầu ạ!",13,11-20,false,false,false,true,false,action_commitment_or_completion,The turn reports completion or states an intended next action.,retain_as_trailing_student_outcome,true
HNMU-G8-R0225-STT14,grade8_9,shared/raw_data/HNMU-teacher_dialog_samples/Lớp 8.xlsx,225,8,Bài 12,"Rất tốt! Đầu tiên em dùng lệnh Hỏi... để lấy r từ người dùng. Sau đó, em dùng khối lệnh toán học (màu xanh lá) để lắp ráp công thức r×r×3.14 và gán vào biến S nhé. Em thử xem!",Em đã ghép được các khối * lại với nhau rồi. Máy đã hiện kết quả chính xác rồi thầy ơi!,20,11-20,true,false,false,false,false,answer_or_explanation_to_tutor_prompt,The preceding tutor turn is a question/prompt and the final turn is its response.,retain_as_trailing_student_outcome,true
HNMU-G8-R0226-STT1,grade8_9,shared/raw_data/HNMU-teacher_dialog_samples/Lớp 8.xlsx,226,8,Bài 13: Biểu diễn dữ liệu,"Chính xác! Trong lập trình, người ta chia ra các ""kiểu"" để máy biết cách xử lý. Ngoài kiểu số và chữ (xâu kí tự), em có thấy kiểu nào chỉ có hai giá trị Đúng hoặc Sai không?",Dạ là kiểu lôgic ạ!,5,<=5,true,false,false,false,false,answer_or_explanation_to_tutor_prompt,The preceding tutor turn is a question/prompt and the final turn is its response.,retain_as_trailing_student_outcome,true
HNMU-G8-R0228-STT3,grade8_9,shared/raw_data/HNMU-teacher_dialog_samples/Lớp 8.xlsx,228,8,Bài 13: Biểu diễn dữ liệu,"Khối mod chính là để máy tính ""nhặt"" ra con số dư đó đấy. Vậy 10 mod 3 sẽ cho kết quả là bao nhiêu?","À, là 1 ạ! Em hiểu rồi.",7,6-10,false,true,false,false,false,answer_or_explanation_to_tutor_prompt,The preceding tutor turn is a question/prompt and the final turn is its response.,retain_as_trailing_student_outcome,true
HNMU-G8-R0230-STT5,grade8_9,shared/raw_data/HNMU-teacher_dialog_samples/Lớp 8.xlsx,230,8,Bài 13: Biểu diễn dữ liệu,"Máy tính cũng vậy! Nó cần biết ""kiểu"" để biết được những ""hành động"" (phép toán) nào là an toàn và đúng đắn. Nếu em lấy ""Tên"" nhân với ""Số"", máy sẽ bối rối ngay. Vậy mục đích chính là để làm gì nhỉ?",Để máy biết tập giá trị và các phép toán phù hợp với dữ liệu đó ạ!,17,11-20,false,false,false,false,false,answer_or_explanation_to_tutor_prompt,The preceding tutor turn is a question/prompt and the final turn is its response.,retain_as_trailing_student_outcome,true
HNMU-G8-R0231-STT6,grade8_9,shared/raw_data/HNMU-teacher_dialog_samples/Lớp 8.xlsx,231,8,Bài 13: Biểu diễn dữ liệu,"Đúng rồi! Scratch có khối lệnh làm tròn hoặc dùng phép toán kết hợp để chỉ lấy phần nguyên này. Em thử tìm xem khối lệnh nào giúp em ""bỏ rơi"" phần thập phân đi nào?",Dạ em thấy khối lệnh floor của... (lấy sàn). Vậy nó chính là phép chia lấy nguyên đúng không thầy?,20,11-20,true,false,false,false,true,student_followup_or_confirmation_question,The final student turn ends as a question and may signal unresolved follow-up.,review_before_using_trailing_outcome_strategy,true
HNMU-G8-R0233-STT8,grade8_9,shared/raw_data/HNMU-teacher_dialog_samples/Lớp 8.xlsx,233,8,Bài 13: Biểu diễn dữ liệu,"Vậy nó sẽ ""biến"" xâu đó thành số và thực hiện phép tính. Kết quả cuối cùng em đoán xem là bao nhiêu?","Dạ là 15 ạ! Hay quá, Scratch thật tiện lợi.",10,6-10,true,false,false,false,false,answer_or_explanation_to_tutor_prompt,The preceding tutor turn is a question/prompt and the final turn is its response.,retain_as_trailing_student_outcome,true
HNMU-G8-R0234-STT9,grade8_9,shared/raw_data/HNMU-teacher_dialog_samples/Lớp 8.xlsx,234,8,Bài 13: Biểu diễn dữ liệu,"Tốt! Bây giờ để nói ""KHÔNG phải như vậy"", em sẽ đặt cả khối đó vào trong khối lệnh nào em vừa học ở câu 4?",Dạ vào khối not ạ! Vậy là not ((x > 1) and (x < 10)). Em làm được rồi!,17,11-20,true,false,false,false,false,answer_or_explanation_to_tutor_prompt,The preceding tutor turn is a question/prompt and the final turn is its response.,retain_as_trailing_student_outcome,true
HNMU-G8-R0235-STT10,grade8_9,shared/raw_data/HNMU-teacher_dialog_samples/Lớp 8.xlsx,235,8,Bài 13: Biểu diễn dữ liệu,"Chính xác! Nếu muốn thay đổi thứ tự này, em sẽ dùng cái gì để ""bao"" lấy phần muốn tính trước?",Dạ dùng các khối lồng nhau giống như dấu ngoặc trong toán học ạ!,14,11-20,true,false,false,false,false,answer_or_explanation_to_tutor_prompt,The preceding tutor turn is a question/prompt and the final turn is its response.,retain_as_trailing_student_outcome,true
HNMU-G8-R0236-STT11,grade8_9,shared/raw_data/HNMU-teacher_dialog_samples/Lớp 8.xlsx,236,8,Bài 13: Biểu diễn dữ liệu,Vậy em hãy ghép khối mod với khối so sánh = để tạo thành biểu thức kiểm tra n chia 2 dư 0 xem.,"Em sẽ gõ (n mod 2) = 0. Wow, em thử với số 4 nó báo True, số 5 nó báo False rồi thầy ơi!",24,>20,false,false,false,true,false,action_commitment_or_completion,The turn reports completion or states an intended next action.,retain_as_trailing_student_outcome,true
HNMU-G8-R0238-STT13,grade8_9,shared/raw_data/HNMU-teacher_dialog_samples/Lớp 8.xlsx,238,8,Bài 13: Biểu diễn dữ liệu,Giỏi lắm! Sau đó em dùng cấu trúc điều khiển Nếu... thì để kiểm tra giá trị người dùng vừa gõ (biến trả lời). Điều kiện ở đây là gì nào?,"Dạ là trả lời > 0. Em lắp vào khối Nếu rồi, máy đã chạy đúng rồi thầy!",17,11-20,true,false,false,false,false,answer_or_explanation_to_tutor_prompt,The preceding tutor turn is a question/prompt and the final turn is its response.,retain_as_trailing_student_outcome,true
HNMU-G8-R0239-STT14,grade8_9,shared/raw_data/HNMU-teacher_dialog_samples/Lớp 8.xlsx,239,8,Bài 13: Biểu diễn dữ liệu,Em hãy dùng khối Nếu... thì mà mình vừa thực hành ở câu 13. Điều kiện lúc này sẽ liên quan đến biến nào em vừa tính?,"Dạ là biến ĐTB >= 5. Em làm được rồi, cảm ơn thầy AI rất nhiều!",15,11-20,true,false,true,false,false,answer_or_explanation_to_tutor_prompt,The preceding tutor turn is a question/prompt and the final turn is its response.,retain_as_trailing_student_outcome,true
HNMU-G8-R0242-STT3,grade8_9,shared/raw_data/HNMU-teacher_dialog_samples/Lớp 8.xlsx,242,8,Bài 14: Cấu trúc điều khiển,"Đúng rồi, đó gọi là ""điều kiện"". Vậy ngoài điều kiện, máy tính cần biết làm ""hành động"" gì lặp đi lặp lại?","Dạ là hành động ""di chuyển"" ạ. Vậy là gồm điều kiện và hành động đúng không thầy?",18,11-20,true,false,false,false,true,student_followup_or_confirmation_question,The final student turn ends as a question and may signal unresolved follow-up.,review_before_using_trailing_outcome_strategy,true
HNMU-G8-R0246-STT7,grade8_9,shared/raw_data/HNMU-teacher_dialog_samples/Lớp 8.xlsx,246,8,Bài 14: Cấu trúc điều khiển,"Đúng rồi! Vậy nếu máy tính đã kiểm tra ""lớn hơn"" thấy sai, ""nhỏ hơn"" cũng thấy sai, thì mình có cần hỏi thêm câu ""có bằng không"" nữa không?","À, không cần ạ, vì chắc chắn nó bằng rồi. Em hiểu rồi!",13,11-20,false,true,false,false,false,answer_or_explanation_to_tutor_prompt,The preceding tutor turn is a question/prompt and the final turn is its response.,retain_as_trailing_student_outcome,true
HNMU-G8-R0248-STT9,grade8_9,shared/raw_data/HNMU-teacher_dialog_samples/Lớp 8.xlsx,248,8,Bài 14: Cấu trúc điều khiển,"Chính xác! Vậy trong Scratch, vòng lặp sẽ dừng lại ngay khi cái điều kiện bên trong nó trở thành ""Đúng"" hay ""Sai""?","Dạ là trở thành ""Đúng"" (thỏa mãn) ạ. Em đã nắm được quy luật rồi!",15,11-20,true,true,false,false,false,answer_or_explanation_to_tutor_prompt,The preceding tutor turn is a question/prompt and the final turn is its response.,retain_as_trailing_student_outcome,true
HNMU-G8-R0250-STT11,grade8_9,shared/raw_data/HNMU-teacher_dialog_samples/Lớp 8.xlsx,250,8,Bài 14: Cấu trúc điều khiển,"Tuyệt vời! Từ hình thoi đó tỏa ra 2 nhánh: Đúng và Sai. Nếu a>b là Đúng, em sẽ thông báo số nào lớn hơn?",Dạ em xuất số a ạ. Còn nếu Sai thì xuất b. Em vẽ xong rồi thầy ơi!.,18,11-20,true,false,false,false,false,answer_or_explanation_to_tutor_prompt,The preceding tutor turn is a question/prompt and the final turn is its response.,retain_as_trailing_student_outcome,true
HNMU-G8-R0252-STT13,grade8_9,shared/raw_data/HNMU-teacher_dialog_samples/Lớp 8.xlsx,252,8,Bài 14: Cấu trúc điều khiển,Đúng rồi! Vậy đoạn lệnh (b) xoay 120 độ và lặp 3 lần sẽ vẽ ra hình gì? (Gợi ý: 360/120=3),Dạ là hình tam giác (ba cạnh) ạ! Em đã biết cách khớp kết quả rồi.,16,11-20,true,false,false,false,false,answer_or_explanation_to_tutor_prompt,The preceding tutor turn is a question/prompt and the final turn is its response.,retain_as_trailing_student_outcome,true
HNMU-G8-R0253-STT14,grade8_9,shared/raw_data/HNMU-teacher_dialog_samples/Lớp 8.xlsx,253,8,Bài 14: Cấu trúc điều khiển,"Rất thông minh! Đó gọi là cấu trúc rẽ nhánh lồng nhau. Em hãy thử lắp ráp logic: Nếu trả lời < số bí mật thì nói ""Quá thấp"", nếu không thì nói ""Quá cao"" xem sao nhé!","Wow, máy tính đã ""giao tiếp"" với em rồi. Em cảm ơn thầy!.",13,11-20,false,false,true,false,false,answer_or_explanation_to_tutor_prompt,The preceding tutor turn is a question/prompt and the final turn is its response.,retain_as_trailing_student_outcome,true
HNMU-G8-R0258-STT5,grade8_9,shared/raw_data/HNMU-teacher_dialog_samples/Lớp 8.xlsx,258,8,Bài 15: Gỡ lỗi,"Chính xác! Việc thiết kế các ""mảnh ghép"" này giúp em tránh được điều gì so với việc phải tự gõ từng chữ cái?","Giúp em không bị viết sai quy tắc, tức là ít lỗi cú pháp hơn ạ!",16,11-20,false,false,false,false,false,answer_or_explanation_to_tutor_prompt,The preceding tutor turn is a question/prompt and the final turn is its response.,retain_as_trailing_student_outcome,true
HNMU-G8-R0259-STT6,grade8_9,shared/raw_data/HNMU-teacher_dialog_samples/Lớp 8.xlsx,259,8,Bài 15: Gỡ lỗi,"Đúng vậy! Thử với nhiều số khác nhau (test case) giúp em phát hiện xem chương trình có ""sập"" ở trường hợp đặc biệt nào không. Vậy lợi ích ở đây là gì?",Là để tìm ra các lỗi còn giấu kỹ ạ. Em hiểu rồi!,13,11-20,false,true,false,false,false,answer_or_explanation_to_tutor_prompt,The preceding tutor turn is a question/prompt and the final turn is its response.,retain_as_trailing_student_outcome,true
HNMU-G8-R0260-STT7,grade8_9,shared/raw_data/HNMU-teacher_dialog_samples/Lớp 8.xlsx,260,8,Bài 15: Gỡ lỗi,"Đúng! Đó là bước ""Tìm vị trí"". Sau khi sửa xong, em có nên chạy lại lần nữa không?","Dạ có, để chắc chắn nó đã đúng. Vậy quy trình là: Biết lỗi -> Tìm chỗ sai -> Sửa và thử lại ạ!",22,>20,true,false,false,false,false,answer_or_explanation_to_tutor_prompt,The preceding tutor turn is a question/prompt and the final turn is its response.,retain_as_trailing_student_outcome,true
HNMU-G8-R0264-STT11,grade8_9,shared/raw_data/HNMU-teacher_dialog_samples/Lớp 8.xlsx,264,8,Bài 15: Gỡ lỗi,"Tốt lắm! Cuối cùng gặp số 6, 9 có lớn hơn 6 không?","Dạ có, vậy kết quả cuối là 9. Em đã chạy thử thành công rồi!",15,11-20,true,false,false,false,false,answer_or_explanation_to_tutor_prompt,The preceding tutor turn is a question/prompt and the final turn is its response.,retain_as_trailing_student_outcome,true
HNMU-G8-R0265-STT12,grade8_9,shared/raw_data/HNMU-teacher_dialog_samples/Lớp 8.xlsx,265,8,Bài 15: Gỡ lỗi,Rất chính xác! Vậy việc thử số âm giúp em phát hiện ra sai lầm khi đặt giá trị bắt đầu. Em nên sửa thế nào để đúng cho mọi dãy số?,Em nên đặt Max bằng chính số đầu tiên của dãy ạ!,12,11-20,false,false,false,false,false,answer_or_explanation_to_tutor_prompt,The preceding tutor turn is a question/prompt and the final turn is its response.,retain_as_trailing_student_outcome,true
HNMU-G8-R0266-STT13,grade8_9,shared/raw_data/HNMU-teacher_dialog_samples/Lớp 8.xlsx,266,8,Bài 15: Gỡ lỗi,Quá chuẩn! Em hãy lồng nó vào trước khi thực hiện bước so sánh Max nhé. Em thử kéo khối lệnh xem nào.,"Dạ, máy đã bỏ qua chữ và chỉ lấy số lớn nhất rồi thầy ơi!",15,11-20,true,false,false,false,false,answer_or_explanation_to_tutor_prompt,The preceding tutor turn is a question/prompt and the final turn is its response.,retain_as_trailing_student_outcome,true
HNMU-G8-R0269-STT2,grade8_9,shared/raw_data/HNMU-teacher_dialog_samples/Lớp 8.xlsx,269,8,Bài 16,"Chính xác! Những người viết ra các dòng lệnh đó để tạo thành một ""chương trình"" hoạt động được, ta gọi sản phẩm của họ là gì?",Dạ là các phần mềm và ứng dụng máy tính ạ!,11,11-20,true,false,false,false,false,answer_or_explanation_to_tutor_prompt,The preceding tutor turn is a question/prompt and the final turn is its response.,retain_as_trailing_student_outcome,true
HNMU-G8-R0271-STT4,grade8_9,shared/raw_data/HNMU-teacher_dialog_samples/Lớp 8.xlsx,271,8,Bài 16,Rất chuẩn! Vậy đáp án đúng ở đây là gì nào?,Dạ là B ạ!,4,<=5,true,false,false,false,false,answer_or_explanation_to_tutor_prompt,The preceding tutor turn is a question/prompt and the final turn is its response.,retain_as_trailing_student_outcome,true
HNMU-G8-R0273-STT6,grade8_9,shared/raw_data/HNMU-teacher_dialog_samples/Lớp 8.xlsx,273,8,Bài 16,Rất giỏi! Vậy những nghề như thiết kế đồ họa hay dùng phần mềm kế toán thì thuộc nhóm nào?,Dạ là Tin học ứng dụng ạ. Em phân biệt được rồi!,12,11-20,true,false,false,false,false,answer_or_explanation_to_tutor_prompt,The preceding tutor turn is a question/prompt and the final turn is its response.,retain_as_trailing_student_outcome,true
HNMU-G8-R0276-STT9,grade8_9,shared/raw_data/HNMU-teacher_dialog_samples/Lớp 8.xlsx,276,8,Bài 16,"Đúng rồi! Mỗi nghề đều có một ""nhiệm vụ"" riêng. Em thấy mình hợp với cái nào hơn?",Em nghĩ em hợp với Thiết kế đồ họa hơn rồi ạ!,12,11-20,false,false,false,false,false,answer_or_explanation_to_tutor_prompt,The preceding tutor turn is a question/prompt and the final turn is its response.,retain_as_trailing_student_outcome,true
HNMU-G8-R0277-STT10,grade8_9,shared/raw_data/HNMU-teacher_dialog_samples/Lớp 8.xlsx,277,8,Bài 16,"Đúng vậy. Nếu người lập trình không học cái mới, họ sẽ bị lạc hậu. Vậy tốc độ thay đổi của công nghệ là ""nhanh"" hay ""chậm"" nhỉ?",Dạ rất nhanh ạ. Vậy nên mình phải học liên tục để không bị bỏ lại phía sau!,18,11-20,true,false,false,false,false,answer_or_explanation_to_tutor_prompt,The preceding tutor turn is a question/prompt and the final turn is its response.,retain_as_trailing_student_outcome,true
HNMU-G8-R0281-STT14,grade8_9,shared/raw_data/HNMU-teacher_dialog_samples/Lớp 8.xlsx,281,8,Bài 16,"Tốt! Ở mỗi nhánh đó, em hãy ghi thêm 1-2 ví dụ nghề cụ thể. Cuối cùng, hãy thêm một nhánh về ""Con người"" - cần những tính cách gì?","Em sẽ ghi là: Cần cẩn thận và ham học hỏi ạ. Em vẽ xong rồi, nhìn rất dễ hiểu thầy ơi!",22,>20,false,true,false,true,false,action_commitment_or_completion,The turn reports completion or states an intended next action.,retain_as_trailing_student_outcome,true
HNMU-G9-R0002-STT1,grade8_9,shared/raw_data/HNMU-teacher_dialog_samples/Lớp 9.xlsx,2,9,Bài 1: Thế giới kĩ thuật số,"Đúng rồi! Chính vì chúng có ""bộ não"" nhỏ xíu bên trong để điều khiển đấy. Em thử tìm trong SGK trang 5 xem người ta liệt kê những thiết bị nào có gắn bộ xử lý nữa nhé?","À, em thấy rồi: cả camera, ô tô, và bảng điện tử nữa ạ!",14,11-20,false,false,false,false,false,answer_or_explanation_to_tutor_prompt,The preceding tutor turn is a question/prompt and the final turn is its response.,retain_as_trailing_student_outcome,true
HNMU-G9-R0010-STT9,grade8_9,shared/raw_data/HNMU-teacher_dialog_samples/Lớp 9.xlsx,10,9,Bài 1: Thế giới kĩ thuật số,"Đúng rồi! Khoảng cách địa lý (không gian) không còn là rào cản nữa. Vậy còn việc học thì sao, em có nhất thiết phải chờ đến giờ lên lớp không?",Dạ em có thể xem bài giảng bất cứ lúc nào trên mạng ạ. Em hiểu ý nghĩa của nó rồi!,21,>20,true,true,false,false,false,answer_or_explanation_to_tutor_prompt,The preceding tutor turn is a question/prompt and the final turn is its response.,retain_as_trailing_student_outcome,true
HNMU-G9-R0012-STT11,grade8_9,shared/raw_data/HNMU-teacher_dialog_samples/Lớp 9.xlsx,12,9,Bài 1: Thế giới kĩ thuật số,"Đúng rồi! Ngay cả việc rút tiền ngân hàng hay đi siêu thị cũng sẽ bế tắc. Em hãy thử viết một đoạn ngắn mô tả ""Một ngày hỗn loạn không có bộ xử lý"" xem sao nhé?","Dạ, em sẽ viết về việc mọi thứ quay lại thời kì dùng giấy bút và đi bộ ạ!",19,11-20,true,false,false,true,false,action_commitment_or_completion,The turn reports completion or states an intended next action.,retain_as_trailing_student_outcome,true
HNMU-G9-R0026-STT11,grade8_9,shared/raw_data/HNMU-teacher_dialog_samples/Lớp 9.xlsx,26,9,Bài 2: Thông tin trong giải quyết vấn đề,"Đúng rồi! Khi thông tin không còn ""tính mới"" và không giúp đạt được mục tiêu, ta gọi là thiếu tính gì?",Dạ là tính sử dụng được ạ. Thật đáng tiếc cho bạn An!,13,11-20,true,false,false,false,false,answer_or_explanation_to_tutor_prompt,The preceding tutor turn is a question/prompt and the final turn is its response.,retain_as_trailing_student_outcome,true
HNMU-G9-R0027-STT12,grade8_9,shared/raw_data/HNMU-teacher_dialog_samples/Lớp 9.xlsx,27,9,Bài 2: Thông tin trong giải quyết vấn đề,"Tốt! Bây giờ em hãy nhặt ra các thông tin: Địa chỉ, Điểm chuẩn năm ngoái và Chỉ tiêu năm nay nhé. Em làm được chứ?","Dạ được ạ, em đã ghi chép lại đầy đủ rồi thầy ơi!",13,11-20,true,false,false,false,false,answer_or_explanation_to_tutor_prompt,The preceding tutor turn is a question/prompt and the final turn is its response.,retain_as_trailing_student_outcome,true
HNMU-G9-R0028-STT13,grade8_9,shared/raw_data/HNMU-teacher_dialog_samples/Lớp 9.xlsx,28,9,Bài 2: Thông tin trong giải quyết vấn đề,"Tuyệt vời! Vậy em hãy xếp 3 trường đó theo thứ tự ưu tiên 1, 2, 3 dựa trên sở thích cá nhân nhé.",Em xếp xong rồi ạ. Nhìn bản danh sách này em thấy tự tin hơn hẳn!,16,11-20,false,false,false,false,false,answer_or_explanation_to_tutor_prompt,The preceding tutor turn is a question/prompt and the final turn is its response.,retain_as_trailing_student_outcome,true
HNMU-G9-R0029-STT14,grade8_9,shared/raw_data/HNMU-teacher_dialog_samples/Lớp 9.xlsx,29,9,Bài 2: Thông tin trong giải quyết vấn đề,"Rất sáng tạo! Hãy bắt tay vào làm và nhớ kiểm tra kỹ ""tính chính xác"" của số liệu trước khi trình chiếu nhé!","Dạ em rõ rồi, cảm ơn thầy AI đã đồng hành cùng em suốt bài học này!",17,11-20,true,true,true,false,false,answer_or_explanation_to_tutor_prompt,The preceding tutor turn is a question/prompt and the final turn is its response.,retain_as_trailing_student_outcome,true
HNMU-G9-R0031-STT2,grade8_9,shared/raw_data/HNMU-teacher_dialog_samples/Lớp 9.xlsx,31,9,Bài 3: Thực hành: Đánh giá chất lượng thông tin,"Đúng vậy! Vậy thông tin được gọi là có ""tính mới"" khi nó được cập nhật ra sao so với lúc em cần?",Dạ là được cập nhật gần nhất ạ!,8,6-10,true,false,false,false,false,answer_or_explanation_to_tutor_prompt,The preceding tutor turn is a question/prompt and the final turn is its response.,retain_as_trailing_student_outcome,true
HNMU-G9-R0033-STT4,grade8_9,shared/raw_data/HNMU-teacher_dialog_samples/Lớp 9.xlsx,33,9,Bài 3: Thực hành: Đánh giá chất lượng thông tin,"Đúng rồi! Vậy mình có nên ""chốt"" ngay kết quả đầu tiên không?","Dạ không, phải kiểm tra kỹ nguồn gốc ạ!",9,6-10,true,false,false,false,false,answer_or_explanation_to_tutor_prompt,The preceding tutor turn is a question/prompt and the final turn is its response.,retain_as_trailing_student_outcome,true
HNMU-G9-R0034-STT5,grade8_9,shared/raw_data/HNMU-teacher_dialog_samples/Lớp 9.xlsx,34,9,Bài 3: Thực hành: Đánh giá chất lượng thông tin,"Việc giải quyết vấn đề cũng vậy. Nếu thông tin (bản đồ) kém chất lượng, quyết định của em sẽ thế nào?",Dạ sẽ bị sai lầm và không hiệu quả ạ. Em hiểu tầm quan trọng của nó rồi!,18,11-20,true,true,false,false,false,answer_or_explanation_to_tutor_prompt,The preceding tutor turn is a question/prompt and the final turn is its response.,retain_as_trailing_student_outcome,true
HNMU-G9-R0036-STT7,grade8_9,shared/raw_data/HNMU-teacher_dialog_samples/Lớp 9.xlsx,36,9,Bài 3: Thực hành: Đánh giá chất lượng thông tin,"Đúng rồi! So với một trang cá nhân bất kỳ, nguồn nào sẽ cho em thông tin ít sai sót hơn?",Dạ là các trang của tổ chức uy tín ạ. Em sẽ để ý đuôi tên miền hơn!,18,11-20,true,false,false,true,false,action_commitment_or_completion,The turn reports completion or states an intended next action.,retain_as_trailing_student_outcome,true
HNMU-G9-R0041-STT12,grade8_9,shared/raw_data/HNMU-teacher_dialog_samples/Lớp 9.xlsx,41,9,Bài 3: Thực hành: Đánh giá chất lượng thông tin,"Đúng rồi! Đừng quên ghi thêm khoảng cách từ nhà em đến trường để đảm bảo tính ""sử dụng được"" nhé.","Dạ, em đã bổ sung đầy đủ rồi thầy ơi!",10,6-10,true,false,false,false,false,reflection_or_other_closing,The turn is neither a narrow acknowledgement nor an explicit question/action.,retain_as_trailing_student_outcome,true
HNMU-G9-R0042-STT13,grade8_9,shared/raw_data/HNMU-teacher_dialog_samples/Lớp 9.xlsx,42,9,Bài 3: Thực hành: Đánh giá chất lượng thông tin,"Chính xác! Việc kết hợp giữa ""Dữ liệu chính xác"" và ""Năng lực bản thân"" sẽ giúp em có quyết định thông minh nhất. Em đã tự tin với lựa chọn của mình chưa?","Dạ rồi, em sẽ ưu tiên trường B ạ!",9,6-10,true,false,false,true,false,action_commitment_or_completion,The turn reports completion or states an intended next action.,retain_as_trailing_student_outcome,true
HNMU-G9-R0047-STT4,grade8_9,shared/raw_data/HNMU-teacher_dialog_samples/Lớp 9.xlsx,47,9,Bài 4: Một số vấn đề pháp lý về sử dụng dịch vụ Internet,"Đó chính là ""dấu hiệu đỏ"" đấy! Một món quà miễn phí kèm theo yêu cầu thông tin bí mật thì thường là gì em nhỉ?",Chắc chắn là lừa đảo rồi ạ! Em sẽ không làm theo.,12,11-20,false,false,false,true,false,action_commitment_or_completion,The turn reports completion or states an intended next action.,retain_as_trailing_student_outcome,true
HNMU-G9-R0053-STT10,grade8_9,shared/raw_data/HNMU-teacher_dialog_samples/Lớp 9.xlsx,53,9,Bài 4: Một số vấn đề pháp lý về sử dụng dịch vụ Internet,"Một trang web ""vô danh"" nhưng hứa hẹn lợi ích quá lớn thường là dấu hiệu của việc gì?",Dạ là lừa đảo ạ. Em sẽ cảnh giác hơn với những trang web như vậy.,16,11-20,true,false,false,true,false,action_commitment_or_completion,The turn reports completion or states an intended next action.,retain_as_trailing_student_outcome,true
HNMU-G9-R0055-STT12,grade8_9,shared/raw_data/HNMU-teacher_dialog_samples/Lớp 9.xlsx,55,9,Bài 4: Một số vấn đề pháp lý về sử dụng dịch vụ Internet,Tốt! Còn về mật khẩu và mã OTP thì sao?,"Dạ là ""Không cung cấp mã OTP cho người lạ"". Em sẽ viết tiếp về bản quyền và ứng xử ạ!",21,>20,true,false,false,true,false,action_commitment_or_completion,The turn reports completion or states an intended next action.,retain_as_trailing_student_outcome,true
HNMU-G9-R0056-STT13,grade8_9,shared/raw_data/HNMU-teacher_dialog_samples/Lớp 9.xlsx,56,9,Bài 4: Một số vấn đề pháp lý về sử dụng dịch vụ Internet,"Đúng rồi! Vừa vi phạm luật, vừa hỏng máy. Vậy lựa chọn thông minh của em là gì?",Em sẽ từ chối và tìm phần mềm miễn phí thay thế ạ!,13,11-20,false,false,false,true,false,action_commitment_or_completion,The turn reports completion or states an intended next action.,retain_as_trailing_student_outcome,true
HNMU-G9-R0058-STT1,grade8_9,shared/raw_data/HNMU-teacher_dialog_samples/Lớp 9.xlsx,58,9,Bài 5: Tìm hiểu phần mềm mô phỏng,Rất tốt! Vậy những phần mềm giúp chúng ta quan sát và thực hành các việc giống như thật trên máy tính gọi là gì nhỉ?,Dạ là phần mềm mô phỏng ạ!,7,6-10,true,false,false,false,false,answer_or_explanation_to_tutor_prompt,The preceding tutor turn is a question/prompt and the final turn is its response.,retain_as_trailing_student_outcome,true
HNMU-G9-R0063-STT6,grade8_9,shared/raw_data/HNMU-teacher_dialog_samples/Lớp 9.xlsx,63,9,Bài 5: Tìm hiểu phần mềm mô phỏng,"Đúng rồi! Còn phần mềm mô phỏng cho phép em điều chỉnh ""nút bấm"" để kết quả thay đổi theo ý mình. Hành động đó gọi là gì nhỉ?","Dạ là ""tương tác"" ạ!",5,<=5,true,false,false,false,false,answer_or_explanation_to_tutor_prompt,The preceding tutor turn is a question/prompt and the final turn is its response.,retain_as_trailing_student_outcome,true
HNMU-G9-R0067-STT10,grade8_9,shared/raw_data/HNMU-teacher_dialog_samples/Lớp 9.xlsx,67,9,Bài 5: Tìm hiểu phần mềm mô phỏng,Đúng rồi! Vậy điểm khác biệt là phần mềm cho phép em làm gì với quá trình đó nhỉ?,"Dạ cho phép em ""can thiệp"" và ""điều khiển"" ạ!",10,6-10,true,false,false,false,false,answer_or_explanation_to_tutor_prompt,The preceding tutor turn is a question/prompt and the final turn is its response.,retain_as_trailing_student_outcome,true
HNMU-G9-R0076-STT5,grade8_9,shared/raw_data/HNMU-teacher_dialog_samples/Lớp 9.xlsx,76,9,Bài 6: Thực hành: Khai thác phần mềm mô phỏng,"Đúng vậy! Màu mới thì cần một ""cái tên"" (mã số) mới. Vậy việc nhảy số đó chứng tỏ điều gì về kết quả mô phỏng?",Chứng tỏ phần mềm đang cập nhật kết quả mới ngay lập tức theo thao tác của em ạ!,19,11-20,false,false,false,false,false,answer_or_explanation_to_tutor_prompt,The preceding tutor turn is a question/prompt and the final turn is its response.,retain_as_trailing_student_outcome,true
HNMU-G9-R0078-STT7,grade8_9,shared/raw_data/HNMU-teacher_dialog_samples/Lớp 9.xlsx,78,9,Bài 6: Thực hành: Khai thác phần mềm mô phỏng,"Đúng rồi! Và trên máy em có thể ""Undo"" (quay lại) nếu không ưng ý, còn sơn thật đã trộn vào rồi thì có tách ra được không?",Dạ không ạ. Em thấy mô phỏng giúp mình tiết kiệm và tự tin hơn khi làm thật!,18,11-20,true,false,false,false,false,answer_or_explanation_to_tutor_prompt,The preceding tutor turn is a question/prompt and the final turn is its response.,retain_as_trailing_student_outcome,true
HNMU-G9-R0081-STT10,grade8_9,shared/raw_data/HNMU-teacher_dialog_samples/Lớp 9.xlsx,81,9,Bài 6: Thực hành: Khai thác phần mềm mô phỏng,Tuyệt vời! Vậy chức năng này giúp em giải quyết vấn đề gì khi thực hiện nhiều thí nghiệm liên tiếp?,"Giúp em không bị mất kết quả và có thể ""nhặt"" lại màu cũ bất cứ lúc nào ạ!",19,11-20,false,false,false,false,false,answer_or_explanation_to_tutor_prompt,The preceding tutor turn is a question/prompt and the final turn is its response.,retain_as_trailing_student_outcome,true
HNMU-G9-R0082-STT11,grade8_9,shared/raw_data/HNMU-teacher_dialog_samples/Lớp 9.xlsx,82,9,Bài 6: Thực hành: Khai thác phần mềm mô phỏng,"Đúng rồi! Vậy em hãy bắt đầu với màu Vàng, sau đó nhấn dấu (+) vào màu Xanh lam thật chậm rãi từng chút một cho đến khi ưng ý nhé. Em làm được chứ?",(Thực hiện) Em làm được rồi ạ! Tỉ lệ là 3 Vàng 1 Xanh lam thầy ơi!,17,11-20,false,false,false,false,false,answer_or_explanation_to_tutor_prompt,The preceding tutor turn is a question/prompt and the final turn is its response.,retain_as_trailing_student_outcome,true
HNMU-G9-R0085-STT14,grade8_9,shared/raw_data/HNMU-teacher_dialog_samples/Lớp 9.xlsx,85,9,Bài 6: Thực hành: Khai thác phần mềm mô phỏng,Đúng rồi! Sau đó em đính kèm tệp Word đó vào email gửi cô nhé. Đừng quên ghi rõ tên và lớp ở tiêu đề thư. Em đã sẵn sàng nộp bài chưa?,"Dạ rồi ạ, em cảm ơn thầy AI đã hướng dẫn em hoàn thành bài thực hành này!",18,11-20,true,false,true,true,false,action_commitment_or_completion,The turn reports completion or states an intended next action.,retain_as_trailing_student_outcome,true
HNMU-G9-R0097-STT12,grade8_9,shared/raw_data/HNMU-teacher_dialog_samples/Lớp 9.xlsx,97,9,Bài 7: Trình bày thông tin trong trao đổi hợp tác,"Em hãy nhập địa chỉ email của bạn vào đó và chọn quyền ""Người xem"" (Viewer) nhé. Em đã gửi được chưa?",Dạ bạn em đã nhận được và đang xem rồi thầy ơi! Em cảm ơn thầy!,16,11-20,true,false,true,false,false,answer_or_explanation_to_tutor_prompt,The preceding tutor turn is a question/prompt and the final turn is its response.,retain_as_trailing_student_outcome,true
HNMU-G9-R0098-STT13,grade8_9,shared/raw_data/HNMU-teacher_dialog_samples/Lớp 9.xlsx,98,9,Bài 7: Trình bày thông tin trong trao đổi hợp tác,Tuyệt vời! Bây giờ em thử nhấp vào biểu tượng đó xem video có hiện ra không nào?,"Wow, video đã chạy ngay trên sơ đồ luôn rồi thầy ạ!",12,11-20,false,false,false,false,false,answer_or_explanation_to_tutor_prompt,The preceding tutor turn is a question/prompt and the final turn is its response.,retain_as_trailing_student_outcome,true
HNMU-G9-R0104-STT5,grade8_9,shared/raw_data/HNMU-teacher_dialog_samples/Lớp 9.xlsx,104,9,Bài 8: Sử dụng công cụ trực quan trình bày thông tin trong trao đổi và hợp tác,Đúng vậy! Việc chuẩn bị dữ liệu vào một thư mục trước giúp em làm gì cho quá trình thực hành?,Giúp em làm liên tục và không bị mất tập trung ạ. Em hiểu rồi!,15,11-20,false,true,false,false,false,answer_or_explanation_to_tutor_prompt,The preceding tutor turn is a question/prompt and the final turn is its response.,retain_as_trailing_student_outcome,true
HNMU-G9-R0110-STT11,grade8_9,shared/raw_data/HNMU-teacher_dialog_samples/Lớp 9.xlsx,110,9,Bài 8: Sử dụng công cụ trực quan trình bày thông tin trong trao đổi và hợp tác,Rất tốt! Bây giờ em hãy điền chi tiết vào mỗi nhánh nhé. Ví dụ nhánh Nhóm thì ghi tên em và các bạn vào. Thử xem nào!,"Em làm xong rồi, nhìn rất rõ ràng thầy ạ!",10,6-10,false,false,false,true,false,action_commitment_or_completion,The turn reports completion or states an intended next action.,retain_as_trailing_student_outcome,true
HNMU-G9-R0129-STT2,grade8_9,shared/raw_data/HNMU-teacher_dialog_samples/Lớp 9.xlsx,129,9,10a. Sử dụng hàm Countif,"Đúng rồi! Vậy hãy thử viết lại cú pháp đầy đủ sau dấu ""="" nhé.","Dạ là =COUNTIF(range, criteria) đúng không thầy?",8,6-10,true,false,false,false,true,student_followup_or_confirmation_question,The final student turn ends as a question and may signal unresolved follow-up.,review_before_using_trailing_outcome_strategy,true
HNMU-G9-R0132-STT5,grade8_9,shared/raw_data/HNMU-teacher_dialog_samples/Lớp 9.xlsx,132,9,10a. Sử dụng hàm Countif,"Đúng thế! Vậy hàm COUNTIF giúp em giải quyết vấn đề gì về ""thời gian"" và ""độ chính xác"" khi dữ liệu thay đổi nhỉ?","Dạ nó giúp đếm nhanh, chính xác và tự cập nhật kết quả khi em sửa số liệu ạ!",19,11-20,true,false,false,false,false,answer_or_explanation_to_tutor_prompt,The preceding tutor turn is a question/prompt and the final turn is its response.,retain_as_trailing_student_outcome,true
HNMU-G9-R0133-STT6,grade8_9,shared/raw_data/HNMU-teacher_dialog_samples/Lớp 9.xlsx,133,9,10a. Sử dụng hàm Countif,"Quá chuẩn luôn! Vậy trong bảng tính, cột chứa dữ liệu là gì và giá trị mình cần tìm là gì?","Dạ cột là Range, giá trị cần tìm là Criteria ạ!",11,11-20,true,false,false,false,false,answer_or_explanation_to_tutor_prompt,The preceding tutor turn is a question/prompt and the final turn is its response.,retain_as_trailing_student_outcome,true
HNMU-G9-R0136-STT9,grade8_9,shared/raw_data/HNMU-teacher_dialog_samples/Lớp 9.xlsx,136,9,10a. Sử dụng hàm Countif,"Trong Excel cũng vậy, nếu range không bao quát hết dữ liệu, kết quả đếm sẽ thế nào nhỉ?",Dạ kết quả sẽ bị sai lệch và không phản ánh đúng thực tế ạ.,15,11-20,true,false,false,false,false,answer_or_explanation_to_tutor_prompt,The preceding tutor turn is a question/prompt and the final turn is its response.,retain_as_trailing_student_outcome,true
HNMU-G9-R0138-STT11,grade8_9,shared/raw_data/HNMU-teacher_dialog_samples/Lớp 9.xlsx,138,9,10a. Sử dụng hàm Countif,"Rất tốt! Hãy nhớ quy tắc về dấu ngoặc kép cho văn bản và lắp chúng vào cú pháp =COUNTIF(..., ...) xem nào.","Dạ, em gõ =COUNTIF(B4:B13, ""Trường A"") ạ!",9,6-10,true,false,false,false,false,answer_or_explanation_to_tutor_prompt,The preceding tutor turn is a question/prompt and the final turn is its response.,retain_as_trailing_student_outcome,true
HNMU-G9-R0139-STT12,grade8_9,shared/raw_data/HNMU-teacher_dialog_samples/Lớp 9.xlsx,139,9,10a. Sử dụng hàm Countif,Chuẩn luôn! Giờ em có thể thay vào công thức Countif được chưa nào,"Dạ là =COUNTIF(B4:B$13, D5)` ạ!",8,6-10,true,false,false,false,false,reflection_or_other_closing,The turn is neither a narrow acknowledgement nor an explicit question/action.,retain_as_trailing_student_outcome,true
HNMU-G9-R0140-STT13,grade8_9,shared/raw_data/HNMU-teacher_dialog_samples/Lớp 9.xlsx,140,9,10a. Sử dụng hàm Countif,"Tốt! Bây giờ em dùng hàm COUNTIF, chọn vùng là cột B và điều kiện là chữ ""Ăn uống"". Em viết thử xem.","Dạ =COUNTIF(B5:B100, ""Ăn uống"") ạ. Wow, máy báo 15 lần rồi thầy ơi!",15,11-20,true,false,false,false,false,reflection_or_other_closing,The turn is neither a narrow acknowledgement nor an explicit question/action.,retain_as_trailing_student_outcome,true
HNMU-G9-R0141-STT14,grade8_9,shared/raw_data/HNMU-teacher_dialog_samples/Lớp 9.xlsx,141,9,10a. Sử dụng hàm Countif,"Rất giỏi! Nếu em muốn kéo công thức này xuống cho các khoản khác mà vùng dữ liệu không bị chạy, em nhớ thêm kí hiệu gì để ""khóa"" địa chỉ ô lại không?","À, em cần thêm dấu $ thành $B$3:$B$10 ạ. Em hiểu rồi, em sẽ tự làm nốt cho phần ""Khoản chi"" luôn. Cảm ơn thầy!",27,>20,false,true,true,true,false,action_commitment_or_completion,The turn reports completion or states an intended next action.,retain_as_trailing_student_outcome,true
HNMU-G9-R0143-STT2,grade8_9,shared/raw_data/HNMU-teacher_dialog_samples/Lớp 9.xlsx,143,9,11a. Sử dụng hàm Sumif,Đúng rồi! Vậy em thử đọc lại thứ tự 3 thành phần này giúp thầy nhé?,"Dạ là range, criteria và sum_range ạ!",7,6-10,true,false,false,false,false,answer_or_explanation_to_tutor_prompt,The preceding tutor turn is a question/prompt and the final turn is its response.,retain_as_trailing_student_outcome,true
HNMU-G9-R0148-STT7,grade8_9,shared/raw_data/HNMU-teacher_dialog_samples/Lớp 9.xlsx,148,9,11a. Sử dụng hàm Sumif,"Đúng rồi! Vậy trong SUMIF, cột A (chứa tên) là range, còn cột B (chứa số để cộng) chính là gì nhỉ?",Dạ là sum_range (vùng tính tổng) ạ! Em hiểu rồi.,10,6-10,true,true,false,false,false,answer_or_explanation_to_tutor_prompt,The preceding tutor turn is a question/prompt and the final turn is its response.,retain_as_trailing_student_outcome,true
HNMU-G9-R0152-STT11,grade8_9,shared/raw_data/HNMU-teacher_dialog_samples/Lớp 9.xlsx,152,9,11a. Sử dụng hàm Sumif,"Rất giỏi! Bây giờ em lắp vào: =SUMIF(Vùng_B, F2, Vùng_D). Thử xem nào!","Dạ, em gõ xong và nó ra đúng số tiền lương của bố mẹ rồi ạ!",16,11-20,true,false,false,false,false,reflection_or_other_closing,The turn is neither a narrow acknowledgement nor an explicit question/action.,retain_as_trailing_student_outcome,true
HNMU-G9-R0154-STT13,grade8_9,shared/raw_data/HNMU-teacher_dialog_samples/Lớp 9.xlsx,154,9,11a. Sử dụng hàm Sumif,"Đúng rồi! Nhờ em đã dùng dấu $ ở câu 11 nên khi kéo, các vùng dữ liệu có bị chạy không?","Dạ không, nó vẫn giữ nguyên vùng B3:B8 và D3:D8 nên kết quả ra rất chuẩn ạ. Cảm ơn thầy!",22,>20,true,false,true,false,false,answer_or_explanation_to_tutor_prompt,The preceding tutor turn is a question/prompt and the final turn is its response.,retain_as_trailing_student_outcome,true
HNMU-G9-R0187-STT4,grade8_9,shared/raw_data/HNMU-teacher_dialog_samples/Lớp 9.xlsx,187,9,[9b]: Các chức năng chính của phần mềm làm Video,"Chính xác! Nháy vào đó, chọn ảnh và hoàn thành thao tác nhé.","Xong rồi ạ, em đã đưa được 5 ảnh vào thư viện.",12,11-20,false,false,false,false,false,reflection_or_other_closing,The turn is neither a narrow acknowledgement nor an explicit question/action.,retain_as_trailing_student_outcome,true
HNMU-G9-R0188-STT5,grade8_9,shared/raw_data/HNMU-teacher_dialog_samples/Lớp 9.xlsx,188,9,[9b]: Các chức năng chính của phần mềm làm Video,"Chính xác! Sự kết hợp đó giúp truyền đạt cảm xúc, gây ấn tượng mạnh. Đó chính là ý nghĩa của video.","Dạ vâng, video giúp truyền tải thông tin sinh động và hiệu quả nhất!",14,11-20,true,false,false,false,false,reflection_or_other_closing,The turn is neither a narrow acknowledgement nor an explicit question/action.,retain_as_trailing_student_outcome,true
HNMU-G9-R0190-STT7,grade8_9,shared/raw_data/HNMU-teacher_dialog_samples/Lớp 9.xlsx,190,9,[9b]: Các chức năng chính của phần mềm làm Video,Chính xác! Em thích dùng cách nào hơn thì cứ áp dụng nhé.,"Em thích kéo thả hơn, nhanh và trực quan ạ.",10,6-10,false,false,false,false,false,reflection_or_other_closing,The turn is neither a narrow acknowledgement nor an explicit question/action.,retain_as_trailing_student_outcome,true
HNMU-G9-R0195-STT12,grade8_9,shared/raw_data/HNMU-teacher_dialog_samples/Lớp 9.xlsx,195,9,[9b]: Các chức năng chính của phần mềm làm Video,Em đã hoàn thành xuất sắc toàn bộ bài Luyện tập. Thao tác tay đã rất thuần thục!,Cảm ơn AI đã chỉ dẫn từng li từng tí!,10,6-10,false,false,true,false,false,reflection_or_other_closing,The turn is neither a narrow acknowledgement nor an explicit question/action.,retain_as_trailing_student_outcome,true
HNMU-G9-R0200-STT3,grade8_9,shared/raw_data/HNMU-teacher_dialog_samples/Lớp 9.xlsx,200,9,[10b]: Chuẩn bị dữ liệu và dựng video,"Rất tốt. SGK có gợi ý thêm tiền tố ""DuLieu-"" ở trước để rõ ràng hơn (VD: DuLieu-Anh). Em hãy thực hành tạo các thư mục con này vào thư mục dự án ""SanPhamTinHoc"" nhé.",Dạ em đã tạo xong 3 thư mục con như AI hướng dẫn rồi ạ.,15,11-20,true,false,false,false,false,answer_or_explanation_to_tutor_prompt,The preceding tutor turn is a question/prompt and the final turn is its response.,retain_as_trailing_student_outcome,true
HNMU-G9-R0204-STT7,grade8_9,shared/raw_data/HNMU-teacher_dialog_samples/Lớp 9.xlsx,204,9,[10b]: Chuẩn bị dữ liệu và dựng video,Hoàn toàn chính xác! Đó là tư duy quản lí dữ liệu số chuyên nghiệp. Em đồng ý chứ?,"Dạ em hiểu sự quan trọng của nó rồi, em sẽ thực hiện đúng quy trình phân loại ạ.",19,11-20,true,true,false,true,false,action_commitment_or_completion,The turn reports completion or states an intended next action.,retain_as_trailing_student_outcome,true
HNMU-G9-R0208-STT11,grade8_9,shared/raw_data/HNMU-teacher_dialog_samples/Lớp 9.xlsx,208,9,[10b]: Chuẩn bị dữ liệu và dựng video,"Rất chi tiết và mạch lạc! Em có thể thêm một ghi chú nhỏ: ""Toàn bộ video có nhạc nền chạy xuyên suốt"" cho chuyên nghiệp. Em thấy việc viết kịch bản có làm mọi thứ rõ ràng hơn không?","Vâng, nhìn vào tờ giấy này em biết chính xác mình phải gắp những file nào thả vào phần mềm rồi ạ. Cảm ơn AI!",25,>20,true,false,true,false,false,answer_or_explanation_to_tutor_prompt,The preceding tutor turn is a question/prompt and the final turn is its response.,retain_as_trailing_student_outcome,true
HNMU-G9-R0212-STT1,grade8_9,shared/raw_data/HNMU-teacher_dialog_samples/Lớp 9.xlsx,212,9,[11b]: Thực hành Dựng video theo kịch bản,Chính xác! Em hãy click vào đó để khám phá kho hiệu ứng khổng lồ nhé.,"Woa, có rất nhiều hiệu ứng đẹp, em tìm thấy pháo hoa rồi. Cảm ơn AI!",16,11-20,false,false,true,false,false,answer_or_explanation_to_tutor_prompt,The preceding tutor turn is a question/prompt and the final turn is its response.,retain_as_trailing_student_outcome,true
HNMU-G9-R0213-STT2,grade8_9,shared/raw_data/HNMU-teacher_dialog_samples/Lớp 9.xlsx,213,9,[11b]: Thực hành Dựng video theo kịch bản,Em nháy vào đó và thử chọn một kiểu màu mùa hè xem sao.,"Em chọn kiểu ""Joy"", ảnh sáng rực rỡ luôn ạ! Em hiểu cách dùng rồi.",15,11-20,false,true,false,false,false,reflection_or_other_closing,The turn is neither a narrow acknowledgement nor an explicit question/action.,retain_as_trailing_student_outcome,true
HNMU-G9-R0216-STT5,grade8_9,shared/raw_data/HNMU-teacher_dialog_samples/Lớp 9.xlsx,216,9,[11b]: Thực hành Dựng video theo kịch bản,Tư duy không gian của em rất xuất sắc! Hãy kéo thử và bấm Play xem kết quả nhé.,"Chuẩn luôn ạ, tia lửa chỉ nổ bùm ở cuối clip thôi. Hay quá!",14,11-20,true,false,false,false,false,answer_or_explanation_to_tutor_prompt,The preceding tutor turn is a question/prompt and the final turn is its response.,retain_as_trailing_student_outcome,true
HNMU-G9-R0217-STT6,grade8_9,shared/raw_data/HNMU-teacher_dialog_samples/Lớp 9.xlsx,217,9,[11b]: Thực hành Dựng video theo kịch bản,"Hoàn toàn chính xác. Ngược lại, nếu video ngắn hơn bài hát, nó sẽ tự động cắt bớt và mờ dần âm thanh ở cuối (Fade out). Em thấy tính năng này tiện lợi không?","Quá tiện lợi luôn ạ, nhàn hơn hẳn tự cắt ghép nhạc!",12,11-20,false,false,false,false,false,answer_or_explanation_to_tutor_prompt,The preceding tutor turn is a question/prompt and the final turn is its response.,retain_as_trailing_student_outcome,true
HNMU-G9-R0218-STT7,grade8_9,shared/raw_data/HNMU-teacher_dialog_samples/Lớp 9.xlsx,218,9,[11b]: Thực hành Dựng video theo kịch bản,"Hãy trải nghiệm thử nhé. Nếu nhạc giật gân, ảnh sẽ chuyển rất nhanh. Đó là kĩ thuật dựng phim cơ bản được tự động hoá đấy.","Em xem lại rồi, hình ảnh nhảy theo nhạc cực kì ngầu ạ!",13,11-20,false,false,false,false,false,answer_or_explanation_to_tutor_prompt,The preceding tutor turn is a question/prompt and the final turn is its response.,retain_as_trailing_student_outcome,true
HNMU-G9-R0223-STT12,grade8_9,shared/raw_data/HNMU-teacher_dialog_samples/Lớp 9.xlsx,223,9,[11b]: Thực hành Dựng video theo kịch bản,"Em thấy không, chỉ với vài thao tác lặp lại đơn giản, em đã tạo ra 4 sắc thái cảm xúc hoàn toàn khác nhau cho video. Em làm rất tốt!","Vâng, thực hành liên tục giúp em thuộc lòng nút Filters rồi ạ.",13,11-20,true,false,false,false,false,reflection_or_other_closing,The turn is neither a narrow acknowledgement nor an explicit question/action.,retain_as_trailing_student_outcome,true
HNMU-G9-R0225-STT14,grade8_9,shared/raw_data/HNMU-teacher_dialog_samples/Lớp 9.xlsx,225,9,[11b]: Thực hành Dựng video theo kịch bản,Em đã có một kịch bản hậu kì xuất sắc! Hãy áp dụng tuần tự 4 bước đó. AI tin video của em sẽ được cô giáo cho điểm cao nhất lớp.,"Kế hoạch rõ ràng quá, em làm một loáng là xong. Cảm ơn AI rất nhiều!",16,11-20,false,false,true,false,false,answer_or_explanation_to_tutor_prompt,The preceding tutor turn is a question/prompt and the final turn is its response.,retain_as_trailing_student_outcome,true
HNMU-G9-R0226-STT1,grade8_9,shared/raw_data/HNMU-teacher_dialog_samples/Lớp 9.xlsx,226,9,[12b]: Hoàn thành việc dựng video,Suy luận cực kì sắc bén! Em nháy vào nút đó để chọn file ghi âm của mình nhé.,Em đã chọn được file và chèn vào thành công rồi ạ!,12,11-20,false,false,false,false,false,reflection_or_other_closing,The turn is neither a narrow acknowledgement nor an explicit question/action.,retain_as_trailing_student_outcome,true
HNMU-G9-R0227-STT2,grade8_9,shared/raw_data/HNMU-teacher_dialog_samples/Lớp 9.xlsx,227,9,[12b]: Hoàn thành việc dựng video,"Em kéo con chạy đó đến đúng giây em muốn cắt đôi, rồi ấn Done nhé.","Wow, video 1 phút đã biến thành 2 clip nhỏ. Em chèn ảnh vào giữa được rồi!",17,11-20,false,false,false,false,false,reflection_or_other_closing,The turn is neither a narrow acknowledgement nor an explicit question/action.,retain_as_trailing_student_outcome,true
HNMU-G9-R0228-STT3,grade8_9,shared/raw_data/HNMU-teacher_dialog_samples/Lớp 9.xlsx,228,9,[12b]: Hoàn thành việc dựng video,Rất chính xác! Em có thể dùng phím tắt Ctrl + R để thao tác nhanh hơn đấy.,"Hay quá, phím tắt giúp em sửa video ngược chỉ trong 1 giây!",13,11-20,false,false,false,false,false,reflection_or_other_closing,The turn is neither a narrow acknowledgement nor an explicit question/action.,retain_as_trailing_student_outcome,true
HNMU-G9-R0229-STT4,grade8_9,shared/raw_data/HNMU-teacher_dialog_samples/Lớp 9.xlsx,229,9,[12b]: Hoàn thành việc dựng video,Đó chính là sức mạnh của Themes. Em đã biết cách khai phá menu ẩn rồi đó.,"Em cảm ơn AI, thiết kế video giờ đơn giản hơn hẳn!",12,11-20,false,false,true,false,false,reflection_or_other_closing,The turn is neither a narrow acknowledgement nor an explicit question/action.,retain_as_trailing_student_outcome,true
HNMU-G9-R0231-STT6,grade8_9,shared/raw_data/HNMU-teacher_dialog_samples/Lớp 9.xlsx,231,9,[12b]: Hoàn thành việc dựng video,"Rất chuẩn. Đặc biệt khi em cắt (Split) một đoạn nhạc ở giữa bài hát, Fade out là cứu cánh tuyệt vời để nó không bị lửng lơ. Thử ngay nhé!","Em tích vào cả 2 ô rồi, giọng của em xuất hiện và kết thúc rất mượt mà. Kĩ thuật này hay quá!",23,>20,false,false,false,false,false,reflection_or_other_closing,The turn is neither a narrow acknowledgement nor an explicit question/action.,retain_as_trailing_student_outcome,true
HNMU-G9-R0232-STT7,grade8_9,shared/raw_data/HNMU-teacher_dialog_samples/Lớp 9.xlsx,232,9,[12b]: Hoàn thành việc dựng video,Chính xác! Fast motion (tua nhanh) rất hợp cho các video làm mây trôi hay đường phố xe chạy. Em hãy nắm vững công cụ này để video thêm sáng tạo nhé.,"Vâng ạ, công cụ này dễ dùng mà hiệu quả cao quá!",12,11-20,true,false,false,false,false,answer_or_explanation_to_tutor_prompt,The preceding tutor turn is a question/prompt and the final turn is its response.,retain_as_trailing_student_outcome,true
HNMU-G9-R0233-STT8,grade8_9,shared/raw_data/HNMU-teacher_dialog_samples/Lớp 9.xlsx,233,9,[12b]: Hoàn thành việc dựng video,Đúng vậy. Split giúp chia nhỏ đối tượng để em có thể áp dụng các hiệu ứng độc lập. Giờ thì em thấy Split lợi hại chưa?,Rất lợi hại ạ! Nó giúp việc biên tập chi tiết và linh hoạt hơn rất nhiều.,17,11-20,false,false,false,false,false,answer_or_explanation_to_tutor_prompt,The preceding tutor turn is a question/prompt and the final turn is its response.,retain_as_trailing_student_outcome,true
HNMU-G9-R0234-STT9,grade8_9,shared/raw_data/HNMU-teacher_dialog_samples/Lớp 9.xlsx,234,9,[12b]: Hoàn thành việc dựng video,"Đúng! Back up sẽ gom TẤT CẢ hình ảnh, âm thanh, hiệu ứng vào một tệp duy nhất đuôi .vbp. Cầm tệp này cắm vào máy nào mở lên cũng làm tiếp được. Em nhớ sự khác biệt này chưa?","Nhớ in sâu luôn ạ! Duplicate là bản nháp tại chỗ, Backup là đóng gói mang đi. Cảm ơn AI nhiều!",21,>20,false,false,true,false,false,answer_or_explanation_to_tutor_prompt,The preceding tutor turn is a question/prompt and the final turn is its response.,retain_as_trailing_student_outcome,true
HNMU-G9-R0235-STT10,grade8_9,shared/raw_data/HNMU-teacher_dialog_samples/Lớp 9.xlsx,235,9,[12b]: Hoàn thành việc dựng video,"Bây giờ em Play thử xem, lời thuyết minh đã khớp với cảnh lớp học chưa?",Quá khớp luôn AI ơi! Kéo thả trực quan thế này dễ hình dung thật. Em bấm Done đây ạ.,20,11-20,false,false,false,false,false,answer_or_explanation_to_tutor_prompt,The preceding tutor turn is a question/prompt and the final turn is its response.,retain_as_trailing_student_outcome,true
HNMU-G9-R0238-STT13,grade8_9,shared/raw_data/HNMU-teacher_dialog_samples/Lớp 9.xlsx,238,9,[12b]: Hoàn thành việc dựng video,"File đó đã ""nuốt"" toàn bộ video, ảnh gốc, và các hiệu ứng cắt ghép em đã làm. Lên trường, em chỉ cần mở Video Editor, nháy ""Import backup"" và chọn file này là mọi thứ hiện ra y nguyên.","Kì diệu thật sự! Thế này thì em mang bài đi đâu làm cũng được, không sợ lỗi thiếu file nữa. Cảm ơn AI rất nhiều!",26,>20,false,false,true,false,false,reflection_or_other_closing,The turn is neither a narrow acknowledgement nor an explicit question/action.,retain_as_trailing_student_outcome,true
HNMU-G9-R0239-STT14,grade8_9,shared/raw_data/HNMU-teacher_dialog_samples/Lớp 9.xlsx,239,9,[12b]: Hoàn thành việc dựng video,Kịch bản hậu kì xuất sắc 100%! Em đã tự mình kết nối hoàn hảo mọi công cụ trong bài học. Bắt tay vào làm và nhớ Backup khi hoàn thành nhé!,Cảm ơn AI! Có checklist này em tự tin sẽ làm được một video triệu view.,16,11-20,false,false,true,false,false,reflection_or_other_closing,The turn is neither a narrow acknowledgement nor an explicit question/action.,retain_as_trailing_student_outcome,true
HNMU-G9-R0256-STT3,grade8_9,shared/raw_data/HNMU-teacher_dialog_samples/Lớp 9.xlsx,256,9,Bài 14: Giải quyết vấn đề,"[Rút dần hỗ trợ] Rất thông minh! Vậy Lựa chọn giải pháp chính là chọn cách giải quyết phù hợp để làm cơ sở cho việc thiết kế thuật toán sau này. Em thấy dễ hiểu chưa?,",Dạ em hiểu rõ khái niệm rồi ạ!,8,6-10,true,true,false,false,false,answer_or_explanation_to_tutor_prompt,The preceding tutor turn is a question/prompt and the final turn is its response.,retain_as_trailing_student_outcome,true
HNMU-G9-R0267-STT14,grade8_9,shared/raw_data/HNMU-teacher_dialog_samples/Lớp 9.xlsx,267,9,Bài 14: Giải quyết vấn đề,"[Đạt được ZPD] Tuyệt vời! Em ghép 4 bước vừa rồi lại là có ngay một thuật toán tìm kiếm tuần tự cực kì chuẩn mực trong Khoa học máy tính rồi đó!,",Dạ em đã hiểu cách mô tả chi tiết rồi ạ.,11,11-20,true,true,false,false,false,reflection_or_other_closing,The turn is neither a narrow acknowledgement nor an explicit question/action.,retain_as_trailing_student_outcome,true
HNMU-G9-R0268-STT1,grade8_9,shared/raw_data/HNMU-teacher_dialog_samples/Lớp 9.xlsx,268,9,Bài 15: Bài toán tin học,[ZPD Achieved] Hoàn toàn chính xác! Bài toán tin học đơn giản chỉ là một nhiệm vụ có thể giao cho máy tính thực hiện. Em hiểu bản chất rất tốt!,"Dạ em cảm ơn thầy, em hiểu rõ rồi ạ.",10,6-10,true,true,true,false,false,reflection_or_other_closing,The turn is neither a narrow acknowledgement nor an explicit question/action.,retain_as_trailing_student_outcome,true
HNMU-G9-R0272-STT5,grade8_9,shared/raw_data/HNMU-teacher_dialog_samples/Lớp 9.xlsx,272,9,Bài 15: Bài toán tin học,"[ZPD Achieved] Em thấy không, bằng logic thực tế, em vừa đọc hiểu toàn bộ lưu đồ thuật toán tính lương cực kì dễ dàng rồi đó!",Dạ em ghép lại chuỗi rất hiểu rồi ạ.,9,6-10,true,true,false,false,false,reflection_or_other_closing,The turn is neither a narrow acknowledgement nor an explicit question/action.,retain_as_trailing_student_outcome,true
HNMU-G9-R0273-STT6,grade8_9,shared/raw_data/HNMU-teacher_dialog_samples/Lớp 9.xlsx,273,9,Bài 15: Bài toán tin học,"[Đánh dấu đặc điểm quan trọng] Sự phân biệt cốt lõi nằm ở đó: Một bên là nguyên liệu đầu vào (đã biết), một bên là sản phẩm đầu ra (kết quả cần tìm sau quá trình xử lí). Em tự viết lại sự khác biệt này vào vở nhé!",Dạ em đã phân biệt được rõ ràng bản chất rồi ạ.,12,11-20,true,false,false,false,false,reflection_or_other_closing,The turn is neither a narrow acknowledgement nor an explicit question/action.,retain_as_trailing_student_outcome,true
HNMU-G9-R0275-STT8,grade8_9,shared/raw_data/HNMU-teacher_dialog_samples/Lớp 9.xlsx,275,9,Bài 15: Bài toán tin học,[Đánh dấu đặc điểm] Đó chính là thao tác Gỡ lỗi và Hiệu chỉnh. Mục đích là để đảm bảo chương trình hoạt động chính xác trong mọi tình huống. Em đã hiểu tầm quan trọng của nó chưa?,"Em hiểu rồi ạ, máy tính chạy theo code, code sai thì kết quả sai nên phải gỡ lỗi.",19,11-20,false,true,false,false,false,answer_or_explanation_to_tutor_prompt,The preceding tutor turn is a question/prompt and the final turn is its response.,retain_as_trailing_student_outcome,true
HNMU-G9-R0279-STT12,grade8_9,shared/raw_data/HNMU-teacher_dialog_samples/Lớp 9.xlsx,279,9,Bài 15: Bài toán tin học,"[ZPD Achieved] Em tự giải thích được sự ""hợp lí"" của nó rồi đó! Ứng dụng vào dãy số, Đầu vào là dãy số bất kì, Đầu ra là CHÍNH DÃY SỐ ĐÓ nhưng ĐÃ ĐƯỢC SẮP XẾP TĂNG DẦN. Rất xuất sắc!","Ồ em hiểu rồi, tuy cùng là 1 tập hợp nhưng trạng thái trật tự nó khác nhau.",18,11-20,false,true,false,false,false,reflection_or_other_closing,The turn is neither a narrow acknowledgement nor an explicit question/action.,retain_as_trailing_student_outcome,true
HNMU-G9-R0281-STT14,grade8_9,shared/raw_data/HNMU-teacher_dialog_samples/Lớp 9.xlsx,281,9,Bài 15: Bài toán tin học,[Đánh dấu đặc điểm] Đó chính là một trường hợp đặc biệt mà thuật toán cần lưu ý (nếu a=b thì Đầu ra chính là a). Việc phân tích cặn kẽ Đầu ra sẽ giúp ích rất nhiều cho bước Xây dựng thuật toán phía sau. Em viết lại vào vở thật chi tiết nhé!,"Dạ em sẽ ghi Input: Hai số nguyên dương a, b. Output: Số nguyên lớn nhất chia hết cho cả a và b.",23,>20,true,false,false,true,false,action_commitment_or_completion,The turn reports completion or states an intended next action.,retain_as_trailing_student_outcome,true
HNMU-G9-R0285-STT4,grade8_9,shared/raw_data/HNMU-teacher_dialog_samples/Lớp 9.xlsx,285,9,Bài 16: Thực hành: Lập chương trình máy tính,"[ZPD Achieved] Tuyệt vời! Đến khi bạn cuối cùng đi qua, con số nằm lại trên tờ giấy max chính là kết quả cuối cùng. Em nắm rõ bản chất thuật toán rồi đó!","À em hiểu rồi, do máy tính chỉ xử lí tuần tự nên cần biến max để lưu trữ tạm thời.",21,>20,false,true,false,false,false,reflection_or_other_closing,The turn is neither a narrow acknowledgement nor an explicit question/action.,retain_as_trailing_student_outcome,true
HNMU-G9-R0288-STT7,grade8_9,shared/raw_data/HNMU-teacher_dialog_samples/Lớp 9.xlsx,288,9,Bài 16: Thực hành: Lập chương trình máy tính,"[Đánh dấu đặc điểm] Tuyệt vời! Sự khác biệt cốt lõi là TH1 kiểm tra ""nhánh Sai"" (lương cơ bản), còn TH3 kiểm tra ""nhánh Đúng"" (lương tăng ca). Em thấy việc tạo nhiều test case quan trọng chưa?","Em hiểu rồi ạ, phải test để đảm bảo mọi nhánh của thuật toán đều hoạt động đúng.",18,11-20,false,true,false,false,false,answer_or_explanation_to_tutor_prompt,The preceding tutor turn is a question/prompt and the final turn is its response.,retain_as_trailing_student_outcome,true
HNMU-G9-R0291-STT10,grade8_9,shared/raw_data/HNMU-teacher_dialog_samples/Lớp 9.xlsx,291,9,Bài 16: Thực hành: Lập chương trình máy tính,"[ZPD Achieved] Quá chuẩn! Vì 0 nhỏ hơn mọi số nguyên dương, nên nó đóng vai trò là ""kẻ hi sinh"" để số đầu tiên của dãy chắc chắn được ghi nhận. Em hiểu nguyên lí gán giá trị khởi tạo chưa?",Dạ em hiểu bản chất sâu sắc rồi ạ. Phải gán giá trị đủ nhỏ để không bị sai lệch.,20,11-20,true,true,false,false,false,answer_or_explanation_to_tutor_prompt,The preceding tutor turn is a question/prompt and the final turn is its response.,retain_as_trailing_student_outcome,true
HNMU-G9-R0293-STT12,grade8_9,shared/raw_data/HNMU-teacher_dialog_samples/Lớp 9.xlsx,293,9,Bài 16: Thực hành: Lập chương trình máy tính,[ZPD Achieved] Em tự làm được rồi đấy! Tiếp tục với số 6 thì max vẫn là 10. Đến số 0 thì vòng lặp kết thúc và in ra kết quả 10. Em thấy kĩ năng chạy bằng tay này dễ hiểu không?,"Dạ dễ hiểu lắm ạ, em viết ra giấy thấy rõ ràng từng bước máy tính chạy.",17,11-20,true,true,false,false,false,answer_or_explanation_to_tutor_prompt,The preceding tutor turn is a question/prompt and the final turn is its response.,retain_as_trailing_student_outcome,true
HNMU-G9-R0295-STT14,grade8_9,shared/raw_data/HNMU-teacher_dialog_samples/Lớp 9.xlsx,295,9,Bài 16: Thực hành: Lập chương trình máy tính,[ZPD Achieved] Em xử lí lỗi logic cực kì đẳng cấp! Tư duy đảo ngược trong thuật toán luôn cần cẩn thận với các giá trị khởi tạo (biên). Em mau sửa code và chạy thử nhé!,Dạ chương trình của em chạy ra số nhỏ nhất chuẩn rồi thầy ạ! Em cảm ơn thầy!,18,11-20,true,false,true,false,false,reflection_or_other_closing,The turn is neither a narrow acknowledgement nor an explicit question/action.,retain_as_trailing_student_outcome,true
HNMU-G9-R0296-STT1,grade8_9,shared/raw_data/HNMU-teacher_dialog_samples/Lớp 9.xlsx,296,9,Bài 17: Tin học và thế giới nghề nghiệp,[Đánh dấu đặc điểm] Rất thông minh! Khoa học máy tính là tạo ra cái mới từ lí thuyết. Em hãy ghi lại vào vở nhé!,"Dạ em hiểu rồi, là nghiên cứu lí thuyết và thuật toán để tạo cách xử lí thông tin mới ạ.",21,>20,true,true,false,false,false,answer_or_explanation_to_tutor_prompt,The preceding tutor turn is a question/prompt and the final turn is its response.,retain_as_trailing_student_outcome,true
HNMU-G9-R0297-STT2,grade8_9,shared/raw_data/HNMU-teacher_dialog_samples/Lớp 9.xlsx,297,9,Bài 17: Tin học và thế giới nghề nghiệp,[ZPD Achieved] Em tự rút ra định nghĩa rất hoàn hảo rồi đó! Đó chính là Tin học ứng dụng.,"À, vậy thì nhóm này rất hợp với những người thích thực hành như em!",15,11-20,false,false,false,false,false,reflection_or_other_closing,The turn is neither a narrow acknowledgement nor an explicit question/action.,retain_as_trailing_student_outcome,true
HNMU-G9-R0298-STT3,grade8_9,shared/raw_data/HNMU-teacher_dialog_samples/Lớp 9.xlsx,298,9,Bài 17: Tin học và thế giới nghề nghiệp,"[Đánh dấu đặc điểm] Hoàn toàn chính xác! Các doanh nghiệp như FPT, VNPT, Viettel, CMC là những ví dụ tiêu biểu. Em hãy ghi chú lại nhé!","Vâng ạ, em đã ghi nhớ tên các tập đoàn công nghệ Việt Nam rồi ạ.",16,11-20,true,false,false,false,false,answer_or_explanation_to_tutor_prompt,The preceding tutor turn is a question/prompt and the final turn is its response.,retain_as_trailing_student_outcome,true
HNMU-G9-R0299-STT4,grade8_9,shared/raw_data/HNMU-teacher_dialog_samples/Lớp 9.xlsx,299,9,Bài 17: Tin học và thế giới nghề nghiệp,"[ZPD Achieved] Em tự liệt kê đủ hết rồi đấy: Cẩn thận, chu đáo, giao tiếp tốt, chịu áp lực. Hãy tự tin lên nhé!",Dạ em cảm thấy có động lực hơn rất nhiều rồi ạ!,12,11-20,true,false,false,false,false,answer_or_explanation_to_tutor_prompt,The preceding tutor turn is a question/prompt and the final turn is its response.,retain_as_trailing_student_outcome,true
HNMU-G9-R0300-STT5,grade8_9,shared/raw_data/HNMU-teacher_dialog_samples/Lớp 9.xlsx,300,9,Bài 17: Tin học và thế giới nghề nghiệp,[Trao quyền] Lời giải thích của em sắc sảo như một chuyên gia! Em hãy ghi lại sự khác biệt này vào vở nhé.,Dạ ẩn dụ của thầy giúp em nhớ in sâu vào đầu luôn rồi ạ.,15,11-20,true,false,false,false,false,answer_or_explanation_to_tutor_prompt,The preceding tutor turn is a question/prompt and the final turn is its response.,retain_as_trailing_student_outcome,true
HNMU-G9-R0303-STT8,grade8_9,shared/raw_data/HNMU-teacher_dialog_samples/Lớp 9.xlsx,303,9,Bài 17: Tin học và thế giới nghề nghiệp,[Đánh dấu đặc điểm] Tuyệt vời! Chính vì không hiểu hết sự đa dạng của IT nên xã hội mới sinh ra những định kiến cản trở nữ giới. Em hãy dùng lập luận này để thuyết phục gia đình nhé!,"Vâng ạ, em hiểu rõ nguyên nhân của định kiến rồi!",11,11-20,true,true,false,false,false,answer_or_explanation_to_tutor_prompt,The preceding tutor turn is a question/prompt and the final turn is its response.,retain_as_trailing_student_outcome,true
HNMU-G9-R0304-STT9,grade8_9,shared/raw_data/HNMU-teacher_dialog_samples/Lớp 9.xlsx,304,9,Bài 17: Tin học và thế giới nghề nghiệp,[Trao quyền] Em hiểu vấn đề vĩ mô này rất sâu sắc! Nữ giới chính là mảnh ghép không thể thiếu để công nghệ thực sự mang tính nhân văn.,"Em thấy tự hào quá, công nghệ cần sự cân bằng giới tính!",13,11-20,false,false,false,false,false,reflection_or_other_closing,The turn is neither a narrow acknowledgement nor an explicit question/action.,retain_as_trailing_student_outcome,true
HNMU-G9-R0305-STT10,grade8_9,shared/raw_data/HNMU-teacher_dialog_samples/Lớp 9.xlsx,305,9,Bài 17: Tin học và thế giới nghề nghiệp,"[ZPD Achieved] Hoàn toàn chính xác! Bà là biểu tượng truyền cảm hứng, chứng minh rằng bộ não của nữ giới hoàn toàn có thể chinh phục và tạo ra những đỉnh cao công nghệ.","Sự thật lịch sử này hay quá, em sẽ dùng nó để tranh luận!",14,11-20,false,false,false,true,false,action_commitment_or_completion,The turn reports completion or states an intended next action.,retain_as_trailing_student_outcome,true
HNMU-G9-R0306-STT11,grade8_9,shared/raw_data/HNMU-teacher_dialog_samples/Lớp 9.xlsx,306,9,Bài 17: Tin học và thế giới nghề nghiệp,"[Đánh dấu đặc điểm] Tuyệt vời! Ngoài ra còn có Kĩ thuật viên thiết kế bài giảng điện tử (E-learning). Các công việc này đều sử dụng công cụ CNTT để phục vụ việc giáo dục, hoàn toàn phù hợp với nhóm Tin học ứng dụng. Em thấy dễ hiểu chưa?","Dạ em hiểu rồi, CNTT ứng dụng len lỏi vào từng ngóc ngách của nhà trường!",16,11-20,true,true,false,false,false,answer_or_explanation_to_tutor_prompt,The preceding tutor turn is a question/prompt and the final turn is its response.,retain_as_trailing_student_outcome,true
HNMU-G9-R0307-STT12,grade8_9,shared/raw_data/HNMU-teacher_dialog_samples/Lớp 9.xlsx,307,9,Bài 17: Tin học và thế giới nghề nghiệp,[ZPD Achieved] Em tự định hướng nghề nghiệp cực kì xuất sắc! Hãy mạnh dạn theo đuổi đam mê này nhé.,"Dạ em tự tin hơn rồi, em sẽ viết Digital Marketing vào bài Luyện tập ạ.",16,11-20,true,false,false,true,false,action_commitment_or_completion,The turn reports completion or states an intended next action.,retain_as_trailing_student_outcome,true
HNMU-G9-R0308-STT13,grade8_9,shared/raw_data/HNMU-teacher_dialog_samples/Lớp 9.xlsx,308,9,Bài 17: Tin học và thế giới nghề nghiệp,[Trao quyền] Quá xuất sắc! Cả thuật toán tìm đường đi ngắn nhất và AI nhận diện hình ảnh đều là tinh hoa của Khoa học máy tính áp dụng vào Môi trường. Em chọn 1 ý để viết báo cáo nhé!,"Dạ ý tưởng nào cũng hay, em hiểu sự liên kết liên môn rồi ạ!",15,11-20,true,true,false,false,false,reflection_or_other_closing,The turn is neither a narrow acknowledgement nor an explicit question/action.,retain_as_trailing_student_outcome,true
HNMU-G9-R0309-STT14,grade8_9,shared/raw_data/HNMU-teacher_dialog_samples/Lớp 9.xlsx,309,9,Bài 17: Tin học và thế giới nghề nghiệp,[ZPD Achieved] Em có những lập luận hoàn hảo! Từ nhân chứng lịch sử đến ưu thế kĩ năng mềm thực tế. Bạn em nghe xong chắc chắn sẽ lấy lại được sự tự tin. Cảm ơn em đã dùng Tin học để lan tỏa năng lượng tích cực!,Dạ em sẽ phân tích đúng các vị trí công việc đa dạng này cho bạn ấy hiểu ạ.,19,11-20,true,true,false,true,false,action_commitment_or_completion,The turn reports completion or states an intended next action.,retain_as_trailing_student_outcome,true
