sample_id,grade,turn_index,speaker,character_count
HNMU-G6-R0030-STT1,6,1,HS,61
HNMU-G6-R0030-STT1,6,2,AI,100
HNMU-G6-R0030-STT1,6,3,HS,24
HNMU-G6-R0030-STT1,6,4,AI,116
HNMU-G6-R0030-STT1,6,5,HS,26
HNMU-G6-R0030-STT1,6,6,AI,43
HNMU-G6-R0033-STT4,6,1,HS,64
HNMU-G6-R0033-STT4,6,2,AI,143
HNMU-G6-R0033-STT4,6,3,HS,15
HNMU-G6-R0033-STT4,6,4,AI,57
HNMU-G6-R0033-STT4,6,5,HS,16
HNMU-G6-R0034-STT5,6,1,HS,96
HNMU-G6-R0034-STT5,6,2,AI,80
HNMU-G6-R0034-STT5,6,3,HS,25
HNMU-G6-R0034-STT5,6,4,AI,166
HNMU-G6-R0034-STT5,6,5,HS,42
HNMU-G6-R0038-STT9,6,1,HS,75
HNMU-G6-R0038-STT9,6,2,AI,110
HNMU-G6-R0038-STT9,6,3,HS,33
HNMU-G6-R0038-STT9,6,4,AI,83
HNMU-G6-R0038-STT9,6,5,HS,18
HNMU-G6-R0041-STT12,6,1,HS,47
HNMU-G6-R0041-STT12,6,2,AI,107
HNMU-G6-R0041-STT12,6,3,HS,24
HNMU-G6-R0041-STT12,6,4,AI,66
HNMU-G6-R0041-STT12,6,5,HS,24
HNMU-G6-R0041-STT12,6,6,AI,52
HNMU-G6-R0041-STT12,6,7,HS,64
HNMU-G6-R0042-STT13,6,1,HS,57
HNMU-G6-R0042-STT13,6,2,AI,87
HNMU-G6-R0042-STT13,6,3,HS,10
HNMU-G6-R0042-STT13,6,4,AI,111
HNMU-G6-R0042-STT13,6,5,HS,17
HNMU-G6-R0042-STT13,6,6,AI,76
HNMU-G6-R0044-STT1,6,1,HS,76
HNMU-G6-R0044-STT1,6,2,AI,139
HNMU-G6-R0044-STT1,6,3,HS,12
HNMU-G6-R0044-STT1,6,4,AI,126
HNMU-G6-R0044-STT1,6,5,HS,40
HNMU-G6-R0044-STT1,6,6,AI,94
HNMU-G6-R0046-STT3,6,1,HS,79
HNMU-G6-R0046-STT3,6,2,AI,194
HNMU-G6-R0046-STT3,6,3,HS,35
HNMU-G6-R0046-STT3,6,4,AI,86
HNMU-G6-R0046-STT3,6,5,HS,44
HNMU-G6-R0047-STT4,6,1,HS,65
HNMU-G6-R0047-STT4,6,2,AI,147
HNMU-G6-R0047-STT4,6,3,HS,29
HNMU-G6-R0047-STT4,6,4,AI,126
HNMU-G6-R0047-STT4,6,5,HS,14
HNMU-G6-R0048-STT5,6,1,HS,87
HNMU-G6-R0048-STT5,6,2,AI,131
HNMU-G6-R0048-STT5,6,3,HS,58
HNMU-G6-R0048-STT5,6,4,AI,125
HNMU-G6-R0048-STT5,6,5,HS,46
HNMU-G6-R0049-STT6,6,1,HS,88
HNMU-G6-R0049-STT6,6,2,AI,199
HNMU-G6-R0049-STT6,6,3,HS,20
HNMU-G6-R0049-STT6,6,4,AI,87
HNMU-G6-R0049-STT6,6,5,HS,59
HNMU-G6-R0050-STT7,6,1,HS,58
HNMU-G6-R0050-STT7,6,2,AI,76
HNMU-G6-R0050-STT7,6,3,HS,45
HNMU-G6-R0050-STT7,6,4,AI,133
HNMU-G6-R0050-STT7,6,5,HS,45
HNMU-G6-R0051-STT8,6,1,HS,93
HNMU-G6-R0051-STT8,6,2,AI,181
HNMU-G6-R0051-STT8,6,3,HS,57
HNMU-G6-R0051-STT8,6,4,AI,82
HNMU-G6-R0052-STT9,6,1,HS,74
HNMU-G6-R0052-STT9,6,2,AI,160
HNMU-G6-R0052-STT9,6,3,HS,32
HNMU-G6-R0052-STT9,6,4,AI,100
HNMU-G6-R0052-STT9,6,5,HS,22
HNMU-G6-R0053-STT10,6,1,HS,65
HNMU-G6-R0053-STT10,6,2,AI,90
HNMU-G6-R0053-STT10,6,3,HS,55
HNMU-G6-R0053-STT10,6,4,AI,126
HNMU-G6-R0053-STT10,6,5,HS,35
HNMU-G6-R0053-STT10,6,6,AI,81
HNMU-G6-R0053-STT10,6,7,HS,186
HNMU-G6-R0054-STT11,6,1,HS,81
HNMU-G6-R0054-STT11,6,2,AI,62
HNMU-G6-R0054-STT11,6,3,HS,53
HNMU-G6-R0054-STT11,6,4,AI,47
HNMU-G6-R0054-STT11,6,5,HS,68
HNMU-G6-R0054-STT11,6,6,AI,54
HNMU-G6-R0054-STT11,6,7,HS,38
HNMU-G6-R0055-STT12,6,1,HS,79
HNMU-G6-R0055-STT12,6,2,AI,106
HNMU-G6-R0055-STT12,6,3,HS,11
HNMU-G6-R0055-STT12,6,4,AI,110
HNMU-G6-R0055-STT12,6,5,HS,46
HNMU-G6-R0055-STT12,6,6,AI,42
HNMU-G6-R0056-STT13,6,1,HS,56
HNMU-G6-R0056-STT13,6,2,AI,149
HNMU-G6-R0056-STT13,6,3,HS,33
HNMU-G6-R0056-STT13,6,4,AI,94
HNMU-G6-R0056-STT13,6,5,HS,53
HNMU-G6-R0057-STT14,6,1,HS,70
HNMU-G6-R0057-STT14,6,2,AI,92
HNMU-G6-R0057-STT14,6,3,HS,30
HNMU-G6-R0057-STT14,6,4,AI,75
HNMU-G6-R0057-STT14,6,5,HS,63
HNMU-G6-R0057-STT14,6,6,AI,75
HNMU-G6-R0073-STT2,6,1,HS,48
HNMU-G6-R0073-STT2,6,2,AI,130
HNMU-G6-R0073-STT2,6,3,HS,15
HNMU-G6-R0073-STT2,6,4,AI,126
HNMU-G6-R0073-STT2,6,5,HS,26
HNMU-G6-R0076-STT5,6,1,HS,65
HNMU-G6-R0076-STT5,6,2,AI,79
HNMU-G6-R0076-STT5,6,3,HS,38
HNMU-G6-R0076-STT5,6,4,AI,160
HNMU-G6-R0076-STT5,6,5,HS,29
HNMU-G6-R0076-STT5,6,6,AI,10
HNMU-G6-R0080-STT9,6,1,HS,62
HNMU-G6-R0080-STT9,6,2,AI,48
HNMU-G6-R0080-STT9,6,3,HS,9
HNMU-G6-R0080-STT9,6,4,AI,162
HNMU-G6-R0080-STT9,6,5,HS,51
HNMU-G6-R0082-STT11,6,1,HS,84
HNMU-G6-R0082-STT11,6,2,AI,143
HNMU-G6-R0082-STT11,6,3,HS,36
HNMU-G6-R0082-STT11,6,4,AI,70
HNMU-G6-R0082-STT11,6,5,HS,52
HNMU-G6-R0082-STT11,6,6,AI,55
HNMU-G6-R0083-STT12,6,1,HS,78
HNMU-G6-R0083-STT12,6,2,AI,97
HNMU-G6-R0083-STT12,6,3,HS,44
HNMU-G6-R0083-STT12,6,4,AI,89
HNMU-G6-R0083-STT12,6,5,HS,78
HNMU-G6-R0083-STT12,6,6,AI,55
HNMU-G6-R0085-STT14,6,1,HS,97
HNMU-G6-R0085-STT14,6,2,AI,122
HNMU-G6-R0085-STT14,6,3,HS,50
HNMU-G6-R0085-STT14,6,4,AI,137
HNMU-G6-R0085-STT14,6,5,HS,59
HNMU-G6-R0085-STT14,6,6,AI,72
HNMU-G6-R0086-STT1,6,1,HS,74
HNMU-G6-R0086-STT1,6,2,AI,114
HNMU-G6-R0086-STT1,6,3,HS,23
HNMU-G6-R0086-STT1,6,4,AI,152
HNMU-G6-R0086-STT1,6,5,HS,40
HNMU-G6-R0086-STT1,6,6,AI,53
HNMU-G6-R0087-STT2,6,1,HS,56
HNMU-G6-R0087-STT2,6,2,AI,138
HNMU-G6-R0087-STT2,6,3,HS,30
HNMU-G6-R0087-STT2,6,4,AI,112
HNMU-G6-R0088-STT3,6,1,HS,57
HNMU-G6-R0088-STT3,6,2,AI,135
HNMU-G6-R0088-STT3,6,3,HS,21
HNMU-G6-R0088-STT3,6,4,AI,79
HNMU-G6-R0088-STT3,6,5,HS,37
HNMU-G6-R0088-STT3,6,6,AI,35
HNMU-G6-R0089-STT4,6,1,HS,88
HNMU-G6-R0089-STT4,6,2,AI,62
HNMU-G6-R0089-STT4,6,3,HS,29
HNMU-G6-R0089-STT4,6,4,AI,112
HNMU-G6-R0089-STT4,6,5,HS,45
HNMU-G6-R0090-STT5,6,1,HS,59
HNMU-G6-R0090-STT5,6,2,AI,170
HNMU-G6-R0090-STT5,6,3,HS,21
HNMU-G6-R0090-STT5,6,4,AI,127
HNMU-G6-R0090-STT5,6,5,HS,30
HNMU-G6-R0090-STT5,6,6,AI,10
HNMU-G6-R0091-STT6,6,1,HS,87
HNMU-G6-R0091-STT6,6,2,AI,177
HNMU-G6-R0091-STT6,6,3,HS,32
HNMU-G6-R0091-STT6,6,4,AI,53
HNMU-G6-R0091-STT6,6,5,HS,46
HNMU-G6-R0093-STT8,6,1,HS,81
HNMU-G6-R0093-STT8,6,2,AI,126
HNMU-G6-R0093-STT8,6,3,HS,36
HNMU-G6-R0093-STT8,6,4,AI,136
HNMU-G6-R0094-STT9,6,1,HS,84
HNMU-G6-R0094-STT9,6,2,AI,138
HNMU-G6-R0094-STT9,6,3,HS,41
HNMU-G6-R0094-STT9,6,4,AI,67
HNMU-G6-R0094-STT9,6,5,HS,31
HNMU-G6-R0094-STT9,6,6,AI,48
HNMU-G6-R0095-STT10,6,1,HS,50
HNMU-G6-R0095-STT10,6,2,AI,138
HNMU-G6-R0095-STT10,6,3,HS,75
HNMU-G6-R0095-STT10,6,4,AI,83
HNMU-G6-R0095-STT10,6,5,HS,53
HNMU-G6-R0096-STT11,6,1,HS,71
HNMU-G6-R0096-STT11,6,2,AI,95
HNMU-G6-R0096-STT11,6,3,HS,18
HNMU-G6-R0096-STT11,6,4,AI,80
HNMU-G6-R0096-STT11,6,5,HS,65
HNMU-G6-R0096-STT11,6,6,AI,45
HNMU-G6-R0097-STT12,6,1,HS,74
HNMU-G6-R0097-STT12,6,2,AI,33
HNMU-G6-R0097-STT12,6,3,HS,32
HNMU-G6-R0097-STT12,6,4,AI,82
HNMU-G6-R0097-STT12,6,5,HS,50
HNMU-G6-R0097-STT12,6,6,AI,72
HNMU-G6-R0097-STT12,6,7,HS,91
HNMU-G6-R0098-STT13,6,1,HS,110
HNMU-G6-R0098-STT13,6,2,AI,140
HNMU-G6-R0098-STT13,6,3,HS,25
HNMU-G6-R0098-STT13,6,4,AI,87
HNMU-G6-R0098-STT13,6,5,HS,57
HNMU-G6-R0099-STT14,6,1,HS,81
HNMU-G6-R0099-STT14,6,2,AI,172
HNMU-G6-R0099-STT14,6,3,HS,53
HNMU-G6-R0099-STT14,6,4,AI,70
HNMU-G6-R0099-STT14,6,5,HS,66
HNMU-G6-R0099-STT14,6,6,AI,62
HNMU-G6-R0114-STT1,6,1,HS,78
HNMU-G6-R0114-STT1,6,2,AI,141
HNMU-G6-R0114-STT1,6,3,HS,27
HNMU-G6-R0114-STT1,6,4,AI,121
HNMU-G6-R0114-STT1,6,5,HS,31
HNMU-G6-R0116-STT3,6,1,HS,61
HNMU-G6-R0116-STT3,6,2,AI,109
HNMU-G6-R0116-STT3,6,3,HS,17
HNMU-G6-R0116-STT3,6,4,AI,151
HNMU-G6-R0116-STT3,6,5,HS,77
HNMU-G6-R0117-STT4,6,1,HS,70
HNMU-G6-R0117-STT4,6,2,AI,102
HNMU-G6-R0117-STT4,6,3,HS,42
HNMU-G6-R0117-STT4,6,4,AI,89
HNMU-G6-R0117-STT4,6,5,HS,47
HNMU-G6-R0118-STT5,6,1,HS,71
HNMU-G6-R0118-STT5,6,2,AI,92
HNMU-G6-R0118-STT5,6,3,HS,58
HNMU-G6-R0118-STT5,6,4,AI,132
HNMU-G6-R0118-STT5,6,5,HS,24
HNMU-G6-R0119-STT6,6,1,HS,59
HNMU-G6-R0119-STT6,6,2,AI,89
HNMU-G6-R0119-STT6,6,3,HS,32
HNMU-G6-R0119-STT6,6,4,AI,65
HNMU-G6-R0119-STT6,6,5,HS,82
HNMU-G6-R0120-STT7,6,1,HS,76
HNMU-G6-R0120-STT7,6,2,AI,143
HNMU-G6-R0120-STT7,6,3,HS,53
HNMU-G6-R0120-STT7,6,4,AI,131
HNMU-G6-R0120-STT7,6,5,HS,13
HNMU-G6-R0124-STT11,6,1,HS,96
HNMU-G6-R0124-STT11,6,2,AI,96
HNMU-G6-R0124-STT11,6,3,HS,48
HNMU-G6-R0124-STT11,6,4,AI,136
HNMU-G6-R0124-STT11,6,5,HS,75
HNMU-G6-R0130-STT3,6,1,HS,49
HNMU-G6-R0130-STT3,6,2,AI,53
HNMU-G6-R0130-STT3,6,3,HS,41
HNMU-G6-R0130-STT3,6,4,AI,85
HNMU-G6-R0130-STT3,6,5,HS,54
HNMU-G6-R0130-STT3,6,6,AI,50
HNMU-G6-R0137-STT10,6,1,HS,56
HNMU-G6-R0137-STT10,6,2,AI,94
HNMU-G6-R0137-STT10,6,3,HS,24
HNMU-G6-R0137-STT10,6,4,AI,161
HNMU-G6-R0137-STT10,6,5,HS,62
HNMU-G6-R0139-STT12,6,1,HS,76
HNMU-G6-R0139-STT12,6,2,AI,127
HNMU-G6-R0139-STT12,6,3,HS,56
HNMU-G6-R0139-STT12,6,4,AI,116
HNMU-G6-R0139-STT12,6,5,HS,67
HNMU-G6-R0140-STT13,6,1,HS,92
HNMU-G6-R0140-STT13,6,2,AI,126
HNMU-G6-R0140-STT13,6,3,HS,58
HNMU-G6-R0140-STT13,6,4,AI,156
HNMU-G6-R0140-STT13,6,5,HS,62
HNMU-G6-R0141-STT14,6,1,HS,88
HNMU-G6-R0141-STT14,6,2,AI,113
HNMU-G6-R0141-STT14,6,3,HS,88
HNMU-G6-R0141-STT14,6,4,AI,115
HNMU-G6-R0141-STT14,6,5,HS,43
HNMU-G6-R0142-STT1,6,1,HS,85
HNMU-G6-R0142-STT1,6,2,AI,129
HNMU-G6-R0142-STT1,6,3,HS,45
HNMU-G6-R0142-STT1,6,4,AI,153
HNMU-G6-R0142-STT1,6,5,HS,58
HNMU-G6-R0142-STT1,6,6,AI,68
HNMU-G6-R0143-STT2,6,1,HS,77
HNMU-G6-R0143-STT2,6,2,AI,128
HNMU-G6-R0143-STT2,6,3,HS,33
HNMU-G6-R0143-STT2,6,4,AI,119
HNMU-G6-R0143-STT2,6,5,HS,27
HNMU-G6-R0143-STT2,6,6,AI,75
HNMU-G6-R0144-STT3,6,1,HS,81
HNMU-G6-R0144-STT3,6,2,AI,220
HNMU-G6-R0144-STT3,6,3,HS,22
HNMU-G6-R0144-STT3,6,4,AI,67
HNMU-G6-R0144-STT3,6,5,HS,47
HNMU-G6-R0145-STT4,6,1,HS,80
HNMU-G6-R0145-STT4,6,2,AI,113
HNMU-G6-R0145-STT4,6,3,HS,29
HNMU-G6-R0145-STT4,6,4,AI,111
HNMU-G6-R0145-STT4,6,5,HS,47
HNMU-G6-R0145-STT4,6,6,AI,59
HNMU-G6-R0146-STT5,6,1,HS,77
HNMU-G6-R0146-STT5,6,2,AI,153
HNMU-G6-R0146-STT5,6,3,HS,37
HNMU-G6-R0146-STT5,6,4,AI,100
HNMU-G6-R0146-STT5,6,5,HS,72
HNMU-G6-R0146-STT5,6,6,AI,55
HNMU-G6-R0147-STT6,6,1,HS,87
HNMU-G6-R0147-STT6,6,2,AI,124
HNMU-G6-R0147-STT6,6,3,HS,29
HNMU-G6-R0147-STT6,6,4,AI,134
HNMU-G6-R0147-STT6,6,5,HS,48
HNMU-G6-R0147-STT6,6,6,AI,74
HNMU-G6-R0149-STT8,6,1,HS,88
HNMU-G6-R0149-STT8,6,2,AI,96
HNMU-G6-R0149-STT8,6,3,HS,36
HNMU-G6-R0149-STT8,6,4,AI,81
HNMU-G6-R0149-STT8,6,5,HS,40
HNMU-G6-R0149-STT8,6,6,AI,107
HNMU-G6-R0151-STT10,6,1,HS,80
HNMU-G6-R0151-STT10,6,2,AI,85
HNMU-G6-R0151-STT10,6,3,HS,18
HNMU-G6-R0151-STT10,6,4,AI,144
HNMU-G6-R0151-STT10,6,5,HS,36
HNMU-G6-R0151-STT10,6,6,AI,54
HNMU-G6-R0152-STT11,6,1,HS,75
HNMU-G6-R0152-STT11,6,2,AI,94
HNMU-G6-R0152-STT11,6,3,HS,27
HNMU-G6-R0152-STT11,6,4,AI,84
HNMU-G6-R0152-STT11,6,5,HS,61
HNMU-G6-R0152-STT11,6,6,AI,121
HNMU-G6-R0152-STT11,6,7,HS,66
HNMU-G6-R0153-STT12,6,1,HS,110
HNMU-G6-R0153-STT12,6,2,AI,160
HNMU-G6-R0153-STT12,6,3,HS,39
HNMU-G6-R0153-STT12,6,4,AI,149
HNMU-G6-R0153-STT12,6,5,HS,68
HNMU-G6-R0153-STT12,6,6,AI,79
HNMU-G6-R0154-STT13,6,1,HS,71
HNMU-G6-R0154-STT13,6,2,AI,151
HNMU-G6-R0154-STT13,6,3,HS,49
HNMU-G6-R0154-STT13,6,4,AI,101
HNMU-G6-R0154-STT13,6,5,HS,56
HNMU-G6-R0154-STT13,6,6,AI,80
HNMU-G6-R0170-STT1,6,1,HS,76
HNMU-G6-R0170-STT1,6,2,AI,175
HNMU-G6-R0170-STT1,6,3,HS,36
HNMU-G6-R0170-STT1,6,4,AI,111
HNMU-G6-R0170-STT1,6,5,HS,54
HNMU-G6-R0170-STT1,6,6,AI,65
HNMU-G6-R0171-STT2,6,1,HS,58
HNMU-G6-R0171-STT2,6,2,AI,103
HNMU-G6-R0171-STT2,6,3,HS,17
HNMU-G6-R0171-STT2,6,4,AI,111
HNMU-G6-R0171-STT2,6,5,HS,21
HNMU-G6-R0171-STT2,6,6,AI,37
HNMU-G6-R0172-STT3,6,1,HS,68
HNMU-G6-R0172-STT3,6,2,AI,88
HNMU-G6-R0172-STT3,6,3,HS,24
HNMU-G6-R0172-STT3,6,4,AI,73
HNMU-G6-R0172-STT3,6,5,HS,46
HNMU-G6-R0172-STT3,6,6,AI,47
HNMU-G6-R0173-STT4,6,1,HS,101
HNMU-G6-R0173-STT4,6,2,AI,114
HNMU-G6-R0173-STT4,6,3,HS,24
HNMU-G6-R0173-STT4,6,4,AI,47
HNMU-G6-R0173-STT4,6,5,HS,84
HNMU-G6-R0173-STT4,6,6,AI,62
HNMU-G6-R0174-STT5,6,1,HS,79
HNMU-G6-R0174-STT5,6,2,AI,137
HNMU-G6-R0174-STT5,6,3,HS,36
HNMU-G6-R0174-STT5,6,4,AI,80
HNMU-G6-R0174-STT5,6,5,HS,95
HNMU-G6-R0174-STT5,6,6,AI,51
HNMU-G6-R0175-STT6,6,1,HS,99
HNMU-G6-R0175-STT6,6,2,AI,139
HNMU-G6-R0175-STT6,6,3,HS,56
HNMU-G6-R0175-STT6,6,4,AI,85
HNMU-G6-R0175-STT6,6,5,HS,98
HNMU-G6-R0175-STT6,6,6,AI,91
HNMU-G6-R0176-STT7,6,1,HS,60
HNMU-G6-R0176-STT7,6,2,AI,43
HNMU-G6-R0176-STT7,6,3,HS,32
HNMU-G6-R0176-STT7,6,4,AI,62
HNMU-G6-R0176-STT7,6,5,HS,29
HNMU-G6-R0176-STT7,6,6,AI,80
HNMU-G6-R0176-STT7,6,7,HS,59
HNMU-G6-R0176-STT7,6,8,AI,42
HNMU-G6-R0178-STT9,6,1,HS,74
HNMU-G6-R0178-STT9,6,2,AI,95
HNMU-G6-R0178-STT9,6,3,HS,39
HNMU-G6-R0178-STT9,6,4,AI,64
HNMU-G6-R0178-STT9,6,5,HS,79
HNMU-G6-R0178-STT9,6,6,AI,83
HNMU-G6-R0179-STT10,6,1,HS,85
HNMU-G6-R0179-STT10,6,2,AI,78
HNMU-G6-R0179-STT10,6,3,HS,27
HNMU-G6-R0179-STT10,6,4,AI,115
HNMU-G6-R0179-STT10,6,5,HS,86
HNMU-G6-R0179-STT10,6,6,AI,71
HNMU-G6-R0180-STT11,6,1,HS,85
HNMU-G6-R0180-STT11,6,2,AI,96
HNMU-G6-R0180-STT11,6,3,HS,46
HNMU-G6-R0180-STT11,6,4,AI,33
HNMU-G6-R0180-STT11,6,5,HS,61
HNMU-G6-R0180-STT11,6,6,AI,70
HNMU-G6-R0181-STT12,6,1,HS,96
HNMU-G6-R0181-STT12,6,2,AI,79
HNMU-G6-R0181-STT12,6,3,HS,25
HNMU-G6-R0181-STT12,6,4,AI,48
HNMU-G6-R0181-STT12,6,5,HS,27
HNMU-G6-R0181-STT12,6,6,AI,74
HNMU-G6-R0181-STT12,6,7,HS,60
HNMU-G6-R0181-STT12,6,8,AI,69
HNMU-G6-R0182-STT13,6,1,HS,100
HNMU-G6-R0182-STT13,6,2,AI,93
HNMU-G6-R0182-STT13,6,3,HS,57
HNMU-G6-R0182-STT13,6,4,AI,149
HNMU-G6-R0182-STT13,6,5,HS,82
HNMU-G6-R0182-STT13,6,6,AI,71
HNMU-G6-R0184-STT1,6,1,HS,45
HNMU-G6-R0184-STT1,6,2,AI,169
HNMU-G6-R0184-STT1,6,3,HS,39
HNMU-G6-R0184-STT1,6,4,AI,121
HNMU-G6-R0185-STT2,6,1,HS,45
HNMU-G6-R0185-STT2,6,2,AI,135
HNMU-G6-R0185-STT2,6,3,HS,27
HNMU-G6-R0185-STT2,6,4,AI,73
HNMU-G6-R0186-STT3,6,1,HS,57
HNMU-G6-R0186-STT3,6,2,AI,109
HNMU-G6-R0186-STT3,6,3,HS,45
HNMU-G6-R0186-STT3,6,4,AI,81
HNMU-G6-R0187-STT4,6,1,HS,56
HNMU-G6-R0187-STT4,6,2,AI,140
HNMU-G6-R0187-STT4,6,3,HS,31
HNMU-G6-R0187-STT4,6,4,AI,58
HNMU-G6-R0188-STT5,6,1,HS,71
HNMU-G6-R0188-STT5,6,2,AI,115
HNMU-G6-R0188-STT5,6,3,HS,24
HNMU-G6-R0188-STT5,6,4,AI,95
HNMU-G6-R0188-STT5,6,5,HS,58
HNMU-G6-R0192-STT9,6,1,HS,71
HNMU-G6-R0192-STT9,6,2,AI,88
HNMU-G6-R0192-STT9,6,3,HS,34
HNMU-G6-R0192-STT9,6,4,AI,77
HNMU-G6-R0192-STT9,6,5,HS,56
HNMU-G6-R0193-STT10,6,1,HS,62
HNMU-G6-R0193-STT10,6,2,AI,127
HNMU-G6-R0193-STT10,6,3,HS,30
HNMU-G6-R0193-STT10,6,4,AI,69
HNMU-G6-R0193-STT10,6,5,HS,46
HNMU-G6-R0195-STT12,6,1,HS,41
HNMU-G6-R0195-STT12,6,2,AI,52
HNMU-G6-R0195-STT12,6,3,HS,25
HNMU-G6-R0195-STT12,6,4,AI,104
HNMU-G6-R0195-STT12,6,5,HS,59
HNMU-G6-R0197-STT14,6,1,HS,54
HNMU-G6-R0197-STT14,6,2,AI,68
HNMU-G6-R0197-STT14,6,3,HS,31
HNMU-G6-R0197-STT14,6,4,AI,84
HNMU-G6-R0197-STT14,6,5,HS,67
HNMU-G6-R0213-STT2,6,1,HS,75
HNMU-G6-R0213-STT2,6,2,AI,128
HNMU-G6-R0213-STT2,6,3,HS,47
HNMU-G6-R0213-STT2,6,4,AI,110
HNMU-G6-R0213-STT2,6,5,HS,39
HNMU-G6-R0213-STT2,6,6,AI,10
HNMU-G6-R0214-STT3,6,1,HS,56
HNMU-G6-R0214-STT3,6,2,AI,127
HNMU-G6-R0214-STT3,6,3,HS,45
HNMU-G6-R0214-STT3,6,4,AI,94
HNMU-G6-R0214-STT3,6,5,HS,71
HNMU-G6-R0214-STT3,6,6,AI,14
HNMU-G6-R0215-STT4,6,1,HS,38
HNMU-G6-R0215-STT4,6,2,AI,94
HNMU-G6-R0215-STT4,6,3,HS,46
HNMU-G6-R0215-STT4,6,4,AI,80
HNMU-G6-R0215-STT4,6,5,HS,51
HNMU-G6-R0215-STT4,6,6,AI,41
HNMU-G6-R0216-STT5,6,1,HS,64
HNMU-G6-R0216-STT5,6,2,AI,117
HNMU-G6-R0216-STT5,6,3,HS,48
HNMU-G6-R0216-STT5,6,4,AI,53
HNMU-G6-R0216-STT5,6,5,HS,121
HNMU-G6-R0216-STT5,6,6,AI,35
HNMU-G6-R0217-STT6,6,1,HS,53
HNMU-G6-R0217-STT6,6,2,AI,85
HNMU-G6-R0217-STT6,6,3,HS,46
HNMU-G6-R0217-STT6,6,4,AI,84
HNMU-G6-R0217-STT6,6,5,HS,82
HNMU-G6-R0217-STT6,6,6,AI,41
HNMU-G6-R0219-STT8,6,1,HS,78
HNMU-G6-R0219-STT8,6,2,AI,119
HNMU-G6-R0219-STT8,6,3,HS,27
HNMU-G6-R0219-STT8,6,4,AI,122
HNMU-G6-R0219-STT8,6,5,HS,92
HNMU-G6-R0219-STT8,6,6,AI,14
HNMU-G6-R0220-STT9,6,1,HS,49
HNMU-G6-R0220-STT9,6,2,AI,128
HNMU-G6-R0220-STT9,6,3,HS,62
HNMU-G6-R0220-STT9,6,4,AI,114
HNMU-G6-R0220-STT9,6,5,HS,63
HNMU-G6-R0220-STT9,6,6,AI,29
HNMU-G6-R0221-STT10,6,1,HS,110
HNMU-G6-R0221-STT10,6,2,AI,121
HNMU-G6-R0221-STT10,6,3,HS,40
HNMU-G6-R0221-STT10,6,4,AI,86
HNMU-G6-R0221-STT10,6,5,HS,83
HNMU-G6-R0221-STT10,6,6,AI,25
HNMU-G6-R0222-STT11,6,1,HS,93
HNMU-G6-R0222-STT11,6,2,AI,77
HNMU-G6-R0222-STT11,6,3,HS,24
HNMU-G6-R0222-STT11,6,4,AI,117
HNMU-G6-R0222-STT11,6,5,HS,98
HNMU-G6-R0222-STT11,6,6,AI,81
HNMU-G6-R0222-STT11,6,7,HS,39
HNMU-G6-R0223-STT12,6,1,HS,78
HNMU-G6-R0223-STT12,6,2,AI,79
HNMU-G6-R0223-STT12,6,3,HS,60
HNMU-G6-R0223-STT12,6,4,AI,93
HNMU-G6-R0223-STT12,6,5,HS,71
HNMU-G6-R0223-STT12,6,6,AI,65
HNMU-G6-R0223-STT12,6,7,HS,37
HNMU-G6-R0224-STT13,6,1,HS,71
HNMU-G6-R0224-STT13,6,2,AI,146
HNMU-G6-R0224-STT13,6,3,HS,35
HNMU-G6-R0224-STT13,6,4,AI,137
HNMU-G6-R0224-STT13,6,5,HS,79
HNMU-G6-R0224-STT13,6,6,AI,90
HNMU-G6-R0224-STT13,6,7,HS,60
HNMU-G6-R0226-STT1,6,1,HS,67
HNMU-G6-R0226-STT1,6,2,AI,192
HNMU-G6-R0226-STT1,6,3,HS,28
HNMU-G6-R0226-STT1,6,4,AI,140
HNMU-G6-R0226-STT1,6,5,HS,129
HNMU-G6-R0226-STT1,6,6,AI,44
HNMU-G6-R0227-STT2,6,1,HS,56
HNMU-G6-R0227-STT2,6,2,AI,93
HNMU-G6-R0227-STT2,6,3,HS,59
HNMU-G6-R0227-STT2,6,4,AI,131
HNMU-G6-R0227-STT2,6,5,HS,54
HNMU-G6-R0227-STT2,6,6,AI,45
HNMU-G6-R0228-STT3,6,1,HS,52
HNMU-G6-R0228-STT3,6,2,AI,212
HNMU-G6-R0228-STT3,6,3,HS,48
HNMU-G6-R0228-STT3,6,4,AI,64
HNMU-G6-R0229-STT4,6,1,HS,68
HNMU-G6-R0229-STT4,6,2,AI,205
HNMU-G6-R0229-STT4,6,3,HS,43
HNMU-G6-R0229-STT4,6,4,AI,67
HNMU-G6-R0230-STT5,6,1,HS,82
HNMU-G6-R0230-STT5,6,2,AI,82
HNMU-G6-R0230-STT5,6,3,HS,39
HNMU-G6-R0230-STT5,6,4,AI,110
HNMU-G6-R0230-STT5,6,5,HS,142
HNMU-G6-R0230-STT5,6,6,AI,48
HNMU-G6-R0231-STT6,6,1,HS,72
HNMU-G6-R0231-STT6,6,2,AI,83
HNMU-G6-R0231-STT6,6,3,HS,85
HNMU-G6-R0231-STT6,6,4,AI,80
HNMU-G6-R0231-STT6,6,5,HS,131
HNMU-G6-R0231-STT6,6,6,AI,54
HNMU-G6-R0232-STT7,6,1,HS,69
HNMU-G6-R0232-STT7,6,2,AI,87
HNMU-G6-R0232-STT7,6,3,HS,29
HNMU-G6-R0232-STT7,6,4,AI,103
HNMU-G6-R0232-STT7,6,5,HS,104
HNMU-G6-R0232-STT7,6,6,AI,60
HNMU-G6-R0233-STT8,6,1,HS,99
HNMU-G6-R0233-STT8,6,2,AI,137
HNMU-G6-R0233-STT8,6,3,HS,47
HNMU-G6-R0233-STT8,6,4,AI,83
HNMU-G6-R0233-STT8,6,5,HS,102
HNMU-G6-R0233-STT8,6,6,AI,73
HNMU-G6-R0235-STT10,6,1,HS,86
HNMU-G6-R0235-STT10,6,2,AI,112
HNMU-G6-R0235-STT10,6,3,HS,48
HNMU-G6-R0235-STT10,6,4,AI,75
HNMU-G6-R0235-STT10,6,5,HS,77
HNMU-G6-R0235-STT10,6,6,AI,60
HNMU-G6-R0236-STT11,6,1,HS,68
HNMU-G6-R0236-STT11,6,2,AI,105
HNMU-G6-R0236-STT11,6,3,HS,31
HNMU-G6-R0236-STT11,6,4,AI,99
HNMU-G6-R0236-STT11,6,5,HS,66
HNMU-G6-R0236-STT11,6,6,AI,78
HNMU-G6-R0237-STT12,6,1,HS,69
HNMU-G6-R0237-STT12,6,2,AI,109
HNMU-G6-R0237-STT12,6,3,HS,38
HNMU-G6-R0237-STT12,6,4,AI,80
HNMU-G6-R0237-STT12,6,5,HS,104
HNMU-G6-R0237-STT12,6,6,AI,74
HNMU-G6-R0238-STT13,6,1,HS,66
HNMU-G6-R0238-STT13,6,2,AI,112
HNMU-G6-R0238-STT13,6,3,HS,20
HNMU-G6-R0238-STT13,6,4,AI,105
HNMU-G6-R0238-STT13,6,5,HS,100
HNMU-G6-R0238-STT13,6,6,AI,50
HNMU-G6-R0239-STT14,6,1,HS,95
HNMU-G6-R0239-STT14,6,2,AI,131
HNMU-G6-R0239-STT14,6,3,HS,24
HNMU-G6-R0239-STT14,6,4,AI,72
HNMU-G6-R0239-STT14,6,5,HS,37
HNMU-G6-R0239-STT14,6,6,AI,81
HNMU-G6-R0239-STT14,6,7,HS,53
HNMU-G6-R0239-STT14,6,8,AI,64
HNMU-G7-R0002-STT1,7,1,HS,83
HNMU-G7-R0002-STT1,7,2,AI,127
HNMU-G7-R0002-STT1,7,3,HS,36
HNMU-G7-R0002-STT1,7,4,AI,84
HNMU-G7-R0002-STT1,7,5,HS,30
HNMU-G7-R0002-STT1,7,6,AI,53
HNMU-G7-R0003-STT2,7,1,HS,36
HNMU-G7-R0003-STT2,7,2,AI,88
HNMU-G7-R0003-STT2,7,3,HS,50
HNMU-G7-R0003-STT2,7,4,AI,126
HNMU-G7-R0003-STT2,7,5,HS,32
HNMU-G7-R0003-STT2,7,6,AI,38
HNMU-G7-R0004-STT3,7,1,HS,63
HNMU-G7-R0004-STT3,7,2,AI,114
HNMU-G7-R0004-STT3,7,3,HS,21
HNMU-G7-R0004-STT3,7,4,AI,160
HNMU-G7-R0004-STT3,7,5,HS,55
HNMU-G7-R0004-STT3,7,6,AI,43
HNMU-G7-R0005-STT4,7,1,HS,64
HNMU-G7-R0005-STT4,7,2,AI,137
HNMU-G7-R0005-STT4,7,3,HS,54
HNMU-G7-R0005-STT4,7,4,AI,78
HNMU-G7-R0005-STT4,7,5,HS,64
HNMU-G7-R0005-STT4,7,6,AI,49
HNMU-G7-R0006-STT5,7,1,HS,88
HNMU-G7-R0006-STT5,7,2,AI,125
HNMU-G7-R0006-STT5,7,3,HS,27
HNMU-G7-R0006-STT5,7,4,AI,139
HNMU-G7-R0006-STT5,7,5,HS,58
HNMU-G7-R0007-STT6,7,1,HS,69
HNMU-G7-R0007-STT6,7,2,AI,97
HNMU-G7-R0007-STT6,7,3,HS,42
HNMU-G7-R0007-STT6,7,4,AI,82
HNMU-G7-R0007-STT6,7,5,HS,31
HNMU-G7-R0007-STT6,7,6,AI,75
HNMU-G7-R0007-STT6,7,7,HS,38
HNMU-G7-R0008-STT7,7,1,HS,71
HNMU-G7-R0008-STT7,7,2,AI,82
HNMU-G7-R0008-STT7,7,3,HS,37
HNMU-G7-R0008-STT7,7,4,AI,94
HNMU-G7-R0008-STT7,7,5,HS,28
HNMU-G7-R0008-STT7,7,6,AI,77
HNMU-G7-R0009-STT8,7,1,HS,89
HNMU-G7-R0009-STT8,7,2,AI,102
HNMU-G7-R0009-STT8,7,3,HS,44
HNMU-G7-R0009-STT8,7,4,AI,81
HNMU-G7-R0009-STT8,7,5,HS,67
HNMU-G7-R0009-STT8,7,6,AI,72
HNMU-G7-R0011-STT10,7,1,HS,67
HNMU-G7-R0011-STT10,7,2,AI,143
HNMU-G7-R0011-STT10,7,3,HS,53
HNMU-G7-R0011-STT10,7,4,AI,45
HNMU-G7-R0011-STT10,7,5,HS,34
HNMU-G7-R0012-STT11,7,1,HS,64
HNMU-G7-R0012-STT11,7,2,AI,82
HNMU-G7-R0012-STT11,7,3,HS,23
HNMU-G7-R0012-STT11,7,4,AI,89
HNMU-G7-R0012-STT11,7,5,HS,22
HNMU-G7-R0012-STT11,7,6,AI,89
HNMU-G7-R0012-STT11,7,7,HS,74
HNMU-G7-R0012-STT11,7,8,AI,64
HNMU-G7-R0013-STT12,7,1,HS,85
HNMU-G7-R0013-STT12,7,2,AI,125
HNMU-G7-R0013-STT12,7,3,HS,70
HNMU-G7-R0013-STT12,7,4,AI,143
HNMU-G7-R0013-STT12,7,5,HS,50
HNMU-G7-R0013-STT12,7,6,AI,75
HNMU-G7-R0014-STT13,7,1,HS,65
HNMU-G7-R0014-STT13,7,2,AI,91
HNMU-G7-R0014-STT13,7,3,HS,59
HNMU-G7-R0014-STT13,7,4,AI,55
HNMU-G7-R0014-STT13,7,5,HS,37
HNMU-G7-R0014-STT13,7,6,AI,73
HNMU-G7-R0014-STT13,7,7,HS,72
HNMU-G7-R0015-STT14,7,1,HS,85
HNMU-G7-R0015-STT14,7,2,AI,89
HNMU-G7-R0015-STT14,7,3,HS,33
HNMU-G7-R0015-STT14,7,4,AI,76
HNMU-G7-R0015-STT14,7,5,HS,13
HNMU-G7-R0015-STT14,7,6,AI,61
HNMU-G7-R0015-STT14,7,7,HS,86
HNMU-G7-R0015-STT14,7,8,AI,58
HNMU-G7-R0018-STT3,7,1,HS,48
HNMU-G7-R0018-STT3,7,2,AI,63
HNMU-G7-R0018-STT3,7,3,HS,13
HNMU-G7-R0018-STT3,7,4,AI,37
HNMU-G7-R0018-STT3,7,5,HS,13
HNMU-G7-R0018-STT3,7,6,AI,114
HNMU-G7-R0018-STT3,7,7,HS,58
HNMU-G7-R0019-STT4,7,1,HS,64
HNMU-G7-R0019-STT4,7,2,AI,115
HNMU-G7-R0019-STT4,7,3,HS,32
HNMU-G7-R0019-STT4,7,4,AI,114
HNMU-G7-R0019-STT4,7,5,HS,31
HNMU-G7-R0020-STT5,7,1,HS,68
HNMU-G7-R0020-STT5,7,2,AI,101
HNMU-G7-R0020-STT5,7,3,HS,19
HNMU-G7-R0020-STT5,7,4,AI,151
HNMU-G7-R0020-STT5,7,5,HS,60
HNMU-G7-R0021-STT6,7,1,HS,62
HNMU-G7-R0021-STT6,7,2,AI,79
HNMU-G7-R0021-STT6,7,3,HS,21
HNMU-G7-R0021-STT6,7,4,AI,69
HNMU-G7-R0021-STT6,7,5,HS,29
HNMU-G7-R0021-STT6,7,6,AI,104
HNMU-G7-R0021-STT6,7,7,HS,25
HNMU-G7-R0024-STT9,7,1,HS,84
HNMU-G7-R0024-STT9,7,2,AI,107
HNMU-G7-R0024-STT9,7,3,HS,47
HNMU-G7-R0024-STT9,7,4,AI,114
HNMU-G7-R0024-STT9,7,5,HS,42
HNMU-G7-R0024-STT9,7,6,AI,52
HNMU-G7-R0025-STT10,7,1,HS,77
HNMU-G7-R0025-STT10,7,2,AI,123
HNMU-G7-R0025-STT10,7,3,HS,47
HNMU-G7-R0025-STT10,7,4,AI,84
HNMU-G7-R0025-STT10,7,5,HS,41
HNMU-G7-R0026-STT11,7,1,HS,80
HNMU-G7-R0026-STT11,7,2,AI,93
HNMU-G7-R0026-STT11,7,3,HS,16
HNMU-G7-R0026-STT11,7,4,AI,47
HNMU-G7-R0026-STT11,7,5,HS,55
HNMU-G7-R0026-STT11,7,6,AI,54
HNMU-G7-R0026-STT11,7,7,HS,57
HNMU-G7-R0027-STT12,7,1,HS,71
HNMU-G7-R0027-STT12,7,2,AI,64
HNMU-G7-R0027-STT12,7,3,HS,16
HNMU-G7-R0027-STT12,7,4,AI,68
HNMU-G7-R0027-STT12,7,5,HS,43
HNMU-G7-R0027-STT12,7,6,AI,60
HNMU-G7-R0027-STT12,7,7,HS,34
HNMU-G7-R0028-STT13,7,1,HS,78
HNMU-G7-R0028-STT13,7,2,AI,130
HNMU-G7-R0028-STT13,7,3,HS,38
HNMU-G7-R0028-STT13,7,4,AI,67
HNMU-G7-R0028-STT13,7,5,HS,50
HNMU-G7-R0029-STT14,7,1,HS,89
HNMU-G7-R0029-STT14,7,2,AI,109
HNMU-G7-R0029-STT14,7,3,HS,56
HNMU-G7-R0029-STT14,7,4,AI,90
HNMU-G7-R0029-STT14,7,5,HS,69
HNMU-G7-R0030-STT1,7,1,HS,85
HNMU-G7-R0030-STT1,7,2,AI,147
HNMU-G7-R0030-STT1,7,3,HS,24
HNMU-G7-R0030-STT1,7,4,AI,125
HNMU-G7-R0030-STT1,7,5,HS,57
HNMU-G7-R0030-STT1,7,6,AI,46
HNMU-G7-R0031-STT2,7,1,HS,57
HNMU-G7-R0031-STT2,7,2,AI,172
HNMU-G7-R0031-STT2,7,3,HS,13
HNMU-G7-R0031-STT2,7,4,AI,92
HNMU-G7-R0031-STT2,7,5,HS,25
HNMU-G7-R0032-STT3,7,1,HS,65
HNMU-G7-R0032-STT3,7,2,AI,101
HNMU-G7-R0032-STT3,7,3,HS,46
HNMU-G7-R0032-STT3,7,4,AI,100
HNMU-G7-R0032-STT3,7,5,HS,57
HNMU-G7-R0033-STT4,7,1,HS,64
HNMU-G7-R0033-STT4,7,2,AI,148
HNMU-G7-R0033-STT4,7,3,HS,36
HNMU-G7-R0033-STT4,7,4,AI,83
HNMU-G7-R0033-STT4,7,5,HS,35
HNMU-G7-R0034-STT5,7,1,HS,106
HNMU-G7-R0034-STT5,7,2,AI,103
HNMU-G7-R0034-STT5,7,3,HS,27
HNMU-G7-R0034-STT5,7,4,AI,66
HNMU-G7-R0034-STT5,7,5,HS,23
HNMU-G7-R0034-STT5,7,6,AI,100
HNMU-G7-R0034-STT5,7,7,HS,48
HNMU-G7-R0035-STT6,7,1,HS,80
HNMU-G7-R0035-STT6,7,2,AI,113
HNMU-G7-R0035-STT6,7,3,HS,39
HNMU-G7-R0035-STT6,7,4,AI,114
HNMU-G7-R0036-STT7,7,1,HS,51
HNMU-G7-R0036-STT7,7,2,AI,115
HNMU-G7-R0036-STT7,7,3,HS,37
HNMU-G7-R0036-STT7,7,4,AI,58
HNMU-G7-R0036-STT7,7,5,HS,49
HNMU-G7-R0036-STT7,7,6,AI,61
HNMU-G7-R0037-STT8,7,1,HS,82
HNMU-G7-R0037-STT8,7,2,AI,154
HNMU-G7-R0037-STT8,7,3,HS,11
HNMU-G7-R0037-STT8,7,4,AI,89
HNMU-G7-R0037-STT8,7,5,HS,40
HNMU-G7-R0038-STT9,7,1,HS,74
HNMU-G7-R0038-STT9,7,2,AI,131
HNMU-G7-R0038-STT9,7,3,HS,20
HNMU-G7-R0038-STT9,7,4,AI,74
HNMU-G7-R0038-STT9,7,5,HS,68
HNMU-G7-R0039-STT10,7,1,HS,58
HNMU-G7-R0039-STT10,7,2,AI,114
HNMU-G7-R0039-STT10,7,3,HS,31
HNMU-G7-R0039-STT10,7,4,AI,92
HNMU-G7-R0039-STT10,7,5,HS,65
HNMU-G7-R0040-STT11,7,1,HS,86
HNMU-G7-R0040-STT11,7,2,AI,89
HNMU-G7-R0040-STT11,7,3,HS,23
HNMU-G7-R0040-STT11,7,4,AI,66
HNMU-G7-R0040-STT11,7,5,HS,29
HNMU-G7-R0040-STT11,7,6,AI,144
HNMU-G7-R0040-STT11,7,7,HS,90
HNMU-G7-R0041-STT12,7,1,HS,64
HNMU-G7-R0041-STT12,7,2,AI,75
HNMU-G7-R0041-STT12,7,3,HS,17
HNMU-G7-R0041-STT12,7,4,AI,115
HNMU-G7-R0041-STT12,7,5,HS,19
HNMU-G7-R0041-STT12,7,6,AI,100
HNMU-G7-R0042-STT13,7,1,HS,55
HNMU-G7-R0042-STT13,7,2,AI,117
HNMU-G7-R0042-STT13,7,3,HS,35
HNMU-G7-R0042-STT13,7,4,AI,140
HNMU-G7-R0042-STT13,7,5,HS,69
HNMU-G7-R0043-STT14,7,1,HS,112
HNMU-G7-R0043-STT14,7,2,AI,103
HNMU-G7-R0043-STT14,7,3,HS,23
HNMU-G7-R0043-STT14,7,4,AI,138
HNMU-G7-R0043-STT14,7,5,HS,83
HNMU-G7-R0043-STT14,7,6,AI,59
HNMU-G7-R0058-STT1,7,1,HS,71
HNMU-G7-R0058-STT1,7,2,AI,132
HNMU-G7-R0058-STT1,7,3,HS,37
HNMU-G7-R0058-STT1,7,4,AI,120
HNMU-G7-R0058-STT1,7,5,HS,48
HNMU-G7-R0058-STT1,7,6,AI,71
HNMU-G7-R0059-STT2,7,1,HS,97
HNMU-G7-R0059-STT2,7,2,AI,104
HNMU-G7-R0059-STT2,7,3,HS,45
HNMU-G7-R0059-STT2,7,4,AI,138
HNMU-G7-R0059-STT2,7,5,HS,62
HNMU-G7-R0060-STT3,7,1,HS,63
HNMU-G7-R0060-STT3,7,2,AI,53
HNMU-G7-R0060-STT3,7,3,HS,56
HNMU-G7-R0060-STT3,7,4,AI,112
HNMU-G7-R0060-STT3,7,5,HS,79
HNMU-G7-R0061-STT4,7,1,HS,55
HNMU-G7-R0061-STT4,7,2,AI,82
HNMU-G7-R0061-STT4,7,3,HS,51
HNMU-G7-R0061-STT4,7,4,AI,104
HNMU-G7-R0061-STT4,7,5,HS,38
HNMU-G7-R0061-STT4,7,6,AI,64
HNMU-G7-R0062-STT5,7,1,HS,146
HNMU-G7-R0062-STT5,7,2,AI,110
HNMU-G7-R0062-STT5,7,3,HS,66
HNMU-G7-R0062-STT5,7,4,AI,124
HNMU-G7-R0062-STT5,7,5,HS,80
HNMU-G7-R0062-STT5,7,6,AI,170
HNMU-G7-R0063-STT6,7,1,HS,67
HNMU-G7-R0063-STT6,7,2,AI,106
HNMU-G7-R0063-STT6,7,3,HS,52
HNMU-G7-R0063-STT6,7,4,AI,128
HNMU-G7-R0063-STT6,7,5,HS,114
HNMU-G7-R0063-STT6,7,6,AI,180
HNMU-G7-R0066-STT9,7,1,HS,89
HNMU-G7-R0066-STT9,7,2,AI,73
HNMU-G7-R0066-STT9,7,3,HS,46
HNMU-G7-R0066-STT9,7,4,AI,81
HNMU-G7-R0066-STT9,7,5,HS,29
HNMU-G7-R0066-STT9,7,6,AI,87
HNMU-G7-R0066-STT9,7,7,HS,58
HNMU-G7-R0067-STT10,7,1,HS,64
HNMU-G7-R0067-STT10,7,2,AI,102
HNMU-G7-R0067-STT10,7,3,HS,70
HNMU-G7-R0067-STT10,7,4,AI,115
HNMU-G7-R0067-STT10,7,5,HS,47
HNMU-G7-R0067-STT10,7,6,AI,69
HNMU-G7-R0069-STT12,7,1,HS,77
HNMU-G7-R0069-STT12,7,2,AI,92
HNMU-G7-R0069-STT12,7,3,HS,47
HNMU-G7-R0069-STT12,7,4,AI,65
HNMU-G7-R0069-STT12,7,5,HS,57
HNMU-G7-R0069-STT12,7,6,AI,103
HNMU-G7-R0071-STT14,7,1,HS,104
HNMU-G7-R0071-STT14,7,2,AI,132
HNMU-G7-R0071-STT14,7,3,HS,55
HNMU-G7-R0071-STT14,7,4,AI,80
HNMU-G7-R0071-STT14,7,5,HS,121
HNMU-G7-R0071-STT14,7,6,AI,74
HNMU-G7-R0072-STT1,7,1,HS,87
HNMU-G7-R0072-STT1,7,2,AI,207
HNMU-G7-R0072-STT1,7,3,HS,61
HNMU-G7-R0072-STT1,7,4,AI,130
HNMU-G7-R0072-STT1,7,5,HS,33
HNMU-G7-R0073-STT2,7,1,HS,60
HNMU-G7-R0073-STT2,7,2,AI,106
HNMU-G7-R0073-STT2,7,3,HS,28
HNMU-G7-R0073-STT2,7,4,AI,93
HNMU-G7-R0073-STT2,7,5,HS,26
HNMU-G7-R0074-STT3,7,1,HS,54
HNMU-G7-R0074-STT3,7,2,AI,136
HNMU-G7-R0074-STT3,7,3,HS,26
HNMU-G7-R0074-STT3,7,4,AI,91
HNMU-G7-R0074-STT3,7,5,HS,20
HNMU-G7-R0074-STT3,7,6,AI,50
HNMU-G7-R0075-STT4,7,1,HS,61
HNMU-G7-R0075-STT4,7,2,AI,166
HNMU-G7-R0075-STT4,7,3,HS,31
HNMU-G7-R0075-STT4,7,4,AI,69
HNMU-G7-R0076-STT5,7,1,HS,73
HNMU-G7-R0076-STT5,7,2,AI,111
HNMU-G7-R0076-STT5,7,3,HS,63
HNMU-G7-R0076-STT5,7,4,AI,155
HNMU-G7-R0076-STT5,7,5,HS,53
HNMU-G7-R0077-STT6,7,1,HS,89
HNMU-G7-R0077-STT6,7,2,AI,137
HNMU-G7-R0077-STT6,7,3,HS,15
HNMU-G7-R0077-STT6,7,4,AI,102
HNMU-G7-R0079-STT8,7,1,HS,84
HNMU-G7-R0079-STT8,7,2,AI,126
HNMU-G7-R0079-STT8,7,3,HS,33
HNMU-G7-R0079-STT8,7,4,AI,87
HNMU-G7-R0079-STT8,7,5,HS,38
HNMU-G7-R0080-STT9,7,1,HS,69
HNMU-G7-R0080-STT9,7,2,AI,70
HNMU-G7-R0080-STT9,7,3,HS,44
HNMU-G7-R0080-STT9,7,4,AI,127
HNMU-G7-R0080-STT9,7,5,HS,51
HNMU-G7-R0081-STT10,7,1,HS,92
HNMU-G7-R0081-STT10,7,2,AI,137
HNMU-G7-R0081-STT10,7,3,HS,11
HNMU-G7-R0081-STT10,7,4,AI,94
HNMU-G7-R0081-STT10,7,5,HS,82
HNMU-G7-R0082-STT11,7,1,HS,107
HNMU-G7-R0082-STT11,7,2,AI,65
HNMU-G7-R0082-STT11,7,3,HS,30
HNMU-G7-R0082-STT11,7,4,AI,60
HNMU-G7-R0082-STT11,7,5,HS,22
HNMU-G7-R0082-STT11,7,6,AI,75
HNMU-G7-R0083-STT12,7,1,HS,56
HNMU-G7-R0083-STT12,7,2,AI,114
HNMU-G7-R0083-STT12,7,3,HS,12
HNMU-G7-R0083-STT12,7,4,AI,62
HNMU-G7-R0083-STT12,7,5,HS,33
HNMU-G7-R0083-STT12,7,6,AI,31
HNMU-G7-R0084-STT13,7,1,HS,97
HNMU-G7-R0084-STT13,7,2,AI,157
HNMU-G7-R0084-STT13,7,3,HS,66
HNMU-G7-R0084-STT13,7,4,AI,71
HNMU-G7-R0085-STT14,7,1,HS,102
HNMU-G7-R0085-STT14,7,2,AI,161
HNMU-G7-R0085-STT14,7,3,HS,28
HNMU-G7-R0085-STT14,7,4,AI,109
HNMU-G7-R0101-STT2,7,1,HS,82
HNMU-G7-R0101-STT2,7,2,AI,84
HNMU-G7-R0101-STT2,7,3,HS,20
HNMU-G7-R0101-STT2,7,4,AI,109
HNMU-G7-R0101-STT2,7,5,HS,20
HNMU-G7-R0104-STT5,7,1,HS,77
HNMU-G7-R0104-STT5,7,2,AI,78
HNMU-G7-R0104-STT5,7,3,HS,31
HNMU-G7-R0104-STT5,7,4,AI,95
HNMU-G7-R0104-STT5,7,5,HS,47
HNMU-G7-R0104-STT5,7,6,AI,58
HNMU-G7-R0105-STT6,7,1,HS,94
HNMU-G7-R0105-STT6,7,2,AI,123
HNMU-G7-R0105-STT6,7,3,HS,34
HNMU-G7-R0105-STT6,7,4,AI,131
HNMU-G7-R0105-STT6,7,5,HS,45
HNMU-G7-R0106-STT7,7,1,HS,52
HNMU-G7-R0106-STT7,7,2,AI,133
HNMU-G7-R0106-STT7,7,3,HS,33
HNMU-G7-R0106-STT7,7,4,AI,55
HNMU-G7-R0106-STT7,7,5,HS,29
HNMU-G7-R0107-STT8,7,1,HS,75
HNMU-G7-R0107-STT8,7,2,AI,73
HNMU-G7-R0107-STT8,7,3,HS,31
HNMU-G7-R0107-STT8,7,4,AI,94
HNMU-G7-R0107-STT8,7,5,HS,19
HNMU-G7-R0107-STT8,7,6,AI,67
HNMU-G7-R0109-STT10,7,1,HS,64
HNMU-G7-R0109-STT10,7,2,AI,68
HNMU-G7-R0109-STT10,7,3,HS,56
HNMU-G7-R0109-STT10,7,4,AI,97
HNMU-G7-R0109-STT10,7,5,HS,27
HNMU-G7-R0109-STT10,7,6,AI,42
HNMU-G7-R0110-STT11,7,1,HS,58
HNMU-G7-R0110-STT11,7,2,AI,98
HNMU-G7-R0110-STT11,7,3,HS,52
HNMU-G7-R0110-STT11,7,4,AI,68
HNMU-G7-R0110-STT11,7,5,HS,23
HNMU-G7-R0110-STT11,7,6,AI,40
HNMU-G7-R0111-STT12,7,1,HS,87
HNMU-G7-R0111-STT12,7,2,AI,74
HNMU-G7-R0111-STT12,7,3,HS,17
HNMU-G7-R0111-STT12,7,4,AI,98
HNMU-G7-R0111-STT12,7,5,HS,44
HNMU-G7-R0114-STT1,7,1,HS,65
HNMU-G7-R0114-STT1,7,2,AI,111
HNMU-G7-R0114-STT1,7,3,HS,19
HNMU-G7-R0114-STT1,7,4,AI,118
HNMU-G7-R0114-STT1,7,5,HS,66
HNMU-G7-R0115-STT2,7,1,HS,92
HNMU-G7-R0115-STT2,7,2,AI,88
HNMU-G7-R0115-STT2,7,3,HS,19
HNMU-G7-R0115-STT2,7,4,AI,86
HNMU-G7-R0117-STT4,7,1,HS,95
HNMU-G7-R0117-STT4,7,2,AI,58
HNMU-G7-R0117-STT4,7,3,HS,18
HNMU-G7-R0117-STT4,7,4,AI,74
HNMU-G7-R0117-STT4,7,5,HS,18
HNMU-G7-R0118-STT5,7,1,HS,86
HNMU-G7-R0118-STT5,7,2,AI,123
HNMU-G7-R0118-STT5,7,3,HS,27
HNMU-G7-R0118-STT5,7,4,AI,99
HNMU-G7-R0118-STT5,7,5,HS,54
HNMU-G7-R0119-STT6,7,1,HS,73
HNMU-G7-R0119-STT6,7,2,AI,116
HNMU-G7-R0119-STT6,7,3,HS,56
HNMU-G7-R0119-STT6,7,4,AI,69
HNMU-G7-R0119-STT6,7,5,HS,65
HNMU-G7-R0121-STT8,7,1,HS,84
HNMU-G7-R0121-STT8,7,2,AI,88
HNMU-G7-R0121-STT8,7,3,HS,30
HNMU-G7-R0121-STT8,7,4,AI,121
HNMU-G7-R0121-STT8,7,5,HS,52
HNMU-G7-R0122-STT9,7,1,HS,97
HNMU-G7-R0122-STT9,7,2,AI,153
HNMU-G7-R0122-STT9,7,3,HS,41
HNMU-G7-R0122-STT9,7,4,AI,101
HNMU-G7-R0122-STT9,7,5,HS,49
HNMU-G7-R0124-STT11,7,1,HS,67
HNMU-G7-R0124-STT11,7,2,AI,86
HNMU-G7-R0124-STT11,7,3,HS,90
HNMU-G7-R0124-STT11,7,4,AI,133
HNMU-G7-R0124-STT11,7,5,HS,57
HNMU-G7-R0125-STT12,7,1,HS,94
HNMU-G7-R0125-STT12,7,2,AI,166
HNMU-G7-R0125-STT12,7,3,HS,62
HNMU-G7-R0125-STT12,7,4,AI,77
HNMU-G7-R0126-STT13,7,1,HS,84
HNMU-G7-R0126-STT13,7,2,AI,170
HNMU-G7-R0126-STT13,7,3,HS,54
HNMU-G7-R0126-STT13,7,4,AI,70
HNMU-G7-R0127-STT14,7,1,HS,100
HNMU-G7-R0127-STT14,7,2,AI,105
HNMU-G7-R0127-STT14,7,3,HS,69
HNMU-G7-R0127-STT14,7,4,AI,109
HNMU-G7-R0127-STT14,7,5,HS,59
HNMU-G7-R0142-STT1,7,1,HS,56
HNMU-G7-R0142-STT1,7,2,AI,79
HNMU-G7-R0142-STT1,7,3,HS,52
HNMU-G7-R0142-STT1,7,4,AI,164
HNMU-G7-R0142-STT1,7,5,HS,66
HNMU-G7-R0142-STT1,7,6,AI,64
HNMU-G7-R0143-STT2,7,1,HS,80
HNMU-G7-R0143-STT2,7,2,AI,110
HNMU-G7-R0143-STT2,7,3,HS,45
HNMU-G7-R0143-STT2,7,4,AI,120
HNMU-G7-R0143-STT2,7,5,HS,38
HNMU-G7-R0143-STT2,7,6,AI,59
HNMU-G7-R0144-STT3,7,1,HS,74
HNMU-G7-R0144-STT3,7,2,AI,105
HNMU-G7-R0144-STT3,7,3,HS,32
HNMU-G7-R0144-STT3,7,4,AI,125
HNMU-G7-R0144-STT3,7,5,HS,61
HNMU-G7-R0144-STT3,7,6,AI,42
HNMU-G7-R0145-STT4,7,1,HS,80
HNMU-G7-R0145-STT4,7,2,AI,146
HNMU-G7-R0145-STT4,7,3,HS,52
HNMU-G7-R0145-STT4,7,4,AI,121
HNMU-G7-R0145-STT4,7,5,HS,68
HNMU-G7-R0146-STT5,7,1,HS,85
HNMU-G7-R0146-STT5,7,2,AI,118
HNMU-G7-R0146-STT5,7,3,HS,60
HNMU-G7-R0146-STT5,7,4,AI,104
HNMU-G7-R0146-STT5,7,5,HS,66
HNMU-G7-R0146-STT5,7,6,AI,45
HNMU-G7-R0147-STT6,7,1,HS,66
HNMU-G7-R0147-STT6,7,2,AI,198
HNMU-G7-R0147-STT6,7,3,HS,91
HNMU-G7-R0147-STT6,7,4,AI,107
HNMU-G7-R0147-STT6,7,5,HS,21
HNMU-G7-R0148-STT7,7,1,HS,74
HNMU-G7-R0148-STT7,7,2,AI,130
HNMU-G7-R0148-STT7,7,3,HS,49
HNMU-G7-R0148-STT7,7,4,AI,109
HNMU-G7-R0148-STT7,7,5,HS,76
HNMU-G7-R0149-STT8,7,1,HS,54
HNMU-G7-R0149-STT8,7,2,AI,105
HNMU-G7-R0149-STT8,7,3,HS,75
HNMU-G7-R0149-STT8,7,4,AI,134
HNMU-G7-R0149-STT8,7,5,HS,91
HNMU-G7-R0150-STT9,7,1,HS,69
HNMU-G7-R0150-STT9,7,2,AI,214
HNMU-G7-R0150-STT9,7,3,HS,69
HNMU-G7-R0150-STT9,7,4,AI,81
HNMU-G7-R0150-STT9,7,5,HS,57
HNMU-G7-R0151-STT10,7,1,HS,90
HNMU-G7-R0151-STT10,7,2,AI,94
HNMU-G7-R0151-STT10,7,3,HS,71
HNMU-G7-R0151-STT10,7,4,AI,110
HNMU-G7-R0151-STT10,7,5,HS,102
HNMU-G7-R0152-STT11,7,1,HS,82
HNMU-G7-R0152-STT11,7,2,AI,169
HNMU-G7-R0152-STT11,7,3,HS,47
HNMU-G7-R0152-STT11,7,4,AI,78
HNMU-G7-R0152-STT11,7,5,HS,64
HNMU-G7-R0153-STT12,7,1,HS,109
HNMU-G7-R0153-STT12,7,2,AI,204
HNMU-G7-R0153-STT12,7,3,HS,17
HNMU-G7-R0153-STT12,7,4,AI,110
HNMU-G7-R0153-STT12,7,5,HS,44
HNMU-G7-R0156-STT1,7,1,HS,98
HNMU-G7-R0156-STT1,7,2,AI,88
HNMU-G7-R0156-STT1,7,3,HS,50
HNMU-G7-R0156-STT1,7,4,AI,121
HNMU-G7-R0156-STT1,7,5,HS,45
HNMU-G7-R0156-STT1,7,6,AI,131
HNMU-G7-R0156-STT1,7,7,HS,67
HNMU-G7-R0156-STT1,7,8,AI,70
HNMU-G7-R0156-STT1,7,9,HS,64
HNMU-G7-R0156-STT1,7,10,AI,49
HNMU-G7-R0157-STT2,7,1,HS,54
HNMU-G7-R0157-STT2,7,2,AI,87
HNMU-G7-R0157-STT2,7,3,HS,46
HNMU-G7-R0157-STT2,7,4,AI,65
HNMU-G7-R0157-STT2,7,5,HS,40
HNMU-G7-R0157-STT2,7,6,AI,96
HNMU-G7-R0157-STT2,7,7,HS,49
HNMU-G7-R0157-STT2,7,8,AI,65
HNMU-G7-R0157-STT2,7,9,HS,45
HNMU-G7-R0157-STT2,7,10,AI,66
HNMU-G7-R0158-STT3,7,1,HS,82
HNMU-G7-R0158-STT3,7,2,AI,88
HNMU-G7-R0158-STT3,7,3,HS,50
HNMU-G7-R0158-STT3,7,4,AI,69
HNMU-G7-R0158-STT3,7,5,HS,21
HNMU-G7-R0158-STT3,7,6,AI,105
HNMU-G7-R0158-STT3,7,7,HS,18
HNMU-G7-R0158-STT3,7,8,AI,61
HNMU-G7-R0158-STT3,7,9,HS,63
HNMU-G7-R0158-STT3,7,10,AI,69
HNMU-G7-R0159-STT4,7,1,HS,94
HNMU-G7-R0159-STT4,7,2,AI,110
HNMU-G7-R0159-STT4,7,3,HS,59
HNMU-G7-R0159-STT4,7,4,AI,150
HNMU-G7-R0159-STT4,7,5,HS,55
HNMU-G7-R0159-STT4,7,6,AI,87
HNMU-G7-R0159-STT4,7,7,HS,59
HNMU-G7-R0159-STT4,7,8,AI,75
HNMU-G7-R0159-STT4,7,9,HS,48
HNMU-G7-R0160-STT5,7,1,HS,81
HNMU-G7-R0160-STT5,7,2,AI,125
HNMU-G7-R0160-STT5,7,3,HS,51
HNMU-G7-R0160-STT5,7,4,AI,127
HNMU-G7-R0160-STT5,7,5,HS,73
HNMU-G7-R0160-STT5,7,6,AI,89
HNMU-G7-R0160-STT5,7,7,HS,85
HNMU-G7-R0160-STT5,7,8,AI,102
HNMU-G7-R0161-STT6,7,1,HS,104
HNMU-G7-R0161-STT6,7,2,AI,154
HNMU-G7-R0161-STT6,7,3,HS,34
HNMU-G7-R0161-STT6,7,4,AI,129
HNMU-G7-R0161-STT6,7,5,HS,31
HNMU-G7-R0161-STT6,7,6,AI,75
HNMU-G7-R0161-STT6,7,7,HS,63
HNMU-G7-R0161-STT6,7,8,AI,57
HNMU-G7-R0161-STT6,7,9,HS,100
HNMU-G7-R0161-STT6,7,10,AI,66
HNMU-G7-R0162-STT7,7,1,HS,116
HNMU-G7-R0162-STT7,7,2,AI,120
HNMU-G7-R0162-STT7,7,3,HS,41
HNMU-G7-R0162-STT7,7,4,AI,115
HNMU-G7-R0162-STT7,7,5,HS,62
HNMU-G7-R0162-STT7,7,6,AI,125
HNMU-G7-R0162-STT7,7,7,HS,60
HNMU-G7-R0162-STT7,7,8,AI,151
HNMU-G7-R0162-STT7,7,9,HS,88
HNMU-G7-R0162-STT7,7,10,AI,84
HNMU-G7-R0163-STT8,7,1,HS,136
HNMU-G7-R0163-STT8,7,2,AI,119
HNMU-G7-R0163-STT8,7,3,HS,7
HNMU-G7-R0163-STT8,7,4,AI,147
HNMU-G7-R0163-STT8,7,5,HS,73
HNMU-G7-R0163-STT8,7,6,AI,80
HNMU-G7-R0163-STT8,7,7,HS,79
HNMU-G7-R0163-STT8,7,8,AI,113
HNMU-G7-R0163-STT8,7,9,HS,83
HNMU-G7-R0163-STT8,7,10,AI,48
HNMU-G7-R0164-STT9,7,1,HS,102
HNMU-G7-R0164-STT9,7,2,AI,92
HNMU-G7-R0164-STT9,7,3,HS,34
HNMU-G7-R0164-STT9,7,4,AI,155
HNMU-G7-R0164-STT9,7,5,HS,60
HNMU-G7-R0164-STT9,7,6,AI,136
HNMU-G7-R0164-STT9,7,7,HS,68
HNMU-G7-R0164-STT9,7,8,AI,126
HNMU-G7-R0164-STT9,7,9,HS,108
HNMU-G7-R0164-STT9,7,10,AI,65
HNMU-G7-R0165-STT10,7,1,HS,99
HNMU-G7-R0165-STT10,7,2,AI,127
HNMU-G7-R0165-STT10,7,3,HS,24
HNMU-G7-R0165-STT10,7,4,AI,168
HNMU-G7-R0165-STT10,7,5,HS,32
HNMU-G7-R0165-STT10,7,6,AI,90
HNMU-G7-R0165-STT10,7,7,HS,93
HNMU-G7-R0165-STT10,7,8,AI,113
HNMU-G7-R0165-STT10,7,9,HS,90
HNMU-G7-R0165-STT10,7,10,AI,73
HNMU-G7-R0166-STT11,7,1,HS,99
HNMU-G7-R0166-STT11,7,2,AI,105
HNMU-G7-R0166-STT11,7,3,HS,33
HNMU-G7-R0166-STT11,7,4,AI,123
HNMU-G7-R0166-STT11,7,5,HS,44
HNMU-G7-R0166-STT11,7,6,AI,92
HNMU-G7-R0166-STT11,7,7,HS,70
HNMU-G7-R0166-STT11,7,8,AI,100
HNMU-G7-R0166-STT11,7,9,HS,64
HNMU-G7-R0166-STT11,7,10,AI,19
HNMU-G7-R0166-STT11,7,11,HS,70
HNMU-G7-R0166-STT11,7,12,AI,69
HNMU-G7-R0167-STT12,7,1,HS,131
HNMU-G7-R0167-STT12,7,2,AI,79
HNMU-G7-R0167-STT12,7,3,HS,63
HNMU-G7-R0167-STT12,7,4,AI,168
HNMU-G7-R0167-STT12,7,5,HS,53
HNMU-G7-R0167-STT12,7,6,AI,92
HNMU-G7-R0167-STT12,7,7,HS,14
HNMU-G7-R0167-STT12,7,8,AI,100
HNMU-G7-R0167-STT12,7,9,HS,79
HNMU-G7-R0167-STT12,7,10,AI,120
HNMU-G7-R0168-STT13,7,1,HS,146
HNMU-G7-R0168-STT13,7,2,AI,172
HNMU-G7-R0168-STT13,7,3,HS,62
HNMU-G7-R0168-STT13,7,4,AI,170
HNMU-G7-R0168-STT13,7,5,HS,25
HNMU-G7-R0168-STT13,7,6,AI,67
HNMU-G7-R0168-STT13,7,7,HS,42
HNMU-G7-R0168-STT13,7,8,AI,35
HNMU-G7-R0168-STT13,7,9,HS,100
HNMU-G7-R0168-STT13,7,10,AI,81
HNMU-G7-R0169-STT14,7,1,HS,105
HNMU-G7-R0169-STT14,7,2,AI,164
HNMU-G7-R0169-STT14,7,3,HS,53
HNMU-G7-R0169-STT14,7,4,AI,201
HNMU-G7-R0169-STT14,7,5,HS,37
HNMU-G7-R0169-STT14,7,6,AI,118
HNMU-G7-R0169-STT14,7,7,HS,83
HNMU-G7-R0169-STT14,7,8,AI,105
HNMU-G7-R0169-STT14,7,9,HS,84
HNMU-G7-R0169-STT14,7,10,AI,76
HNMU-G7-R0184-STT1,7,1,HS,69
HNMU-G7-R0184-STT1,7,2,AI,93
HNMU-G7-R0184-STT1,7,3,HS,54
HNMU-G7-R0184-STT1,7,4,AI,108
HNMU-G7-R0184-STT1,7,5,HS,36
HNMU-G7-R0184-STT1,7,6,AI,134
HNMU-G7-R0184-STT1,7,7,HS,45
HNMU-G7-R0184-STT1,7,8,AI,70
HNMU-G7-R0185-STT2,7,1,HS,60
HNMU-G7-R0185-STT2,7,2,AI,102
HNMU-G7-R0185-STT2,7,3,HS,45
HNMU-G7-R0185-STT2,7,4,AI,173
HNMU-G7-R0185-STT2,7,5,HS,42
HNMU-G7-R0185-STT2,7,6,AI,93
HNMU-G7-R0185-STT2,7,7,HS,86
HNMU-G7-R0185-STT2,7,8,AI,83
HNMU-G7-R0186-STT3,7,1,HS,79
HNMU-G7-R0186-STT3,7,2,AI,128
HNMU-G7-R0186-STT3,7,3,HS,35
HNMU-G7-R0186-STT3,7,4,AI,113
HNMU-G7-R0186-STT3,7,5,HS,55
HNMU-G7-R0186-STT3,7,6,AI,64
HNMU-G7-R0186-STT3,7,7,HS,47
HNMU-G7-R0186-STT3,7,8,AI,90
HNMU-G7-R0186-STT3,7,9,HS,88
HNMU-G7-R0186-STT3,7,10,AI,76
HNMU-G7-R0187-STT4,7,1,HS,89
HNMU-G7-R0187-STT4,7,2,AI,130
HNMU-G7-R0187-STT4,7,3,HS,52
HNMU-G7-R0187-STT4,7,4,AI,54
HNMU-G7-R0187-STT4,7,5,HS,89
HNMU-G7-R0187-STT4,7,6,AI,40
HNMU-G7-R0187-STT4,7,7,HS,65
HNMU-G7-R0187-STT4,7,8,AI,163
HNMU-G7-R0187-STT4,7,9,HS,114
HNMU-G7-R0187-STT4,7,10,AI,97
HNMU-G7-R0188-STT5,7,1,HS,105
HNMU-G7-R0188-STT5,7,2,AI,139
HNMU-G7-R0188-STT5,7,3,HS,59
HNMU-G7-R0188-STT5,7,4,AI,59
HNMU-G7-R0188-STT5,7,5,HS,78
HNMU-G7-R0188-STT5,7,6,AI,38
HNMU-G7-R0188-STT5,7,7,HS,78
HNMU-G7-R0188-STT5,7,8,AI,88
HNMU-G7-R0188-STT5,7,9,HS,112
HNMU-G7-R0188-STT5,7,10,AI,80
HNMU-G7-R0189-STT6,7,1,HS,94
HNMU-G7-R0189-STT6,7,2,AI,182
HNMU-G7-R0189-STT6,7,3,HS,33
HNMU-G7-R0189-STT6,7,4,AI,102
HNMU-G7-R0189-STT6,7,5,AI,52
HNMU-G7-R0189-STT6,7,6,HS,68
HNMU-G7-R0189-STT6,7,7,AI,23
HNMU-G7-R0189-STT6,7,8,HS,62
HNMU-G7-R0189-STT6,7,9,AI,91
HNMU-G7-R0189-STT6,7,10,HS,100
HNMU-G7-R0189-STT6,7,11,AI,75
HNMU-G7-R0190-STT7,7,1,HS,90
HNMU-G7-R0190-STT7,7,2,AI,168
HNMU-G7-R0190-STT7,7,3,HS,78
HNMU-G7-R0190-STT7,7,4,AI,95
HNMU-G7-R0190-STT7,7,5,HS,32
HNMU-G7-R0190-STT7,7,6,AI,137
HNMU-G7-R0190-STT7,7,7,HS,88
HNMU-G7-R0190-STT7,7,8,AI,74
HNMU-G7-R0190-STT7,7,9,HS,79
HNMU-G7-R0190-STT7,7,10,AI,127
HNMU-G7-R0191-STT8,7,1,HS,154
HNMU-G7-R0191-STT8,7,2,AI,130
HNMU-G7-R0191-STT8,7,3,HS,30
HNMU-G7-R0191-STT8,7,4,AI,90
HNMU-G7-R0191-STT8,7,5,HS,77
HNMU-G7-R0191-STT8,7,6,AI,165
HNMU-G7-R0191-STT8,7,7,HS,119
HNMU-G7-R0191-STT8,7,8,AI,145
HNMU-G7-R0192-STT9,7,1,HS,133
HNMU-G7-R0192-STT9,7,2,AI,130
HNMU-G7-R0192-STT9,7,3,HS,37
HNMU-G7-R0192-STT9,7,4,AI,84
HNMU-G7-R0192-STT9,7,5,HS,65
HNMU-G7-R0192-STT9,7,6,AI,66
HNMU-G7-R0192-STT9,7,7,HS,44
HNMU-G7-R0192-STT9,7,8,AI,79
HNMU-G7-R0192-STT9,7,9,HS,105
HNMU-G7-R0192-STT9,7,10,AI,136
HNMU-G7-R0193-STT10,7,1,HS,151
HNMU-G7-R0193-STT10,7,2,AI,140
HNMU-G7-R0193-STT10,7,3,HS,87
HNMU-G7-R0193-STT10,7,4,AI,118
HNMU-G7-R0193-STT10,7,5,HS,29
HNMU-G7-R0193-STT10,7,6,AI,86
HNMU-G7-R0193-STT10,7,7,HS,69
HNMU-G7-R0193-STT10,7,8,AI,116
HNMU-G7-R0193-STT10,7,9,HS,128
HNMU-G7-R0193-STT10,7,10,AI,68
HNMU-G7-R0194-STT11,7,1,HS,156
HNMU-G7-R0194-STT11,7,2,AI,174
HNMU-G7-R0194-STT11,7,3,HS,101
HNMU-G7-R0194-STT11,7,4,AI,98
HNMU-G7-R0194-STT11,7,5,HS,100
HNMU-G7-R0194-STT11,7,6,AI,88
HNMU-G7-R0194-STT11,7,7,HS,70
HNMU-G7-R0194-STT11,7,8,AI,153
HNMU-G7-R0194-STT11,7,9,HS,133
HNMU-G7-R0194-STT11,7,10,AI,146
HNMU-G7-R0196-STT13,7,1,HS,187
HNMU-G7-R0196-STT13,7,2,AI,242
HNMU-G7-R0196-STT13,7,3,HS,67
HNMU-G7-R0196-STT13,7,4,AI,90
HNMU-G7-R0196-STT13,7,5,HS,83
HNMU-G7-R0196-STT13,7,6,AI,158
HNMU-G7-R0196-STT13,7,7,HS,75
HNMU-G7-R0196-STT13,7,8,AI,120
HNMU-G7-R0196-STT13,7,9,HS,163
HNMU-G7-R0196-STT13,7,10,AI,110
HNMU-G7-R0197-STT14,7,1,HS,136
HNMU-G7-R0197-STT14,7,2,AI,201
HNMU-G7-R0197-STT14,7,3,HS,29
HNMU-G7-R0197-STT14,7,4,AI,111
HNMU-G7-R0197-STT14,7,5,HS,96
HNMU-G7-R0197-STT14,7,6,AI,77
HNMU-G7-R0197-STT14,7,7,HS,37
HNMU-G7-R0197-STT14,7,8,AI,104
HNMU-G7-R0197-STT14,7,9,HS,86
HNMU-G7-R0197-STT14,7,10,AI,104
HNMU-G7-R0197-STT14,7,11,HS,160
HNMU-G7-R0197-STT14,7,12,AI,176
HNMU-G7-R0198-STT1,7,1,HS,58
HNMU-G7-R0198-STT1,7,2,AI,128
HNMU-G7-R0198-STT1,7,3,HS,76
HNMU-G7-R0198-STT1,7,4,AI,132
HNMU-G7-R0198-STT1,7,5,HS,66
HNMU-G7-R0198-STT1,7,6,AI,84
HNMU-G7-R0198-STT1,7,7,HS,77
HNMU-G7-R0198-STT1,7,8,AI,84
HNMU-G7-R0198-STT1,7,9,HS,144
HNMU-G7-R0198-STT1,7,10,AI,93
HNMU-G7-R0199-STT2,7,1,HS,75
HNMU-G7-R0199-STT2,7,2,AI,167
HNMU-G7-R0199-STT2,7,3,HS,62
HNMU-G7-R0199-STT2,7,4,AI,105
HNMU-G7-R0199-STT2,7,5,HS,60
HNMU-G7-R0199-STT2,7,6,AI,127
HNMU-G7-R0199-STT2,7,7,HS,61
HNMU-G7-R0199-STT2,7,8,AI,104
HNMU-G7-R0199-STT2,7,9,HS,64
HNMU-G7-R0199-STT2,7,10,AI,76
HNMU-G7-R0200-STT3,7,1,HS,98
HNMU-G7-R0200-STT3,7,2,AI,156
HNMU-G7-R0200-STT3,7,3,HS,19
HNMU-G7-R0200-STT3,7,4,AI,95
HNMU-G7-R0200-STT3,7,5,HS,42
HNMU-G7-R0200-STT3,7,6,AI,68
HNMU-G7-R0200-STT3,7,7,HS,30
HNMU-G7-R0200-STT3,7,8,AI,118
HNMU-G7-R0200-STT3,7,9,HS,57
HNMU-G7-R0200-STT3,7,10,AI,125
HNMU-G7-R0200-STT3,7,11,HS,89
HNMU-G7-R0201-STT4,7,1,HS,75
HNMU-G7-R0201-STT4,7,2,AI,130
HNMU-G7-R0201-STT4,7,3,HS,60
HNMU-G7-R0201-STT4,7,4,AI,120
HNMU-G7-R0201-STT4,7,5,HS,46
HNMU-G7-R0201-STT4,7,6,AI,100
HNMU-G7-R0201-STT4,7,7,HS,45
HNMU-G7-R0201-STT4,7,8,AI,61
HNMU-G7-R0201-STT4,7,9,HS,60
HNMU-G7-R0201-STT4,7,10,AI,115
HNMU-G7-R0201-STT4,7,11,HS,99
HNMU-G7-R0201-STT4,7,12,AI,26
HNMU-G7-R0201-STT4,7,13,HS,82
HNMU-G7-R0202-STT5,7,1,HS,120
HNMU-G7-R0202-STT5,7,2,AI,139
HNMU-G7-R0202-STT5,7,3,HS,49
HNMU-G7-R0202-STT5,7,4,AI,72
HNMU-G7-R0202-STT5,7,5,HS,58
HNMU-G7-R0202-STT5,7,6,AI,139
HNMU-G7-R0202-STT5,7,7,HS,73
HNMU-G7-R0202-STT5,7,8,AI,73
HNMU-G7-R0202-STT5,7,9,HS,64
HNMU-G7-R0202-STT5,7,10,AI,112
HNMU-G7-R0202-STT5,7,11,HS,149
HNMU-G7-R0202-STT5,7,12,AI,86
HNMU-G7-R0203-STT6,7,1,HS,98
HNMU-G7-R0203-STT6,7,2,AI,138
HNMU-G7-R0203-STT6,7,3,HS,57
HNMU-G7-R0203-STT6,7,4,AI,94
HNMU-G7-R0203-STT6,7,5,HS,53
HNMU-G7-R0203-STT6,7,6,AI,131
HNMU-G7-R0203-STT6,7,7,HS,72
HNMU-G7-R0203-STT6,7,8,AI,36
HNMU-G7-R0203-STT6,7,9,HS,28
HNMU-G7-R0203-STT6,7,10,AI,68
HNMU-G7-R0203-STT6,7,11,HS,118
HNMU-G7-R0203-STT6,7,12,AI,100
HNMU-G7-R0204-STT7,7,1,HS,95
HNMU-G7-R0204-STT7,7,2,AI,130
HNMU-G7-R0204-STT7,7,3,HS,25
HNMU-G7-R0204-STT7,7,4,AI,113
HNMU-G7-R0204-STT7,7,5,HS,20
HNMU-G7-R0204-STT7,7,6,AI,119
HNMU-G7-R0204-STT7,7,7,HS,36
HNMU-G7-R0204-STT7,7,8,AI,126
HNMU-G7-R0204-STT7,7,9,HS,13
HNMU-G7-R0204-STT7,7,10,AI,105
HNMU-G7-R0204-STT7,7,11,HS,26
HNMU-G7-R0204-STT7,7,12,AI,84
HNMU-G7-R0204-STT7,7,13,HS,83
HNMU-G7-R0204-STT7,7,14,AI,90
HNMU-G7-R0205-STT8,7,1,HS,93
HNMU-G7-R0205-STT8,7,2,AI,173
HNMU-G7-R0205-STT8,7,3,HS,43
HNMU-G7-R0205-STT8,7,4,AI,86
HNMU-G7-R0205-STT8,7,5,HS,43
HNMU-G7-R0205-STT8,7,6,AI,67
HNMU-G7-R0205-STT8,7,7,HS,25
HNMU-G7-R0205-STT8,7,8,AI,177
HNMU-G7-R0205-STT8,7,9,HS,75
HNMU-G7-R0205-STT8,7,10,AI,86
HNMU-G7-R0205-STT8,7,11,HS,119
HNMU-G7-R0205-STT8,7,12,AI,100
HNMU-G7-R0206-STT9,7,1,HS,96
HNMU-G7-R0206-STT9,7,2,AI,154
HNMU-G7-R0206-STT9,7,3,HS,101
HNMU-G7-R0206-STT9,7,4,AI,83
HNMU-G7-R0206-STT9,7,5,HS,77
HNMU-G7-R0206-STT9,7,6,AI,121
HNMU-G7-R0206-STT9,7,7,HS,53
HNMU-G7-R0206-STT9,7,8,AI,83
HNMU-G7-R0206-STT9,7,9,HS,36
HNMU-G7-R0206-STT9,7,10,AI,100
HNMU-G7-R0206-STT9,7,11,HS,155
HNMU-G7-R0206-STT9,7,12,AI,98
HNMU-G7-R0207-STT10,7,1,HS,113
HNMU-G7-R0207-STT10,7,2,AI,141
HNMU-G7-R0207-STT10,7,3,HS,40
HNMU-G7-R0207-STT10,7,4,AI,78
HNMU-G7-R0207-STT10,7,5,HS,88
HNMU-G7-R0207-STT10,7,6,AI,78
HNMU-G7-R0207-STT10,7,7,HS,101
HNMU-G7-R0207-STT10,7,8,AI,55
HNMU-G7-R0207-STT10,7,9,HS,97
HNMU-G7-R0207-STT10,7,10,AI,206
HNMU-G7-R0207-STT10,7,11,HS,78
HNMU-G7-R0208-STT11,7,1,HS,149
HNMU-G7-R0208-STT11,7,2,AI,145
HNMU-G7-R0208-STT11,7,3,HS,56
HNMU-G7-R0208-STT11,7,4,AI,137
HNMU-G7-R0208-STT11,7,5,HS,48
HNMU-G7-R0208-STT11,7,6,AI,92
HNMU-G7-R0208-STT11,7,7,HS,92
HNMU-G7-R0208-STT11,7,8,AI,70
HNMU-G7-R0208-STT11,7,9,HS,170
HNMU-G7-R0208-STT11,7,10,AI,132
HNMU-G7-R0208-STT11,7,11,HS,75
HNMU-G7-R0209-STT12,7,1,HS,144
HNMU-G7-R0209-STT12,7,2,AI,114
HNMU-G7-R0209-STT12,7,3,HS,53
HNMU-G7-R0209-STT12,7,4,AI,78
HNMU-G7-R0209-STT12,7,5,HS,21
HNMU-G7-R0209-STT12,7,6,AI,110
HNMU-G7-R0209-STT12,7,7,HS,75
HNMU-G7-R0209-STT12,7,8,AI,99
HNMU-G7-R0209-STT12,7,9,HS,47
HNMU-G7-R0209-STT12,7,10,AI,67
HNMU-G7-R0209-STT12,7,11,HS,44
HNMU-G7-R0209-STT12,7,12,AI,68
HNMU-G7-R0209-STT12,7,13,HS,106
HNMU-G7-R0209-STT12,7,14,AI,74
HNMU-G7-R0210-STT13,7,1,HS,123
HNMU-G7-R0210-STT13,7,2,AI,163
HNMU-G7-R0210-STT13,7,3,HS,54
HNMU-G7-R0210-STT13,7,4,AI,130
HNMU-G7-R0210-STT13,7,5,HS,87
HNMU-G7-R0210-STT13,7,6,AI,195
HNMU-G7-R0210-STT13,7,7,HS,54
HNMU-G7-R0210-STT13,7,8,AI,132
HNMU-G7-R0210-STT13,7,9,HS,82
HNMU-G7-R0210-STT13,7,10,AI,83
HNMU-G7-R0210-STT13,7,11,HS,115
HNMU-G7-R0210-STT13,7,12,AI,84
HNMU-G7-R0211-STT14,7,1,HS,132
HNMU-G7-R0211-STT14,7,2,AI,192
HNMU-G7-R0211-STT14,7,3,HS,38
HNMU-G7-R0211-STT14,7,4,AI,116
HNMU-G7-R0211-STT14,7,5,HS,86
HNMU-G7-R0211-STT14,7,6,AI,79
HNMU-G7-R0211-STT14,7,7,HS,58
HNMU-G7-R0211-STT14,7,8,AI,89
HNMU-G7-R0211-STT14,7,9,HS,49
HNMU-G7-R0211-STT14,7,10,AI,108
HNMU-G7-R0211-STT14,7,11,HS,109
HNMU-G7-R0211-STT14,7,12,AI,180
HNMU-G7-R0211-STT14,7,13,HS,100
HNMU-G8-R0002-STT1,8,1,HS,50
HNMU-G8-R0002-STT1,8,2,AI,195
HNMU-G8-R0002-STT1,8,3,HS,37
HNMU-G8-R0002-STT1,8,4,AI,104
HNMU-G8-R0003-STT2,8,1,HS,82
HNMU-G8-R0003-STT2,8,2,AI,185
HNMU-G8-R0003-STT2,8,3,HS,23
HNMU-G8-R0003-STT2,8,4,AI,95
HNMU-G8-R0004-STT3,8,1,HS,75
HNMU-G8-R0004-STT3,8,2,AI,133
HNMU-G8-R0004-STT3,8,3,HS,42
HNMU-G8-R0004-STT3,8,4,AI,132
HNMU-G8-R0004-STT3,8,5,HS,33
HNMU-G8-R0005-STT4,8,1,HS,75
HNMU-G8-R0005-STT4,8,2,AI,161
HNMU-G8-R0005-STT4,8,3,HS,32
HNMU-G8-R0005-STT4,8,4,AI,92
HNMU-G8-R0006-STT5,8,1,HS,78
HNMU-G8-R0006-STT5,8,2,AI,86
HNMU-G8-R0006-STT5,8,3,HS,57
HNMU-G8-R0006-STT5,8,4,AI,95
HNMU-G8-R0006-STT5,8,5,HS,70
HNMU-G8-R0007-STT6,8,1,HS,67
HNMU-G8-R0007-STT6,8,2,AI,135
HNMU-G8-R0007-STT6,8,3,HS,58
HNMU-G8-R0007-STT6,8,4,AI,123
HNMU-G8-R0007-STT6,8,5,HS,83
HNMU-G8-R0007-STT6,8,6,AI,101
HNMU-G8-R0007-STT6,8,7,HS,96
HNMU-G8-R0008-STT7,8,1,HS,88
HNMU-G8-R0008-STT7,8,2,AI,168
HNMU-G8-R0008-STT7,8,3,HS,19
HNMU-G8-R0008-STT7,8,4,AI,84
HNMU-G8-R0008-STT7,8,5,HS,68
HNMU-G8-R0009-STT8,8,1,HS,69
HNMU-G8-R0009-STT8,8,2,AI,159
HNMU-G8-R0009-STT8,8,3,HS,57
HNMU-G8-R0009-STT8,8,4,AI,109
HNMU-G8-R0009-STT8,8,5,HS,39
HNMU-G8-R0010-STT9,8,1,HS,83
HNMU-G8-R0010-STT9,8,2,AI,133
HNMU-G8-R0010-STT9,8,3,HS,15
HNMU-G8-R0010-STT9,8,4,AI,120
HNMU-G8-R0010-STT9,8,5,HS,93
HNMU-G8-R0011-STT10,8,1,HS,76
HNMU-G8-R0011-STT10,8,2,AI,175
HNMU-G8-R0011-STT10,8,3,HS,36
HNMU-G8-R0011-STT10,8,4,AI,115
HNMU-G8-R0011-STT10,8,5,HS,30
HNMU-G8-R0012-STT11,8,1,HS,68
HNMU-G8-R0012-STT11,8,2,AI,161
HNMU-G8-R0012-STT11,8,3,HS,35
HNMU-G8-R0012-STT11,8,4,AI,137
HNMU-G8-R0012-STT11,8,5,HS,39
HNMU-G8-R0013-STT12,8,1,HS,79
HNMU-G8-R0013-STT12,8,2,AI,98
HNMU-G8-R0013-STT12,8,3,HS,41
HNMU-G8-R0013-STT12,8,4,AI,119
HNMU-G8-R0013-STT12,8,5,HS,72
HNMU-G8-R0014-STT13,8,1,HS,87
HNMU-G8-R0014-STT13,8,2,AI,123
HNMU-G8-R0014-STT13,8,3,HS,33
HNMU-G8-R0014-STT13,8,4,AI,99
HNMU-G8-R0015-STT14,8,1,HS,85
HNMU-G8-R0015-STT14,8,2,AI,93
HNMU-G8-R0015-STT14,8,3,HS,17
HNMU-G8-R0015-STT14,8,4,AI,95
HNMU-G8-R0015-STT14,8,5,HS,114
HNMU-G8-R0015-STT14,8,6,AI,80
HNMU-G8-R0016-STT1,8,1,HS,68
HNMU-G8-R0016-STT1,8,2,AI,123
HNMU-G8-R0016-STT1,8,3,HS,40
HNMU-G8-R0016-STT1,8,4,AI,94
HNMU-G8-R0016-STT1,8,5,HS,92
HNMU-G8-R0016-STT1,8,6,AI,42
HNMU-G8-R0017-STT2,8,1,HS,73
HNMU-G8-R0017-STT2,8,2,AI,99
HNMU-G8-R0017-STT2,8,3,HS,33
HNMU-G8-R0017-STT2,8,4,AI,112
HNMU-G8-R0017-STT2,8,5,HS,49
HNMU-G8-R0017-STT2,8,6,AI,120
HNMU-G8-R0017-STT2,8,7,HS,55
HNMU-G8-R0018-STT3,8,1,HS,95
HNMU-G8-R0018-STT3,8,2,AI,131
HNMU-G8-R0018-STT3,8,3,HS,45
HNMU-G8-R0018-STT3,8,4,AI,98
HNMU-G8-R0018-STT3,8,5,HS,48
HNMU-G8-R0018-STT3,8,6,AI,62
HNMU-G8-R0019-STT4,8,1,HS,60
HNMU-G8-R0019-STT4,8,2,AI,151
HNMU-G8-R0019-STT4,8,3,HS,63
HNMU-G8-R0019-STT4,8,4,AI,198
HNMU-G8-R0019-STT4,8,5,HS,61
HNMU-G8-R0020-STT5,8,1,HS,82
HNMU-G8-R0020-STT5,8,2,AI,143
HNMU-G8-R0020-STT5,8,3,HS,26
HNMU-G8-R0020-STT5,8,4,AI,101
HNMU-G8-R0020-STT5,8,5,HS,44
HNMU-G8-R0020-STT5,8,6,AI,82
HNMU-G8-R0020-STT5,8,7,HS,63
HNMU-G8-R0021-STT6,8,1,HS,109
HNMU-G8-R0021-STT6,8,2,AI,108
HNMU-G8-R0021-STT6,8,3,HS,44
HNMU-G8-R0021-STT6,8,4,AI,146
HNMU-G8-R0021-STT6,8,5,HS,56
HNMU-G8-R0022-STT7,8,1,HS,71
HNMU-G8-R0022-STT7,8,2,AI,129
HNMU-G8-R0022-STT7,8,3,HS,15
HNMU-G8-R0022-STT7,8,4,AI,131
HNMU-G8-R0022-STT7,8,5,HS,66
HNMU-G8-R0022-STT7,8,6,AI,59
HNMU-G8-R0022-STT7,8,7,HS,68
HNMU-G8-R0023-STT8,8,1,HS,64
HNMU-G8-R0023-STT8,8,2,AI,84
HNMU-G8-R0023-STT8,8,3,HS,56
HNMU-G8-R0023-STT8,8,4,AI,96
HNMU-G8-R0023-STT8,8,5,HS,26
HNMU-G8-R0023-STT8,8,6,AI,66
HNMU-G8-R0023-STT8,8,7,HS,62
HNMU-G8-R0024-STT9,8,1,HS,83
HNMU-G8-R0024-STT9,8,2,AI,115
HNMU-G8-R0024-STT9,8,3,HS,58
HNMU-G8-R0024-STT9,8,4,AI,128
HNMU-G8-R0024-STT9,8,5,HS,75
HNMU-G8-R0025-STT10,8,1,HS,74
HNMU-G8-R0025-STT10,8,2,AI,82
HNMU-G8-R0025-STT10,8,3,HS,35
HNMU-G8-R0025-STT10,8,4,AI,117
HNMU-G8-R0025-STT10,8,5,HS,33
HNMU-G8-R0025-STT10,8,6,AI,25
HNMU-G8-R0025-STT10,8,7,HS,68
HNMU-G8-R0026-STT11,8,1,HS,66
HNMU-G8-R0026-STT11,8,2,AI,87
HNMU-G8-R0026-STT11,8,3,HS,41
HNMU-G8-R0026-STT11,8,4,AI,82
HNMU-G8-R0026-STT11,8,5,HS,66
HNMU-G8-R0026-STT11,8,6,AI,80
HNMU-G8-R0026-STT11,8,7,HS,45
HNMU-G8-R0027-STT12,8,1,HS,69
HNMU-G8-R0027-STT12,8,2,AI,104
HNMU-G8-R0027-STT12,8,3,HS,32
HNMU-G8-R0027-STT12,8,4,AI,107
HNMU-G8-R0027-STT12,8,5,HS,65
HNMU-G8-R0027-STT12,8,6,AI,65
HNMU-G8-R0028-STT13,8,1,HS,87
HNMU-G8-R0028-STT13,8,2,AI,105
HNMU-G8-R0028-STT13,8,3,HS,30
HNMU-G8-R0028-STT13,8,4,AI,122
HNMU-G8-R0028-STT13,8,5,HS,56
HNMU-G8-R0028-STT13,8,6,AI,82
HNMU-G8-R0029-STT14,8,1,HS,62
HNMU-G8-R0029-STT14,8,2,AI,105
HNMU-G8-R0029-STT14,8,3,HS,37
HNMU-G8-R0029-STT14,8,4,AI,48
HNMU-G8-R0029-STT14,8,5,HS,60
HNMU-G8-R0029-STT14,8,6,AI,85
HNMU-G8-R0029-STT14,8,7,HS,69
HNMU-G8-R0030-STT1,8,1,HS,76
HNMU-G8-R0030-STT1,8,2,AI,135
HNMU-G8-R0030-STT1,8,3,HS,15
HNMU-G8-R0030-STT1,8,4,AI,104
HNMU-G8-R0030-STT1,8,5,HS,21
HNMU-G8-R0031-STT2,8,1,HS,72
HNMU-G8-R0031-STT2,8,2,AI,138
HNMU-G8-R0031-STT2,8,3,HS,21
HNMU-G8-R0031-STT2,8,4,AI,125
HNMU-G8-R0031-STT2,8,5,HS,64
HNMU-G8-R0032-STT3,8,1,HS,70
HNMU-G8-R0032-STT3,8,2,AI,87
HNMU-G8-R0032-STT3,8,3,HS,30
HNMU-G8-R0032-STT3,8,4,AI,90
HNMU-G8-R0032-STT3,8,5,HS,50
HNMU-G8-R0032-STT3,8,6,AI,15
HNMU-G8-R0033-STT4,8,1,HS,75
HNMU-G8-R0033-STT4,8,2,AI,168
HNMU-G8-R0033-STT4,8,3,HS,41
HNMU-G8-R0033-STT4,8,4,AI,63
HNMU-G8-R0034-STT5,8,1,HS,82
HNMU-G8-R0034-STT5,8,2,AI,141
HNMU-G8-R0034-STT5,8,3,HS,38
HNMU-G8-R0034-STT5,8,4,AI,86
HNMU-G8-R0034-STT5,8,5,HS,80
HNMU-G8-R0035-STT6,8,1,HS,51
HNMU-G8-R0035-STT6,8,2,AI,151
HNMU-G8-R0035-STT6,8,3,HS,37
HNMU-G8-R0035-STT6,8,4,AI,127
HNMU-G8-R0035-STT6,8,5,HS,58
HNMU-G8-R0036-STT7,8,1,HS,93
HNMU-G8-R0036-STT7,8,2,AI,85
HNMU-G8-R0036-STT7,8,3,HS,39
HNMU-G8-R0036-STT7,8,4,AI,98
HNMU-G8-R0036-STT7,8,5,HS,48
HNMU-G8-R0037-STT8,8,1,HS,92
HNMU-G8-R0037-STT8,8,2,AI,100
HNMU-G8-R0037-STT8,8,3,HS,44
HNMU-G8-R0037-STT8,8,4,AI,142
HNMU-G8-R0037-STT8,8,5,HS,66
HNMU-G8-R0038-STT9,8,1,HS,84
HNMU-G8-R0038-STT9,8,2,AI,107
HNMU-G8-R0038-STT9,8,3,HS,40
HNMU-G8-R0038-STT9,8,4,AI,136
HNMU-G8-R0038-STT9,8,5,HS,59
HNMU-G8-R0039-STT10,8,1,HS,69
HNMU-G8-R0039-STT10,8,2,AI,58
HNMU-G8-R0039-STT10,8,3,HS,53
HNMU-G8-R0039-STT10,8,4,AI,129
HNMU-G8-R0039-STT10,8,5,HS,46
HNMU-G8-R0040-STT11,8,1,HS,89
HNMU-G8-R0040-STT11,8,2,AI,118
HNMU-G8-R0040-STT11,8,3,HS,50
HNMU-G8-R0040-STT11,8,4,AI,121
HNMU-G8-R0040-STT11,8,5,HS,39
HNMU-G8-R0041-STT12,8,1,HS,82
HNMU-G8-R0041-STT12,8,2,AI,105
HNMU-G8-R0041-STT12,8,3,HS,55
HNMU-G8-R0041-STT12,8,4,AI,99
HNMU-G8-R0041-STT12,8,5,HS,67
HNMU-G8-R0042-STT13,8,1,HS,79
HNMU-G8-R0042-STT13,8,2,AI,94
HNMU-G8-R0042-STT13,8,3,HS,39
HNMU-G8-R0042-STT13,8,4,AI,82
HNMU-G8-R0042-STT13,8,5,HS,26
HNMU-G8-R0042-STT13,8,6,AI,68
HNMU-G8-R0043-STT14,8,1,HS,84
HNMU-G8-R0043-STT14,8,2,AI,140
HNMU-G8-R0043-STT14,8,3,HS,37
HNMU-G8-R0043-STT14,8,4,AI,84
HNMU-G8-R0043-STT14,8,5,HS,94
HNMU-G8-R0043-STT14,8,6,AI,56
HNMU-G8-R0044-STT1,8,1,HS,78
HNMU-G8-R0044-STT1,8,2,AI,181
HNMU-G8-R0044-STT1,8,3,HS,30
HNMU-G8-R0044-STT1,8,4,AI,134
HNMU-G8-R0045-STT2,8,1,HS,52
HNMU-G8-R0045-STT2,8,2,AI,112
HNMU-G8-R0045-STT2,8,3,HS,32
HNMU-G8-R0045-STT2,8,4,AI,158
HNMU-G8-R0045-STT2,8,5,HS,45
HNMU-G8-R0046-STT3,8,1,HS,81
HNMU-G8-R0046-STT3,8,2,AI,143
HNMU-G8-R0046-STT3,8,3,HS,32
HNMU-G8-R0046-STT3,8,4,AI,107
HNMU-G8-R0046-STT3,8,5,HS,50
HNMU-G8-R0047-STT4,8,1,HS,73
HNMU-G8-R0047-STT4,8,2,AI,96
HNMU-G8-R0047-STT4,8,3,HS,33
HNMU-G8-R0047-STT4,8,4,AI,121
HNMU-G8-R0047-STT4,8,5,HS,26
HNMU-G8-R0048-STT5,8,1,HS,89
HNMU-G8-R0048-STT5,8,2,AI,141
HNMU-G8-R0048-STT5,8,3,HS,45
HNMU-G8-R0048-STT5,8,4,AI,91
HNMU-G8-R0048-STT5,8,5,HS,68
HNMU-G8-R0049-STT6,8,1,HS,114
HNMU-G8-R0049-STT6,8,2,AI,155
HNMU-G8-R0049-STT6,8,3,HS,62
HNMU-G8-R0049-STT6,8,4,AI,114
HNMU-G8-R0049-STT6,8,5,HS,68
HNMU-G8-R0049-STT6,8,6,AI,79
HNMU-G8-R0050-STT7,8,1,HS,80
HNMU-G8-R0050-STT7,8,2,AI,133
HNMU-G8-R0050-STT7,8,3,HS,52
HNMU-G8-R0050-STT7,8,4,AI,155
HNMU-G8-R0050-STT7,8,5,HS,90
HNMU-G8-R0050-STT7,8,6,AI,87
HNMU-G8-R0051-STT8,8,1,HS,92
HNMU-G8-R0051-STT8,8,2,AI,104
HNMU-G8-R0051-STT8,8,3,HS,53
HNMU-G8-R0051-STT8,8,4,AI,47
HNMU-G8-R0051-STT8,8,5,HS,61
HNMU-G8-R0052-STT9,8,1,HS,69
HNMU-G8-R0052-STT9,8,2,AI,135
HNMU-G8-R0052-STT9,8,3,HS,17
HNMU-G8-R0052-STT9,8,4,AI,122
HNMU-G8-R0052-STT9,8,5,HS,52
HNMU-G8-R0053-STT10,8,1,HS,72
HNMU-G8-R0053-STT10,8,2,AI,123
HNMU-G8-R0053-STT10,8,3,HS,48
HNMU-G8-R0053-STT10,8,4,AI,126
HNMU-G8-R0053-STT10,8,5,HS,57
HNMU-G8-R0054-STT11,8,1,HS,129
HNMU-G8-R0054-STT11,8,2,AI,117
HNMU-G8-R0054-STT11,8,3,HS,98
HNMU-G8-R0054-STT11,8,4,AI,100
HNMU-G8-R0054-STT11,8,5,HS,165
HNMU-G8-R0055-STT12,8,1,HS,88
HNMU-G8-R0055-STT12,8,2,AI,128
HNMU-G8-R0055-STT12,8,3,HS,17
HNMU-G8-R0055-STT12,8,4,AI,106
HNMU-G8-R0055-STT12,8,5,HS,84
HNMU-G8-R0055-STT12,8,6,AI,15
HNMU-G8-R0056-STT13,8,1,HS,89
HNMU-G8-R0056-STT13,8,2,AI,63
HNMU-G8-R0056-STT13,8,3,HS,33
HNMU-G8-R0056-STT13,8,4,AI,77
HNMU-G8-R0056-STT13,8,5,HS,51
HNMU-G8-R0056-STT13,8,6,AI,65
HNMU-G8-R0056-STT13,8,7,HS,68
HNMU-G8-R0057-STT14,8,1,HS,72
HNMU-G8-R0057-STT14,8,2,AI,116
HNMU-G8-R0057-STT14,8,3,HS,62
HNMU-G8-R0057-STT14,8,4,AI,140
HNMU-G8-R0057-STT14,8,5,HS,99
HNMU-G8-R0057-STT14,8,6,AI,76
HNMU-G8-R0058-STT1,8,1,HS,82
HNMU-G8-R0058-STT1,8,2,AI,155
HNMU-G8-R0058-STT1,8,3,HS,51
HNMU-G8-R0058-STT1,8,4,AI,82
HNMU-G8-R0058-STT1,8,5,HS,40
HNMU-G8-R0058-STT1,8,6,AI,50
HNMU-G8-R0059-STT2,8,1,HS,81
HNMU-G8-R0059-STT2,8,2,AI,145
HNMU-G8-R0059-STT2,8,3,HS,24
HNMU-G8-R0059-STT2,8,4,AI,139
HNMU-G8-R0060-STT3,8,1,HS,88
HNMU-G8-R0060-STT3,8,2,AI,85
HNMU-G8-R0060-STT3,8,3,HS,72
HNMU-G8-R0060-STT3,8,4,AI,136
HNMU-G8-R0060-STT3,8,5,HS,24
HNMU-G8-R0061-STT4,8,1,HS,55
HNMU-G8-R0061-STT4,8,2,AI,133
HNMU-G8-R0061-STT4,8,3,HS,15
HNMU-G8-R0061-STT4,8,4,AI,97
HNMU-G8-R0061-STT4,8,5,HS,41
HNMU-G8-R0061-STT4,8,6,AI,49
HNMU-G8-R0062-STT5,8,1,HS,76
HNMU-G8-R0062-STT5,8,2,AI,152
HNMU-G8-R0062-STT5,8,3,HS,80
HNMU-G8-R0062-STT5,8,4,AI,113
HNMU-G8-R0063-STT6,8,1,HS,97
HNMU-G8-R0063-STT6,8,2,AI,92
HNMU-G8-R0063-STT6,8,3,HS,83
HNMU-G8-R0063-STT6,8,4,AI,83
HNMU-G8-R0063-STT6,8,5,HS,128
HNMU-G8-R0064-STT7,8,1,HS,97
HNMU-G8-R0064-STT7,8,2,AI,164
HNMU-G8-R0064-STT7,8,3,HS,58
HNMU-G8-R0064-STT7,8,4,AI,82
HNMU-G8-R0064-STT7,8,5,HS,134
HNMU-G8-R0065-STT8,8,1,HS,68
HNMU-G8-R0065-STT8,8,2,AI,105
HNMU-G8-R0065-STT8,8,3,HS,43
HNMU-G8-R0065-STT8,8,4,AI,98
HNMU-G8-R0065-STT8,8,5,HS,60
HNMU-G8-R0066-STT9,8,1,HS,98
HNMU-G8-R0066-STT9,8,2,AI,157
HNMU-G8-R0066-STT9,8,3,HS,33
HNMU-G8-R0066-STT9,8,4,AI,94
HNMU-G8-R0066-STT9,8,5,HS,57
HNMU-G8-R0066-STT9,8,6,AI,106
HNMU-G8-R0067-STT10,8,1,HS,85
HNMU-G8-R0067-STT10,8,2,AI,124
HNMU-G8-R0067-STT10,8,3,HS,27
HNMU-G8-R0067-STT10,8,4,AI,84
HNMU-G8-R0067-STT10,8,5,HS,80
HNMU-G8-R0069-STT12,8,1,HS,113
HNMU-G8-R0069-STT12,8,2,AI,156
HNMU-G8-R0069-STT12,8,3,HS,16
HNMU-G8-R0069-STT12,8,4,AI,125
HNMU-G8-R0069-STT12,8,5,HS,23
HNMU-G8-R0069-STT12,8,6,AI,83
HNMU-G8-R0069-STT12,8,7,HS,82
HNMU-G8-R0070-STT13,8,1,HS,78
HNMU-G8-R0070-STT13,8,2,AI,105
HNMU-G8-R0070-STT13,8,3,HS,36
HNMU-G8-R0070-STT13,8,4,AI,89
HNMU-G8-R0070-STT13,8,5,HS,98
HNMU-G8-R0070-STT13,8,6,AI,55
HNMU-G8-R0071-STT14,8,1,HS,94
HNMU-G8-R0071-STT14,8,2,AI,88
HNMU-G8-R0071-STT14,8,3,HS,40
HNMU-G8-R0071-STT14,8,4,AI,121
HNMU-G8-R0071-STT14,8,5,HS,76
HNMU-G8-R0072-STT1,8,1,HS,76
HNMU-G8-R0072-STT1,8,2,AI,189
HNMU-G8-R0072-STT1,8,3,HS,38
HNMU-G8-R0072-STT1,8,4,AI,141
HNMU-G8-R0073-STT2,8,1,HS,48
HNMU-G8-R0073-STT2,8,2,AI,182
HNMU-G8-R0073-STT2,8,3,HS,50
HNMU-G8-R0073-STT2,8,4,AI,120
HNMU-G8-R0073-STT2,8,5,HS,53
HNMU-G8-R0074-STT3,8,1,HS,67
HNMU-G8-R0074-STT3,8,2,AI,136
HNMU-G8-R0074-STT3,8,3,HS,24
HNMU-G8-R0074-STT3,8,4,AI,55
HNMU-G8-R0074-STT3,8,5,HS,38
HNMU-G8-R0075-STT4,8,1,HS,66
HNMU-G8-R0075-STT4,8,2,AI,141
HNMU-G8-R0075-STT4,8,3,HS,32
HNMU-G8-R0075-STT4,8,4,AI,61
HNMU-G8-R0076-STT5,8,1,HS,62
HNMU-G8-R0076-STT5,8,2,AI,117
HNMU-G8-R0076-STT5,8,3,HS,41
HNMU-G8-R0076-STT5,8,4,AI,86
HNMU-G8-R0076-STT5,8,5,HS,91
HNMU-G8-R0076-STT5,8,6,AI,61
HNMU-G8-R0077-STT6,8,1,HS,66
HNMU-G8-R0077-STT6,8,2,AI,143
HNMU-G8-R0077-STT6,8,3,HS,71
HNMU-G8-R0077-STT6,8,4,AI,122
HNMU-G8-R0077-STT6,8,5,HS,46
HNMU-G8-R0078-STT7,8,1,HS,64
HNMU-G8-R0078-STT7,8,2,AI,127
HNMU-G8-R0078-STT7,8,3,HS,47
HNMU-G8-R0078-STT7,8,4,AI,131
HNMU-G8-R0078-STT7,8,5,HS,48
HNMU-G8-R0079-STT8,8,1,HS,65
HNMU-G8-R0079-STT8,8,2,AI,85
HNMU-G8-R0079-STT8,8,3,HS,17
HNMU-G8-R0079-STT8,8,4,AI,94
HNMU-G8-R0079-STT8,8,5,HS,52
HNMU-G8-R0080-STT9,8,1,HS,120
HNMU-G8-R0080-STT9,8,2,AI,126
HNMU-G8-R0080-STT9,8,3,HS,46
HNMU-G8-R0080-STT9,8,4,AI,123
HNMU-G8-R0080-STT9,8,5,HS,53
HNMU-G8-R0081-STT10,8,1,HS,77
HNMU-G8-R0081-STT10,8,2,AI,121
HNMU-G8-R0081-STT10,8,3,HS,56
HNMU-G8-R0081-STT10,8,4,AI,104
HNMU-G8-R0082-STT11,8,1,HS,79
HNMU-G8-R0082-STT11,8,2,AI,36
HNMU-G8-R0082-STT11,8,3,HS,25
HNMU-G8-R0082-STT11,8,4,AI,76
HNMU-G8-R0082-STT11,8,5,HS,48
HNMU-G8-R0082-STT11,8,6,AI,66
HNMU-G8-R0083-STT12,8,1,HS,79
HNMU-G8-R0083-STT12,8,2,AI,82
HNMU-G8-R0083-STT12,8,3,HS,12
HNMU-G8-R0083-STT12,8,4,AI,112
HNMU-G8-R0083-STT12,8,5,HS,56
HNMU-G8-R0083-STT12,8,6,AI,69
HNMU-G8-R0084-STT13,8,1,HS,57
HNMU-G8-R0084-STT13,8,2,AI,167
HNMU-G8-R0084-STT13,8,3,HS,19
HNMU-G8-R0084-STT13,8,4,AI,66
HNMU-G8-R0084-STT13,8,5,HS,77
HNMU-G8-R0084-STT13,8,6,AI,64
HNMU-G8-R0085-STT14,8,1,HS,68
HNMU-G8-R0085-STT14,8,2,AI,140
HNMU-G8-R0085-STT14,8,3,HS,10
HNMU-G8-R0085-STT14,8,4,AI,105
HNMU-G8-R0085-STT14,8,5,HS,66
HNMU-G8-R0086-STT1,8,1,HS,72
HNMU-G8-R0086-STT1,8,2,AI,157
HNMU-G8-R0086-STT1,8,3,HS,28
HNMU-G8-R0086-STT1,8,4,AI,115
HNMU-G8-R0086-STT1,8,5,HS,72
HNMU-G8-R0086-STT1,8,6,AI,58
HNMU-G8-R0087-STT2,8,1,HS,83
HNMU-G8-R0087-STT2,8,2,AI,141
HNMU-G8-R0087-STT2,8,3,HS,20
HNMU-G8-R0087-STT2,8,4,AI,145
HNMU-G8-R0087-STT2,8,5,HS,54
HNMU-G8-R0088-STT3,8,1,HS,44
HNMU-G8-R0088-STT3,8,2,AI,130
HNMU-G8-R0088-STT3,8,3,HS,44
HNMU-G8-R0088-STT3,8,4,AI,92
HNMU-G8-R0088-STT3,8,5,HS,45
HNMU-G8-R0089-STT4,8,1,HS,63
HNMU-G8-R0089-STT4,8,2,AI,190
HNMU-G8-R0089-STT4,8,3,HS,61
HNMU-G8-R0089-STT4,8,4,AI,96
HNMU-G8-R0089-STT4,8,5,HS,33
HNMU-G8-R0090-STT5,8,1,HS,63
HNMU-G8-R0090-STT5,8,2,AI,117
HNMU-G8-R0090-STT5,8,3,HS,52
HNMU-G8-R0090-STT5,8,4,AI,59
HNMU-G8-R0090-STT5,8,5,HS,126
HNMU-G8-R0091-STT6,8,1,HS,80
HNMU-G8-R0091-STT6,8,2,AI,144
HNMU-G8-R0091-STT6,8,3,HS,33
HNMU-G8-R0091-STT6,8,4,AI,126
HNMU-G8-R0092-STT7,8,1,HS,104
HNMU-G8-R0092-STT7,8,2,AI,81
HNMU-G8-R0092-STT7,8,3,HS,36
HNMU-G8-R0092-STT7,8,4,AI,84
HNMU-G8-R0092-STT7,8,5,HS,75
HNMU-G8-R0093-STT8,8,1,HS,85
HNMU-G8-R0093-STT8,8,2,AI,172
HNMU-G8-R0093-STT8,8,3,HS,43
HNMU-G8-R0093-STT8,8,4,AI,105
HNMU-G8-R0093-STT8,8,5,HS,40
HNMU-G8-R0094-STT9,8,1,HS,80
HNMU-G8-R0094-STT9,8,2,AI,140
HNMU-G8-R0094-STT9,8,3,HS,42
HNMU-G8-R0094-STT9,8,4,AI,92
HNMU-G8-R0094-STT9,8,5,HS,47
HNMU-G8-R0095-STT10,8,1,HS,71
HNMU-G8-R0095-STT10,8,2,AI,126
HNMU-G8-R0095-STT10,8,3,HS,10
HNMU-G8-R0095-STT10,8,4,AI,112
HNMU-G8-R0095-STT10,8,5,HS,63
HNMU-G8-R0096-STT11,8,1,HS,112
HNMU-G8-R0096-STT11,8,2,AI,235
HNMU-G8-R0096-STT11,8,3,HS,46
HNMU-G8-R0096-STT11,8,4,AI,106
HNMU-G8-R0097-STT12,8,1,HS,87
HNMU-G8-R0097-STT12,8,2,AI,145
HNMU-G8-R0097-STT12,8,3,HS,31
HNMU-G8-R0097-STT12,8,4,AI,102
HNMU-G8-R0098-STT13,8,1,HS,79
HNMU-G8-R0098-STT13,8,2,AI,111
HNMU-G8-R0098-STT13,8,3,HS,49
HNMU-G8-R0098-STT13,8,4,AI,70
HNMU-G8-R0098-STT13,8,5,HS,70
HNMU-G8-R0098-STT13,8,6,AI,72
HNMU-G8-R0099-STT14,8,1,HS,92
HNMU-G8-R0099-STT14,8,2,AI,174
HNMU-G8-R0099-STT14,8,3,HS,55
HNMU-G8-R0099-STT14,8,4,AI,91
HNMU-G8-R0099-STT14,8,5,HS,60
HNMU-G8-R0156-STT1,8,1,HS,37
HNMU-G8-R0156-STT1,8,2,AI,105
HNMU-G8-R0156-STT1,8,3,HS,25
HNMU-G8-R0156-STT1,8,4,AI,95
HNMU-G8-R0156-STT1,8,5,HS,18
HNMU-G8-R0156-STT1,8,6,AI,79
HNMU-G8-R0156-STT1,8,7,HS,57
HNMU-G8-R0156-STT1,8,8,AI,64
HNMU-G8-R0157-STT2,8,1,HS,45
HNMU-G8-R0157-STT2,8,2,AI,126
HNMU-G8-R0157-STT2,8,3,HS,12
HNMU-G8-R0157-STT2,8,4,AI,49
HNMU-G8-R0157-STT2,8,5,HS,11
HNMU-G8-R0157-STT2,8,6,AI,85
HNMU-G8-R0157-STT2,8,7,HS,49
HNMU-G8-R0157-STT2,8,8,AI,61
HNMU-G8-R0158-STT3,8,1,HS,65
HNMU-G8-R0158-STT3,8,2,AI,73
HNMU-G8-R0158-STT3,8,3,HS,46
HNMU-G8-R0158-STT3,8,4,AI,103
HNMU-G8-R0158-STT3,8,5,HS,22
HNMU-G8-R0158-STT3,8,6,AI,71
HNMU-G8-R0158-STT3,8,7,HS,23
HNMU-G8-R0159-STT4,8,1,HS,41
HNMU-G8-R0159-STT4,8,2,AI,87
HNMU-G8-R0159-STT4,8,3,HS,8
HNMU-G8-R0159-STT4,8,4,AI,101
HNMU-G8-R0159-STT4,8,5,HS,46
HNMU-G8-R0159-STT4,8,6,AI,55
HNMU-G8-R0159-STT4,8,7,HS,42
HNMU-G8-R0159-STT4,8,8,AI,55
HNMU-G8-R0160-STT5,8,1,HS,60
HNMU-G8-R0160-STT5,8,2,AI,53
HNMU-G8-R0160-STT5,8,3,HS,12
HNMU-G8-R0160-STT5,8,4,AI,70
HNMU-G8-R0160-STT5,8,5,HS,48
HNMU-G8-R0160-STT5,8,6,AI,100
HNMU-G8-R0160-STT5,8,7,HS,29
HNMU-G8-R0160-STT5,8,8,AI,55
HNMU-G8-R0161-STT6,8,1,HS,62
HNMU-G8-R0161-STT6,8,2,AI,136
HNMU-G8-R0161-STT6,8,3,HS,26
HNMU-G8-R0161-STT6,8,4,AI,44
HNMU-G8-R0161-STT6,8,5,HS,39
HNMU-G8-R0161-STT6,8,6,AI,82
HNMU-G8-R0161-STT6,8,7,HS,48
HNMU-G8-R0161-STT6,8,8,AI,58
HNMU-G8-R0162-STT7,8,1,HS,93
HNMU-G8-R0162-STT7,8,2,AI,139
HNMU-G8-R0162-STT7,8,3,HS,28
HNMU-G8-R0162-STT7,8,4,AI,154
HNMU-G8-R0162-STT7,8,5,HS,57
HNMU-G8-R0162-STT7,8,6,AI,77
HNMU-G8-R0163-STT8,8,1,HS,49
HNMU-G8-R0163-STT8,8,2,AI,113
HNMU-G8-R0163-STT8,8,3,HS,39
HNMU-G8-R0163-STT8,8,4,AI,47
HNMU-G8-R0163-STT8,8,5,HS,11
HNMU-G8-R0163-STT8,8,6,AI,82
HNMU-G8-R0163-STT8,8,7,HS,51
HNMU-G8-R0163-STT8,8,8,AI,39
HNMU-G8-R0164-STT9,8,1,HS,65
HNMU-G8-R0164-STT9,8,2,AI,116
HNMU-G8-R0164-STT9,8,3,HS,44
HNMU-G8-R0164-STT9,8,4,AI,97
HNMU-G8-R0164-STT9,8,5,HS,46
HNMU-G8-R0164-STT9,8,6,AI,90
HNMU-G8-R0164-STT9,8,7,HS,14
HNMU-G8-R0164-STT9,8,8,AI,21
HNMU-G8-R0165-STT10,8,1,HS,105
HNMU-G8-R0165-STT10,8,2,AI,169
HNMU-G8-R0165-STT10,8,3,HS,22
HNMU-G8-R0165-STT10,8,4,AI,92
HNMU-G8-R0165-STT10,8,5,HS,37
HNMU-G8-R0165-STT10,8,6,AI,101
HNMU-G8-R0165-STT10,8,7,HS,60
HNMU-G8-R0165-STT10,8,8,AI,30
HNMU-G8-R0166-STT11,8,1,HS,83
HNMU-G8-R0166-STT11,8,2,AI,106
HNMU-G8-R0166-STT11,8,3,HS,22
HNMU-G8-R0166-STT11,8,4,AI,112
HNMU-G8-R0166-STT11,8,5,HS,39
HNMU-G8-R0166-STT11,8,6,AI,90
HNMU-G8-R0166-STT11,8,7,HS,68
HNMU-G8-R0166-STT11,8,8,AI,78
HNMU-G8-R0167-STT12,8,1,HS,79
HNMU-G8-R0167-STT12,8,2,AI,89
HNMU-G8-R0167-STT12,8,3,HS,17
HNMU-G8-R0167-STT12,8,4,AI,142
HNMU-G8-R0167-STT12,8,5,HS,45
HNMU-G8-R0167-STT12,8,6,AI,73
HNMU-G8-R0167-STT12,8,7,HS,50
HNMU-G8-R0167-STT12,8,8,AI,73
HNMU-G8-R0168-STT13,8,1,HS,50
HNMU-G8-R0168-STT13,8,2,AI,151
HNMU-G8-R0168-STT13,8,3,HS,70
HNMU-G8-R0168-STT13,8,4,AI,74
HNMU-G8-R0168-STT13,8,5,HS,43
HNMU-G8-R0168-STT13,8,6,AI,144
HNMU-G8-R0168-STT13,8,7,HS,44
HNMU-G8-R0168-STT13,8,8,AI,94
HNMU-G8-R0169-STT14,8,1,HS,56
HNMU-G8-R0169-STT14,8,2,AI,118
HNMU-G8-R0169-STT14,8,3,HS,18
HNMU-G8-R0169-STT14,8,4,AI,142
HNMU-G8-R0169-STT14,8,5,HS,72
HNMU-G8-R0169-STT14,8,6,AI,54
HNMU-G8-R0169-STT14,8,7,HS,16
HNMU-G8-R0169-STT14,8,8,AI,102
HNMU-G8-R0169-STT14,8,9,HS,81
HNMU-G8-R0169-STT14,8,10,AI,56
HNMU-G8-R0170-STT1,8,1,HS,105
HNMU-G8-R0170-STT1,8,2,AI,154
HNMU-G8-R0170-STT1,8,3,HS,53
HNMU-G8-R0170-STT1,8,4,AI,160
HNMU-G8-R0170-STT1,8,5,HS,46
HNMU-G8-R0170-STT1,8,6,AI,30
HNMU-G8-R0171-STT2,8,1,HS,98
HNMU-G8-R0171-STT2,8,2,AI,184
HNMU-G8-R0171-STT2,8,3,HS,40
HNMU-G8-R0171-STT2,8,4,AI,104
HNMU-G8-R0171-STT2,8,5,HS,30
HNMU-G8-R0171-STT2,8,6,AI,90
HNMU-G8-R0172-STT3,8,1,HS,52
HNMU-G8-R0172-STT3,8,2,AI,109
HNMU-G8-R0172-STT3,8,3,HS,22
HNMU-G8-R0172-STT3,8,4,AI,139
HNMU-G8-R0172-STT3,8,5,HS,65
HNMU-G8-R0172-STT3,8,6,AI,89
HNMU-G8-R0172-STT3,8,7,HS,27
HNMU-G8-R0173-STT4,8,1,HS,105
HNMU-G8-R0173-STT4,8,2,AI,147
HNMU-G8-R0173-STT4,8,3,HS,10
HNMU-G8-R0173-STT4,8,4,AI,47
HNMU-G8-R0173-STT4,8,5,HS,63
HNMU-G8-R0173-STT4,8,6,AI,105
HNMU-G8-R0173-STT4,8,7,HS,34
HNMU-G8-R0174-STT5,8,1,HS,89
HNMU-G8-R0174-STT5,8,2,AI,190
HNMU-G8-R0174-STT5,8,3,HS,49
HNMU-G8-R0174-STT5,8,4,AI,126
HNMU-G8-R0174-STT5,8,5,HS,19
HNMU-G8-R0174-STT5,8,6,AI,87
HNMU-G8-R0174-STT5,8,7,HS,56
HNMU-G8-R0175-STT6,8,1,HS,117
HNMU-G8-R0175-STT6,8,2,AI,211
HNMU-G8-R0175-STT6,8,3,HS,39
HNMU-G8-R0175-STT6,8,4,AI,144
HNMU-G8-R0175-STT6,8,5,HS,27
HNMU-G8-R0175-STT6,8,6,AI,48
HNMU-G8-R0175-STT6,8,7,HS,46
HNMU-G8-R0176-STT7,8,1,HS,93
HNMU-G8-R0176-STT7,8,2,AI,109
HNMU-G8-R0176-STT7,8,3,HS,44
HNMU-G8-R0176-STT7,8,4,AI,132
HNMU-G8-R0176-STT7,8,5,HS,22
HNMU-G8-R0176-STT7,8,6,AI,111
HNMU-G8-R0176-STT7,8,7,HS,40
HNMU-G8-R0177-STT8,8,1,HS,93
HNMU-G8-R0177-STT8,8,2,AI,190
HNMU-G8-R0177-STT8,8,3,HS,33
HNMU-G8-R0177-STT8,8,4,AI,228
HNMU-G8-R0177-STT8,8,5,HS,36
HNMU-G8-R0177-STT8,8,6,AI,119
HNMU-G8-R0177-STT8,8,7,HS,38
HNMU-G8-R0178-STT9,8,1,HS,83
HNMU-G8-R0178-STT9,8,2,AI,193
HNMU-G8-R0178-STT9,8,3,HS,28
HNMU-G8-R0178-STT9,8,4,AI,92
HNMU-G8-R0178-STT9,8,5,HS,49
HNMU-G8-R0178-STT9,8,6,AI,38
HNMU-G8-R0179-STT10,8,1,HS,123
HNMU-G8-R0179-STT10,8,2,AI,180
HNMU-G8-R0179-STT10,8,3,HS,47
HNMU-G8-R0179-STT10,8,4,AI,174
HNMU-G8-R0179-STT10,8,5,HS,29
HNMU-G8-R0179-STT10,8,6,AI,91
HNMU-G8-R0179-STT10,8,7,HS,47
HNMU-G8-R0180-STT11,8,1,HS,114
HNMU-G8-R0180-STT11,8,2,AI,108
HNMU-G8-R0180-STT11,8,3,HS,42
HNMU-G8-R0180-STT11,8,4,AI,182
HNMU-G8-R0180-STT11,8,5,HS,52
HNMU-G8-R0180-STT11,8,6,AI,67
HNMU-G8-R0180-STT11,8,7,HS,56
HNMU-G8-R0180-STT11,8,8,AI,61
HNMU-G8-R0181-STT12,8,1,HS,100
HNMU-G8-R0181-STT12,8,2,AI,145
HNMU-G8-R0181-STT12,8,3,HS,21
HNMU-G8-R0181-STT12,8,4,AI,71
HNMU-G8-R0181-STT12,8,5,HS,33
HNMU-G8-R0181-STT12,8,6,AI,159
HNMU-G8-R0181-STT12,8,7,HS,84
HNMU-G8-R0181-STT12,8,8,AI,85
HNMU-G8-R0181-STT12,8,9,HS,47
HNMU-G8-R0182-STT13,8,1,HS,131
HNMU-G8-R0182-STT13,8,2,AI,147
HNMU-G8-R0182-STT13,8,3,HS,59
HNMU-G8-R0182-STT13,8,4,AI,151
HNMU-G8-R0182-STT13,8,5,HS,92
HNMU-G8-R0182-STT13,8,6,AI,138
HNMU-G8-R0182-STT13,8,7,HS,60
HNMU-G8-R0182-STT13,8,8,AI,50
HNMU-G8-R0183-STT14,8,1,HS,118
HNMU-G8-R0183-STT14,8,2,AI,205
HNMU-G8-R0183-STT14,8,3,HS,21
HNMU-G8-R0183-STT14,8,4,AI,211
HNMU-G8-R0183-STT14,8,5,HS,44
HNMU-G8-R0183-STT14,8,6,AI,85
HNMU-G8-R0183-STT14,8,7,HS,117
HNMU-G8-R0183-STT14,8,8,AI,103
HNMU-G8-R0183-STT14,8,9,HS,35
HNMU-G8-R0184-STT1,8,1,HS,98
HNMU-G8-R0184-STT1,8,2,AI,167
HNMU-G8-R0184-STT1,8,3,HS,13
HNMU-G8-R0184-STT1,8,4,AI,164
HNMU-G8-R0184-STT1,8,5,HS,57
HNMU-G8-R0184-STT1,8,6,AI,133
HNMU-G8-R0184-STT1,8,7,HS,62
HNMU-G8-R0184-STT1,8,8,AI,39
HNMU-G8-R0185-STT2,8,1,HS,69
HNMU-G8-R0185-STT2,8,2,AI,174
HNMU-G8-R0185-STT2,8,3,HS,20
HNMU-G8-R0185-STT2,8,4,AI,124
HNMU-G8-R0185-STT2,8,5,HS,19
HNMU-G8-R0185-STT2,8,6,AI,93
HNMU-G8-R0185-STT2,8,7,HS,51
HNMU-G8-R0185-STT2,8,8,AI,84
HNMU-G8-R0186-STT3,8,1,HS,116
HNMU-G8-R0186-STT3,8,2,AI,125
HNMU-G8-R0186-STT3,8,3,HS,26
HNMU-G8-R0186-STT3,8,4,AI,75
HNMU-G8-R0186-STT3,8,5,HS,12
HNMU-G8-R0186-STT3,8,6,AI,76
HNMU-G8-R0186-STT3,8,7,HS,65
HNMU-G8-R0186-STT3,8,8,AI,122
HNMU-G8-R0187-STT4,8,1,HS,121
HNMU-G8-R0187-STT4,8,2,AI,160
HNMU-G8-R0187-STT4,8,3,HS,27
HNMU-G8-R0187-STT4,8,4,AI,189
HNMU-G8-R0187-STT4,8,5,HS,79
HNMU-G8-R0187-STT4,8,6,AI,102
HNMU-G8-R0187-STT4,8,7,HS,102
HNMU-G8-R0187-STT4,8,8,AI,65
HNMU-G8-R0188-STT5,8,1,HS,119
HNMU-G8-R0188-STT5,8,2,AI,207
HNMU-G8-R0188-STT5,8,3,HS,57
HNMU-G8-R0188-STT5,8,4,AI,141
HNMU-G8-R0188-STT5,8,5,HS,40
HNMU-G8-R0188-STT5,8,6,AI,129
HNMU-G8-R0188-STT5,8,7,HS,56
HNMU-G8-R0188-STT5,8,8,AI,104
HNMU-G8-R0189-STT6,8,1,HS,144
HNMU-G8-R0189-STT6,8,2,AI,167
HNMU-G8-R0189-STT6,8,3,HS,79
HNMU-G8-R0189-STT6,8,4,AI,155
HNMU-G8-R0189-STT6,8,5,HS,50
HNMU-G8-R0189-STT6,8,6,AI,221
HNMU-G8-R0189-STT6,8,7,HS,91
HNMU-G8-R0190-STT7,8,1,HS,103
HNMU-G8-R0190-STT7,8,2,AI,209
HNMU-G8-R0190-STT7,8,3,HS,47
HNMU-G8-R0190-STT7,8,4,AI,151
HNMU-G8-R0190-STT7,8,5,HS,109
HNMU-G8-R0190-STT7,8,6,AI,139
HNMU-G8-R0190-STT7,8,7,HS,66
HNMU-G8-R0191-STT8,8,1,HS,174
HNMU-G8-R0191-STT8,8,2,AI,181
HNMU-G8-R0191-STT8,8,3,HS,22
HNMU-G8-R0191-STT8,8,4,AI,132
HNMU-G8-R0191-STT8,8,5,HS,84
HNMU-G8-R0191-STT8,8,6,AI,224
HNMU-G8-R0191-STT8,8,7,HS,64
HNMU-G8-R0191-STT8,8,8,AI,142
HNMU-G8-R0192-STT9,8,1,HS,109
HNMU-G8-R0192-STT9,8,2,AI,144
HNMU-G8-R0192-STT9,8,3,HS,31
HNMU-G8-R0192-STT9,8,4,AI,151
HNMU-G8-R0192-STT9,8,5,HS,43
HNMU-G8-R0192-STT9,8,6,AI,127
HNMU-G8-R0192-STT9,8,7,HS,69
HNMU-G8-R0192-STT9,8,8,AI,174
HNMU-G8-R0192-STT9,8,9,HS,82
HNMU-G8-R0192-STT9,8,10,AI,121
HNMU-G8-R0193-STT10,8,1,HS,179
HNMU-G8-R0193-STT10,8,2,AI,154
HNMU-G8-R0193-STT10,8,3,HS,65
HNMU-G8-R0193-STT10,8,4,AI,116
HNMU-G8-R0193-STT10,8,5,HS,112
HNMU-G8-R0193-STT10,8,6,AI,118
HNMU-G8-R0193-STT10,8,7,HS,48
HNMU-G8-R0193-STT10,8,8,AI,150
HNMU-G8-R0193-STT10,8,9,HS,76
HNMU-G8-R0193-STT10,8,10,AI,97
HNMU-G8-R0194-STT11,8,1,HS,149
HNMU-G8-R0194-STT11,8,2,AI,198
HNMU-G8-R0194-STT11,8,3,HS,38
HNMU-G8-R0194-STT11,8,4,AI,231
HNMU-G8-R0194-STT11,8,5,HS,78
HNMU-G8-R0194-STT11,8,6,AI,112
HNMU-G8-R0194-STT11,8,7,HS,103
HNMU-G8-R0194-STT11,8,8,AI,79
HNMU-G8-R0195-STT12,8,1,HS,142
HNMU-G8-R0195-STT12,8,2,AI,245
HNMU-G8-R0195-STT12,8,3,HS,44
HNMU-G8-R0195-STT12,8,4,AI,99
HNMU-G8-R0195-STT12,8,5,HS,105
HNMU-G8-R0195-STT12,8,6,AI,136
HNMU-G8-R0195-STT12,8,7,HS,33
HNMU-G8-R0195-STT12,8,8,AI,182
HNMU-G8-R0195-STT12,8,9,HS,116
HNMU-G8-R0195-STT12,8,10,AI,67
HNMU-G8-R0196-STT13,8,1,HS,126
HNMU-G8-R0196-STT13,8,2,AI,294
HNMU-G8-R0196-STT13,8,3,HS,61
HNMU-G8-R0196-STT13,8,4,AI,145
HNMU-G8-R0196-STT13,8,5,HS,58
HNMU-G8-R0196-STT13,8,6,AI,125
HNMU-G8-R0196-STT13,8,7,HS,50
HNMU-G8-R0196-STT13,8,8,AI,162
HNMU-G8-R0196-STT13,8,9,HS,125
HNMU-G8-R0196-STT13,8,10,AI,112
HNMU-G8-R0197-STT14,8,1,HS,178
HNMU-G8-R0197-STT14,8,2,AI,254
HNMU-G8-R0197-STT14,8,3,HS,36
HNMU-G8-R0197-STT14,8,4,AI,186
HNMU-G8-R0197-STT14,8,5,HS,85
HNMU-G8-R0197-STT14,8,6,AI,38
HNMU-G8-R0197-STT14,8,7,HS,114
HNMU-G8-R0197-STT14,8,8,AI,164
HNMU-G8-R0197-STT14,8,9,HS,66
HNMU-G8-R0198-STT1,8,1,HS,114
HNMU-G8-R0198-STT1,8,2,AI,186
HNMU-G8-R0198-STT1,8,3,HS,27
HNMU-G8-R0198-STT1,8,4,AI,87
HNMU-G8-R0198-STT1,8,5,HS,25
HNMU-G8-R0198-STT1,8,6,AI,104
HNMU-G8-R0198-STT1,8,7,HS,66
HNMU-G8-R0198-STT1,8,8,AI,52
HNMU-G8-R0199-STT2,8,1,HS,121
HNMU-G8-R0199-STT2,8,2,AI,189
HNMU-G8-R0199-STT2,8,3,HS,13
HNMU-G8-R0199-STT2,8,4,AI,125
HNMU-G8-R0199-STT2,8,5,HS,26
HNMU-G8-R0199-STT2,8,6,AI,93
HNMU-G8-R0199-STT2,8,7,HS,43
HNMU-G8-R0199-STT2,8,8,AI,34
HNMU-G8-R0200-STT3,8,1,HS,113
HNMU-G8-R0200-STT3,8,2,AI,159
HNMU-G8-R0200-STT3,8,3,HS,31
HNMU-G8-R0200-STT3,8,4,AI,166
HNMU-G8-R0200-STT3,8,5,HS,61
HNMU-G8-R0200-STT3,8,6,AI,111
HNMU-G8-R0200-STT3,8,7,HS,56
HNMU-G8-R0200-STT3,8,8,AI,78
HNMU-G8-R0201-STT4,8,1,HS,126
HNMU-G8-R0201-STT4,8,2,AI,177
HNMU-G8-R0201-STT4,8,3,HS,62
HNMU-G8-R0201-STT4,8,4,AI,122
HNMU-G8-R0201-STT4,8,5,HS,10
HNMU-G8-R0201-STT4,8,6,AI,94
HNMU-G8-R0201-STT4,8,7,HS,54
HNMU-G8-R0201-STT4,8,8,AI,81
HNMU-G8-R0201-STT4,8,9,HS,49
HNMU-G8-R0203-STT6,8,1,HS,140
HNMU-G8-R0203-STT6,8,2,AI,169
HNMU-G8-R0203-STT6,8,3,HS,8
HNMU-G8-R0203-STT6,8,4,AI,121
HNMU-G8-R0203-STT6,8,5,HS,24
HNMU-G8-R0203-STT6,8,6,AI,141
HNMU-G8-R0203-STT6,8,7,HS,50
HNMU-G8-R0203-STT6,8,8,AI,136
HNMU-G8-R0203-STT6,8,9,HS,109
HNMU-G8-R0203-STT6,8,10,AI,98
HNMU-G8-R0204-STT7,8,1,HS,146
HNMU-G8-R0204-STT7,8,2,AI,212
HNMU-G8-R0204-STT7,8,3,HS,107
HNMU-G8-R0204-STT7,8,4,AI,232
HNMU-G8-R0204-STT7,8,5,HS,56
HNMU-G8-R0204-STT7,8,6,AI,58
HNMU-G8-R0204-STT7,8,7,HS,110
HNMU-G8-R0204-STT7,8,8,AI,64
HNMU-G8-R0205-STT8,8,1,HS,149
HNMU-G8-R0205-STT8,8,2,AI,233
HNMU-G8-R0205-STT8,8,3,HS,90
HNMU-G8-R0205-STT8,8,4,AI,72
HNMU-G8-R0205-STT8,8,5,HS,91
HNMU-G8-R0205-STT8,8,6,AI,163
HNMU-G8-R0205-STT8,8,7,HS,115
HNMU-G8-R0205-STT8,8,8,AI,59
HNMU-G8-R0206-STT9,8,1,HS,101
HNMU-G8-R0206-STT9,8,2,AI,216
HNMU-G8-R0206-STT9,8,3,HS,61
HNMU-G8-R0206-STT9,8,4,AI,228
HNMU-G8-R0206-STT9,8,5,HS,54
HNMU-G8-R0206-STT9,8,6,AI,161
HNMU-G8-R0206-STT9,8,7,HS,97
HNMU-G8-R0206-STT9,8,8,AI,102
HNMU-G8-R0209-STT12,8,1,HS,152
HNMU-G8-R0209-STT12,8,2,AI,253
HNMU-G8-R0209-STT12,8,3,HS,59
HNMU-G8-R0209-STT12,8,4,AI,91
HNMU-G8-R0209-STT12,8,5,HS,74
HNMU-G8-R0209-STT12,8,6,AI,180
HNMU-G8-R0209-STT12,8,7,HS,116
HNMU-G8-R0209-STT12,8,8,AI,82
HNMU-G8-R0210-STT13,8,1,HS,159
HNMU-G8-R0210-STT13,8,2,AI,209
HNMU-G8-R0210-STT13,8,3,HS,57
HNMU-G8-R0210-STT13,8,4,AI,198
HNMU-G8-R0210-STT13,8,5,HS,85
HNMU-G8-R0210-STT13,8,6,AI,208
HNMU-G8-R0210-STT13,8,7,HS,111
HNMU-G8-R0210-STT13,8,8,AI,105
HNMU-G8-R0211-STT14,8,1,HS,188
HNMU-G8-R0211-STT14,8,2,AI,276
HNMU-G8-R0211-STT14,8,3,HS,37
HNMU-G8-R0211-STT14,8,4,AI,144
HNMU-G8-R0211-STT14,8,5,HS,137
HNMU-G8-R0211-STT14,8,6,AI,116
HNMU-G8-R0211-STT14,8,7,HS,63
HNMU-G8-R0211-STT14,8,8,AI,76
HNMU-G8-R0211-STT14,8,9,HS,29
HNMU-G8-R0211-STT14,8,10,AI,155
HNMU-G8-R0211-STT14,8,11,HS,64
HNMU-G8-R0213-STT2,8,1,HS,61
HNMU-G8-R0213-STT2,8,2,AI,214
HNMU-G8-R0213-STT2,8,3,HS,40
HNMU-G8-R0213-STT2,8,4,AI,84
HNMU-G8-R0214-STT3,8,1,HS,56
HNMU-G8-R0214-STT3,8,2,AI,92
HNMU-G8-R0214-STT3,8,3,HS,74
HNMU-G8-R0214-STT3,8,4,AI,130
HNMU-G8-R0214-STT3,8,5,HS,30
HNMU-G8-R0215-STT4,8,1,HS,63
HNMU-G8-R0215-STT4,8,2,AI,93
HNMU-G8-R0215-STT4,8,3,HS,40
HNMU-G8-R0215-STT4,8,4,AI,57
HNMU-G8-R0216-STT5,8,1,HS,81
HNMU-G8-R0216-STT5,8,2,AI,162
HNMU-G8-R0216-STT5,8,3,HS,53
HNMU-G8-R0216-STT5,8,4,AI,97
HNMU-G8-R0217-STT6,8,1,HS,77
HNMU-G8-R0217-STT6,8,2,AI,65
HNMU-G8-R0217-STT6,8,3,HS,28
HNMU-G8-R0217-STT6,8,4,AI,62
HNMU-G8-R0217-STT6,8,5,HS,49
HNMU-G8-R0217-STT6,8,6,AI,71
HNMU-G8-R0218-STT7,8,1,HS,95
HNMU-G8-R0218-STT7,8,2,AI,163
HNMU-G8-R0218-STT7,8,3,HS,12
HNMU-G8-R0218-STT7,8,4,AI,90
HNMU-G8-R0219-STT8,8,1,HS,78
HNMU-G8-R0219-STT8,8,2,AI,175
HNMU-G8-R0219-STT8,8,3,HS,46
HNMU-G8-R0219-STT8,8,4,AI,94
HNMU-G8-R0220-STT9,8,1,HS,93
HNMU-G8-R0220-STT9,8,2,AI,132
HNMU-G8-R0220-STT9,8,3,HS,25
HNMU-G8-R0220-STT9,8,4,AI,59
HNMU-G8-R0220-STT9,8,5,HS,36
HNMU-G8-R0221-STT10,8,1,HS,62
HNMU-G8-R0221-STT10,8,2,AI,92
HNMU-G8-R0221-STT10,8,3,HS,38
HNMU-G8-R0221-STT10,8,4,AI,87
HNMU-G8-R0221-STT10,8,5,HS,66
HNMU-G8-R0221-STT10,8,6,AI,53
HNMU-G8-R0222-STT11,8,1,HS,93
HNMU-G8-R0222-STT11,8,2,AI,171
HNMU-G8-R0222-STT11,8,3,HS,26
HNMU-G8-R0222-STT11,8,4,AI,130
HNMU-G8-R0223-STT12,8,1,HS,81
HNMU-G8-R0223-STT12,8,2,AI,128
HNMU-G8-R0223-STT12,8,3,HS,29
HNMU-G8-R0223-STT12,8,4,AI,101
HNMU-G8-R0223-STT12,8,5,HS,48
HNMU-G8-R0225-STT14,8,1,HS,87
HNMU-G8-R0225-STT14,8,2,AI,62
HNMU-G8-R0225-STT14,8,3,HS,59
HNMU-G8-R0225-STT14,8,4,AI,175
HNMU-G8-R0225-STT14,8,5,HS,87
HNMU-G8-R0226-STT1,8,1,HS,62
HNMU-G8-R0226-STT1,8,2,AI,138
HNMU-G8-R0226-STT1,8,3,HS,20
HNMU-G8-R0226-STT1,8,4,AI,75
HNMU-G8-R0226-STT1,8,5,HS,27
HNMU-G8-R0226-STT1,8,6,AI,173
HNMU-G8-R0226-STT1,8,7,HS,19
HNMU-G8-R0227-STT2,8,1,HS,34
HNMU-G8-R0227-STT2,8,2,AI,154
HNMU-G8-R0227-STT2,8,3,HS,28
HNMU-G8-R0227-STT2,8,4,AI,177
HNMU-G8-R0228-STT3,8,1,HS,61
HNMU-G8-R0228-STT3,8,2,AI,63
HNMU-G8-R0228-STT3,8,3,HS,20
HNMU-G8-R0228-STT3,8,4,AI,99
HNMU-G8-R0228-STT3,8,5,HS,23
HNMU-G8-R0229-STT4,8,1,HS,60
HNMU-G8-R0229-STT4,8,2,AI,142
HNMU-G8-R0229-STT4,8,3,HS,28
HNMU-G8-R0229-STT4,8,4,AI,97
HNMU-G8-R0230-STT5,8,1,HS,63
HNMU-G8-R0230-STT5,8,2,AI,125
HNMU-G8-R0230-STT5,8,3,HS,36
HNMU-G8-R0230-STT5,8,4,AI,198
HNMU-G8-R0230-STT5,8,5,HS,66
HNMU-G8-R0231-STT6,8,1,HS,74
HNMU-G8-R0231-STT6,8,2,AI,62
HNMU-G8-R0231-STT6,8,3,HS,20
HNMU-G8-R0231-STT6,8,4,AI,164
HNMU-G8-R0231-STT6,8,5,HS,98
HNMU-G8-R0233-STT8,8,1,HS,74
HNMU-G8-R0233-STT8,8,2,AI,155
HNMU-G8-R0233-STT8,8,3,HS,16
HNMU-G8-R0233-STT8,8,4,AI,100
HNMU-G8-R0233-STT8,8,5,HS,43
HNMU-G8-R0234-STT9,8,1,HS,62
HNMU-G8-R0234-STT9,8,2,AI,100
HNMU-G8-R0234-STT9,8,3,HS,31
HNMU-G8-R0234-STT9,8,4,AI,106
HNMU-G8-R0234-STT9,8,5,HS,70
HNMU-G8-R0235-STT10,8,1,HS,84
HNMU-G8-R0235-STT10,8,2,AI,161
HNMU-G8-R0235-STT10,8,3,HS,12
HNMU-G8-R0235-STT10,8,4,AI,93
HNMU-G8-R0235-STT10,8,5,HS,64
HNMU-G8-R0236-STT11,8,1,HS,60
HNMU-G8-R0236-STT11,8,2,AI,61
HNMU-G8-R0236-STT11,8,3,HS,10
HNMU-G8-R0236-STT11,8,4,AI,55
HNMU-G8-R0236-STT11,8,5,HS,12
HNMU-G8-R0236-STT11,8,6,AI,94
HNMU-G8-R0236-STT11,8,7,HS,88
HNMU-G8-R0238-STT13,8,1,HS,63
HNMU-G8-R0238-STT13,8,2,AI,71
HNMU-G8-R0238-STT13,8,3,HS,41
HNMU-G8-R0238-STT13,8,4,AI,136
HNMU-G8-R0238-STT13,8,5,HS,70
HNMU-G8-R0239-STT14,8,1,HS,71
HNMU-G8-R0239-STT14,8,2,AI,175
HNMU-G8-R0239-STT14,8,3,HS,72
HNMU-G8-R0239-STT14,8,4,AI,116
HNMU-G8-R0239-STT14,8,5,HS,63
HNMU-G8-R0240-STT1,8,1,HS,87
HNMU-G8-R0240-STT1,8,2,AI,101
HNMU-G8-R0240-STT1,8,3,HS,58
HNMU-G8-R0240-STT1,8,4,AI,145
HNMU-G8-R0240-STT1,8,5,HS,25
HNMU-G8-R0240-STT1,8,6,AI,77
HNMU-G8-R0241-STT2,8,1,HS,82
HNMU-G8-R0241-STT2,8,2,AI,172
HNMU-G8-R0241-STT2,8,3,HS,35
HNMU-G8-R0241-STT2,8,4,AI,83
HNMU-G8-R0242-STT3,8,1,HS,91
HNMU-G8-R0242-STT3,8,2,AI,130
HNMU-G8-R0242-STT3,8,3,HS,33
HNMU-G8-R0242-STT3,8,4,AI,106
HNMU-G8-R0242-STT3,8,5,HS,81
HNMU-G8-R0243-STT4,8,1,HS,62
HNMU-G8-R0243-STT4,8,2,AI,119
HNMU-G8-R0243-STT4,8,3,HS,20
HNMU-G8-R0243-STT4,8,4,AI,90
HNMU-G8-R0246-STT7,8,1,HS,116
HNMU-G8-R0246-STT7,8,2,AI,111
HNMU-G8-R0246-STT7,8,3,HS,18
HNMU-G8-R0246-STT7,8,4,AI,139
HNMU-G8-R0246-STT7,8,5,HS,54
HNMU-G8-R0248-STT9,8,1,HS,71
HNMU-G8-R0248-STT9,8,2,AI,106
HNMU-G8-R0248-STT9,8,3,HS,18
HNMU-G8-R0248-STT9,8,4,AI,114
HNMU-G8-R0248-STT9,8,5,HS,65
HNMU-G8-R0249-STT10,8,1,HS,106
HNMU-G8-R0249-STT10,8,2,AI,170
HNMU-G8-R0249-STT10,8,3,HS,53
HNMU-G8-R0249-STT10,8,4,AI,84
HNMU-G8-R0250-STT11,8,1,HS,96
HNMU-G8-R0250-STT11,8,2,AI,112
HNMU-G8-R0250-STT11,8,3,HS,41
HNMU-G8-R0250-STT11,8,4,AI,104
HNMU-G8-R0250-STT11,8,5,HS,67
HNMU-G8-R0251-STT12,8,1,HS,77
HNMU-G8-R0251-STT12,8,2,AI,148
HNMU-G8-R0251-STT12,8,3,HS,64
HNMU-G8-R0251-STT12,8,4,AI,74
HNMU-G8-R0252-STT13,8,1,HS,63
HNMU-G8-R0252-STT13,8,2,AI,67
HNMU-G8-R0252-STT13,8,3,HS,60
HNMU-G8-R0252-STT13,8,4,AI,89
HNMU-G8-R0252-STT13,8,5,HS,66
HNMU-G8-R0253-STT14,8,1,HS,86
HNMU-G8-R0253-STT14,8,2,AI,128
HNMU-G8-R0253-STT14,8,3,HS,109
HNMU-G8-R0253-STT14,8,4,AI,165
HNMU-G8-R0253-STT14,8,5,HS,57
HNMU-G8-R0255-STT2,8,1,HS,59
HNMU-G8-R0255-STT2,8,2,AI,161
HNMU-G8-R0255-STT2,8,3,HS,58
HNMU-G8-R0255-STT2,8,4,AI,86
HNMU-G8-R0256-STT3,8,1,HS,55
HNMU-G8-R0256-STT3,8,2,AI,246
HNMU-G8-R0256-STT3,8,3,HS,33
HNMU-G8-R0256-STT3,8,4,AI,74
HNMU-G8-R0257-STT4,8,1,HS,76
HNMU-G8-R0257-STT4,8,2,AI,177
HNMU-G8-R0257-STT4,8,3,HS,31
HNMU-G8-R0257-STT4,8,4,AI,73
HNMU-G8-R0258-STT5,8,1,HS,88
HNMU-G8-R0258-STT5,8,2,AI,130
HNMU-G8-R0258-STT5,8,3,HS,34
HNMU-G8-R0258-STT5,8,4,AI,108
HNMU-G8-R0258-STT5,8,5,HS,63
HNMU-G8-R0259-STT6,8,1,HS,81
HNMU-G8-R0259-STT6,8,2,AI,114
HNMU-G8-R0259-STT6,8,3,HS,34
HNMU-G8-R0259-STT6,8,4,AI,150
HNMU-G8-R0259-STT6,8,5,HS,48
HNMU-G8-R0260-STT7,8,1,HS,53
HNMU-G8-R0260-STT7,8,2,AI,131
HNMU-G8-R0260-STT7,8,3,HS,34
HNMU-G8-R0260-STT7,8,4,AI,82
HNMU-G8-R0260-STT7,8,5,HS,94
HNMU-G8-R0263-STT10,8,1,HS,73
HNMU-G8-R0263-STT10,8,2,AI,56
HNMU-G8-R0263-STT10,8,3,HS,22
HNMU-G8-R0263-STT10,8,4,AI,84
HNMU-G8-R0263-STT10,8,5,HS,90
HNMU-G8-R0263-STT10,8,6,AI,55
HNMU-G8-R0264-STT11,8,1,HS,100
HNMU-G8-R0264-STT11,8,2,AI,104
HNMU-G8-R0264-STT11,8,3,HS,68
HNMU-G8-R0264-STT11,8,4,AI,50
HNMU-G8-R0264-STT11,8,5,HS,60
HNMU-G8-R0265-STT12,8,1,HS,57
HNMU-G8-R0265-STT12,8,2,AI,99
HNMU-G8-R0265-STT12,8,3,HS,66
HNMU-G8-R0265-STT12,8,4,AI,130
HNMU-G8-R0265-STT12,8,5,HS,48
HNMU-G8-R0266-STT13,8,1,HS,86
HNMU-G8-R0266-STT13,8,2,AI,147
HNMU-G8-R0266-STT13,8,3,HS,40
HNMU-G8-R0266-STT13,8,4,AI,101
HNMU-G8-R0266-STT13,8,5,HS,57
HNMU-G8-R0267-STT14,8,1,HS,109
HNMU-G8-R0267-STT14,8,2,AI,170
HNMU-G8-R0267-STT14,8,3,HS,102
HNMU-G8-R0267-STT14,8,4,AI,82
HNMU-G8-R0268-STT1,8,1,HS,77
HNMU-G8-R0268-STT1,8,2,AI,152
HNMU-G8-R0268-STT1,8,3,HS,58
HNMU-G8-R0268-STT1,8,4,AI,81
HNMU-G8-R0269-STT2,8,1,HS,71
HNMU-G8-R0269-STT2,8,2,AI,129
HNMU-G8-R0269-STT2,8,3,HS,43
HNMU-G8-R0269-STT2,8,4,AI,125
HNMU-G8-R0269-STT2,8,5,HS,42
HNMU-G8-R0270-STT3,8,1,HS,49
HNMU-G8-R0270-STT3,8,2,AI,96
HNMU-G8-R0270-STT3,8,3,HS,37
HNMU-G8-R0270-STT3,8,4,AI,104
HNMU-G8-R0271-STT4,8,1,HS,78
HNMU-G8-R0271-STT4,8,2,AI,245
HNMU-G8-R0271-STT4,8,3,HS,25
HNMU-G8-R0271-STT4,8,4,AI,43
HNMU-G8-R0271-STT4,8,5,HS,10
HNMU-G8-R0273-STT6,8,1,HS,74
HNMU-G8-R0273-STT6,8,2,AI,192
HNMU-G8-R0273-STT6,8,3,HS,43
HNMU-G8-R0273-STT6,8,4,AI,90
HNMU-G8-R0273-STT6,8,5,HS,48
HNMU-G8-R0274-STT7,8,1,HS,51
HNMU-G8-R0274-STT7,8,2,AI,195
HNMU-G8-R0274-STT7,8,3,HS,65
HNMU-G8-R0274-STT7,8,4,AI,78
HNMU-G8-R0275-STT8,8,1,HS,53
HNMU-G8-R0275-STT8,8,2,AI,160
HNMU-G8-R0275-STT8,8,3,HS,42
HNMU-G8-R0275-STT8,8,4,AI,112
HNMU-G8-R0276-STT9,8,1,HS,69
HNMU-G8-R0276-STT9,8,2,AI,213
HNMU-G8-R0276-STT9,8,3,HS,24
HNMU-G8-R0276-STT9,8,4,AI,81
HNMU-G8-R0276-STT9,8,5,HS,45
HNMU-G8-R0277-STT10,8,1,HS,70
HNMU-G8-R0277-STT10,8,2,AI,91
HNMU-G8-R0277-STT10,8,3,HS,41
HNMU-G8-R0277-STT10,8,4,AI,127
HNMU-G8-R0277-STT10,8,5,HS,75
HNMU-G8-R0278-STT11,8,1,HS,91
HNMU-G8-R0278-STT11,8,2,AI,144
HNMU-G8-R0278-STT11,8,3,HS,38
HNMU-G8-R0278-STT11,8,4,AI,124
HNMU-G8-R0279-STT12,8,1,HS,66
HNMU-G8-R0279-STT12,8,2,AI,69
HNMU-G8-R0279-STT12,8,3,HS,33
HNMU-G8-R0279-STT12,8,4,AI,117
HNMU-G8-R0279-STT12,8,5,HS,63
HNMU-G8-R0279-STT12,8,6,AI,57
HNMU-G8-R0280-STT13,8,1,HS,75
HNMU-G8-R0280-STT13,8,2,AI,80
HNMU-G8-R0280-STT13,8,3,HS,28
HNMU-G8-R0280-STT13,8,4,AI,98
HNMU-G8-R0280-STT13,8,5,HS,39
HNMU-G8-R0280-STT13,8,6,AI,66
HNMU-G8-R0281-STT14,8,1,HS,53
HNMU-G8-R0281-STT14,8,2,AI,102
HNMU-G8-R0281-STT14,8,3,HS,54
HNMU-G8-R0281-STT14,8,4,AI,130
HNMU-G8-R0281-STT14,8,5,HS,86
HNMU-G9-R0002-STT1,9,1,HS,59
HNMU-G9-R0002-STT1,9,2,AI,153
HNMU-G9-R0002-STT1,9,3,HS,40
HNMU-G9-R0002-STT1,9,4,AI,167
HNMU-G9-R0002-STT1,9,5,HS,55
HNMU-G9-R0004-STT3,9,1,HS,48
HNMU-G9-R0004-STT3,9,2,AI,125
HNMU-G9-R0004-STT3,9,3,HS,67
HNMU-G9-R0004-STT3,9,4,AI,74
HNMU-G9-R0005-STT4,9,1,HS,76
HNMU-G9-R0005-STT4,9,2,AI,119
HNMU-G9-R0005-STT4,9,3,HS,29
HNMU-G9-R0005-STT4,9,4,AI,88
HNMU-G9-R0008-STT7,9,1,HS,61
HNMU-G9-R0008-STT7,9,2,AI,180
HNMU-G9-R0008-STT7,9,3,HS,55
HNMU-G9-R0008-STT7,9,4,AI,130
HNMU-G9-R0010-STT9,9,1,HS,69
HNMU-G9-R0010-STT9,9,2,AI,78
HNMU-G9-R0010-STT9,9,3,HS,47
HNMU-G9-R0010-STT9,9,4,AI,142
HNMU-G9-R0010-STT9,9,5,HS,82
HNMU-G9-R0011-STT10,9,1,HS,66
HNMU-G9-R0011-STT10,9,2,AI,149
HNMU-G9-R0011-STT10,9,3,HS,32
HNMU-G9-R0011-STT10,9,4,AI,148
HNMU-G9-R0012-STT11,9,1,HS,86
HNMU-G9-R0012-STT11,9,2,AI,126
HNMU-G9-R0012-STT11,9,3,HS,67
HNMU-G9-R0012-STT11,9,4,AI,160
HNMU-G9-R0012-STT11,9,5,HS,73
HNMU-G9-R0013-STT12,9,1,HS,66
HNMU-G9-R0013-STT12,9,2,AI,132
HNMU-G9-R0013-STT12,9,3,HS,68
HNMU-G9-R0013-STT12,9,4,AI,129
HNMU-G9-R0015-STT14,9,1,HS,98
HNMU-G9-R0015-STT14,9,2,AI,197
HNMU-G9-R0015-STT14,9,3,HS,63
HNMU-G9-R0015-STT14,9,4,AI,87
HNMU-G9-R0016-STT1,9,1,HS,71
HNMU-G9-R0016-STT1,9,2,AI,172
HNMU-G9-R0016-STT1,9,3,HS,77
HNMU-G9-R0016-STT1,9,4,AI,94
HNMU-G9-R0019-STT4,9,1,HS,95
HNMU-G9-R0019-STT4,9,2,AI,59
HNMU-G9-R0019-STT4,9,3,HS,36
HNMU-G9-R0019-STT4,9,4,AI,129
HNMU-G9-R0019-STT4,9,5,HS,35
HNMU-G9-R0019-STT4,9,6,AI,90
HNMU-G9-R0023-STT8,9,1,HS,60
HNMU-G9-R0023-STT8,9,2,AI,120
HNMU-G9-R0023-STT8,9,3,HS,47
HNMU-G9-R0023-STT8,9,4,AI,110
HNMU-G9-R0023-STT8,9,5,HS,89
HNMU-G9-R0023-STT8,9,6,AI,70
HNMU-G9-R0026-STT11,9,1,HS,137
HNMU-G9-R0026-STT11,9,2,AI,40
HNMU-G9-R0026-STT11,9,3,HS,52
HNMU-G9-R0026-STT11,9,4,AI,86
HNMU-G9-R0026-STT11,9,5,HS,27
HNMU-G9-R0026-STT11,9,6,AI,102
HNMU-G9-R0026-STT11,9,7,HS,53
HNMU-G9-R0027-STT12,9,1,HS,66
HNMU-G9-R0027-STT12,9,2,AI,146
HNMU-G9-R0027-STT12,9,3,HS,37
HNMU-G9-R0027-STT12,9,4,AI,114
HNMU-G9-R0027-STT12,9,5,HS,49
HNMU-G9-R0028-STT13,9,1,HS,75
HNMU-G9-R0028-STT13,9,2,AI,134
HNMU-G9-R0028-STT13,9,3,HS,52
HNMU-G9-R0028-STT13,9,4,AI,97
HNMU-G9-R0028-STT13,9,5,HS,65
HNMU-G9-R0029-STT14,9,1,HS,109
HNMU-G9-R0029-STT14,9,2,AI,208
HNMU-G9-R0029-STT14,9,3,HS,51
HNMU-G9-R0029-STT14,9,4,AI,108
HNMU-G9-R0029-STT14,9,5,HS,67
HNMU-G9-R0030-STT1,9,1,HS,83
HNMU-G9-R0030-STT1,9,2,AI,151
HNMU-G9-R0030-STT1,9,3,HS,61
HNMU-G9-R0030-STT1,9,4,AI,71
HNMU-G9-R0031-STT2,9,1,HS,71
HNMU-G9-R0031-STT2,9,2,AI,92
HNMU-G9-R0031-STT2,9,3,HS,59
HNMU-G9-R0031-STT2,9,4,AI,96
HNMU-G9-R0031-STT2,9,5,HS,31
HNMU-G9-R0033-STT4,9,1,HS,59
HNMU-G9-R0033-STT4,9,2,AI,133
HNMU-G9-R0033-STT4,9,3,HS,59
HNMU-G9-R0033-STT4,9,4,AI,61
HNMU-G9-R0033-STT4,9,5,HS,39
HNMU-G9-R0034-STT5,9,1,HS,79
HNMU-G9-R0034-STT5,9,2,AI,81
HNMU-G9-R0034-STT5,9,3,HS,35
HNMU-G9-R0034-STT5,9,4,AI,101
HNMU-G9-R0034-STT5,9,5,HS,72
HNMU-G9-R0036-STT7,9,1,HS,75
HNMU-G9-R0036-STT7,9,2,AI,104
HNMU-G9-R0036-STT7,9,3,HS,46
HNMU-G9-R0036-STT7,9,4,AI,88
HNMU-G9-R0036-STT7,9,5,HS,67
HNMU-G9-R0040-STT11,9,1,HS,108
HNMU-G9-R0040-STT11,9,2,AI,124
HNMU-G9-R0040-STT11,9,3,HS,82
HNMU-G9-R0040-STT11,9,4,AI,138
HNMU-G9-R0041-STT12,9,1,HS,58
HNMU-G9-R0041-STT12,9,2,AI,134
HNMU-G9-R0041-STT12,9,3,HS,59
HNMU-G9-R0041-STT12,9,4,AI,97
HNMU-G9-R0041-STT12,9,5,HS,37
HNMU-G9-R0042-STT13,9,1,HS,111
HNMU-G9-R0042-STT13,9,2,AI,129
HNMU-G9-R0042-STT13,9,3,HS,18
HNMU-G9-R0042-STT13,9,4,AI,154
HNMU-G9-R0042-STT13,9,5,HS,33
HNMU-G9-R0043-STT14,9,1,HS,86
HNMU-G9-R0043-STT14,9,2,AI,170
HNMU-G9-R0043-STT14,9,3,HS,56
HNMU-G9-R0043-STT14,9,4,AI,131
HNMU-G9-R0044-STT1,9,1,HS,76
HNMU-G9-R0044-STT1,9,2,AI,183
HNMU-G9-R0044-STT1,9,3,HS,62
HNMU-G9-R0044-STT1,9,4,AI,92
HNMU-G9-R0045-STT2,9,1,HS,71
HNMU-G9-R0045-STT2,9,2,AI,102
HNMU-G9-R0045-STT2,9,3,HS,52
HNMU-G9-R0045-STT2,9,4,AI,104
HNMU-G9-R0045-STT2,9,5,HS,44
HNMU-G9-R0045-STT2,9,6,AI,51
HNMU-G9-R0046-STT3,9,1,HS,61
HNMU-G9-R0046-STT3,9,2,AI,166
HNMU-G9-R0046-STT3,9,3,HS,63
HNMU-G9-R0046-STT3,9,4,AI,77
HNMU-G9-R0047-STT4,9,1,HS,74
HNMU-G9-R0047-STT4,9,2,AI,125
HNMU-G9-R0047-STT4,9,3,HS,39
HNMU-G9-R0047-STT4,9,4,AI,110
HNMU-G9-R0047-STT4,9,5,HS,49
HNMU-G9-R0053-STT10,9,1,HS,97
HNMU-G9-R0053-STT10,9,2,AI,123
HNMU-G9-R0053-STT10,9,3,HS,29
HNMU-G9-R0053-STT10,9,4,AI,85
HNMU-G9-R0053-STT10,9,5,HS,65
HNMU-G9-R0054-STT11,9,1,HS,59
HNMU-G9-R0054-STT11,9,2,AI,169
HNMU-G9-R0054-STT11,9,3,HS,53
HNMU-G9-R0054-STT11,9,4,AI,104
HNMU-G9-R0055-STT12,9,1,HS,64
HNMU-G9-R0055-STT12,9,2,AI,110
HNMU-G9-R0055-STT12,9,3,HS,44
HNMU-G9-R0055-STT12,9,4,AI,39
HNMU-G9-R0055-STT12,9,5,HS,85
HNMU-G9-R0056-STT13,9,1,HS,84
HNMU-G9-R0056-STT13,9,2,AI,139
HNMU-G9-R0056-STT13,9,3,HS,40
HNMU-G9-R0056-STT13,9,4,AI,79
HNMU-G9-R0056-STT13,9,5,HS,50
HNMU-G9-R0057-STT14,9,1,HS,70
HNMU-G9-R0057-STT14,9,2,AI,167
HNMU-G9-R0057-STT14,9,3,HS,56
HNMU-G9-R0057-STT14,9,4,AI,119
HNMU-G9-R0058-STT1,9,1,HS,62
HNMU-G9-R0058-STT1,9,2,AI,118
HNMU-G9-R0058-STT1,9,3,HS,44
HNMU-G9-R0058-STT1,9,4,AI,117
HNMU-G9-R0058-STT1,9,5,HS,26
HNMU-G9-R0059-STT2,9,1,HS,71
HNMU-G9-R0059-STT2,9,2,AI,116
HNMU-G9-R0059-STT2,9,3,HS,36
HNMU-G9-R0059-STT2,9,4,AI,68
HNMU-G9-R0063-STT6,9,1,HS,64
HNMU-G9-R0063-STT6,9,2,AI,91
HNMU-G9-R0063-STT6,9,3,HS,51
HNMU-G9-R0063-STT6,9,4,AI,126
HNMU-G9-R0063-STT6,9,5,HS,20
HNMU-G9-R0065-STT8,9,1,HS,83
HNMU-G9-R0065-STT8,9,2,AI,86
HNMU-G9-R0065-STT8,9,3,HS,52
HNMU-G9-R0065-STT8,9,4,AI,89
HNMU-G9-R0067-STT10,9,1,HS,81
HNMU-G9-R0067-STT10,9,2,AI,82
HNMU-G9-R0067-STT10,9,3,HS,40
HNMU-G9-R0067-STT10,9,4,AI,82
HNMU-G9-R0067-STT10,9,5,HS,45
HNMU-G9-R0068-STT11,9,1,HS,62
HNMU-G9-R0068-STT11,9,2,AI,91
HNMU-G9-R0068-STT11,9,3,HS,57
HNMU-G9-R0068-STT11,9,4,AI,91
HNMU-G9-R0069-STT12,9,1,HS,96
HNMU-G9-R0069-STT12,9,2,AI,117
HNMU-G9-R0069-STT12,9,3,HS,32
HNMU-G9-R0069-STT12,9,4,AI,84
HNMU-G9-R0070-STT13,9,1,HS,72
HNMU-G9-R0070-STT13,9,2,AI,161
HNMU-G9-R0070-STT13,9,3,HS,83
HNMU-G9-R0070-STT13,9,4,AI,62
HNMU-G9-R0072-STT1,9,1,HS,74
HNMU-G9-R0072-STT1,9,2,AI,148
HNMU-G9-R0072-STT1,9,3,HS,35
HNMU-G9-R0072-STT1,9,4,AI,80
HNMU-G9-R0073-STT2,9,1,HS,68
HNMU-G9-R0073-STT2,9,2,AI,148
HNMU-G9-R0073-STT2,9,3,HS,19
HNMU-G9-R0073-STT2,9,4,AI,73
HNMU-G9-R0074-STT3,9,1,HS,103
HNMU-G9-R0074-STT3,9,2,AI,121
HNMU-G9-R0074-STT3,9,3,HS,27
HNMU-G9-R0074-STT3,9,4,AI,88
HNMU-G9-R0075-STT4,9,1,HS,56
HNMU-G9-R0075-STT4,9,2,AI,140
HNMU-G9-R0075-STT4,9,3,HS,21
HNMU-G9-R0075-STT4,9,4,AI,84
HNMU-G9-R0076-STT5,9,1,HS,90
HNMU-G9-R0076-STT5,9,2,AI,139
HNMU-G9-R0076-STT5,9,3,HS,33
HNMU-G9-R0076-STT5,9,4,AI,110
HNMU-G9-R0076-STT5,9,5,HS,80
HNMU-G9-R0078-STT7,9,1,HS,78
HNMU-G9-R0078-STT7,9,2,AI,108
HNMU-G9-R0078-STT7,9,3,HS,45
HNMU-G9-R0078-STT7,9,4,AI,122
HNMU-G9-R0078-STT7,9,5,HS,76
HNMU-G9-R0081-STT10,9,1,HS,87
HNMU-G9-R0081-STT10,9,2,AI,93
HNMU-G9-R0081-STT10,9,3,HS,46
HNMU-G9-R0081-STT10,9,4,AI,99
HNMU-G9-R0081-STT10,9,5,HS,74
HNMU-G9-R0082-STT11,9,1,HS,73
HNMU-G9-R0082-STT11,9,2,AI,77
HNMU-G9-R0082-STT11,9,3,HS,32
HNMU-G9-R0082-STT11,9,4,AI,147
HNMU-G9-R0082-STT11,9,5,HS,66
HNMU-G9-R0084-STT13,9,1,HS,70
HNMU-G9-R0084-STT13,9,2,AI,172
HNMU-G9-R0084-STT13,9,3,HS,54
HNMU-G9-R0084-STT13,9,4,AI,78
HNMU-G9-R0085-STT14,9,1,HS,88
HNMU-G9-R0085-STT14,9,2,AI,86
HNMU-G9-R0085-STT14,9,3,HS,56
HNMU-G9-R0085-STT14,9,4,AI,134
HNMU-G9-R0085-STT14,9,5,HS,73
HNMU-G9-R0086-STT1,9,1,HS,103
HNMU-G9-R0086-STT1,9,2,AI,169
HNMU-G9-R0086-STT1,9,3,HS,49
HNMU-G9-R0086-STT1,9,4,AI,98
HNMU-G9-R0087-STT2,9,1,HS,111
HNMU-G9-R0087-STT2,9,2,AI,171
HNMU-G9-R0087-STT2,9,3,HS,28
HNMU-G9-R0087-STT2,9,4,AI,75
HNMU-G9-R0088-STT3,9,1,HS,89
HNMU-G9-R0088-STT3,9,2,AI,160
HNMU-G9-R0088-STT3,9,3,HS,57
HNMU-G9-R0088-STT3,9,4,AI,94
HNMU-G9-R0089-STT4,9,1,HS,67
HNMU-G9-R0089-STT4,9,2,AI,191
HNMU-G9-R0089-STT4,9,3,HS,50
HNMU-G9-R0089-STT4,9,4,AI,90
HNMU-G9-R0091-STT6,9,1,HS,93
HNMU-G9-R0091-STT6,9,2,AI,124
HNMU-G9-R0091-STT6,9,3,HS,49
HNMU-G9-R0091-STT6,9,4,AI,97
HNMU-G9-R0093-STT8,9,1,HS,66
HNMU-G9-R0093-STT8,9,2,AI,169
HNMU-G9-R0093-STT8,9,3,HS,60
HNMU-G9-R0093-STT8,9,4,AI,73
HNMU-G9-R0094-STT9,9,1,HS,87
HNMU-G9-R0094-STT9,9,2,AI,125
HNMU-G9-R0094-STT9,9,3,HS,91
HNMU-G9-R0094-STT9,9,4,AI,113
HNMU-G9-R0096-STT11,9,1,HS,74
HNMU-G9-R0096-STT11,9,2,AI,123
HNMU-G9-R0096-STT11,9,3,HS,72
HNMU-G9-R0096-STT11,9,4,AI,112
HNMU-G9-R0097-STT12,9,1,HS,121
HNMU-G9-R0097-STT12,9,2,AI,68
HNMU-G9-R0097-STT12,9,3,HS,44
HNMU-G9-R0097-STT12,9,4,AI,101
HNMU-G9-R0097-STT12,9,5,HS,63
HNMU-G9-R0098-STT13,9,1,HS,78
HNMU-G9-R0098-STT13,9,2,AI,115
HNMU-G9-R0098-STT13,9,3,HS,54
HNMU-G9-R0098-STT13,9,4,AI,80
HNMU-G9-R0098-STT13,9,5,HS,51
HNMU-G9-R0100-STT1,9,1,HS,54
HNMU-G9-R0100-STT1,9,2,AI,162
HNMU-G9-R0100-STT1,9,3,HS,34
HNMU-G9-R0100-STT1,9,4,AI,100
HNMU-G9-R0102-STT3,9,1,HS,88
HNMU-G9-R0102-STT3,9,2,AI,85
HNMU-G9-R0102-STT3,9,3,HS,13
HNMU-G9-R0102-STT3,9,4,AI,96
HNMU-G9-R0103-STT4,9,1,HS,79
HNMU-G9-R0103-STT4,9,2,AI,127
HNMU-G9-R0103-STT4,9,3,HS,50
HNMU-G9-R0103-STT4,9,4,AI,86
HNMU-G9-R0104-STT5,9,1,HS,63
HNMU-G9-R0104-STT5,9,2,AI,128
HNMU-G9-R0104-STT5,9,3,HS,33
HNMU-G9-R0104-STT5,9,4,AI,93
HNMU-G9-R0104-STT5,9,5,HS,62
HNMU-G9-R0109-STT10,9,1,HS,86
HNMU-G9-R0109-STT10,9,2,AI,123
HNMU-G9-R0109-STT10,9,3,HS,57
HNMU-G9-R0109-STT10,9,4,AI,86
HNMU-G9-R0110-STT11,9,1,HS,88
HNMU-G9-R0110-STT11,9,2,AI,121
HNMU-G9-R0110-STT11,9,3,HS,36
HNMU-G9-R0110-STT11,9,4,AI,117
HNMU-G9-R0110-STT11,9,5,HS,41
HNMU-G9-R0111-STT12,9,1,HS,67
HNMU-G9-R0111-STT12,9,2,AI,104
HNMU-G9-R0111-STT12,9,3,HS,75
HNMU-G9-R0111-STT12,9,4,AI,86
HNMU-G9-R0112-STT13,9,1,HS,77
HNMU-G9-R0112-STT13,9,2,AI,159
HNMU-G9-R0112-STT13,9,3,HS,52
HNMU-G9-R0112-STT13,9,4,AI,86
HNMU-G9-R0128-STT1,9,1,HS,98
HNMU-G9-R0128-STT1,9,2,AI,145
HNMU-G9-R0128-STT1,9,3,HS,38
HNMU-G9-R0128-STT1,9,4,AI,89
HNMU-G9-R0128-STT1,9,5,HS,42
HNMU-G9-R0128-STT1,9,6,AI,41
HNMU-G9-R0129-STT2,9,1,HS,71
HNMU-G9-R0129-STT2,9,2,AI,151
HNMU-G9-R0129-STT2,9,3,HS,26
HNMU-G9-R0129-STT2,9,4,AI,62
HNMU-G9-R0129-STT2,9,5,HS,48
HNMU-G9-R0130-STT3,9,1,HS,60
HNMU-G9-R0130-STT3,9,2,AI,119
HNMU-G9-R0130-STT3,9,3,HS,22
HNMU-G9-R0130-STT3,9,4,AI,93
HNMU-G9-R0131-STT4,9,1,HS,62
HNMU-G9-R0131-STT4,9,2,AI,160
HNMU-G9-R0131-STT4,9,3,HS,43
HNMU-G9-R0131-STT4,9,4,AI,72
HNMU-G9-R0132-STT5,9,1,HS,79
HNMU-G9-R0132-STT5,9,2,AI,133
HNMU-G9-R0132-STT5,9,3,HS,41
HNMU-G9-R0132-STT5,9,4,AI,113
HNMU-G9-R0132-STT5,9,5,HS,76
HNMU-G9-R0133-STT6,9,1,HS,63
HNMU-G9-R0133-STT6,9,2,AI,134
HNMU-G9-R0133-STT6,9,3,HS,94
HNMU-G9-R0133-STT6,9,4,AI,90
HNMU-G9-R0133-STT6,9,5,HS,47
HNMU-G9-R0134-STT7,9,1,HS,92
HNMU-G9-R0134-STT7,9,2,AI,128
HNMU-G9-R0134-STT7,9,3,HS,49
HNMU-G9-R0134-STT7,9,4,AI,97
HNMU-G9-R0135-STT8,9,1,HS,64
HNMU-G9-R0135-STT8,9,2,AI,118
HNMU-G9-R0135-STT8,9,3,HS,44
HNMU-G9-R0135-STT8,9,4,AI,71
HNMU-G9-R0136-STT9,9,1,HS,64
HNMU-G9-R0136-STT9,9,2,AI,98
HNMU-G9-R0136-STT9,9,3,HS,30
HNMU-G9-R0136-STT9,9,4,AI,87
HNMU-G9-R0136-STT9,9,5,HS,59
HNMU-G9-R0137-STT10,9,1,HS,62
HNMU-G9-R0137-STT10,9,2,AI,71
HNMU-G9-R0137-STT10,9,3,HS,14
HNMU-G9-R0137-STT10,9,4,AI,65
HNMU-G9-R0137-STT10,9,5,HS,29
HNMU-G9-R0137-STT10,9,6,AI,88
HNMU-G9-R0138-STT11,9,1,HS,62
HNMU-G9-R0138-STT11,9,2,AI,71
HNMU-G9-R0138-STT11,9,3,HS,15
HNMU-G9-R0138-STT11,9,4,AI,53
HNMU-G9-R0138-STT11,9,5,HS,17
HNMU-G9-R0138-STT11,9,6,AI,106
HNMU-G9-R0138-STT11,9,7,HS,41
HNMU-G9-R0139-STT12,9,1,HS,94
HNMU-G9-R0139-STT12,9,2,AI,96
HNMU-G9-R0139-STT12,9,3,HS,15
HNMU-G9-R0139-STT12,9,4,AI,66
HNMU-G9-R0139-STT12,9,5,HS,31
HNMU-G9-R0140-STT13,9,1,HS,104
HNMU-G9-R0140-STT13,9,2,AI,59
HNMU-G9-R0140-STT13,9,3,HS,14
HNMU-G9-R0140-STT13,9,4,AI,100
HNMU-G9-R0140-STT13,9,5,HS,67
HNMU-G9-R0141-STT14,9,1,HS,140
HNMU-G9-R0141-STT14,9,2,AI,154
HNMU-G9-R0141-STT14,9,3,HS,38
HNMU-G9-R0141-STT14,9,4,AI,184
HNMU-G9-R0141-STT14,9,5,HS,15
HNMU-G9-R0141-STT14,9,6,AI,143
HNMU-G9-R0141-STT14,9,7,HS,47
HNMU-G9-R0141-STT14,9,8,AI,149
HNMU-G9-R0141-STT14,9,9,HS,110
HNMU-G9-R0142-STT1,9,1,HS,56
HNMU-G9-R0142-STT1,9,2,AI,204
HNMU-G9-R0142-STT1,9,3,HS,29
HNMU-G9-R0142-STT1,9,4,AI,104
HNMU-G9-R0142-STT1,9,5,HS,54
HNMU-G9-R0142-STT1,9,6,AI,55
HNMU-G9-R0143-STT2,9,1,HS,70
HNMU-G9-R0143-STT2,9,2,AI,159
HNMU-G9-R0143-STT2,9,3,HS,27
HNMU-G9-R0143-STT2,9,4,AI,67
HNMU-G9-R0143-STT2,9,5,HS,37
HNMU-G9-R0144-STT3,9,1,HS,82
HNMU-G9-R0144-STT3,9,2,AI,179
HNMU-G9-R0144-STT3,9,3,HS,65
HNMU-G9-R0144-STT3,9,4,AI,45
HNMU-G9-R0145-STT4,9,1,HS,75
HNMU-G9-R0145-STT4,9,2,AI,155
HNMU-G9-R0145-STT4,9,3,HS,46
HNMU-G9-R0145-STT4,9,4,AI,73
HNMU-G9-R0146-STT5,9,1,HS,52
HNMU-G9-R0146-STT5,9,2,AI,93
HNMU-G9-R0146-STT5,9,3,HS,17
HNMU-G9-R0146-STT5,9,4,AI,112
HNMU-G9-R0146-STT5,9,5,HS,67
HNMU-G9-R0146-STT5,9,6,AI,44
HNMU-G9-R0147-STT6,9,1,HS,90
HNMU-G9-R0147-STT6,9,2,AI,98
HNMU-G9-R0147-STT6,9,3,HS,30
HNMU-G9-R0147-STT6,9,4,AI,121
HNMU-G9-R0147-STT6,9,5,HS,73
HNMU-G9-R0147-STT6,9,6,AI,49
HNMU-G9-R0148-STT7,9,1,HS,71
HNMU-G9-R0148-STT7,9,2,AI,154
HNMU-G9-R0148-STT7,9,3,HS,44
HNMU-G9-R0148-STT7,9,4,AI,98
HNMU-G9-R0148-STT7,9,5,HS,48
HNMU-G9-R0149-STT8,9,1,HS,98
HNMU-G9-R0149-STT8,9,2,AI,181
HNMU-G9-R0149-STT8,9,3,HS,22
HNMU-G9-R0149-STT8,9,4,AI,118
HNMU-G9-R0150-STT9,9,1,HS,84
HNMU-G9-R0150-STT9,9,2,AI,110
HNMU-G9-R0150-STT9,9,3,HS,65
HNMU-G9-R0150-STT9,9,4,AI,82
HNMU-G9-R0150-STT9,9,5,HS,104
HNMU-G9-R0150-STT9,9,6,AI,50
HNMU-G9-R0151-STT10,9,1,HS,115
HNMU-G9-R0151-STT10,9,2,AI,146
HNMU-G9-R0151-STT10,9,3,HS,48
HNMU-G9-R0151-STT10,9,4,AI,83
HNMU-G9-R0152-STT11,9,1,HS,104
HNMU-G9-R0152-STT11,9,2,AI,98
HNMU-G9-R0152-STT11,9,3,HS,28
HNMU-G9-R0152-STT11,9,4,AI,121
HNMU-G9-R0152-STT11,9,5,HS,28
HNMU-G9-R0152-STT11,9,6,AI,70
HNMU-G9-R0152-STT11,9,7,HS,59
HNMU-G9-R0153-STT12,9,1,HS,102
HNMU-G9-R0153-STT12,9,2,AI,145
HNMU-G9-R0153-STT12,9,3,HS,102
HNMU-G9-R0153-STT12,9,4,AI,71
HNMU-G9-R0154-STT13,9,1,HS,100
HNMU-G9-R0154-STT13,9,2,AI,102
HNMU-G9-R0154-STT13,9,3,HS,29
HNMU-G9-R0154-STT13,9,4,AI,87
HNMU-G9-R0154-STT13,9,5,HS,88
HNMU-G9-R0155-STT14,9,1,HS,99
HNMU-G9-R0155-STT14,9,2,AI,140
HNMU-G9-R0155-STT14,9,3,HS,52
HNMU-G9-R0155-STT14,9,4,AI,100
HNMU-G9-R0155-STT14,9,5,HS,95
HNMU-G9-R0155-STT14,9,6,AI,54
HNMU-G9-R0184-STT1,9,1,HS,36
HNMU-G9-R0184-STT1,9,2,AI,53
HNMU-G9-R0184-STT1,9,3,HS,9
HNMU-G9-R0184-STT1,9,4,AI,81
HNMU-G9-R0184-STT1,9,5,HS,22
HNMU-G9-R0184-STT1,9,6,AI,43
HNMU-G9-R0184-STT1,9,7,HS,33
HNMU-G9-R0184-STT1,9,8,AI,119
HNMU-G9-R0184-STT1,9,9,HS,59
HNMU-G9-R0184-STT1,9,10,AI,13
HNMU-G9-R0185-STT2,9,1,HS,38
HNMU-G9-R0185-STT2,9,2,AI,76
HNMU-G9-R0185-STT2,9,3,HS,8
HNMU-G9-R0185-STT2,9,4,AI,46
HNMU-G9-R0185-STT2,9,5,HS,13
HNMU-G9-R0185-STT2,9,6,AI,151
HNMU-G9-R0185-STT2,9,7,HS,26
HNMU-G9-R0185-STT2,9,8,AI,42
HNMU-G9-R0185-STT2,9,9,HS,17
HNMU-G9-R0185-STT2,9,10,AI,38
HNMU-G9-R0186-STT3,9,1,HS,52
HNMU-G9-R0186-STT3,9,2,AI,66
HNMU-G9-R0186-STT3,9,3,HS,51
HNMU-G9-R0186-STT3,9,4,AI,71
HNMU-G9-R0186-STT3,9,5,HS,29
HNMU-G9-R0186-STT3,9,6,AI,70
HNMU-G9-R0186-STT3,9,7,HS,52
HNMU-G9-R0186-STT3,9,8,AI,50
HNMU-G9-R0187-STT4,9,1,HS,58
HNMU-G9-R0187-STT4,9,2,AI,113
HNMU-G9-R0187-STT4,9,3,HS,17
HNMU-G9-R0187-STT4,9,4,AI,43
HNMU-G9-R0187-STT4,9,5,HS,64
HNMU-G9-R0187-STT4,9,6,AI,40
HNMU-G9-R0187-STT4,9,7,HS,70
HNMU-G9-R0187-STT4,9,8,AI,60
HNMU-G9-R0187-STT4,9,9,HS,46
HNMU-G9-R0188-STT5,9,1,HS,50
HNMU-G9-R0188-STT5,9,2,AI,81
HNMU-G9-R0188-STT5,9,3,HS,24
HNMU-G9-R0188-STT5,9,4,AI,11
HNMU-G9-R0188-STT5,9,5,HS,67
HNMU-G9-R0188-STT5,9,6,AI,94
HNMU-G9-R0188-STT5,9,7,HS,28
HNMU-G9-R0188-STT5,9,8,AI,99
HNMU-G9-R0188-STT5,9,9,HS,68
HNMU-G9-R0189-STT6,9,1,HS,78
HNMU-G9-R0189-STT6,9,2,AI,139
HNMU-G9-R0189-STT6,9,3,HS,41
HNMU-G9-R0189-STT6,9,4,AI,99
HNMU-G9-R0189-STT6,9,5,HS,38
HNMU-G9-R0189-STT6,9,6,AI,73
HNMU-G9-R0189-STT6,9,7,HS,54
HNMU-G9-R0189-STT6,9,8,AI,39
HNMU-G9-R0190-STT7,9,1,HS,61
HNMU-G9-R0190-STT7,9,2,AI,103
HNMU-G9-R0190-STT7,9,3,HS,31
HNMU-G9-R0190-STT7,9,4,AI,60
HNMU-G9-R0190-STT7,9,5,HS,40
HNMU-G9-R0190-STT7,9,6,AI,122
HNMU-G9-R0190-STT7,9,7,HS,46
HNMU-G9-R0190-STT7,9,8,AI,57
HNMU-G9-R0190-STT7,9,9,HS,43
HNMU-G9-R0192-STT9,9,1,HS,57
HNMU-G9-R0192-STT9,9,2,AI,97
HNMU-G9-R0192-STT9,9,3,HS,32
HNMU-G9-R0192-STT9,9,4,AI,148
HNMU-G9-R0192-STT9,9,5,HS,65
HNMU-G9-R0192-STT9,9,6,AI,46
HNMU-G9-R0192-STT9,9,7,HS,107
HNMU-G9-R0192-STT9,9,8,AI,43
HNMU-G9-R0193-STT10,9,1,HS,50
HNMU-G9-R0193-STT10,9,2,AI,152
HNMU-G9-R0193-STT10,9,3,HS,44
HNMU-G9-R0193-STT10,9,4,AI,121
HNMU-G9-R0193-STT10,9,5,HS,49
HNMU-G9-R0193-STT10,9,6,AI,79
HNMU-G9-R0193-STT10,9,7,HS,81
HNMU-G9-R0193-STT10,9,8,AI,55
HNMU-G9-R0194-STT11,9,1,HS,57
HNMU-G9-R0194-STT11,9,2,AI,88
HNMU-G9-R0194-STT11,9,3,HS,51
HNMU-G9-R0194-STT11,9,4,AI,82
HNMU-G9-R0194-STT11,9,5,HS,42
HNMU-G9-R0194-STT11,9,6,AI,20
HNMU-G9-R0194-STT11,9,7,HS,109
HNMU-G9-R0194-STT11,9,8,AI,85
HNMU-G9-R0194-STT11,9,9,HS,62
HNMU-G9-R0194-STT11,9,10,AI,64
HNMU-G9-R0195-STT12,9,1,HS,67
HNMU-G9-R0195-STT12,9,2,AI,74
HNMU-G9-R0195-STT12,9,3,HS,83
HNMU-G9-R0195-STT12,9,4,AI,121
HNMU-G9-R0195-STT12,9,5,HS,52
HNMU-G9-R0195-STT12,9,6,AI,93
HNMU-G9-R0195-STT12,9,7,HS,62
HNMU-G9-R0195-STT12,9,8,AI,80
HNMU-G9-R0195-STT12,9,9,HS,37
HNMU-G9-R0196-STT13,9,1,HS,85
HNMU-G9-R0196-STT13,9,2,AI,94
HNMU-G9-R0196-STT13,9,3,HS,36
HNMU-G9-R0196-STT13,9,4,AI,88
HNMU-G9-R0196-STT13,9,5,HS,56
HNMU-G9-R0196-STT13,9,6,AI,64
HNMU-G9-R0196-STT13,9,7,HS,51
HNMU-G9-R0196-STT13,9,8,AI,82
HNMU-G9-R0196-STT13,9,9,HS,70
HNMU-G9-R0196-STT13,9,10,AI,50
HNMU-G9-R0197-STT14,9,1,HS,95
HNMU-G9-R0197-STT14,9,2,AI,117
HNMU-G9-R0197-STT14,9,3,HS,34
HNMU-G9-R0197-STT14,9,4,AI,94
HNMU-G9-R0197-STT14,9,5,HS,51
HNMU-G9-R0197-STT14,9,6,AI,87
HNMU-G9-R0197-STT14,9,7,HS,52
HNMU-G9-R0197-STT14,9,8,AI,107
HNMU-G9-R0197-STT14,9,9,HS,66
HNMU-G9-R0197-STT14,9,10,AI,63
HNMU-G9-R0198-STT1,9,1,HS,70
HNMU-G9-R0198-STT1,9,2,AI,47
HNMU-G9-R0198-STT1,9,3,HS,34
HNMU-G9-R0198-STT1,9,4,AI,104
HNMU-G9-R0198-STT1,9,5,HS,52
HNMU-G9-R0198-STT1,9,6,AI,94
HNMU-G9-R0198-STT1,9,7,HS,55
HNMU-G9-R0198-STT1,9,8,AI,95
HNMU-G9-R0198-STT1,9,9,HS,32
HNMU-G9-R0198-STT1,9,10,AI,122
HNMU-G9-R0198-STT1,9,11,HS,62
HNMU-G9-R0198-STT1,9,12,AI,77
HNMU-G9-R0199-STT2,9,1,HS,66
HNMU-G9-R0199-STT2,9,2,AI,121
HNMU-G9-R0199-STT2,9,3,HS,39
HNMU-G9-R0199-STT2,9,4,AI,74
HNMU-G9-R0199-STT2,9,5,HS,53
HNMU-G9-R0199-STT2,9,6,AI,103
HNMU-G9-R0199-STT2,9,7,HS,44
HNMU-G9-R0199-STT2,9,8,AI,68
HNMU-G9-R0199-STT2,9,9,HS,94
HNMU-G9-R0199-STT2,9,10,AI,57
HNMU-G9-R0200-STT3,9,1,HS,91
HNMU-G9-R0200-STT3,9,2,AI,82
HNMU-G9-R0200-STT3,9,3,HS,36
HNMU-G9-R0200-STT3,9,4,AI,142
HNMU-G9-R0200-STT3,9,5,HS,44
HNMU-G9-R0200-STT3,9,6,AI,85
HNMU-G9-R0200-STT3,9,7,HS,41
HNMU-G9-R0200-STT3,9,8,AI,165
HNMU-G9-R0200-STT3,9,9,HS,55
HNMU-G9-R0201-STT4,9,1,HS,108
HNMU-G9-R0201-STT4,9,2,AI,131
HNMU-G9-R0201-STT4,9,3,HS,43
HNMU-G9-R0201-STT4,9,4,AI,84
HNMU-G9-R0201-STT4,9,5,HS,69
HNMU-G9-R0201-STT4,9,6,AI,62
HNMU-G9-R0201-STT4,9,7,HS,63
HNMU-G9-R0201-STT4,9,8,AI,68
HNMU-G9-R0202-STT5,9,1,HS,88
HNMU-G9-R0202-STT5,9,2,AI,137
HNMU-G9-R0202-STT5,9,3,HS,49
HNMU-G9-R0202-STT5,9,4,AI,111
HNMU-G9-R0202-STT5,9,5,HS,68
HNMU-G9-R0202-STT5,9,6,AI,141
HNMU-G9-R0202-STT5,9,7,HS,104
HNMU-G9-R0202-STT5,9,8,AI,115
HNMU-G9-R0203-STT6,9,1,HS,122
HNMU-G9-R0203-STT6,9,2,AI,152
HNMU-G9-R0203-STT6,9,3,HS,32
HNMU-G9-R0203-STT6,9,4,AI,105
HNMU-G9-R0203-STT6,9,5,HS,93
HNMU-G9-R0203-STT6,9,6,AI,239
HNMU-G9-R0203-STT6,9,7,HS,136
HNMU-G9-R0203-STT6,9,8,AI,38
HNMU-G9-R0204-STT7,9,1,HS,166
HNMU-G9-R0204-STT7,9,2,AI,201
HNMU-G9-R0204-STT7,9,3,HS,43
HNMU-G9-R0204-STT7,9,4,AI,72
HNMU-G9-R0204-STT7,9,5,HS,41
HNMU-G9-R0204-STT7,9,6,AI,214
HNMU-G9-R0204-STT7,9,7,HS,76
HNMU-G9-R0204-STT7,9,8,AI,82
HNMU-G9-R0204-STT7,9,9,HS,80
HNMU-G9-R0205-STT8,9,1,HS,126
HNMU-G9-R0205-STT8,9,2,AI,154
HNMU-G9-R0205-STT8,9,3,HS,24
HNMU-G9-R0205-STT8,9,4,AI,142
HNMU-G9-R0205-STT8,9,5,HS,80
HNMU-G9-R0205-STT8,9,6,AI,144
HNMU-G9-R0205-STT8,9,7,HS,95
HNMU-G9-R0205-STT8,9,8,AI,132
HNMU-G9-R0205-STT8,9,9,HS,87
HNMU-G9-R0205-STT8,9,10,AI,53
HNMU-G9-R0206-STT9,9,1,HS,107
HNMU-G9-R0206-STT9,9,2,AI,105
HNMU-G9-R0206-STT9,9,3,HS,35
HNMU-G9-R0206-STT9,9,4,AI,54
HNMU-G9-R0206-STT9,9,5,HS,33
HNMU-G9-R0206-STT9,9,6,AI,77
HNMU-G9-R0206-STT9,9,7,HS,64
HNMU-G9-R0206-STT9,9,8,AI,71
HNMU-G9-R0206-STT9,9,9,HS,90
HNMU-G9-R0206-STT9,9,10,AI,92
HNMU-G9-R0206-STT9,9,11,HS,83
HNMU-G9-R0206-STT9,9,12,AI,42
HNMU-G9-R0207-STT10,9,1,HS,79
HNMU-G9-R0207-STT10,9,2,AI,134
HNMU-G9-R0207-STT10,9,3,HS,39
HNMU-G9-R0207-STT10,9,4,AI,89
HNMU-G9-R0207-STT10,9,5,HS,23
HNMU-G9-R0207-STT10,9,6,AI,92
HNMU-G9-R0207-STT10,9,7,HS,78
HNMU-G9-R0207-STT10,9,8,AI,132
HNMU-G9-R0207-STT10,9,9,HS,72
HNMU-G9-R0207-STT10,9,10,AI,80
HNMU-G9-R0207-STT10,9,11,HS,40
HNMU-G9-R0207-STT10,9,12,AI,40
HNMU-G9-R0208-STT11,9,1,HS,99
HNMU-G9-R0208-STT11,9,2,AI,190
HNMU-G9-R0208-STT11,9,3,HS,89
HNMU-G9-R0208-STT11,9,4,AI,125
HNMU-G9-R0208-STT11,9,5,HS,132
HNMU-G9-R0208-STT11,9,6,AI,195
HNMU-G9-R0208-STT11,9,7,HS,96
HNMU-G9-R0208-STT11,9,8,AI,181
HNMU-G9-R0208-STT11,9,9,HS,108
HNMU-G9-R0209-STT12,9,1,HS,115
HNMU-G9-R0209-STT12,9,2,AI,113
HNMU-G9-R0209-STT12,9,3,HS,105
HNMU-G9-R0209-STT12,9,4,AI,172
HNMU-G9-R0209-STT12,9,5,HS,86
HNMU-G9-R0209-STT12,9,6,AI,153
HNMU-G9-R0209-STT12,9,7,HS,85
HNMU-G9-R0209-STT12,9,8,AI,49
HNMU-G9-R0209-STT12,9,9,HS,97
HNMU-G9-R0209-STT12,9,10,AI,51
HNMU-G9-R0210-STT13,9,1,HS,97
HNMU-G9-R0210-STT13,9,2,AI,63
HNMU-G9-R0210-STT13,9,3,HS,100
HNMU-G9-R0210-STT13,9,4,AI,128
HNMU-G9-R0210-STT13,9,5,HS,63
HNMU-G9-R0210-STT13,9,6,AI,81
HNMU-G9-R0210-STT13,9,7,HS,63
HNMU-G9-R0210-STT13,9,8,AI,117
HNMU-G9-R0210-STT13,9,9,HS,70
HNMU-G9-R0210-STT13,9,10,AI,87
HNMU-G9-R0211-STT14,9,1,HS,130
HNMU-G9-R0211-STT14,9,2,AI,140
HNMU-G9-R0211-STT14,9,3,HS,53
HNMU-G9-R0211-STT14,9,4,AI,47
HNMU-G9-R0211-STT14,9,5,HS,69
HNMU-G9-R0211-STT14,9,6,AI,164
HNMU-G9-R0211-STT14,9,7,HS,49
HNMU-G9-R0211-STT14,9,8,AI,124
HNMU-G9-R0211-STT14,9,9,HS,75
HNMU-G9-R0211-STT14,9,10,AI,74
HNMU-G9-R0211-STT14,9,11,HS,54
HNMU-G9-R0211-STT14,9,12,AI,100
HNMU-G9-R0212-STT1,9,1,HS,66
HNMU-G9-R0212-STT1,9,2,AI,126
HNMU-G9-R0212-STT1,9,3,HS,57
HNMU-G9-R0212-STT1,9,4,AI,110
HNMU-G9-R0212-STT1,9,5,HS,38
HNMU-G9-R0212-STT1,9,6,AI,67
HNMU-G9-R0212-STT1,9,7,HS,48
HNMU-G9-R0212-STT1,9,8,AI,69
HNMU-G9-R0212-STT1,9,9,HS,68
HNMU-G9-R0213-STT2,9,1,HS,95
HNMU-G9-R0213-STT2,9,2,AI,73
HNMU-G9-R0213-STT2,9,3,HS,49
HNMU-G9-R0213-STT2,9,4,AI,60
HNMU-G9-R0213-STT2,9,5,HS,16
HNMU-G9-R0213-STT2,9,6,AI,126
HNMU-G9-R0213-STT2,9,7,HS,54
HNMU-G9-R0213-STT2,9,8,AI,55
HNMU-G9-R0213-STT2,9,9,HS,66
HNMU-G9-R0214-STT3,9,1,HS,87
HNMU-G9-R0214-STT3,9,2,AI,138
HNMU-G9-R0214-STT3,9,3,HS,71
HNMU-G9-R0214-STT3,9,4,AI,96
HNMU-G9-R0214-STT3,9,5,HS,27
HNMU-G9-R0214-STT3,9,6,AI,93
HNMU-G9-R0214-STT3,9,7,HS,71
HNMU-G9-R0214-STT3,9,8,AI,72
HNMU-G9-R0215-STT4,9,1,HS,79
HNMU-G9-R0215-STT4,9,2,AI,128
HNMU-G9-R0215-STT4,9,3,HS,62
HNMU-G9-R0215-STT4,9,4,AI,97
HNMU-G9-R0215-STT4,9,5,HS,38
HNMU-G9-R0215-STT4,9,6,AI,109
HNMU-G9-R0215-STT4,9,7,HS,61
HNMU-G9-R0215-STT4,9,8,AI,52
HNMU-G9-R0216-STT5,9,1,HS,117
HNMU-G9-R0216-STT5,9,2,AI,153
HNMU-G9-R0216-STT5,9,3,HS,47
HNMU-G9-R0216-STT5,9,4,AI,108
HNMU-G9-R0216-STT5,9,5,HS,58
HNMU-G9-R0216-STT5,9,6,AI,107
HNMU-G9-R0216-STT5,9,7,HS,83
HNMU-G9-R0216-STT5,9,8,AI,79
HNMU-G9-R0216-STT5,9,9,HS,59
HNMU-G9-R0217-STT6,9,1,HS,122
HNMU-G9-R0217-STT6,9,2,AI,100
HNMU-G9-R0217-STT6,9,3,HS,53
HNMU-G9-R0217-STT6,9,4,AI,141
HNMU-G9-R0217-STT6,9,5,HS,75
HNMU-G9-R0217-STT6,9,6,AI,116
HNMU-G9-R0217-STT6,9,7,HS,80
HNMU-G9-R0217-STT6,9,8,AI,157
HNMU-G9-R0217-STT6,9,9,HS,51
HNMU-G9-R0218-STT7,9,1,HS,122
HNMU-G9-R0218-STT7,9,2,AI,103
HNMU-G9-R0218-STT7,9,3,HS,36
HNMU-G9-R0218-STT7,9,4,AI,92
HNMU-G9-R0218-STT7,9,5,HS,30
HNMU-G9-R0218-STT7,9,6,AI,194
HNMU-G9-R0218-STT7,9,7,HS,80
HNMU-G9-R0218-STT7,9,8,AI,122
HNMU-G9-R0218-STT7,9,9,HS,54
HNMU-G9-R0219-STT8,9,1,HS,107
HNMU-G9-R0219-STT8,9,2,AI,205
HNMU-G9-R0219-STT8,9,3,HS,63
HNMU-G9-R0219-STT8,9,4,AI,105
HNMU-G9-R0219-STT8,9,5,HS,65
HNMU-G9-R0219-STT8,9,6,AI,159
HNMU-G9-R0219-STT8,9,7,HS,59
HNMU-G9-R0219-STT8,9,8,AI,64
HNMU-G9-R0219-STT8,9,9,HS,66
HNMU-G9-R0219-STT8,9,10,AI,36
HNMU-G9-R0220-STT9,9,1,HS,117
HNMU-G9-R0220-STT9,9,2,AI,124
HNMU-G9-R0220-STT9,9,3,HS,60
HNMU-G9-R0220-STT9,9,4,AI,53
HNMU-G9-R0220-STT9,9,5,HS,52
HNMU-G9-R0220-STT9,9,6,AI,114
HNMU-G9-R0220-STT9,9,7,HS,73
HNMU-G9-R0220-STT9,9,8,AI,113
HNMU-G9-R0220-STT9,9,9,HS,73
HNMU-G9-R0220-STT9,9,10,AI,60
HNMU-G9-R0221-STT10,9,1,HS,88
HNMU-G9-R0221-STT10,9,2,AI,120
HNMU-G9-R0221-STT10,9,3,HS,39
HNMU-G9-R0221-STT10,9,4,AI,141
HNMU-G9-R0221-STT10,9,5,HS,38
HNMU-G9-R0221-STT10,9,6,AI,144
HNMU-G9-R0221-STT10,9,7,HS,57
HNMU-G9-R0221-STT10,9,8,AI,78
HNMU-G9-R0221-STT10,9,9,HS,122
HNMU-G9-R0221-STT10,9,10,AI,64
HNMU-G9-R0222-STT11,9,1,HS,90
HNMU-G9-R0222-STT11,9,2,AI,134
HNMU-G9-R0222-STT11,9,3,HS,93
HNMU-G9-R0222-STT11,9,4,AI,149
HNMU-G9-R0222-STT11,9,5,HS,64
HNMU-G9-R0222-STT11,9,6,AI,172
HNMU-G9-R0222-STT11,9,7,HS,89
HNMU-G9-R0222-STT11,9,8,AI,148
HNMU-G9-R0222-STT11,9,9,HS,51
HNMU-G9-R0222-STT11,9,10,AI,29
HNMU-G9-R0223-STT12,9,1,HS,129
HNMU-G9-R0223-STT12,9,2,AI,83
HNMU-G9-R0223-STT12,9,3,HS,113
HNMU-G9-R0223-STT12,9,4,AI,132
HNMU-G9-R0223-STT12,9,5,HS,149
HNMU-G9-R0223-STT12,9,6,AI,66
HNMU-G9-R0223-STT12,9,7,HS,104
HNMU-G9-R0223-STT12,9,8,AI,132
HNMU-G9-R0223-STT12,9,9,HS,62
HNMU-G9-R0224-STT13,9,1,HS,139
HNMU-G9-R0224-STT13,9,2,AI,140
HNMU-G9-R0224-STT13,9,3,HS,65
HNMU-G9-R0224-STT13,9,4,AI,55
HNMU-G9-R0224-STT13,9,5,HS,115
HNMU-G9-R0224-STT13,9,6,AI,105
HNMU-G9-R0224-STT13,9,7,HS,101
HNMU-G9-R0224-STT13,9,8,AI,130
HNMU-G9-R0224-STT13,9,9,HS,66
HNMU-G9-R0224-STT13,9,10,AI,59
HNMU-G9-R0225-STT14,9,1,HS,128
HNMU-G9-R0225-STT14,9,2,AI,105
HNMU-G9-R0225-STT14,9,3,HS,41
HNMU-G9-R0225-STT14,9,4,AI,90
HNMU-G9-R0225-STT14,9,5,HS,93
HNMU-G9-R0225-STT14,9,6,AI,72
HNMU-G9-R0225-STT14,9,7,HS,63
HNMU-G9-R0225-STT14,9,8,AI,78
HNMU-G9-R0225-STT14,9,9,HS,86
HNMU-G9-R0225-STT14,9,10,AI,83
HNMU-G9-R0225-STT14,9,11,HS,104
HNMU-G9-R0225-STT14,9,12,AI,128
HNMU-G9-R0225-STT14,9,13,HS,68
HNMU-G9-R0226-STT1,9,1,HS,70
HNMU-G9-R0226-STT1,9,2,AI,76
HNMU-G9-R0226-STT1,9,3,HS,29
HNMU-G9-R0226-STT1,9,4,AI,124
HNMU-G9-R0226-STT1,9,5,HS,24
HNMU-G9-R0226-STT1,9,6,AI,66
HNMU-G9-R0226-STT1,9,7,HS,110
HNMU-G9-R0226-STT1,9,8,AI,77
HNMU-G9-R0226-STT1,9,9,HS,50
HNMU-G9-R0227-STT2,9,1,HS,128
HNMU-G9-R0227-STT2,9,2,AI,113
HNMU-G9-R0227-STT2,9,3,HS,28
HNMU-G9-R0227-STT2,9,4,AI,86
HNMU-G9-R0227-STT2,9,5,HS,55
HNMU-G9-R0227-STT2,9,6,AI,92
HNMU-G9-R0227-STT2,9,7,HS,63
HNMU-G9-R0227-STT2,9,8,AI,66
HNMU-G9-R0227-STT2,9,9,HS,74
HNMU-G9-R0228-STT3,9,1,HS,126
HNMU-G9-R0228-STT3,9,2,AI,113
HNMU-G9-R0228-STT3,9,3,HS,44
HNMU-G9-R0228-STT3,9,4,AI,109
HNMU-G9-R0228-STT3,9,5,HS,61
HNMU-G9-R0228-STT3,9,6,AI,50
HNMU-G9-R0228-STT3,9,7,HS,93
HNMU-G9-R0228-STT3,9,8,AI,74
HNMU-G9-R0228-STT3,9,9,HS,59
HNMU-G9-R0229-STT4,9,1,HS,129
HNMU-G9-R0229-STT4,9,2,AI,141
HNMU-G9-R0229-STT4,9,3,HS,39
HNMU-G9-R0229-STT4,9,4,AI,83
HNMU-G9-R0229-STT4,9,5,HS,73
HNMU-G9-R0229-STT4,9,6,AI,90
HNMU-G9-R0229-STT4,9,7,HS,110
HNMU-G9-R0229-STT4,9,8,AI,73
HNMU-G9-R0229-STT4,9,9,HS,50
HNMU-G9-R0230-STT5,9,1,HS,92
HNMU-G9-R0230-STT5,9,2,AI,113
HNMU-G9-R0230-STT5,9,3,HS,57
HNMU-G9-R0230-STT5,9,4,AI,132
HNMU-G9-R0230-STT5,9,5,HS,66
HNMU-G9-R0230-STT5,9,6,AI,95
HNMU-G9-R0230-STT5,9,7,HS,43
HNMU-G9-R0230-STT5,9,8,AI,17
HNMU-G9-R0230-STT5,9,9,HS,76
HNMU-G9-R0230-STT5,9,10,AI,86
HNMU-G9-R0231-STT6,9,1,HS,119
HNMU-G9-R0231-STT6,9,2,AI,129
HNMU-G9-R0231-STT6,9,3,HS,47
HNMU-G9-R0231-STT6,9,4,AI,119
HNMU-G9-R0231-STT6,9,5,HS,70
HNMU-G9-R0231-STT6,9,6,AI,85
HNMU-G9-R0231-STT6,9,7,HS,71
HNMU-G9-R0231-STT6,9,8,AI,137
HNMU-G9-R0231-STT6,9,9,HS,93
HNMU-G9-R0232-STT7,9,1,HS,150
HNMU-G9-R0232-STT7,9,2,AI,127
HNMU-G9-R0232-STT7,9,3,HS,101
HNMU-G9-R0232-STT7,9,4,AI,133
HNMU-G9-R0232-STT7,9,5,HS,55
HNMU-G9-R0232-STT7,9,6,AI,101
HNMU-G9-R0232-STT7,9,7,HS,133
HNMU-G9-R0232-STT7,9,8,AI,148
HNMU-G9-R0232-STT7,9,9,HS,48
HNMU-G9-R0233-STT8,9,1,HS,111
HNMU-G9-R0233-STT8,9,2,AI,173
HNMU-G9-R0233-STT8,9,3,HS,24
HNMU-G9-R0233-STT8,9,4,AI,141
HNMU-G9-R0233-STT8,9,5,HS,65
HNMU-G9-R0233-STT8,9,6,AI,106
HNMU-G9-R0233-STT8,9,7,HS,104
HNMU-G9-R0233-STT8,9,8,AI,118
HNMU-G9-R0233-STT8,9,9,HS,73
HNMU-G9-R0234-STT9,9,1,HS,133
HNMU-G9-R0234-STT9,9,2,AI,162
HNMU-G9-R0234-STT9,9,3,HS,75
HNMU-G9-R0234-STT9,9,4,AI,201
HNMU-G9-R0234-STT9,9,5,HS,11
HNMU-G9-R0234-STT9,9,6,AI,203
HNMU-G9-R0234-STT9,9,7,HS,44
HNMU-G9-R0234-STT9,9,8,AI,173
HNMU-G9-R0234-STT9,9,9,HS,94
HNMU-G9-R0235-STT10,9,1,HS,154
HNMU-G9-R0235-STT10,9,2,AI,106
HNMU-G9-R0235-STT10,9,3,HS,70
HNMU-G9-R0235-STT10,9,4,AI,113
HNMU-G9-R0235-STT10,9,5,HS,42
HNMU-G9-R0235-STT10,9,6,AI,102
HNMU-G9-R0235-STT10,9,7,HS,45
HNMU-G9-R0235-STT10,9,8,AI,122
HNMU-G9-R0235-STT10,9,9,HS,59
HNMU-G9-R0235-STT10,9,10,AI,71
HNMU-G9-R0235-STT10,9,11,HS,84
HNMU-G9-R0236-STT11,9,1,HS,132
HNMU-G9-R0236-STT11,9,2,AI,99
HNMU-G9-R0236-STT11,9,3,HS,69
HNMU-G9-R0236-STT11,9,4,AI,117
HNMU-G9-R0236-STT11,9,5,HS,59
HNMU-G9-R0236-STT11,9,6,AI,63
HNMU-G9-R0236-STT11,9,7,HS,82
HNMU-G9-R0236-STT11,9,8,AI,138
HNMU-G9-R0236-STT11,9,9,HS,130
HNMU-G9-R0236-STT11,9,10,AI,71
HNMU-G9-R0237-STT12,9,1,HS,114
HNMU-G9-R0237-STT12,9,2,AI,175
HNMU-G9-R0237-STT12,9,3,HS,26
HNMU-G9-R0237-STT12,9,4,AI,131
HNMU-G9-R0237-STT12,9,5,HS,39
HNMU-G9-R0237-STT12,9,6,AI,48
HNMU-G9-R0237-STT12,9,7,HS,103
HNMU-G9-R0237-STT12,9,8,HS,104
HNMU-G9-R0237-STT12,9,9,HS,98
HNMU-G9-R0237-STT12,9,10,AI,108
HNMU-G9-R0238-STT13,9,1,HS,133
HNMU-G9-R0238-STT13,9,2,AI,115
HNMU-G9-R0238-STT13,9,3,HS,71
HNMU-G9-R0238-STT13,9,4,AI,82
HNMU-G9-R0238-STT13,9,5,HS,31
HNMU-G9-R0238-STT13,9,6,AI,94
HNMU-G9-R0238-STT13,9,7,HS,92
HNMU-G9-R0238-STT13,9,8,AI,184
HNMU-G9-R0238-STT13,9,9,HS,112
HNMU-G9-R0239-STT14,9,1,HS,144
HNMU-G9-R0239-STT14,9,2,AI,137
HNMU-G9-R0239-STT14,9,3,HS,55
HNMU-G9-R0239-STT14,9,4,AI,96
HNMU-G9-R0239-STT14,9,5,HS,68
HNMU-G9-R0239-STT14,9,6,AI,77
HNMU-G9-R0239-STT14,9,7,HS,67
HNMU-G9-R0239-STT14,9,8,AI,123
HNMU-G9-R0239-STT14,9,9,HS,148
HNMU-G9-R0239-STT14,9,10,AI,138
HNMU-G9-R0239-STT14,9,11,HS,71
HNMU-G9-R0241-STT2,9,1,HS,94
HNMU-G9-R0241-STT2,9,2,AI,90
HNMU-G9-R0241-STT2,9,3,HS,39
HNMU-G9-R0241-STT2,9,4,AI,91
HNMU-G9-R0241-STT2,9,5,HS,36
HNMU-G9-R0241-STT2,9,6,AI,94
HNMU-G9-R0241-STT2,9,7,HS,47
HNMU-G9-R0241-STT2,9,8,AI,52
HNMU-G9-R0242-STT3,9,1,HS,81
HNMU-G9-R0242-STT3,9,2,AI,121
HNMU-G9-R0242-STT3,9,3,HS,27
HNMU-G9-R0242-STT3,9,4,AI,52
HNMU-G9-R0242-STT3,9,5,HS,69
HNMU-G9-R0242-STT3,9,6,AI,127
HNMU-G9-R0242-STT3,9,7,HS,39
HNMU-G9-R0242-STT3,9,8,AI,73
HNMU-G9-R0244-STT5,9,1,HS,96
HNMU-G9-R0244-STT5,9,2,AI,50
HNMU-G9-R0244-STT5,9,3,HS,65
HNMU-G9-R0244-STT5,9,4,AI,146
HNMU-G9-R0244-STT5,9,5,HS,58
HNMU-G9-R0244-STT5,9,6,AI,111
HNMU-G9-R0244-STT5,9,7,HS,75
HNMU-G9-R0244-STT5,9,8,AI,59
HNMU-G9-R0246-STT7,9,1,HS,82
HNMU-G9-R0246-STT7,9,2,AI,169
HNMU-G9-R0246-STT7,9,3,HS,52
HNMU-G9-R0246-STT7,9,4,AI,77
HNMU-G9-R0246-STT7,9,5,HS,60
HNMU-G9-R0246-STT7,9,6,AI,100
HNMU-G9-R0246-STT7,9,7,HS,59
HNMU-G9-R0246-STT7,9,8,AI,54
HNMU-G9-R0247-STT8,9,1,HS,124
HNMU-G9-R0247-STT8,9,2,AI,122
HNMU-G9-R0247-STT8,9,3,HS,28
HNMU-G9-R0247-STT8,9,4,AI,143
HNMU-G9-R0247-STT8,9,5,HS,53
HNMU-G9-R0247-STT8,9,6,AI,80
HNMU-G9-R0247-STT8,9,7,HS,73
HNMU-G9-R0247-STT8,9,8,AI,63
HNMU-G9-R0248-STT9,9,1,HS,78
HNMU-G9-R0248-STT9,9,2,AI,108
HNMU-G9-R0248-STT9,9,3,HS,20
HNMU-G9-R0248-STT9,9,4,AI,46
HNMU-G9-R0248-STT9,9,5,HS,50
HNMU-G9-R0248-STT9,9,6,AI,102
HNMU-G9-R0248-STT9,9,7,HS,72
HNMU-G9-R0248-STT9,9,8,AI,91
HNMU-G9-R0248-STT9,9,9,HS,90
HNMU-G9-R0248-STT9,9,10,AI,64
HNMU-G9-R0250-STT11,9,1,HS,92
HNMU-G9-R0250-STT11,9,2,AI,103
HNMU-G9-R0250-STT11,9,3,HS,20
HNMU-G9-R0250-STT11,9,4,AI,48
HNMU-G9-R0250-STT11,9,5,HS,47
HNMU-G9-R0250-STT11,9,6,AI,124
HNMU-G9-R0250-STT11,9,7,HS,69
HNMU-G9-R0250-STT11,9,8,AI,48
HNMU-G9-R0251-STT12,9,1,HS,110
HNMU-G9-R0251-STT12,9,2,AI,117
HNMU-G9-R0251-STT12,9,3,HS,19
HNMU-G9-R0251-STT12,9,4,AI,132
HNMU-G9-R0251-STT12,9,5,HS,93
HNMU-G9-R0251-STT12,9,6,AI,120
HNMU-G9-R0251-STT12,9,7,HS,101
HNMU-G9-R0251-STT12,9,8,AI,54
HNMU-G9-R0252-STT13,9,1,HS,136
HNMU-G9-R0252-STT13,9,2,AI,107
HNMU-G9-R0252-STT13,9,3,HS,13
HNMU-G9-R0252-STT13,9,4,AI,37
HNMU-G9-R0252-STT13,9,5,HS,29
HNMU-G9-R0252-STT13,9,6,AI,108
HNMU-G9-R0252-STT13,9,7,HS,48
HNMU-G9-R0252-STT13,9,8,AI,102
HNMU-G9-R0252-STT13,9,9,HS,92
HNMU-G9-R0252-STT13,9,10,AI,126
HNMU-G9-R0253-STT14,9,1,HS,106
HNMU-G9-R0253-STT14,9,2,AI,144
HNMU-G9-R0253-STT14,9,3,HS,17
HNMU-G9-R0253-STT14,9,4,AI,119
HNMU-G9-R0253-STT14,9,5,HS,96
HNMU-G9-R0253-STT14,9,6,AI,66
HNMU-G9-R0253-STT14,9,7,HS,75
HNMU-G9-R0253-STT14,9,8,AI,127
HNMU-G9-R0253-STT14,9,9,HS,116
HNMU-G9-R0253-STT14,9,10,AI,85
HNMU-G9-R0254-STT1,9,1,HS,62
HNMU-G9-R0254-STT1,9,2,AI,181
HNMU-G9-R0254-STT1,9,3,HS,24
HNMU-G9-R0254-STT1,9,4,AI,123
HNMU-G9-R0254-STT1,9,5,HS,24
HNMU-G9-R0254-STT1,9,6,AI,110
HNMU-G9-R0254-STT1,9,7,HS,29
HNMU-G9-R0254-STT1,9,8,AI,188
HNMU-G9-R0254-STT1,9,9,HS,36
HNMU-G9-R0254-STT1,9,10,AI,74
HNMU-G9-R0255-STT2,9,1,HS,64
HNMU-G9-R0255-STT2,9,2,AI,136
HNMU-G9-R0255-STT2,9,3,HS,48
HNMU-G9-R0255-STT2,9,4,AI,213
HNMU-G9-R0255-STT2,9,5,HS,41
HNMU-G9-R0255-STT2,9,6,AI,106
HNMU-G9-R0255-STT2,9,7,HS,39
HNMU-G9-R0255-STT2,9,8,AI,111
HNMU-G9-R0256-STT3,9,1,HS,88
HNMU-G9-R0256-STT3,9,2,AI,157
HNMU-G9-R0256-STT3,9,3,HS,41
HNMU-G9-R0256-STT3,9,4,AI,91
HNMU-G9-R0256-STT3,9,5,HS,30
HNMU-G9-R0256-STT3,9,6,AI,137
HNMU-G9-R0256-STT3,9,7,HS,39
HNMU-G9-R0256-STT3,9,8,AI,167
HNMU-G9-R0256-STT3,9,9,HS,30
HNMU-G9-R0257-STT4,9,1,HS,83
HNMU-G9-R0257-STT4,9,2,AI,165
HNMU-G9-R0257-STT4,9,3,HS,34
HNMU-G9-R0257-STT4,9,4,AI,161
HNMU-G9-R0257-STT4,9,5,HS,46
HNMU-G9-R0257-STT4,9,6,AI,112
HNMU-G9-R0257-STT4,9,7,HS,55
HNMU-G9-R0257-STT4,9,8,AI,86
HNMU-G9-R0258-STT5,9,1,HS,72
HNMU-G9-R0258-STT5,9,2,AI,151
HNMU-G9-R0258-STT5,9,3,HS,38
HNMU-G9-R0258-STT5,9,4,AI,100
HNMU-G9-R0258-STT5,9,5,HS,71
HNMU-G9-R0258-STT5,9,6,AI,124
HNMU-G9-R0258-STT5,9,7,HS,39
HNMU-G9-R0258-STT5,9,8,AI,160
HNMU-G9-R0258-STT5,9,9,HS,52
HNMU-G9-R0258-STT5,9,10,AI,94
HNMU-G9-R0259-STT6,9,1,HS,105
HNMU-G9-R0259-STT6,9,2,AI,244
HNMU-G9-R0259-STT6,9,3,HS,46
HNMU-G9-R0259-STT6,9,4,AI,111
HNMU-G9-R0259-STT6,9,5,HS,26
HNMU-G9-R0259-STT6,9,6,AI,161
HNMU-G9-R0259-STT6,9,7,HS,32
HNMU-G9-R0259-STT6,9,8,AI,130
HNMU-G9-R0259-STT6,9,9,HS,45
HNMU-G9-R0259-STT6,9,10,AI,144
HNMU-G9-R0260-STT7,9,1,HS,100
HNMU-G9-R0260-STT7,9,2,AI,256
HNMU-G9-R0260-STT7,9,3,HS,40
HNMU-G9-R0260-STT7,9,4,AI,211
HNMU-G9-R0260-STT7,9,5,HS,35
HNMU-G9-R0260-STT7,9,6,AI,133
HNMU-G9-R0260-STT7,9,7,HS,115
HNMU-G9-R0260-STT7,9,8,AI,107
HNMU-G9-R0261-STT8,9,1,HS,80
HNMU-G9-R0261-STT8,9,2,AI,204
HNMU-G9-R0261-STT8,9,3,HS,23
HNMU-G9-R0261-STT8,9,4,AI,128
HNMU-G9-R0261-STT8,9,5,HS,59
HNMU-G9-R0261-STT8,9,6,AI,105
HNMU-G9-R0261-STT8,9,7,HS,54
HNMU-G9-R0261-STT8,9,8,AI,180
HNMU-G9-R0261-STT8,9,9,HS,62
HNMU-G9-R0261-STT8,9,10,AI,57
HNMU-G9-R0262-STT9,9,1,HS,82
HNMU-G9-R0262-STT9,9,2,AI,212
HNMU-G9-R0262-STT9,9,3,HS,7
HNMU-G9-R0262-STT9,9,4,AI,115
HNMU-G9-R0262-STT9,9,5,HS,44
HNMU-G9-R0262-STT9,9,6,AI,215
HNMU-G9-R0262-STT9,9,7,HS,24
HNMU-G9-R0262-STT9,9,8,AI,117
HNMU-G9-R0262-STT9,9,9,HS,79
HNMU-G9-R0262-STT9,9,10,AI,87
HNMU-G9-R0263-STT10,9,1,HS,87
HNMU-G9-R0263-STT10,9,2,AI,207
HNMU-G9-R0263-STT10,9,3,HS,7
HNMU-G9-R0263-STT10,9,4,AI,185
HNMU-G9-R0263-STT10,9,5,HS,74
HNMU-G9-R0263-STT10,9,6,AI,141
HNMU-G9-R0263-STT10,9,7,HS,51
HNMU-G9-R0263-STT10,9,8,AI,123
HNMU-G9-R0263-STT10,9,9,HS,47
HNMU-G9-R0263-STT10,9,10,AI,152
HNMU-G9-R0264-STT11,9,1,HS,124
HNMU-G9-R0264-STT11,9,2,AI,137
HNMU-G9-R0264-STT11,9,3,HS,108
HNMU-G9-R0264-STT11,9,4,AI,189
HNMU-G9-R0264-STT11,9,5,HS,58
HNMU-G9-R0264-STT11,9,6,AI,158
HNMU-G9-R0264-STT11,9,7,HS,81
HNMU-G9-R0264-STT11,9,8,AI,130
HNMU-G9-R0265-STT12,9,1,HS,131
HNMU-G9-R0265-STT12,9,2,AI,187
HNMU-G9-R0265-STT12,9,3,HS,55
HNMU-G9-R0265-STT12,9,4,AI,101
HNMU-G9-R0265-STT12,9,5,HS,60
HNMU-G9-R0265-STT12,9,6,AI,139
HNMU-G9-R0265-STT12,9,7,HS,73
HNMU-G9-R0265-STT12,9,8,AI,202
HNMU-G9-R0265-STT12,9,9,HS,81
HNMU-G9-R0265-STT12,9,10,AI,123
HNMU-G9-R0266-STT13,9,1,HS,123
HNMU-G9-R0266-STT13,9,2,AI,248
HNMU-G9-R0266-STT13,9,3,HS,40
HNMU-G9-R0266-STT13,9,4,AI,194
HNMU-G9-R0266-STT13,9,5,HS,36
HNMU-G9-R0266-STT13,9,6,AI,178
HNMU-G9-R0266-STT13,9,7,HS,28
HNMU-G9-R0266-STT13,9,8,AI,142
HNMU-G9-R0266-STT13,9,9,HS,161
HNMU-G9-R0266-STT13,9,10,AI,96
HNMU-G9-R0267-STT14,9,1,HS,155
HNMU-G9-R0267-STT14,9,2,AI,257
HNMU-G9-R0267-STT14,9,3,HS,78
HNMU-G9-R0267-STT14,9,4,AI,186
HNMU-G9-R0267-STT14,9,5,HS,84
HNMU-G9-R0267-STT14,9,6,AI,130
HNMU-G9-R0267-STT14,9,7,HS,56
HNMU-G9-R0267-STT14,9,8,AI,191
HNMU-G9-R0267-STT14,9,9,HS,54
HNMU-G9-R0267-STT14,9,10,AI,145
HNMU-G9-R0267-STT14,9,11,HS,40
HNMU-G9-R0268-STT1,9,1,HS,85
HNMU-G9-R0268-STT1,9,2,AI,211
HNMU-G9-R0268-STT1,9,3,HS,55
HNMU-G9-R0268-STT1,9,4,AI,121
HNMU-G9-R0268-STT1,9,5,HS,46
HNMU-G9-R0268-STT1,9,6,AI,180
HNMU-G9-R0268-STT1,9,7,HS,53
HNMU-G9-R0268-STT1,9,8,AI,143
HNMU-G9-R0268-STT1,9,9,HS,36
HNMU-G9-R0269-STT2,9,1,HS,86
HNMU-G9-R0269-STT2,9,2,AI,205
HNMU-G9-R0269-STT2,9,3,HS,77
HNMU-G9-R0269-STT2,9,4,AI,102
HNMU-G9-R0269-STT2,9,5,HS,13
HNMU-G9-R0269-STT2,9,6,AI,153
HNMU-G9-R0269-STT2,9,7,HS,21
HNMU-G9-R0269-STT2,9,8,AI,147
HNMU-G9-R0269-STT2,9,9,HS,73
HNMU-G9-R0269-STT2,9,10,AI,99
HNMU-G9-R0270-STT3,9,1,HS,96
HNMU-G9-R0270-STT3,9,2,AI,204
HNMU-G9-R0270-STT3,9,3,HS,50
HNMU-G9-R0270-STT3,9,4,AI,148
HNMU-G9-R0270-STT3,9,5,HS,25
HNMU-G9-R0270-STT3,9,6,AI,176
HNMU-G9-R0270-STT3,9,7,HS,34
HNMU-G9-R0270-STT3,9,8,AI,153
HNMU-G9-R0270-STT3,9,9,HS,37
HNMU-G9-R0270-STT3,9,10,AI,155
HNMU-G9-R0271-STT4,9,1,HS,110
HNMU-G9-R0271-STT4,9,2,AI,166
HNMU-G9-R0271-STT4,9,3,HS,59
HNMU-G9-R0271-STT4,9,4,AI,162
HNMU-G9-R0271-STT4,9,5,HS,56
HNMU-G9-R0271-STT4,9,6,AI,175
HNMU-G9-R0271-STT4,9,7,HS,25
HNMU-G9-R0271-STT4,9,8,AI,123
HNMU-G9-R0271-STT4,9,9,HS,99
HNMU-G9-R0271-STT4,9,10,AI,57
HNMU-G9-R0272-STT5,9,1,HS,116
HNMU-G9-R0272-STT5,9,2,AI,224
HNMU-G9-R0272-STT5,9,3,HS,25
HNMU-G9-R0272-STT5,9,4,AI,117
HNMU-G9-R0272-STT5,9,5,HS,30
HNMU-G9-R0272-STT5,9,6,AI,130
HNMU-G9-R0272-STT5,9,7,HS,32
HNMU-G9-R0272-STT5,9,8,AI,185
HNMU-G9-R0272-STT5,9,9,HS,34
HNMU-G9-R0272-STT5,9,10,AI,125
HNMU-G9-R0272-STT5,9,11,HS,36
HNMU-G9-R0273-STT6,9,1,HS,128
HNMU-G9-R0273-STT6,9,2,AI,260
HNMU-G9-R0273-STT6,9,3,HS,26
HNMU-G9-R0273-STT6,9,4,AI,152
HNMU-G9-R0273-STT6,9,5,HS,12
HNMU-G9-R0273-STT6,9,6,AI,132
HNMU-G9-R0273-STT6,9,7,HS,57
HNMU-G9-R0273-STT6,9,8,AI,213
HNMU-G9-R0273-STT6,9,9,HS,47
HNMU-G9-R0274-STT7,9,1,HS,102
HNMU-G9-R0274-STT7,9,2,AI,189
HNMU-G9-R0274-STT7,9,3,HS,38
HNMU-G9-R0274-STT7,9,4,AI,183
HNMU-G9-R0274-STT7,9,5,HS,60
HNMU-G9-R0274-STT7,9,6,AI,235
HNMU-G9-R0274-STT7,9,7,HS,77
HNMU-G9-R0274-STT7,9,8,AI,127
HNMU-G9-R0275-STT8,9,1,HS,122
HNMU-G9-R0275-STT8,9,2,AI,215
HNMU-G9-R0275-STT8,9,3,HS,8
HNMU-G9-R0275-STT8,9,4,AI,220
HNMU-G9-R0275-STT8,9,5,HS,54
HNMU-G9-R0275-STT8,9,6,AI,177
HNMU-G9-R0275-STT8,9,7,HS,68
HNMU-G9-R0275-STT8,9,8,AI,179
HNMU-G9-R0275-STT8,9,9,HS,81
HNMU-G9-R0276-STT9,9,1,HS,116
HNMU-G9-R0276-STT9,9,2,AI,177
HNMU-G9-R0276-STT9,9,3,HS,34
HNMU-G9-R0276-STT9,9,4,AI,197
HNMU-G9-R0276-STT9,9,5,HS,43
HNMU-G9-R0276-STT9,9,6,AI,121
HNMU-G9-R0276-STT9,9,7,HS,33
HNMU-G9-R0276-STT9,9,8,AI,212
HNMU-G9-R0276-STT9,9,9,HS,125
HNMU-G9-R0276-STT9,9,10,AI,35
HNMU-G9-R0278-STT11,9,1,HS,160
HNMU-G9-R0278-STT11,9,2,AI,179
HNMU-G9-R0278-STT11,9,3,HS,87
HNMU-G9-R0278-STT11,9,4,AI,163
HNMU-G9-R0278-STT11,9,5,HS,43
HNMU-G9-R0278-STT11,9,6,AI,59
HNMU-G9-R0278-STT11,9,7,HS,45
HNMU-G9-R0278-STT11,9,8,AI,191
HNMU-G9-R0278-STT11,9,9,HS,98
HNMU-G9-R0278-STT11,9,10,AI,74
HNMU-G9-R0279-STT12,9,1,HS,171
HNMU-G9-R0279-STT12,9,2,AI,175
HNMU-G9-R0279-STT12,9,3,HS,13
HNMU-G9-R0279-STT12,9,4,AI,110
HNMU-G9-R0279-STT12,9,5,HS,12
HNMU-G9-R0279-STT12,9,6,AI,126
HNMU-G9-R0279-STT12,9,7,HS,59
HNMU-G9-R0279-STT12,9,8,AI,104
HNMU-G9-R0279-STT12,9,9,HS,102
HNMU-G9-R0279-STT12,9,10,AI,182
HNMU-G9-R0279-STT12,9,11,HS,75
HNMU-G9-R0280-STT13,9,1,HS,155
HNMU-G9-R0280-STT13,9,2,AI,167
HNMU-G9-R0280-STT13,9,3,HS,56
HNMU-G9-R0280-STT13,9,4,AI,104
HNMU-G9-R0280-STT13,9,5,HS,78
HNMU-G9-R0280-STT13,9,6,AI,127
HNMU-G9-R0280-STT13,9,7,HS,99
HNMU-G9-R0280-STT13,9,8,AI,150
HNMU-G9-R0280-STT13,9,9,HS,124
HNMU-G9-R0280-STT13,9,10,AI,110
HNMU-G9-R0281-STT14,9,1,HS,134
HNMU-G9-R0281-STT14,9,2,AI,207
HNMU-G9-R0281-STT14,9,3,HS,36
HNMU-G9-R0281-STT14,9,4,AI,172
HNMU-G9-R0281-STT14,9,5,HS,60
HNMU-G9-R0281-STT14,9,6,AI,144
HNMU-G9-R0281-STT14,9,7,HS,34
HNMU-G9-R0281-STT14,9,8,AI,240
HNMU-G9-R0281-STT14,9,9,HS,96
HNMU-G9-R0282-STT1,9,1,HS,72
HNMU-G9-R0282-STT1,9,2,AI,221
HNMU-G9-R0282-STT1,9,3,HS,31
HNMU-G9-R0282-STT1,9,4,AI,186
HNMU-G9-R0282-STT1,9,5,HS,34
HNMU-G9-R0282-STT1,9,6,AI,118
HNMU-G9-R0282-STT1,9,7,HS,13
HNMU-G9-R0282-STT1,9,8,AI,150
HNMU-G9-R0282-STT1,9,9,HS,33
HNMU-G9-R0282-STT1,9,10,AI,74
HNMU-G9-R0283-STT2,9,1,HS,114
HNMU-G9-R0283-STT2,9,2,AI,184
HNMU-G9-R0283-STT2,9,3,HS,29
HNMU-G9-R0283-STT2,9,4,AI,96
HNMU-G9-R0283-STT2,9,5,HS,44
HNMU-G9-R0283-STT2,9,6,AI,145
HNMU-G9-R0283-STT2,9,7,HS,54
HNMU-G9-R0283-STT2,9,8,AI,99
HNMU-G9-R0283-STT2,9,9,HS,64
HNMU-G9-R0283-STT2,9,10,AI,62
HNMU-G9-R0284-STT3,9,1,HS,110
HNMU-G9-R0284-STT3,9,2,AI,236
HNMU-G9-R0284-STT3,9,3,HS,35
HNMU-G9-R0284-STT3,9,4,AI,185
HNMU-G9-R0284-STT3,9,5,HS,92
HNMU-G9-R0284-STT3,9,6,AI,152
HNMU-G9-R0284-STT3,9,7,HS,36
HNMU-G9-R0284-STT3,9,8,AI,90
HNMU-G9-R0284-STT3,9,9,HS,72
HNMU-G9-R0284-STT3,9,10,AI,66
HNMU-G9-R0285-STT4,9,1,HS,106
HNMU-G9-R0285-STT4,9,2,AI,222
HNMU-G9-R0285-STT4,9,3,HS,26
HNMU-G9-R0285-STT4,9,4,AI,167
HNMU-G9-R0285-STT4,9,5,HS,34
HNMU-G9-R0285-STT4,9,6,AI,122
HNMU-G9-R0285-STT4,9,7,HS,53
HNMU-G9-R0285-STT4,9,8,AI,125
HNMU-G9-R0285-STT4,9,9,HS,57
HNMU-G9-R0285-STT4,9,10,AI,153
HNMU-G9-R0285-STT4,9,11,HS,82
HNMU-G9-R0286-STT5,9,1,HS,114
HNMU-G9-R0286-STT5,9,2,AI,191
HNMU-G9-R0286-STT5,9,3,HS,27
HNMU-G9-R0286-STT5,9,4,AI,132
HNMU-G9-R0286-STT5,9,5,HS,45
HNMU-G9-R0286-STT5,9,6,AI,286
HNMU-G9-R0286-STT5,9,7,HS,59
HNMU-G9-R0286-STT5,9,8,AI,217
HNMU-G9-R0286-STT5,9,9,HS,91
HNMU-G9-R0286-STT5,9,10,AI,36
HNMU-G9-R0287-STT6,9,1,HS,125
HNMU-G9-R0287-STT6,9,2,AI,180
HNMU-G9-R0287-STT6,9,3,HS,7
HNMU-G9-R0287-STT6,9,4,AI,116
HNMU-G9-R0287-STT6,9,5,HS,52
HNMU-G9-R0287-STT6,9,6,AI,209
HNMU-G9-R0287-STT6,9,7,HS,31
HNMU-G9-R0287-STT6,9,8,AI,189
HNMU-G9-R0287-STT6,9,9,HS,115
HNMU-G9-R0287-STT6,9,10,AI,72
HNMU-G9-R0288-STT7,9,1,HS,132
HNMU-G9-R0288-STT7,9,2,AI,172
HNMU-G9-R0288-STT7,9,3,HS,74
HNMU-G9-R0288-STT7,9,4,AI,150
HNMU-G9-R0288-STT7,9,5,HS,56
HNMU-G9-R0288-STT7,9,6,AI,174
HNMU-G9-R0288-STT7,9,7,HS,100
HNMU-G9-R0288-STT7,9,8,AI,192
HNMU-G9-R0288-STT7,9,9,HS,80
HNMU-G9-R0289-STT8,9,1,HS,136
HNMU-G9-R0289-STT8,9,2,AI,252
HNMU-G9-R0289-STT8,9,3,HS,84
HNMU-G9-R0289-STT8,9,4,AI,180
HNMU-G9-R0289-STT8,9,5,HS,55
HNMU-G9-R0289-STT8,9,6,AI,100
HNMU-G9-R0289-STT8,9,7,HS,98
HNMU-G9-R0289-STT8,9,8,AI,161
HNMU-G9-R0290-STT9,9,1,HS,111
HNMU-G9-R0290-STT9,9,2,AI,211
HNMU-G9-R0290-STT9,9,3,HS,40
HNMU-G9-R0290-STT9,9,4,AI,115
HNMU-G9-R0290-STT9,9,5,HS,34
HNMU-G9-R0290-STT9,9,6,AI,111
HNMU-G9-R0290-STT9,9,7,HS,36
HNMU-G9-R0290-STT9,9,8,AI,145
HNMU-G9-R0290-STT9,9,9,HS,67
HNMU-G9-R0290-STT9,9,10,AI,155
HNMU-G9-R0291-STT10,9,1,HS,104
HNMU-G9-R0291-STT10,9,2,AI,143
HNMU-G9-R0291-STT10,9,3,HS,8
HNMU-G9-R0291-STT10,9,4,AI,152
HNMU-G9-R0291-STT10,9,5,HS,52
HNMU-G9-R0291-STT10,9,6,AI,132
HNMU-G9-R0291-STT10,9,7,HS,90
HNMU-G9-R0291-STT10,9,8,AI,178
HNMU-G9-R0291-STT10,9,9,HS,64
HNMU-G9-R0291-STT10,9,10,AI,188
HNMU-G9-R0291-STT10,9,11,HS,80
HNMU-G9-R0292-STT11,9,1,HS,146
HNMU-G9-R0292-STT11,9,2,AI,171
HNMU-G9-R0292-STT11,9,3,HS,73
HNMU-G9-R0292-STT11,9,4,AI,154
HNMU-G9-R0292-STT11,9,5,HS,28
HNMU-G9-R0292-STT11,9,6,AI,174
HNMU-G9-R0292-STT11,9,7,HS,36
HNMU-G9-R0292-STT11,9,8,AI,168
HNMU-G9-R0292-STT11,9,9,HS,113
HNMU-G9-R0292-STT11,9,10,AI,154
HNMU-G9-R0293-STT12,9,1,HS,143
HNMU-G9-R0293-STT12,9,2,AI,208
HNMU-G9-R0293-STT12,9,3,HS,18
HNMU-G9-R0293-STT12,9,4,AI,87
HNMU-G9-R0293-STT12,9,5,HS,73
HNMU-G9-R0293-STT12,9,6,AI,111
HNMU-G9-R0293-STT12,9,7,HS,81
HNMU-G9-R0293-STT12,9,8,AI,119
HNMU-G9-R0293-STT12,9,9,HS,113
HNMU-G9-R0293-STT12,9,10,AI,176
HNMU-G9-R0293-STT12,9,11,HS,71
HNMU-G9-R0294-STT13,9,1,HS,169
HNMU-G9-R0294-STT13,9,2,AI,225
HNMU-G9-R0294-STT13,9,3,HS,73
HNMU-G9-R0294-STT13,9,4,AI,98
HNMU-G9-R0294-STT13,9,5,HS,78
HNMU-G9-R0294-STT13,9,6,AI,178
HNMU-G9-R0294-STT13,9,7,HS,55
HNMU-G9-R0294-STT13,9,8,AI,204
HNMU-G9-R0294-STT13,9,9,HS,66
HNMU-G9-R0294-STT13,9,10,AI,85
HNMU-G9-R0295-STT14,9,1,HS,238
HNMU-G9-R0295-STT14,9,2,AI,202
HNMU-G9-R0295-STT14,9,3,HS,7
HNMU-G9-R0295-STT14,9,4,AI,127
HNMU-G9-R0295-STT14,9,5,HS,62
HNMU-G9-R0295-STT14,9,6,AI,127
HNMU-G9-R0295-STT14,9,7,HS,121
HNMU-G9-R0295-STT14,9,8,AI,176
HNMU-G9-R0295-STT14,9,9,HS,142
HNMU-G9-R0295-STT14,9,10,AI,168
HNMU-G9-R0295-STT14,9,11,HS,76
HNMU-G9-R0296-STT1,9,1,HS,86
HNMU-G9-R0296-STT1,9,2,AI,127
HNMU-G9-R0296-STT1,9,3,HS,32
HNMU-G9-R0296-STT1,9,4,AI,186
HNMU-G9-R0296-STT1,9,5,HS,30
HNMU-G9-R0296-STT1,9,6,AI,245
HNMU-G9-R0296-STT1,9,7,HS,36
HNMU-G9-R0296-STT1,9,8,AI,112
HNMU-G9-R0296-STT1,9,9,HS,88
HNMU-G9-R0297-STT2,9,1,HS,106
HNMU-G9-R0297-STT2,9,2,AI,217
HNMU-G9-R0297-STT2,9,3,HS,36
HNMU-G9-R0297-STT2,9,4,AI,169
HNMU-G9-R0297-STT2,9,5,HS,66
HNMU-G9-R0297-STT2,9,6,AI,165
HNMU-G9-R0297-STT2,9,7,HS,43
HNMU-G9-R0297-STT2,9,8,AI,89
HNMU-G9-R0297-STT2,9,9,HS,67
HNMU-G9-R0298-STT3,9,1,HS,115
HNMU-G9-R0298-STT3,9,2,AI,163
HNMU-G9-R0298-STT3,9,3,HS,31
HNMU-G9-R0298-STT3,9,4,AI,124
HNMU-G9-R0298-STT3,9,5,HS,27
HNMU-G9-R0298-STT3,9,6,AI,147
HNMU-G9-R0298-STT3,9,7,HS,21
HNMU-G9-R0298-STT3,9,8,AI,135
HNMU-G9-R0298-STT3,9,9,HS,64
HNMU-G9-R0299-STT4,9,1,HS,96
HNMU-G9-R0299-STT4,9,2,AI,234
HNMU-G9-R0299-STT4,9,3,HS,54
HNMU-G9-R0299-STT4,9,4,AI,214
HNMU-G9-R0299-STT4,9,5,HS,57
HNMU-G9-R0299-STT4,9,6,AI,201
HNMU-G9-R0299-STT4,9,7,HS,46
HNMU-G9-R0299-STT4,9,8,AI,111
HNMU-G9-R0299-STT4,9,9,HS,47
HNMU-G9-R0300-STT5,9,1,HS,94
HNMU-G9-R0300-STT5,9,2,AI,223
HNMU-G9-R0300-STT5,9,3,HS,68
HNMU-G9-R0300-STT5,9,4,AI,167
HNMU-G9-R0300-STT5,9,5,HS,68
HNMU-G9-R0300-STT5,9,6,AI,100
HNMU-G9-R0300-STT5,9,7,HS,128
HNMU-G9-R0300-STT5,9,8,AI,106
HNMU-G9-R0300-STT5,9,9,HS,56
HNMU-G9-R0301-STT6,9,1,HS,132
HNMU-G9-R0301-STT6,9,2,AI,203
HNMU-G9-R0301-STT6,9,3,HS,23
HNMU-G9-R0301-STT6,9,4,AI,107
HNMU-G9-R0301-STT6,9,5,HS,40
HNMU-G9-R0301-STT6,9,6,AI,135
HNMU-G9-R0301-STT6,9,7,HS,57
HNMU-G9-R0301-STT6,9,8,AI,163
HNMU-G9-R0301-STT6,9,9,HS,99
HNMU-G9-R0301-STT6,9,10,AI,76
HNMU-G9-R0302-STT7,9,1,HS,124
HNMU-G9-R0302-STT7,9,2,AI,151
HNMU-G9-R0302-STT7,9,3,HS,47
HNMU-G9-R0302-STT7,9,4,AI,152
HNMU-G9-R0302-STT7,9,5,HS,63
HNMU-G9-R0302-STT7,9,6,AI,147
HNMU-G9-R0302-STT7,9,7,HS,51
HNMU-G9-R0302-STT7,9,8,AI,164
HNMU-G9-R0302-STT7,9,9,HS,81
HNMU-G9-R0302-STT7,9,10,AI,77
HNMU-G9-R0303-STT8,9,1,HS,120
HNMU-G9-R0303-STT8,9,2,AI,214
HNMU-G9-R0303-STT8,9,3,HS,87
HNMU-G9-R0303-STT8,9,4,AI,222
HNMU-G9-R0303-STT8,9,5,HS,87
HNMU-G9-R0303-STT8,9,6,AI,193
HNMU-G9-R0303-STT8,9,7,HS,67
HNMU-G9-R0303-STT8,9,8,AI,182
HNMU-G9-R0303-STT8,9,9,HS,49
HNMU-G9-R0304-STT9,9,1,HS,135
HNMU-G9-R0304-STT9,9,2,AI,216
HNMU-G9-R0304-STT9,9,3,HS,40
HNMU-G9-R0304-STT9,9,4,AI,179
HNMU-G9-R0304-STT9,9,5,HS,48
HNMU-G9-R0304-STT9,9,6,AI,184
HNMU-G9-R0304-STT9,9,7,HS,103
HNMU-G9-R0304-STT9,9,8,AI,134
HNMU-G9-R0304-STT9,9,9,HS,56
HNMU-G9-R0305-STT10,9,1,HS,116
HNMU-G9-R0305-STT10,9,2,AI,186
HNMU-G9-R0305-STT10,9,3,HS,23
HNMU-G9-R0305-STT10,9,4,AI,152
HNMU-G9-R0305-STT10,9,5,HS,42
HNMU-G9-R0305-STT10,9,6,AI,269
HNMU-G9-R0305-STT10,9,7,HS,74
HNMU-G9-R0305-STT10,9,8,AI,168
HNMU-G9-R0305-STT10,9,9,HS,57
HNMU-G9-R0306-STT11,9,1,HS,142
HNMU-G9-R0306-STT11,9,2,AI,186
HNMU-G9-R0306-STT11,9,3,HS,52
HNMU-G9-R0306-STT11,9,4,AI,153
HNMU-G9-R0306-STT11,9,5,HS,45
HNMU-G9-R0306-STT11,9,6,AI,235
HNMU-G9-R0306-STT11,9,7,HS,49
HNMU-G9-R0306-STT11,9,8,AI,237
HNMU-G9-R0306-STT11,9,9,HS,73
HNMU-G9-R0307-STT12,9,1,HS,183
HNMU-G9-R0307-STT12,9,2,AI,251
HNMU-G9-R0307-STT12,9,3,HS,44
HNMU-G9-R0307-STT12,9,4,AI,232
HNMU-G9-R0307-STT12,9,5,HS,37
HNMU-G9-R0307-STT12,9,6,AI,214
HNMU-G9-R0307-STT12,9,7,HS,136
HNMU-G9-R0307-STT12,9,8,AI,99
HNMU-G9-R0307-STT12,9,9,HS,71
HNMU-G9-R0308-STT13,9,1,HS,149
HNMU-G9-R0308-STT13,9,2,AI,229
HNMU-G9-R0308-STT13,9,3,HS,98
HNMU-G9-R0308-STT13,9,4,AI,208
HNMU-G9-R0308-STT13,9,5,HS,97
HNMU-G9-R0308-STT13,9,6,AI,254
HNMU-G9-R0308-STT13,9,7,HS,106
HNMU-G9-R0308-STT13,9,8,AI,183
HNMU-G9-R0308-STT13,9,9,HS,60
HNMU-G9-R0309-STT14,9,1,HS,177
HNMU-G9-R0309-STT14,9,2,AI,217
HNMU-G9-R0309-STT14,9,3,HS,137
HNMU-G9-R0309-STT14,9,4,AI,228
HNMU-G9-R0309-STT14,9,5,HS,53
HNMU-G9-R0309-STT14,9,6,AI,228
HNMU-G9-R0309-STT14,9,7,HS,91
HNMU-G9-R0309-STT14,9,8,AI,211
HNMU-G9-R0309-STT14,9,9,HS,75
